index,producer_timestamp,consumer_receive_timestamp,source_file,is_late,is_out_of_order,is_duplicate,merge_timestamp,end_to_end_delay_ms
39,1751924720.8773851,1751924732.3040826,batch_consumer-sts-0_20250707_214536_828236.csv,True,False,False,1751925135.3272393,414449.8541355133
49,1751924720.877929,1751924732.3326974,batch_consumer-sts-0_20250707_214536_828236.csv,True,False,False,1751925135.3272393,414449.3103027344
59,1751924720.8784103,1751924732.361015,batch_consumer-sts-0_20250707_214536_828236.csv,True,False,False,1751925135.3272393,414448.82893562317
69,1751924720.8788671,1751924732.389465,batch_consumer-sts-0_20250707_214536_828236.csv,True,False,False,1751925135.3272393,414448.3721256256
79,1751924720.879315,1751924732.416911,batch_consumer-sts-0_20250707_214536_828236.csv,True,False,False,1751925135.3272393,414447.92437553406
89,1751924720.8797617,1751924732.445302,batch_consumer-sts-0_20250707_214536_828236.csv,True,False,False,1751925135.3272393,414447.4775791168
99,1751924720.8802123,1751924733.1350431,batch_consumer-sts-0_20250707_214536_828236.csv,True,False,False,1751925135.3272393,414447.0269680023
109,1751924720.880655,1751924733.1631565,batch_consumer-sts-0_20250707_214536_828236.csv,True,False,False,1751925135.3272393,414446.5842247009
119,1751924720.881091,1751924733.1910355,batch_consumer-sts-0_20250707_214536_828236.csv,True,False,False,1751925135.3272393,414446.14815711975
129,1751924720.8815367,1751924733.2181363,batch_consumer-sts-0_20250707_214536_828236.csv,True,False,False,1751925135.3272393,414445.7025527954
139,1751924720.8819883,1751924733.2458591,batch_consumer-sts-0_20250707_214536_828236.csv,True,False,False,1751925135.3272393,414445.2509880066
149,1751924720.8824651,1751924733.2740326,batch_consumer-sts-0_20250707_214536_828236.csv,True,False,False,1751925135.3272393,414444.7741508484
159,1751924720.8829362,1751924733.3022652,batch_consumer-sts-0_20250707_214536_828236.csv,True,False,False,1751925135.3272393,414444.3030357361
169,1751924720.8833945,1751924733.330495,batch_consumer-sts-0_20250707_214536_828236.csv,True,False,False,1751925135.3272393,414443.84479522705
179,1751924720.8838384,1751924733.3584676,batch_consumer-sts-0_20250707_214536_828236.csv,True,False,False,1751925135.3272393,414443.40085983276
189,1751924720.884313,1751924733.3866775,batch_consumer-sts-0_20250707_214536_828236.csv,True,False,False,1751925135.3272393,414442.9261684418
199,1751924720.8847828,1751924733.41428,batch_consumer-sts-0_20250707_214536_828236.csv,True,False,False,1751925135.3272393,414442.45648384094
209,1751924720.885234,1751924733.4465065,batch_consumer-sts-0_20250707_214536_828236.csv,True,False,False,1751925135.3272393,414442.0051574707
219,1751924720.885698,1751924733.4755754,batch_consumer-sts-0_20250707_214536_828236.csv,True,False,False,1751925135.3272393,414441.5411949158
229,1751924720.8861885,1751924733.5049467,batch_consumer-sts-0_20250707_214536_828236.csv,True,False,False,1751925135.3272393,414441.05076789856
239,1751924720.886656,1751924733.5351632,batch_consumer-sts-0_20250707_214536_828236.csv,True,False,False,1751925135.3272393,414440.58322906494
249,1751924720.8871083,1751924733.5642302,batch_consumer-sts-0_20250707_214536_828236.csv,True,False,False,1751925135.3272393,414440.1309490204
259,1751924720.8875692,1751924733.5925727,batch_consumer-sts-0_20250707_214536_828236.csv,True,False,False,1751925135.3272393,414439.670085907
269,1751924720.8880122,1751924733.620182,batch_consumer-sts-0_20250707_214536_828236.csv,True,False,False,1751925135.3272393,414439.227104187
279,1751924720.8884616,1751924733.6475172,batch_consumer-sts-0_20250707_214536_828236.csv,True,False,False,1751925135.3272393,414438.7776851654
289,1751924720.888888,1751924733.6757064,batch_consumer-sts-0_20250707_214536_828236.csv,True,False,False,1751925135.3272393,414438.351392746
299,1751924720.8892555,1751924733.7037847,batch_consumer-sts-0_20250707_214536_828236.csv,True,False,False,1751925135.3272393,414437.983751297
309,1751924720.8896246,1751924733.7322416,batch_consumer-sts-0_20250707_214536_828236.csv,True,False,False,1751925135.3272393,414437.61467933655
319,1751924720.89003,1751924733.759358,batch_consumer-sts-0_20250707_214536_828236.csv,True,False,False,1751925135.3272393,414437.2093677521
329,1751924720.890531,1751924733.7864375,batch_consumer-sts-0_20250707_214536_828236.csv,True,False,False,1751925135.3272393,414436.7082118988
339,1751924720.8909938,1751924733.8140724,batch_consumer-sts-0_20250707_214536_828236.csv,True,False,False,1751925135.3272393,414436.24544143677
349,1751924720.8914926,1751924733.8425586,batch_consumer-sts-0_20250707_214536_828236.csv,True,False,False,1751925135.3272393,414435.7466697693
359,1751924720.8919363,1751924733.8704352,batch_consumer-sts-0_20250707_214536_828236.csv,True,False,False,1751925135.3272393,414435.3029727936
369,1751924720.892378,1751924733.8987317,batch_consumer-sts-0_20250707_214536_828236.csv,True,False,False,1751925135.3272393,414434.8611831665
379,1751924720.892849,1751924733.9269223,batch_consumer-sts-0_20250707_214536_828236.csv,True,False,False,1751925135.3272393,414434.3903064728
389,1751924720.8933115,1751924733.9557347,batch_consumer-sts-0_20250707_214536_828236.csv,True,False,False,1751925135.3272393,414433.9277744293
399,1751924720.8937633,1751924733.9842038,batch_consumer-sts-0_20250707_214536_828236.csv,True,False,False,1751925135.3272393,414433.4759712219
409,1751924720.8942392,1751924734.011375,batch_consumer-sts-0_20250707_214536_828236.csv,True,False,False,1751925135.3272393,414433.00008773804
419,1751924720.894676,1751924734.041005,batch_consumer-sts-0_20250707_214536_828236.csv,True,False,False,1751925135.3272393,414432.5633049011
429,1751924720.8951302,1751924734.0699558,batch_consumer-sts-0_20250707_214536_828236.csv,True,False,False,1751925135.3272393,414432.10911750793
439,1751924720.895581,1751924734.0983295,batch_consumer-sts-0_20250707_214536_828236.csv,True,False,False,1751925135.3272393,414431.65826797485
449,1751924720.8960357,1751924734.1264338,batch_consumer-sts-0_20250707_214536_828236.csv,True,False,False,1751925135.3272393,414431.2036037445
459,1751924720.8964732,1751924734.1544237,batch_consumer-sts-0_20250707_214536_828236.csv,True,False,False,1751925135.3272393,414430.76610565186
469,1751924720.896946,1751924734.687453,batch_consumer-sts-0_20250707_214536_828236.csv,True,False,False,1751925135.3272393,414430.2933216095
479,1751924720.897395,1751924734.7146196,batch_consumer-sts-0_20250707_214536_828236.csv,True,False,False,1751925135.3272393,414429.84437942505
489,1751924720.8978295,1751924734.7425857,batch_consumer-sts-0_20250707_214536_828236.csv,True,False,False,1751925135.3272393,414429.40974235535
499,1751924720.8982751,1751924734.7711265,batch_consumer-sts-0_20250707_214536_828236.csv,True,False,False,1751925135.3272393,414428.964138031
509,1751924720.8987298,1751924734.7994294,batch_consumer-sts-0_20250707_214536_828236.csv,True,False,False,1751925135.3272393,414428.50947380066
519,1751924720.899167,1751924734.8273754,batch_consumer-sts-0_20250707_214536_828236.csv,True,False,False,1751925135.3272393,414428.0722141266
529,1751924720.8996086,1751924734.85567,batch_consumer-sts-0_20250707_214536_828236.csv,True,False,False,1751925135.3272393,414427.6306629181
539,1751924720.900081,1751924734.8840492,batch_consumer-sts-0_20250707_214536_828236.csv,True,False,False,1751925135.3272393,414427.1583557129
549,1751924720.9005277,1751924734.9116435,batch_consumer-sts-0_20250707_214536_828236.csv,True,False,False,1751925135.3272393,414426.71155929565
559,1751924720.9009852,1751924734.9400873,batch_consumer-sts-0_20250707_214536_828236.csv,True,False,False,1751925135.3272393,414426.25403404236
569,1751924720.901436,1751924734.9672089,batch_consumer-sts-0_20250707_214536_828236.csv,True,False,False,1751925135.3272393,414425.8031845093
579,1751924720.9018989,1751924734.995082,batch_consumer-sts-0_20250707_214536_828236.csv,True,False,False,1751925135.3272393,414425.34041404724
589,1751924720.9024734,1751924735.0225108,batch_consumer-sts-0_20250707_214536_828236.csv,True,False,False,1751925135.3272393,414424.7658252716
599,1751924720.902933,1751924735.052651,batch_consumer-sts-0_20250707_214536_828236.csv,True,False,False,1751925135.3272393,414424.3063926697
609,1751924720.9034183,1751924735.0807998,batch_consumer-sts-0_20250707_214536_828236.csv,True,False,False,1751925135.3272393,414423.8209724426
619,1751924720.903854,1751924735.1088824,batch_consumer-sts-0_20250707_214536_828236.csv,True,False,False,1751925135.3272393,414423.3853816986
629,1751924720.9042287,1751924735.136587,batch_consumer-sts-0_20250707_214536_828236.csv,True,False,False,1751925135.3272393,414423.01058769226
639,1751924720.9045916,1751924735.1650734,batch_consumer-sts-0_20250707_214536_828236.csv,True,False,False,1751925135.3272393,414422.64771461487
649,1751924720.9049592,1751924735.191979,batch_consumer-sts-0_20250707_214536_828236.csv,True,False,False,1751925135.3272393,414422.2800731659
659,1751924720.9053383,1751924735.219176,batch_consumer-sts-0_20250707_214536_828236.csv,True,False,False,1751925135.3272393,414421.9009876251
669,1751924720.9058614,1751924735.246646,batch_consumer-sts-0_20250707_214536_828236.csv,True,False,False,1751925135.3272393,414421.3778972626
679,1751924720.9063427,1751924735.275056,batch_consumer-sts-0_20250707_214536_828236.csv,True,False,False,1751925135.3272393,414420.89653015137
689,1751924720.9067774,1751924735.303275,batch_consumer-sts-0_20250707_214536_828236.csv,True,False,False,1751925135.3272393,414420.46189308167
699,1751924720.9072227,1751924735.331946,batch_consumer-sts-0_20250707_214536_828236.csv,True,False,False,1751925135.3272393,414420.0165271759
709,1751924720.907658,1751924735.360361,batch_consumer-sts-0_20250707_214536_828236.csv,True,False,False,1751925135.3272393,414419.58117485046
719,1751924720.908084,1751924735.3890305,batch_consumer-sts-0_20250707_214536_828236.csv,True,False,False,1751925135.3272393,414419.1553592682
729,1751924720.9085386,1751924735.4163342,batch_consumer-sts-0_20250707_214536_828236.csv,True,False,False,1751925135.3272393,414418.70069503784
739,1751924720.9089978,1751924735.444288,batch_consumer-sts-0_20250707_214536_828236.csv,True,False,False,1751925135.3272393,414418.2415008545
749,1751924720.9094436,1751924735.4726293,batch_consumer-sts-0_20250707_214536_828236.csv,True,False,False,1751925135.3272393,414417.7956581116
759,1751924720.9098957,1751924735.50078,batch_consumer-sts-0_20250707_214536_828236.csv,True,False,False,1751925135.3272393,414417.3436164856
769,1751924720.910343,1751924735.528898,batch_consumer-sts-0_20250707_214536_828236.csv,True,False,False,1751925135.3272393,414416.8963432312
779,1751924720.9107969,1751924735.5567477,batch_consumer-sts-0_20250707_214536_828236.csv,True,False,False,1751925135.3272393,414416.4423942566
789,1751924720.9112484,1751924735.584856,batch_consumer-sts-0_20250707_214536_828236.csv,True,False,False,1751925135.3272393,414415.9908294678
799,1751924720.9116902,1751924735.61229,batch_consumer-sts-0_20250707_214536_828236.csv,True,False,False,1751925135.3272393,414415.5490398407
809,1751924720.912137,1751924735.640609,batch_consumer-sts-0_20250707_214536_828236.csv,True,False,False,1751925135.3272393,414415.10224342346
819,1751924720.9125743,1751924735.669192,batch_consumer-sts-0_20250707_214536_828236.csv,True,False,False,1751925135.3272393,414414.6649837494
829,1751924720.9130187,1751924735.697342,batch_consumer-sts-0_20250707_214536_828236.csv,True,False,False,1751925135.3272393,414414.22057151794
839,1751924720.913468,1751924735.728105,batch_consumer-sts-0_20250707_214536_828236.csv,True,False,False,1751925135.3272393,414413.7713909149
849,1751924720.9139264,1751924735.7552156,batch_consumer-sts-0_20250707_214536_828236.csv,True,False,False,1751925135.3272393,414413.3129119873
859,1751924720.9144094,1751924735.7869227,batch_consumer-sts-0_20250707_214536_828236.csv,True,False,False,1751925135.3272393,414412.82987594604
869,1751924720.9148688,1751924735.8147712,batch_consumer-sts-0_20250707_214536_828236.csv,True,False,False,1751925135.3272393,414412.3704433441
879,1751924720.9153166,1751924735.8430758,batch_consumer-sts-0_20250707_214536_828236.csv,True,False,False,1751925135.3272393,414411.92269325256
889,1751924720.915777,1751924735.8722427,batch_consumer-sts-0_20250707_214536_828236.csv,True,False,False,1751925135.3272393,414411.4623069763
899,1751924720.9162295,1751924735.900382,batch_consumer-sts-0_20250707_214536_828236.csv,True,False,False,1751925135.3272393,414411.0097885132
909,1751924720.916672,1751924735.9306056,batch_consumer-sts-0_20250707_214536_828236.csv,True,False,False,1751925135.3272393,414410.5672836304
919,1751924720.9171124,1751924735.9637964,batch_consumer-sts-0_20250707_214536_828236.csv,True,False,False,1751925135.3272393,414410.12692451477
929,1751924720.9175706,1751924735.9922044,batch_consumer-sts-0_20250707_214536_828236.csv,True,False,False,1751925135.3272393,414409.66868400574
939,1751924720.9179342,1751924736.0195596,batch_consumer-sts-0_20250707_214536_828236.csv,True,False,False,1751925135.3272393,414409.3050956726
949,1751924720.918379,1751924736.0477118,batch_consumer-sts-0_20250707_214536_828236.csv,True,False,False,1751925135.3272393,414408.860206604
959,1751924720.9188356,1751924736.0755548,batch_consumer-sts-0_20250707_214536_828236.csv,True,False,False,1751925135.3272393,414408.403635025
969,1751924720.9192896,1751924736.1034074,batch_consumer-sts-0_20250707_214536_828236.csv,True,False,False,1751925135.3272393,414407.9496860504
979,1751924720.9197228,1751924736.1316028,batch_consumer-sts-0_20250707_214536_828236.csv,True,False,False,1751925135.3272393,414407.5164794922
989,1751924720.9201748,1751924736.1597178,batch_consumer-sts-0_20250707_214536_828236.csv,True,False,False,1751925135.3272393,414407.0644378662
999,1751924720.9206202,1751924736.1883883,batch_consumer-sts-0_20250707_214536_828236.csv,True,False,False,1751925135.3272393,414406.61907196045
1009,1751924720.9210918,1751924736.7397766,batch_consumer-sts-0_20250707_214536_828236.csv,True,False,False,1751925135.3272393,414406.147480011
1019,1751924720.921538,1751924736.7717438,batch_consumer-sts-0_20250707_214536_828236.csv,True,False,False,1751925135.3272393,414405.7011604309
1029,1751924720.9219787,1751924736.8000124,batch_consumer-sts-0_20250707_214536_828236.csv,True,False,False,1751925135.3272393,414405.2605628967
1039,1751924720.922429,1751924738.022957,batch_consumer-sts-0_20250707_214541_131386.csv,True,False,False,1751925135.3272393,414404.8101902008
1049,1751924720.9228604,1751924738.0512154,batch_consumer-sts-0_20250707_214541_131386.csv,True,False,False,1751925135.3272393,414404.3788909912
1059,1751924720.9233017,1751924738.0793734,batch_consumer-sts-0_20250707_214541_131386.csv,True,False,False,1751925135.3272393,414403.9375782013
1069,1751924720.9237309,1751924738.10717,batch_consumer-sts-0_20250707_214541_131386.csv,True,False,False,1751925135.3272393,414403.5084247589
1079,1751924720.9241543,1751924738.17113,batch_consumer-sts-0_20250707_214541_131386.csv,True,False,False,1751925135.3272393,414403.0849933624
1089,1751924720.924569,1751924738.1999545,batch_consumer-sts-0_20250707_214541_131386.csv,True,False,False,1751925135.3272393,414402.67038345337
1099,1751924720.9250154,1751924738.2278693,batch_consumer-sts-0_20250707_214541_131386.csv,True,False,False,1751925135.3272393,414402.2238254547
1109,1751924720.925472,1751924738.256017,batch_consumer-sts-0_20250707_214541_131386.csv,True,False,False,1751925135.3272393,414401.76725387573
1119,1751924720.9258995,1751924738.2840428,batch_consumer-sts-0_20250707_214541_131386.csv,True,False,False,1751925135.3272393,414401.3397693634
1129,1751924720.9263425,1751924738.3117275,batch_consumer-sts-0_20250707_214541_131386.csv,True,False,False,1751925135.3272393,414400.89678764343
1139,1751924720.926774,1751924738.339558,batch_consumer-sts-0_20250707_214541_131386.csv,True,False,False,1751925135.3272393,414400.46525001526
1149,1751924720.9271965,1751924738.367667,batch_consumer-sts-0_20250707_214541_131386.csv,True,False,False,1751925135.3272393,414400.0427722931
1159,1751924720.9276335,1751924738.3980129,batch_consumer-sts-0_20250707_214541_131386.csv,True,False,False,1751925135.3272393,414399.6057510376
1169,1751924720.9280908,1751924738.4258184,batch_consumer-sts-0_20250707_214541_131386.csv,True,False,False,1751925135.3272393,414399.1484642029
1179,1751924720.9285426,1751924738.4539046,batch_consumer-sts-0_20250707_214541_131386.csv,True,False,False,1751925135.3272393,414398.6966609955
1189,1751924720.9289775,1751924738.4818623,batch_consumer-sts-0_20250707_214541_131386.csv,True,False,False,1751925135.3272393,414398.2617855072
1199,1751924720.9294186,1751924738.5092714,batch_consumer-sts-0_20250707_214541_131386.csv,True,False,False,1751925135.3272393,414397.82071113586
1209,1751924720.929853,1751924738.537192,batch_consumer-sts-0_20250707_214541_131386.csv,True,False,False,1751925135.3272393,414397.38631248474
1219,1751924720.930304,1751924738.566308,batch_consumer-sts-0_20250707_214541_131386.csv,True,False,False,1751925135.3272393,414396.9352245331
1229,1751924720.9307518,1751924738.594784,batch_consumer-sts-0_20250707_214541_131386.csv,True,False,False,1751925135.3272393,414396.4874744415
1239,1751924720.9311836,1751924738.6218448,batch_consumer-sts-0_20250707_214541_131386.csv,True,False,False,1751925135.3272393,414396.0556983948
1249,1751924720.9318492,1751924738.6497295,batch_consumer-sts-0_20250707_214541_131386.csv,True,False,False,1751925135.3272393,414395.3900337219
1259,1751924720.932303,1751924738.677661,batch_consumer-sts-0_20250707_214541_131386.csv,True,False,False,1751925135.3272393,414394.9363231659
1269,1751924720.932755,1751924738.7048595,batch_consumer-sts-0_20250707_214541_131386.csv,True,False,False,1751925135.3272393,414394.4842815399
1279,1751924720.9332068,1751924738.7338178,batch_consumer-sts-0_20250707_214541_131386.csv,True,False,False,1751925135.3272393,414394.0324783325
1289,1751924720.9336452,1751924738.7620213,batch_consumer-sts-0_20250707_214541_131386.csv,True,False,False,1751925135.3272393,414393.59402656555
1299,1751924720.934086,1751924738.790963,batch_consumer-sts-0_20250707_214541_131386.csv,True,False,False,1751925135.3272393,414393.1531906128
1309,1751924720.9345436,1751924738.8185587,batch_consumer-sts-0_20250707_214541_131386.csv,True,False,False,1751925135.3272393,414392.6956653595
1319,1751924720.9350028,1751924738.8475225,batch_consumer-sts-0_20250707_214541_131386.csv,True,False,False,1751925135.3272393,414392.23647117615
1329,1751924720.9355054,1751924738.875877,batch_consumer-sts-0_20250707_214541_131386.csv,True,False,False,1751925135.3272393,414391.7338848114
1339,1751924720.935944,1751924738.9036305,batch_consumer-sts-0_20250707_214541_131386.csv,True,False,False,1751925135.3272393,414391.29519462585
1349,1751924720.936397,1751924738.9320314,batch_consumer-sts-0_20250707_214541_131386.csv,True,False,False,1751925135.3272393,414390.84219932556
1359,1751924720.9368348,1751924738.9601564,batch_consumer-sts-0_20250707_214541_131386.csv,True,False,False,1751925135.3272393,414390.40446281433
1369,1751924720.9373033,1751924738.9873035,batch_consumer-sts-0_20250707_214541_131386.csv,True,False,False,1751925135.3272393,414389.9359703064
1379,1751924720.9377472,1751924739.0147784,batch_consumer-sts-0_20250707_214541_131386.csv,True,False,False,1751925135.3272393,414389.4920349121
1389,1751924720.9384255,1751924739.04293,batch_consumer-sts-0_20250707_214541_131386.csv,True,False,False,1751925135.3272393,414388.81373405457
1399,1751924720.9388602,1751924739.0733397,batch_consumer-sts-0_20250707_214541_131386.csv,True,False,False,1751925135.3272393,414388.37909698486
1409,1751924720.9393003,1751924739.1013582,batch_consumer-sts-0_20250707_214541_131386.csv,True,False,False,1751925135.3272393,414387.93897628784
1419,1751924720.939733,1751924739.129274,batch_consumer-sts-0_20250707_214541_131386.csv,True,False,False,1751925135.3272393,414387.5062465668
1429,1751924720.940181,1751924739.1572587,batch_consumer-sts-0_20250707_214541_131386.csv,True,False,False,1751925135.3272393,414387.05825805664
1439,1751924720.9406238,1751924739.1838171,batch_consumer-sts-0_20250707_214541_131386.csv,True,False,False,1751925135.3272393,414386.61551475525
1449,1751924720.941065,1751924739.211495,batch_consumer-sts-0_20250707_214541_131386.csv,True,False,False,1751925135.3272393,414386.17420196533
1459,1751924720.941506,1751924739.238858,batch_consumer-sts-0_20250707_214541_131386.csv,True,False,False,1751925135.3272393,414385.7333660126
1469,1751924720.9419675,1751924739.2665555,batch_consumer-sts-0_20250707_214541_131386.csv,True,False,False,1751925135.3272393,414385.27178764343
1479,1751924720.9424393,1751924739.406253,batch_consumer-sts-0_20250707_214541_131386.csv,True,False,False,1751925135.3272393,414384.7999572754
1489,1751924720.9428868,1751924739.434161,batch_consumer-sts-0_20250707_214541_131386.csv,True,False,False,1751925135.3272393,414384.3524456024
1499,1751924720.9433296,1751924739.463902,batch_consumer-sts-0_20250707_214541_131386.csv,True,False,False,1751925135.3272393,414383.909702301
1509,1751924720.943741,1751924739.491879,batch_consumer-sts-0_20250707_214541_131386.csv,True,False,False,1751925135.3272393,414383.4981918335
1519,1751924720.9440832,1751924739.5191984,batch_consumer-sts-0_20250707_214541_131386.csv,True,False,False,1751925135.3272393,414383.1560611725
1529,1751924720.9444818,1751924739.5471957,batch_consumer-sts-0_20250707_214541_131386.csv,True,False,False,1751925135.3272393,414382.7574253082
1539,1751924720.9449832,1751924739.575094,batch_consumer-sts-0_20250707_214541_131386.csv,True,False,False,1751925135.3272393,414382.2560310364
1549,1751924720.9454055,1751924739.603168,batch_consumer-sts-0_20250707_214541_131386.csv,True,False,False,1751925135.3272393,414381.8337917328
1559,1751924720.9458463,1751924739.631304,batch_consumer-sts-0_20250707_214541_131386.csv,True,False,False,1751925135.3272393,414381.39295578003
1569,1751924720.946302,1751924739.6591878,batch_consumer-sts-0_20250707_214541_131386.csv,True,False,False,1751925135.3272393,414380.93733787537
1579,1751924720.9467344,1751924739.6901238,batch_consumer-sts-0_20250707_214541_131386.csv,True,False,False,1751925135.3272393,414380.5048465729
1589,1751924720.9471753,1751924739.7171924,batch_consumer-sts-0_20250707_214541_131386.csv,True,False,False,1751925135.3272393,414380.0640106201
1599,1751924720.9476287,1751924739.7451482,batch_consumer-sts-0_20250707_214541_131386.csv,True,False,False,1751925135.3272393,414379.61053848267
1609,1751924720.9480689,1751924739.7729132,batch_consumer-sts-0_20250707_214541_131386.csv,True,False,False,1751925135.3272393,414379.17041778564
1619,1751924720.9485035,1751924739.801695,batch_consumer-sts-0_20250707_214541_131386.csv,True,False,False,1751925135.3272393,414378.73578071594
1629,1751924720.9489465,1751924739.8303862,batch_consumer-sts-0_20250707_214541_131386.csv,True,False,False,1751925135.3272393,414378.292798996
1639,1751924720.949407,1751924739.8590496,batch_consumer-sts-0_20250707_214541_131386.csv,True,False,False,1751925135.3272393,414377.83217430115
1649,1751924720.9498324,1751924739.891909,batch_consumer-sts-0_20250707_214541_131386.csv,True,False,False,1751925135.3272393,414377.40683555603
1659,1751924720.9502916,1751924739.919419,batch_consumer-sts-0_20250707_214541_131386.csv,True,False,False,1751925135.3272393,414376.9476413727
1669,1751924720.95071,1751924739.9476953,batch_consumer-sts-0_20250707_214541_131386.csv,True,False,False,1751925135.3272393,414376.52921676636
1679,1751924720.95114,1751924739.9760988,batch_consumer-sts-0_20250707_214541_131386.csv,True,False,False,1751925135.3272393,414376.09934806824
1689,1751924720.95158,1751924740.0053253,batch_consumer-sts-0_20250707_214541_131386.csv,True,False,False,1751925135.3272393,414375.6592273712
1699,1751924720.9520097,1751924740.0364766,batch_consumer-sts-0_20250707_214541_131386.csv,True,False,False,1751925135.3272393,414375.2295970917
1709,1751924720.9524405,1751924740.0648637,batch_consumer-sts-0_20250707_214541_131386.csv,True,False,False,1751925135.3272393,414374.79877471924
1719,1751924720.95286,1751924740.092672,batch_consumer-sts-0_20250707_214541_131386.csv,True,False,False,1751925135.3272393,414374.37915802
1729,1751924720.953282,1751924740.1202786,batch_consumer-sts-0_20250707_214541_131386.csv,True,False,False,1751925135.3272393,414373.957157135
1739,1751924720.9537346,1751924740.148646,batch_consumer-sts-0_20250707_214541_131386.csv,True,False,False,1751925135.3272393,414373.5046386719
1749,1751924720.9541788,1751924740.1769855,batch_consumer-sts-0_20250707_214541_131386.csv,True,False,False,1751925135.3272393,414373.060464859
1759,1751924720.954612,1751924740.20468,batch_consumer-sts-0_20250707_214541_131386.csv,True,False,False,1751925135.3272393,414372.6272583008
1769,1751924720.955037,1751924740.23236,batch_consumer-sts-0_20250707_214541_131386.csv,True,False,False,1751925135.3272393,414372.20215797424
1779,1751924720.9554744,1751924740.260455,batch_consumer-sts-0_20250707_214541_131386.csv,True,False,False,1751925135.3272393,414371.7648983002
1789,1751924720.955897,1751924740.2884145,batch_consumer-sts-0_20250707_214541_131386.csv,True,False,False,1751925135.3272393,414371.3421821594
1799,1751924720.9562964,1751924740.3155131,batch_consumer-sts-0_20250707_214541_131386.csv,True,False,False,1751925135.3272393,414370.9428310394
1809,1751924720.956655,1751924740.3434358,batch_consumer-sts-0_20250707_214541_131386.csv,True,False,False,1751925135.3272393,414370.58424949646
1819,1751924720.9570072,1751924740.3714004,batch_consumer-sts-0_20250707_214541_131386.csv,True,False,False,1751925135.3272393,414370.2321052551
1829,1751924720.957401,1751924740.3998692,batch_consumer-sts-0_20250707_214541_131386.csv,True,False,False,1751925135.3272393,414369.83823776245
1839,1751924720.9578369,1751924740.4315186,batch_consumer-sts-0_20250707_214541_131386.csv,True,False,False,1751925135.3272393,414369.40240859985
1849,1751924720.9582758,1751924740.4593754,batch_consumer-sts-0_20250707_214541_131386.csv,True,False,False,1751925135.3272393,414368.9634799957
1859,1751924720.958702,1751924740.4873335,batch_consumer-sts-0_20250707_214541_131386.csv,True,False,False,1751925135.3272393,414368.5371875763
1869,1751924720.959147,1751924740.5146048,batch_consumer-sts-0_20250707_214541_131386.csv,True,False,False,1751925135.3272393,414368.0922985077
1879,1751924720.9595954,1751924740.5423045,batch_consumer-sts-0_20250707_214541_131386.csv,True,False,False,1751925135.3272393,414367.6438331604
1889,1751924720.9600325,1751924740.5722325,batch_consumer-sts-0_20250707_214541_131386.csv,True,False,False,1751925135.3272393,414367.2068119049
1899,1751924720.9604638,1751924740.6001737,batch_consumer-sts-0_20250707_214541_131386.csv,True,False,False,1751925135.3272393,414366.7755126953
1909,1751924720.960897,1751924740.62721,batch_consumer-sts-0_20250707_214541_131386.csv,True,False,False,1751925135.3272393,414366.3423061371
1919,1751924720.9613478,1751924740.6543896,batch_consumer-sts-0_20250707_214541_131386.csv,True,False,False,1751925135.3272393,414365.891456604
1929,1751924720.9617903,1751924740.6827352,batch_consumer-sts-0_20250707_214541_131386.csv,True,False,False,1751925135.3272393,414365.4489517212
1939,1751924720.9623687,1751924740.7101142,batch_consumer-sts-0_20250707_214541_131386.csv,True,False,False,1751925135.3272393,414364.8705482483
1949,1751924720.9628294,1751924740.7412286,batch_consumer-sts-0_20250707_214541_131386.csv,True,False,False,1751925135.3272393,414364.40992355347
1959,1751924720.9632645,1751924740.7707677,batch_consumer-sts-0_20250707_214541_131386.csv,True,False,False,1751925135.3272393,414363.9748096466
1969,1751924720.963695,1751924740.8000112,batch_consumer-sts-0_20250707_214541_131386.csv,True,False,False,1751925135.3272393,414363.54422569275
1979,1751924720.9641497,1751924740.8281777,batch_consumer-sts-0_20250707_214541_131386.csv,True,False,False,1751925135.3272393,414363.0895614624
1989,1751924720.9646084,1751924740.85492,batch_consumer-sts-0_20250707_214541_131386.csv,True,False,False,1751925135.3272393,414362.6308441162
1999,1751924720.965075,1751924741.0211103,batch_consumer-sts-0_20250707_214541_131386.csv,True,False,False,1751925135.3272393,414362.1642589569
2009,1751924720.9655254,1751924741.0478077,batch_consumer-sts-0_20250707_214541_131386.csv,True,False,False,1751925135.3272393,414361.713886261
2019,1751924720.9659524,1751924741.0754132,batch_consumer-sts-0_20250707_214541_131386.csv,True,False,False,1751925135.3272393,414361.2868785858
2029,1751924720.9663904,1751924741.103204,batch_consumer-sts-0_20250707_214541_131386.csv,True,False,False,1751925135.3272393,414360.848903656
2039,1751924720.9668384,1751924741.3862226,batch_consumer-sts-0_20250707_214545_599575.csv,True,False,False,1751925135.3272393,414360.4009151459
2049,1751924720.9672737,1751924741.499268,batch_consumer-sts-0_20250707_214545_599575.csv,True,False,False,1751925135.3272393,414359.96556282043
2059,1751924720.9677055,1751924741.5297165,batch_consumer-sts-0_20250707_214545_599575.csv,True,False,False,1751925135.3272393,414359.5337867737
2069,1751924720.968125,1751924741.5587096,batch_consumer-sts-0_20250707_214545_599575.csv,True,False,False,1751925135.3272393,414359.11417007446
2079,1751924720.968569,1751924741.5869117,batch_consumer-sts-0_20250707_214545_599575.csv,True,False,False,1751925135.3272393,414358.6702346802
2089,1751924720.9690044,1751924741.615513,batch_consumer-sts-0_20250707_214545_599575.csv,True,False,False,1751925135.3272393,414358.23488235474
2099,1751924720.9694324,1751924741.646885,batch_consumer-sts-0_20250707_214545_599575.csv,True,False,False,1751925135.3272393,414357.80692100525
2109,1751924720.9698694,1751924741.6749582,batch_consumer-sts-0_20250707_214545_599575.csv,True,False,False,1751925135.3272393,414357.36989974976
2119,1751924720.970312,1751924741.7028232,batch_consumer-sts-0_20250707_214545_599575.csv,True,False,False,1751925135.3272393,414356.92715644836
2129,1751924720.970743,1751924741.7307427,batch_consumer-sts-0_20250707_214545_599575.csv,True,False,False,1751925135.3272393,414356.4963340759
2139,1751924720.9712162,1751924741.7584517,batch_consumer-sts-0_20250707_214545_599575.csv,True,False,False,1751925135.3272393,414356.0230731964
2149,1751924720.9716084,1751924741.7865613,batch_consumer-sts-0_20250707_214545_599575.csv,True,False,False,1751925135.3272393,414355.6308746338
2159,1751924720.971956,1751924741.8140185,batch_consumer-sts-0_20250707_214545_599575.csv,True,False,False,1751925135.3272393,414355.28326034546
2169,1751924720.9723454,1751924741.8425283,batch_consumer-sts-0_20250707_214545_599575.csv,True,False,False,1751925135.3272393,414354.8939228058
2179,1751924720.97287,1751924741.8700256,batch_consumer-sts-0_20250707_214545_599575.csv,True,False,False,1751925135.3272393,414354.3691635132
2189,1751924720.9732902,1751924741.897274,batch_consumer-sts-0_20250707_214545_599575.csv,True,False,False,1751925135.3272393,414353.9490699768
2199,1751924720.9737177,1751924741.924642,batch_consumer-sts-0_20250707_214545_599575.csv,True,False,False,1751925135.3272393,414353.5215854645
2209,1751924720.974189,1751924741.9521513,batch_consumer-sts-0_20250707_214545_599575.csv,True,False,False,1751925135.3272393,414353.0502319336
2219,1751924720.974637,1751924741.9795475,batch_consumer-sts-0_20250707_214545_599575.csv,True,False,False,1751925135.3272393,414352.60224342346
2229,1751924720.975067,1751924742.0069425,batch_consumer-sts-0_20250707_214545_599575.csv,True,False,False,1751925135.3272393,414352.17237472534
2239,1751924720.9755073,1751924743.038298,batch_consumer-sts-0_20250707_214545_599575.csv,True,False,False,1751925135.3272393,414351.73201560974
2249,1751924720.9759526,1751924743.0661323,batch_consumer-sts-0_20250707_214545_599575.csv,True,False,False,1751925135.3272393,414351.286649704
2259,1751924720.9764185,1751924743.0938609,batch_consumer-sts-0_20250707_214545_599575.csv,True,False,False,1751925135.3272393,414350.8207798004
2269,1751924720.9768815,1751924743.1205494,batch_consumer-sts-0_20250707_214545_599575.csv,True,False,False,1751925135.3272393,414350.3577709198
2279,1751924720.9773252,1751924743.1480613,batch_consumer-sts-0_20250707_214545_599575.csv,True,False,False,1751925135.3272393,414349.9140739441
2289,1751924720.977783,1751924743.1757157,batch_consumer-sts-0_20250707_214545_599575.csv,True,False,False,1751925135.3272393,414349.4563102722
2299,1751924720.978236,1751924743.2037897,batch_consumer-sts-0_20250707_214545_599575.csv,True,False,False,1751925135.3272393,414349.0033149719
2309,1751924720.9787586,1751924743.2311687,batch_consumer-sts-0_20250707_214545_599575.csv,True,False,False,1751925135.3272393,414348.48070144653
2319,1751924720.9792285,1751924743.2587893,batch_consumer-sts-0_20250707_214545_599575.csv,True,False,False,1751925135.3272393,414348.0107784271
2329,1751924720.979702,1751924743.2868092,batch_consumer-sts-0_20250707_214545_599575.csv,True,False,False,1751925135.3272393,414347.537279129
2339,1751924720.9801486,1751924743.3138063,batch_consumer-sts-0_20250707_214545_599575.csv,True,False,False,1751925135.3272393,414347.0907211304
2349,1751924720.9805892,1751924743.3412845,batch_consumer-sts-0_20250707_214545_599575.csv,True,False,False,1751925135.3272393,414346.6501235962
2359,1751924720.9813375,1751924743.371683,batch_consumer-sts-0_20250707_214545_599575.csv,True,False,False,1751925135.3272393,414345.9017276764
2369,1751924720.981788,1751924743.399385,batch_consumer-sts-0_20250707_214545_599575.csv,True,False,False,1751925135.3272393,414345.45135498047
2379,1751924720.982339,1751924743.427936,batch_consumer-sts-0_20250707_214545_599575.csv,True,False,False,1751925135.3272393,414344.90036964417
2389,1751924720.9829495,1751924743.45599,batch_consumer-sts-0_20250707_214545_599575.csv,True,False,False,1751925135.3272393,414344.2897796631
2399,1751924720.983416,1751924743.484275,batch_consumer-sts-0_20250707_214545_599575.csv,True,False,False,1751925135.3272393,414343.8231945038
2409,1751924720.9838629,1751924743.5105937,batch_consumer-sts-0_20250707_214545_599575.csv,True,False,False,1751925135.3272393,414343.37639808655
2419,1751924720.9842987,1751924743.5385623,batch_consumer-sts-0_20250707_214545_599575.csv,True,False,False,1751925135.3272393,414342.94056892395
2429,1751924720.9848096,1751924743.5663085,batch_consumer-sts-0_20250707_214545_599575.csv,True,False,False,1751925135.3272393,414342.42963790894
2439,1751924720.985315,1751924743.593838,batch_consumer-sts-0_20250707_214545_599575.csv,True,False,False,1751925135.3272393,414341.92419052124
2449,1751924720.985978,1751924743.6208112,batch_consumer-sts-0_20250707_214545_599575.csv,True,False,False,1751925135.3272393,414341.26138687134
2459,1751924720.9864447,1751924743.6483283,batch_consumer-sts-0_20250707_214545_599575.csv,True,False,False,1751925135.3272393,414340.79456329346
2469,1751924720.9869273,1751924743.675889,batch_consumer-sts-0_20250707_214545_599575.csv,True,False,False,1751925135.3272393,414340.31200408936
2479,1751924720.9873898,1751924743.703459,batch_consumer-sts-0_20250707_214545_599575.csv,True,False,False,1751925135.3272393,414339.8494720459
2489,1751924720.9881177,1751924743.7308831,batch_consumer-sts-0_20250707_214545_599575.csv,True,False,False,1751925135.3272393,414339.1215801239
2499,1751924720.9886043,1751924743.759755,batch_consumer-sts-0_20250707_214545_599575.csv,True,False,False,1751925135.3272393,414338.63496780396
2509,1751924720.989091,1751924743.7879066,batch_consumer-sts-0_20250707_214545_599575.csv,True,False,False,1751925135.3272393,414338.148355484
2519,1751924720.989545,1751924743.815055,batch_consumer-sts-0_20250707_214545_599575.csv,True,False,False,1751925135.3272393,414337.6941680908
2529,1751924720.9899929,1751924743.842801,batch_consumer-sts-0_20250707_214545_599575.csv,True,False,False,1751925135.3272393,414337.24641799927
2539,1751924720.9904883,1751924743.8705978,batch_consumer-sts-0_20250707_214545_599575.csv,True,False,False,1751925135.3272393,414336.7509841919
2549,1751924720.9909594,1751924743.8984606,batch_consumer-sts-0_20250707_214545_599575.csv,True,False,False,1751925135.3272393,414336.2798690796
2559,1751924720.991418,1751924743.9259684,batch_consumer-sts-0_20250707_214545_599575.csv,True,False,False,1751925135.3272393,414335.821390152
2569,1751924720.9918883,1751924743.9541082,batch_consumer-sts-0_20250707_214545_599575.csv,True,False,False,1751925135.3272393,414335.3509902954
2579,1751924720.9923337,1751924743.9819152,batch_consumer-sts-0_20250707_214545_599575.csv,True,False,False,1751925135.3272393,414334.90562438965
2589,1751924720.992794,1751924744.0092652,batch_consumer-sts-0_20250707_214545_599575.csv,True,False,False,1751925135.3272393,414334.4452381134
2599,1751924720.9932618,1751924744.0381684,batch_consumer-sts-0_20250707_214545_599575.csv,True,False,False,1751925135.3272393,414333.9774608612
2609,1751924720.9937308,1751924744.0650582,batch_consumer-sts-0_20250707_214545_599575.csv,True,False,False,1751925135.3272393,414333.5084915161
2619,1751924720.9942107,1751924744.0930076,batch_consumer-sts-0_20250707_214545_599575.csv,True,False,False,1751925135.3272393,414333.0285549164
2629,1751924720.9946623,1751924744.1208975,batch_consumer-sts-0_20250707_214545_599575.csv,True,False,False,1751925135.3272393,414332.57699012756
2639,1751924720.9951792,1751924744.1485405,batch_consumer-sts-0_20250707_214545_599575.csv,True,False,False,1751925135.3272393,414332.0600986481
2649,1751924720.9956374,1751924744.177635,batch_consumer-sts-0_20250707_214545_599575.csv,True,False,False,1751925135.3272393,414331.60185813904
2659,1751924720.9960904,1751924744.2056837,batch_consumer-sts-0_20250707_214545_599575.csv,True,False,False,1751925135.3272393,414331.14886283875
2669,1751924720.996532,1751924744.2344725,batch_consumer-sts-0_20250707_214545_599575.csv,True,False,False,1751925135.3272393,414330.70731163025
2679,1751924720.996976,1751924744.2686446,batch_consumer-sts-0_20250707_214545_599575.csv,True,False,False,1751925135.3272393,414330.26337623596
2689,1751924720.9974236,1751924744.308554,batch_consumer-sts-0_20250707_214545_599575.csv,True,False,False,1751925135.3272393,414329.8156261444
2699,1751924720.9978547,1751924744.3388352,batch_consumer-sts-0_20250707_214545_599575.csv,True,False,False,1751925135.3272393,414329.3845653534
2709,1751924720.9983337,1751924744.3673973,batch_consumer-sts-0_20250707_214545_599575.csv,True,False,False,1751925135.3272393,414328.905582428
2719,1751924720.9987786,1751924744.3963852,batch_consumer-sts-0_20250707_214545_599575.csv,True,False,False,1751925135.3272393,414328.4606933594
2729,1751924720.9992266,1751924744.709025,batch_consumer-sts-0_20250707_214545_599575.csv,True,False,False,1751925135.3272393,414328.01270484924
2739,1751924720.9996777,1751924744.7388637,batch_consumer-sts-0_20250707_214545_599575.csv,True,False,False,1751925135.3272393,414327.5616168976
2749,1751924721.0001657,1751924744.77204,batch_consumer-sts-0_20250707_214545_599575.csv,True,False,False,1751925135.3272393,414327.07357406616
2759,1751924721.0006142,1751924744.8012116,batch_consumer-sts-0_20250707_214545_599575.csv,True,False,False,1751925135.3272393,414326.6251087189
2769,1751924721.0010877,1751924744.829119,batch_consumer-sts-0_20250707_214545_599575.csv,True,False,False,1751925135.3272393,414326.1516094208
2779,1751924721.0014946,1751924744.8610826,batch_consumer-sts-0_20250707_214545_599575.csv,True,False,False,1751925135.3272393,414325.74462890625
2789,1751924721.001943,1751924744.8898249,batch_consumer-sts-0_20250707_214545_599575.csv,True,False,False,1751925135.3272393,414325.29616355896
2799,1751924721.0024323,1751924744.918257,batch_consumer-sts-0_20250707_214545_599575.csv,True,False,False,1751925135.3272393,414324.80692863464
2809,1751924721.0028782,1751924744.9456797,batch_consumer-sts-0_20250707_214545_599575.csv,True,False,False,1751925135.3272393,414324.3610858917
2819,1751924721.0051365,1751924744.974957,batch_consumer-sts-0_20250707_214545_599575.csv,True,False,False,1751925135.3272393,414322.1027851105
2829,1751924721.00564,1751924745.00346,batch_consumer-sts-0_20250707_214545_599575.csv,True,False,False,1751925135.3272393,414321.5992450714
2839,1751924721.0061193,1751924745.031384,batch_consumer-sts-0_20250707_214545_599575.csv,True,False,False,1751925135.3272393,414321.1200237274
2849,1751924721.0066128,1751924745.0589745,batch_consumer-sts-0_20250707_214545_599575.csv,True,False,False,1751925135.3272393,414320.6264972687
2859,1751924721.0070808,1751924745.0876186,batch_consumer-sts-0_20250707_214545_599575.csv,True,False,False,1751925135.3272393,414320.1584815979
2869,1751924721.0075366,1751924745.115893,batch_consumer-sts-0_20250707_214545_599575.csv,True,False,False,1751925135.3272393,414319.70262527466
2879,1751924721.0079746,1751924745.1464903,batch_consumer-sts-0_20250707_214545_599575.csv,True,False,False,1751925135.3272393,414319.26465034485
2889,1751924721.0084531,1751924745.177506,batch_consumer-sts-0_20250707_214545_599575.csv,True,False,False,1751925135.3272393,414318.7861442566
2899,1751924721.008914,1751924745.2067034,batch_consumer-sts-0_20250707_214545_599575.csv,True,False,False,1751925135.3272393,414318.3252811432
2909,1751924721.0093796,1751924745.2359283,batch_consumer-sts-0_20250707_214545_599575.csv,True,False,False,1751925135.3272393,414317.8596496582
2919,1751924721.0098224,1751924745.2637036,batch_consumer-sts-0_20250707_214545_599575.csv,True,False,False,1751925135.3272393,414317.4169063568
2929,1751924721.0102766,1751924745.2943432,batch_consumer-sts-0_20250707_214545_599575.csv,True,False,False,1751925135.3272393,414316.9627189636
2939,1751924721.010738,1751924745.321488,batch_consumer-sts-0_20250707_214545_599575.csv,True,False,False,1751925135.3272393,414316.50137901306
2949,1751924721.0111957,1751924745.3489215,batch_consumer-sts-0_20250707_214545_599575.csv,True,False,False,1751925135.3272393,414316.0436153412
2959,1751924721.0116403,1751924745.3767972,batch_consumer-sts-0_20250707_214545_599575.csv,True,False,False,1751925135.3272393,414315.59896469116
2969,1751924721.0120893,1751924745.4045804,batch_consumer-sts-0_20250707_214545_599575.csv,True,False,False,1751925135.3272393,414315.1500225067
2979,1751924721.0125425,1751924745.4329789,batch_consumer-sts-0_20250707_214545_599575.csv,True,False,False,1751925135.3272393,414314.69678878784
2989,1751924721.012981,1751924745.4604735,batch_consumer-sts-0_20250707_214545_599575.csv,True,False,False,1751925135.3272393,414314.2583370209
2999,1751924721.0134416,1751924745.4880164,batch_consumer-sts-0_20250707_214545_599575.csv,True,False,False,1751925135.3272393,414313.79771232605
3009,1751924721.013904,1751924745.5153103,batch_consumer-sts-0_20250707_214545_599575.csv,True,False,False,1751925135.3272393,414313.3351802826
3019,1751924721.014452,1751924745.5431068,batch_consumer-sts-0_20250707_214545_599575.csv,True,False,False,1751925135.3272393,414312.7872943878
3029,1751924721.0148282,1751924745.5711544,batch_consumer-sts-0_20250707_214545_599575.csv,True,False,False,1751925135.3272393,414312.41106987
3039,1751924721.015059,1751924745.7918105,batch_consumer-sts-0_20250707_214550_629736.csv,True,False,False,1751925135.3272393,414312.1802806854
3049,1751924721.0152862,1751924745.8194191,batch_consumer-sts-0_20250707_214550_629736.csv,True,False,False,1751925135.3272393,414311.95306777954
3059,1751924721.0155113,1751924745.8473794,batch_consumer-sts-0_20250707_214550_629736.csv,True,False,False,1751925135.3272393,414311.72800064087
3069,1751924721.0157256,1751924745.8760543,batch_consumer-sts-0_20250707_214550_629736.csv,True,False,False,1751925135.3272393,414311.51366233826
3079,1751924721.015977,1751924745.904104,batch_consumer-sts-0_20250707_214550_629736.csv,True,False,False,1751925135.3272393,414311.2623691559
3089,1751924721.0162082,1751924745.9324667,batch_consumer-sts-0_20250707_214550_629736.csv,True,False,False,1751925135.3272393,414311.03110313416
3099,1751924721.01643,1751924745.9631758,batch_consumer-sts-0_20250707_214550_629736.csv,True,False,False,1751925135.3272393,414310.8093738556
3109,1751924721.0166628,1751924745.9921222,batch_consumer-sts-0_20250707_214550_629736.csv,True,False,False,1751925135.3272393,414310.5764389038
3119,1751924721.0168922,1751924746.0197992,batch_consumer-sts-0_20250707_214550_629736.csv,True,False,False,1751925135.3272393,414310.3470802307
3129,1751924721.0171118,1751924746.0474746,batch_consumer-sts-0_20250707_214550_629736.csv,True,False,False,1751925135.3272393,414310.12749671936
3139,1751924721.0173452,1751924746.0738137,batch_consumer-sts-0_20250707_214550_629736.csv,True,False,False,1751925135.3272393,414309.8940849304
3149,1751924721.017568,1751924746.1011703,batch_consumer-sts-0_20250707_214550_629736.csv,True,False,False,1751925135.3272393,414309.67116355896
3159,1751924721.0178173,1751924746.1294196,batch_consumer-sts-0_20250707_214550_629736.csv,True,False,False,1751925135.3272393,414309.4220161438
3169,1751924721.018047,1751924746.1583157,batch_consumer-sts-0_20250707_214550_629736.csv,True,False,False,1751925135.3272393,414309.19218063354
3179,1751924721.0183008,1751924746.1860733,batch_consumer-sts-0_20250707_214550_629736.csv,True,False,False,1751925135.3272393,414308.9385032654
3189,1751924721.018529,1751924746.2132964,batch_consumer-sts-0_20250707_214550_629736.csv,True,False,False,1751925135.3272393,414308.7103366852
3199,1751924721.018751,1751924746.2400484,batch_consumer-sts-0_20250707_214550_629736.csv,True,False,False,1751925135.3272393,414308.48836898804
3209,1751924721.0189767,1751924746.2672875,batch_consumer-sts-0_20250707_214550_629736.csv,True,False,False,1751925135.3272393,414308.2625865936
3219,1751924721.019198,1751924746.2963047,batch_consumer-sts-0_20250707_214550_629736.csv,True,False,False,1751925135.3272393,414308.0413341522
3229,1751924721.019424,1751924746.32365,batch_consumer-sts-0_20250707_214550_629736.csv,True,False,False,1751925135.3272393,414307.81531333923
3239,1751924721.0196416,1751924746.351781,batch_consumer-sts-0_20250707_214550_629736.csv,True,False,False,1751925135.3272393,414307.5976371765
3249,1751924721.0198622,1751924746.3800292,batch_consumer-sts-0_20250707_214550_629736.csv,True,False,False,1751925135.3272393,414307.37709999084
3259,1751924721.0200806,1751924746.4069223,batch_consumer-sts-0_20250707_214550_629736.csv,True,False,False,1751925135.3272393,414307.1587085724
3269,1751924721.0202975,1751924746.4348638,batch_consumer-sts-0_20250707_214550_629736.csv,True,False,False,1751925135.3272393,414306.9417476654
3279,1751924721.0205257,1751924746.8828676,batch_consumer-sts-0_20250707_214550_629736.csv,True,False,False,1751925135.3272393,414306.7135810852
3289,1751924721.0207994,1751924746.910696,batch_consumer-sts-0_20250707_214550_629736.csv,True,False,False,1751925135.3272393,414306.4398765564
3299,1751924721.0210278,1751924746.939816,batch_consumer-sts-0_20250707_214550_629736.csv,True,False,False,1751925135.3272393,414306.2114715576
3309,1751924721.0212493,1751924746.9679334,batch_consumer-sts-0_20250707_214550_629736.csv,True,False,False,1751925135.3272393,414305.98998069763
3319,1751924721.0214696,1751924746.995608,batch_consumer-sts-0_20250707_214550_629736.csv,True,False,False,1751925135.3272393,414305.76968193054
3329,1751924721.0216925,1751924747.02344,batch_consumer-sts-0_20250707_214550_629736.csv,True,False,False,1751925135.3272393,414305.5467605591
3339,1751924721.021924,1751924747.0512435,batch_consumer-sts-0_20250707_214550_629736.csv,True,False,False,1751925135.3272393,414305.3152561188
3349,1751924721.022158,1751924747.0777848,batch_consumer-sts-0_20250707_214550_629736.csv,True,False,False,1751925135.3272393,414305.0813674927
3359,1751924721.0223904,1751924747.1054466,batch_consumer-sts-0_20250707_214550_629736.csv,True,False,False,1751925135.3272393,414304.84890937805
3369,1751924721.0226152,1751924747.1333487,batch_consumer-sts-0_20250707_214550_629736.csv,True,False,False,1751925135.3272393,414304.62408065796
3379,1751924721.022838,1751924747.1598346,batch_consumer-sts-0_20250707_214550_629736.csv,True,False,False,1751925135.3272393,414304.4011592865
3389,1751924721.0230627,1751924747.1878135,batch_consumer-sts-0_20250707_214550_629736.csv,True,False,False,1751925135.3272393,414304.176568985
3399,1751924721.023286,1751924747.2152166,batch_consumer-sts-0_20250707_214550_629736.csv,True,False,False,1751925135.3272393,414303.95317077637
3409,1751924721.0235066,1751924747.243005,batch_consumer-sts-0_20250707_214550_629736.csv,True,False,False,1751925135.3272393,414303.7326335907
3419,1751924721.023741,1751924747.2711158,batch_consumer-sts-0_20250707_214550_629736.csv,True,False,False,1751925135.3272393,414303.49826812744
3429,1751924721.0239675,1751924747.2989726,batch_consumer-sts-0_20250707_214550_629736.csv,True,False,False,1751925135.3272393,414303.2717704773
3439,1751924721.02419,1751924748.3289056,batch_consumer-sts-0_20250707_214550_629736.csv,True,False,False,1751925135.3272393,414303.049325943
3449,1751924721.0244086,1751924748.35895,batch_consumer-sts-0_20250707_214550_629736.csv,True,False,False,1751925135.3272393,414302.83069610596
3459,1751924721.0246294,1751924748.3868513,batch_consumer-sts-0_20250707_214550_629736.csv,True,False,False,1751925135.3272393,414302.6099205017
3469,1751924721.0248563,1751924748.414025,batch_consumer-sts-0_20250707_214550_629736.csv,True,False,False,1751925135.3272393,414302.3829460144
3479,1751924721.025077,1751924748.444416,batch_consumer-sts-0_20250707_214550_629736.csv,True,False,False,1751925135.3272393,414302.16217041016
3489,1751924721.025298,1751924748.4720328,batch_consumer-sts-0_20250707_214550_629736.csv,True,False,False,1751925135.3272393,414301.9411563873
3499,1751924721.025524,1751924748.4994397,batch_consumer-sts-0_20250707_214550_629736.csv,True,False,False,1751925135.3272393,414301.7153739929
3509,1751924721.0257466,1751924748.527051,batch_consumer-sts-0_20250707_214550_629736.csv,True,False,False,1751925135.3272393,414301.49269104004
3519,1751924721.0259688,1751924748.5552006,batch_consumer-sts-0_20250707_214550_629736.csv,True,False,False,1751925135.3272393,414301.2704849243
3529,1751924721.0262003,1751924748.5829537,batch_consumer-sts-0_20250707_214550_629736.csv,True,False,False,1751925135.3272393,414301.038980484
3539,1751924721.026415,1751924748.61103,batch_consumer-sts-0_20250707_214550_629736.csv,True,False,False,1751925135.3272393,414300.82416534424
3549,1751924721.0266418,1751924748.6386094,batch_consumer-sts-0_20250707_214550_629736.csv,True,False,False,1751925135.3272393,414300.5974292755
3559,1751924721.026868,1751924748.6664715,batch_consumer-sts-0_20250707_214550_629736.csv,True,False,False,1751925135.3272393,414300.37117004395
3569,1751924721.0270922,1751924748.6941838,batch_consumer-sts-0_20250707_214550_629736.csv,True,False,False,1751925135.3272393,414300.1470565796
3579,1751924721.0273175,1751924748.7211497,batch_consumer-sts-0_20250707_214550_629736.csv,True,False,False,1751925135.3272393,414299.92175102234
3589,1751924721.0275433,1751924748.748589,batch_consumer-sts-0_20250707_214550_629736.csv,True,False,False,1751925135.3272393,414299.69596862793
3599,1751924721.0277765,1751924748.7760594,batch_consumer-sts-0_20250707_214550_629736.csv,True,False,False,1751925135.3272393,414299.46279525757
3609,1751924721.028003,1751924748.8040504,batch_consumer-sts-0_20250707_214550_629736.csv,True,False,False,1751925135.3272393,414299.2362976074
3619,1751924721.028228,1751924748.8319266,batch_consumer-sts-0_20250707_214550_629736.csv,True,False,False,1751925135.3272393,414299.01123046875
3629,1751924721.02845,1751924748.8596098,batch_consumer-sts-0_20250707_214550_629736.csv,True,False,False,1751925135.3272393,414298.7892627716
3639,1751924721.0286715,1751924748.8875916,batch_consumer-sts-0_20250707_214550_629736.csv,True,False,False,1751925135.3272393,414298.5677719116
3649,1751924721.0288987,1751924748.9168673,batch_consumer-sts-0_20250707_214550_629736.csv,True,False,False,1751925135.3272393,414298.34055900574
3659,1751924721.0291278,1751924748.945171,batch_consumer-sts-0_20250707_214550_629736.csv,True,False,False,1751925135.3272393,414298.1114387512
3669,1751924721.0293458,1751924748.9737344,batch_consumer-sts-0_20250707_214550_629736.csv,True,False,False,1751925135.3272393,414297.8935241699
3679,1751924721.0295677,1751924749.0019484,batch_consumer-sts-0_20250707_214550_629736.csv,True,False,False,1751925135.3272393,414297.6715564728
3689,1751924721.0297534,1751924749.0365143,batch_consumer-sts-0_20250707_214550_629736.csv,True,False,False,1751925135.3272393,414297.48582839966
3699,1751924721.0299408,1751924749.067695,batch_consumer-sts-0_20250707_214550_629736.csv,True,False,False,1751925135.3272393,414297.2984313965
3709,1751924721.030123,1751924749.0953689,batch_consumer-sts-0_20250707_214550_629736.csv,True,False,False,1751925135.3272393,414297.11627960205
3719,1751924721.0303617,1751924749.1223092,batch_consumer-sts-0_20250707_214550_629736.csv,True,False,False,1751925135.3272393,414296.87762260437
3729,1751924721.030578,1751924749.1489248,batch_consumer-sts-0_20250707_214550_629736.csv,True,False,False,1751925135.3272393,414296.6613769531
3739,1751924721.030805,1751924749.1769564,batch_consumer-sts-0_20250707_214550_629736.csv,True,False,False,1751925135.3272393,414296.43416404724
3749,1751924721.0310233,1751924749.2053792,batch_consumer-sts-0_20250707_214550_629736.csv,True,False,False,1751925135.3272393,414296.21601104736
3759,1751924721.031249,1751924749.2344942,batch_consumer-sts-0_20250707_214550_629736.csv,True,False,False,1751925135.3272393,414295.99022865295
3769,1751924721.031469,1751924749.2627835,batch_consumer-sts-0_20250707_214550_629736.csv,True,False,False,1751925135.3272393,414295.77016830444
3779,1751924721.0318055,1751924749.2909946,batch_consumer-sts-0_20250707_214550_629736.csv,True,False,False,1751925135.3272393,414295.43375968933
3789,1751924721.0320334,1751924749.3182306,batch_consumer-sts-0_20250707_214550_629736.csv,True,False,False,1751925135.3272393,414295.2058315277
3799,1751924721.032296,1751924749.346648,batch_consumer-sts-0_20250707_214550_629736.csv,True,False,False,1751925135.3272393,414294.9433326721
3809,1751924721.0325248,1751924749.3743153,batch_consumer-sts-0_20250707_214550_629736.csv,True,False,False,1751925135.3272393,414294.7144508362
3819,1751924721.0327551,1751924749.402022,batch_consumer-sts-0_20250707_214550_629736.csv,True,False,False,1751925135.3272393,414294.48413848877
3829,1751924721.032981,1751924749.42983,batch_consumer-sts-0_20250707_214550_629736.csv,True,False,False,1751925135.3272393,414294.25835609436
3839,1751924721.033205,1751924749.4581945,batch_consumer-sts-0_20250707_214550_629736.csv,True,False,False,1751925135.3272393,414294.03424263
3849,1751924721.0334368,1751924749.4850333,batch_consumer-sts-0_20250707_214550_629736.csv,True,False,False,1751925135.3272393,414293.8024997711
3859,1751924721.0336714,1751924749.511963,batch_consumer-sts-0_20250707_214550_629736.csv,True,False,False,1751925135.3272393,414293.5678958893
3869,1751924721.033898,1751924750.1520534,batch_consumer-sts-0_20250707_214550_629736.csv,True,False,False,1751925135.3272393,414293.34115982056
3879,1751924721.0341208,1751924750.1791024,batch_consumer-sts-0_20250707_214550_629736.csv,True,False,False,1751925135.3272393,414293.1184768677
3889,1751924721.0343623,1751924750.2067735,batch_consumer-sts-0_20250707_214550_629736.csv,True,False,False,1751925135.3272393,414292.87695884705
3899,1751924721.0345848,1751924750.2347436,batch_consumer-sts-0_20250707_214550_629736.csv,True,False,False,1751925135.3272393,414292.65451431274
3909,1751924721.03482,1751924750.2643926,batch_consumer-sts-0_20250707_214550_629736.csv,True,False,False,1751925135.3272393,414292.4191951752
3919,1751924721.0350456,1751924750.2927182,batch_consumer-sts-0_20250707_214550_629736.csv,True,False,False,1751925135.3272393,414292.19365119934
3929,1751924721.0352802,1751924750.3199022,batch_consumer-sts-0_20250707_214550_629736.csv,True,False,False,1751925135.3272393,414291.9590473175
3939,1751924721.0355084,1751924750.3479917,batch_consumer-sts-0_20250707_214550_629736.csv,True,False,False,1751925135.3272393,414291.7308807373
3949,1751924721.0357409,1751924750.3760662,batch_consumer-sts-0_20250707_214550_629736.csv,True,False,False,1751925135.3272393,414291.4984226227
3959,1751924721.035961,1751924750.4037957,batch_consumer-sts-0_20250707_214550_629736.csv,True,False,False,1751925135.3272393,414291.27836227417
3969,1751924721.036197,1751924750.4317234,batch_consumer-sts-0_20250707_214550_629736.csv,True,False,False,1751925135.3272393,414291.04232788086
3979,1751924721.0364456,1751924750.4598591,batch_consumer-sts-0_20250707_214550_629736.csv,True,False,False,1751925135.3272393,414290.79365730286
3989,1751924721.036667,1751924750.4881876,batch_consumer-sts-0_20250707_214550_629736.csv,True,False,False,1751925135.3272393,414290.5721664429
3999,1751924721.0368905,1751924750.5153563,batch_consumer-sts-0_20250707_214550_629736.csv,True,False,False,1751925135.3272393,414290.34876823425
4009,1751924721.0371175,1751924750.5434809,batch_consumer-sts-0_20250707_214550_629736.csv,True,False,False,1751925135.3272393,414290.12179374695
4019,1751924721.0373456,1751924750.573565,batch_consumer-sts-0_20250707_214550_629736.csv,True,False,False,1751925135.3272393,414289.89362716675
4029,1751924721.037577,1751924750.6014974,batch_consumer-sts-0_20250707_214550_629736.csv,True,False,False,1751925135.3272393,414289.662361145
4039,1751924721.0378058,1751924750.8687563,batch_consumer-sts-0_20250707_214555_845608.csv,True,False,False,1751925135.3272393,414289.4334793091
4049,1751924721.038033,1751924750.8971555,batch_consumer-sts-0_20250707_214555_845608.csv,True,False,False,1751925135.3272393,414289.2062664032
4059,1751924721.0382676,1751924750.9260032,batch_consumer-sts-0_20250707_214555_845608.csv,True,False,False,1751925135.3272393,414288.97166252136
4069,1751924721.0384843,1751924750.9540975,batch_consumer-sts-0_20250707_214555_845608.csv,True,False,False,1751925135.3272393,414288.75494003296
4079,1751924721.0387084,1751924750.98237,batch_consumer-sts-0_20250707_214555_845608.csv,True,False,False,1751925135.3272393,414288.5308265686
4089,1751924721.0389345,1751924751.0098293,batch_consumer-sts-0_20250707_214555_845608.csv,True,False,False,1751925135.3272393,414288.3048057556
4099,1751924721.0391686,1751924751.037431,batch_consumer-sts-0_20250707_214555_845608.csv,True,False,False,1751925135.3272393,414288.07067871094
4109,1751924721.0393991,1751924751.0653255,batch_consumer-sts-0_20250707_214555_845608.csv,True,False,False,1751925135.3272393,414287.84012794495
4119,1751924721.0396273,1751924751.0922096,batch_consumer-sts-0_20250707_214555_845608.csv,True,False,False,1751925135.3272393,414287.61196136475
4129,1751924721.0398495,1751924751.119853,batch_consumer-sts-0_20250707_214555_845608.csv,True,False,False,1751925135.3272393,414287.389755249
4139,1751924721.0400927,1751924751.147514,batch_consumer-sts-0_20250707_214555_845608.csv,True,False,False,1751925135.3272393,414287.14656829834
4149,1751924721.040335,1751924751.1754444,batch_consumer-sts-0_20250707_214555_845608.csv,True,False,False,1751925135.3272393,414286.904335022
4159,1751924721.040578,1751924751.203873,batch_consumer-sts-0_20250707_214555_845608.csv,True,False,False,1751925135.3272393,414286.66138648987
4169,1751924721.0408068,1751924751.236729,batch_consumer-sts-0_20250707_214555_845608.csv,True,False,False,1751925135.3272393,414286.43250465393
4179,1751924721.0410347,1751924751.264439,batch_consumer-sts-0_20250707_214555_845608.csv,True,False,False,1751925135.3272393,414286.2045764923
4189,1751924721.04126,1751924751.292406,batch_consumer-sts-0_20250707_214555_845608.csv,True,False,False,1751925135.3272393,414285.97927093506
4199,1751924721.0414832,1751924751.3194823,batch_consumer-sts-0_20250707_214555_845608.csv,True,False,False,1751925135.3272393,414285.756111145
4209,1751924721.0417116,1751924751.347119,batch_consumer-sts-0_20250707_214555_845608.csv,True,False,False,1751925135.3272393,414285.52770614624
4219,1751924721.0419323,1751924751.3741152,batch_consumer-sts-0_20250707_214555_845608.csv,True,False,False,1751925135.3272393,414285.306930542
4229,1751924721.0421636,1751924751.400981,batch_consumer-sts-0_20250707_214555_845608.csv,True,False,False,1751925135.3272393,414285.07566452026
4239,1751924721.0423863,1751924751.429284,batch_consumer-sts-0_20250707_214555_845608.csv,True,False,False,1751925135.3272393,414284.8529815674
4249,1751924721.0426145,1751924751.4576943,batch_consumer-sts-0_20250707_214555_845608.csv,True,False,False,1751925135.3272393,414284.6248149872
4259,1751924721.0428448,1751924751.48586,batch_consumer-sts-0_20250707_214555_845608.csv,True,False,False,1751925135.3272393,414284.39450263977
4269,1751924721.0430777,1751924751.5134034,batch_consumer-sts-0_20250707_214555_845608.csv,True,False,False,1751925135.3272393,414284.161567688
4279,1751924721.0433018,1751924751.541814,batch_consumer-sts-0_20250707_214555_845608.csv,True,False,False,1751925135.3272393,414283.93745422363
4289,1751924721.043526,1751924751.7465842,batch_consumer-sts-0_20250707_214555_845608.csv,True,False,False,1751925135.3272393,414283.7133407593
4299,1751924721.0437517,1751924751.775133,batch_consumer-sts-0_20250707_214555_845608.csv,True,False,False,1751925135.3272393,414283.48755836487
4309,1751924721.0439782,1751924751.8029113,batch_consumer-sts-0_20250707_214555_845608.csv,True,False,False,1751925135.3272393,414283.2610607147
4319,1751924721.0441637,1751924752.2608092,batch_consumer-sts-0_20250707_214555_845608.csv,True,False,False,1751925135.3272393,414283.0755710602
4329,1751924721.04435,1751924752.2888532,batch_consumer-sts-0_20250707_214555_845608.csv,True,False,False,1751925135.3272393,414282.8893661499
4339,1751924721.0445328,1751924752.315988,batch_consumer-sts-0_20250707_214555_845608.csv,True,False,False,1751925135.3272393,414282.70649909973
4349,1751924721.0447197,1751924752.344626,batch_consumer-sts-0_20250707_214555_845608.csv,True,False,False,1751925135.3272393,414282.5195789337
4359,1751924721.0449092,1751924752.372174,batch_consumer-sts-0_20250707_214555_845608.csv,True,False,False,1751925135.3272393,414282.33003616333
4369,1751924721.0450978,1751924752.4000905,batch_consumer-sts-0_20250707_214555_845608.csv,True,False,False,1751925135.3272393,414282.14144706726
4379,1751924721.045286,1751924752.4278674,batch_consumer-sts-0_20250707_214555_845608.csv,True,False,False,1751925135.3272393,414281.95333480835
4389,1751924721.0454671,1751924752.4587831,batch_consumer-sts-0_20250707_214555_845608.csv,True,False,False,1751925135.3272393,414281.77213668823
4399,1751924721.0456512,1751924752.4868238,batch_consumer-sts-0_20250707_214555_845608.csv,True,False,False,1751925135.3272393,414281.58807754517
4409,1751924721.0458312,1751924752.5140758,batch_consumer-sts-0_20250707_214555_845608.csv,True,False,False,1751925135.3272393,414281.40807151794
4419,1751924721.0460207,1751924752.5418892,batch_consumer-sts-0_20250707_214555_845608.csv,True,False,False,1751925135.3272393,414281.21852874756
4429,1751924721.046237,1751924752.5700753,batch_consumer-sts-0_20250707_214555_845608.csv,True,False,False,1751925135.3272393,414281.0022830963
4439,1751924721.046463,1751924753.5996103,batch_consumer-sts-0_20250707_214555_845608.csv,True,False,False,1751925135.3272393,414280.7762622833
4449,1751924721.0466857,1751924753.6277106,batch_consumer-sts-0_20250707_214555_845608.csv,True,False,False,1751925135.3272393,414280.55357933044
4459,1751924721.046913,1751924753.655662,batch_consumer-sts-0_20250707_214555_845608.csv,True,False,False,1751925135.3272393,414280.32636642456
4469,1751924721.047133,1751924753.6834989,batch_consumer-sts-0_20250707_214555_845608.csv,True,False,False,1751925135.3272393,414280.10630607605
4479,1751924721.0473557,1751924753.710838,batch_consumer-sts-0_20250707_214555_845608.csv,True,False,False,1751925135.3272393,414279.88362312317
4489,1751924721.0475824,1751924753.738064,batch_consumer-sts-0_20250707_214555_845608.csv,True,False,False,1751925135.3272393,414279.65688705444
4499,1751924721.0478077,1751924753.7665794,batch_consumer-sts-0_20250707_214555_845608.csv,True,False,False,1751925135.3272393,414279.4315814972
4509,1751924721.0480332,1751924753.793732,batch_consumer-sts-0_20250707_214555_845608.csv,True,False,False,1751925135.3272393,414279.20603752136
4519,1751924721.0482602,1751924753.8204298,batch_consumer-sts-0_20250707_214555_845608.csv,True,False,False,1751925135.3272393,414278.97906303406
4529,1751924721.0484796,1751924753.8477676,batch_consumer-sts-0_20250707_214555_845608.csv,True,False,False,1751925135.3272393,414278.7597179413
4539,1751924721.0486956,1751924753.8749611,batch_consumer-sts-0_20250707_214555_845608.csv,True,False,False,1751925135.3272393,414278.5437107086
4549,1751924721.0489192,1751924753.9023273,batch_consumer-sts-0_20250707_214555_845608.csv,True,False,False,1751925135.3272393,414278.3200740814
4559,1751924721.04915,1751924753.9296024,batch_consumer-sts-0_20250707_214555_845608.csv,True,False,False,1751925135.3272393,414278.08928489685
4569,1751924721.0493815,1751924753.9571288,batch_consumer-sts-0_20250707_214555_845608.csv,True,False,False,1751925135.3272393,414277.85778045654
4579,1751924721.0496018,1751924753.9845722,batch_consumer-sts-0_20250707_214555_845608.csv,True,False,False,1751925135.3272393,414277.63748168945
4589,1751924721.0498278,1751924754.0113857,batch_consumer-sts-0_20250707_214555_845608.csv,True,False,False,1751925135.3272393,414277.41146087646
4599,1751924721.0500553,1751924754.03911,batch_consumer-sts-0_20250707_214555_845608.csv,True,False,False,1751925135.3272393,414277.184009552
4609,1751924721.0503004,1751924754.0665574,batch_consumer-sts-0_20250707_214555_845608.csv,True,False,False,1751925135.3272393,414276.9389152527
4619,1751924721.050532,1751924754.095812,batch_consumer-sts-0_20250707_214555_845608.csv,True,False,False,1751925135.3272393,414276.7071723938
4629,1751924721.0507593,1751924754.1228623,batch_consumer-sts-0_20250707_214555_845608.csv,True,False,False,1751925135.3272393,414276.4799594879
4639,1751924721.050979,1751924754.150371,batch_consumer-sts-0_20250707_214555_845608.csv,True,False,False,1751925135.3272393,414276.26037597656
4649,1751924721.0511985,1751924754.178025,batch_consumer-sts-0_20250707_214555_845608.csv,True,False,False,1751925135.3272393,414276.0407924652
4659,1751924721.0514233,1751924754.2051828,batch_consumer-sts-0_20250707_214555_845608.csv,True,False,False,1751925135.3272393,414275.8159637451
4669,1751924721.051648,1751924754.2326307,batch_consumer-sts-0_20250707_214555_845608.csv,True,False,False,1751925135.3272393,414275.5913734436
4679,1751924721.0518942,1751924754.2604403,batch_consumer-sts-0_20250707_214555_845608.csv,True,False,False,1751925135.3272393,414275.3450870514
4689,1751924721.0521264,1751924754.2887304,batch_consumer-sts-0_20250707_214555_845608.csv,True,False,False,1751925135.3272393,414275.11286735535
4699,1751924721.052349,1751924754.316162,batch_consumer-sts-0_20250707_214555_845608.csv,True,False,False,1751925135.3272393,414274.89018440247
4709,1751924721.0525768,1751924754.3442929,batch_consumer-sts-0_20250707_214555_845608.csv,True,False,False,1751925135.3272393,414274.6624946594
4719,1751924721.0527923,1751924754.370893,batch_consumer-sts-0_20250707_214555_845608.csv,True,False,False,1751925135.3272393,414274.4469642639
4729,1751924721.0530157,1751924754.3985217,batch_consumer-sts-0_20250707_214555_845608.csv,True,False,False,1751925135.3272393,414274.2235660553
4739,1751924721.053247,1751924754.4258604,batch_consumer-sts-0_20250707_214555_845608.csv,True,False,False,1751925135.3272393,414273.99230003357
4749,1751924721.0534651,1751924754.4550192,batch_consumer-sts-0_20250707_214555_845608.csv,True,False,False,1751925135.3272393,414273.7741470337
4759,1751924721.053692,1751924754.4830132,batch_consumer-sts-0_20250707_214555_845608.csv,True,False,False,1751925135.3272393,414273.5471725464
4769,1751924721.053917,1751924754.51053,batch_consumer-sts-0_20250707_214555_845608.csv,True,False,False,1751925135.3272393,414273.3223438263
4779,1751924721.0541434,1751924754.5383823,batch_consumer-sts-0_20250707_214555_845608.csv,True,False,False,1751925135.3272393,414273.09584617615
4789,1751924721.054383,1751924754.5663092,batch_consumer-sts-0_20250707_214555_845608.csv,True,False,False,1751925135.3272393,414272.85623550415
4799,1751924721.0546117,1751924754.5939553,batch_consumer-sts-0_20250707_214555_845608.csv,True,False,False,1751925135.3272393,414272.6275920868
4809,1751924721.0548334,1751924754.6211374,batch_consumer-sts-0_20250707_214555_845608.csv,True,False,False,1751925135.3272393,414272.4058628082
4819,1751924721.0550575,1751924755.2229395,batch_consumer-sts-0_20250707_214555_845608.csv,True,False,False,1751925135.3272393,414272.1817493439
4829,1751924721.0552852,1751924755.2511587,batch_consumer-sts-0_20250707_214555_845608.csv,True,False,False,1751925135.3272393,414271.95405960083
4839,1751924721.055513,1751924755.279116,batch_consumer-sts-0_20250707_214555_845608.csv,True,False,False,1751925135.3272393,414271.7263698578
4849,1751924721.0557315,1751924755.3075397,batch_consumer-sts-0_20250707_214555_845608.csv,True,False,False,1751925135.3272393,414271.50774002075
4859,1751924721.0559776,1751924755.3363006,batch_consumer-sts-0_20250707_214555_845608.csv,True,False,False,1751925135.3272393,414271.2616920471
4869,1751924721.0562072,1751924755.3626409,batch_consumer-sts-0_20250707_214555_845608.csv,True,False,False,1751925135.3272393,414271.03209495544
4879,1751924721.0564332,1751924755.3908908,batch_consumer-sts-0_20250707_214555_845608.csv,True,False,False,1751925135.3272393,414270.80607414246
4889,1751924721.0566533,1751924755.4184444,batch_consumer-sts-0_20250707_214555_845608.csv,True,False,False,1751925135.3272393,414270.58601379395
4899,1751924721.056882,1751924755.446665,batch_consumer-sts-0_20250707_214555_845608.csv,True,False,False,1751925135.3272393,414270.3573703766
4909,1751924721.0571113,1751924755.4771168,batch_consumer-sts-0_20250707_214555_845608.csv,True,False,False,1751925135.3272393,414270.1280117035
4919,1751924721.0573332,1751924755.5045707,batch_consumer-sts-0_20250707_214555_845608.csv,True,False,False,1751925135.3272393,414269.90604400635
4929,1751924721.0575612,1751924755.5323565,batch_consumer-sts-0_20250707_214555_845608.csv,True,False,False,1751925135.3272393,414269.6781158447
4939,1751924721.0577843,1751924755.5647266,batch_consumer-sts-0_20250707_214555_845608.csv,True,False,False,1751925135.3272393,414269.4549560547
4949,1751924721.058009,1751924755.593204,batch_consumer-sts-0_20250707_214555_845608.csv,True,False,False,1751925135.3272393,414269.2303657532
4959,1751924721.058238,1751924755.6193318,batch_consumer-sts-0_20250707_214555_845608.csv,True,False,False,1751925135.3272393,414269.00124549866
4969,1751924721.0584607,1751924755.6474998,batch_consumer-sts-0_20250707_214555_845608.csv,True,False,False,1751925135.3272393,414268.7785625458
4979,1751924721.0586913,1751924755.6793132,batch_consumer-sts-0_20250707_214555_845608.csv,True,False,False,1751925135.3272393,414268.5480117798
4989,1751924721.0589168,1751924755.7075262,batch_consumer-sts-0_20250707_214555_845608.csv,True,False,False,1751925135.3272393,414268.32246780396
4999,1751924721.0591457,1751924755.7352536,batch_consumer-sts-0_20250707_214555_845608.csv,True,False,False,1751925135.3272393,414268.093585968
5009,1751924721.0593686,1751924755.7629106,batch_consumer-sts-0_20250707_214555_845608.csv,True,False,False,1751925135.3272393,414267.87066459656
5019,1751924721.0595975,1751924755.7909274,batch_consumer-sts-0_20250707_214555_845608.csv,True,False,False,1751925135.3272393,414267.6417827606
5029,1751924721.0597785,1751924755.8181922,batch_consumer-sts-0_20250707_214555_845608.csv,True,False,False,1751925135.3272393,414267.4608230591
5039,1751924721.0599575,1751924756.107902,batch_consumer-sts-0_20250707_214601_189466.csv,True,False,False,1751925135.3272393,414267.2817707062
5049,1751924721.060142,1751924756.1358483,batch_consumer-sts-0_20250707_214601_189466.csv,True,False,False,1751925135.3272393,414267.09723472595
5059,1751924721.0603287,1751924756.163622,batch_consumer-sts-0_20250707_214601_189466.csv,True,False,False,1751925135.3272393,414266.9105529785
5069,1751924721.060512,1751924756.191571,batch_consumer-sts-0_20250707_214601_189466.csv,True,False,False,1751925135.3272393,414266.7272090912
5079,1751924721.0606928,1751924756.2186377,batch_consumer-sts-0_20250707_214601_189466.csv,True,False,False,1751925135.3272393,414266.5464878082
5089,1751924721.060872,1751924756.247965,batch_consumer-sts-0_20250707_214601_189466.csv,True,False,False,1751925135.3272393,414266.36719703674
5099,1751924721.0610807,1751924756.2763171,batch_consumer-sts-0_20250707_214601_189466.csv,True,False,False,1751925135.3272393,414266.15858078003
5109,1751924721.0612876,1751924756.3041048,batch_consumer-sts-0_20250707_214601_189466.csv,True,False,False,1751925135.3272393,414265.95163345337
5119,1751924721.0615368,1751924756.3319116,batch_consumer-sts-0_20250707_214601_189466.csv,True,False,False,1751925135.3272393,414265.7024860382
5129,1751924721.061771,1751924756.359713,batch_consumer-sts-0_20250707_214601_189466.csv,True,False,False,1751925135.3272393,414265.46835899353
5139,1751924721.061998,1751924756.387854,batch_consumer-sts-0_20250707_214601_189466.csv,True,False,False,1751925135.3272393,414265.2413845062
5149,1751924721.062235,1751924756.4153252,batch_consumer-sts-0_20250707_214601_189466.csv,True,False,False,1751925135.3272393,414265.00415802
5159,1751924721.062456,1751924756.443242,batch_consumer-sts-0_20250707_214601_189466.csv,True,False,False,1751925135.3272393,414264.7833824158
5169,1751924721.062672,1751924756.4709349,batch_consumer-sts-0_20250707_214601_189466.csv,True,False,False,1751925135.3272393,414264.5673751831
5179,1751924721.0628903,1751924756.4983406,batch_consumer-sts-0_20250707_214601_189466.csv,True,False,False,1751925135.3272393,414264.34898376465
5189,1751924721.0631094,1751924756.525907,batch_consumer-sts-0_20250707_214601_189466.csv,True,False,False,1751925135.3272393,414264.12987709045
5199,1751924721.063334,1751924756.5535305,batch_consumer-sts-0_20250707_214601_189466.csv,True,False,False,1751925135.3272393,414263.90528678894
5209,1751924721.063553,1751924756.5808809,batch_consumer-sts-0_20250707_214601_189466.csv,True,False,False,1751925135.3272393,414263.68618011475
5219,1751924721.0637777,1751924756.6075804,batch_consumer-sts-0_20250707_214601_189466.csv,True,False,False,1751925135.3272393,414263.46158981323
5229,1751924721.0640016,1751924756.634831,batch_consumer-sts-0_20250707_214601_189466.csv,True,False,False,1751925135.3272393,414263.23771476746
5239,1751924721.064223,1751924756.6626828,batch_consumer-sts-0_20250707_214601_189466.csv,True,False,False,1751925135.3272393,414263.01622390747
5249,1751924721.064444,1751924756.9877834,batch_consumer-sts-0_20250707_214601_189466.csv,True,False,False,1751925135.3272393,414262.79520988464
5259,1751924721.0646665,1751924757.015074,batch_consumer-sts-0_20250707_214601_189466.csv,True,False,False,1751925135.3272393,414262.57276535034
5269,1751924721.0648956,1751924757.3342264,batch_consumer-sts-0_20250707_214601_189466.csv,True,False,False,1751925135.3272393,414262.3436450958
5279,1751924721.0651162,1751924757.363163,batch_consumer-sts-0_20250707_214601_189466.csv,True,False,False,1751925135.3272393,414262.12310791016
5289,1751924721.065339,1751924757.3915749,batch_consumer-sts-0_20250707_214601_189466.csv,True,False,False,1751925135.3272393,414261.9001865387
5299,1751924721.0655684,1751924757.4191694,batch_consumer-sts-0_20250707_214601_189466.csv,True,False,False,1751925135.3272393,414261.6708278656
5309,1751924721.0657868,1751924757.4472752,batch_consumer-sts-0_20250707_214601_189466.csv,True,False,False,1751925135.3272393,414261.45243644714
5319,1751924721.066012,1751924757.4760897,batch_consumer-sts-0_20250707_214601_189466.csv,True,False,False,1751925135.3272393,414261.2273693085
5329,1751924721.0662389,1751924757.5037763,batch_consumer-sts-0_20250707_214601_189466.csv,True,False,False,1751925135.3272393,414261.00039482117
5339,1751924721.0664506,1751924757.5316565,batch_consumer-sts-0_20250707_214601_189466.csv,True,False,False,1751925135.3272393,414260.7886791229
5349,1751924721.0666678,1751924757.5594776,batch_consumer-sts-0_20250707_214601_189466.csv,True,False,False,1751925135.3272393,414260.57147979736
5359,1751924721.0668893,1751924757.5879147,batch_consumer-sts-0_20250707_214601_189466.csv,True,False,False,1751925135.3272393,414260.3499889374
5369,1751924721.0671089,1751924757.6165075,batch_consumer-sts-0_20250707_214601_189466.csv,True,False,False,1751925135.3272393,414260.130405426
5379,1751924721.0673552,1751924757.6442547,batch_consumer-sts-0_20250707_214601_189466.csv,True,False,False,1751925135.3272393,414259.8841190338
5389,1751924721.067572,1751924757.6731105,batch_consumer-sts-0_20250707_214601_189466.csv,True,False,False,1751925135.3272393,414259.66715812683
5399,1751924721.0677922,1751924757.700844,batch_consumer-sts-0_20250707_214601_189466.csv,True,False,False,1751925135.3272393,414259.4470977783
5409,1751924721.0680113,1751924757.7285707,batch_consumer-sts-0_20250707_214601_189466.csv,True,False,False,1751925135.3272393,414259.2279911041
5419,1751924721.0682364,1751924757.75637,batch_consumer-sts-0_20250707_214601_189466.csv,True,False,False,1751925135.3272393,414259.00292396545
5429,1751924721.068455,1751924757.7849312,batch_consumer-sts-0_20250707_214601_189466.csv,True,False,False,1751925135.3272393,414258.7842941284
5439,1751924721.0686777,1751924758.814631,batch_consumer-sts-0_20250707_214601_189466.csv,True,False,False,1751925135.3272393,414258.56161117554
5449,1751924721.0689042,1751924758.8708851,batch_consumer-sts-0_20250707_214601_189466.csv,True,False,False,1751925135.3272393,414258.3351135254
5459,1751924721.0691214,1751924758.8998022,batch_consumer-sts-0_20250707_214601_189466.csv,True,False,False,1751925135.3272393,414258.1179141998
5469,1751924721.069347,1751924758.9280949,batch_consumer-sts-0_20250707_214601_189466.csv,True,False,False,1751925135.3272393,414257.892370224
5479,1751924721.0695655,1751924758.9564617,batch_consumer-sts-0_20250707_214601_189466.csv,True,False,False,1751925135.3272393,414257.67374038696
5489,1751924721.0697894,1751924758.9848487,batch_consumer-sts-0_20250707_214601_189466.csv,True,False,False,1751925135.3272393,414257.4498653412
5499,1751924721.0700138,1751924759.0123515,batch_consumer-sts-0_20250707_214601_189466.csv,True,False,False,1751925135.3272393,414257.22551345825
5509,1751924721.0702417,1751924759.043348,batch_consumer-sts-0_20250707_214601_189466.csv,True,False,False,1751925135.3272393,414256.99758529663
5519,1751924721.070461,1751924759.0714748,batch_consumer-sts-0_20250707_214601_189466.csv,True,False,False,1751925135.3272393,414256.77824020386
5529,1751924721.0706773,1751924759.0994267,batch_consumer-sts-0_20250707_214601_189466.csv,True,False,False,1751925135.3272393,414256.5619945526
5539,1751924721.0708983,1751924759.127172,batch_consumer-sts-0_20250707_214601_189466.csv,True,False,False,1751925135.3272393,414256.3409805298
5549,1751924721.0711243,1751924759.1552217,batch_consumer-sts-0_20250707_214601_189466.csv,True,False,False,1751925135.3272393,414256.1149597168
5559,1751924721.0713503,1751924759.187709,batch_consumer-sts-0_20250707_214601_189466.csv,True,False,False,1751925135.3272393,414255.8889389038
5569,1751924721.0715816,1751924759.2148778,batch_consumer-sts-0_20250707_214601_189466.csv,True,False,False,1751925135.3272393,414255.6576728821
5579,1751924721.071844,1751924759.242868,batch_consumer-sts-0_20250707_214601_189466.csv,True,False,False,1751925135.3272393,414255.3951740265
5589,1751924721.0720654,1751924759.2705588,batch_consumer-sts-0_20250707_214601_189466.csv,True,False,False,1751925135.3272393,414255.1739215851
5599,1751924721.0722935,1751924759.2982278,batch_consumer-sts-0_20250707_214601_189466.csv,True,False,False,1751925135.3272393,414254.9457550049
5609,1751924721.0725336,1751924759.4611778,batch_consumer-sts-0_20250707_214601_189466.csv,True,False,False,1751925135.3272393,414254.7056674957
5619,1751924721.0727806,1751924759.4890597,batch_consumer-sts-0_20250707_214601_189466.csv,True,False,False,1751925135.3272393,414254.4586658478
5629,1751924721.0730257,1751924759.5165205,batch_consumer-sts-0_20250707_214601_189466.csv,True,False,False,1751925135.3272393,414254.21357154846
5639,1751924721.073266,1751924759.544567,batch_consumer-sts-0_20250707_214601_189466.csv,True,False,False,1751925135.3272393,414253.9732456207
5649,1751924721.0735085,1751924759.5725317,batch_consumer-sts-0_20250707_214601_189466.csv,True,False,False,1751925135.3272393,414253.7307739258
5659,1751924721.073741,1751924759.600499,batch_consumer-sts-0_20250707_214601_189466.csv,True,False,False,1751925135.3272393,414253.49831581116
5669,1751924721.0739925,1751924759.6283767,batch_consumer-sts-0_20250707_214601_189466.csv,True,False,False,1751925135.3272393,414253.2467842102
5679,1751924721.0742123,1751924759.656249,batch_consumer-sts-0_20250707_214601_189466.csv,True,False,False,1751925135.3272393,414253.0269622803
5689,1751924721.07445,1751924759.6860292,batch_consumer-sts-0_20250707_214601_189466.csv,True,False,False,1751925135.3272393,414252.7892589569
5699,1751924721.0746903,1751924759.7131884,batch_consumer-sts-0_20250707_214601_189466.csv,True,False,False,1751925135.3272393,414252.5489330292
5709,1751924721.074913,1751924759.7416358,batch_consumer-sts-0_20250707_214601_189466.csv,True,False,False,1751925135.3272393,414252.3262500763
5719,1751924721.075148,1751924760.2859936,batch_consumer-sts-0_20250707_214601_189466.csv,True,False,False,1751925135.3272393,414252.0911693573
5729,1751924721.0754066,1751924760.3133714,batch_consumer-sts-0_20250707_214601_189466.csv,True,False,False,1751925135.3272393,414251.83272361755
5739,1751924721.0756128,1751924760.3419316,batch_consumer-sts-0_20250707_214601_189466.csv,True,False,False,1751925135.3272393,414251.62649154663
5749,1751924721.0758169,1751924760.3701413,batch_consumer-sts-0_20250707_214601_189466.csv,True,False,False,1751925135.3272393,414251.4224052429
5759,1751924721.0760078,1751924760.3974853,batch_consumer-sts-0_20250707_214601_189466.csv,True,False,False,1751925135.3272393,414251.23143196106
5769,1751924721.076229,1751924760.4258373,batch_consumer-sts-0_20250707_214601_189466.csv,True,False,False,1751925135.3272393,414251.01017951965
5779,1751924721.076474,1751924760.454786,batch_consumer-sts-0_20250707_214601_189466.csv,True,False,False,1751925135.3272393,414250.7653236389
5789,1751924721.076701,1751924760.4834156,batch_consumer-sts-0_20250707_214601_189466.csv,True,False,False,1751925135.3272393,414250.5383491516
5799,1751924721.0769398,1751924760.5112803,batch_consumer-sts-0_20250707_214601_189466.csv,True,False,False,1751925135.3272393,414250.29945373535
5809,1751924721.0771716,1751924760.5393865,batch_consumer-sts-0_20250707_214601_189466.csv,True,False,False,1751925135.3272393,414250.06771087646
5819,1751924721.0774107,1751924760.567757,batch_consumer-sts-0_20250707_214601_189466.csv,True,False,False,1751925135.3272393,414249.8285770416
5829,1751924721.077655,1751924760.596277,batch_consumer-sts-0_20250707_214601_189466.csv,True,False,False,1751925135.3272393,414249.58419799805
5839,1751924721.077894,1751924760.6246028,batch_consumer-sts-0_20250707_214601_189466.csv,True,False,False,1751925135.3272393,414249.3453025818
5849,1751924721.0781312,1751924760.6521451,batch_consumer-sts-0_20250707_214601_189466.csv,True,False,False,1751925135.3272393,414249.1080760956
5859,1751924721.0783908,1751924760.6800723,batch_consumer-sts-0_20250707_214601_189466.csv,True,False,False,1751925135.3272393,414248.84843826294
5869,1751924721.0786211,1751924760.707852,batch_consumer-sts-0_20250707_214601_189466.csv,True,False,False,1751925135.3272393,414248.6181259155
5879,1751924721.0788548,1751924760.7361135,batch_consumer-sts-0_20250707_214601_189466.csv,True,False,False,1751925135.3272393,414248.384475708
5889,1751924721.0790904,1751924760.7640283,batch_consumer-sts-0_20250707_214601_189466.csv,True,False,False,1751925135.3272393,414248.14891815186
5899,1751924721.0793216,1751924760.7917137,batch_consumer-sts-0_20250707_214601_189466.csv,True,False,False,1751925135.3272393,414247.9176521301
5909,1751924721.0795436,1751924760.818617,batch_consumer-sts-0_20250707_214601_189466.csv,True,False,False,1751925135.3272393,414247.695684433
5919,1751924721.079769,1751924760.8472028,batch_consumer-sts-0_20250707_214601_189466.csv,True,False,False,1751925135.3272393,414247.47037887573
5929,1751924721.079995,1751924760.8750184,batch_consumer-sts-0_20250707_214601_189466.csv,True,False,False,1751925135.3272393,414247.24435806274
5939,1751924721.080221,1751924760.9032478,batch_consumer-sts-0_20250707_214601_189466.csv,True,False,False,1751925135.3272393,414247.01833724976
5949,1751924721.0804577,1751924760.9306335,batch_consumer-sts-0_20250707_214601_189466.csv,True,False,False,1751925135.3272393,414246.7815876007
5959,1751924721.0806854,1751924760.966491,batch_consumer-sts-0_20250707_214601_189466.csv,True,False,False,1751925135.3272393,414246.55389785767
5969,1751924721.0809083,1751924760.9941857,batch_consumer-sts-0_20250707_214601_189466.csv,True,False,False,1751925135.3272393,414246.3309764862
5979,1751924721.0811338,1751924761.0211396,batch_consumer-sts-0_20250707_214601_189466.csv,True,False,False,1751925135.3272393,414246.1054325104
5989,1751924721.0813568,1751924761.0499697,batch_consumer-sts-0_20250707_214601_189466.csv,True,False,False,1751925135.3272393,414245.8825111389
5999,1751924721.081584,1751924761.0775106,batch_consumer-sts-0_20250707_214601_189466.csv,True,False,False,1751925135.3272393,414245.65529823303
6009,1751924721.0818126,1751924761.105333,batch_consumer-sts-0_20250707_214601_189466.csv,True,False,False,1751925135.3272393,414245.4266548157
6019,1751924721.08204,1751924761.1330302,batch_consumer-sts-0_20250707_214601_189466.csv,True,False,False,1751925135.3272393,414245.1992034912
6029,1751924721.0822835,1751924761.1606157,batch_consumer-sts-0_20250707_214601_189466.csv,True,False,False,1751925135.3272393,414244.95577812195
6039,1751924721.0825088,1751924761.4388268,batch_consumer-sts-0_20250707_214605_663215.csv,True,False,False,1751925135.3272393,414244.7304725647
6049,1751924721.0827413,1751924761.4676704,batch_consumer-sts-0_20250707_214605_663215.csv,True,False,False,1751925135.3272393,414244.4980144501
6059,1751924721.082972,1751924761.4954364,batch_consumer-sts-0_20250707_214605_663215.csv,True,False,False,1751925135.3272393,414244.2672252655
6069,1751924721.083215,1751924761.523169,batch_consumer-sts-0_20250707_214605_663215.csv,True,False,False,1751925135.3272393,414244.0242767334
6079,1751924721.0834382,1751924761.5511324,batch_consumer-sts-0_20250707_214605_663215.csv,True,False,False,1751925135.3272393,414243.80111694336
6089,1751924721.0836654,1751924761.5779562,batch_consumer-sts-0_20250707_214605_663215.csv,True,False,False,1751925135.3272393,414243.5739040375
6099,1751924721.0838945,1751924761.6060967,batch_consumer-sts-0_20250707_214605_663215.csv,True,False,False,1751925135.3272393,414243.34478378296
6109,1751924721.084123,1751924761.6342185,batch_consumer-sts-0_20250707_214605_663215.csv,True,False,False,1751925135.3272393,414243.1163787842
6119,1751924721.0843492,1751924761.6626737,batch_consumer-sts-0_20250707_214605_663215.csv,True,False,False,1751925135.3272393,414242.8901195526
6129,1751924721.0845742,1751924761.6908882,batch_consumer-sts-0_20250707_214605_663215.csv,True,False,False,1751925135.3272393,414242.66505241394
6139,1751924721.0848093,1751924761.7183263,batch_consumer-sts-0_20250707_214605_663215.csv,True,False,False,1751925135.3272393,414242.42997169495
6149,1751924721.0850406,1751924761.7466617,batch_consumer-sts-0_20250707_214605_663215.csv,True,False,False,1751925135.3272393,414242.1987056732
6159,1751924721.0852642,1751924761.7746265,batch_consumer-sts-0_20250707_214605_663215.csv,True,False,False,1751925135.3272393,414241.975069046
6169,1751924721.085492,1751924761.8022163,batch_consumer-sts-0_20250707_214605_663215.csv,True,False,False,1751925135.3272393,414241.747379303
6179,1751924721.0857153,1751924761.9072402,batch_consumer-sts-0_20250707_214605_663215.csv,True,False,False,1751925135.3272393,414241.52398109436
6189,1751924721.0859468,1751924761.933939,batch_consumer-sts-0_20250707_214605_663215.csv,True,False,False,1751925135.3272393,414241.29247665405
6199,1751924721.0861804,1751924761.9617534,batch_consumer-sts-0_20250707_214605_663215.csv,True,False,False,1751925135.3272393,414241.05882644653
6209,1751924721.0864155,1751924761.9900427,batch_consumer-sts-0_20250707_214605_663215.csv,True,False,False,1751925135.3272393,414240.82374572754
6219,1751924721.0866404,1751924762.0173357,batch_consumer-sts-0_20250707_214605_663215.csv,True,False,False,1751925135.3272393,414240.59891700745
6229,1751924721.086869,1751924762.0455356,batch_consumer-sts-0_20250707_214605_663215.csv,True,False,False,1751925135.3272393,414240.3702735901
6239,1751924721.0870934,1751924762.0728674,batch_consumer-sts-0_20250707_214605_663215.csv,True,False,False,1751925135.3272393,414240.14592170715
6249,1751924721.0873206,1751924762.100282,batch_consumer-sts-0_20250707_214605_663215.csv,True,False,False,1751925135.3272393,414239.91870880127
6259,1751924721.0875404,1751924762.1277275,batch_consumer-sts-0_20250707_214605_663215.csv,True,False,False,1751925135.3272393,414239.69888687134
6269,1751924721.0877714,1751924762.1630716,batch_consumer-sts-0_20250707_214605_663215.csv,True,False,False,1751925135.3272393,414239.4678592682
6279,1751924721.0879996,1751924762.1996794,batch_consumer-sts-0_20250707_214605_663215.csv,True,False,False,1751925135.3272393,414239.239692688
6289,1751924721.0882246,1751924762.2269711,batch_consumer-sts-0_20250707_214605_663215.csv,True,False,False,1751925135.3272393,414239.0146255493
6299,1751924721.088448,1751924762.255396,batch_consumer-sts-0_20250707_214605_663215.csv,True,False,False,1751925135.3272393,414238.7912273407
6309,1751924721.088683,1751924762.2831168,batch_consumer-sts-0_20250707_214605_663215.csv,True,False,False,1751925135.3272393,414238.5563850403
6319,1751924721.088905,1751924762.310387,batch_consumer-sts-0_20250707_214605_663215.csv,True,False,False,1751925135.3272393,414238.33417892456
6329,1751924721.0891304,1751924762.3381624,batch_consumer-sts-0_20250707_214605_663215.csv,True,False,False,1751925135.3272393,414238.1088733673
6339,1751924721.089358,1751924762.3648934,batch_consumer-sts-0_20250707_214605_663215.csv,True,False,False,1751925135.3272393,414237.88118362427
6349,1751924721.0895824,1751924762.392831,batch_consumer-sts-0_20250707_214605_663215.csv,True,False,False,1751925135.3272393,414237.65683174133
6359,1751924721.0898302,1751924762.420122,batch_consumer-sts-0_20250707_214605_663215.csv,True,False,False,1751925135.3272393,414237.40911483765
6369,1751924721.090026,1751924762.4479222,batch_consumer-sts-0_20250707_214605_663215.csv,True,False,False,1751925135.3272393,414237.2133731842
6379,1751924721.0902402,1751924762.475805,batch_consumer-sts-0_20250707_214605_663215.csv,True,False,False,1751925135.3272393,414236.9990348816
6389,1751924721.0904713,1751924762.5039945,batch_consumer-sts-0_20250707_214605_663215.csv,True,False,False,1751925135.3272393,414236.76800727844
6399,1751924721.0907054,1751924762.5327978,batch_consumer-sts-0_20250707_214605_663215.csv,True,False,False,1751925135.3272393,414236.53388023376
6409,1751924721.090945,1751924762.5605838,batch_consumer-sts-0_20250707_214605_663215.csv,True,False,False,1751925135.3272393,414236.29426956177
6419,1751924721.091174,1751924762.5891943,batch_consumer-sts-0_20250707_214605_663215.csv,True,False,False,1751925135.3272393,414236.06538772583
6429,1751924721.091406,1751924762.6167858,batch_consumer-sts-0_20250707_214605_663215.csv,True,False,False,1751925135.3272393,414235.8331680298
6439,1751924721.091661,1751924762.645033,batch_consumer-sts-0_20250707_214605_663215.csv,True,False,False,1751925135.3272393,414235.5782985687
6449,1751924721.0918818,1751924762.6736038,batch_consumer-sts-0_20250707_214605_663215.csv,True,False,False,1751925135.3272393,414235.3575229645
6459,1751924721.092112,1751924762.7017703,batch_consumer-sts-0_20250707_214605_663215.csv,True,False,False,1751925135.3272393,414235.12721061707
6469,1751924721.092344,1751924762.729946,batch_consumer-sts-0_20250707_214605_663215.csv,True,False,False,1751925135.3272393,414234.8952293396
6479,1751924721.0925665,1751924762.75843,batch_consumer-sts-0_20250707_214605_663215.csv,True,False,False,1751925135.3272393,414234.6727848053
6489,1751924721.0927937,1751924762.7872496,batch_consumer-sts-0_20250707_214605_663215.csv,True,False,False,1751925135.3272393,414234.4455718994
6499,1751924721.0930264,1751924762.8146544,batch_consumer-sts-0_20250707_214605_663215.csv,True,False,False,1751925135.3272393,414234.2128753662
6509,1751924721.0932522,1751924762.8425894,batch_consumer-sts-0_20250707_214605_663215.csv,True,False,False,1751925135.3272393,414233.9870929718
6519,1751924721.0934763,1751924762.870596,batch_consumer-sts-0_20250707_214605_663215.csv,True,False,False,1751925135.3272393,414233.76297950745
6529,1751924721.0937011,1751924762.898393,batch_consumer-sts-0_20250707_214605_663215.csv,True,False,False,1751925135.3272393,414233.53815078735
6539,1751924721.093924,1751924762.925944,batch_consumer-sts-0_20250707_214605_663215.csv,True,False,False,1751925135.3272393,414233.3152294159
6549,1751924721.0941603,1751924762.9537067,batch_consumer-sts-0_20250707_214605_663215.csv,True,False,False,1751925135.3272393,414233.078956604
6559,1751924721.0943902,1751924762.9816148,batch_consumer-sts-0_20250707_214605_663215.csv,True,False,False,1751925135.3272393,414232.84912109375
6569,1751924721.0946138,1751924763.0322466,batch_consumer-sts-0_20250707_214605_663215.csv,True,False,False,1751925135.3272393,414232.62548446655
6579,1751924721.0948417,1751924763.0599618,batch_consumer-sts-0_20250707_214605_663215.csv,True,False,False,1751925135.3272393,414232.39755630493
6589,1751924721.095076,1751924763.0879314,batch_consumer-sts-0_20250707_214605_663215.csv,True,False,False,1751925135.3272393,414232.1631908417
6599,1751924721.0952992,1751924763.1149714,batch_consumer-sts-0_20250707_214605_663215.csv,True,False,False,1751925135.3272393,414231.94003105164
6609,1751924721.095523,1751924763.142005,batch_consumer-sts-0_20250707_214605_663215.csv,True,False,False,1751925135.3272393,414231.71615600586
6619,1751924721.0957484,1751924763.169697,batch_consumer-sts-0_20250707_214605_663215.csv,True,False,False,1751925135.3272393,414231.4908504486
6629,1751924721.0959716,1751924763.197858,batch_consumer-sts-0_20250707_214605_663215.csv,True,False,False,1751925135.3272393,414231.26769065857
6639,1751924721.0961998,1751924764.2279196,batch_consumer-sts-0_20250707_214605_663215.csv,True,False,False,1751925135.3272393,414231.03952407837
6649,1751924721.0964508,1751924764.2558668,batch_consumer-sts-0_20250707_214605_663215.csv,True,False,False,1751925135.3272393,414230.7884693146
6659,1751924721.0966802,1751924764.2835784,batch_consumer-sts-0_20250707_214605_663215.csv,True,False,False,1751925135.3272393,414230.5591106415
6669,1751924721.096907,1751924764.3113203,batch_consumer-sts-0_20250707_214605_663215.csv,True,False,False,1751925135.3272393,414230.33237457275
6679,1751924721.097128,1751924764.338273,batch_consumer-sts-0_20250707_214605_663215.csv,True,False,False,1751925135.3272393,414230.1113605499
6689,1751924721.0973518,1751924764.366338,batch_consumer-sts-0_20250707_214605_663215.csv,True,False,False,1751925135.3272393,414229.88748550415
6699,1751924721.0975728,1751924764.394312,batch_consumer-sts-0_20250707_214605_663215.csv,True,False,False,1751925135.3272393,414229.6664714813
6709,1751924721.0977974,1751924764.4217968,batch_consumer-sts-0_20250707_214605_663215.csv,True,False,False,1751925135.3272393,414229.4418811798
6719,1751924721.098027,1751924764.450021,batch_consumer-sts-0_20250707_214605_663215.csv,True,False,False,1751925135.3272393,414229.21228408813
6729,1751924721.0982614,1751924764.478071,batch_consumer-sts-0_20250707_214605_663215.csv,True,False,False,1751925135.3272393,414228.9779186249
6739,1751924721.0984848,1751924764.5062346,batch_consumer-sts-0_20250707_214605_663215.csv,True,False,False,1751925135.3272393,414228.75452041626
6749,1751924721.0987082,1751924764.533366,batch_consumer-sts-0_20250707_214605_663215.csv,True,False,False,1751925135.3272393,414228.53112220764
6759,1751924721.098935,1751924764.561239,batch_consumer-sts-0_20250707_214605_663215.csv,True,False,False,1751925135.3272393,414228.3043861389
6769,1751924721.0996652,1751924764.5885224,batch_consumer-sts-0_20250707_214605_663215.csv,True,False,False,1751925135.3272393,414227.5741100311
6779,1751924721.0999024,1751924764.6159306,batch_consumer-sts-0_20250707_214605_663215.csv,True,False,False,1751925135.3272393,414227.3368835449
6789,1751924721.100127,1751924764.6437602,batch_consumer-sts-0_20250707_214605_663215.csv,True,False,False,1751925135.3272393,414227.1122932434
6799,1751924721.1003747,1751924764.6723669,batch_consumer-sts-0_20250707_214605_663215.csv,True,False,False,1751925135.3272393,414226.8645763397
6809,1751924721.1006043,1751924764.700574,batch_consumer-sts-0_20250707_214605_663215.csv,True,False,False,1751925135.3272393,414226.63497924805
6819,1751924721.100842,1751924764.7282689,batch_consumer-sts-0_20250707_214605_663215.csv,True,False,False,1751925135.3272393,414226.3972759247
6829,1751924721.1010714,1751924764.7557957,batch_consumer-sts-0_20250707_214605_663215.csv,True,False,False,1751925135.3272393,414226.1679172516
6839,1751924721.1013074,1751924764.785329,batch_consumer-sts-0_20250707_214605_663215.csv,True,False,False,1751925135.3272393,414225.9318828583
6849,1751924721.1015377,1751924764.8125978,batch_consumer-sts-0_20250707_214605_663215.csv,True,False,False,1751925135.3272393,414225.70157051086
6859,1751924721.1017678,1751924764.8401475,batch_consumer-sts-0_20250707_214605_663215.csv,True,False,False,1751925135.3272393,414225.47149658203
6869,1751924721.1020038,1751924764.867993,batch_consumer-sts-0_20250707_214605_663215.csv,True,False,False,1751925135.3272393,414225.2354621887
6879,1751924721.102249,1751924765.216383,batch_consumer-sts-0_20250707_214605_663215.csv,True,False,False,1751925135.3272393,414224.9903678894
6889,1751924721.1024818,1751924765.244363,batch_consumer-sts-0_20250707_214605_663215.csv,True,False,False,1751925135.3272393,414224.7574329376
6899,1751924721.102721,1751924765.2720432,batch_consumer-sts-0_20250707_214605_663215.csv,True,False,False,1751925135.3272393,414224.5182991028
6909,1751924721.1029544,1751924765.2997637,batch_consumer-sts-0_20250707_214605_663215.csv,True,False,False,1751925135.3272393,414224.28488731384
6919,1751924721.1031806,1751924765.3276644,batch_consumer-sts-0_20250707_214605_663215.csv,True,False,False,1751925135.3272393,414224.0586280823
6929,1751924721.1034088,1751924765.355498,batch_consumer-sts-0_20250707_214605_663215.csv,True,False,False,1751925135.3272393,414223.8304615021
6939,1751924721.1036372,1751924765.3837953,batch_consumer-sts-0_20250707_214605_663215.csv,True,False,False,1751925135.3272393,414223.6020565033
6949,1751924721.103865,1751924765.411325,batch_consumer-sts-0_20250707_214605_663215.csv,True,False,False,1751925135.3272393,414223.37436676025
6959,1751924721.1040912,1751924765.439692,batch_consumer-sts-0_20250707_214605_663215.csv,True,False,False,1751925135.3272393,414223.1481075287
6969,1751924721.1043231,1751924765.4676342,batch_consumer-sts-0_20250707_214605_663215.csv,True,False,False,1751925135.3272393,414222.9161262512
6979,1751924721.1045468,1751924765.4953132,batch_consumer-sts-0_20250707_214605_663215.csv,True,False,False,1751925135.3272393,414222.692489624
6989,1751924721.1047814,1751924765.5234685,batch_consumer-sts-0_20250707_214605_663215.csv,True,False,False,1751925135.3272393,414222.4578857422
6999,1751924721.1050143,1751924765.5515213,batch_consumer-sts-0_20250707_214605_663215.csv,True,False,False,1751925135.3272393,414222.2249507904
7009,1751924721.1052065,1751924765.57945,batch_consumer-sts-0_20250707_214605_663215.csv,True,False,False,1751925135.3272393,414222.03278541565
7019,1751924721.1053922,1751924765.6066396,batch_consumer-sts-0_20250707_214605_663215.csv,True,False,False,1751925135.3272393,414221.84705734253
7029,1751924721.105578,1751924765.6345994,batch_consumer-sts-0_20250707_214605_663215.csv,True,False,False,1751925135.3272393,414221.6613292694
7039,1751924721.105762,1751924765.9026885,batch_consumer-sts-0_20250707_214610_931586.csv,True,False,False,1751925135.3272393,414221.47727012634
7049,1751924721.10596,1751924765.9307086,batch_consumer-sts-0_20250707_214610_931586.csv,True,False,False,1751925135.3272393,414221.2793827057
7059,1751924721.1061487,1751924765.9679751,batch_consumer-sts-0_20250707_214610_931586.csv,True,False,False,1751925135.3272393,414221.09055519104
7069,1751924721.106389,1751924765.9966855,batch_consumer-sts-0_20250707_214610_931586.csv,True,False,False,1751925135.3272393,414220.8502292633
7079,1751924721.1066098,1751924766.0245245,batch_consumer-sts-0_20250707_214610_931586.csv,True,False,False,1751925135.3272393,414220.62945365906
7089,1751924721.1068363,1751924766.052547,batch_consumer-sts-0_20250707_214610_931586.csv,True,False,False,1751925135.3272393,414220.4029560089
7099,1751924721.1070735,1751924766.0802984,batch_consumer-sts-0_20250707_214610_931586.csv,True,False,False,1751925135.3272393,414220.1657295227
7109,1751924721.1073031,1751924766.1077423,batch_consumer-sts-0_20250707_214610_931586.csv,True,False,False,1751925135.3272393,414219.93613243103
7119,1751924721.107533,1751924766.135735,batch_consumer-sts-0_20250707_214610_931586.csv,True,False,False,1751925135.3272393,414219.7062969208
7129,1751924721.107761,1751924766.1639926,batch_consumer-sts-0_20250707_214610_931586.csv,True,False,False,1751925135.3272393,414219.47836875916
7139,1751924721.107986,1751924766.1919782,batch_consumer-sts-0_20250707_214610_931586.csv,True,False,False,1751925135.3272393,414219.2533016205
7149,1751924721.1082156,1751924766.2192042,batch_consumer-sts-0_20250707_214610_931586.csv,True,False,False,1751925135.3272393,414219.0237045288
7159,1751924721.1084464,1751924766.2476754,batch_consumer-sts-0_20250707_214610_931586.csv,True,False,False,1751925135.3272393,414218.79291534424
7169,1751924721.108673,1751924766.2754364,batch_consumer-sts-0_20250707_214610_931586.csv,True,False,False,1751925135.3272393,414218.5661792755
7179,1751924721.108904,1751924766.3029668,batch_consumer-sts-0_20250707_214610_931586.csv,True,False,False,1751925135.3272393,414218.33539009094
7189,1751924721.109172,1751924766.3332424,batch_consumer-sts-0_20250707_214610_931586.csv,True,False,False,1751925135.3272393,414218.06716918945
7199,1751924721.1094162,1751924766.360801,batch_consumer-sts-0_20250707_214610_931586.csv,True,False,False,1751925135.3272393,414217.82302856445
7209,1751924721.1096616,1751924766.3884523,batch_consumer-sts-0_20250707_214610_931586.csv,True,False,False,1751925135.3272393,414217.57769584656
7219,1751924721.1098907,1751924766.4158351,batch_consumer-sts-0_20250707_214610_931586.csv,True,False,False,1751925135.3272393,414217.34857559204
7229,1751924721.1101303,1751924766.443791,batch_consumer-sts-0_20250707_214610_931586.csv,True,False,False,1751925135.3272393,414217.10896492004
7239,1751924721.1104002,1751924766.4724832,batch_consumer-sts-0_20250707_214610_931586.csv,True,False,False,1751925135.3272393,414216.8390750885
7249,1751924721.1106277,1751924766.5002851,batch_consumer-sts-0_20250707_214610_931586.csv,True,False,False,1751925135.3272393,414216.61162376404
7259,1751924721.1108496,1751924766.5279958,batch_consumer-sts-0_20250707_214610_931586.csv,True,False,False,1751925135.3272393,414216.3896560669
7269,1751924721.1110797,1751924766.5550976,batch_consumer-sts-0_20250707_214610_931586.csv,True,False,False,1751925135.3272393,414216.15958213806
7279,1751924721.1113122,1751924766.5824687,batch_consumer-sts-0_20250707_214610_931586.csv,True,False,False,1751925135.3272393,414215.92712402344
7289,1751924721.1115437,1751924766.6097236,batch_consumer-sts-0_20250707_214610_931586.csv,True,False,False,1751925135.3272393,414215.69561958313
7299,1751924721.1117744,1751924766.6375842,batch_consumer-sts-0_20250707_214610_931586.csv,True,False,False,1751925135.3272393,414215.46483039856
7309,1751924721.112003,1751924766.665482,batch_consumer-sts-0_20250707_214610_931586.csv,True,False,False,1751925135.3272393,414215.2361869812
7319,1751924721.1122289,1751924766.693637,batch_consumer-sts-0_20250707_214610_931586.csv,True,False,False,1751925135.3272393,414215.0104045868
7329,1751924721.1124575,1751924766.7209303,batch_consumer-sts-0_20250707_214610_931586.csv,True,False,False,1751925135.3272393,414214.78176116943
7339,1751924721.1126838,1751924766.7499104,batch_consumer-sts-0_20250707_214610_931586.csv,True,False,False,1751925135.3272393,414214.55550193787
7349,1751924721.112909,1751924766.7776806,batch_consumer-sts-0_20250707_214610_931586.csv,True,False,False,1751925135.3272393,414214.3301963806
7359,1751924721.1131408,1751924766.8050568,batch_consumer-sts-0_20250707_214610_931586.csv,True,False,False,1751925135.3272393,414214.0984535217
7369,1751924721.1133714,1751924766.832693,batch_consumer-sts-0_20250707_214610_931586.csv,True,False,False,1751925135.3272393,414213.86790275574
7379,1751924721.113591,1751924766.8605022,batch_consumer-sts-0_20250707_214610_931586.csv,True,False,False,1751925135.3272393,414213.6483192444
7389,1751924721.1138144,1751924766.8885405,batch_consumer-sts-0_20250707_214610_931586.csv,True,False,False,1751925135.3272393,414213.42492103577
7399,1751924721.1140454,1751924766.9158163,batch_consumer-sts-0_20250707_214610_931586.csv,True,False,False,1751925135.3272393,414213.1938934326
7409,1751924721.1144905,1751924767.408244,batch_consumer-sts-0_20250707_214610_931586.csv,True,False,False,1751925135.3272393,414212.74876594543
7419,1751924721.1147285,1751924767.4360914,batch_consumer-sts-0_20250707_214610_931586.csv,True,False,False,1751925135.3272393,414212.5108242035
7429,1751924721.1149566,1751924767.4638643,batch_consumer-sts-0_20250707_214610_931586.csv,True,False,False,1751925135.3272393,414212.2826576233
7439,1751924721.1151805,1751924767.492028,batch_consumer-sts-0_20250707_214610_931586.csv,True,False,False,1751925135.3272393,414212.0587825775
7449,1751924721.115412,1751924767.5191271,batch_consumer-sts-0_20250707_214610_931586.csv,True,False,False,1751925135.3272393,414211.8272781372
7459,1751924721.1156662,1751924767.546822,batch_consumer-sts-0_20250707_214610_931586.csv,True,False,False,1751925135.3272393,414211.5731239319
7469,1751924721.115896,1751924767.575883,batch_consumer-sts-0_20250707_214610_931586.csv,True,False,False,1751925135.3272393,414211.34328842163
7479,1751924721.1161325,1751924767.6050196,batch_consumer-sts-0_20250707_214610_931586.csv,True,False,False,1751925135.3272393,414211.10677719116
7489,1751924721.116357,1751924767.636355,batch_consumer-sts-0_20250707_214610_931586.csv,True,False,False,1751925135.3272393,414210.88218688965
7499,1751924721.1165826,1751924767.664314,batch_consumer-sts-0_20250707_214610_931586.csv,True,False,False,1751925135.3272393,414210.6566429138
7509,1751924721.1168067,1751924767.6946447,batch_consumer-sts-0_20250707_214610_931586.csv,True,False,False,1751925135.3272393,414210.43252944946
7519,1751924721.1170316,1751924767.7770996,batch_consumer-sts-0_20250707_214610_931586.csv,True,False,False,1751925135.3272393,414210.20770072937
7529,1751924721.1172664,1751924767.805391,batch_consumer-sts-0_20250707_214610_931586.csv,True,False,False,1751925135.3272393,414209.97285842896
7539,1751924721.1174955,1751924767.8362155,batch_consumer-sts-0_20250707_214610_931586.csv,True,False,False,1751925135.3272393,414209.74373817444
7549,1751924721.1177237,1751924767.864358,batch_consumer-sts-0_20250707_214610_931586.csv,True,False,False,1751925135.3272393,414209.51557159424
7559,1751924721.1179495,1751924767.8918731,batch_consumer-sts-0_20250707_214610_931586.csv,True,False,False,1751925135.3272393,414209.2897891998
7569,1751924721.118183,1751924767.9192123,batch_consumer-sts-0_20250707_214610_931586.csv,True,False,False,1751925135.3272393,414209.0563774109
7579,1751924721.1184142,1751924767.9468286,batch_consumer-sts-0_20250707_214610_931586.csv,True,False,False,1751925135.3272393,414208.82511138916
7589,1751924721.1186483,1751924767.9748096,batch_consumer-sts-0_20250707_214610_931586.csv,True,False,False,1751925135.3272393,414208.5909843445
7599,1751924721.1188743,1751924768.0028627,batch_consumer-sts-0_20250707_214610_931586.csv,True,False,False,1751925135.3272393,414208.3649635315
7609,1751924721.119105,1751924768.0306249,batch_consumer-sts-0_20250707_214610_931586.csv,True,False,False,1751925135.3272393,414208.1341743469
7619,1751924721.119335,1751924768.058654,batch_consumer-sts-0_20250707_214610_931586.csv,True,False,False,1751925135.3272393,414207.90433883667
7629,1751924721.1195605,1751924768.0865586,batch_consumer-sts-0_20250707_214610_931586.csv,True,False,False,1751925135.3272393,414207.67879486084
7639,1751924721.11981,1751924768.1139984,batch_consumer-sts-0_20250707_214610_931586.csv,True,False,False,1751925135.3272393,414207.4291706085
7649,1751924721.1199818,1751924768.1428592,batch_consumer-sts-0_20250707_214610_931586.csv,True,False,False,1751925135.3272393,414207.25750923157
7659,1751924721.1201582,1751924768.170745,batch_consumer-sts-0_20250707_214610_931586.csv,True,False,False,1751925135.3272393,414207.08107948303
7669,1751924721.120354,1751924768.1984513,batch_consumer-sts-0_20250707_214610_931586.csv,True,False,False,1751925135.3272393,414206.8853378296
7679,1751924721.1205535,1751924768.2261624,batch_consumer-sts-0_20250707_214610_931586.csv,True,False,False,1751925135.3272393,414206.6857814789
7689,1751924721.1207314,1751924768.2542193,batch_consumer-sts-0_20250707_214610_931586.csv,True,False,False,1751925135.3272393,414206.5079212189
7699,1751924721.1209111,1751924768.2830317,batch_consumer-sts-0_20250707_214610_931586.csv,True,False,False,1751925135.3272393,414206.32815361023
7709,1751924721.121117,1751924768.3103604,batch_consumer-sts-0_20250707_214610_931586.csv,True,False,False,1751925135.3272393,414206.1221599579
7719,1751924721.12131,1751924768.338177,batch_consumer-sts-0_20250707_214610_931586.csv,True,False,False,1751925135.3272393,414205.9292793274
7729,1751924721.1214926,1751924768.366324,batch_consumer-sts-0_20250707_214610_931586.csv,True,False,False,1751925135.3272393,414205.7466506958
7739,1751924721.12168,1751924768.3940918,batch_consumer-sts-0_20250707_214610_931586.csv,True,False,False,1751925135.3272393,414205.5592536926
7749,1751924721.1219008,1751924768.4230423,batch_consumer-sts-0_20250707_214610_931586.csv,True,False,False,1751925135.3272393,414205.3384780884
7759,1751924721.1221452,1751924768.450659,batch_consumer-sts-0_20250707_214610_931586.csv,True,False,False,1751925135.3272393,414205.0940990448
7769,1751924721.1223817,1751924768.4781592,batch_consumer-sts-0_20250707_214610_931586.csv,True,False,False,1751925135.3272393,414204.85758781433
7779,1751924721.1226082,1751924768.505208,batch_consumer-sts-0_20250707_214610_931586.csv,True,False,False,1751925135.3272393,414204.6310901642
7789,1751924721.122833,1751924768.5319557,batch_consumer-sts-0_20250707_214610_931586.csv,True,False,False,1751925135.3272393,414204.4062614441
7799,1751924721.1230664,1751924768.560017,batch_consumer-sts-0_20250707_214610_931586.csv,True,False,False,1751925135.3272393,414204.17284965515
7809,1751924721.1232872,1751924768.5879753,batch_consumer-sts-0_20250707_214610_931586.csv,True,False,False,1751925135.3272393,414203.9520740509
7819,1751924721.1235228,1751924768.6154668,batch_consumer-sts-0_20250707_214610_931586.csv,True,False,False,1751925135.3272393,414203.71651649475
7829,1751924721.1237514,1751924768.643293,batch_consumer-sts-0_20250707_214610_931586.csv,True,False,False,1751925135.3272393,414203.4878730774
7839,1751924721.1239824,1751924769.6739223,batch_consumer-sts-0_20250707_214610_931586.csv,True,False,False,1751925135.3272393,414203.25684547424
7849,1751924721.1242046,1751924769.702051,batch_consumer-sts-0_20250707_214610_931586.csv,True,False,False,1751925135.3272393,414203.0346393585
7859,1751924721.124437,1751924769.7398012,batch_consumer-sts-0_20250707_214610_931586.csv,True,False,False,1751925135.3272393,414202.8021812439
7869,1751924721.124662,1751924769.7674568,batch_consumer-sts-0_20250707_214610_931586.csv,True,False,False,1751925135.3272393,414202.5773525238
7879,1751924721.1248882,1751924769.7950048,batch_consumer-sts-0_20250707_214610_931586.csv,True,False,False,1751925135.3272393,414202.35109329224
7889,1751924721.1251216,1751924769.822292,batch_consumer-sts-0_20250707_214610_931586.csv,True,False,False,1751925135.3272393,414202.1176815033
7899,1751924721.125352,1751924769.8510394,batch_consumer-sts-0_20250707_214610_931586.csv,True,False,False,1751925135.3272393,414201.8873691559
7909,1751924721.125577,1751924769.8790357,batch_consumer-sts-0_20250707_214610_931586.csv,True,False,False,1751925135.3272393,414201.6623020172
7919,1751924721.1258004,1751924769.9058475,batch_consumer-sts-0_20250707_214610_931586.csv,True,False,False,1751925135.3272393,414201.4389038086
7929,1751924721.126035,1751924769.9332995,batch_consumer-sts-0_20250707_214610_931586.csv,True,False,False,1751925135.3272393,414201.20429992676
7939,1751924721.1262674,1751924769.960868,batch_consumer-sts-0_20250707_214610_931586.csv,True,False,False,1751925135.3272393,414200.97184181213
7949,1751924721.1264925,1751924769.989756,batch_consumer-sts-0_20250707_214610_931586.csv,True,False,False,1751925135.3272393,414200.74677467346
7959,1751924721.1267216,1751924770.7095456,batch_consumer-sts-0_20250707_214610_931586.csv,True,False,False,1751925135.3272393,414200.51765441895
7969,1751924721.1269472,1751924770.7372963,batch_consumer-sts-0_20250707_214610_931586.csv,True,False,False,1751925135.3272393,414200.2921104431
7979,1751924721.1271656,1751924770.7642574,batch_consumer-sts-0_20250707_214610_931586.csv,True,False,False,1751925135.3272393,414200.07371902466
7989,1751924721.127396,1751924770.7920628,batch_consumer-sts-0_20250707_214610_931586.csv,True,False,False,1751925135.3272393,414199.84316825867
7999,1751924721.1276257,1751924770.8195016,batch_consumer-sts-0_20250707_214610_931586.csv,True,False,False,1751925135.3272393,414199.613571167
8009,1751924721.1278515,1751924770.8471842,batch_consumer-sts-0_20250707_214610_931586.csv,True,False,False,1751925135.3272393,414199.3877887726
8019,1751924721.1280844,1751924770.8762732,batch_consumer-sts-0_20250707_214610_931586.csv,True,False,False,1751925135.3272393,414199.1548538208
8029,1751924721.1283104,1751924770.9030852,batch_consumer-sts-0_20250707_214610_931586.csv,True,False,False,1751925135.3272393,414198.9288330078
8039,1751924721.1285448,1751924771.140561,batch_consumer-sts-0_20250707_214614_023826.csv,True,False,False,1751925135.3272393,414198.69446754456
8049,1751924721.1287713,1751924771.1682837,batch_consumer-sts-0_20250707_214614_023826.csv,True,False,False,1751925135.3272393,414198.4679698944
8059,1751924721.1290004,1751924771.194944,batch_consumer-sts-0_20250707_214614_023826.csv,True,False,False,1751925135.3272393,414198.2388496399
8069,1751924721.129228,1751924771.222104,batch_consumer-sts-0_20250707_214614_023826.csv,True,False,False,1751925135.3272393,414198.01115989685
8079,1751924721.1294525,1751924771.2499657,batch_consumer-sts-0_20250707_214614_023826.csv,True,False,False,1751925135.3272393,414197.7868080139
8089,1751924721.1296773,1751924771.2779572,batch_consumer-sts-0_20250707_214614_023826.csv,True,False,False,1751925135.3272393,414197.5619792938
8099,1751924721.129902,1751924771.306199,batch_consumer-sts-0_20250707_214614_023826.csv,True,False,False,1751925135.3272393,414197.3373889923
8109,1751924721.1301332,1751924771.3375306,batch_consumer-sts-0_20250707_214614_023826.csv,True,False,False,1751925135.3272393,414197.1061229706
8119,1751924721.1303768,1751924771.3654006,batch_consumer-sts-0_20250707_214614_023826.csv,True,False,False,1751925135.3272393,414196.86245918274
8129,1751924721.1306028,1751924771.39325,batch_consumer-sts-0_20250707_214614_023826.csv,True,False,False,1751925135.3272393,414196.63643836975
8139,1751924721.1308358,1751924771.4202373,batch_consumer-sts-0_20250707_214614_023826.csv,True,False,False,1751925135.3272393,414196.40350341797
8149,1751924721.1310568,1751924771.448115,batch_consumer-sts-0_20250707_214614_023826.csv,True,False,False,1751925135.3272393,414196.18248939514
8159,1751924721.1313012,1751924771.475783,batch_consumer-sts-0_20250707_214614_023826.csv,True,False,False,1751925135.3272393,414195.93811035156
8169,1751924721.131528,1751924771.50352,batch_consumer-sts-0_20250707_214614_023826.csv,True,False,False,1751925135.3272393,414195.71137428284
8179,1751924721.131758,1751924771.5387044,batch_consumer-sts-0_20250707_214614_023826.csv,True,False,False,1751925135.3272393,414195.481300354
8189,1751924721.1319814,1751924771.568064,batch_consumer-sts-0_20250707_214614_023826.csv,True,False,False,1751925135.3272393,414195.2579021454
8199,1751924721.1322112,1751924771.5964217,batch_consumer-sts-0_20250707_214614_023826.csv,True,False,False,1751925135.3272393,414195.02806663513
8209,1751924721.132437,1751924771.6237934,batch_consumer-sts-0_20250707_214614_023826.csv,True,False,False,1751925135.3272393,414194.8022842407
8219,1751924721.132666,1751924771.651906,batch_consumer-sts-0_20250707_214614_023826.csv,True,False,False,1751925135.3272393,414194.5731639862
8229,1751924721.1328945,1751924771.679953,batch_consumer-sts-0_20250707_214614_023826.csv,True,False,False,1751925135.3272393,414194.3447589874
8239,1751924721.13312,1751924771.7076092,batch_consumer-sts-0_20250707_214614_023826.csv,True,False,False,1751925135.3272393,414194.1192150116
8249,1751924721.133352,1751924771.738519,batch_consumer-sts-0_20250707_214614_023826.csv,True,False,False,1751925135.3272393,414193.88723373413
8259,1751924721.1335776,1751924771.7661605,batch_consumer-sts-0_20250707_214614_023826.csv,True,False,False,1751925135.3272393,414193.6616897583
8269,1751924721.1338043,1751924771.7943137,batch_consumer-sts-0_20250707_214614_023826.csv,True,False,False,1751925135.3272393,414193.4349536896
8279,1751924721.1340263,1751924771.8202186,batch_consumer-sts-0_20250707_214614_023826.csv,True,False,False,1751925135.3272393,414193.21298599243
8289,1751924721.1342585,1751924771.8503742,batch_consumer-sts-0_20250707_214614_023826.csv,True,False,False,1751925135.3272393,414192.9807662964
8299,1751924721.1344793,1751924771.8782496,batch_consumer-sts-0_20250707_214614_023826.csv,True,False,False,1751925135.3272393,414192.75999069214
8309,1751924721.134706,1751924771.9056892,batch_consumer-sts-0_20250707_214614_023826.csv,True,False,False,1751925135.3272393,414192.5332546234
8319,1751924721.134941,1751924771.9330404,batch_consumer-sts-0_20250707_214614_023826.csv,True,False,False,1751925135.3272393,414192.2981739044
8329,1751924721.1351736,1751924771.9609215,batch_consumer-sts-0_20250707_214614_023826.csv,True,False,False,1751925135.3272393,414192.0657157898
8339,1751924721.1353984,1751924771.98915,batch_consumer-sts-0_20250707_214614_023826.csv,True,False,False,1751925135.3272393,414191.8408870697
8349,1751924721.1355965,1751924772.016173,batch_consumer-sts-0_20250707_214614_023826.csv,True,False,False,1751925135.3272393,414191.64276123047
8359,1751924721.1357756,1751924772.0440502,batch_consumer-sts-0_20250707_214614_023826.csv,True,False,False,1751925135.3272393,414191.46370887756
8369,1751924721.1359525,1751924772.1125329,batch_consumer-sts-0_20250707_214614_023826.csv,True,False,False,1751925135.3272393,414191.28680229187
8379,1751924721.1361585,1751924772.1406968,batch_consumer-sts-0_20250707_214614_023826.csv,True,False,False,1751925135.3272393,414191.0808086395
8389,1751924721.136344,1751924772.1822598,batch_consumer-sts-0_20250707_214614_023826.csv,True,False,False,1751925135.3272393,414190.895318985
8399,1751924721.1365292,1751924772.2095573,batch_consumer-sts-0_20250707_214614_023826.csv,True,False,False,1751925135.3272393,414190.710067749
8409,1751924721.136715,1751924772.2374854,batch_consumer-sts-0_20250707_214614_023826.csv,True,False,False,1751925135.3272393,414190.5243396759
8419,1751924721.136914,1751924772.2657256,batch_consumer-sts-0_20250707_214614_023826.csv,True,False,False,1751925135.3272393,414190.32526016235
8429,1751924721.1371384,1751924772.2943835,batch_consumer-sts-0_20250707_214614_023826.csv,True,False,False,1751925135.3272393,414190.1009082794
8439,1751924721.1373725,1751924772.3216562,batch_consumer-sts-0_20250707_214614_023826.csv,True,False,False,1751925135.3272393,414189.86678123474
8449,1751924721.137597,1751924772.3500395,batch_consumer-sts-0_20250707_214614_023826.csv,True,False,False,1751925135.3272393,414189.6421909332
8459,1751924721.1378176,1751924772.3783307,batch_consumer-sts-0_20250707_214614_023826.csv,True,False,False,1751925135.3272393,414189.42165374756
8469,1751924721.1380455,1751924772.4084845,batch_consumer-sts-0_20250707_214614_023826.csv,True,False,False,1751925135.3272393,414189.19372558594
8479,1751924721.1382806,1751924772.4361825,batch_consumer-sts-0_20250707_214614_023826.csv,True,False,False,1751925135.3272393,414188.95864486694
8489,1751924721.1385157,1751924772.4637542,batch_consumer-sts-0_20250707_214614_023826.csv,True,False,False,1751925135.3272393,414188.72356414795
8499,1751924721.1387424,1751924772.4916172,batch_consumer-sts-0_20250707_214614_023826.csv,True,False,False,1751925135.3272393,414188.4968280792
8509,1751924721.1389678,1751924772.5186317,batch_consumer-sts-0_20250707_214614_023826.csv,True,False,False,1751925135.3272393,414188.271522522
8519,1751924721.1391988,1751924772.5465815,batch_consumer-sts-0_20250707_214614_023826.csv,True,False,False,1751925135.3272393,414188.0404949188
8529,1751924721.1394224,1751924772.5740008,batch_consumer-sts-0_20250707_214614_023826.csv,True,False,False,1751925135.3272393,414187.8168582916
8539,1751924721.1396475,1751924772.6047676,batch_consumer-sts-0_20250707_214614_023826.csv,True,False,False,1751925135.3272393,414187.59179115295
8549,1751924721.1398754,1751924772.6513677,batch_consumer-sts-0_20250707_214614_023826.csv,True,False,False,1751925135.3272393,414187.36386299133
8559,1751924721.1401024,1751924772.679616,batch_consumer-sts-0_20250707_214614_023826.csv,True,False,False,1751925135.3272393,414187.136888504
8569,1751924721.1403244,1751924772.7073853,batch_consumer-sts-0_20250707_214614_023826.csv,True,False,False,1751925135.3272393,414186.9149208069
8579,1751924721.1405542,1751924772.7356856,batch_consumer-sts-0_20250707_214614_023826.csv,True,False,False,1751925135.3272393,414186.68508529663
8589,1751924721.1407802,1751924772.763049,batch_consumer-sts-0_20250707_214614_023826.csv,True,False,False,1751925135.3272393,414186.45906448364
8599,1751924721.141008,1751924772.7914631,batch_consumer-sts-0_20250707_214614_023826.csv,True,False,False,1751925135.3272393,414186.2313747406
8609,1751924721.141235,1751924772.8186903,batch_consumer-sts-0_20250707_214614_023826.csv,True,False,False,1751925135.3272393,414186.0041618347
8619,1751924721.1414597,1751924772.846154,batch_consumer-sts-0_20250707_214614_023826.csv,True,False,False,1751925135.3272393,414185.7795715332
8629,1751924721.1417005,1751924772.8735256,batch_consumer-sts-0_20250707_214614_023826.csv,True,False,False,1751925135.3272393,414185.5387687683
8639,1751924721.1419263,1751924772.9012375,batch_consumer-sts-0_20250707_214614_023826.csv,True,False,False,1751925135.3272393,414185.3129863739
8649,1751924721.1421628,1751924772.933467,batch_consumer-sts-0_20250707_214614_023826.csv,True,False,False,1751925135.3272393,414185.07647514343
8659,1751924721.142388,1751924772.9609227,batch_consumer-sts-0_20250707_214614_023826.csv,True,False,False,1751925135.3272393,414184.8511695862
8669,1751924721.1426167,1751924772.9885552,batch_consumer-sts-0_20250707_214614_023826.csv,True,False,False,1751925135.3272393,414184.6225261688
8679,1751924721.1428418,1751924773.0155344,batch_consumer-sts-0_20250707_214614_023826.csv,True,False,False,1751925135.3272393,414184.39745903015
8689,1751924721.1430676,1751924773.043532,batch_consumer-sts-0_20250707_214614_023826.csv,True,False,False,1751925135.3272393,414184.17167663574
8699,1751924721.1433034,1751924773.0713782,batch_consumer-sts-0_20250707_214614_023826.csv,True,False,False,1751925135.3272393,414183.935880661
8709,1751924721.143532,1751924773.0989442,batch_consumer-sts-0_20250707_214614_023826.csv,True,False,False,1751925135.3272393,414183.70723724365
8719,1751924721.1437616,1751924773.1305184,batch_consumer-sts-0_20250707_214614_023826.csv,True,False,False,1751925135.3272393,414183.477640152
8729,1751924721.1439888,1751924773.1578026,batch_consumer-sts-0_20250707_214614_023826.csv,True,False,False,1751925135.3272393,414183.2504272461
8739,1751924721.1442611,1751924773.1850295,batch_consumer-sts-0_20250707_214614_023826.csv,True,False,False,1751925135.3272393,414182.97815322876
8749,1751924721.1444857,1751924773.212318,batch_consumer-sts-0_20250707_214614_023826.csv,True,False,False,1751925135.3272393,414182.75356292725
8759,1751924721.1447113,1751924773.2416131,batch_consumer-sts-0_20250707_214614_023826.csv,True,False,False,1751925135.3272393,414182.5280189514
8769,1751924721.144938,1751924773.2692957,batch_consumer-sts-0_20250707_214614_023826.csv,True,False,False,1751925135.3272393,414182.3012828827
8779,1751924721.1451666,1751924773.2968109,batch_consumer-sts-0_20250707_214614_023826.csv,True,False,False,1751925135.3272393,414182.07263946533
8789,1751924721.145393,1751924773.3245058,batch_consumer-sts-0_20250707_214614_023826.csv,True,False,False,1751925135.3272393,414181.84638023376
8799,1751924721.1456206,1751924773.352632,batch_consumer-sts-0_20250707_214614_023826.csv,True,False,False,1751925135.3272393,414181.6186904907
8809,1751924721.1458468,1751924773.3801758,batch_consumer-sts-0_20250707_214614_023826.csv,True,False,False,1751925135.3272393,414181.39243125916
8819,1751924721.1460729,1751924773.408745,batch_consumer-sts-0_20250707_214614_023826.csv,True,False,False,1751925135.3272393,414181.16641044617
8829,1751924721.1463034,1751924773.4402862,batch_consumer-sts-0_20250707_214614_023826.csv,True,False,False,1751925135.3272393,414180.9358596802
8839,1751924721.1465266,1751924773.4685464,batch_consumer-sts-0_20250707_214614_023826.csv,True,False,False,1751925135.3272393,414180.71269989014
8849,1751924721.146756,1751924773.4965172,batch_consumer-sts-0_20250707_214614_023826.csv,True,False,False,1751925135.3272393,414180.48334121704
8859,1751924721.1470065,1751924773.5242035,batch_consumer-sts-0_20250707_214614_023826.csv,True,False,False,1751925135.3272393,414180.2327632904
8869,1751924721.1472402,1751924773.5517256,batch_consumer-sts-0_20250707_214614_023826.csv,True,False,False,1751925135.3272393,414179.9991130829
8879,1751924721.1474624,1751924773.579699,batch_consumer-sts-0_20250707_214614_023826.csv,True,False,False,1751925135.3272393,414179.77690696716
8889,1751924721.147695,1751924773.607587,batch_consumer-sts-0_20250707_214614_023826.csv,True,False,False,1751925135.3272393,414179.54421043396
8899,1751924721.147916,1751924773.634981,batch_consumer-sts-0_20250707_214614_023826.csv,True,False,False,1751925135.3272393,414179.32319641113
8909,1751924721.148143,1751924773.6624177,batch_consumer-sts-0_20250707_214614_023826.csv,True,False,False,1751925135.3272393,414179.0962219238
8919,1751924721.148367,1751924773.69011,batch_consumer-sts-0_20250707_214614_023826.csv,True,False,False,1751925135.3272393,414178.87234687805
8929,1751924721.148605,1751924773.7172627,batch_consumer-sts-0_20250707_214614_023826.csv,True,False,False,1751925135.3272393,414178.63416671753
8939,1751924721.1488342,1751924773.7451203,batch_consumer-sts-0_20250707_214614_023826.csv,True,False,False,1751925135.3272393,414178.405046463
8949,1751924721.1490755,1751924773.772385,batch_consumer-sts-0_20250707_214614_023826.csv,True,False,False,1751925135.3272393,414178.16376686096
8959,1751924721.1493084,1751924773.7996068,batch_consumer-sts-0_20250707_214614_023826.csv,True,False,False,1751925135.3272393,414177.9308319092
8969,1751924721.1495523,1751924773.827989,batch_consumer-sts-0_20250707_214614_023826.csv,True,False,False,1751925135.3272393,414177.68692970276
8979,1751924721.1497858,1751924773.8554423,batch_consumer-sts-0_20250707_214614_023826.csv,True,False,False,1751925135.3272393,414177.4535179138
8989,1751924721.1500285,1751924773.8835971,batch_consumer-sts-0_20250707_214614_023826.csv,True,False,False,1751925135.3272393,414177.2108078003
8999,1751924721.1503298,1751924773.9106967,batch_consumer-sts-0_20250707_214614_023826.csv,True,False,False,1751925135.3272393,414176.9094467163
9009,1751924721.1505623,1751924773.9385157,batch_consumer-sts-0_20250707_214614_023826.csv,True,False,False,1751925135.3272393,414176.6769886017
9019,1751924721.150808,1751924773.9677217,batch_consumer-sts-0_20250707_214614_023826.csv,True,False,False,1751925135.3272393,414176.43117904663
9029,1751924721.1511211,1751924773.9957602,batch_consumer-sts-0_20250707_214614_023826.csv,True,False,False,1751925135.3272393,414176.11813545227
9039,1751924721.1513984,1751924775.2696686,batch_consumer-sts-0_20250707_214618_368510.csv,True,False,False,1751925135.3272393,414175.8408546448
9049,1751924721.151696,1751924775.3742106,batch_consumer-sts-0_20250707_214618_368510.csv,True,False,False,1751925135.3272393,414175.54330825806
9059,1751924721.1519513,1751924775.4018283,batch_consumer-sts-0_20250707_214618_368510.csv,True,False,False,1751925135.3272393,414175.28796195984
9069,1751924721.1521976,1751924775.4298444,batch_consumer-sts-0_20250707_214618_368510.csv,True,False,False,1751925135.3272393,414175.0416755676
9079,1751924721.1524756,1751924775.4576874,batch_consumer-sts-0_20250707_214618_368510.csv,True,False,False,1751925135.3272393,414174.7636795044
9089,1751924721.1527312,1751924775.4859118,batch_consumer-sts-0_20250707_214618_368510.csv,True,False,False,1751925135.3272393,414174.5080947876
9099,1751924721.152959,1751924775.513682,batch_consumer-sts-0_20250707_214618_368510.csv,True,False,False,1751925135.3272393,414174.280166626
9109,1751924721.1531909,1751924775.541878,batch_consumer-sts-0_20250707_214618_368510.csv,True,False,False,1751925135.3272393,414174.0484237671
9119,1751924721.15342,1751924775.5701923,batch_consumer-sts-0_20250707_214618_368510.csv,True,False,False,1751925135.3272393,414173.8193035126
9129,1751924721.1536517,1751924775.598418,batch_consumer-sts-0_20250707_214618_368510.csv,True,False,False,1751925135.3272393,414173.5875606537
9139,1751924721.153881,1751924775.6283832,batch_consumer-sts-0_20250707_214618_368510.csv,True,False,False,1751925135.3272393,414173.3582019806
9149,1751924721.1541092,1751924775.656618,batch_consumer-sts-0_20250707_214618_368510.csv,True,False,False,1751925135.3272393,414173.1300354004
9159,1751924721.1543505,1751924775.684455,batch_consumer-sts-0_20250707_214618_368510.csv,True,False,False,1751925135.3272393,414172.88875579834
9169,1751924721.1545846,1751924775.711563,batch_consumer-sts-0_20250707_214618_368510.csv,True,False,False,1751925135.3272393,414172.65462875366
9179,1751924721.1549015,1751924775.739711,batch_consumer-sts-0_20250707_214618_368510.csv,True,False,False,1751925135.3272393,414172.33777046204
9189,1751924721.155146,1751924775.7678976,batch_consumer-sts-0_20250707_214618_368510.csv,True,False,False,1751925135.3272393,414172.09339141846
9199,1751924721.155414,1751924775.7954595,batch_consumer-sts-0_20250707_214618_368510.csv,True,False,False,1751925135.3272393,414171.82517051697
9209,1751924721.1556416,1751924775.8221242,batch_consumer-sts-0_20250707_214618_368510.csv,True,False,False,1751925135.3272393,414171.5977191925
9219,1751924721.1559155,1751924775.8497782,batch_consumer-sts-0_20250707_214618_368510.csv,True,False,False,1751925135.3272393,414171.3237762451
9229,1751924721.1562088,1751924775.877011,batch_consumer-sts-0_20250707_214618_368510.csv,True,False,False,1751925135.3272393,414171.0305213928
9239,1751924721.156459,1751924775.9063413,batch_consumer-sts-0_20250707_214618_368510.csv,True,False,False,1751925135.3272393,414170.78018188477
9249,1751924721.156681,1751924775.934501,batch_consumer-sts-0_20250707_214618_368510.csv,True,False,False,1751925135.3272393,414170.5582141876
9259,1751924721.1569092,1751924775.9646297,batch_consumer-sts-0_20250707_214618_368510.csv,True,False,False,1751925135.3272393,414170.3300476074
9269,1751924721.1571455,1751924775.9923673,batch_consumer-sts-0_20250707_214618_368510.csv,True,False,False,1751925135.3272393,414170.09377479553
9279,1751924721.1573792,1751924776.0194006,batch_consumer-sts-0_20250707_214618_368510.csv,True,False,False,1751925135.3272393,414169.860124588
9289,1751924721.1576097,1751924776.0466912,batch_consumer-sts-0_20250707_214618_368510.csv,True,False,False,1751925135.3272393,414169.629573822
9299,1751924721.1578884,1751924776.0746214,batch_consumer-sts-0_20250707_214618_368510.csv,True,False,False,1751925135.3272393,414169.35086250305
9309,1751924721.1581511,1751924776.102807,batch_consumer-sts-0_20250707_214618_368510.csv,True,False,False,1751925135.3272393,414169.0881252289
9319,1751924721.1584177,1751924776.1320922,batch_consumer-sts-0_20250707_214618_368510.csv,True,False,False,1751925135.3272393,414168.82157325745
9329,1751924721.1587002,1751924776.1595542,batch_consumer-sts-0_20250707_214618_368510.csv,True,False,False,1751925135.3272393,414168.5390472412
9339,1751924721.1589365,1751924776.1869926,batch_consumer-sts-0_20250707_214618_368510.csv,True,False,False,1751925135.3272393,414168.3027744293
9349,1751924721.1591706,1751924776.21426,batch_consumer-sts-0_20250707_214618_368510.csv,True,False,False,1751925135.3272393,414168.06864738464
9359,1751924721.1594,1751924776.2419384,batch_consumer-sts-0_20250707_214618_368510.csv,True,False,False,1751925135.3272393,414167.83928871155
9369,1751924721.1596353,1751924776.2693572,batch_consumer-sts-0_20250707_214618_368510.csv,True,False,False,1751925135.3272393,414167.603969574
9379,1751924721.159866,1751924776.2969098,batch_consumer-sts-0_20250707_214618_368510.csv,True,False,False,1751925135.3272393,414167.3731803894
9389,1751924721.1601157,1751924776.3239317,batch_consumer-sts-0_20250707_214618_368510.csv,True,False,False,1751925135.3272393,414167.1235561371
9399,1751924721.160439,1751924776.3515975,batch_consumer-sts-0_20250707_214618_368510.csv,True,False,False,1751925135.3272393,414166.8002605438
9409,1751924721.1608076,1751924776.3793466,batch_consumer-sts-0_20250707_214618_368510.csv,True,False,False,1751925135.3272393,414166.43166542053
9419,1751924721.1610923,1751924776.4068244,batch_consumer-sts-0_20250707_214618_368510.csv,True,False,False,1751925135.3272393,414166.1469936371
9429,1751924721.161415,1751924776.4343784,batch_consumer-sts-0_20250707_214618_368510.csv,True,False,False,1751925135.3272393,414165.824174881
9439,1751924721.161682,1751924776.4636347,batch_consumer-sts-0_20250707_214618_368510.csv,True,False,False,1751925135.3272393,414165.55738449097
9449,1751924721.1619291,1751924776.4913528,batch_consumer-sts-0_20250707_214618_368510.csv,True,False,False,1751925135.3272393,414165.31014442444
9459,1751924721.162181,1751924776.5184584,batch_consumer-sts-0_20250707_214618_368510.csv,True,False,False,1751925135.3272393,414165.0583744049
9469,1751924721.1624098,1751924776.5508442,batch_consumer-sts-0_20250707_214618_368510.csv,True,False,False,1751925135.3272393,414164.82949256897
9479,1751924721.1627252,1751924776.5788696,batch_consumer-sts-0_20250707_214618_368510.csv,True,False,False,1751925135.3272393,414164.5140647888
9489,1751924721.1629577,1751924776.6066222,batch_consumer-sts-0_20250707_214618_368510.csv,True,False,False,1751925135.3272393,414164.2816066742
9499,1751924721.1631894,1751924776.6378555,batch_consumer-sts-0_20250707_214618_368510.csv,True,False,False,1751925135.3272393,414164.0498638153
9509,1751924721.1634152,1751924776.6659815,batch_consumer-sts-0_20250707_214618_368510.csv,True,False,False,1751925135.3272393,414163.8240814209
9519,1751924721.163674,1751924776.6944623,batch_consumer-sts-0_20250707_214618_368510.csv,True,False,False,1751925135.3272393,414163.565158844
9529,1751924721.163918,1751924776.7215724,batch_consumer-sts-0_20250707_214618_368510.csv,True,False,False,1751925135.3272393,414163.3212566376
9539,1751924721.1641755,1751924776.7492628,batch_consumer-sts-0_20250707_214618_368510.csv,True,False,False,1751925135.3272393,414163.06376457214
9549,1751924721.164452,1751924776.7765548,batch_consumer-sts-0_20250707_214618_368510.csv,True,False,False,1751925135.3272393,414162.7871990204
9559,1751924721.1647096,1751924776.8038807,batch_consumer-sts-0_20250707_214618_368510.csv,True,False,False,1751925135.3272393,414162.52970695496
9569,1751924721.164962,1751924776.8317878,batch_consumer-sts-0_20250707_214618_368510.csv,True,False,False,1751925135.3272393,414162.2772216797
9579,1751924721.165192,1751924776.859578,batch_consumer-sts-0_20250707_214618_368510.csv,True,False,False,1751925135.3272393,414162.04738616943
9589,1751924721.1654177,1751924776.8893874,batch_consumer-sts-0_20250707_214618_368510.csv,True,False,False,1751925135.3272393,414161.821603775
9599,1751924721.1656418,1751924776.9165947,batch_consumer-sts-0_20250707_214618_368510.csv,True,False,False,1751925135.3272393,414161.59749031067
9609,1751924721.165879,1751924776.9442878,batch_consumer-sts-0_20250707_214618_368510.csv,True,False,False,1751925135.3272393,414161.36026382446
9619,1751924721.1661077,1751924776.9714217,batch_consumer-sts-0_20250707_214618_368510.csv,True,False,False,1751925135.3272393,414161.1316204071
9629,1751924721.1663496,1751924776.999346,batch_consumer-sts-0_20250707_214618_368510.csv,True,False,False,1751925135.3272393,414160.8896255493
9639,1751924721.1665778,1751924777.0266032,batch_consumer-sts-0_20250707_214618_368510.csv,True,False,False,1751925135.3272393,414160.6614589691
9649,1751924721.166809,1751924777.054361,batch_consumer-sts-0_20250707_214618_368510.csv,True,False,False,1751925135.3272393,414160.4301929474
9659,1751924721.1670349,1751924777.082311,batch_consumer-sts-0_20250707_214618_368510.csv,True,False,False,1751925135.3272393,414160.204410553
9669,1751924721.1672645,1751924777.1084552,batch_consumer-sts-0_20250707_214618_368510.csv,True,False,False,1751925135.3272393,414159.9748134613
9679,1751924721.1674974,1751924777.1363456,batch_consumer-sts-0_20250707_214618_368510.csv,True,False,False,1751925135.3272393,414159.7418785095
9689,1751924721.1677313,1751924777.1638098,batch_consumer-sts-0_20250707_214618_368510.csv,True,False,False,1751925135.3272393,414159.5079898834
9699,1751924721.1679533,1751924777.4172606,batch_consumer-sts-0_20250707_214618_368510.csv,True,False,False,1751925135.3272393,414159.2860221863
9709,1751924721.1681871,1751924777.4458344,batch_consumer-sts-0_20250707_214618_368510.csv,True,False,False,1751925135.3272393,414159.0521335602
9719,1751924721.168424,1751924777.4742804,batch_consumer-sts-0_20250707_214618_368510.csv,True,False,False,1751925135.3272393,414158.81538391113
9729,1751924721.168654,1751924777.5026855,batch_consumer-sts-0_20250707_214618_368510.csv,True,False,False,1751925135.3272393,414158.5853099823
9739,1751924721.1688805,1751924777.5324354,batch_consumer-sts-0_20250707_214618_368510.csv,True,False,False,1751925135.3272393,414158.35881233215
9749,1751924721.169109,1751924777.5606022,batch_consumer-sts-0_20250707_214618_368510.csv,True,False,False,1751925135.3272393,414158.1301689148
9759,1751924721.1693466,1751924777.5886574,batch_consumer-sts-0_20250707_214618_368510.csv,True,False,False,1751925135.3272393,414157.89270401
9769,1751924721.1695774,1751924777.6156995,batch_consumer-sts-0_20250707_214618_368510.csv,True,False,False,1751925135.3272393,414157.66191482544
9779,1751924721.1698124,1751924777.644667,batch_consumer-sts-0_20250707_214618_368510.csv,True,False,False,1751925135.3272393,414157.42683410645
9789,1751924721.1700342,1751924777.6726823,batch_consumer-sts-0_20250707_214618_368510.csv,True,False,False,1751925135.3272393,414157.2051048279
9799,1751924721.1702738,1751924777.7004788,batch_consumer-sts-0_20250707_214618_368510.csv,True,False,False,1751925135.3272393,414156.9654941559
9809,1751924721.170497,1751924777.728675,batch_consumer-sts-0_20250707_214618_368510.csv,True,False,False,1751925135.3272393,414156.74233436584
9819,1751924721.1707242,1751924777.7565868,batch_consumer-sts-0_20250707_214618_368510.csv,True,False,False,1751925135.3272393,414156.51512145996
9829,1751924721.1709554,1751924777.7856667,batch_consumer-sts-0_20250707_214618_368510.csv,True,False,False,1751925135.3272393,414156.28385543823
9839,1751924721.1712031,1751924777.813916,batch_consumer-sts-0_20250707_214618_368510.csv,True,False,False,1751925135.3272393,414156.03613853455
9849,1751924721.1714387,1751924777.8416774,batch_consumer-sts-0_20250707_214618_368510.csv,True,False,False,1751925135.3272393,414155.8005809784
9859,1751924721.171661,1751924777.8699076,batch_consumer-sts-0_20250707_214618_368510.csv,True,False,False,1751925135.3272393,414155.5783748627
9869,1751924721.171893,1751924777.8977027,batch_consumer-sts-0_20250707_214618_368510.csv,True,False,False,1751925135.3272393,414155.3463935852
9879,1751924721.1721194,1751924777.9251728,batch_consumer-sts-0_20250707_214618_368510.csv,True,False,False,1751925135.3272393,414155.11989593506
9889,1751924721.1723456,1751924777.952817,batch_consumer-sts-0_20250707_214618_368510.csv,True,False,False,1751925135.3272393,414154.8936367035
9899,1751924721.172581,1751924777.9800484,batch_consumer-sts-0_20250707_214618_368510.csv,True,False,False,1751925135.3272393,414154.6583175659
9909,1751924721.1728091,1751924778.0070777,batch_consumer-sts-0_20250707_214618_368510.csv,True,False,False,1751925135.3272393,414154.4301509857
9919,1751924721.1730402,1751924778.034913,batch_consumer-sts-0_20250707_214618_368510.csv,True,False,False,1751925135.3272393,414154.19912338257
9929,1751924721.1732726,1751924778.0625892,batch_consumer-sts-0_20250707_214618_368510.csv,True,False,False,1751925135.3272393,414153.96666526794
9939,1751924721.1734946,1751924778.0899582,batch_consumer-sts-0_20250707_214618_368510.csv,True,False,False,1751925135.3272393,414153.7446975708
9949,1751924721.1737213,1751924778.1165557,batch_consumer-sts-0_20250707_214618_368510.csv,True,False,False,1751925135.3272393,414153.5179615021
9959,1751924721.173951,1751924778.1445286,batch_consumer-sts-0_20250707_214618_368510.csv,True,False,False,1751925135.3272393,414153.2883644104
9969,1751924721.1741989,1751924778.1732805,batch_consumer-sts-0_20250707_214618_368510.csv,True,False,False,1751925135.3272393,414153.04040908813
9979,1751924721.1744318,1751924778.200782,batch_consumer-sts-0_20250707_214618_368510.csv,True,False,False,1751925135.3272393,414152.80747413635
9989,1751924721.174655,1751924778.2281015,batch_consumer-sts-0_20250707_214618_368510.csv,True,False,False,1751925135.3272393,414152.5843143463
9999,1751924721.1748838,1751924778.2558343,batch_consumer-sts-0_20250707_214618_368510.csv,True,False,False,1751925135.3272393,414152.3554325104
10009,1751924721.1751122,1751924778.2841182,batch_consumer-sts-0_20250707_214618_368510.csv,True,False,False,1751925135.3272393,414152.1270275116
10019,1751924721.1753397,1751924778.3115053,batch_consumer-sts-0_20250707_214618_368510.csv,True,False,False,1751925135.3272393,414151.89957618713
10029,1751924721.1755707,1751924778.340489,batch_consumer-sts-0_20250707_214618_368510.csv,True,False,False,1751925135.3272393,414151.668548584
10039,1751924721.175796,1751924778.56204,batch_consumer-sts-0_20250707_214623_458495.csv,True,False,False,1751925135.3272393,414151.44324302673
10049,1751924721.1760256,1751924778.5888548,batch_consumer-sts-0_20250707_214623_458495.csv,True,False,False,1751925135.3272393,414151.21364593506
10059,1751924721.176252,1751924778.6161692,batch_consumer-sts-0_20250707_214623_458495.csv,True,False,False,1751925135.3272393,414150.9873867035
10069,1751924721.1764772,1751924778.6432788,batch_consumer-sts-0_20250707_214623_458495.csv,True,False,False,1751925135.3272393,414150.76208114624
10079,1751924721.1766973,1751924778.6709352,batch_consumer-sts-0_20250707_214623_458495.csv,True,False,False,1751925135.3272393,414150.54202079773
10089,1751924721.176928,1751924778.6984994,batch_consumer-sts-0_20250707_214623_458495.csv,True,False,False,1751925135.3272393,414150.31123161316
10099,1751924721.1771553,1751924778.7295568,batch_consumer-sts-0_20250707_214623_458495.csv,True,False,False,1751925135.3272393,414150.0840187073
10109,1751924721.1773777,1751924778.7572565,batch_consumer-sts-0_20250707_214623_458495.csv,True,False,False,1751925135.3272393,414149.861574173
10119,1751924721.1776023,1751924778.7844903,batch_consumer-sts-0_20250707_214623_458495.csv,True,False,False,1751925135.3272393,414149.63698387146
10129,1751924721.1778336,1751924778.8116772,batch_consumer-sts-0_20250707_214623_458495.csv,True,False,False,1751925135.3272393,414149.40571784973
10139,1751924721.1780686,1751924778.83972,batch_consumer-sts-0_20250707_214623_458495.csv,True,False,False,1751925135.3272393,414149.17063713074
10149,1751924721.1783135,1751924778.8673348,batch_consumer-sts-0_20250707_214623_458495.csv,True,False,False,1751925135.3272393,414148.92578125
10159,1751924721.1785398,1751924778.8942044,batch_consumer-sts-0_20250707_214623_458495.csv,True,False,False,1751925135.3272393,414148.69952201843
10169,1751924721.178764,1751924778.9214137,batch_consumer-sts-0_20250707_214623_458495.csv,True,False,False,1751925135.3272393,414148.4751701355
10179,1751924721.1789927,1751924778.9492147,batch_consumer-sts-0_20250707_214623_458495.csv,True,False,False,1751925135.3272393,414148.24652671814
10189,1751924721.1792214,1751924778.9760983,batch_consumer-sts-0_20250707_214623_458495.csv,True,False,False,1751925135.3272393,414148.0178833008
10199,1751924721.179457,1751924779.0040488,batch_consumer-sts-0_20250707_214623_458495.csv,True,False,False,1751925135.3272393,414147.7823257446
10209,1751924721.1796882,1751924779.0358603,batch_consumer-sts-0_20250707_214623_458495.csv,True,False,False,1751925135.3272393,414147.5510597229
10219,1751924721.1799176,1751924779.0633757,batch_consumer-sts-0_20250707_214623_458495.csv,True,False,False,1751925135.3272393,414147.3217010498
10229,1751924721.1801493,1751924779.0912774,batch_consumer-sts-0_20250707_214623_458495.csv,True,False,False,1751925135.3272393,414147.0899581909
10239,1751924721.180373,1751924779.1175466,batch_consumer-sts-0_20250707_214623_458495.csv,True,False,False,1751925135.3272393,414146.8663215637
10249,1751924721.1806238,1751924779.145002,batch_consumer-sts-0_20250707_214623_458495.csv,True,False,False,1751925135.3272393,414146.6155052185
10259,1751924721.1808448,1751924779.1728876,batch_consumer-sts-0_20250707_214623_458495.csv,True,False,False,1751925135.3272393,414146.3944911957
10269,1751924721.1810231,1751924779.2005448,batch_consumer-sts-0_20250707_214623_458495.csv,True,False,False,1751925135.3272393,414146.2161540985
10279,1751924721.1812012,1751924779.2284513,batch_consumer-sts-0_20250707_214623_458495.csv,True,False,False,1751925135.3272393,414146.0380554199
10289,1751924721.1813817,1751924779.256182,batch_consumer-sts-0_20250707_214623_458495.csv,True,False,False,1751925135.3272393,414145.85757255554
10299,1751924721.181556,1751924779.2838042,batch_consumer-sts-0_20250707_214623_458495.csv,True,False,False,1751925135.3272393,414145.6832885742
10309,1751924721.1817346,1751924779.3111484,batch_consumer-sts-0_20250707_214623_458495.csv,True,False,False,1751925135.3272393,414145.5047130585
10319,1751924721.181914,1751924779.3398125,batch_consumer-sts-0_20250707_214623_458495.csv,True,False,False,1751925135.3272393,414145.3251838684
10329,1751924721.1821065,1751924779.368606,batch_consumer-sts-0_20250707_214623_458495.csv,True,False,False,1751925135.3272393,414145.1327800751
10339,1751924721.182334,1751924779.396036,batch_consumer-sts-0_20250707_214623_458495.csv,True,False,False,1751925135.3272393,414144.9053287506
10349,1751924721.182562,1751924779.4263475,batch_consumer-sts-0_20250707_214623_458495.csv,True,False,False,1751925135.3272393,414144.6771621704
10359,1751924721.1827917,1751924779.4538937,batch_consumer-sts-0_20250707_214623_458495.csv,True,False,False,1751925135.3272393,414144.44756507874
10369,1751924721.1830244,1751924780.0301645,batch_consumer-sts-0_20250707_214623_458495.csv,True,False,False,1751925135.3272393,414144.21486854553
10379,1751924721.1832447,1751924780.098031,batch_consumer-sts-0_20250707_214623_458495.csv,True,False,False,1751925135.3272393,414143.99456977844
10389,1751924721.183478,1751924780.1257985,batch_consumer-sts-0_20250707_214623_458495.csv,True,False,False,1751925135.3272393,414143.7611579895
10399,1751924721.183707,1751924780.156282,batch_consumer-sts-0_20250707_214623_458495.csv,True,False,False,1751925135.3272393,414143.53227615356
10409,1751924721.1839366,1751924780.1842215,batch_consumer-sts-0_20250707_214623_458495.csv,True,False,False,1751925135.3272393,414143.3026790619
10419,1751924721.184162,1751924780.2116656,batch_consumer-sts-0_20250707_214623_458495.csv,True,False,False,1751925135.3272393,414143.07737350464
10429,1751924721.1843882,1751924780.2395098,batch_consumer-sts-0_20250707_214623_458495.csv,True,False,False,1751925135.3272393,414142.8511142731
10439,1751924721.184618,1751924781.7102091,batch_consumer-sts-0_20250707_214623_458495.csv,True,False,False,1751925135.3272393,414142.6212787628
10449,1751924721.1848562,1751924781.738336,batch_consumer-sts-0_20250707_214623_458495.csv,True,False,False,1751925135.3272393,414142.3830986023
10459,1751924721.185078,1751924781.7663004,batch_consumer-sts-0_20250707_214623_458495.csv,True,False,False,1751925135.3272393,414142.16136932373
10469,1751924721.1853027,1751924781.7947683,batch_consumer-sts-0_20250707_214623_458495.csv,True,False,False,1751925135.3272393,414141.93654060364
10479,1751924721.185528,1751924781.8219318,batch_consumer-sts-0_20250707_214623_458495.csv,True,False,False,1751925135.3272393,414141.7112350464
10489,1751924721.185753,1751924781.8497255,batch_consumer-sts-0_20250707_214623_458495.csv,True,False,False,1751925135.3272393,414141.4861679077
10499,1751924721.185981,1751924781.8773825,batch_consumer-sts-0_20250707_214623_458495.csv,True,False,False,1751925135.3272393,414141.2582397461
10509,1751924721.186217,1751924781.9053326,batch_consumer-sts-0_20250707_214623_458495.csv,True,False,False,1751925135.3272393,414141.0222053528
10519,1751924721.1864464,1751924781.9331062,batch_consumer-sts-0_20250707_214623_458495.csv,True,False,False,1751925135.3272393,414140.7928466797
10529,1751924721.1866703,1751924781.9611852,batch_consumer-sts-0_20250707_214623_458495.csv,True,False,False,1751925135.3272393,414140.5689716339
10539,1751924721.1869032,1751924781.989234,batch_consumer-sts-0_20250707_214623_458495.csv,True,False,False,1751925135.3272393,414140.3360366821
10549,1751924721.1872008,1751924782.0162833,batch_consumer-sts-0_20250707_214623_458495.csv,True,False,False,1751925135.3272393,414140.0384902954
10559,1751924721.18743,1751924782.0425472,batch_consumer-sts-0_20250707_214623_458495.csv,True,False,False,1751925135.3272393,414139.8093700409
10569,1751924721.1876583,1751924782.0697975,batch_consumer-sts-0_20250707_214623_458495.csv,True,False,False,1751925135.3272393,414139.5809650421
10579,1751924721.1878862,1751924782.097596,batch_consumer-sts-0_20250707_214623_458495.csv,True,False,False,1751925135.3272393,414139.3530368805
10589,1751924721.1881185,1751924782.1247208,batch_consumer-sts-0_20250707_214623_458495.csv,True,False,False,1751925135.3272393,414139.12081718445
10599,1751924721.188354,1751924782.152037,batch_consumer-sts-0_20250707_214623_458495.csv,True,False,False,1751925135.3272393,414138.8852596283
10609,1751924721.188578,1751924782.1826074,batch_consumer-sts-0_20250707_214623_458495.csv,True,False,False,1751925135.3272393,414138.6613845825
10619,1751924721.1888096,1751924782.209927,batch_consumer-sts-0_20250707_214623_458495.csv,True,False,False,1751925135.3272393,414138.42964172363
10629,1751924721.1890376,1751924782.2371974,batch_consumer-sts-0_20250707_214623_458495.csv,True,False,False,1751925135.3272393,414138.201713562
10639,1751924721.1892617,1751924782.2667892,batch_consumer-sts-0_20250707_214623_458495.csv,True,False,False,1751925135.3272393,414137.97760009766
10649,1751924721.1895514,1751924782.3682952,batch_consumer-sts-0_20250707_214623_458495.csv,True,False,False,1751925135.3272393,414137.68792152405
10659,1751924721.189785,1751924782.3964298,batch_consumer-sts-0_20250707_214623_458495.csv,True,False,False,1751925135.3272393,414137.4542713165
10669,1751924721.190025,1751924782.4246552,batch_consumer-sts-0_20250707_214623_458495.csv,True,False,False,1751925135.3272393,414137.2141838074
10679,1751924721.1916876,1751924782.4528775,batch_consumer-sts-0_20250707_214623_458495.csv,True,False,False,1751925135.3272393,414135.5516910553
10689,1751924721.1919298,1751924782.4801772,batch_consumer-sts-0_20250707_214623_458495.csv,True,False,False,1751925135.3272393,414135.30945777893
10699,1751924721.1921637,1751924782.507423,batch_consumer-sts-0_20250707_214623_458495.csv,True,False,False,1751925135.3272393,414135.07556915283
10709,1751924721.1923957,1751924782.5359993,batch_consumer-sts-0_20250707_214623_458495.csv,True,False,False,1751925135.3272393,414134.84358787537
10719,1751924721.192644,1751924782.5640478,batch_consumer-sts-0_20250707_214623_458495.csv,True,False,False,1751925135.3272393,414134.5953941345
10729,1751924721.192885,1751924782.591808,batch_consumer-sts-0_20250707_214623_458495.csv,True,False,False,1751925135.3272393,414134.35435295105
10739,1751924721.1931229,1751924782.6189222,batch_consumer-sts-0_20250707_214623_458495.csv,True,False,False,1751925135.3272393,414134.1164112091
10749,1751924721.1933515,1751924782.6466088,batch_consumer-sts-0_20250707_214623_458495.csv,True,False,False,1751925135.3272393,414133.88776779175
10759,1751924721.1935914,1751924782.6740203,batch_consumer-sts-0_20250707_214623_458495.csv,True,False,False,1751925135.3272393,414133.6479187012
10769,1751924721.193825,1751924782.7014444,batch_consumer-sts-0_20250707_214623_458495.csv,True,False,False,1751925135.3272393,414133.41426849365
10779,1751924721.1940534,1751924782.7354724,batch_consumer-sts-0_20250707_214623_458495.csv,True,False,False,1751925135.3272393,414133.1858634949
10789,1751924721.1942897,1751924782.7632918,batch_consumer-sts-0_20250707_214623_458495.csv,True,False,False,1751925135.3272393,414132.949590683
10799,1751924721.1945224,1751924782.7920914,batch_consumer-sts-0_20250707_214623_458495.csv,True,False,False,1751925135.3272393,414132.7168941498
10809,1751924721.194786,1751924782.8192,batch_consumer-sts-0_20250707_214623_458495.csv,True,False,False,1751925135.3272393,414132.4532032013
10819,1751924721.195022,1751924782.8465416,batch_consumer-sts-0_20250707_214623_458495.csv,True,False,False,1751925135.3272393,414132.217168808
10829,1751924721.1952572,1751924782.8745089,batch_consumer-sts-0_20250707_214623_458495.csv,True,False,False,1751925135.3272393,414131.982088089
10839,1751924721.1954758,1751924782.902842,batch_consumer-sts-0_20250707_214623_458495.csv,True,False,False,1751925135.3272393,414131.76345825195
10849,1751924721.1956637,1751924782.9312663,batch_consumer-sts-0_20250707_214623_458495.csv,True,False,False,1751925135.3272393,414131.5755844116
10859,1751924721.1958516,1751924782.9583406,batch_consumer-sts-0_20250707_214623_458495.csv,True,False,False,1751925135.3272393,414131.3877105713
10869,1751924721.1960435,1751924782.986302,batch_consumer-sts-0_20250707_214623_458495.csv,True,False,False,1751925135.3272393,414131.1957836151
10879,1751924721.1962314,1751924783.0137444,batch_consumer-sts-0_20250707_214623_458495.csv,True,False,False,1751925135.3272393,414131.0079097748
10889,1751924721.1964104,1751924783.0413404,batch_consumer-sts-0_20250707_214623_458495.csv,True,False,False,1751925135.3272393,414130.8288574219
10899,1751924721.1965852,1751924783.0703285,batch_consumer-sts-0_20250707_214623_458495.csv,True,False,False,1751925135.3272393,414130.6540966034
10909,1751924721.1967652,1751924783.0979826,batch_consumer-sts-0_20250707_214623_458495.csv,True,False,False,1751925135.3272393,414130.4740905762
10919,1751924721.1969392,1751924783.1252573,batch_consumer-sts-0_20250707_214623_458495.csv,True,False,False,1751925135.3272393,414130.3000450134
10929,1751924721.1971376,1751924783.1520483,batch_consumer-sts-0_20250707_214623_458495.csv,True,False,False,1751925135.3272393,414130.1016807556
10939,1751924721.1973493,1751924783.1798072,batch_consumer-sts-0_20250707_214623_458495.csv,True,False,False,1751925135.3272393,414129.8899650574
10949,1751924721.1975944,1751924783.2078562,batch_consumer-sts-0_20250707_214623_458495.csv,True,False,False,1751925135.3272393,414129.64487075806
10959,1751924721.1978345,1751924783.2355835,batch_consumer-sts-0_20250707_214623_458495.csv,True,False,False,1751925135.3272393,414129.4047832489
10969,1751924721.198059,1751924783.2633626,batch_consumer-sts-0_20250707_214623_458495.csv,True,False,False,1751925135.3272393,414129.1801929474
10979,1751924721.1982956,1751924783.2913785,batch_consumer-sts-0_20250707_214623_458495.csv,True,False,False,1751925135.3272393,414128.9436817169
10989,1751924721.198536,1751924783.3183875,batch_consumer-sts-0_20250707_214623_458495.csv,True,False,False,1751925135.3272393,414128.7033557892
10999,1751924721.198767,1751924783.3459623,batch_consumer-sts-0_20250707_214623_458495.csv,True,False,False,1751925135.3272393,414128.47232818604
11009,1751924721.1989954,1751924783.3735552,batch_consumer-sts-0_20250707_214623_458495.csv,True,False,False,1751925135.3272393,414128.24392318726
11019,1751924721.1992228,1751924783.40131,batch_consumer-sts-0_20250707_214623_458495.csv,True,False,False,1751925135.3272393,414128.0164718628
11029,1751924721.1994543,1751924783.4298766,batch_consumer-sts-0_20250707_214623_458495.csv,True,False,False,1751925135.3272393,414127.7849674225
11039,1751924721.1996837,1751924783.737783,batch_consumer-sts-0_20250707_214627_801581.csv,True,False,False,1751925135.3272393,414127.5556087494
11049,1751924721.19992,1751924783.7661471,batch_consumer-sts-0_20250707_214627_801581.csv,True,False,False,1751925135.3272393,414127.3193359375
11059,1751924721.2001507,1751924783.794852,batch_consumer-sts-0_20250707_214627_801581.csv,True,False,False,1751925135.3272393,414127.08854675293
11069,1751924721.2003784,1751924783.8224564,batch_consumer-sts-0_20250707_214627_801581.csv,True,False,False,1751925135.3272393,414126.8608570099
11079,1751924721.2006063,1751924783.8501103,batch_consumer-sts-0_20250707_214627_801581.csv,True,False,False,1751925135.3272393,414126.63292884827
11089,1751924721.2008352,1751924783.8780372,batch_consumer-sts-0_20250707_214627_801581.csv,True,False,False,1751925135.3272393,414126.4040470123
11099,1751924721.2010589,1751924783.9044416,batch_consumer-sts-0_20250707_214627_801581.csv,True,False,False,1751925135.3272393,414126.18041038513
11109,1751924721.2012908,1751924783.933034,batch_consumer-sts-0_20250707_214627_801581.csv,True,False,False,1751925135.3272393,414125.94842910767
11119,1751924721.201521,1751924783.9607327,batch_consumer-sts-0_20250707_214627_801581.csv,True,False,False,1751925135.3272393,414125.71835517883
11129,1751924721.2017472,1751924783.9888177,batch_consumer-sts-0_20250707_214627_801581.csv,True,False,False,1751925135.3272393,414125.49209594727
11139,1751924721.2019763,1751924784.0160754,batch_consumer-sts-0_20250707_214627_801581.csv,True,False,False,1751925135.3272393,414125.26297569275
11149,1751924721.2022135,1751924784.0441134,batch_consumer-sts-0_20250707_214627_801581.csv,True,False,False,1751925135.3272393,414125.02574920654
11159,1751924721.2024455,1751924784.0720143,batch_consumer-sts-0_20250707_214627_801581.csv,True,False,False,1751925135.3272393,414124.7937679291
11169,1751924721.2026737,1751924784.0997624,batch_consumer-sts-0_20250707_214627_801581.csv,True,False,False,1751925135.3272393,414124.5656013489
11179,1751924721.202907,1751924784.1276696,batch_consumer-sts-0_20250707_214627_801581.csv,True,False,False,1751925135.3272393,414124.33218955994
11189,1751924721.2031395,1751924784.1568987,batch_consumer-sts-0_20250707_214627_801581.csv,True,False,False,1751925135.3272393,414124.0997314453
11199,1751924721.2033715,1751924784.1847332,batch_consumer-sts-0_20250707_214627_801581.csv,True,False,False,1751925135.3272393,414123.86775016785
11209,1751924721.2035935,1751924784.2118075,batch_consumer-sts-0_20250707_214627_801581.csv,True,False,False,1751925135.3272393,414123.6457824707
11219,1751924721.2038262,1751924784.239965,batch_consumer-sts-0_20250707_214627_801581.csv,True,False,False,1751925135.3272393,414123.4130859375
11229,1751924721.20406,1751924784.267557,batch_consumer-sts-0_20250707_214627_801581.csv,True,False,False,1751925135.3272393,414123.1791973114
11239,1751924721.204295,1751924784.29531,batch_consumer-sts-0_20250707_214627_801581.csv,True,False,False,1751925135.3272393,414122.944355011
11249,1751924721.204527,1751924784.3224373,batch_consumer-sts-0_20250707_214627_801581.csv,True,False,False,1751925135.3272393,414122.7123737335
11259,1751924721.2047567,1751924784.3501613,batch_consumer-sts-0_20250707_214627_801581.csv,True,False,False,1751925135.3272393,414122.48253822327
11269,1751924721.2049825,1751924784.377489,batch_consumer-sts-0_20250707_214627_801581.csv,True,False,False,1751925135.3272393,414122.25675582886
11279,1751924721.2052088,1751924784.406525,batch_consumer-sts-0_20250707_214627_801581.csv,True,False,False,1751925135.3272393,414122.0304965973
11289,1751924721.2054448,1751924784.4339952,batch_consumer-sts-0_20250707_214627_801581.csv,True,False,False,1751925135.3272393,414121.794462204
11299,1751924721.2056751,1751924784.4617932,batch_consumer-sts-0_20250707_214627_801581.csv,True,False,False,1751925135.3272393,414121.56414985657
11309,1751924721.20591,1751924784.4891942,batch_consumer-sts-0_20250707_214627_801581.csv,True,False,False,1751925135.3272393,414121.32930755615
11319,1751924721.2061772,1751924784.5162818,batch_consumer-sts-0_20250707_214627_801581.csv,True,False,False,1751925135.3272393,414121.062040329
11329,1751924721.2064106,1751924784.5437946,batch_consumer-sts-0_20250707_214627_801581.csv,True,False,False,1751925135.3272393,414120.82862854004
11339,1751924721.2066364,1751924784.571388,batch_consumer-sts-0_20250707_214627_801581.csv,True,False,False,1751925135.3272393,414120.60284614563
11349,1751924721.2068682,1751924784.679677,batch_consumer-sts-0_20250707_214627_801581.csv,True,False,False,1751925135.3272393,414120.37110328674
11359,1751924721.2070937,1751924784.7085583,batch_consumer-sts-0_20250707_214627_801581.csv,True,False,False,1751925135.3272393,414120.1455593109
11369,1751924721.2073202,1751924784.7356992,batch_consumer-sts-0_20250707_214627_801581.csv,True,False,False,1751925135.3272393,414119.91906166077
11379,1751924721.2075498,1751924784.7631085,batch_consumer-sts-0_20250707_214627_801581.csv,True,False,False,1751925135.3272393,414119.6894645691
11389,1751924721.2077804,1751924784.793259,batch_consumer-sts-0_20250707_214627_801581.csv,True,False,False,1751925135.3272393,414119.4589138031
11399,1751924721.2080026,1751924784.8195288,batch_consumer-sts-0_20250707_214627_801581.csv,True,False,False,1751925135.3272393,414119.2367076874
11409,1751924721.2082293,1751924784.847272,batch_consumer-sts-0_20250707_214627_801581.csv,True,False,False,1751925135.3272393,414119.00997161865
11419,1751924721.208459,1751924784.8749232,batch_consumer-sts-0_20250707_214627_801581.csv,True,False,False,1751925135.3272393,414118.780374527
11429,1751924721.208689,1751924784.902069,batch_consumer-sts-0_20250707_214627_801581.csv,True,False,False,1751925135.3272393,414118.55030059814
11439,1751924721.20891,1751924784.9296908,batch_consumer-sts-0_20250707_214627_801581.csv,True,False,False,1751925135.3272393,414118.3292865753
11449,1751924721.2091353,1751924784.9575543,batch_consumer-sts-0_20250707_214627_801581.csv,True,False,False,1751925135.3272393,414118.10398101807
11459,1751924721.209365,1751924784.9851184,batch_consumer-sts-0_20250707_214627_801581.csv,True,False,False,1751925135.3272393,414117.8743839264
11469,1751924721.2095954,1751924785.011963,batch_consumer-sts-0_20250707_214627_801581.csv,True,False,False,1751925135.3272393,414117.6438331604
11479,1751924721.2098186,1751924785.039691,batch_consumer-sts-0_20250707_214627_801581.csv,True,False,False,1751925135.3272393,414117.42067337036
11489,1751924721.210053,1751924785.0677116,batch_consumer-sts-0_20250707_214627_801581.csv,True,False,False,1751925135.3272393,414117.1863079071
11499,1751924721.2102923,1751924785.0955417,batch_consumer-sts-0_20250707_214627_801581.csv,True,False,False,1751925135.3272393,414116.9469356537
11509,1751924721.2105153,1751924785.1227937,batch_consumer-sts-0_20250707_214627_801581.csv,True,False,False,1751925135.3272393,414116.7240142822
11519,1751924721.2107403,1751924785.15096,batch_consumer-sts-0_20250707_214627_801581.csv,True,False,False,1751925135.3272393,414116.49894714355
11529,1751924721.210967,1751924785.1780703,batch_consumer-sts-0_20250707_214627_801581.csv,True,False,False,1751925135.3272393,414116.2722110748
11539,1751924721.211196,1751924785.2056994,batch_consumer-sts-0_20250707_214627_801581.csv,True,False,False,1751925135.3272393,414116.0433292389
11549,1751924721.2114282,1751924785.2335377,batch_consumer-sts-0_20250707_214627_801581.csv,True,False,False,1751925135.3272393,414115.81110954285
11559,1751924721.2116446,1751924785.2615774,batch_consumer-sts-0_20250707_214627_801581.csv,True,False,False,1751925135.3272393,414115.594625473
11569,1751924721.2118814,1751924785.2889175,batch_consumer-sts-0_20250707_214627_801581.csv,True,False,False,1751925135.3272393,414115.357875824
11579,1751924721.2121046,1751924785.315945,batch_consumer-sts-0_20250707_214627_801581.csv,True,False,False,1751925135.3272393,414115.13471603394
11589,1751924721.212333,1751924785.343701,batch_consumer-sts-0_20250707_214627_801581.csv,True,False,False,1751925135.3272393,414114.90631103516
11599,1751924721.2125597,1751924785.5030007,batch_consumer-sts-0_20250707_214627_801581.csv,True,False,False,1751925135.3272393,414114.67957496643
11609,1751924721.212785,1751924785.530002,batch_consumer-sts-0_20250707_214627_801581.csv,True,False,False,1751925135.3272393,414114.4542694092
11619,1751924721.2130089,1751924785.557701,batch_consumer-sts-0_20250707_214627_801581.csv,True,False,False,1751925135.3272393,414114.2303943634
11629,1751924721.2132516,1751924785.5855885,batch_consumer-sts-0_20250707_214627_801581.csv,True,False,False,1751925135.3272393,414113.9876842499
11639,1751924721.2134988,1751924785.6128836,batch_consumer-sts-0_20250707_214627_801581.csv,True,False,False,1751925135.3272393,414113.74044418335
11649,1751924721.213724,1751924785.6414602,batch_consumer-sts-0_20250707_214627_801581.csv,True,False,False,1751925135.3272393,414113.5153770447
11659,1751924721.2139535,1751924785.6693058,batch_consumer-sts-0_20250707_214627_801581.csv,True,False,False,1751925135.3272393,414113.285779953
11669,1751924721.214191,1751924785.6969998,batch_consumer-sts-0_20250707_214627_801581.csv,True,False,False,1751925135.3272393,414113.0483150482
11679,1751924721.2144184,1751924785.7242432,batch_consumer-sts-0_20250707_214627_801581.csv,True,False,False,1751925135.3272393,414112.82086372375
11689,1751924721.2146509,1751924785.752104,batch_consumer-sts-0_20250707_214627_801581.csv,True,False,False,1751925135.3272393,414112.58840560913
11699,1751924721.214882,1751924785.7796717,batch_consumer-sts-0_20250707_214627_801581.csv,True,False,False,1751925135.3272393,414112.357378006
11709,1751924721.215108,1751924785.8070023,batch_consumer-sts-0_20250707_214627_801581.csv,True,False,False,1751925135.3272393,414112.131357193
11719,1751924721.2153318,1751924785.8349397,batch_consumer-sts-0_20250707_214627_801581.csv,True,False,False,1751925135.3272393,414111.9074821472
11729,1751924721.215557,1751924785.86296,batch_consumer-sts-0_20250707_214627_801581.csv,True,False,False,1751925135.3272393,414111.68217658997
11739,1751924721.2157855,1751924785.8909929,batch_consumer-sts-0_20250707_214627_801581.csv,True,False,False,1751925135.3272393,414111.4537715912
11749,1751924721.216019,1751924785.9181554,batch_consumer-sts-0_20250707_214627_801581.csv,True,False,False,1751925135.3272393,414111.22035980225
11759,1751924721.2162406,1751924785.9443765,batch_consumer-sts-0_20250707_214627_801581.csv,True,False,False,1751925135.3272393,414110.9986305237
11769,1751924721.2164657,1751924785.9716756,batch_consumer-sts-0_20250707_214627_801581.csv,True,False,False,1751925135.3272393,414110.773563385
11779,1751924721.216691,1751924785.999346,batch_consumer-sts-0_20250707_214627_801581.csv,True,False,False,1751925135.3272393,414110.54825782776
11789,1751924721.2169237,1751924786.0267634,batch_consumer-sts-0_20250707_214627_801581.csv,True,False,False,1751925135.3272393,414110.31556129456
11799,1751924721.2171524,1751924786.0574453,batch_consumer-sts-0_20250707_214627_801581.csv,True,False,False,1751925135.3272393,414110.0869178772
11809,1751924721.2173786,1751924786.0855477,batch_consumer-sts-0_20250707_214627_801581.csv,True,False,False,1751925135.3272393,414109.86065864563
11819,1751924721.2176106,1751924786.1126275,batch_consumer-sts-0_20250707_214627_801581.csv,True,False,False,1751925135.3272393,414109.62867736816
11829,1751924721.2178392,1751924786.1403034,batch_consumer-sts-0_20250707_214627_801581.csv,True,False,False,1751925135.3272393,414109.4000339508
11839,1751924721.2180722,1751924787.1686954,batch_consumer-sts-0_20250707_214627_801581.csv,True,False,False,1751925135.3272393,414109.167098999
11849,1751924721.2183096,1751924787.1963036,batch_consumer-sts-0_20250707_214627_801581.csv,True,False,False,1751925135.3272393,414108.92963409424
11859,1751924721.218531,1751924787.2240956,batch_consumer-sts-0_20250707_214627_801581.csv,True,False,False,1751925135.3272393,414108.70838165283
11869,1751924721.2187555,1751924787.2519732,batch_consumer-sts-0_20250707_214627_801581.csv,True,False,False,1751925135.3272393,414108.4837913513
11879,1751924721.2189832,1751924787.2803278,batch_consumer-sts-0_20250707_214627_801581.csv,True,False,False,1751925135.3272393,414108.2561016083
11889,1751924721.21921,1751924787.307787,batch_consumer-sts-0_20250707_214627_801581.csv,True,False,False,1751925135.3272393,414108.02936553955
11899,1751924721.219438,1751924787.3354926,batch_consumer-sts-0_20250707_214627_801581.csv,True,False,False,1751925135.3272393,414107.80119895935
11909,1751924721.219668,1751924787.3633058,batch_consumer-sts-0_20250707_214627_801581.csv,True,False,False,1751925135.3272393,414107.5713634491
11919,1751924721.2199025,1751924787.3920696,batch_consumer-sts-0_20250707_214627_801581.csv,True,False,False,1751925135.3272393,414107.33675956726
11929,1751924721.2201345,1751924787.4968953,batch_consumer-sts-0_20250707_214627_801581.csv,True,False,False,1751925135.3272393,414107.1047782898
11939,1751924721.2203703,1751924787.5239532,batch_consumer-sts-0_20250707_214627_801581.csv,True,False,False,1751925135.3272393,414106.86898231506
11949,1751924721.2205966,1751924787.5513592,batch_consumer-sts-0_20250707_214627_801581.csv,True,False,False,1751925135.3272393,414106.6427230835
11959,1751924721.2208295,1751924787.5789318,batch_consumer-sts-0_20250707_214627_801581.csv,True,False,False,1751925135.3272393,414106.4097881317
11969,1751924721.2210507,1751924787.608512,batch_consumer-sts-0_20250707_214627_801581.csv,True,False,False,1751925135.3272393,414106.1885356903
11979,1751924721.2212818,1751924787.6361272,batch_consumer-sts-0_20250707_214627_801581.csv,True,False,False,1751925135.3272393,414105.95750808716
11989,1751924721.221508,1751924787.6638455,batch_consumer-sts-0_20250707_214627_801581.csv,True,False,False,1751925135.3272393,414105.7312488556
11999,1751924721.2217462,1751924787.6915128,batch_consumer-sts-0_20250707_214627_801581.csv,True,False,False,1751925135.3272393,414105.49306869507
12009,1751924721.222013,1751924787.7185717,batch_consumer-sts-0_20250707_214627_801581.csv,True,False,False,1751925135.3272393,414105.22627830505
12019,1751924721.2222617,1751924787.7460277,batch_consumer-sts-0_20250707_214627_801581.csv,True,False,False,1751925135.3272393,414104.97760772705
12029,1751924721.2224944,1751924787.773439,batch_consumer-sts-0_20250707_214627_801581.csv,True,False,False,1751925135.3272393,414104.74491119385
12039,1751924721.2227218,1751924788.0996883,batch_consumer-sts-0_20250707_214631_439606.csv,True,False,False,1751925135.3272393,414104.5174598694
12049,1751924721.2229528,1751924788.1315484,batch_consumer-sts-0_20250707_214631_439606.csv,True,False,False,1751925135.3272393,414104.28643226624
12059,1751924721.2231808,1751924788.1591868,batch_consumer-sts-0_20250707_214631_439606.csv,True,False,False,1751925135.3272393,414104.0585041046
12069,1751924721.2234106,1751924788.1869774,batch_consumer-sts-0_20250707_214631_439606.csv,True,False,False,1751925135.3272393,414103.82866859436
12079,1751924721.2236388,1751924788.2143075,batch_consumer-sts-0_20250707_214631_439606.csv,True,False,False,1751925135.3272393,414103.60050201416
12089,1751924721.2238655,1751924788.2407014,batch_consumer-sts-0_20250707_214631_439606.csv,True,False,False,1751925135.3272393,414103.37376594543
12099,1751924721.2240913,1751924788.2685535,batch_consumer-sts-0_20250707_214631_439606.csv,True,False,False,1751925135.3272393,414103.147983551
12109,1751924721.2243156,1751924788.296518,batch_consumer-sts-0_20250707_214631_439606.csv,True,False,False,1751925135.3272393,414102.9236316681
12119,1751924721.2245238,1751924788.32365,batch_consumer-sts-0_20250707_214631_439606.csv,True,False,False,1751925135.3272393,414102.71549224854
12129,1751924721.2247093,1751924788.3513958,batch_consumer-sts-0_20250707_214631_439606.csv,True,False,False,1751925135.3272393,414102.530002594
12139,1751924721.2249403,1751924788.3791978,batch_consumer-sts-0_20250707_214631_439606.csv,True,False,False,1751925135.3272393,414102.29897499084
12149,1751924721.225185,1751924788.4061978,batch_consumer-sts-0_20250707_214631_439606.csv,True,False,False,1751925135.3272393,414102.0543575287
12159,1751924721.2254076,1751924788.433425,batch_consumer-sts-0_20250707_214631_439606.csv,True,False,False,1751925135.3272393,414101.8316745758
12169,1751924721.2256377,1751924788.461094,batch_consumer-sts-0_20250707_214631_439606.csv,True,False,False,1751925135.3272393,414101.601600647
12179,1751924721.225875,1751924788.4886613,batch_consumer-sts-0_20250707_214631_439606.csv,True,False,False,1751925135.3272393,414101.36437416077
12189,1751924721.2261035,1751924788.515745,batch_consumer-sts-0_20250707_214631_439606.csv,True,False,False,1751925135.3272393,414101.1357307434
12199,1751924721.2263453,1751924788.5445683,batch_consumer-sts-0_20250707_214631_439606.csv,True,False,False,1751925135.3272393,414100.8939743042
12209,1751924721.22657,1751924788.57258,batch_consumer-sts-0_20250707_214631_439606.csv,True,False,False,1751925135.3272393,414100.6693840027
12219,1751924721.226799,1751924788.6005352,batch_consumer-sts-0_20250707_214631_439606.csv,True,False,False,1751925135.3272393,414100.44026374817
12229,1751924721.2270353,1751924788.628473,batch_consumer-sts-0_20250707_214631_439606.csv,True,False,False,1751925135.3272393,414100.2039909363
12239,1751924721.2272592,1751924788.6564858,batch_consumer-sts-0_20250707_214631_439606.csv,True,False,False,1751925135.3272393,414099.9801158905
12249,1751924721.2274835,1751924788.683643,batch_consumer-sts-0_20250707_214631_439606.csv,True,False,False,1751925135.3272393,414099.75576400757
12259,1751924721.2277164,1751924788.710538,batch_consumer-sts-0_20250707_214631_439606.csv,True,False,False,1751925135.3272393,414099.5228290558
12269,1751924721.227937,1751924788.7378173,batch_consumer-sts-0_20250707_214631_439606.csv,True,False,False,1751925135.3272393,414099.3022918701
12279,1751924721.2281628,1751924788.7643647,batch_consumer-sts-0_20250707_214631_439606.csv,True,False,False,1751925135.3272393,414099.0765094757
12289,1751924721.2283845,1751924788.7906542,batch_consumer-sts-0_20250707_214631_439606.csv,True,False,False,1751925135.3272393,414098.85478019714
12299,1751924721.2286148,1751924788.8171215,batch_consumer-sts-0_20250707_214631_439606.csv,True,False,False,1751925135.3272393,414098.62446784973
12309,1751924721.228837,1751924788.8447366,batch_consumer-sts-0_20250707_214631_439606.csv,True,False,False,1751925135.3272393,414098.402261734
12319,1751924721.2290645,1751924788.872396,batch_consumer-sts-0_20250707_214631_439606.csv,True,False,False,1751925135.3272393,414098.17481040955
12329,1751924721.229292,1751924788.8996708,batch_consumer-sts-0_20250707_214631_439606.csv,True,False,False,1751925135.3272393,414097.9473590851
12339,1751924721.229544,1751924788.9267387,batch_consumer-sts-0_20250707_214631_439606.csv,True,False,False,1751925135.3272393,414097.695350647
12349,1751924721.2297752,1751924788.9538572,batch_consumer-sts-0_20250707_214631_439606.csv,True,False,False,1751925135.3272393,414097.46408462524
12359,1751924721.230004,1751924788.981007,batch_consumer-sts-0_20250707_214631_439606.csv,True,False,False,1751925135.3272393,414097.2352027893
12369,1751924721.230245,1751924789.0077813,batch_consumer-sts-0_20250707_214631_439606.csv,True,False,False,1751925135.3272393,414096.99416160583
12379,1751924721.2304742,1751924789.0353005,batch_consumer-sts-0_20250707_214631_439606.csv,True,False,False,1751925135.3272393,414096.7650413513
12389,1751924721.2306998,1751924789.0618527,batch_consumer-sts-0_20250707_214631_439606.csv,True,False,False,1751925135.3272393,414096.5394973755
12399,1751924721.230926,1751924789.0894454,batch_consumer-sts-0_20250707_214631_439606.csv,True,False,False,1751925135.3272393,414096.3132381439
12409,1751924721.231151,1751924789.1164677,batch_consumer-sts-0_20250707_214631_439606.csv,True,False,False,1751925135.3272393,414096.08817100525
12419,1751924721.231395,1751924789.1444864,batch_consumer-sts-0_20250707_214631_439606.csv,True,False,False,1751925135.3272393,414095.8442687988
12429,1751924721.2316194,1751924789.1719632,batch_consumer-sts-0_20250707_214631_439606.csv,True,False,False,1751925135.3272393,414095.6199169159
12439,1751924721.231911,1751924789.199427,batch_consumer-sts-0_20250707_214631_439606.csv,True,False,False,1751925135.3272393,414095.32833099365
12449,1751924721.2322795,1751924789.2273023,batch_consumer-sts-0_20250707_214631_439606.csv,True,False,False,1751925135.3272393,414094.95973587036
12459,1751924721.2326782,1751924789.255012,batch_consumer-sts-0_20250707_214631_439606.csv,True,False,False,1751925135.3272393,414094.5611000061
12469,1751924721.2330627,1751924789.2828405,batch_consumer-sts-0_20250707_214631_439606.csv,True,False,False,1751925135.3272393,414094.176530838
12479,1751924721.233523,1751924789.3099704,batch_consumer-sts-0_20250707_214631_439606.csv,True,False,False,1751925135.3272393,414093.71638298035
12489,1751924721.2339845,1751924789.338954,batch_consumer-sts-0_20250707_214631_439606.csv,True,False,False,1751925135.3272393,414093.2548046112
12499,1751924721.2344546,1751924789.3670704,batch_consumer-sts-0_20250707_214631_439606.csv,True,False,False,1751925135.3272393,414092.7846431732
12509,1751924721.2348294,1751924789.3948326,batch_consumer-sts-0_20250707_214631_439606.csv,True,False,False,1751925135.3272393,414092.40984916687
12519,1751924721.2350948,1751924789.4218016,batch_consumer-sts-0_20250707_214631_439606.csv,True,False,False,1751925135.3272393,414092.14448928833
12529,1751924721.2353392,1751924789.449802,batch_consumer-sts-0_20250707_214631_439606.csv,True,False,False,1751925135.3272393,414091.90011024475
12539,1751924721.2355857,1751924789.4776812,batch_consumer-sts-0_20250707_214631_439606.csv,True,False,False,1751925135.3272393,414091.65358543396
12549,1751924721.235818,1751924789.5062528,batch_consumer-sts-0_20250707_214631_439606.csv,True,False,False,1751925135.3272393,414091.4213657379
12559,1751924721.236051,1751924789.5341651,batch_consumer-sts-0_20250707_214631_439606.csv,True,False,False,1751925135.3272393,414091.18819236755
12569,1751924721.2362795,1751924789.5619037,batch_consumer-sts-0_20250707_214631_439606.csv,True,False,False,1751925135.3272393,414090.9597873688
12579,1751924721.2365167,1751924789.5924363,batch_consumer-sts-0_20250707_214631_439606.csv,True,False,False,1751925135.3272393,414090.72256088257
12589,1751924721.2367463,1751924789.6191146,batch_consumer-sts-0_20250707_214631_439606.csv,True,False,False,1751925135.3272393,414090.4929637909
12599,1751924721.2369742,1751924789.647178,batch_consumer-sts-0_20250707_214631_439606.csv,True,False,False,1751925135.3272393,414090.2650356293
12609,1751924721.2372012,1751924789.6743228,batch_consumer-sts-0_20250707_214631_439606.csv,True,False,False,1751925135.3272393,414090.03806114197
12619,1751924721.2374232,1751924789.7010906,batch_consumer-sts-0_20250707_214631_439606.csv,True,False,False,1751925135.3272393,414089.8160934448
12629,1751924721.237646,1751924789.8648386,batch_consumer-sts-0_20250707_214631_439606.csv,True,False,False,1751925135.3272393,414089.59317207336
12639,1751924721.237885,1751924789.8922272,batch_consumer-sts-0_20250707_214631_439606.csv,True,False,False,1751925135.3272393,414089.3542766571
12649,1751924721.2380884,1751924789.9186585,batch_consumer-sts-0_20250707_214631_439606.csv,True,False,False,1751925135.3272393,414089.15090560913
12659,1751924721.2383244,1751924789.9459648,batch_consumer-sts-0_20250707_214631_439606.csv,True,False,False,1751925135.3272393,414088.9148712158
12669,1751924721.238588,1751924789.97512,batch_consumer-sts-0_20250707_214631_439606.csv,True,False,False,1751925135.3272393,414088.65118026733
12679,1751924721.2388277,1751924790.0024574,batch_consumer-sts-0_20250707_214631_439606.csv,True,False,False,1751925135.3272393,414088.41156959534
12689,1751924721.239058,1751924790.0299363,batch_consumer-sts-0_20250707_214631_439606.csv,True,False,False,1751925135.3272393,414088.1812572479
12699,1751924721.2392826,1751924790.057681,batch_consumer-sts-0_20250707_214631_439606.csv,True,False,False,1751925135.3272393,414087.9566669464
12709,1751924721.2395177,1751924790.085294,batch_consumer-sts-0_20250707_214631_439606.csv,True,False,False,1751925135.3272393,414087.7215862274
12719,1751924721.2397532,1751924790.1121051,batch_consumer-sts-0_20250707_214631_439606.csv,True,False,False,1751925135.3272393,414087.48602867126
12729,1751924721.2399752,1751924790.139856,batch_consumer-sts-0_20250707_214631_439606.csv,True,False,False,1751925135.3272393,414087.2640609741
12739,1751924721.2402017,1751924790.1673636,batch_consumer-sts-0_20250707_214631_439606.csv,True,False,False,1751925135.3272393,414087.037563324
12749,1751924721.2404342,1751924790.1948156,batch_consumer-sts-0_20250707_214631_439606.csv,True,False,False,1751925135.3272393,414086.80510520935
12759,1751924721.2406664,1751924790.221625,batch_consumer-sts-0_20250707_214631_439606.csv,True,False,False,1751925135.3272393,414086.5728855133
12769,1751924721.240904,1751924790.2496524,batch_consumer-sts-0_20250707_214631_439606.csv,True,False,False,1751925135.3272393,414086.33518218994
12779,1751924721.2411294,1751924790.2770972,batch_consumer-sts-0_20250707_214631_439606.csv,True,False,False,1751925135.3272393,414086.1098766327
12789,1751924721.2413688,1751924790.3040757,batch_consumer-sts-0_20250707_214631_439606.csv,True,False,False,1751925135.3272393,414085.8705043793
12799,1751924721.2415931,1751924790.331699,batch_consumer-sts-0_20250707_214631_439606.csv,True,False,False,1751925135.3272393,414085.64615249634
12809,1751924721.2418218,1751924790.3594866,batch_consumer-sts-0_20250707_214631_439606.csv,True,False,False,1751925135.3272393,414085.417509079
12819,1751924721.2420492,1751924790.3875637,batch_consumer-sts-0_20250707_214631_439606.csv,True,False,False,1751925135.3272393,414085.1900577545
12829,1751924721.2422955,1751924790.414764,batch_consumer-sts-0_20250707_214631_439606.csv,True,False,False,1751925135.3272393,414084.9437713623
12839,1751924721.2425363,1751924790.44272,batch_consumer-sts-0_20250707_214631_439606.csv,True,False,False,1751925135.3272393,414084.7029685974
12849,1751924721.2427616,1751924790.470747,batch_consumer-sts-0_20250707_214631_439606.csv,True,False,False,1751925135.3272393,414084.47766304016
12859,1751924721.2429929,1751924790.9350977,batch_consumer-sts-0_20250707_214631_439606.csv,True,False,False,1751925135.3272393,414084.24639701843
12869,1751924721.243223,1751924790.9683638,batch_consumer-sts-0_20250707_214631_439606.csv,True,False,False,1751925135.3272393,414084.0163230896
12879,1751924721.2434485,1751924790.996269,batch_consumer-sts-0_20250707_214631_439606.csv,True,False,False,1751925135.3272393,414083.79077911377
12889,1751924721.2436693,1751924791.0234363,batch_consumer-sts-0_20250707_214631_439606.csv,True,False,False,1751925135.3272393,414083.5700035095
12899,1751924721.2438955,1751924791.0509608,batch_consumer-sts-0_20250707_214631_439606.csv,True,False,False,1751925135.3272393,414083.34374427795
12909,1751924721.2441282,1751924791.078586,batch_consumer-sts-0_20250707_214631_439606.csv,True,False,False,1751925135.3272393,414083.11104774475
12919,1751924721.2443569,1751924791.1055615,batch_consumer-sts-0_20250707_214631_439606.csv,True,False,False,1751925135.3272393,414082.8824043274
12929,1751924721.2445922,1751924791.1329384,batch_consumer-sts-0_20250707_214631_439606.csv,True,False,False,1751925135.3272393,414082.6470851898
12939,1751924721.244819,1751924791.1606936,batch_consumer-sts-0_20250707_214631_439606.csv,True,False,False,1751925135.3272393,414082.4203491211
12949,1751924721.2450483,1751924791.1887355,batch_consumer-sts-0_20250707_214631_439606.csv,True,False,False,1751925135.3272393,414082.190990448
12959,1751924721.245273,1751924791.215432,batch_consumer-sts-0_20250707_214631_439606.csv,True,False,False,1751925135.3272393,414081.9661617279
12969,1751924721.245505,1751924791.242846,batch_consumer-sts-0_20250707_214631_439606.csv,True,False,False,1751925135.3272393,414081.73418045044
12979,1751924721.245726,1751924791.2704346,batch_consumer-sts-0_20250707_214631_439606.csv,True,False,False,1751925135.3272393,414081.5131664276
12989,1751924721.2459495,1751924791.2983966,batch_consumer-sts-0_20250707_214631_439606.csv,True,False,False,1751925135.3272393,414081.289768219
12999,1751924721.2461846,1751924791.3240726,batch_consumer-sts-0_20250707_214631_439606.csv,True,False,False,1751925135.3272393,414081.0546875
13009,1751924721.2464166,1751924791.3515906,batch_consumer-sts-0_20250707_214631_439606.csv,True,False,False,1751925135.3272393,414080.82270622253
13019,1751924721.2466395,1751924791.384688,batch_consumer-sts-0_20250707_214631_439606.csv,True,False,False,1751925135.3272393,414080.5997848511
13029,1751924721.2469,1751924791.4113584,batch_consumer-sts-0_20250707_214631_439606.csv,True,False,False,1751925135.3272393,414080.3391933441
13039,1751924721.247131,1751924792.6950293,batch_consumer-sts-0_20250707_214635_755380.csv,True,False,False,1751925135.3272393,414080.10816574097
13049,1751924721.247363,1751924792.7681434,batch_consumer-sts-0_20250707_214635_755380.csv,True,False,False,1751925135.3272393,414079.8761844635
13059,1751924721.2475948,1751924792.7957616,batch_consumer-sts-0_20250707_214635_755380.csv,True,False,False,1751925135.3272393,414079.6444416046
13069,1751924721.247816,1751924792.830493,batch_consumer-sts-0_20250707_214635_755380.csv,True,False,False,1751925135.3272393,414079.4231891632
13079,1751924721.2480392,1751924792.858,batch_consumer-sts-0_20250707_214635_755380.csv,True,False,False,1751925135.3272393,414079.20002937317
13089,1751924721.2482696,1751924792.8856907,batch_consumer-sts-0_20250707_214635_755380.csv,True,False,False,1751925135.3272393,414078.96971702576
13099,1751924721.2484956,1751924792.9126348,batch_consumer-sts-0_20250707_214635_755380.csv,True,False,False,1751925135.3272393,414078.74369621277
13109,1751924721.2487233,1751924792.9402652,batch_consumer-sts-0_20250707_214635_755380.csv,True,False,False,1751925135.3272393,414078.5160064697
13119,1751924721.2489548,1751924792.9668996,batch_consumer-sts-0_20250707_214635_755380.csv,True,False,False,1751925135.3272393,414078.2845020294
13129,1751924721.2491777,1751924792.994403,batch_consumer-sts-0_20250707_214635_755380.csv,True,False,False,1751925135.3272393,414078.06158065796
13139,1751924721.2494066,1751924793.0210087,batch_consumer-sts-0_20250707_214635_755380.csv,True,False,False,1751925135.3272393,414077.832698822
13149,1751924721.2496395,1751924793.048763,batch_consumer-sts-0_20250707_214635_755380.csv,True,False,False,1751925135.3272393,414077.59976387024
13159,1751924721.2498727,1751924793.0764031,batch_consumer-sts-0_20250707_214635_755380.csv,True,False,False,1751925135.3272393,414077.3665904999
13169,1751924721.250098,1751924793.1034403,batch_consumer-sts-0_20250707_214635_755380.csv,True,False,False,1751925135.3272393,414077.1412849426
13179,1751924721.250335,1751924793.132805,batch_consumer-sts-0_20250707_214635_755380.csv,True,False,False,1751925135.3272393,414076.904296875
13189,1751924721.2505646,1751924793.1604838,batch_consumer-sts-0_20250707_214635_755380.csv,True,False,False,1751925135.3272393,414076.6746997833
13199,1751924721.250794,1751924793.188449,batch_consumer-sts-0_20250707_214635_755380.csv,True,False,False,1751925135.3272393,414076.44534111023
13209,1751924721.2510176,1751924793.2152903,batch_consumer-sts-0_20250707_214635_755380.csv,True,False,False,1751925135.3272393,414076.22170448303
13219,1751924721.251245,1751924793.242839,batch_consumer-sts-0_20250707_214635_755380.csv,True,False,False,1751925135.3272393,414075.99425315857
13229,1751924721.2514777,1751924793.2707157,batch_consumer-sts-0_20250707_214635_755380.csv,True,False,False,1751925135.3272393,414075.76155662537
13239,1751924721.2517056,1751924793.2986996,batch_consumer-sts-0_20250707_214635_755380.csv,True,False,False,1751925135.3272393,414075.53362846375
13249,1751924721.2519388,1751924793.3254778,batch_consumer-sts-0_20250707_214635_755380.csv,True,False,False,1751925135.3272393,414075.3004550934
13259,1751924721.25217,1751924793.3526847,batch_consumer-sts-0_20250707_214635_755380.csv,True,False,False,1751925135.3272393,414075.06918907166
13269,1751924721.25239,1751924793.3811257,batch_consumer-sts-0_20250707_214635_755380.csv,True,False,False,1751925135.3272393,414074.8493671417
13279,1751924721.2525702,1751924793.408218,batch_consumer-sts-0_20250707_214635_755380.csv,True,False,False,1751925135.3272393,414074.6691226959
13289,1751924721.2527554,1751924793.4346445,batch_consumer-sts-0_20250707_214635_755380.csv,True,False,False,1751925135.3272393,414074.48387145996
13299,1751924721.252925,1751924793.462355,batch_consumer-sts-0_20250707_214635_755380.csv,True,False,False,1751925135.3272393,414074.3143558502
13309,1751924721.253101,1751924793.490405,batch_consumer-sts-0_20250707_214635_755380.csv,True,False,False,1751925135.3272393,414074.13816452026
13319,1751924721.253278,1751924793.5175316,batch_consumer-sts-0_20250707_214635_755380.csv,True,False,False,1751925135.3272393,414073.96125793457
13329,1751924721.253455,1751924793.5452466,batch_consumer-sts-0_20250707_214635_755380.csv,True,False,False,1751925135.3272393,414073.7843513489
13339,1751924721.2536256,1751924793.5734024,batch_consumer-sts-0_20250707_214635_755380.csv,True,False,False,1751925135.3272393,414073.61364364624
13349,1751924721.253827,1751924793.6010673,batch_consumer-sts-0_20250707_214635_755380.csv,True,False,False,1751925135.3272393,414073.4121799469
13359,1751924721.25401,1751924793.6288528,batch_consumer-sts-0_20250707_214635_755380.csv,True,False,False,1751925135.3272393,414073.2293128967
13369,1751924721.254228,1751924793.6567168,batch_consumer-sts-0_20250707_214635_755380.csv,True,False,False,1751925135.3272393,414073.01115989685
13379,1751924721.2544615,1751924793.6843565,batch_consumer-sts-0_20250707_214635_755380.csv,True,False,False,1751925135.3272393,414072.7777481079
13389,1751924721.2546873,1751924793.7102966,batch_consumer-sts-0_20250707_214635_755380.csv,True,False,False,1751925135.3272393,414072.5519657135
13399,1751924721.2549138,1751924793.738211,batch_consumer-sts-0_20250707_214635_755380.csv,True,False,False,1751925135.3272393,414072.32546806335
13409,1751924721.2551432,1751924793.764923,batch_consumer-sts-0_20250707_214635_755380.csv,True,False,False,1751925135.3272393,414072.09610939026
13419,1751924721.255371,1751924793.792318,batch_consumer-sts-0_20250707_214635_755380.csv,True,False,False,1751925135.3272393,414071.86818122864
13429,1751924721.255601,1751924793.818146,batch_consumer-sts-0_20250707_214635_755380.csv,True,False,False,1751925135.3272393,414071.6383457184
13439,1751924721.2558303,1751924793.846077,batch_consumer-sts-0_20250707_214635_755380.csv,True,False,False,1751925135.3272393,414071.4089870453
13449,1751924721.2560608,1751924793.8738818,batch_consumer-sts-0_20250707_214635_755380.csv,True,False,False,1751925135.3272393,414071.1784362793
13459,1751924721.256305,1751924793.9015875,batch_consumer-sts-0_20250707_214635_755380.csv,True,False,False,1751925135.3272393,414070.9342956543
13469,1751924721.2565324,1751924793.9292188,batch_consumer-sts-0_20250707_214635_755380.csv,True,False,False,1751925135.3272393,414070.70684432983
13479,1751924721.25676,1751924793.9573894,batch_consumer-sts-0_20250707_214635_755380.csv,True,False,False,1751925135.3272393,414070.4793930054
13489,1751924721.2569864,1751924793.9852636,batch_consumer-sts-0_20250707_214635_755380.csv,True,False,False,1751925135.3272393,414070.2528953552
13499,1751924721.2572117,1751924794.0115108,batch_consumer-sts-0_20250707_214635_755380.csv,True,False,False,1751925135.3272393,414070.027589798
13509,1751924721.257435,1751924794.0389516,batch_consumer-sts-0_20250707_214635_755380.csv,True,False,False,1751925135.3272393,414069.80419158936
13519,1751924721.2576578,1751924794.0671482,batch_consumer-sts-0_20250707_214635_755380.csv,True,False,False,1751925135.3272393,414069.5815086365
13529,1751924721.257879,1751924794.0949037,batch_consumer-sts-0_20250707_214635_755380.csv,True,False,False,1751925135.3272393,414069.36025619507
13539,1751924721.258114,1751924794.1216784,batch_consumer-sts-0_20250707_214635_755380.csv,True,False,False,1751925135.3272393,414069.1251754761
13549,1751924721.2583582,1751924794.149397,batch_consumer-sts-0_20250707_214635_755380.csv,True,False,False,1751925135.3272393,414068.8810348511
13559,1751924721.258588,1751924794.1768413,batch_consumer-sts-0_20250707_214635_755380.csv,True,False,False,1751925135.3272393,414068.6511993408
13569,1751924721.2588158,1751924794.20402,batch_consumer-sts-0_20250707_214635_755380.csv,True,False,False,1751925135.3272393,414068.4235095978
13579,1751924721.2590368,1751924794.2311869,batch_consumer-sts-0_20250707_214635_755380.csv,True,False,False,1751925135.3272393,414068.20249557495
13589,1751924721.2592669,1751924794.258257,batch_consumer-sts-0_20250707_214635_755380.csv,True,False,False,1751925135.3272393,414067.9724216461
13599,1751924721.259498,1751924794.284567,batch_consumer-sts-0_20250707_214635_755380.csv,True,False,False,1751925135.3272393,414067.74139404297
13609,1751924721.2597263,1751924794.3110068,batch_consumer-sts-0_20250707_214635_755380.csv,True,False,False,1751925135.3272393,414067.5129890442
13619,1751924721.259957,1751924794.3380098,batch_consumer-sts-0_20250707_214635_755380.csv,True,False,False,1751925135.3272393,414067.2821998596
13629,1751924721.2601826,1751924794.365343,batch_consumer-sts-0_20250707_214635_755380.csv,True,False,False,1751925135.3272393,414067.0566558838
13639,1751924721.260405,1751924794.3922763,batch_consumer-sts-0_20250707_214635_755380.csv,True,False,False,1751925135.3272393,414066.8342113495
13649,1751924721.260631,1751924794.418483,batch_consumer-sts-0_20250707_214635_755380.csv,True,False,False,1751925135.3272393,414066.6081905365
13659,1751924721.2608554,1751924794.4459095,batch_consumer-sts-0_20250707_214635_755380.csv,True,False,False,1751925135.3272393,414066.38383865356
13669,1751924721.2610872,1751924794.473824,batch_consumer-sts-0_20250707_214635_755380.csv,True,False,False,1751925135.3272393,414066.1520957947
13679,1751924721.2613106,1751924794.5012867,batch_consumer-sts-0_20250707_214635_755380.csv,True,False,False,1751925135.3272393,414065.92869758606
13689,1751924721.2615428,1751924794.5287402,batch_consumer-sts-0_20250707_214635_755380.csv,True,False,False,1751925135.3272393,414065.69647789
13699,1751924721.2617755,1751924794.5564778,batch_consumer-sts-0_20250707_214635_755380.csv,True,False,False,1751925135.3272393,414065.4637813568
13709,1751924721.2620025,1751924794.5839193,batch_consumer-sts-0_20250707_214635_755380.csv,True,False,False,1751925135.3272393,414065.2368068695
13719,1751924721.2734056,1751924794.6109755,batch_consumer-sts-0_20250707_214635_755380.csv,True,False,False,1751925135.3272393,414053.83372306824
13729,1751924721.2737932,1751924794.6386728,batch_consumer-sts-0_20250707_214635_755380.csv,True,False,False,1751925135.3272393,414053.4460544586
13739,1751924721.2740724,1751924794.6666305,batch_consumer-sts-0_20250707_214635_755380.csv,True,False,False,1751925135.3272393,414053.1668663025
13749,1751924721.2744148,1751924794.6944036,batch_consumer-sts-0_20250707_214635_755380.csv,True,False,False,1751925135.3272393,414052.8244972229
13759,1751924721.274757,1751924794.7207546,batch_consumer-sts-0_20250707_214635_755380.csv,True,False,False,1751925135.3272393,414052.4823665619
13769,1751924721.2750907,1751924794.748098,batch_consumer-sts-0_20250707_214635_755380.csv,True,False,False,1751925135.3272393,414052.14858055115
13779,1751924721.275324,1751924794.7755177,batch_consumer-sts-0_20250707_214635_755380.csv,True,False,False,1751925135.3272393,414051.9151687622
13789,1751924721.2756107,1751924794.80327,batch_consumer-sts-0_20250707_214635_755380.csv,True,False,False,1751925135.3272393,414051.6285896301
13799,1751924721.2759497,1751924794.8304307,batch_consumer-sts-0_20250707_214635_755380.csv,True,False,False,1751925135.3272393,414051.28955841064
13809,1751924721.2762597,1751924794.9129314,batch_consumer-sts-0_20250707_214635_755380.csv,True,False,False,1751925135.3272393,414050.9796142578
13819,1751924721.2766025,1751924794.9404352,batch_consumer-sts-0_20250707_214635_755380.csv,True,False,False,1751925135.3272393,414050.63676834106
17539,1751924721.421436,1751924794.967962,batch_consumer-sts-0_20250707_214635_755380.csv,True,False,False,1751925135.3272393,413905.80320358276
17549,1751924721.4216676,1751924794.9956765,batch_consumer-sts-0_20250707_214635_755380.csv,True,False,False,1751925135.3272393,413905.57169914246
17559,1751924721.421906,1751924795.022512,batch_consumer-sts-0_20250707_214635_755380.csv,True,False,False,1751925135.3272393,413905.33328056335
17569,1751924721.4221442,1751924795.05042,batch_consumer-sts-0_20250707_214635_755380.csv,True,False,False,1751925135.3272393,413905.09510040283
17579,1751924721.4223783,1751924795.0781076,batch_consumer-sts-0_20250707_214635_755380.csv,True,False,False,1751925135.3272393,413904.86097335815
17589,1751924721.4226196,1751924795.1052394,batch_consumer-sts-0_20250707_214635_755380.csv,True,False,False,1751925135.3272393,413904.6196937561
17599,1751924721.42285,1751924795.132857,batch_consumer-sts-0_20250707_214635_755380.csv,True,False,False,1751925135.3272393,413904.3893814087
17609,1751924721.4230738,1751924795.1606898,batch_consumer-sts-0_20250707_214635_755380.csv,True,False,False,1751925135.3272393,413904.1655063629
17619,1751924721.4233067,1751924795.18834,batch_consumer-sts-0_20250707_214635_755380.csv,True,False,False,1751925135.3272393,413903.93257141113
17629,1751924721.4235375,1751924795.2153656,batch_consumer-sts-0_20250707_214635_755380.csv,True,False,False,1751925135.3272393,413903.70178222656
17639,1751924721.423769,1751924795.3090365,batch_consumer-sts-0_20250707_214635_755380.csv,True,False,False,1751925135.3272393,413903.47027778625
17649,1751924721.4240005,1751924795.3364367,batch_consumer-sts-0_20250707_214635_755380.csv,True,False,False,1751925135.3272393,413903.23877334595
17659,1751924721.4242363,1751924795.3636,batch_consumer-sts-0_20250707_214635_755380.csv,True,False,False,1751925135.3272393,413903.0029773712
17669,1751924721.4244657,1751924795.3910112,batch_consumer-sts-0_20250707_214635_755380.csv,True,False,False,1751925135.3272393,413902.7736186981
17679,1751924721.4246976,1751924795.417342,batch_consumer-sts-0_20250707_214635_755380.csv,True,False,False,1751925135.3272393,413902.54163742065
17689,1751924721.4249363,1751924795.4448192,batch_consumer-sts-0_20250707_214635_755380.csv,True,False,False,1751925135.3272393,413902.302980423
17699,1751924721.425173,1751924795.4728355,batch_consumer-sts-0_20250707_214635_755380.csv,True,False,False,1751925135.3272393,413902.0662307739
17709,1751924721.4254053,1751924795.5004816,batch_consumer-sts-0_20250707_214635_755380.csv,True,False,False,1751925135.3272393,413901.8340110779
17719,1751924721.425638,1751924795.527584,batch_consumer-sts-0_20250707_214635_755380.csv,True,False,False,1751925135.3272393,413901.6013145447
17729,1751924721.4258692,1751924795.5549655,batch_consumer-sts-0_20250707_214635_755380.csv,True,False,False,1751925135.3272393,413901.37004852295
17739,1751924721.4260948,1751924795.5825343,batch_consumer-sts-0_20250707_214635_755380.csv,True,False,False,1751925135.3272393,413901.1445045471
17749,1751924721.4263394,1751924795.9957666,batch_consumer-sts-0_20250707_214639_735669.csv,True,False,False,1751925135.3272393,413900.89988708496
17759,1751924721.4265654,1751924796.02321,batch_consumer-sts-0_20250707_214639_735669.csv,True,False,False,1751925135.3272393,413900.673866272
17769,1751924721.4267983,1751924796.0506742,batch_consumer-sts-0_20250707_214639_735669.csv,True,False,False,1751925135.3272393,413900.4409313202
17779,1751924721.4270315,1751924796.0780742,batch_consumer-sts-0_20250707_214639_735669.csv,True,False,False,1751925135.3272393,413900.2077579498
17789,1751924721.4272652,1751924796.1051004,batch_consumer-sts-0_20250707_214639_735669.csv,True,False,False,1751925135.3272393,413899.9741077423
17799,1751924721.427503,1751924796.132537,batch_consumer-sts-0_20250707_214639_735669.csv,True,False,False,1751925135.3272393,413899.73616600037
17809,1751924721.4277356,1751924796.159909,batch_consumer-sts-0_20250707_214639_735669.csv,True,False,False,1751925135.3272393,413899.50370788574
17819,1751924721.4279635,1751924796.187498,batch_consumer-sts-0_20250707_214639_735669.csv,True,False,False,1751925135.3272393,413899.2757797241
17829,1751924721.4281995,1751924796.214264,batch_consumer-sts-0_20250707_214639_735669.csv,True,False,False,1751925135.3272393,413899.0397453308
17839,1751924721.4284303,1751924796.2409549,batch_consumer-sts-0_20250707_214639_735669.csv,True,False,False,1751925135.3272393,413898.80895614624
17849,1751924721.4286623,1751924796.2685745,batch_consumer-sts-0_20250707_214639_735669.csv,True,False,False,1751925135.3272393,413898.5769748688
17859,1751924721.4288917,1751924796.2963238,batch_consumer-sts-0_20250707_214639_735669.csv,True,False,False,1751925135.3272393,413898.3476161957
17869,1751924721.4291255,1751924796.3240464,batch_consumer-sts-0_20250707_214639_735669.csv,True,False,False,1751925135.3272393,413898.1137275696
17879,1751924721.4293592,1751924796.3516634,batch_consumer-sts-0_20250707_214639_735669.csv,True,False,False,1751925135.3272393,413897.88007736206
17889,1751924721.4295895,1751924796.379413,batch_consumer-sts-0_20250707_214639_735669.csv,True,False,False,1751925135.3272393,413897.64976501465
17899,1751924721.429844,1751924796.406637,batch_consumer-sts-0_20250707_214639_735669.csv,True,False,False,1751925135.3272393,413897.39537239075
17909,1751924721.4300754,1751924796.433798,batch_consumer-sts-0_20250707_214639_735669.csv,True,False,False,1751925135.3272393,413897.16386795044
17919,1751924721.4303143,1751924796.4613342,batch_consumer-sts-0_20250707_214639_735669.csv,True,False,False,1751925135.3272393,413896.9249725342
17929,1751924721.4305482,1751924796.4879017,batch_consumer-sts-0_20250707_214639_735669.csv,True,False,False,1751925135.3272393,413896.6910839081
17939,1751924721.430787,1751924796.5145514,batch_consumer-sts-0_20250707_214639_735669.csv,True,False,False,1751925135.3272393,413896.4521884918
17949,1751924721.431018,1751924796.542137,batch_consumer-sts-0_20250707_214639_735669.csv,True,False,False,1751925135.3272393,413896.2211608887
17959,1751924721.4312468,1751924796.5697508,batch_consumer-sts-0_20250707_214639_735669.csv,True,False,False,1751925135.3272393,413895.9925174713
17969,1751924721.4314723,1751924796.5971107,batch_consumer-sts-0_20250707_214639_735669.csv,True,False,False,1751925135.3272393,413895.7669734955
17979,1751924721.431704,1751924796.6242647,batch_consumer-sts-0_20250707_214639_735669.csv,True,False,False,1751925135.3272393,413895.5352306366
17989,1751924721.431924,1751924796.650577,batch_consumer-sts-0_20250707_214639_735669.csv,True,False,False,1751925135.3272393,413895.3151702881
17999,1751924721.432154,1751924796.677745,batch_consumer-sts-0_20250707_214639_735669.csv,True,False,False,1751925135.3272393,413895.08533477783
18009,1751924721.4323428,1751924796.7043705,batch_consumer-sts-0_20250707_214639_735669.csv,True,False,False,1751925135.3272393,413894.8965072632
18019,1751924721.4325366,1751924796.7324378,batch_consumer-sts-0_20250707_214639_735669.csv,True,False,False,1751925135.3272393,413894.7026729584
18029,1751924721.4327266,1751924796.7635553,batch_consumer-sts-0_20250707_214639_735669.csv,True,False,False,1751925135.3272393,413894.51265335083
18039,1751924721.4329827,1751924796.7910948,batch_consumer-sts-0_20250707_214639_735669.csv,True,False,False,1751925135.3272393,413894.2565917969
18049,1751924721.4331985,1751924796.8181107,batch_consumer-sts-0_20250707_214639_735669.csv,True,False,False,1751925135.3272393,413894.0408229828
18059,1751924721.433391,1751924796.8452916,batch_consumer-sts-0_20250707_214639_735669.csv,True,False,False,1751925135.3272393,413893.8481807709
18069,1751924721.433616,1751924796.8732677,batch_consumer-sts-0_20250707_214639_735669.csv,True,False,False,1751925135.3272393,413893.6233520508
18079,1751924721.4338317,1751924796.8998995,batch_consumer-sts-0_20250707_214639_735669.csv,True,False,False,1751925135.3272393,413893.4075832367
18089,1751924721.4340434,1751924796.9273188,batch_consumer-sts-0_20250707_214639_735669.csv,True,False,False,1751925135.3272393,413893.19586753845
18099,1751924721.4342551,1751924796.954824,batch_consumer-sts-0_20250707_214639_735669.csv,True,False,False,1751925135.3272393,413892.9841518402
18109,1751924721.4344914,1751924796.9826603,batch_consumer-sts-0_20250707_214639_735669.csv,True,False,False,1751925135.3272393,413892.7478790283
18119,1751924721.4347234,1751924797.0097158,batch_consumer-sts-0_20250707_214639_735669.csv,True,False,False,1751925135.3272393,413892.51589775085
18129,1751924721.4349637,1751924797.037284,batch_consumer-sts-0_20250707_214639_735669.csv,True,False,False,1751925135.3272393,413892.2755718231
18139,1751924721.435198,1751924797.0636992,batch_consumer-sts-0_20250707_214639_735669.csv,True,False,False,1751925135.3272393,413892.04120635986
18149,1751924721.4354334,1751924798.092944,batch_consumer-sts-0_20250707_214639_735669.csv,True,False,False,1751925135.3272393,413891.8058872223
18159,1751924721.4356709,1751924798.1196332,batch_consumer-sts-0_20250707_214639_735669.csv,True,False,False,1751925135.3272393,413891.5684223175
18169,1751924721.4359007,1751924798.1472745,batch_consumer-sts-0_20250707_214639_735669.csv,True,False,False,1751925135.3272393,413891.33858680725
18179,1751924721.4361348,1751924798.1744275,batch_consumer-sts-0_20250707_214639_735669.csv,True,False,False,1751925135.3272393,413891.1044597626
18189,1751924721.4363708,1751924798.2008064,batch_consumer-sts-0_20250707_214639_735669.csv,True,False,False,1751925135.3272393,413890.86842536926
18199,1751924721.436601,1751924798.2278302,batch_consumer-sts-0_20250707_214639_735669.csv,True,False,False,1751925135.3272393,413890.63835144043
18209,1751924721.4368303,1751924798.2556372,batch_consumer-sts-0_20250707_214639_735669.csv,True,False,False,1751925135.3272393,413890.40899276733
18219,1751924721.4370632,1751924798.2834432,batch_consumer-sts-0_20250707_214639_735669.csv,True,False,False,1751925135.3272393,413890.17605781555
18229,1751924721.4372976,1751924798.3104472,batch_consumer-sts-0_20250707_214639_735669.csv,True,False,False,1751925135.3272393,413889.9416923523
18239,1751924721.4375243,1751924798.338101,batch_consumer-sts-0_20250707_214639_735669.csv,True,False,False,1751925135.3272393,413889.71495628357
18249,1751924721.4377513,1751924798.365563,batch_consumer-sts-0_20250707_214639_735669.csv,True,False,False,1751925135.3272393,413889.48798179626
18259,1751924721.437983,1751924798.3937535,batch_consumer-sts-0_20250707_214639_735669.csv,True,False,False,1751925135.3272393,413889.2562389374
18269,1751924721.43823,1751924798.420646,batch_consumer-sts-0_20250707_214639_735669.csv,True,False,False,1751925135.3272393,413889.0092372894
18279,1751924721.4384644,1751924798.4484725,batch_consumer-sts-0_20250707_214639_735669.csv,True,False,False,1751925135.3272393,413888.7748718262
18289,1751924721.438692,1751924798.4764884,batch_consumer-sts-0_20250707_214639_735669.csv,True,False,False,1751925135.3272393,413888.54718208313
18299,1751924721.4389253,1751924798.5037646,batch_consumer-sts-0_20250707_214639_735669.csv,True,False,False,1751925135.3272393,413888.31400871277
18309,1751924721.4391563,1751924798.53139,batch_consumer-sts-0_20250707_214639_735669.csv,True,False,False,1751925135.3272393,413888.0829811096
18319,1751924721.439393,1751924798.558756,batch_consumer-sts-0_20250707_214639_735669.csv,True,False,False,1751925135.3272393,413887.8462314606
18329,1751924721.4396253,1751924798.5862768,batch_consumer-sts-0_20250707_214639_735669.csv,True,False,False,1751925135.3272393,413887.6140117645
18339,1751924721.4398522,1751924798.613037,batch_consumer-sts-0_20250707_214639_735669.csv,True,False,False,1751925135.3272393,413887.3870372772
18349,1751924721.4400797,1751924798.6402512,batch_consumer-sts-0_20250707_214639_735669.csv,True,False,False,1751925135.3272393,413887.15958595276
18359,1751924721.4403074,1751924798.666719,batch_consumer-sts-0_20250707_214639_735669.csv,True,False,False,1751925135.3272393,413886.9318962097
18369,1751924721.4405384,1751924798.6945622,batch_consumer-sts-0_20250707_214639_735669.csv,True,False,False,1751925135.3272393,413886.70086860657
18379,1751924721.4407766,1751924798.7213678,batch_consumer-sts-0_20250707_214639_735669.csv,True,False,False,1751925135.3272393,413886.46268844604
18389,1751924721.4410112,1751924798.7485936,batch_consumer-sts-0_20250707_214639_735669.csv,True,False,False,1751925135.3272393,413886.2280845642
18399,1751924721.4412446,1751924798.7763522,batch_consumer-sts-0_20250707_214639_735669.csv,True,False,False,1751925135.3272393,413885.99467277527
18409,1751924721.441487,1751924798.803738,batch_consumer-sts-0_20250707_214639_735669.csv,True,False,False,1751925135.3272393,413885.7522010803
18419,1751924721.4417272,1751924798.8312438,batch_consumer-sts-0_20250707_214639_735669.csv,True,False,False,1751925135.3272393,413885.51211357117
18429,1751924721.441962,1751924798.8578904,batch_consumer-sts-0_20250707_214639_735669.csv,True,False,False,1751925135.3272393,413885.27727127075
18439,1751924721.44221,1751924798.885764,batch_consumer-sts-0_20250707_214639_735669.csv,True,False,False,1751925135.3272393,413885.0293159485
18449,1751924721.4424438,1751924798.9126723,batch_consumer-sts-0_20250707_214639_735669.csv,True,False,False,1751925135.3272393,413884.7954273224
18459,1751924721.4426713,1751924798.939959,batch_consumer-sts-0_20250707_214639_735669.csv,True,False,False,1751925135.3272393,413884.5679759979
18469,1751924721.4429045,1751924798.9675453,batch_consumer-sts-0_20250707_214639_735669.csv,True,False,False,1751925135.3272393,413884.33480262756
18479,1751924721.4431396,1751924798.9949856,batch_consumer-sts-0_20250707_214639_735669.csv,True,False,False,1751925135.3272393,413884.09972190857
18489,1751924721.4433675,1751924799.0217707,batch_consumer-sts-0_20250707_214639_735669.csv,True,False,False,1751925135.3272393,413883.87179374695
18499,1751924721.4435964,1751924799.0494728,batch_consumer-sts-0_20250707_214639_735669.csv,True,False,False,1751925135.3272393,413883.642911911
18509,1751924721.443838,1751924799.0769186,batch_consumer-sts-0_20250707_214639_735669.csv,True,False,False,1751925135.3272393,413883.4013938904
18519,1751924721.4440682,1751924799.1042216,batch_consumer-sts-0_20250707_214639_735669.csv,True,False,False,1751925135.3272393,413883.17108154297
18529,1751924721.4442987,1751924799.1313934,batch_consumer-sts-0_20250707_214639_735669.csv,True,False,False,1751925135.3272393,413882.940530777
18539,1751924721.444528,1751924799.159593,batch_consumer-sts-0_20250707_214639_735669.csv,True,False,False,1751925135.3272393,413882.7111721039
18549,1751924721.4447622,1751924799.1877933,batch_consumer-sts-0_20250707_214639_735669.csv,True,False,False,1751925135.3272393,413882.4770450592
18559,1751924721.4449863,1751924799.2147331,batch_consumer-sts-0_20250707_214639_735669.csv,True,False,False,1751925135.3272393,413882.25293159485
18569,1751924721.4452126,1751924799.2422714,batch_consumer-sts-0_20250707_214639_735669.csv,True,False,False,1751925135.3272393,413882.0266723633
18579,1751924721.445442,1751924799.26973,batch_consumer-sts-0_20250707_214639_735669.csv,True,False,False,1751925135.3272393,413881.7973136902
18589,1751924721.4456744,1751924799.2976344,batch_consumer-sts-0_20250707_214639_735669.csv,True,False,False,1751925135.3272393,413881.56485557556
18599,1751924721.4459274,1751924799.3246834,batch_consumer-sts-0_20250707_214639_735669.csv,True,False,False,1751925135.3272393,413881.31189346313
18609,1751924721.446167,1751924799.352369,batch_consumer-sts-0_20250707_214639_735669.csv,True,False,False,1751925135.3272393,413881.07228279114
18619,1751924721.4463992,1751924799.3802102,batch_consumer-sts-0_20250707_214639_735669.csv,True,False,False,1751925135.3272393,413880.8400630951
18629,1751924721.4466257,1751924799.4073384,batch_consumer-sts-0_20250707_214639_735669.csv,True,False,False,1751925135.3272393,413880.61356544495
18639,1751924721.446863,1751924799.435609,batch_consumer-sts-0_20250707_214639_735669.csv,True,False,False,1751925135.3272393,413880.37633895874
18649,1751924721.4470932,1751924799.463735,batch_consumer-sts-0_20250707_214639_735669.csv,True,False,False,1751925135.3272393,413880.1460266113
18659,1751924721.447323,1751924799.4913864,batch_consumer-sts-0_20250707_214639_735669.csv,True,False,False,1751925135.3272393,413879.9161911011
18669,1751924721.4475503,1751924799.5181055,batch_consumer-sts-0_20250707_214639_735669.csv,True,False,False,1751925135.3272393,413879.6889781952
18679,1751924721.447795,1751924799.5455844,batch_consumer-sts-0_20250707_214639_735669.csv,True,False,False,1751925135.3272393,413879.44436073303
18689,1751924721.4480162,1751924799.572796,batch_consumer-sts-0_20250707_214639_735669.csv,True,False,False,1751925135.3272393,413879.2231082916
18699,1751924721.448202,1751924799.600055,batch_consumer-sts-0_20250707_214639_735669.csv,True,False,False,1751925135.3272393,413879.0373802185
18709,1751924721.448401,1751924799.62777,batch_consumer-sts-0_20250707_214639_735669.csv,True,False,False,1751925135.3272393,413878.83830070496
18719,1751924721.4485917,1751924799.6554115,batch_consumer-sts-0_20250707_214639_735669.csv,True,False,False,1751925135.3272393,413878.6475658417
18729,1751924721.4487836,1751924799.6814494,batch_consumer-sts-0_20250707_214639_735669.csv,True,False,False,1751925135.3272393,413878.4556388855
18739,1751924721.4489725,1751924799.707985,batch_consumer-sts-0_20250707_214639_735669.csv,True,False,False,1751925135.3272393,413878.26681137085
18749,1751924721.4491656,1751924799.9747548,batch_consumer-sts-0_20250707_214644_128331.csv,True,False,False,1751925135.3272393,413878.0736923218
18759,1751924721.4493582,1751924800.1703494,batch_consumer-sts-0_20250707_214644_128331.csv,True,False,False,1751925135.3272393,413877.88105010986
18769,1751924721.4495835,1751924800.1981523,batch_consumer-sts-0_20250707_214644_128331.csv,True,False,False,1751925135.3272393,413877.6557445526
18779,1751924721.4498346,1751924800.2250676,batch_consumer-sts-0_20250707_214644_128331.csv,True,False,False,1751925135.3272393,413877.4046897888
18789,1751924721.450062,1751924800.252282,batch_consumer-sts-0_20250707_214644_128331.csv,True,False,False,1751925135.3272393,413877.17723846436
18799,1751924721.4503014,1751924800.2796106,batch_consumer-sts-0_20250707_214644_128331.csv,True,False,False,1751925135.3272393,413876.93786621094
18809,1751924721.4505262,1751924800.3064432,batch_consumer-sts-0_20250707_214644_128331.csv,True,False,False,1751925135.3272393,413876.71303749084
18819,1751924721.4507608,1751924800.3338082,batch_consumer-sts-0_20250707_214644_128331.csv,True,False,False,1751925135.3272393,413876.478433609
18829,1751924721.4509878,1751924800.3613584,batch_consumer-sts-0_20250707_214644_128331.csv,True,False,False,1751925135.3272393,413876.2514591217
18839,1751924721.4512231,1751924800.388889,batch_consumer-sts-0_20250707_214644_128331.csv,True,False,False,1751925135.3272393,413876.01613998413
18849,1751924721.451445,1751924800.4157114,batch_consumer-sts-0_20250707_214644_128331.csv,True,False,False,1751925135.3272393,413875.794172287
18859,1751924721.4516747,1751924800.443296,batch_consumer-sts-0_20250707_214644_128331.csv,True,False,False,1751925135.3272393,413875.5645751953
18869,1751924721.4519055,1751924800.4712584,batch_consumer-sts-0_20250707_214644_128331.csv,True,False,False,1751925135.3272393,413875.33378601074
18879,1751924721.4521377,1751924800.499092,batch_consumer-sts-0_20250707_214644_128331.csv,True,False,False,1751925135.3272393,413875.1015663147
18889,1751924721.4523673,1751924800.5268204,batch_consumer-sts-0_20250707_214644_128331.csv,True,False,False,1751925135.3272393,413874.871969223
18899,1751924721.4526055,1751924800.5546098,batch_consumer-sts-0_20250707_214644_128331.csv,True,False,False,1751925135.3272393,413874.6337890625
18909,1751924721.452839,1751924800.5822282,batch_consumer-sts-0_20250707_214644_128331.csv,True,False,False,1751925135.3272393,413874.40037727356
18919,1751924721.4530735,1751924800.609006,batch_consumer-sts-0_20250707_214644_128331.csv,True,False,False,1751925135.3272393,413874.1657733917
18929,1751924721.4533,1751924800.636624,batch_consumer-sts-0_20250707_214644_128331.csv,True,False,False,1751925135.3272393,413873.9392757416
18939,1751924721.4535272,1751924800.664378,batch_consumer-sts-0_20250707_214644_128331.csv,True,False,False,1751925135.3272393,413873.7120628357
18949,1751924721.4537644,1751924800.6921804,batch_consumer-sts-0_20250707_214644_128331.csv,True,False,False,1751925135.3272393,413873.4748363495
18959,1751924721.4539983,1751924800.719462,batch_consumer-sts-0_20250707_214644_128331.csv,True,False,False,1751925135.3272393,413873.2409477234
18969,1751924721.4542294,1751924800.9719214,batch_consumer-sts-0_20250707_214644_128331.csv,True,False,False,1751925135.3272393,413873.00992012024
18979,1751924721.4544585,1751924800.9995885,batch_consumer-sts-0_20250707_214644_128331.csv,True,False,False,1751925135.3272393,413872.7807998657
18989,1751924721.45469,1751924801.0275156,batch_consumer-sts-0_20250707_214644_128331.csv,True,False,False,1751925135.3272393,413872.5492954254
18999,1751924721.454926,1751924801.0548818,batch_consumer-sts-0_20250707_214644_128331.csv,True,False,False,1751925135.3272393,413872.3132610321
19009,1751924721.4551632,1751924801.0825346,batch_consumer-sts-0_20250707_214644_128331.csv,True,False,False,1751925135.3272393,413872.0760345459
19019,1751924721.4554026,1751924801.1092932,batch_consumer-sts-0_20250707_214644_128331.csv,True,False,False,1751925135.3272393,413871.8366622925
19029,1751924721.4556296,1751924801.136765,batch_consumer-sts-0_20250707_214644_128331.csv,True,False,False,1751925135.3272393,413871.6096878052
19039,1751924721.4558578,1751924801.1644957,batch_consumer-sts-0_20250707_214644_128331.csv,True,False,False,1751925135.3272393,413871.381521225
19049,1751924721.4561355,1751924801.192514,batch_consumer-sts-0_20250707_214644_128331.csv,True,False,False,1751925135.3272393,413871.1037635803
19059,1751924721.456391,1751924801.2194157,batch_consumer-sts-0_20250707_214644_128331.csv,True,False,False,1751925135.3272393,413870.8481788635
19069,1751924721.4566407,1751924801.247439,batch_consumer-sts-0_20250707_214644_128331.csv,True,False,False,1751925135.3272393,413870.5985546112
19079,1751924721.4568748,1751924801.275036,batch_consumer-sts-0_20250707_214644_128331.csv,True,False,False,1751925135.3272393,413870.3644275665
19089,1751924721.4571106,1751924801.3026688,batch_consumer-sts-0_20250707_214644_128331.csv,True,False,False,1751925135.3272393,413870.1286315918
19099,1751924721.4573455,1751924801.3303654,batch_consumer-sts-0_20250707_214644_128331.csv,True,False,False,1751925135.3272393,413869.8937892914
19109,1751924721.4575746,1751924801.3582845,batch_consumer-sts-0_20250707_214644_128331.csv,True,False,False,1751925135.3272393,413869.66466903687
19119,1751924721.4578023,1751924801.3861935,batch_consumer-sts-0_20250707_214644_128331.csv,True,False,False,1751925135.3272393,413869.4369792938
19129,1751924721.458037,1751924801.4134214,batch_consumer-sts-0_20250707_214644_128331.csv,True,False,False,1751925135.3272393,413869.202375412
19139,1751924721.4582753,1751924801.4417548,batch_consumer-sts-0_20250707_214644_128331.csv,True,False,False,1751925135.3272393,413868.9639568329
19149,1751924721.4585092,1751924801.470384,batch_consumer-sts-0_20250707_214644_128331.csv,True,False,False,1751925135.3272393,413868.7300682068
19159,1751924721.4587495,1751924801.4990048,batch_consumer-sts-0_20250707_214644_128331.csv,True,False,False,1751925135.3272393,413868.48974227905
19169,1751924721.4589736,1751924801.5339596,batch_consumer-sts-0_20250707_214644_128331.csv,True,False,False,1751925135.3272393,413868.2656288147
19179,1751924721.4592066,1751924801.5628965,batch_consumer-sts-0_20250707_214644_128331.csv,True,False,False,1751925135.3272393,413868.0326938629
19189,1751924721.4594393,1751924801.5903242,batch_consumer-sts-0_20250707_214644_128331.csv,True,False,False,1751925135.3272393,413867.7999973297
19199,1751924721.459667,1751924801.616371,batch_consumer-sts-0_20250707_214644_128331.csv,True,False,False,1751925135.3272393,413867.57230758667
19209,1751924721.4598992,1751924801.64446,batch_consumer-sts-0_20250707_214644_128331.csv,True,False,False,1751925135.3272393,413867.3400878906
19219,1751924721.4601338,1751924801.672266,batch_consumer-sts-0_20250707_214644_128331.csv,True,False,False,1751925135.3272393,413867.1054840088
19229,1751924721.460368,1751924801.6998775,batch_consumer-sts-0_20250707_214644_128331.csv,True,False,False,1751925135.3272393,413866.8713569641
19239,1751924721.4605985,1751924801.7277648,batch_consumer-sts-0_20250707_214644_128331.csv,True,False,False,1751925135.3272393,413866.6408061981
19249,1751924721.4608235,1751924801.7552538,batch_consumer-sts-0_20250707_214644_128331.csv,True,False,False,1751925135.3272393,413866.41573905945
19259,1751924721.4610608,1751924801.7831683,batch_consumer-sts-0_20250707_214644_128331.csv,True,False,False,1751925135.3272393,413866.17851257324
19269,1751924721.4612966,1751924801.810113,batch_consumer-sts-0_20250707_214644_128331.csv,True,False,False,1751925135.3272393,413865.9427165985
29539,1751924721.702214,1751924801.8377235,batch_consumer-sts-0_20250707_214644_128331.csv,True,False,False,1751925135.3272393,413625.0252723694
29549,1751924721.7024577,1751924801.865322,batch_consumer-sts-0_20250707_214644_128331.csv,True,False,False,1751925135.3272393,413624.78160858154
29559,1751924721.70269,1751924801.892167,batch_consumer-sts-0_20250707_214644_128331.csv,True,False,False,1751925135.3272393,413624.5493888855
29569,1751924721.7029352,1751924801.919587,batch_consumer-sts-0_20250707_214644_128331.csv,True,False,False,1751925135.3272393,413624.3040561676
29579,1751924721.70317,1751924801.9477572,batch_consumer-sts-0_20250707_214644_128331.csv,True,False,False,1751925135.3272393,413624.0692138672
29589,1751924721.7033954,1751924801.9752464,batch_consumer-sts-0_20250707_214644_128331.csv,True,False,False,1751925135.3272393,413623.84390830994
29599,1751924721.70363,1751924802.0016365,batch_consumer-sts-0_20250707_214644_128331.csv,True,False,False,1751925135.3272393,413623.6093044281
29609,1751924721.703867,1751924802.029084,batch_consumer-sts-0_20250707_214644_128331.csv,True,False,False,1751925135.3272393,413623.3723163605
29619,1751924721.7040997,1751924802.0562956,batch_consumer-sts-0_20250707_214644_128331.csv,True,False,False,1751925135.3272393,413623.13961982727
29629,1751924721.7043352,1751924802.0836737,batch_consumer-sts-0_20250707_214644_128331.csv,True,False,False,1751925135.3272393,413622.9040622711
29639,1751924721.7045653,1751924802.1103306,batch_consumer-sts-0_20250707_214644_128331.csv,True,False,False,1751925135.3272393,413622.6739883423
29649,1751924721.7047968,1751924802.1377802,batch_consumer-sts-0_20250707_214644_128331.csv,True,False,False,1751925135.3272393,413622.442483902
29659,1751924721.7050247,1751924802.1712725,batch_consumer-sts-0_20250707_214644_128331.csv,True,False,False,1751925135.3272393,413622.21455574036
29669,1751924721.705267,1751924802.1983583,batch_consumer-sts-0_20250707_214644_128331.csv,True,False,False,1751925135.3272393,413621.972322464
29679,1751924721.7054975,1751924802.2252705,batch_consumer-sts-0_20250707_214644_128331.csv,True,False,False,1751925135.3272393,413621.741771698
29689,1751924721.7057288,1751924802.2522483,batch_consumer-sts-0_20250707_214644_128331.csv,True,False,False,1751925135.3272393,413621.51050567627
29699,1751924721.705963,1751924802.2797844,batch_consumer-sts-0_20250707_214644_128331.csv,True,False,False,1751925135.3272393,413621.2763786316
29709,1751924721.706204,1751924802.3071036,batch_consumer-sts-0_20250707_214644_128331.csv,True,False,False,1751925135.3272393,413621.0353374481
29719,1751924721.7064357,1751924802.334764,batch_consumer-sts-0_20250707_214644_128331.csv,True,False,False,1751925135.3272393,413620.80359458923
29729,1751924721.7066936,1751924802.3623097,batch_consumer-sts-0_20250707_214644_128331.csv,True,False,False,1751925135.3272393,413620.54562568665
29739,1751924721.7069335,1751924802.389387,batch_consumer-sts-0_20250707_214644_128331.csv,True,False,False,1751925135.3272393,413620.30577659607
29749,1751924721.707164,1751924802.4165337,batch_consumer-sts-0_20250707_214644_128331.csv,True,False,False,1751925135.3272393,413620.0752258301
29759,1751924721.7073915,1751924802.4440491,batch_consumer-sts-0_20250707_214644_128331.csv,True,False,False,1751925135.3272393,413619.8477745056
29769,1751924721.7076244,1751924802.4716728,batch_consumer-sts-0_20250707_214644_128331.csv,True,False,False,1751925135.3272393,413619.61483955383
29779,1751924721.7078528,1751924802.4993532,batch_consumer-sts-0_20250707_214644_128331.csv,True,False,False,1751925135.3272393,413619.38643455505
29789,1751924721.70809,1751924802.5274622,batch_consumer-sts-0_20250707_214644_128331.csv,True,False,False,1751925135.3272393,413619.14920806885
29799,1751924721.7083218,1751924802.5555356,batch_consumer-sts-0_20250707_214644_128331.csv,True,False,False,1751925135.3272393,413618.91746520996
29809,1751924721.7085454,1751924803.5848176,batch_consumer-sts-0_20250707_214644_128331.csv,True,False,False,1751925135.3272393,413618.69382858276
29819,1751924721.708777,1751924803.6117544,batch_consumer-sts-0_20250707_214644_128331.csv,True,False,False,1751925135.3272393,413618.46232414246
29829,1751924721.7090013,1751924803.6393583,batch_consumer-sts-0_20250707_214644_128331.csv,True,False,False,1751925135.3272393,413618.2379722595
29839,1751924721.7092347,1751924803.6668153,batch_consumer-sts-0_20250707_214644_128331.csv,True,False,False,1751925135.3272393,413618.0045604706
29849,1751924721.7094746,1751924803.694664,batch_consumer-sts-0_20250707_214644_128331.csv,True,False,False,1751925135.3272393,413617.76471138
29859,1751924721.7097163,1751924803.721223,batch_consumer-sts-0_20250707_214644_128331.csv,True,False,False,1751925135.3272393,413617.5229549408
29869,1751924721.709947,1751924803.7485392,batch_consumer-sts-0_20250707_214644_128331.csv,True,False,False,1751925135.3272393,413617.2921657562
29879,1751924721.710184,1751924803.7759671,batch_consumer-sts-0_20250707_214644_128331.csv,True,False,False,1751925135.3272393,413617.0551776886
29889,1751924721.710418,1751924803.8029287,batch_consumer-sts-0_20250707_214644_128331.csv,True,False,False,1751925135.3272393,413616.8212890625
29899,1751924721.7106514,1751924803.829821,batch_consumer-sts-0_20250707_214644_128331.csv,True,False,False,1751925135.3272393,413616.58787727356
29909,1751924721.710883,1751924803.8572035,batch_consumer-sts-0_20250707_214644_128331.csv,True,False,False,1751925135.3272393,413616.35637283325
29919,1751924721.711216,1751924803.8847516,batch_consumer-sts-0_20250707_214644_128331.csv,True,False,False,1751925135.3272393,413616.02330207825
29929,1751924721.71146,1751924803.9115238,batch_consumer-sts-0_20250707_214644_128331.csv,True,False,False,1751925135.3272393,413615.77916145325
29939,1751924721.7116857,1751924803.9386263,batch_consumer-sts-0_20250707_214644_128331.csv,True,False,False,1751925135.3272393,413615.5536174774
29949,1751924721.7119198,1751924803.9662588,batch_consumer-sts-0_20250707_214644_128331.csv,True,False,False,1751925135.3272393,413615.31949043274
29959,1751924721.712149,1751924803.9936357,batch_consumer-sts-0_20250707_214644_128331.csv,True,False,False,1751925135.3272393,413615.0903701782
29969,1751924721.7123754,1751924804.0202725,batch_consumer-sts-0_20250707_214644_128331.csv,True,False,False,1751925135.3272393,413614.8638725281
29979,1751924721.7126026,1751924804.0466034,batch_consumer-sts-0_20250707_214644_128331.csv,True,False,False,1751925135.3272393,413614.6366596222
29989,1751924721.7128365,1751924804.073783,batch_consumer-sts-0_20250707_214644_128331.csv,True,False,False,1751925135.3272393,413614.4027709961
29999,1751924721.7130823,1751924804.1008222,batch_consumer-sts-0_20250707_214644_128331.csv,True,False,False,1751925135.3272393,413614.15696144104
30009,1751924721.7133114,1751924804.3210137,batch_consumer-sts-0_20250707_214647_540084.csv,True,False,False,1751925135.3272393,413613.9278411865
30019,1751924721.713542,1751924804.348284,batch_consumer-sts-0_20250707_214647_540084.csv,True,False,False,1751925135.3272393,413613.69729042053
30029,1751924721.7137747,1751924804.3756769,batch_consumer-sts-0_20250707_214647_540084.csv,True,False,False,1751925135.3272393,413613.4645938873
30039,1751924721.7140076,1751924804.4029975,batch_consumer-sts-0_20250707_214647_540084.csv,True,False,False,1751925135.3272393,413613.23165893555
30049,1751924721.7142506,1751924804.4312148,batch_consumer-sts-0_20250707_214647_540084.csv,True,False,False,1751925135.3272393,413612.98871040344
30059,1751924721.7144835,1751924804.4588108,batch_consumer-sts-0_20250707_214647_540084.csv,True,False,False,1751925135.3272393,413612.75577545166
30069,1751924721.7147286,1751924804.4876325,batch_consumer-sts-0_20250707_214647_540084.csv,True,False,False,1751925135.3272393,413612.51068115234
30079,1751924721.7149572,1751924804.514781,batch_consumer-sts-0_20250707_214647_540084.csv,True,False,False,1751925135.3272393,413612.282037735
30089,1751924721.715186,1751924804.5425313,batch_consumer-sts-0_20250707_214647_540084.csv,True,False,False,1751925135.3272393,413612.05315589905
30099,1751924721.71542,1751924804.5702062,batch_consumer-sts-0_20250707_214647_540084.csv,True,False,False,1751925135.3272393,413611.81926727295
30109,1751924721.7156937,1751924804.5981095,batch_consumer-sts-0_20250707_214647_540084.csv,True,False,False,1751925135.3272393,413611.54556274414
30119,1751924721.716118,1751924804.624654,batch_consumer-sts-0_20250707_214647_540084.csv,True,False,False,1751925135.3272393,413611.12117767334
30129,1751924721.7165427,1751924804.6524544,batch_consumer-sts-0_20250707_214647_540084.csv,True,False,False,1751925135.3272393,413610.69655418396
30139,1751924721.7169447,1751924804.6803105,batch_consumer-sts-0_20250707_214647_540084.csv,True,False,False,1751925135.3272393,413610.2945804596
30149,1751924721.717303,1751924804.7076766,batch_consumer-sts-0_20250707_214647_540084.csv,True,False,False,1751925135.3272393,413609.9362373352
30159,1751924721.7176647,1751924804.735194,batch_consumer-sts-0_20250707_214647_540084.csv,True,False,False,1751925135.3272393,413609.5745563507
30169,1751924721.718044,1751924804.7631414,batch_consumer-sts-0_20250707_214647_540084.csv,True,False,False,1751925135.3272393,413609.19523239136
30179,1751924721.7185245,1751924804.79136,batch_consumer-sts-0_20250707_214647_540084.csv,True,False,False,1751925135.3272393,413608.71481895447
30189,1751924721.7187607,1751924804.818248,batch_consumer-sts-0_20250707_214647_540084.csv,True,False,False,1751925135.3272393,413608.4785461426
30199,1751924721.71901,1751924804.8461564,batch_consumer-sts-0_20250707_214647_540084.csv,True,False,False,1751925135.3272393,413608.22916030884
30209,1751924721.7192478,1751924804.872922,batch_consumer-sts-0_20250707_214647_540084.csv,True,False,False,1751925135.3272393,413607.9914569855
30219,1751924721.7194858,1751924804.9005811,batch_consumer-sts-0_20250707_214647_540084.csv,True,False,False,1751925135.3272393,413607.75351524353
30229,1751924721.71972,1751924804.9283297,batch_consumer-sts-0_20250707_214647_540084.csv,True,False,False,1751925135.3272393,413607.51938819885
30239,1751924721.7199657,1751924804.9557283,batch_consumer-sts-0_20250707_214647_540084.csv,True,False,False,1751925135.3272393,413607.2735786438
30249,1751924721.7201972,1751924804.9834516,batch_consumer-sts-0_20250707_214647_540084.csv,True,False,False,1751925135.3272393,413607.0420742035
30259,1751924721.72043,1751924805.010734,batch_consumer-sts-0_20250707_214647_540084.csv,True,False,False,1751925135.3272393,413606.8093776703
30269,1751924721.720661,1751924805.0383587,batch_consumer-sts-0_20250707_214647_540084.csv,True,False,False,1751925135.3272393,413606.57835006714
30279,1751924721.7208898,1751924805.0655518,batch_consumer-sts-0_20250707_214647_540084.csv,True,False,False,1751925135.3272393,413606.3494682312
30289,1751924721.721118,1751924805.27782,batch_consumer-sts-0_20250707_214647_540084.csv,True,False,False,1751925135.3272393,413606.121301651
30299,1751924721.7213502,1751924805.3055065,batch_consumer-sts-0_20250707_214647_540084.csv,True,False,False,1751925135.3272393,413605.88908195496
30309,1751924721.7215896,1751924805.3331656,batch_consumer-sts-0_20250707_214647_540084.csv,True,False,False,1751925135.3272393,413605.64970970154
30319,1751924721.7218175,1751924805.360577,batch_consumer-sts-0_20250707_214647_540084.csv,True,False,False,1751925135.3272393,413605.4217815399
30329,1751924721.7220497,1751924805.388114,batch_consumer-sts-0_20250707_214647_540084.csv,True,False,False,1751925135.3272393,413605.1895618439
30339,1751924721.7223673,1751924805.4150083,batch_consumer-sts-0_20250707_214647_540084.csv,True,False,False,1751925135.3272393,413604.8719882965
30349,1751924721.7226782,1751924805.4425066,batch_consumer-sts-0_20250707_214647_540084.csv,True,False,False,1751925135.3272393,413604.56109046936
30359,1751924721.7229931,1751924805.4702444,batch_consumer-sts-0_20250707_214647_540084.csv,True,False,False,1751925135.3272393,413604.24613952637
30369,1751924721.7233362,1751924805.4981923,batch_consumer-sts-0_20250707_214647_540084.csv,True,False,False,1751925135.3272393,413603.90305519104
30379,1751924721.7236865,1751924805.5244672,batch_consumer-sts-0_20250707_214647_540084.csv,True,False,False,1751925135.3272393,413603.55281829834
30389,1751924721.7240026,1751924805.55218,batch_consumer-sts-0_20250707_214647_540084.csv,True,False,False,1751925135.3272393,413603.23667526245
30399,1751924721.7243106,1751924805.5797522,batch_consumer-sts-0_20250707_214647_540084.csv,True,False,False,1751925135.3272393,413602.92863845825
30409,1751924721.7246697,1751924805.607099,batch_consumer-sts-0_20250707_214647_540084.csv,True,False,False,1751925135.3272393,413602.5695800781
30419,1751924721.7250175,1751924805.633745,batch_consumer-sts-0_20250707_214647_540084.csv,True,False,False,1751925135.3272393,413602.2217273712
30429,1751924721.725387,1751924805.6613884,batch_consumer-sts-0_20250707_214647_540084.csv,True,False,False,1751925135.3272393,413601.8521785736
30439,1751924721.7257235,1751924805.6905909,batch_consumer-sts-0_20250707_214647_540084.csv,True,False,False,1751925135.3272393,413601.5157699585
30449,1751924721.726043,1751924805.7173278,batch_consumer-sts-0_20250707_214647_540084.csv,True,False,False,1751925135.3272393,413601.1962890625
30459,1751924721.726368,1751924805.7450848,batch_consumer-sts-0_20250707_214647_540084.csv,True,False,False,1751925135.3272393,413600.8713245392
30469,1751924721.7266903,1751924805.7728815,batch_consumer-sts-0_20250707_214647_540084.csv,True,False,False,1751925135.3272393,413600.54898262024
30479,1751924721.7270238,1751924805.8005006,batch_consumer-sts-0_20250707_214647_540084.csv,True,False,False,1751925135.3272393,413600.2154350281
30489,1751924721.7273452,1751924805.8288803,batch_consumer-sts-0_20250707_214647_540084.csv,True,False,False,1751925135.3272393,413599.89404678345
30499,1751924721.727677,1751924806.0142562,batch_consumer-sts-0_20250707_214647_540084.csv,True,False,False,1751925135.3272393,413599.56216812134
30509,1751924721.7280085,1751924806.0420492,batch_consumer-sts-0_20250707_214647_540084.csv,True,False,False,1751925135.3272393,413599.2307662964
17178,1751924721.413015,1751924806.0697443,batch_consumer-sts-0_20250707_214647_540084.csv,True,True,False,1751925135.3272393,413914.2243862152
17188,1751924721.4132533,1751924806.0977497,batch_consumer-sts-0_20250707_214647_540084.csv,True,False,False,1751925135.3272393,413913.9859676361
17198,1751924721.413483,1751924806.125369,batch_consumer-sts-0_20250707_214647_540084.csv,True,False,False,1751925135.3272393,413913.75637054443
17208,1751924721.4137363,1751924806.1533878,batch_consumer-sts-0_20250707_214647_540084.csv,True,False,False,1751925135.3272393,413913.50293159485
17218,1751924721.4139605,1751924806.181317,batch_consumer-sts-0_20250707_214647_540084.csv,True,False,False,1751925135.3272393,413913.2788181305
17228,1751924721.4141972,1751924806.2088363,batch_consumer-sts-0_20250707_214647_540084.csv,True,False,False,1751925135.3272393,413913.04206848145
17238,1751924721.414435,1751924806.2364955,batch_consumer-sts-0_20250707_214647_540084.csv,True,False,False,1751925135.3272393,413912.8043651581
17248,1751924721.414666,1751924806.2655902,batch_consumer-sts-0_20250707_214647_540084.csv,True,False,False,1751925135.3272393,413912.57333755493
17258,1751924721.414899,1751924806.2935476,batch_consumer-sts-0_20250707_214647_540084.csv,True,False,False,1751925135.3272393,413912.34016418457
17268,1751924721.41513,1751924806.4414165,batch_consumer-sts-0_20250707_214647_540084.csv,True,False,False,1751925135.3272393,413912.109375
17278,1751924721.415362,1751924806.4690695,batch_consumer-sts-0_20250707_214647_540084.csv,True,False,False,1751925135.3272393,413911.87739372253
17288,1751924721.4155948,1751924806.496569,batch_consumer-sts-0_20250707_214647_540084.csv,True,False,False,1751925135.3272393,413911.64445877075
17298,1751924721.4158213,1751924806.523738,batch_consumer-sts-0_20250707_214647_540084.csv,True,False,False,1751925135.3272393,413911.4179611206
17308,1751924721.4160514,1751924806.551382,batch_consumer-sts-0_20250707_214647_540084.csv,True,False,False,1751925135.3272393,413911.1878871918
17318,1751924721.416284,1751924806.5790088,batch_consumer-sts-0_20250707_214647_540084.csv,True,False,False,1751925135.3272393,413910.95519065857
17328,1751924721.4165237,1751924806.6062188,batch_consumer-sts-0_20250707_214647_540084.csv,True,False,False,1751925135.3272393,413910.7155799866
17338,1751924721.416758,1751924806.63259,batch_consumer-sts-0_20250707_214647_540084.csv,True,False,False,1751925135.3272393,413910.4812145233
17348,1751924721.416983,1751924806.660285,batch_consumer-sts-0_20250707_214647_540084.csv,True,False,False,1751925135.3272393,413910.2563858032
17358,1751924721.4172108,1751924806.6881735,batch_consumer-sts-0_20250707_214647_540084.csv,True,False,False,1751925135.3272393,413910.0284576416
17368,1751924721.4174447,1751924806.715189,batch_consumer-sts-0_20250707_214647_540084.csv,True,False,False,1751925135.3272393,413909.7945690155
17378,1751924721.4176786,1751924806.742582,batch_consumer-sts-0_20250707_214647_540084.csv,True,False,False,1751925135.3272393,413909.5606803894
17388,1751924721.4179146,1751924806.7696562,batch_consumer-sts-0_20250707_214647_540084.csv,True,False,False,1751925135.3272393,413909.3246459961
17398,1751924721.4181406,1751924806.797216,batch_consumer-sts-0_20250707_214647_540084.csv,True,False,False,1751925135.3272393,413909.0986251831
17408,1751924721.418375,1751924806.8242488,batch_consumer-sts-0_20250707_214647_540084.csv,True,False,False,1751925135.3272393,413908.86425971985
17418,1751924721.4186082,1751924806.8515892,batch_consumer-sts-0_20250707_214647_540084.csv,True,False,False,1751925135.3272393,413908.6310863495
17428,1751924721.4188466,1751924806.8788302,batch_consumer-sts-0_20250707_214647_540084.csv,True,False,False,1751925135.3272393,413908.3926677704
17438,1751924721.4190805,1751924806.905911,batch_consumer-sts-0_20250707_214647_540084.csv,True,False,False,1751925135.3272393,413908.1587791443
17448,1751924721.4193103,1751924806.9336095,batch_consumer-sts-0_20250707_214647_540084.csv,True,False,False,1751925135.3272393,413907.92894363403
17458,1751924721.4195354,1751924806.9616568,batch_consumer-sts-0_20250707_214647_540084.csv,True,False,False,1751925135.3272393,413907.70387649536
17468,1751924721.4197593,1751924806.9895563,batch_consumer-sts-0_20250707_214647_540084.csv,True,False,False,1751925135.3272393,413907.4800014496
17478,1751924721.4199934,1751924807.0164163,batch_consumer-sts-0_20250707_214647_540084.csv,True,False,False,1751925135.3272393,413907.2458744049
17488,1751924721.4202302,1751924807.04423,batch_consumer-sts-0_20250707_214647_540084.csv,True,False,False,1751925135.3272393,413907.00912475586
17498,1751924721.4204657,1751924807.0719545,batch_consumer-sts-0_20250707_214647_540084.csv,True,False,False,1751925135.3272393,413906.7735671997
17508,1751924721.420697,1751924807.0990522,batch_consumer-sts-0_20250707_214647_540084.csv,True,False,False,1751925135.3272393,413906.542301178
17518,1751924721.420928,1751924807.126502,batch_consumer-sts-0_20250707_214647_540084.csv,True,False,False,1751925135.3272393,413906.3112735748
17528,1751924721.4211695,1751924807.1550975,batch_consumer-sts-0_20250707_214647_540084.csv,True,False,False,1751925135.3272393,413906.0697555542
19278,1751924721.4615157,1751924807.1833618,batch_consumer-sts-0_20250707_214647_540084.csv,True,False,False,1751925135.3272393,413865.7236099243
19288,1751924721.4617665,1751924807.210251,batch_consumer-sts-0_20250707_214647_540084.csv,True,False,False,1751925135.3272393,413865.4727935791
19298,1751924721.4620118,1751924807.2382252,batch_consumer-sts-0_20250707_214647_540084.csv,True,False,False,1751925135.3272393,413865.2274608612
19308,1751924721.4622571,1751924807.2663095,batch_consumer-sts-0_20250707_214647_540084.csv,True,False,False,1751925135.3272393,413864.9821281433
19318,1751924721.4625,1751924807.2943263,batch_consumer-sts-0_20250707_214647_540084.csv,True,False,False,1751925135.3272393,413864.7391796112
19328,1751924721.462736,1751924807.3212628,batch_consumer-sts-0_20250707_214647_540084.csv,True,False,False,1751925135.3272393,413864.5033836365
19338,1751924721.4629724,1751924807.347443,batch_consumer-sts-0_20250707_214647_540084.csv,True,False,False,1751925135.3272393,413864.266872406
19348,1751924721.4632206,1751924807.375177,batch_consumer-sts-0_20250707_214647_540084.csv,True,False,False,1751925135.3272393,413864.01867866516
19358,1751924721.4634428,1751924807.4025283,batch_consumer-sts-0_20250707_214647_540084.csv,True,False,False,1751925135.3272393,413863.79647254944
19368,1751924721.4636364,1751924807.4297762,batch_consumer-sts-0_20250707_214647_540084.csv,True,False,False,1751925135.3272393,413863.6028766632
19378,1751924721.46383,1751924807.4577289,batch_consumer-sts-0_20250707_214647_540084.csv,True,False,False,1751925135.3272393,413863.409280777
19388,1751924721.4640195,1751924807.4857285,batch_consumer-sts-0_20250707_214647_540084.csv,True,False,False,1751925135.3272393,413863.2197380066
19398,1751924721.4642117,1751924807.5125048,batch_consumer-sts-0_20250707_214647_540084.csv,True,False,False,1751925135.3272393,413863.02757263184
19408,1751924721.464434,1751924809.3143778,batch_consumer-sts-0_20250707_214652_351247.csv,True,False,False,1751925135.3272393,413862.8053665161
19418,1751924721.4646814,1751924809.3419857,batch_consumer-sts-0_20250707_214652_351247.csv,True,False,False,1751925135.3272393,413862.557888031
19428,1751924721.4649155,1751924809.369399,batch_consumer-sts-0_20250707_214652_351247.csv,True,False,False,1751925135.3272393,413862.3237609863
19438,1751924721.4651458,1751924809.3967314,batch_consumer-sts-0_20250707_214652_351247.csv,True,False,False,1751925135.3272393,413862.0934486389
19448,1751924721.4653788,1751924809.4301653,batch_consumer-sts-0_20250707_214652_351247.csv,True,False,False,1751925135.3272393,413861.86051368713
19458,1751924721.4656131,1751924809.4580016,batch_consumer-sts-0_20250707_214652_351247.csv,True,False,False,1751925135.3272393,413861.6261482239
19468,1751924721.465845,1751924809.48543,batch_consumer-sts-0_20250707_214652_351247.csv,True,False,False,1751925135.3272393,413861.3941669464
19478,1751924721.4660797,1751924809.511022,batch_consumer-sts-0_20250707_214652_351247.csv,True,False,False,1751925135.3272393,413861.1595630646
19488,1751924721.466315,1751924809.5385385,batch_consumer-sts-0_20250707_214652_351247.csv,True,False,False,1751925135.3272393,413860.924243927
19498,1751924721.4665406,1751924809.566067,batch_consumer-sts-0_20250707_214652_351247.csv,True,False,False,1751925135.3272393,413860.6986999512
19508,1751924721.466776,1751924809.593608,batch_consumer-sts-0_20250707_214652_351247.csv,True,False,False,1751925135.3272393,413860.4633808136
19518,1751924721.4670095,1751924809.6199782,batch_consumer-sts-0_20250707_214652_351247.csv,True,False,False,1751925135.3272393,413860.2297306061
19528,1751924721.4672391,1751924809.6481109,batch_consumer-sts-0_20250707_214652_351247.csv,True,False,False,1751925135.3272393,413860.0001335144
19538,1751924721.4674678,1751924809.6756625,batch_consumer-sts-0_20250707_214652_351247.csv,True,False,False,1751925135.3272393,413859.77149009705
19548,1751924721.4676976,1751924809.7028654,batch_consumer-sts-0_20250707_214652_351247.csv,True,False,False,1751925135.3272393,413859.5416545868
19558,1751924721.4679322,1751924809.7298698,batch_consumer-sts-0_20250707_214652_351247.csv,True,False,False,1751925135.3272393,413859.30705070496
19568,1751924721.4681673,1751924809.7573695,batch_consumer-sts-0_20250707_214652_351247.csv,True,False,False,1751925135.3272393,413859.07196998596
19578,1751924721.4683957,1751924809.7851715,batch_consumer-sts-0_20250707_214652_351247.csv,True,False,False,1751925135.3272393,413858.8435649872
19588,1751924721.468625,1751924809.8118007,batch_consumer-sts-0_20250707_214652_351247.csv,True,False,False,1751925135.3272393,413858.6142063141
19598,1751924721.4688606,1751924809.8392591,batch_consumer-sts-0_20250707_214652_351247.csv,True,False,False,1751925135.3272393,413858.37864875793
19608,1751924721.4690895,1751924809.8667295,batch_consumer-sts-0_20250707_214652_351247.csv,True,False,False,1751925135.3272393,413858.149766922
19618,1751924721.4693286,1751924809.8941069,batch_consumer-sts-0_20250707_214652_351247.csv,True,False,False,1751925135.3272393,413857.91063308716
19628,1751924721.4695623,1751924809.920525,batch_consumer-sts-0_20250707_214652_351247.csv,True,False,False,1751925135.3272393,413857.67698287964
19638,1751924721.4697995,1751924809.947882,batch_consumer-sts-0_20250707_214652_351247.csv,True,False,False,1751925135.3272393,413857.43975639343
19648,1751924721.4700303,1751924809.9752407,batch_consumer-sts-0_20250707_214652_351247.csv,True,False,False,1751925135.3272393,413857.20896720886
19658,1751924721.4702723,1751924810.0030031,batch_consumer-sts-0_20250707_214652_351247.csv,True,False,False,1751925135.3272393,413856.9669723511
19668,1751924721.4705057,1751924810.030554,batch_consumer-sts-0_20250707_214652_351247.csv,True,False,False,1751925135.3272393,413856.73356056213
19678,1751924721.470745,1751924810.0579166,batch_consumer-sts-0_20250707_214652_351247.csv,True,False,False,1751925135.3272393,413856.4941883087
19688,1751924721.4709792,1751924810.0851278,batch_consumer-sts-0_20250707_214652_351247.csv,True,False,False,1751925135.3272393,413856.26006126404
19698,1751924721.4712114,1751924810.1119204,batch_consumer-sts-0_20250707_214652_351247.csv,True,False,False,1751925135.3272393,413856.027841568
19708,1751924721.471446,1751924810.139279,batch_consumer-sts-0_20250707_214652_351247.csv,True,False,False,1751925135.3272393,413855.79323768616
19718,1751924721.471688,1751924810.1673458,batch_consumer-sts-0_20250707_214652_351247.csv,True,False,False,1751925135.3272393,413855.55124282837
19728,1751924721.471918,1751924810.2258956,batch_consumer-sts-0_20250707_214652_351247.csv,True,False,False,1751925135.3272393,413855.32116889954
19738,1751924721.4721498,1751924810.2533956,batch_consumer-sts-0_20250707_214652_351247.csv,True,False,False,1751925135.3272393,413855.08942604065
19748,1751924721.4723833,1751924810.2809908,batch_consumer-sts-0_20250707_214652_351247.csv,True,False,False,1751925135.3272393,413854.8560142517
19758,1751924721.4726124,1751924810.3077662,batch_consumer-sts-0_20250707_214652_351247.csv,True,False,False,1751925135.3272393,413854.6268939972
19768,1751924721.4728415,1751924810.3347008,batch_consumer-sts-0_20250707_214652_351247.csv,True,False,False,1751925135.3272393,413854.3977737427
19778,1751924721.4730685,1751924810.362146,batch_consumer-sts-0_20250707_214652_351247.csv,True,False,False,1751925135.3272393,413854.1707992554
19788,1751924721.473303,1751924810.3895552,batch_consumer-sts-0_20250707_214652_351247.csv,True,False,False,1751925135.3272393,413853.93619537354
19798,1751924721.4735272,1751924810.4161663,batch_consumer-sts-0_20250707_214652_351247.csv,True,False,False,1751925135.3272393,413853.7120819092
19808,1751924721.473761,1751924810.443355,batch_consumer-sts-0_20250707_214652_351247.csv,True,False,False,1751925135.3272393,413853.4781932831
19818,1751924721.4739923,1751924810.4705718,batch_consumer-sts-0_20250707_214652_351247.csv,True,False,False,1751925135.3272393,413853.24692726135
19828,1751924721.4742286,1751924810.497756,batch_consumer-sts-0_20250707_214652_351247.csv,True,False,False,1751925135.3272393,413853.01065444946
19838,1751924721.4744616,1751924810.5273523,batch_consumer-sts-0_20250707_214652_351247.csv,True,False,False,1751925135.3272393,413852.7777194977
19848,1751924721.4746993,1751924810.5537698,batch_consumer-sts-0_20250707_214652_351247.csv,True,False,False,1751925135.3272393,413852.5400161743
19858,1751924721.4749343,1751924810.5814824,batch_consumer-sts-0_20250707_214652_351247.csv,True,False,False,1751925135.3272393,413852.3049354553
19868,1751924721.4751732,1751924810.6082044,batch_consumer-sts-0_20250707_214652_351247.csv,True,False,False,1751925135.3272393,413852.06604003906
19878,1751924721.4754076,1751924810.635911,batch_consumer-sts-0_20250707_214652_351247.csv,True,False,False,1751925135.3272393,413851.8316745758
19888,1751924721.4756355,1751924810.66373,batch_consumer-sts-0_20250707_214652_351247.csv,True,False,False,1751925135.3272393,413851.6037464142
19898,1751924721.475865,1751924810.6915357,batch_consumer-sts-0_20250707_214652_351247.csv,True,False,False,1751925135.3272393,413851.3743877411
19908,1751924721.476102,1751924810.7184224,batch_consumer-sts-0_20250707_214652_351247.csv,True,False,False,1751925135.3272393,413851.1371612549
19918,1751924721.4763455,1751924810.7464998,batch_consumer-sts-0_20250707_214652_351247.csv,True,False,False,1751925135.3272393,413850.8937358856
19928,1751924721.4765997,1751924810.774598,batch_consumer-sts-0_20250707_214652_351247.csv,True,False,False,1751925135.3272393,413850.6395816803
19938,1751924721.4768243,1751924810.8022673,batch_consumer-sts-0_20250707_214652_351247.csv,True,False,False,1751925135.3272393,413850.4149913788
19948,1751924721.4770625,1751924810.8297603,batch_consumer-sts-0_20250707_214652_351247.csv,True,False,False,1751925135.3272393,413850.17681121826
19958,1751924721.4772966,1751924810.8576438,batch_consumer-sts-0_20250707_214652_351247.csv,True,False,False,1751925135.3272393,413849.9426841736
19968,1751924721.4775305,1751924810.8861532,batch_consumer-sts-0_20250707_214652_351247.csv,True,False,False,1751925135.3272393,413849.7087955475
19978,1751924721.477806,1751924810.9135935,batch_consumer-sts-0_20250707_214652_351247.csv,True,False,False,1751925135.3272393,413849.43318367004
19988,1751924721.4780755,1751924810.9424288,batch_consumer-sts-0_20250707_214652_351247.csv,True,False,False,1751925135.3272393,413849.16377067566
19998,1751924721.4783244,1751924811.160328,batch_consumer-sts-0_20250707_214652_351247.csv,True,False,False,1751925135.3272393,413848.9148616791
20008,1751924721.4785569,1751924811.2401323,batch_consumer-sts-0_20250707_214652_351247.csv,True,False,False,1751925135.3272393,413848.68240356445
20018,1751924721.4787977,1751924811.2667358,batch_consumer-sts-0_20250707_214652_351247.csv,True,False,False,1751925135.3272393,413848.44160079956
20028,1751924721.4790232,1751924811.2948687,batch_consumer-sts-0_20250707_214652_351247.csv,True,False,False,1751925135.3272393,413848.21605682373
20038,1751924721.47926,1751924811.3220353,batch_consumer-sts-0_20250707_214652_351247.csv,True,False,False,1751925135.3272393,413847.9793071747
20048,1751924721.4794989,1751924811.349716,batch_consumer-sts-0_20250707_214652_351247.csv,True,False,False,1751925135.3272393,413847.7404117584
20058,1751924721.4797306,1751924811.3776624,batch_consumer-sts-0_20250707_214652_351247.csv,True,False,False,1751925135.3272393,413847.50866889954
20068,1751924721.479949,1751924811.4053671,batch_consumer-sts-0_20250707_214652_351247.csv,True,False,False,1751925135.3272393,413847.2902774811
20078,1751924721.480145,1751924811.4327822,batch_consumer-sts-0_20250707_214652_351247.csv,True,False,False,1751925135.3272393,413847.09429740906
20088,1751924721.480342,1751924811.4601753,batch_consumer-sts-0_20250707_214652_351247.csv,True,False,False,1751925135.3272393,413846.8973636627
20098,1751924721.4805448,1751924811.4875538,batch_consumer-sts-0_20250707_214652_351247.csv,True,False,False,1751925135.3272393,413846.6944694519
20108,1751924721.4807303,1751924811.5146525,batch_consumer-sts-0_20250707_214652_351247.csv,True,False,False,1751925135.3272393,413846.50897979736
20118,1751924721.480905,1751924811.5418956,batch_consumer-sts-0_20250707_214652_351247.csv,True,False,False,1751925135.3272393,413846.3342189789
20128,1751924721.4811032,1751924811.5694246,batch_consumer-sts-0_20250707_214652_351247.csv,True,False,False,1751925135.3272393,413846.13609313965
20138,1751924721.481296,1751924811.597065,batch_consumer-sts-0_20250707_214652_351247.csv,True,False,False,1751925135.3272393,413845.94321250916
20148,1751924721.481496,1751924811.6244564,batch_consumer-sts-0_20250707_214652_351247.csv,True,False,False,1751925135.3272393,413845.7431793213
20158,1751924721.481693,1751924811.6517828,batch_consumer-sts-0_20250707_214652_351247.csv,True,False,False,1751925135.3272393,413845.54624557495
20168,1751924721.481891,1751924811.6796262,batch_consumer-sts-0_20250707_214652_351247.csv,True,False,False,1751925135.3272393,413845.3483581543
20178,1751924721.482148,1751924811.7073946,batch_consumer-sts-0_20250707_214652_351247.csv,True,False,False,1751925135.3272393,413845.091342926
20188,1751924721.482391,1751924811.7353685,batch_consumer-sts-0_20250707_214652_351247.csv,True,False,False,1751925135.3272393,413844.84815597534
20198,1751924721.4826224,1751924811.7631402,batch_consumer-sts-0_20250707_214652_351247.csv,True,False,False,1751925135.3272393,413844.6168899536
20208,1751924721.4828477,1751924811.7924466,batch_consumer-sts-0_20250707_214652_351247.csv,True,False,False,1751925135.3272393,413844.39158439636
20218,1751924721.4830766,1751924811.8205476,batch_consumer-sts-0_20250707_214652_351247.csv,True,False,False,1751925135.3272393,413844.1627025604
20228,1751924721.483306,1751924811.849404,batch_consumer-sts-0_20250707_214652_351247.csv,True,False,False,1751925135.3272393,413843.9333438873
20238,1751924721.4835458,1751924811.877967,batch_consumer-sts-0_20250707_214652_351247.csv,True,False,False,1751925135.3272393,413843.69349479675
20248,1751924721.4837809,1751924811.9061842,batch_consumer-sts-0_20250707_214652_351247.csv,True,False,False,1751925135.3272393,413843.45841407776
20258,1751924721.484019,1751924811.9340465,batch_consumer-sts-0_20250707_214652_351247.csv,True,False,False,1751925135.3272393,413843.22023391724
20268,1751924721.4842508,1751924811.9621568,batch_consumer-sts-0_20250707_214652_351247.csv,True,False,False,1751925135.3272393,413842.98849105835
20278,1751924721.484479,1751924811.9896405,batch_consumer-sts-0_20250707_214652_351247.csv,True,False,False,1751925135.3272393,413842.76032447815
20288,1751924721.4847076,1751924812.0168402,batch_consumer-sts-0_20250707_214652_351247.csv,True,False,False,1751925135.3272393,413842.5316810608
20298,1751924721.484946,1751924812.045267,batch_consumer-sts-0_20250707_214652_351247.csv,True,False,False,1751925135.3272393,413842.2932624817
20308,1751924721.4851792,1751924812.0718763,batch_consumer-sts-0_20250707_214652_351247.csv,True,False,False,1751925135.3272393,413842.0600891113
20318,1751924721.4854198,1751924812.0997128,batch_consumer-sts-0_20250707_214652_351247.csv,True,False,False,1751925135.3272393,413841.819524765
20328,1751924721.4856458,1751924812.1275833,batch_consumer-sts-0_20250707_214652_351247.csv,True,False,False,1751925135.3272393,413841.593503952
20338,1751924721.4858716,1751924812.1581173,batch_consumer-sts-0_20250707_214652_351247.csv,True,False,False,1751925135.3272393,413841.3677215576
20348,1751924721.4861047,1751924812.185709,batch_consumer-sts-0_20250707_214652_351247.csv,True,False,False,1751925135.3272393,413841.13454818726
20358,1751924721.486338,1751924812.2130284,batch_consumer-sts-0_20250707_214652_351247.csv,True,False,False,1751925135.3272393,413840.9013748169
20368,1751924721.4865682,1751924812.2407038,batch_consumer-sts-0_20250707_214652_351247.csv,True,False,False,1751925135.3272393,413840.6710624695
20378,1751924721.4867945,1751924812.26833,batch_consumer-sts-0_20250707_214652_351247.csv,True,False,False,1751925135.3272393,413840.4448032379
20388,1751924721.4870186,1751924812.2957668,batch_consumer-sts-0_20250707_214652_351247.csv,True,False,False,1751925135.3272393,413840.22068977356
20398,1751924721.487253,1751924812.3229349,batch_consumer-sts-0_20250707_214652_351247.csv,True,False,False,1751925135.3272393,413839.9863243103
13829,1751924721.2769318,1751924872.0865047,batch_consumer-sts-0_20250707_214822_658604.csv,True,True,False,1751925135.3272393,414050.3075122833
13839,1751924721.2772474,1751924872.1112354,batch_consumer-sts-0_20250707_214822_658604.csv,True,False,False,1751925135.3272393,414049.9918460846
13849,1751924721.277573,1751924872.1359413,batch_consumer-sts-0_20250707_214822_658604.csv,True,False,False,1751925135.3272393,414049.66616630554
13859,1751924721.2778778,1751924872.1639748,batch_consumer-sts-0_20250707_214822_658604.csv,True,False,False,1751925135.3272393,414049.36146736145
13869,1751924721.278226,1751924872.19002,batch_consumer-sts-0_20250707_214822_658604.csv,True,False,False,1751925135.3272393,414049.01337623596
13879,1751924721.2785454,1751924872.2137735,batch_consumer-sts-0_20250707_214822_658604.csv,True,False,False,1751925135.3272393,414048.69389533997
13889,1751924721.2788813,1751924872.2383173,batch_consumer-sts-0_20250707_214822_658604.csv,True,False,False,1751925135.3272393,414048.357963562
13899,1751924721.279217,1751924872.262241,batch_consumer-sts-0_20250707_214822_658604.csv,True,False,False,1751925135.3272393,414048.02227020264
13909,1751924721.2795131,1751924872.2875805,batch_consumer-sts-0_20250707_214822_658604.csv,True,False,False,1751925135.3272393,414047.7261543274
13919,1751924721.2798698,1751924872.3119588,batch_consumer-sts-0_20250707_214822_658604.csv,True,False,False,1751925135.3272393,414047.36948013306
13929,1751924721.2801957,1751924872.33679,batch_consumer-sts-0_20250707_214822_658604.csv,True,False,False,1751925135.3272393,414047.0435619354
13939,1751924721.2805212,1751924872.3611984,batch_consumer-sts-0_20250707_214822_658604.csv,True,False,False,1751925135.3272393,414046.71812057495
13949,1751924721.2808547,1751924872.3857577,batch_consumer-sts-0_20250707_214822_658604.csv,True,False,False,1751925135.3272393,414046.3845729828
13959,1751924721.281201,1751924872.410171,batch_consumer-sts-0_20250707_214822_658604.csv,True,False,False,1751925135.3272393,414046.03838920593
13969,1751924721.28154,1751924872.436134,batch_consumer-sts-0_20250707_214822_658604.csv,True,False,False,1751925135.3272393,414045.69935798645
13979,1751924721.281836,1751924872.4605982,batch_consumer-sts-0_20250707_214822_658604.csv,True,False,False,1751925135.3272393,414045.4032421112
13989,1751924721.282198,1751924872.4851854,batch_consumer-sts-0_20250707_214822_658604.csv,True,False,False,1751925135.3272393,414045.04132270813
13999,1751924721.282522,1751924872.509699,batch_consumer-sts-0_20250707_214822_658604.csv,True,False,False,1751925135.3272393,414044.71731185913
14009,1751924721.2828336,1751924872.5342216,batch_consumer-sts-0_20250707_214822_658604.csv,True,False,False,1751925135.3272393,414044.40569877625
14019,1751924721.283161,1751924872.5594285,batch_consumer-sts-0_20250707_214822_658604.csv,True,False,False,1751925135.3272393,414044.07835006714
14029,1751924721.2834666,1751924872.5844083,batch_consumer-sts-0_20250707_214822_658604.csv,True,False,False,1751925135.3272393,414043.77269744873
14039,1751924721.283786,1751924872.6092725,batch_consumer-sts-0_20250707_214822_658604.csv,True,False,False,1751925135.3272393,414043.45321655273
14049,1751924721.2841475,1751924872.6355462,batch_consumer-sts-0_20250707_214822_658604.csv,True,False,False,1751925135.3272393,414043.0917739868
14059,1751924721.284475,1751924872.7194543,batch_consumer-sts-0_20250707_214822_658604.csv,True,False,False,1751925135.3272393,414042.76418685913
14069,1751924721.2847924,1751924872.744573,batch_consumer-sts-0_20250707_214822_658604.csv,True,False,False,1751925135.3272393,414042.44685173035
14079,1751924721.2850215,1751924872.7691026,batch_consumer-sts-0_20250707_214822_658604.csv,True,False,False,1751925135.3272393,414042.21773147583
14089,1751924721.2852588,1751924872.7939734,batch_consumer-sts-0_20250707_214822_658604.csv,True,False,False,1751925135.3272393,414041.9805049896
14099,1751924721.285488,1751924872.817829,batch_consumer-sts-0_20250707_214822_658604.csv,True,False,False,1751925135.3272393,414041.7513847351
14109,1751924721.2857213,1751924872.8429196,batch_consumer-sts-0_20250707_214822_658604.csv,True,False,False,1751925135.3272393,414041.51797294617
14119,1751924721.285952,1751924872.8679447,batch_consumer-sts-0_20250707_214822_658604.csv,True,False,False,1751925135.3272393,414041.2871837616
14129,1751924721.2861388,1751924872.892985,batch_consumer-sts-0_20250707_214822_658604.csv,True,False,False,1751925135.3272393,414041.10050201416
14139,1751924721.2863889,1751924873.437372,batch_consumer-sts-0_20250707_214822_658604.csv,True,False,False,1751925135.3272393,414040.8504009247
14149,1751924721.2866142,1751924873.4626458,batch_consumer-sts-0_20250707_214822_658604.csv,True,False,False,1751925135.3272393,414040.62509536743
14159,1751924721.2868445,1751924873.4877353,batch_consumer-sts-0_20250707_214822_658604.csv,True,False,False,1751925135.3272393,414040.39478302
14169,1751924721.2870803,1751924873.5123618,batch_consumer-sts-0_20250707_214822_658604.csv,True,False,False,1751925135.3272393,414040.1589870453
14179,1751924721.2873075,1751924873.5381792,batch_consumer-sts-0_20250707_214822_658604.csv,True,False,False,1751925135.3272393,414039.9317741394
14189,1751924721.2875357,1751924873.5630076,batch_consumer-sts-0_20250707_214822_658604.csv,True,False,False,1751925135.3272393,414039.7036075592
14199,1751924721.2877655,1751924873.5877578,batch_consumer-sts-0_20250707_214822_658604.csv,True,False,False,1751925135.3272393,414039.47377204895
14209,1751924721.2879984,1751924873.612372,batch_consumer-sts-0_20250707_214822_658604.csv,True,False,False,1751925135.3272393,414039.24083709717
14219,1751924721.288224,1751924873.6373756,batch_consumer-sts-0_20250707_214822_658604.csv,True,False,False,1751925135.3272393,414039.01529312134
14229,1751924721.288455,1751924874.6647234,batch_consumer-sts-0_20250707_214822_658604.csv,True,False,False,1751925135.3272393,414038.7842655182
14239,1751924721.2886937,1751924874.6896715,batch_consumer-sts-0_20250707_214822_658604.csv,True,False,False,1751925135.3272393,414038.5456085205
14249,1751924721.288922,1751924874.7137086,batch_consumer-sts-0_20250707_214822_658604.csv,True,False,False,1751925135.3272393,414038.3172035217
14259,1751924721.2891502,1751924874.7380877,batch_consumer-sts-0_20250707_214822_658604.csv,True,False,False,1751925135.3272393,414038.0890369415
14269,1751924721.289374,1751924874.762907,batch_consumer-sts-0_20250707_214822_658604.csv,True,False,False,1751925135.3272393,414037.86516189575
14279,1751924721.289606,1751924874.7874408,batch_consumer-sts-0_20250707_214822_658604.csv,True,False,False,1751925135.3272393,414037.6331806183
14289,1751924721.2898357,1751924874.8119187,batch_consumer-sts-0_20250707_214822_658604.csv,True,False,False,1751925135.3272393,414037.4035835266
14299,1751924721.290069,1751924874.839905,batch_consumer-sts-0_20250707_214822_658604.csv,True,False,False,1751925135.3272393,414037.1701717377
14309,1751924721.290315,1751924874.8664951,batch_consumer-sts-0_20250707_214822_658604.csv,True,False,False,1751925135.3272393,414036.9243621826
14319,1751924721.2905426,1751924874.891458,batch_consumer-sts-0_20250707_214822_658604.csv,True,False,False,1751925135.3272393,414036.6966724396
14329,1751924721.2907786,1751924874.9158044,batch_consumer-sts-0_20250707_214822_658604.csv,True,False,False,1751925135.3272393,414036.46063804626
14339,1751924721.2910075,1751924874.940703,batch_consumer-sts-0_20250707_214822_658604.csv,True,False,False,1751925135.3272393,414036.2317562103
14349,1751924721.291239,1751924874.967198,batch_consumer-sts-0_20250707_214822_658604.csv,True,False,False,1751925135.3272393,414036.00025177
14359,1751924721.291474,1751924874.9922934,batch_consumer-sts-0_20250707_214822_658604.csv,True,False,False,1751925135.3272393,414035.765171051
14369,1751924721.2917078,1751924875.016317,batch_consumer-sts-0_20250707_214822_658604.csv,True,False,False,1751925135.3272393,414035.5315208435
14379,1751924721.2919416,1751924875.039992,batch_consumer-sts-0_20250707_214822_658604.csv,True,False,False,1751925135.3272393,414035.2976322174
14389,1751924721.292169,1751924875.0661514,batch_consumer-sts-0_20250707_214822_658604.csv,True,False,False,1751925135.3272393,414035.07018089294
14399,1751924721.292403,1751924875.093406,batch_consumer-sts-0_20250707_214822_658604.csv,True,False,False,1751925135.3272393,414034.83629226685
14409,1751924721.2926383,1751924875.1173625,batch_consumer-sts-0_20250707_214822_658604.csv,True,False,False,1751925135.3272393,414034.6009731293
14419,1751924721.292884,1751924875.142754,batch_consumer-sts-0_20250707_214822_658604.csv,True,False,False,1751925135.3272393,414034.3551635742
14429,1751924721.2931194,1751924875.167818,batch_consumer-sts-0_20250707_214822_658604.csv,True,False,False,1751925135.3272393,414034.11984443665
14439,1751924721.293351,1751924875.1926806,batch_consumer-sts-0_20250707_214822_658604.csv,True,False,False,1751925135.3272393,414033.88833999634
14449,1751924721.2935936,1751924875.7443097,batch_consumer-sts-0_20250707_214822_658604.csv,True,False,False,1751925135.3272393,414033.6456298828
14459,1751924721.2938254,1751924875.8096373,batch_consumer-sts-0_20250707_214822_658604.csv,True,False,False,1751925135.3272393,414033.4138870239
14469,1751924721.294062,1751924875.8787827,batch_consumer-sts-0_20250707_214822_658604.csv,True,False,False,1751925135.3272393,414033.17737579346
14479,1751924721.2943065,1751924875.9505205,batch_consumer-sts-0_20250707_214822_658604.csv,True,False,False,1751925135.3272393,414032.9327583313
14489,1751924721.2945442,1751924876.0257971,batch_consumer-sts-0_20250707_214822_658604.csv,True,False,False,1751925135.3272393,414032.69505500793
14499,1751924721.294774,1751924876.1054494,batch_consumer-sts-0_20250707_214822_658604.csv,True,False,False,1751925135.3272393,414032.4652194977
14509,1751924721.295009,1751924876.1891596,batch_consumer-sts-0_20250707_214822_658604.csv,True,False,False,1751925135.3272393,414032.23037719727
14519,1751924721.2952907,1751924876.2763386,batch_consumer-sts-0_20250707_214822_658604.csv,True,False,False,1751925135.3272393,414031.94856643677
14529,1751924721.2955618,1751924876.367442,batch_consumer-sts-0_20250707_214822_658604.csv,True,False,False,1751925135.3272393,414031.6774845123
14539,1751924721.2957923,1751924876.4634058,batch_consumer-sts-0_20250707_214822_658604.csv,True,False,False,1751925135.3272393,414031.44693374634
14549,1751924721.2960224,1751924876.5640829,batch_consumer-sts-0_20250707_214822_658604.csv,True,False,False,1751925135.3272393,414031.2168598175
14559,1751924721.2962582,1751924876.6655354,batch_consumer-sts-0_20250707_214822_658604.csv,True,False,False,1751925135.3272393,414030.9810638428
14569,1751924721.2964935,1751924876.7735329,batch_consumer-sts-0_20250707_214822_658604.csv,True,False,False,1751925135.3272393,414030.7457447052
14579,1751924721.296729,1751924876.8899257,batch_consumer-sts-0_20250707_214822_658604.csv,True,False,False,1751925135.3272393,414030.51018714905
14589,1751924721.296959,1751924877.0116715,batch_consumer-sts-0_20250707_214822_658604.csv,True,False,False,1751925135.3272393,414030.2803516388
14599,1751924721.2971878,1751924877.134405,batch_consumer-sts-0_20250707_214822_658604.csv,True,False,False,1751925135.3272393,414030.05146980286
14609,1751924721.2974122,1751924877.2240925,batch_consumer-sts-0_20250707_214822_658604.csv,True,False,False,1751925135.3272393,414029.8271179199
14619,1751924721.2976477,1751924877.3151245,batch_consumer-sts-0_20250707_214822_658604.csv,True,False,False,1751925135.3272393,414029.59156036377
14629,1751924721.297884,1751924877.4077728,batch_consumer-sts-0_20250707_214822_658604.csv,True,False,False,1751925135.3272393,414029.3552875519
14639,1751924721.298117,1751924877.5013428,batch_consumer-sts-0_20250707_214822_658604.csv,True,False,False,1751925135.3272393,414029.1223526001
14649,1751924721.298385,1751924877.5948522,batch_consumer-sts-0_20250707_214822_658604.csv,True,False,False,1751925135.3272393,414028.8543701172
14659,1751924721.2986352,1751924877.690527,batch_consumer-sts-0_20250707_214822_658604.csv,True,False,False,1751925135.3272393,414028.60403060913
14669,1751924721.2988546,1751924878.2556648,batch_consumer-sts-0_20250707_214822_658604.csv,True,False,False,1751925135.3272393,414028.38468551636
14679,1751924721.2990885,1751924878.549412,batch_consumer-sts-0_20250707_214822_658604.csv,True,False,False,1751925135.3272393,414028.15079689026
14689,1751924721.2993252,1751924878.6476705,batch_consumer-sts-0_20250707_214822_658604.csv,True,False,False,1751925135.3272393,414027.9140472412
14699,1751924721.2995543,1751924878.7474132,batch_consumer-sts-0_20250707_214822_658604.csv,True,False,False,1751925135.3272393,414027.6849269867
14709,1751924721.2997863,1751924878.847065,batch_consumer-sts-0_20250707_214822_658604.csv,True,False,False,1751925135.3272393,414027.4529457092
14719,1751924721.300019,1751924878.9482963,batch_consumer-sts-0_20250707_214822_658604.csv,True,False,False,1751925135.3272393,414027.220249176
14729,1751924721.3002565,1751924879.0493886,batch_consumer-sts-0_20250707_214822_658604.csv,True,False,False,1751925135.3272393,414026.98278427124
14739,1751924721.3004875,1751924879.150823,batch_consumer-sts-0_20250707_214822_658604.csv,True,False,False,1751925135.3272393,414026.7517566681
14749,1751924721.3007307,1751924879.2522528,batch_consumer-sts-0_20250707_214822_658604.csv,True,False,False,1751925135.3272393,414026.5085697174
14759,1751924721.3009243,1751924879.354203,batch_consumer-sts-0_20250707_214822_658604.csv,True,False,False,1751925135.3272393,414026.3149738312
14769,1751924721.3011055,1751924879.4563067,batch_consumer-sts-0_20250707_214822_658604.csv,True,False,False,1751925135.3272393,414026.13377571106
14779,1751924721.301288,1751924879.5576625,batch_consumer-sts-0_20250707_214822_658604.csv,True,False,False,1751925135.3272393,414025.95138549805
14789,1751924721.30147,1751924879.660742,batch_consumer-sts-0_20250707_214822_658604.csv,True,False,False,1751925135.3272393,414025.7692337036
14799,1751924721.3016589,1751924879.763806,batch_consumer-sts-0_20250707_214822_658604.csv,True,False,False,1751925135.3272393,414025.58040618896
14809,1751924721.301854,1751924879.867251,batch_consumer-sts-0_20250707_214822_658604.csv,True,False,False,1751925135.3272393,414025.38537979126
14819,1751924721.30204,1751924879.9715192,batch_consumer-sts-0_20250707_214822_658604.csv,True,False,False,1751925135.3272393,414025.199174881
14829,1751924721.302258,1751924881.0782125,batch_consumer-sts-0_20250707_214822_658604.csv,True,False,False,1751925135.3272393,414024.9812602997
14839,1751924721.3025055,1751924881.1879165,batch_consumer-sts-0_20250707_214822_658604.csv,True,False,False,1751925135.3272393,414024.7337818146
14849,1751924721.3027358,1751924881.2955265,batch_consumer-sts-0_20250707_214822_658604.csv,True,False,False,1751925135.3272393,414024.50346946716
14859,1751924721.3029642,1751924881.405225,batch_consumer-sts-0_20250707_214822_658604.csv,True,False,False,1751925135.3272393,414024.2750644684
14869,1751924721.303196,1751924881.5138,batch_consumer-sts-0_20250707_214822_658604.csv,True,False,False,1751925135.3272393,414024.0433216095
14879,1751924721.303422,1751924881.6229427,batch_consumer-sts-0_20250707_214822_658604.csv,True,False,False,1751925135.3272393,414023.8173007965
14889,1751924721.3036509,1751924881.732672,batch_consumer-sts-0_20250707_214822_658604.csv,True,False,False,1751925135.3272393,414023.5884189606
14899,1751924721.303878,1751924881.8429732,batch_consumer-sts-0_20250707_214822_658604.csv,True,False,False,1751925135.3272393,414023.3612060547
14909,1751924721.3041036,1751924881.9539614,batch_consumer-sts-0_20250707_214822_658604.csv,True,False,False,1751925135.3272393,414023.13566207886
14919,1751924721.3043256,1751924882.0646868,batch_consumer-sts-0_20250707_214822_658604.csv,True,False,False,1751925135.3272393,414022.9136943817
14929,1751924721.304556,1751924882.1836035,batch_consumer-sts-0_20250707_214822_658604.csv,True,False,False,1751925135.3272393,414022.6833820343
14939,1751924721.304787,1751924882.2949977,batch_consumer-sts-0_20250707_214822_658604.csv,True,False,False,1751925135.3272393,414022.45235443115
14949,1751924721.3050172,1751924882.407271,batch_consumer-sts-0_20250707_214822_658604.csv,True,False,False,1751925135.3272393,414022.22204208374
14959,1751924721.305259,1751924882.5187044,batch_consumer-sts-0_20250707_214822_658604.csv,True,False,False,1751925135.3272393,414021.98028564453
14969,1751924721.3054864,1751924882.6313024,batch_consumer-sts-0_20250707_214822_658604.csv,True,False,False,1751925135.3272393,414021.75283432007
14979,1751924721.3057184,1751924882.7434375,batch_consumer-sts-0_20250707_214822_658604.csv,True,False,False,1751925135.3272393,414021.5208530426
14989,1751924721.305946,1751924882.8565414,batch_consumer-sts-0_20250707_214822_658604.csv,True,False,False,1751925135.3272393,414021.29316329956
14999,1751924721.306209,1751924883.0570595,batch_consumer-sts-0_20250707_214822_658604.csv,True,False,False,1751925135.3272393,414021.0301876068
15009,1751924721.3064485,1751924883.341035,batch_consumer-sts-0_20250707_214822_658604.csv,True,False,False,1751925135.3272393,414020.7908153534
15019,1751924721.306682,1751924883.4584482,batch_consumer-sts-0_20250707_214822_658604.csv,True,False,False,1751925135.3272393,414020.5571651459
15029,1751924721.306919,1751924883.573907,batch_consumer-sts-0_20250707_214822_658604.csv,True,False,False,1751925135.3272393,414020.32017707825
15039,1751924721.3071449,1751924883.6887105,batch_consumer-sts-0_20250707_214822_658604.csv,True,False,False,1751925135.3272393,414020.09439468384
15049,1751924721.307375,1751924883.8040967,batch_consumer-sts-0_20250707_214822_658604.csv,True,False,False,1751925135.3272393,414019.864320755
15059,1751924721.3076062,1751924883.9192204,batch_consumer-sts-0_20250707_214822_658604.csv,True,False,False,1751925135.3272393,414019.6330547333
15069,1751924721.3078492,1751924884.034284,batch_consumer-sts-0_20250707_214822_658604.csv,True,False,False,1751925135.3272393,414019.3901062012
15079,1751924721.3080857,1751924884.1510627,batch_consumer-sts-0_20250707_214822_658604.csv,True,False,False,1751925135.3272393,414019.1535949707
15089,1751924721.3083177,1751924884.268017,batch_consumer-sts-0_20250707_214822_658604.csv,True,False,False,1751925135.3272393,414018.92161369324
15099,1751924721.3085508,1751924884.3858695,batch_consumer-sts-0_20250707_214822_658604.csv,True,False,False,1751925135.3272393,414018.6884403229
15109,1751924721.308782,1751924884.503549,batch_consumer-sts-0_20250707_214822_658604.csv,True,False,False,1751925135.3272393,414018.45717430115
15119,1751924721.3093104,1751924884.6206784,batch_consumer-sts-0_20250707_214822_658604.csv,True,False,False,1751925135.3272393,414017.92883872986
15129,1751924721.3095424,1751924884.738147,batch_consumer-sts-0_20250707_214822_658604.csv,True,False,False,1751925135.3272393,414017.6968574524
15139,1751924721.3097851,1751924884.8591182,batch_consumer-sts-0_20250707_214822_658604.csv,True,False,False,1751925135.3272393,414017.45414733887
15149,1751924721.3100097,1751924884.9773026,batch_consumer-sts-0_20250707_214822_658604.csv,True,False,False,1751925135.3272393,414017.22955703735
15159,1751924721.3102558,1751924885.0950296,batch_consumer-sts-0_20250707_214822_658604.csv,True,False,False,1751925135.3272393,414016.9835090637
15169,1751924721.3104832,1751924885.2124672,batch_consumer-sts-0_20250707_214822_658604.csv,True,False,False,1751925135.3272393,414016.75605773926
48649,1751924722.2642446,1751924885.3302057,batch_consumer-sts-0_20250707_214822_658604.csv,True,False,False,1751925135.3272393,413062.99471855164
48659,1751924722.2644875,1751924885.4494026,batch_consumer-sts-0_20250707_214822_658604.csv,True,False,False,1751925135.3272393,413062.75177001953
48669,1751924722.2647183,1751924885.5687103,batch_consumer-sts-0_20250707_214822_658604.csv,True,False,False,1751925135.3272393,413062.52098083496
48679,1751924722.2649388,1751924885.6873891,batch_consumer-sts-0_20250707_214822_658604.csv,True,False,False,1751925135.3272393,413062.3004436493
48689,1751924722.2651646,1751924886.0178983,batch_consumer-sts-0_20250707_214822_658604.csv,True,False,False,1751925135.3272393,413062.0746612549
48699,1751924722.2653935,1751924887.1427057,batch_consumer-sts-0_20250707_214822_658604.csv,True,False,False,1751925135.3272393,413061.84577941895
48709,1751924722.2656193,1751924887.2658467,batch_consumer-sts-0_20250707_214822_658604.csv,True,False,False,1751925135.3272393,413061.61999702454
48719,1751924722.265849,1751924887.3890843,batch_consumer-sts-0_20250707_214822_658604.csv,True,False,False,1751925135.3272393,413061.3901615143
48729,1751924722.2660837,1751924887.5107603,batch_consumer-sts-0_20250707_214822_658604.csv,True,False,False,1751925135.3272393,413061.15555763245
48739,1751924722.266324,1751924887.633839,batch_consumer-sts-0_20250707_214822_658604.csv,True,False,False,1751925135.3272393,413060.9152317047
48749,1751924722.2665577,1751924887.761462,batch_consumer-sts-0_20250707_214822_658604.csv,True,False,False,1751925135.3272393,413060.6815814972
48759,1751924722.2667933,1751924887.8846374,batch_consumer-sts-0_20250707_214822_658604.csv,True,False,False,1751925135.3272393,413060.44602394104
48769,1751924722.2670202,1751924887.9717748,batch_consumer-sts-0_20250707_214822_658604.csv,True,False,False,1751925135.3272393,413060.21904945374
48779,1751924722.267255,1751924888.583012,batch_consumer-sts-0_20250707_214822_658604.csv,True,False,False,1751925135.3272393,413059.9842071533
48789,1751924722.2674875,1751924888.6490924,batch_consumer-sts-0_20250707_214822_658604.csv,True,False,False,1751925135.3272393,413059.7517490387
48799,1751924722.2677133,1751924888.714251,batch_consumer-sts-0_20250707_214822_658604.csv,True,False,False,1751925135.3272393,413059.5259666443
48809,1751924722.2679472,1751924888.7808084,batch_consumer-sts-0_20250707_214822_658604.csv,True,False,False,1751925135.3272393,413059.2920780182
48819,1751924722.2681758,1751924888.8471932,batch_consumer-sts-0_20250707_214822_658604.csv,True,False,False,1751925135.3272393,413059.06343460083
48829,1751924722.268401,1751924888.9134955,batch_consumer-sts-0_20250707_214822_658604.csv,True,False,False,1751925135.3272393,413058.83836746216
48839,1751924722.268629,1751924888.9833884,batch_consumer-sts-0_20250707_214822_658604.csv,True,False,False,1751925135.3272393,413058.61020088196
48849,1751924722.2688558,1751924889.0513945,batch_consumer-sts-0_20250707_214822_658604.csv,True,False,False,1751925135.3272393,413058.38346481323
48859,1751924722.269083,1751924889.1166008,batch_consumer-sts-0_20250707_214822_658604.csv,True,False,False,1751925135.3272393,413058.15625190735
48869,1751924722.2693074,1751924889.184175,batch_consumer-sts-0_20250707_214822_658604.csv,True,False,False,1751925135.3272393,413057.9319000244
48879,1751924722.269534,1751924889.2511706,batch_consumer-sts-0_20250707_214822_658604.csv,True,False,False,1751925135.3272393,413057.7051639557
48889,1751924722.2697682,1751924889.3173244,batch_consumer-sts-0_20250707_214822_658604.csv,True,False,False,1751925135.3272393,413057.471036911
48899,1751924722.269998,1751924889.3826735,batch_consumer-sts-0_20250707_214822_658604.csv,True,False,False,1751925135.3272393,413057.24120140076
48909,1751924722.2702284,1751924889.444373,batch_consumer-sts-0_20250707_214822_658604.csv,True,False,False,1751925135.3272393,413057.01088905334
48919,1751924722.2704582,1751924889.49296,batch_consumer-sts-0_20250707_214822_658604.csv,True,False,False,1751925135.3272393,413056.7810535431
48929,1751924722.2706876,1751924889.5448606,batch_consumer-sts-0_20250707_214822_658604.csv,True,False,False,1751925135.3272393,413056.55169487
48939,1751924722.2709098,1751924889.594989,batch_consumer-sts-0_20250707_214822_658604.csv,True,False,False,1751925135.3272393,413056.3294887543
48949,1751924722.2711415,1751924889.6463263,batch_consumer-sts-0_20250707_214822_658604.csv,True,False,False,1751925135.3272393,413056.0977458954
48959,1751924722.2713728,1751924889.696652,batch_consumer-sts-0_20250707_214822_658604.csv,True,False,False,1751925135.3272393,413055.86647987366
48969,1751924722.2716074,1751924889.7470949,batch_consumer-sts-0_20250707_214822_658604.csv,True,False,False,1751925135.3272393,413055.6318759918
48979,1751924722.2718515,1751924889.7979012,batch_consumer-sts-0_20250707_214822_658604.csv,True,False,False,1751925135.3272393,413055.3877353668
48989,1751924722.2720857,1751924889.8484912,batch_consumer-sts-0_20250707_214822_658604.csv,True,False,False,1751925135.3272393,413055.15360832214
48999,1751924722.2723143,1751924889.8986125,batch_consumer-sts-0_20250707_214822_658604.csv,True,False,False,1751925135.3272393,413054.9249649048
49009,1751924722.272544,1751924889.9518626,batch_consumer-sts-0_20250707_214822_658604.csv,True,False,False,1751925135.3272393,413054.6953678131
49019,1751924722.272772,1751924890.0026374,batch_consumer-sts-0_20250707_214822_658604.csv,True,False,False,1751925135.3272393,413054.4672012329
49029,1751924722.2729986,1751924890.053012,batch_consumer-sts-0_20250707_214822_658604.csv,True,False,False,1751925135.3272393,413054.24070358276
49039,1751924722.273225,1751924890.1030908,batch_consumer-sts-0_20250707_214822_658604.csv,True,False,False,1751925135.3272393,413054.0142059326
49049,1751924722.2734623,1751924890.154861,batch_consumer-sts-0_20250707_214822_658604.csv,True,False,False,1751925135.3272393,413053.7769794464
49059,1751924722.2736976,1751924890.2065983,batch_consumer-sts-0_20250707_214822_658604.csv,True,False,False,1751925135.3272393,413053.54166030884
49069,1751924722.2739289,1751924890.251302,batch_consumer-sts-0_20250707_214822_658604.csv,True,False,False,1751925135.3272393,413053.3103942871
49079,1751924722.2741733,1751924890.27825,batch_consumer-sts-0_20250707_214822_658604.csv,True,False,False,1751925135.3272393,413053.06601524353
49089,1751924722.2744012,1751924890.3018248,batch_consumer-sts-0_20250707_214822_658604.csv,True,False,False,1751925135.3272393,413052.8380870819
49099,1751924722.2746294,1751924890.3268368,batch_consumer-sts-0_20250707_214822_658604.csv,True,False,False,1751925135.3272393,413052.6099205017
49109,1751924722.274868,1751924890.3519137,batch_consumer-sts-0_20250707_214822_658604.csv,True,False,False,1751925135.3272393,413052.371263504
49119,1751924722.2751043,1751924890.3783646,batch_consumer-sts-0_20250707_214822_658604.csv,True,False,False,1751925135.3272393,413052.13499069214
49129,1751924722.2753382,1751924890.4036224,batch_consumer-sts-0_20250707_214822_658604.csv,True,False,False,1751925135.3272393,413051.90110206604
49139,1751924722.2755806,1751924890.429526,batch_consumer-sts-0_20250707_214822_658604.csv,True,False,False,1751925135.3272393,413051.6586303711
49149,1751924722.2758164,1751924890.4549606,batch_consumer-sts-0_20250707_214822_658604.csv,True,False,False,1751925135.3272393,413051.42283439636
49159,1751924722.2760444,1751924890.4812682,batch_consumer-sts-0_20250707_214822_658604.csv,True,False,False,1751925135.3272393,413051.19490623474
49169,1751924722.2762957,1751924890.5047483,batch_consumer-sts-0_20250707_214822_658604.csv,True,False,False,1751925135.3272393,413050.94361305237
49179,1751924722.276534,1751924890.5296488,batch_consumer-sts-0_20250707_214822_658604.csv,True,False,False,1751925135.3272393,413050.70519447327
49189,1751924722.276766,1751924890.554808,batch_consumer-sts-0_20250707_214822_658604.csv,True,False,False,1751925135.3272393,413050.4732131958
49199,1751924722.2772398,1751924890.5800495,batch_consumer-sts-0_20250707_214822_658604.csv,True,False,False,1751925135.3272393,413049.9994754791
49209,1751924722.2774794,1751924890.6045504,batch_consumer-sts-0_20250707_214822_658604.csv,True,False,False,1751925135.3272393,413049.7598648071
49219,1751924722.2777116,1751924890.6296673,batch_consumer-sts-0_20250707_214822_658604.csv,True,False,False,1751925135.3272393,413049.5276451111
49229,1751924722.2779431,1751924890.6549566,batch_consumer-sts-0_20250707_214822_658604.csv,True,False,False,1751925135.3272393,413049.2961406708
49239,1751924722.2781818,1751924890.680567,batch_consumer-sts-0_20250707_214822_658604.csv,True,False,False,1751925135.3272393,413049.0574836731
49249,1751924722.2784324,1751924890.705175,batch_consumer-sts-0_20250707_214822_658604.csv,True,False,False,1751925135.3272393,413048.80690574646
49259,1751924722.2786603,1751924890.729874,batch_consumer-sts-0_20250707_214822_658604.csv,True,False,False,1751925135.3272393,413048.57897758484
49269,1751924722.2788968,1751924890.7548778,batch_consumer-sts-0_20250707_214822_658604.csv,True,False,False,1751925135.3272393,413048.34246635437
49279,1751924722.2791247,1751924890.7806327,batch_consumer-sts-0_20250707_214822_658604.csv,True,False,False,1751925135.3272393,413048.11453819275
49289,1751924722.2793634,1751924890.805419,batch_consumer-sts-0_20250707_214822_658604.csv,True,False,False,1751925135.3272393,413047.87588119507
49299,1751924722.2795968,1751924891.0249667,batch_consumer-sts-0_20250707_214822_658604.csv,True,False,False,1751925135.3272393,413047.6424694061
49309,1751924722.2798252,1751924891.0491743,batch_consumer-sts-0_20250707_214822_658604.csv,True,False,False,1751925135.3272393,413047.41406440735
49319,1751924722.2800589,1751924891.3973873,batch_consumer-sts-0_20250707_214822_658604.csv,True,False,False,1751925135.3272393,413047.1804141998
49329,1751924722.2802875,1751924891.4251914,batch_consumer-sts-0_20250707_214822_658604.csv,True,False,False,1751925135.3272393,413046.95177078247
49339,1751924722.280517,1751924891.4501407,batch_consumer-sts-0_20250707_214822_658604.csv,True,False,False,1751925135.3272393,413046.7221736908
49349,1751924722.2807522,1751924891.4741323,batch_consumer-sts-0_20250707_214822_658604.csv,True,False,False,1751925135.3272393,413046.4870929718
49359,1751924722.2809796,1751924891.4990313,batch_consumer-sts-0_20250707_214822_658604.csv,True,False,False,1751925135.3272393,413046.25964164734
49369,1751924722.2812145,1751924891.5291617,batch_consumer-sts-0_20250707_214822_658604.csv,True,False,False,1751925135.3272393,413046.0247993469
49379,1751924722.2814486,1751924891.5539136,batch_consumer-sts-0_20250707_214822_658604.csv,True,False,False,1751925135.3272393,413045.79067230225
49389,1751924722.281679,1751924891.5792742,batch_consumer-sts-0_20250707_214822_658604.csv,True,False,False,1751925135.3272393,413045.56035995483
49399,1751924722.2818992,1751924891.602869,batch_consumer-sts-0_20250707_214822_658604.csv,True,False,False,1751925135.3272393,413045.34006118774
49409,1751924722.2821305,1751924891.6327484,batch_consumer-sts-0_20250707_214822_658604.csv,True,False,False,1751925135.3272393,413045.108795166
49419,1751924722.2823713,1751924891.6581163,batch_consumer-sts-0_20250707_214822_658604.csv,True,False,False,1751925135.3272393,413044.8679924011
49429,1751924722.2826188,1751924891.6826715,batch_consumer-sts-0_20250707_214822_658604.csv,True,False,False,1751925135.3272393,413044.620513916
49439,1751924722.2830307,1751924891.7074046,batch_consumer-sts-0_20250707_214822_658604.csv,True,False,False,1751925135.3272393,413044.2085266113
49449,1751924722.283433,1751924891.732635,batch_consumer-sts-0_20250707_214822_658604.csv,True,False,False,1751925135.3272393,413043.8063144684
49459,1751924722.283841,1751924891.759634,batch_consumer-sts-0_20250707_214822_658604.csv,True,False,False,1751925135.3272393,413043.39838027954
49469,1751924722.2842767,1751924891.7845528,batch_consumer-sts-0_20250707_214822_658604.csv,True,False,False,1751925135.3272393,413042.96255111694
49479,1751924722.2846737,1751924891.8087234,batch_consumer-sts-0_20250707_214822_658604.csv,True,False,False,1751925135.3272393,413042.56558418274
49489,1751924722.2850845,1751924891.833518,batch_consumer-sts-0_20250707_214822_658604.csv,True,False,False,1751925135.3272393,413042.15478897095
49499,1751924722.2855034,1751924892.8603034,batch_consumer-sts-0_20250707_214822_658604.csv,True,False,False,1751925135.3272393,413041.73588752747
49509,1751924722.285913,1751924892.8914394,batch_consumer-sts-0_20250707_214822_658604.csv,True,False,False,1751925135.3272393,413041.32628440857
49519,1751924722.28634,1751924892.9156237,batch_consumer-sts-0_20250707_214822_658604.csv,True,False,False,1751925135.3272393,413040.8992767334
49529,1751924722.2867522,1751924892.9409995,batch_consumer-sts-0_20250707_214822_658604.csv,True,False,False,1751925135.3272393,413040.48705101013
49539,1751924722.2871592,1751924892.965972,batch_consumer-sts-0_20250707_214822_658604.csv,True,False,False,1751925135.3272393,413040.0800704956
49549,1751924722.2875657,1751924892.99109,batch_consumer-sts-0_20250707_214822_658604.csv,True,False,False,1751925135.3272393,413039.67356681824
49559,1751924722.2879992,1751924893.0154035,batch_consumer-sts-0_20250707_214822_658604.csv,True,False,False,1751925135.3272393,413039.24012184143
49569,1751924722.288422,1751924893.0431418,batch_consumer-sts-0_20250707_214822_658604.csv,True,False,False,1751925135.3272393,413038.8171672821
49579,1751924722.2888317,1751924893.0681102,batch_consumer-sts-0_20250707_214822_658604.csv,True,False,False,1751925135.3272393,413038.4075641632
49589,1751924722.289243,1751924893.0927858,batch_consumer-sts-0_20250707_214822_658604.csv,True,False,False,1751925135.3272393,413037.99629211426
49599,1751924722.2896614,1751924893.1168587,batch_consumer-sts-0_20250707_214822_658604.csv,True,False,False,1751925135.3272393,413037.57786750793
49609,1751924722.2900777,1751924893.2489984,batch_consumer-sts-0_20250707_214822_658604.csv,True,False,False,1751925135.3272393,413037.1615886688
49619,1751924722.2905006,1751924893.2751424,batch_consumer-sts-0_20250707_214822_658604.csv,True,False,False,1751925135.3272393,413036.7386341095
49629,1751924722.2909105,1751924893.300798,batch_consumer-sts-0_20250707_214822_658604.csv,True,False,False,1751925135.3272393,413036.328792572
49639,1751924722.2913263,1751924893.325563,batch_consumer-sts-0_20250707_214822_658604.csv,True,False,False,1751925135.3272393,413035.91299057007
49649,1751924722.2917292,1751924893.5212038,batch_consumer-sts-0_20250707_214822_658604.csv,True,False,False,1751925135.3272393,413035.5100631714
49659,1751924722.2921371,1751924893.546418,batch_consumer-sts-0_20250707_214822_658604.csv,True,False,False,1751925135.3272393,413035.10212898254
49669,1751924722.292562,1751924893.5717747,batch_consumer-sts-0_20250707_214822_658604.csv,True,False,False,1751925135.3272393,413034.6772670746
49679,1751924722.2929423,1751924893.596449,batch_consumer-sts-0_20250707_214822_658604.csv,True,False,False,1751925135.3272393,413034.2969894409
49689,1751924722.2932615,1751924893.620932,batch_consumer-sts-0_20250707_214822_658604.csv,True,False,False,1751925135.3272393,413033.9777469635
49699,1751924722.2935796,1751924894.0528593,batch_consumer-sts-0_20250707_214822_658604.csv,True,False,False,1751925135.3272393,413033.659696579
49709,1751924722.2939343,1751924894.0775585,batch_consumer-sts-0_20250707_214822_658604.csv,True,False,False,1751925135.3272393,413033.3049297333
49719,1751924722.2943225,1751924894.1022613,batch_consumer-sts-0_20250707_214822_658604.csv,True,False,False,1751925135.3272393,413032.9167842865
49729,1751924722.2947288,1751924894.1310558,batch_consumer-sts-0_20250707_214822_658604.csv,True,False,False,1751925135.3272393,413032.5105190277
49739,1751924722.2951531,1751924894.1558156,batch_consumer-sts-0_20250707_214822_658604.csv,True,False,False,1751925135.3272393,413032.0861339569
49749,1751924722.2955751,1751924894.1813197,batch_consumer-sts-0_20250707_214822_658604.csv,True,False,False,1751925135.3272393,413031.6641330719
49759,1751924722.2959964,1751924894.2066016,batch_consumer-sts-0_20250707_214822_658604.csv,True,False,False,1751925135.3272393,413031.2428474426
49769,1751924722.2964234,1751924894.2336051,batch_consumer-sts-0_20250707_214822_658604.csv,True,False,False,1751925135.3272393,413030.81583976746
49779,1751924722.2968414,1751924894.2596407,batch_consumer-sts-0_20250707_214822_658604.csv,True,False,False,1751925135.3272393,413030.3978919983
49789,1751924722.2972584,1751924894.291397,batch_consumer-sts-0_20250707_214822_658604.csv,True,False,False,1751925135.3272393,413029.98089790344
49799,1751924722.2976663,1751924894.3163996,batch_consumer-sts-0_20250707_214822_658604.csv,True,False,False,1751925135.3272393,413029.5729637146
49809,1751924722.298086,1751924894.344502,batch_consumer-sts-0_20250707_214822_658604.csv,True,False,False,1751925135.3272393,413029.1533470154
49819,1751924722.2984989,1751924894.3705082,batch_consumer-sts-0_20250707_214822_658604.csv,True,False,False,1751925135.3272393,413028.7404060364
49829,1751924722.2989202,1751924894.3952837,batch_consumer-sts-0_20250707_214822_658604.csv,True,False,False,1751925135.3272393,413028.3191204071
49839,1751924722.299332,1751924894.4190383,batch_consumer-sts-0_20250707_214822_658604.csv,True,False,False,1751925135.3272393,413027.907371521
49849,1751924722.2997658,1751924894.443762,batch_consumer-sts-0_20250707_214822_658604.csv,True,False,False,1751925135.3272393,413027.47344970703
49859,1751924722.3001869,1751924894.4701674,batch_consumer-sts-0_20250707_214822_658604.csv,True,False,False,1751925135.3272393,413027.05240249634
49869,1751924722.3005986,1751924894.4962091,batch_consumer-sts-0_20250707_214822_658604.csv,True,False,False,1751925135.3272393,413026.64065361023
49879,1751924722.3010235,1751924894.5206902,batch_consumer-sts-0_20250707_214822_658604.csv,True,False,False,1751925135.3272393,413026.21579170227
49889,1751924722.3014412,1751924894.546161,batch_consumer-sts-0_20250707_214822_658604.csv,True,False,False,1751925135.3272393,413025.7980823517
49899,1751924722.301895,1751924894.5716918,batch_consumer-sts-0_20250707_214822_658604.csv,True,False,False,1751925135.3272393,413025.34437179565
49909,1751924722.3023174,1751924894.5970137,batch_consumer-sts-0_20250707_214822_658604.csv,True,False,False,1751925135.3272393,413024.9218940735
49919,1751924722.3027248,1751924894.6231863,batch_consumer-sts-0_20250707_214822_658604.csv,True,False,False,1751925135.3272393,413024.5144367218
49929,1751924722.303139,1751924894.6490068,batch_consumer-sts-0_20250707_214822_658604.csv,True,False,False,1751925135.3272393,413024.1003036499
49939,1751924722.3035576,1751924894.6743815,batch_consumer-sts-0_20250707_214822_658604.csv,True,False,False,1751925135.3272393,413023.681640625
49949,1751924722.30397,1751924894.6992235,batch_consumer-sts-0_20250707_214822_658604.csv,True,False,False,1751925135.3272393,413023.26917648315
54519,1751924722.4652476,1751924894.7293236,batch_consumer-sts-0_20250707_214822_658604.csv,True,False,False,1751925135.3272393,412861.99164390564
54529,1751924722.465693,1751924894.7578416,batch_consumer-sts-0_20250707_214822_658604.csv,True,False,False,1751925135.3272393,412861.5462779999
54539,1751924722.4661078,1751924894.784258,batch_consumer-sts-0_20250707_214822_658604.csv,True,False,False,1751925135.3272393,412861.13142967224
54549,1751924722.4665246,1751924894.8106058,batch_consumer-sts-0_20250707_214822_658604.csv,True,False,False,1751925135.3272393,412860.714673996
54559,1751924722.4669309,1751924894.8349872,batch_consumer-sts-0_20250707_214822_658604.csv,True,False,False,1751925135.3272393,412860.3084087372
54569,1751924722.467352,1751924894.8628397,batch_consumer-sts-0_20250707_214822_658604.csv,True,False,False,1751925135.3272393,412859.8873615265
54579,1751924722.4677677,1751924894.8875144,batch_consumer-sts-0_20250707_214822_658604.csv,True,False,False,1751925135.3272393,412859.47155952454
54589,1751924722.4681756,1751924894.914759,batch_consumer-sts-0_20250707_214822_658604.csv,True,False,False,1751925135.3272393,412859.0636253357
54599,1751924722.4685953,1751924894.9404328,batch_consumer-sts-0_20250707_214822_658604.csv,True,False,False,1751925135.3272393,412858.6440086365
54609,1751924722.4690282,1751924894.966359,batch_consumer-sts-0_20250707_214822_658604.csv,True,False,False,1751925135.3272393,412858.2110404968
54619,1751924722.4694035,1751924894.9912648,batch_consumer-sts-0_20250707_214822_658604.csv,True,False,False,1751925135.3272393,412857.8357696533
54629,1751924722.4697323,1751924895.015643,batch_consumer-sts-0_20250707_214822_658604.csv,True,False,False,1751925135.3272393,412857.50699043274
54639,1751924722.4700649,1751924895.0404766,batch_consumer-sts-0_20250707_214822_658604.csv,True,False,False,1751925135.3272393,412857.1743965149
54649,1751924722.4704635,1751924895.0662217,batch_consumer-sts-0_20250707_214822_658604.csv,True,False,False,1751925135.3272393,412856.77576065063
54659,1751924722.4709008,1751924895.0918565,batch_consumer-sts-0_20250707_214822_658604.csv,True,False,False,1751925135.3272393,412856.33850097656
54669,1751924722.4713032,1751924895.1162734,batch_consumer-sts-0_20250707_214822_658604.csv,True,False,False,1751925135.3272393,412855.93605041504
54679,1751924722.4716847,1751924895.1420002,batch_consumer-sts-0_20250707_214822_658604.csv,True,False,False,1751925135.3272393,412855.5545806885
54689,1751924722.4720354,1751924895.16861,batch_consumer-sts-0_20250707_214822_658604.csv,True,False,False,1751925135.3272393,412855.2038669586
54699,1751924722.4723382,1751924895.1934323,batch_consumer-sts-0_20250707_214822_658604.csv,True,False,False,1751925135.3272393,412854.90107536316
54709,1751924722.4726503,1751924895.218418,batch_consumer-sts-0_20250707_214822_658604.csv,True,False,False,1751925135.3272393,412854.5889854431
54719,1751924722.4729636,1751924895.2419982,batch_consumer-sts-0_20250707_214822_658604.csv,True,False,False,1751925135.3272393,412854.2757034302
54729,1751924722.4732769,1751924895.2670562,batch_consumer-sts-0_20250707_214822_658604.csv,True,False,False,1751925135.3272393,412853.96242141724
54739,1751924722.4736009,1751924895.291873,batch_consumer-sts-0_20250707_214822_658604.csv,True,False,False,1751925135.3272393,412853.63841056824
54749,1751924722.47391,1751924895.3163805,batch_consumer-sts-0_20250707_214822_658604.csv,True,False,False,1751925135.3272393,412853.32918167114
54759,1751924722.474298,1751924895.342742,batch_consumer-sts-0_20250707_214822_658604.csv,True,False,False,1751925135.3272393,412852.94127464294
54769,1751924722.4747224,1751924895.36893,batch_consumer-sts-0_20250707_214822_658604.csv,True,False,False,1751925135.3272393,412852.51688957214
54779,1751924722.4753127,1751924895.394335,batch_consumer-sts-0_20250707_214822_658604.csv,True,False,False,1751925135.3272393,412851.9265651703
54789,1751924722.4757197,1751924895.4185295,batch_consumer-sts-0_20250707_214822_658604.csv,True,False,False,1751925135.3272393,412851.51958465576
54799,1751924722.476141,1751924895.4433303,batch_consumer-sts-0_20250707_214822_658604.csv,True,False,False,1751925135.3272393,412851.0982990265
54809,1751924722.4765422,1751924895.4683726,batch_consumer-sts-0_20250707_214822_658604.csv,True,False,False,1751925135.3272393,412850.69704055786
54819,1751924722.4769478,1751924895.4935565,batch_consumer-sts-0_20250707_214822_658604.csv,True,False,False,1751925135.3272393,412850.2914905548
54829,1751924722.4773557,1751924895.517892,batch_consumer-sts-0_20250707_214822_658604.csv,True,False,False,1751925135.3272393,412849.88355636597
54839,1751924722.477788,1751924895.5429697,batch_consumer-sts-0_20250707_214822_658604.csv,True,False,False,1751925135.3272393,412849.45130348206
54849,1751924722.4782135,1751924895.5702555,batch_consumer-sts-0_20250707_214822_658604.csv,True,False,False,1751925135.3272393,412849.02572631836
54859,1751924722.478742,1751924895.59638,batch_consumer-sts-0_20250707_214822_658604.csv,True,False,False,1751925135.3272393,412848.49739074707
54869,1751924722.4791558,1751924895.6214175,batch_consumer-sts-0_20250707_214822_658604.csv,True,False,False,1751925135.3272393,412848.08349609375
54879,1751924722.4795852,1751924895.6474426,batch_consumer-sts-0_20250707_214822_658604.csv,True,False,False,1751925135.3272393,412847.6541042328
54889,1751924722.4800808,1751924895.6728156,batch_consumer-sts-0_20250707_214822_658604.csv,True,False,False,1751925135.3272393,412847.15843200684
54899,1751924722.4805074,1751924895.6975496,batch_consumer-sts-0_20250707_214822_658604.csv,True,False,False,1751925135.3272393,412846.7319011688
54909,1751924722.4809277,1751924895.724385,batch_consumer-sts-0_20250707_214822_658604.csv,True,False,False,1751925135.3272393,412846.31156921387
54919,1751924722.4813497,1751924895.749134,batch_consumer-sts-0_20250707_214822_658604.csv,True,False,False,1751925135.3272393,412845.88956832886
54929,1751924722.4817731,1751924895.7739396,batch_consumer-sts-0_20250707_214822_658604.csv,True,False,False,1751925135.3272393,412845.4661369324
54939,1751924722.4822023,1751924895.798864,batch_consumer-sts-0_20250707_214822_658604.csv,True,False,False,1751925135.3272393,412845.03698349
54949,1751924722.4826145,1751924895.8228168,batch_consumer-sts-0_20250707_214822_658604.csv,True,False,False,1751925135.3272393,412844.6247577667
54959,1751924722.4830122,1751924895.847819,batch_consumer-sts-0_20250707_214822_658604.csv,True,False,False,1751925135.3272393,412844.2270755768
54969,1751924722.4834037,1751924895.8723106,batch_consumer-sts-0_20250707_214822_658604.csv,True,False,False,1751925135.3272393,412843.8355922699
54979,1751924722.4838047,1751924895.8967514,batch_consumer-sts-0_20250707_214822_658604.csv,True,False,False,1751925135.3272393,412843.43457221985
54989,1751924722.4842055,1751924895.921158,batch_consumer-sts-0_20250707_214822_658604.csv,True,False,False,1751925135.3272393,412843.0337905884
54999,1751924722.4846072,1751924895.9458475,batch_consumer-sts-0_20250707_214822_658604.csv,True,False,False,1751925135.3272393,412842.6320552826
55009,1751924722.4850235,1751924896.1759057,batch_consumer-sts-0_20250707_214822_658604.csv,True,False,False,1751925135.3272393,412842.2157764435
55019,1751924722.4854307,1751924896.201262,batch_consumer-sts-0_20250707_214822_658604.csv,True,False,False,1751925135.3272393,412841.8085575104
55029,1751924722.4858582,1751924896.225304,batch_consumer-sts-0_20250707_214822_658604.csv,True,False,False,1751925135.3272393,412841.38107299805
55039,1751924722.4862072,1751924896.251349,batch_consumer-sts-0_20250707_214822_658604.csv,True,False,False,1751925135.3272393,412841.03202819824
55049,1751924722.4866266,1751924896.2771096,batch_consumer-sts-0_20250707_214822_658604.csv,True,False,False,1751925135.3272393,412840.6126499176
55059,1751924722.487036,1751924896.302182,batch_consumer-sts-0_20250707_214822_658604.csv,True,False,False,1751925135.3272393,412840.2032852173
55069,1751924722.4874668,1751924896.3261735,batch_consumer-sts-0_20250707_214822_658604.csv,True,False,False,1751925135.3272393,412839.77246284485
55079,1751924722.487783,1751924896.3511934,batch_consumer-sts-0_20250707_214822_658604.csv,True,False,False,1751925135.3272393,412839.45631980896
55089,1751924722.488106,1751924896.376226,batch_consumer-sts-0_20250707_214822_658604.csv,True,False,False,1751925135.3272393,412839.1332626343
55099,1751924722.4884157,1751924896.4012136,batch_consumer-sts-0_20250707_214822_658604.csv,True,False,False,1751925135.3272393,412838.8235569
55109,1751924722.488742,1751924896.426264,batch_consumer-sts-0_20250707_214822_658604.csv,True,False,False,1751925135.3272393,412838.49716186523
55119,1751924722.4890635,1751924896.4512565,batch_consumer-sts-0_20250707_214822_658604.csv,True,False,False,1751925135.3272393,412838.1757736206
55129,1751924722.489385,1751924896.4774349,batch_consumer-sts-0_20250707_214822_658604.csv,True,False,False,1751925135.3272393,412837.854385376
55139,1751924722.4896958,1751924896.5015666,batch_consumer-sts-0_20250707_214822_658604.csv,True,False,False,1751925135.3272393,412837.5434875488
55149,1751924722.4900074,1751924896.5270512,batch_consumer-sts-0_20250707_214822_658604.csv,True,False,False,1751925135.3272393,412837.23187446594
55159,1751924722.49038,1751924896.5521624,batch_consumer-sts-0_20250707_214822_658604.csv,True,False,False,1751925135.3272393,412836.8592262268
55169,1751924722.4907885,1751924896.5773056,batch_consumer-sts-0_20250707_214822_658604.csv,True,False,False,1751925135.3272393,412836.4508152008
55179,1751924722.4912071,1751924896.60244,batch_consumer-sts-0_20250707_214822_658604.csv,True,False,False,1751925135.3272393,412836.0321521759
55189,1751924722.491597,1751924896.628991,batch_consumer-sts-0_20250707_214822_658604.csv,True,False,False,1751925135.3272393,412835.6423377991
55199,1751924722.491897,1751924896.6543624,batch_consumer-sts-0_20250707_214822_658604.csv,True,False,False,1751925135.3272393,412835.342168808
55209,1751924722.492232,1751924896.6792977,batch_consumer-sts-0_20250707_214822_658604.csv,True,False,False,1751925135.3272393,412835.00719070435
55219,1751924722.492651,1751924896.7051704,batch_consumer-sts-0_20250707_214822_658604.csv,True,False,False,1751925135.3272393,412834.58828926086
55229,1751924722.493065,1751924896.729482,batch_consumer-sts-0_20250707_214822_658604.csv,True,False,False,1751925135.3272393,412834.17415618896
55239,1751924722.4934738,1751924896.7548952,batch_consumer-sts-0_20250707_214822_658604.csv,True,False,False,1751925135.3272393,412833.7655067444
55249,1751924722.4938695,1751924896.779626,batch_consumer-sts-0_20250707_214822_658604.csv,True,False,False,1751925135.3272393,412833.3697319031
55259,1751924722.4942884,1751924896.804356,batch_consumer-sts-0_20250707_214822_658604.csv,True,False,False,1751925135.3272393,412832.9508304596
55269,1751924722.4947004,1751924896.8290155,batch_consumer-sts-0_20250707_214822_658604.csv,True,False,False,1751925135.3272393,412832.5388431549
55279,1751924722.495108,1751924896.854849,batch_consumer-sts-0_20250707_214822_658604.csv,True,False,False,1751925135.3272393,412832.1313858032
55289,1751924722.49555,1751924896.8796475,batch_consumer-sts-0_20250707_214822_658604.csv,True,False,False,1751925135.3272393,412831.68935775757
55299,1751924722.4959605,1751924896.9046254,batch_consumer-sts-0_20250707_214822_658604.csv,True,False,False,1751925135.3272393,412831.27880096436
55309,1751924722.496389,1751924896.9291337,batch_consumer-sts-0_20250707_214822_658604.csv,True,False,False,1751925135.3272393,412830.8503627777
55319,1751924722.496801,1751924896.953789,batch_consumer-sts-0_20250707_214822_658604.csv,True,False,False,1751925135.3272393,412830.438375473
55329,1751924722.4972098,1751924896.9784348,batch_consumer-sts-0_20250707_214822_658604.csv,True,False,False,1751925135.3272393,412830.02948760986
55339,1751924722.4976208,1751924897.0021095,batch_consumer-sts-0_20250707_214822_658604.csv,True,False,False,1751925135.3272393,412829.6184539795
55349,1751924722.498022,1751924897.0271552,batch_consumer-sts-0_20250707_214822_658604.csv,True,False,False,1751925135.3272393,412829.21719551086
55359,1751924722.498445,1751924897.052016,batch_consumer-sts-0_20250707_214822_658604.csv,True,False,False,1751925135.3272393,412828.79424095154
55369,1751924722.498872,1751924897.076511,batch_consumer-sts-0_20250707_214822_658604.csv,True,False,False,1751925135.3272393,412828.36723327637
55379,1751924722.4992745,1751924897.1009011,batch_consumer-sts-0_20250707_214822_658604.csv,True,False,False,1751925135.3272393,412827.96478271484
55389,1751924722.4997082,1751924897.125232,batch_consumer-sts-0_20250707_214822_658604.csv,True,False,False,1751925135.3272393,412827.53109931946
55399,1751924722.5001168,1751924897.1488853,batch_consumer-sts-0_20250707_214822_658604.csv,True,False,False,1751925135.3272393,412827.1224498749
55409,1751924722.5005214,1751924897.1736553,batch_consumer-sts-0_20250707_214822_658604.csv,True,False,False,1751925135.3272393,412826.71785354614
55419,1751924722.5009212,1751924897.1984675,batch_consumer-sts-0_20250707_214822_658604.csv,True,False,False,1751925135.3272393,412826.318025589
55429,1751924722.5013354,1751924897.2233455,batch_consumer-sts-0_20250707_214822_658604.csv,True,False,False,1751925135.3272393,412825.9038925171
55439,1751924722.5017676,1751924897.246951,batch_consumer-sts-0_20250707_214822_658604.csv,True,False,False,1751925135.3272393,412825.4716396332
55449,1751924722.5021863,1751924897.2717896,batch_consumer-sts-0_20250707_214822_658604.csv,True,False,False,1751925135.3272393,412825.0529766083
55459,1751924722.502587,1751924898.2987542,batch_consumer-sts-0_20250707_214822_658604.csv,True,False,False,1751925135.3272393,412824.6521949768
55469,1751924722.502983,1751924898.5092545,batch_consumer-sts-0_20250707_214822_658604.csv,True,False,False,1751925135.3272393,412824.2561817169
55479,1751924722.5034232,1751924898.5345824,batch_consumer-sts-0_20250707_214822_658604.csv,True,False,False,1751925135.3272393,412823.8160610199
55489,1751924722.5037448,1751924898.5594509,batch_consumer-sts-0_20250707_214822_658604.csv,True,False,False,1751925135.3272393,412823.4944343567
55499,1751924722.5040486,1751924898.5842824,batch_consumer-sts-0_20250707_214822_658604.csv,True,False,False,1751925135.3272393,412823.1906890869
55509,1751924722.5043652,1751924898.6084726,batch_consumer-sts-0_20250707_214822_658604.csv,True,False,False,1751925135.3272393,412822.87406921387
55519,1751924722.5046732,1751924898.63353,batch_consumer-sts-0_20250707_214822_658604.csv,True,False,False,1751925135.3272393,412822.56603240967
55529,1751924722.504986,1751924898.6592598,batch_consumer-sts-0_20250707_214822_658604.csv,True,False,False,1751925135.3272393,412822.2532272339
55539,1751924722.5053434,1751924898.6866596,batch_consumer-sts-0_20250707_214822_658604.csv,True,False,False,1751925135.3272393,412821.8958377838
55549,1751924722.505684,1751924898.7110858,batch_consumer-sts-0_20250707_214822_658604.csv,True,False,False,1751925135.3272393,412821.55537605286
55559,1751924722.5060227,1751924898.735902,batch_consumer-sts-0_20250707_214822_658604.csv,True,False,False,1751925135.3272393,412821.21658325195
55569,1751924722.5064182,1751924898.760711,batch_consumer-sts-0_20250707_214822_658604.csv,True,False,False,1751925135.3272393,412820.8210468292
55579,1751924722.5068388,1751924898.9926183,batch_consumer-sts-0_20250707_214822_658604.csv,True,False,False,1751925135.3272393,412820.4004764557
55589,1751924722.5072403,1751924899.016599,batch_consumer-sts-0_20250707_214822_658604.csv,True,False,False,1751925135.3272393,412819.9989795685
55599,1751924722.507615,1751924899.0414643,batch_consumer-sts-0_20250707_214822_658604.csv,True,False,False,1751925135.3272393,412819.62418556213
55609,1751924722.5079298,1751924899.0663934,batch_consumer-sts-0_20250707_214822_658604.csv,True,False,False,1751925135.3272393,412819.3094730377
55619,1751924722.50827,1751924899.090847,batch_consumer-sts-0_20250707_214822_658604.csv,True,False,False,1751925135.3272393,412818.96924972534
55629,1751924722.5087218,1751924899.1149714,batch_consumer-sts-0_20250707_214822_658604.csv,True,False,False,1751925135.3272393,412818.51744651794
55639,1751924722.5091386,1751924899.140863,batch_consumer-sts-0_20250707_214822_658604.csv,True,False,False,1751925135.3272393,412818.1006908417
55649,1751924722.5095458,1751924899.165709,batch_consumer-sts-0_20250707_214822_658604.csv,True,False,False,1751925135.3272393,412817.69347190857
55659,1751924722.5099597,1751924899.190885,batch_consumer-sts-0_20250707_214822_658604.csv,True,False,False,1751925135.3272393,412817.27957725525
55669,1751924722.5103798,1751924899.2154157,batch_consumer-sts-0_20250707_214822_658604.csv,True,False,False,1751925135.3272393,412816.8594837189
55679,1751924722.5107825,1751924899.240093,batch_consumer-sts-0_20250707_214822_658604.csv,True,False,False,1751925135.3272393,412816.45679473877
55689,1751924722.5111997,1751924899.264888,batch_consumer-sts-0_20250707_214822_658604.csv,True,False,False,1751925135.3272393,412816.03956222534
55699,1751924722.5116198,1751924899.2895803,batch_consumer-sts-0_20250707_214822_658604.csv,True,False,False,1751925135.3272393,412815.61946868896
55709,1751924722.5120382,1751924899.3135629,batch_consumer-sts-0_20250707_214822_658604.csv,True,False,False,1751925135.3272393,412815.20104408264
55719,1751924722.5124512,1751924899.338535,batch_consumer-sts-0_20250707_214822_658604.csv,True,False,False,1751925135.3272393,412814.78810310364
55729,1751924722.512867,1751924899.3646986,batch_consumer-sts-0_20250707_214822_658604.csv,True,False,False,1751925135.3272393,412814.3723011017
55739,1751924722.513287,1751924899.3894684,batch_consumer-sts-0_20250707_214822_658604.csv,True,False,False,1751925135.3272393,412813.9522075653
55749,1751924722.5136905,1751924899.4140346,batch_consumer-sts-0_20250707_214822_658604.csv,True,False,False,1751925135.3272393,412813.54880332947
55759,1751924722.5141108,1751924899.439355,batch_consumer-sts-0_20250707_214822_658604.csv,True,False,False,1751925135.3272393,412813.1284713745
55769,1751924722.5145347,1751924899.464548,batch_consumer-sts-0_20250707_214822_658604.csv,True,False,False,1751925135.3272393,412812.70456314087
55779,1751924722.5149488,1751924899.4890895,batch_consumer-sts-0_20250707_214822_658604.csv,True,False,False,1751925135.3272393,412812.29043006897
55789,1751924722.5153694,1751924899.5134668,batch_consumer-sts-0_20250707_214822_658604.csv,True,False,False,1751925135.3272393,412811.86985969543
55799,1751924722.5157857,1751924899.5381482,batch_consumer-sts-0_20250707_214822_658604.csv,True,False,False,1751925135.3272393,412811.4535808563
55809,1751924722.5162003,1751924899.5630543,batch_consumer-sts-0_20250707_214822_658604.csv,True,False,False,1751925135.3272393,412811.03897094727
55819,1751924722.516607,1751924899.5879412,batch_consumer-sts-0_20250707_214822_658604.csv,True,False,False,1751925135.3272393,412810.6322288513
55829,1751924722.5170095,1751924899.6119983,batch_consumer-sts-0_20250707_214822_658604.csv,True,False,False,1751925135.3272393,412810.2297782898
55839,1751924722.5174265,1751924899.63861,batch_consumer-sts-0_20250707_214822_658604.csv,True,False,False,1751925135.3272393,412809.81278419495
55849,1751924722.51784,1751924899.664053,batch_consumer-sts-0_20250707_214822_658604.csv,True,False,False,1751925135.3272393,412809.3993663788
55859,1751924722.5182643,1751924899.6897776,batch_consumer-sts-0_20250707_214822_658604.csv,True,False,False,1751925135.3272393,412808.974981308
55869,1751924722.5186796,1751924899.7146857,batch_consumer-sts-0_20250707_214822_658604.csv,True,False,False,1751925135.3272393,412808.5596561432
55879,1751924722.5190835,1751924899.7401352,batch_consumer-sts-0_20250707_214822_658604.csv,True,False,False,1751925135.3272393,412808.1557750702
55889,1751924722.5194714,1751924899.7650335,batch_consumer-sts-0_20250707_214822_658604.csv,True,False,False,1751925135.3272393,412807.767868042
55899,1751924722.5197918,1751924899.7899632,batch_consumer-sts-0_20250707_214822_658604.csv,True,False,False,1751925135.3272393,412807.4474334717
55909,1751924722.5201137,1751924899.9284887,batch_consumer-sts-0_20250707_214822_658604.csv,True,False,False,1751925135.3272393,412807.1255683899
55919,1751924722.5204282,1751924899.953017,batch_consumer-sts-0_20250707_214822_658604.csv,True,False,False,1751925135.3272393,412806.81109428406
55929,1751924722.5207376,1751924899.9782834,batch_consumer-sts-0_20250707_214822_658604.csv,True,False,False,1751925135.3272393,412806.5016269684
55939,1751924722.5210607,1751924900.0020747,batch_consumer-sts-0_20250707_214822_658604.csv,True,False,False,1751925135.3272393,412806.1785697937
55949,1751924722.5213714,1751924900.0266516,batch_consumer-sts-0_20250707_214822_658604.csv,True,False,False,1751925135.3272393,412805.86791038513
55959,1751924722.5216873,1751924900.0513444,batch_consumer-sts-0_20250707_214822_658604.csv,True,False,False,1751925135.3272393,412805.5520057678
55969,1751924722.5219953,1751924900.075374,batch_consumer-sts-0_20250707_214822_658604.csv,True,False,False,1751925135.3272393,412805.2439689636
55979,1751924722.522377,1751924900.0997438,batch_consumer-sts-0_20250707_214822_658604.csv,True,False,False,1751925135.3272393,412804.8622608185
55989,1751924722.5227911,1751924900.126228,batch_consumer-sts-0_20250707_214822_658604.csv,True,False,False,1751925135.3272393,412804.4481277466
55999,1751924722.5231886,1751924900.1512868,batch_consumer-sts-0_20250707_214822_658604.csv,True,False,False,1751925135.3272393,412804.0506839752
56009,1751924722.523563,1751924900.17638,batch_consumer-sts-0_20250707_214822_658604.csv,True,False,False,1751925135.3272393,412803.67636680603
56019,1751924722.5238729,1751924900.2015357,batch_consumer-sts-0_20250707_214822_658604.csv,True,False,False,1751925135.3272393,412803.3664226532
56029,1751924722.5242648,1751924900.2265863,batch_consumer-sts-0_20250707_214822_658604.csv,True,False,False,1751925135.3272393,412802.97446250916
56039,1751924722.5246887,1751924900.252814,batch_consumer-sts-0_20250707_214822_658604.csv,True,False,False,1751925135.3272393,412802.5505542755
56049,1751924722.5250936,1751924900.2775223,batch_consumer-sts-0_20250707_214822_658604.csv,True,False,False,1751925135.3272393,412802.1457195282
56059,1751924722.5255022,1751924900.302596,batch_consumer-sts-0_20250707_214822_658604.csv,True,False,False,1751925135.3272393,412801.7370700836
56069,1751924722.5258963,1751924900.3276768,batch_consumer-sts-0_20250707_214822_658604.csv,True,False,False,1751925135.3272393,412801.34296417236
56079,1751924722.5263278,1751924900.352487,batch_consumer-sts-0_20250707_214822_658604.csv,True,False,False,1751925135.3272393,412800.9114265442
56089,1751924722.5267894,1751924900.3776617,batch_consumer-sts-0_20250707_214822_658604.csv,True,False,False,1751925135.3272393,412800.44984817505
56099,1751924722.5272183,1751924900.4026818,batch_consumer-sts-0_20250707_214822_658604.csv,True,False,False,1751925135.3272393,412800.02093315125
56109,1751924722.527625,1751924900.4311693,batch_consumer-sts-0_20250707_214822_658604.csv,True,False,False,1751925135.3272393,412799.6141910553
56119,1751924722.5280578,1751924900.4563534,batch_consumer-sts-0_20250707_214822_658604.csv,True,False,False,1751925135.3272393,412799.1814613342
56129,1751924722.528463,1751924900.4811628,batch_consumer-sts-0_20250707_214822_658604.csv,True,False,False,1751925135.3272393,412798.77638816833
56139,1751924722.528874,1751924900.5056822,batch_consumer-sts-0_20250707_214822_658604.csv,True,False,False,1751925135.3272393,412798.36535453796
56149,1751924722.52931,1751924900.530903,batch_consumer-sts-0_20250707_214822_658604.csv,True,False,False,1751925135.3272393,412797.9292869568
56159,1751924722.529725,1751924900.5560656,batch_consumer-sts-0_20250707_214822_658604.csv,True,False,False,1751925135.3272393,412797.5142002106
56169,1751924722.53013,1751924900.5811346,batch_consumer-sts-0_20250707_214822_658604.csv,True,False,False,1751925135.3272393,412797.10936546326
56179,1751924722.5305922,1751924900.605963,batch_consumer-sts-0_20250707_214822_658604.csv,True,False,False,1751925135.3272393,412796.6470718384
56189,1751924722.5309908,1751924900.6317508,batch_consumer-sts-0_20250707_214822_658604.csv,True,False,False,1751925135.3272393,412796.2484359741
56199,1751924722.5314138,1751924900.656717,batch_consumer-sts-0_20250707_214822_658604.csv,True,False,False,1751925135.3272393,412795.8254814148
56209,1751924722.531833,1751924900.6822815,batch_consumer-sts-0_20250707_214822_658604.csv,True,False,False,1751925135.3272393,412795.40634155273
56219,1751924722.5322423,1751924900.7069564,batch_consumer-sts-0_20250707_214822_658604.csv,True,False,False,1751925135.3272393,412794.9969768524
56229,1751924722.5326538,1751924900.7323291,batch_consumer-sts-0_20250707_214822_658604.csv,True,False,False,1751925135.3272393,412794.5854663849
56239,1751924722.5330732,1751924900.755857,batch_consumer-sts-0_20250707_214822_658604.csv,True,False,False,1751925135.3272393,412794.16608810425
56249,1751924722.5334828,1751924900.7806003,batch_consumer-sts-0_20250707_214822_658604.csv,True,False,False,1751925135.3272393,412793.75648498535
56259,1751924722.5338967,1751924900.8050818,batch_consumer-sts-0_20250707_214822_658604.csv,True,False,False,1751925135.3272393,412793.34259033203
56269,1751924722.5343156,1751924900.829741,batch_consumer-sts-0_20250707_214822_658604.csv,True,False,False,1751925135.3272393,412792.92368888855
56279,1751924722.5347114,1751924900.854122,batch_consumer-sts-0_20250707_214822_658604.csv,True,False,False,1751925135.3272393,412792.52791404724
56289,1751924722.5351317,1751924900.8804257,batch_consumer-sts-0_20250707_214822_658604.csv,True,False,False,1751925135.3272393,412792.1075820923
56299,1751924722.5355234,1751924900.904973,batch_consumer-sts-0_20250707_214822_658604.csv,True,False,False,1751925135.3272393,412791.7158603668
56309,1751924722.5358863,1751924900.9298697,batch_consumer-sts-0_20250707_214822_658604.csv,True,False,False,1751925135.3272393,412791.3529872894
56319,1751924722.5362074,1751924900.9547062,batch_consumer-sts-0_20250707_214822_658604.csv,True,False,False,1751925135.3272393,412791.0318374634
56329,1751924722.536521,1751924900.9795558,batch_consumer-sts-0_20250707_214822_658604.csv,True,False,False,1751925135.3272393,412790.71831703186
56339,1751924722.5368335,1751924901.004533,batch_consumer-sts-0_20250707_214822_658604.csv,True,False,False,1751925135.3272393,412790.40575027466
56349,1751924722.5371542,1751924901.0297475,batch_consumer-sts-0_20250707_214822_658604.csv,True,False,False,1751925135.3272393,412790.08507728577
56359,1751924722.5374677,1751924901.0562952,batch_consumer-sts-0_20250707_214822_658604.csv,True,False,False,1751925135.3272393,412789.77155685425
56369,1751924722.5377753,1751924901.412974,batch_consumer-sts-0_20250707_214822_658604.csv,True,False,False,1751925135.3272393,412789.4639968872
56379,1751924722.5380974,1751924901.4378474,batch_consumer-sts-0_20250707_214822_658604.csv,True,False,False,1751925135.3272393,412789.14189338684
56389,1751924722.5385158,1751924901.4628863,batch_consumer-sts-0_20250707_214822_658604.csv,True,False,False,1751925135.3272393,412788.7234687805
56399,1751924722.538937,1751924901.488814,batch_consumer-sts-0_20250707_214822_658604.csv,True,False,False,1751925135.3272393,412788.30218315125
56409,1751924722.5393443,1751924901.513231,batch_consumer-sts-0_20250707_214822_658604.csv,True,False,False,1751925135.3272393,412787.89496421814
56419,1751924722.5397122,1751924901.53846,batch_consumer-sts-0_20250707_214822_658604.csv,True,False,False,1751925135.3272393,412787.5270843506
56429,1751924722.540023,1751924901.563472,batch_consumer-sts-0_20250707_214822_658604.csv,True,False,False,1751925135.3272393,412787.21618652344
56439,1751924722.5403292,1751924901.5881786,batch_consumer-sts-0_20250707_214822_658604.csv,True,False,False,1751925135.3272393,412786.9100570679
56449,1751924722.5406578,1751924901.6122751,batch_consumer-sts-0_20250707_214822_658604.csv,True,False,False,1751925135.3272393,412786.58151626587
56459,1751924722.540979,1751924901.6389277,batch_consumer-sts-0_20250707_214822_658604.csv,True,False,False,1751925135.3272393,412786.2603664398
56469,1751924722.541288,1751924901.6639931,batch_consumer-sts-0_20250707_214822_658604.csv,True,False,False,1751925135.3272393,412785.9513759613
56479,1751924722.5416296,1751924901.6886792,batch_consumer-sts-0_20250707_214822_658604.csv,True,False,False,1751925135.3272393,412785.60972213745
56489,1751924722.5420852,1751924901.7130065,batch_consumer-sts-0_20250707_214822_658604.csv,True,False,False,1751925135.3272393,412785.1541042328
56499,1751924722.5424917,1751924901.7377346,batch_consumer-sts-0_20250707_214822_658604.csv,True,False,False,1751925135.3272393,412784.7476005554
56509,1751924722.5429068,1751924901.7628846,batch_consumer-sts-0_20250707_214822_658604.csv,True,False,False,1751925135.3272393,412784.3325138092
56519,1751924722.543325,1751924901.787593,batch_consumer-sts-0_20250707_214822_658604.csv,True,False,False,1751925135.3272393,412783.91432762146
56529,1751924722.5437224,1751924901.8120346,batch_consumer-sts-0_20250707_214822_658604.csv,True,False,False,1751925135.3272393,412783.5168838501
56539,1751924722.544135,1751924901.8370523,batch_consumer-sts-0_20250707_214822_658604.csv,True,False,False,1751925135.3272393,412783.1041812897
56549,1751924722.5445487,1751924901.8621233,batch_consumer-sts-0_20250707_214822_658604.csv,True,False,False,1751925135.3272393,412782.69052505493
56559,1751924722.5449984,1751924901.8870142,batch_consumer-sts-0_20250707_214822_658604.csv,True,False,False,1751925135.3272393,412782.24086761475
74319,1751924722.946602,1751924901.911723,batch_consumer-sts-0_20250707_214822_658604.csv,True,False,False,1751925135.3272393,412380.6371688843
74329,1751924722.9468577,1751924901.9367373,batch_consumer-sts-0_20250707_214822_658604.csv,True,False,False,1751925135.3272393,412380.3815841675
74339,1751924722.947091,1751924901.9615667,batch_consumer-sts-0_20250707_214822_658604.csv,True,False,False,1751925135.3272393,412380.14817237854
74349,1751924722.947326,1751924901.9862597,batch_consumer-sts-0_20250707_214822_658604.csv,True,False,False,1751925135.3272393,412379.9133300781
74359,1751924722.9475434,1751924902.0110075,batch_consumer-sts-0_20250707_214822_658604.csv,True,False,False,1751925135.3272393,412379.695892334
74369,1751924722.947724,1751924902.0357652,batch_consumer-sts-0_20250707_214822_658604.csv,True,False,False,1751925135.3272393,412379.515171051
74379,1751924722.9479053,1751924902.061647,batch_consumer-sts-0_20250707_214822_658604.csv,True,False,False,1751925135.3272393,412379.3339729309
74389,1751924722.948083,1751924902.0876362,batch_consumer-sts-0_20250707_214822_658604.csv,True,False,False,1751925135.3272393,412379.1563510895
74399,1751924722.9482622,1751924902.111988,batch_consumer-sts-0_20250707_214822_658604.csv,True,False,False,1751925135.3272393,412378.977060318
74409,1751924722.948445,1751924902.136392,batch_consumer-sts-0_20250707_214822_658604.csv,True,False,False,1751925135.3272393,412378.7941932678
74419,1751924722.9486222,1751924902.1721032,batch_consumer-sts-0_20250707_214822_658604.csv,True,False,False,1751925135.3272393,412378.61704826355
74429,1751924722.94882,1751924902.1972785,batch_consumer-sts-0_20250707_214822_658604.csv,True,False,False,1751925135.3272393,412378.4191608429
74439,1751924722.9490068,1751924902.2274172,batch_consumer-sts-0_20250707_214822_658604.csv,True,False,False,1751925135.3272393,412378.23247909546
74449,1751924722.949402,1751924902.252385,batch_consumer-sts-0_20250707_214822_658604.csv,True,False,False,1751925135.3272393,412377.8371810913
74459,1751924722.9495883,1751924902.2774415,batch_consumer-sts-0_20250707_214822_658604.csv,True,False,False,1751925135.3272393,412377.65097618103
74469,1751924722.9497771,1751924902.30242,batch_consumer-sts-0_20250707_214822_658604.csv,True,False,False,1751925135.3272393,412377.4621486664
74479,1751924722.9499795,1751924902.327521,batch_consumer-sts-0_20250707_214822_658604.csv,True,False,False,1751925135.3272393,412377.2597312927
74489,1751924722.9501815,1751924902.3525932,batch_consumer-sts-0_20250707_214822_658604.csv,True,False,False,1751925135.3272393,412377.0577907562
74499,1751924722.9504228,1751924902.3775482,batch_consumer-sts-0_20250707_214822_658604.csv,True,False,False,1751925135.3272393,412376.8165111542
74509,1751924722.950652,1751924902.4029095,batch_consumer-sts-0_20250707_214822_658604.csv,True,False,False,1751925135.3272393,412376.58739089966
74519,1751924722.950883,1751924902.428444,batch_consumer-sts-0_20250707_214822_658604.csv,True,False,False,1751925135.3272393,412376.3563632965
74529,1751924722.9511132,1751924902.4536464,batch_consumer-sts-0_20250707_214822_658604.csv,True,False,False,1751925135.3272393,412376.1260509491
74539,1751924722.9513576,1751924902.4805918,batch_consumer-sts-0_20250707_214822_658604.csv,True,False,False,1751925135.3272393,412375.8816719055
74549,1751924722.9515548,1751924902.505262,batch_consumer-sts-0_20250707_214822_658604.csv,True,False,False,1751925135.3272393,412375.6844997406
74559,1751924722.9517338,1751924902.530434,batch_consumer-sts-0_20250707_214822_658604.csv,True,False,False,1751925135.3272393,412375.5054473877
74569,1751924722.951937,1751924902.555488,batch_consumer-sts-0_20250707_214822_658604.csv,True,False,False,1751925135.3272393,412375.3023147583
74579,1751924722.9521992,1751924902.5808854,batch_consumer-sts-0_20250707_214822_658604.csv,True,False,False,1751925135.3272393,412375.0400543213
74589,1751924722.952438,1751924902.6078906,batch_consumer-sts-0_20250707_214822_658604.csv,True,False,False,1751925135.3272393,412374.80115890503
74599,1751924722.9526727,1751924902.6326268,batch_consumer-sts-0_20250707_214822_658604.csv,True,False,False,1751925135.3272393,412374.5665550232
74609,1751924722.952904,1751924903.9002712,batch_consumer-sts-0_20250707_214840_921397.csv,True,False,False,1751925135.3272393,412374.33528900146
74619,1751924722.9531305,1751924904.24032,batch_consumer-sts-0_20250707_214840_921397.csv,True,False,False,1751925135.3272393,412374.1087913513
74629,1751924722.9533637,1751924904.2647085,batch_consumer-sts-0_20250707_214840_921397.csv,True,False,False,1751925135.3272393,412373.87561798096
74639,1751924722.9535966,1751924904.2893212,batch_consumer-sts-0_20250707_214840_921397.csv,True,False,False,1751925135.3272393,412373.6426830292
74649,1751924722.9538257,1751924904.3132527,batch_consumer-sts-0_20250707_214840_921397.csv,True,False,False,1751925135.3272393,412373.41356277466
74659,1751924722.9540594,1751924904.3380466,batch_consumer-sts-0_20250707_214840_921397.csv,True,False,False,1751925135.3272393,412373.17991256714
74669,1751924722.9543004,1751924904.3627045,batch_consumer-sts-0_20250707_214840_921397.csv,True,False,False,1751925135.3272393,412372.93887138367
74679,1751924722.9545386,1751924904.3873818,batch_consumer-sts-0_20250707_214840_921397.csv,True,False,False,1751925135.3272393,412372.70069122314
74689,1751924722.954766,1751924904.4116793,batch_consumer-sts-0_20250707_214840_921397.csv,True,False,False,1751925135.3272393,412372.4732398987
74699,1751924722.9549992,1751924904.436813,batch_consumer-sts-0_20250707_214840_921397.csv,True,False,False,1751925135.3272393,412372.2400665283
74709,1751924722.9552326,1751924904.4614382,batch_consumer-sts-0_20250707_214840_921397.csv,True,False,False,1751925135.3272393,412372.0066547394
74719,1751924722.955464,1751924904.486627,batch_consumer-sts-0_20250707_214840_921397.csv,True,False,False,1751925135.3272393,412371.77538871765
74729,1751924722.9556997,1751924904.5109427,batch_consumer-sts-0_20250707_214840_921397.csv,True,False,False,1751925135.3272393,412371.5395927429
74739,1751924722.9559383,1751924904.53557,batch_consumer-sts-0_20250707_214840_921397.csv,True,False,False,1751925135.3272393,412371.30093574524
74749,1751924722.956167,1751924904.560758,batch_consumer-sts-0_20250707_214840_921397.csv,True,False,False,1751925135.3272393,412371.0722923279
74759,1751924722.9563985,1751924904.58552,batch_consumer-sts-0_20250707_214840_921397.csv,True,False,False,1751925135.3272393,412370.8407878876
74769,1751924722.9566398,1751924904.6097136,batch_consumer-sts-0_20250707_214840_921397.csv,True,False,False,1751925135.3272393,412370.5995082855
74779,1751924722.9568653,1751924904.635054,batch_consumer-sts-0_20250707_214840_921397.csv,True,False,False,1751925135.3272393,412370.3739643097
74789,1751924722.957095,1751924904.6595092,batch_consumer-sts-0_20250707_214840_921397.csv,True,False,False,1751925135.3272393,412370.144367218
74799,1751924722.9573205,1751924904.6848094,batch_consumer-sts-0_20250707_214840_921397.csv,True,False,False,1751925135.3272393,412369.9188232422
74809,1751924722.9575477,1751924904.7090206,batch_consumer-sts-0_20250707_214840_921397.csv,True,False,False,1751925135.3272393,412369.6916103363
74819,1751924722.957778,1751924904.7341185,batch_consumer-sts-0_20250707_214840_921397.csv,True,False,False,1751925135.3272393,412369.4612979889
74829,1751924722.9580104,1751924904.7588344,batch_consumer-sts-0_20250707_214840_921397.csv,True,False,False,1751925135.3272393,412369.22883987427
74839,1751924722.958249,1751924904.7896073,batch_consumer-sts-0_20250707_214840_921397.csv,True,False,False,1751925135.3272393,412368.9901828766
74849,1751924722.9584925,1751924904.8144517,batch_consumer-sts-0_20250707_214840_921397.csv,True,False,False,1751925135.3272393,412368.7467575073
74859,1751924722.9587252,1751924904.8394592,batch_consumer-sts-0_20250707_214840_921397.csv,True,False,False,1751925135.3272393,412368.5140609741
74869,1751924722.9589572,1751924904.8643117,batch_consumer-sts-0_20250707_214840_921397.csv,True,False,False,1751925135.3272393,412368.28207969666
74879,1751924722.959191,1751924904.8890698,batch_consumer-sts-0_20250707_214840_921397.csv,True,False,False,1751925135.3272393,412368.04819107056
74889,1751924722.95942,1751924904.9134178,batch_consumer-sts-0_20250707_214840_921397.csv,True,False,False,1751925135.3272393,412367.8193092346
74899,1751924722.9596522,1751924904.938215,batch_consumer-sts-0_20250707_214840_921397.csv,True,False,False,1751925135.3272393,412367.5870895386
74909,1751924722.9598825,1751924904.962539,batch_consumer-sts-0_20250707_214840_921397.csv,True,False,False,1751925135.3272393,412367.35677719116
74919,1751924722.960117,1751924904.9888537,batch_consumer-sts-0_20250707_214840_921397.csv,True,False,False,1751925135.3272393,412367.1221733093
74929,1751924722.9603443,1751924905.01275,batch_consumer-sts-0_20250707_214840_921397.csv,True,False,False,1751925135.3272393,412366.89496040344
74939,1751924722.960576,1751924905.0372748,batch_consumer-sts-0_20250707_214840_921397.csv,True,False,False,1751925135.3272393,412366.66321754456
74949,1751924722.9608035,1751924905.0620008,batch_consumer-sts-0_20250707_214840_921397.csv,True,False,False,1751925135.3272393,412366.4357662201
74959,1751924722.9610364,1751924905.0867915,batch_consumer-sts-0_20250707_214840_921397.csv,True,False,False,1751925135.3272393,412366.2028312683
74969,1751924722.961269,1751924905.110784,batch_consumer-sts-0_20250707_214840_921397.csv,True,False,False,1751925135.3272393,412365.9703731537
74979,1751924722.9615042,1751924905.138579,batch_consumer-sts-0_20250707_214840_921397.csv,True,False,False,1751925135.3272393,412365.7350540161
74989,1751924722.9617355,1751924905.1634684,batch_consumer-sts-0_20250707_214840_921397.csv,True,False,False,1751925135.3272393,412365.5037879944
74999,1751924722.9619677,1751924905.188694,batch_consumer-sts-0_20250707_214840_921397.csv,True,False,False,1751925135.3272393,412365.27156829834
75009,1751924722.9622023,1751924905.21314,batch_consumer-sts-0_20250707_214840_921397.csv,True,False,False,1751925135.3272393,412365.0369644165
75019,1751924722.9624405,1751924905.2410696,batch_consumer-sts-0_20250707_214840_921397.csv,True,False,False,1751925135.3272393,412364.798784256
75029,1751924722.9626703,1751924905.265846,batch_consumer-sts-0_20250707_214840_921397.csv,True,False,False,1751925135.3272393,412364.5689487457
75039,1751924722.962896,1751924905.2905357,batch_consumer-sts-0_20250707_214840_921397.csv,True,False,False,1751925135.3272393,412364.3431663513
75049,1751924722.963128,1751924905.3142648,batch_consumer-sts-0_20250707_214840_921397.csv,True,False,False,1751925135.3272393,412364.11118507385
75059,1751924722.963369,1751924905.338831,batch_consumer-sts-0_20250707_214840_921397.csv,True,False,False,1751925135.3272393,412363.87038230896
75069,1751924722.9635603,1751924905.3632298,batch_consumer-sts-0_20250707_214840_921397.csv,True,False,False,1751925135.3272393,412363.67893218994
75079,1751924722.9637537,1751924905.3956425,batch_consumer-sts-0_20250707_214840_921397.csv,True,False,False,1751925135.3272393,412363.4855747223
75089,1751924722.963943,1751924905.4196744,batch_consumer-sts-0_20250707_214840_921397.csv,True,False,False,1751925135.3272393,412363.2962703705
75099,1751924722.964134,1751924905.444882,batch_consumer-sts-0_20250707_214840_921397.csv,True,False,False,1751925135.3272393,412363.1052970886
75109,1751924722.9643257,1751924905.4689932,batch_consumer-sts-0_20250707_214840_921397.csv,True,False,False,1751925135.3272393,412362.913608551
75119,1751924722.964519,1751924905.4936965,batch_consumer-sts-0_20250707_214840_921397.csv,True,False,False,1751925135.3272393,412362.7202510834
75129,1751924722.9647503,1751924905.517479,batch_consumer-sts-0_20250707_214840_921397.csv,True,False,False,1751925135.3272393,412362.48898506165
75139,1751924722.9649813,1751924905.5421305,batch_consumer-sts-0_20250707_214840_921397.csv,True,False,False,1751925135.3272393,412362.2579574585
75149,1751924722.9651985,1751924905.5669627,batch_consumer-sts-0_20250707_214840_921397.csv,True,False,False,1751925135.3272393,412362.04075813293
75159,1751924722.9654086,1751924905.5915248,batch_consumer-sts-0_20250707_214840_921397.csv,True,False,False,1751925135.3272393,412361.83071136475
75169,1751924722.965644,1751924905.6158254,batch_consumer-sts-0_20250707_214840_921397.csv,True,False,False,1751925135.3272393,412361.5953922272
75179,1751924722.965849,1751924905.6436784,batch_consumer-sts-0_20250707_214840_921397.csv,True,False,False,1751925135.3272393,412361.39035224915
75189,1751924722.966031,1751924905.6695092,batch_consumer-sts-0_20250707_214840_921397.csv,True,False,False,1751925135.3272393,412361.2082004547
75199,1751924722.9662411,1751924905.6956844,batch_consumer-sts-0_20250707_214840_921397.csv,True,False,False,1751925135.3272393,412360.9981536865
75209,1751924722.9664712,1751924905.7205484,batch_consumer-sts-0_20250707_214840_921397.csv,True,False,False,1751925135.3272393,412360.7680797577
75219,1751924722.966702,1751924905.7457008,batch_consumer-sts-0_20250707_214840_921397.csv,True,False,False,1751925135.3272393,412360.5372905731
75229,1751924722.9669354,1751924905.77104,batch_consumer-sts-0_20250707_214840_921397.csv,True,False,False,1751925135.3272393,412360.3038787842
75239,1751924722.967165,1751924905.796059,batch_consumer-sts-0_20250707_214840_921397.csv,True,False,False,1751925135.3272393,412360.0742816925
75249,1751924722.9674077,1751924905.8209305,batch_consumer-sts-0_20250707_214840_921397.csv,True,False,False,1751925135.3272393,412359.831571579
75259,1751924722.9675868,1751924905.8460042,batch_consumer-sts-0_20250707_214840_921397.csv,True,False,False,1751925135.3272393,412359.6525192261
75269,1751924722.96777,1751924905.8718686,batch_consumer-sts-0_20250707_214840_921397.csv,True,False,False,1751925135.3272393,412359.46917533875
75279,1751924722.9679725,1751924905.8974206,batch_consumer-sts-0_20250707_214840_921397.csv,True,False,False,1751925135.3272393,412359.2667579651
75289,1751924722.968159,1751924905.9232366,batch_consumer-sts-0_20250707_214840_921397.csv,True,False,False,1751925135.3272393,412359.08031463623
75299,1751924722.968352,1751924905.9482002,batch_consumer-sts-0_20250707_214840_921397.csv,True,False,False,1751925135.3272393,412358.88719558716
75309,1751924722.9685447,1751924905.974077,batch_consumer-sts-0_20250707_214840_921397.csv,True,False,False,1751925135.3272393,412358.69455337524
75319,1751924722.9687345,1751924905.999256,batch_consumer-sts-0_20250707_214840_921397.csv,True,False,False,1751925135.3272393,412358.5047721863
75329,1751924722.968927,1751924906.023778,batch_consumer-sts-0_20250707_214840_921397.csv,True,False,False,1751925135.3272393,412358.31236839294
75339,1751924722.9691224,1751924906.049372,batch_consumer-sts-0_20250707_214840_921397.csv,True,False,False,1751925135.3272393,412358.1168651581
75349,1751924722.9693038,1751924906.0739875,batch_consumer-sts-0_20250707_214840_921397.csv,True,False,False,1751925135.3272393,412357.9354286194
75359,1751924722.9694834,1751924906.09812,batch_consumer-sts-0_20250707_214840_921397.csv,True,False,False,1751925135.3272393,412357.7558994293
75369,1751924722.9696648,1751924906.1222408,batch_consumer-sts-0_20250707_214840_921397.csv,True,False,False,1751925135.3272393,412357.5744628906
75379,1751924722.9698498,1751924906.1466243,batch_consumer-sts-0_20250707_214840_921397.csv,True,False,False,1751925135.3272393,412357.38945007324
75389,1751924722.970024,1751924906.1712732,batch_consumer-sts-0_20250707_214840_921397.csv,True,False,False,1751925135.3272393,412357.2151660919
75399,1751924722.970234,1751924906.359572,batch_consumer-sts-0_20250707_214840_921397.csv,True,False,False,1751925135.3272393,412357.0053577423
75409,1751924722.970465,1751924906.38467,batch_consumer-sts-0_20250707_214840_921397.csv,True,False,False,1751925135.3272393,412356.77433013916
75419,1751924722.9706976,1751924906.408937,batch_consumer-sts-0_20250707_214840_921397.csv,True,False,False,1751925135.3272393,412356.54163360596
75429,1751924722.97093,1751924906.4355469,batch_consumer-sts-0_20250707_214840_921397.csv,True,False,False,1751925135.3272393,412356.30917549133
75439,1751924722.971161,1751924906.4600887,batch_consumer-sts-0_20250707_214840_921397.csv,True,False,False,1751925135.3272393,412356.07838630676
75449,1751924722.971394,1751924906.484506,batch_consumer-sts-0_20250707_214840_921397.csv,True,False,False,1751925135.3272393,412355.8452129364
75459,1751924722.9716313,1751924906.5088625,batch_consumer-sts-0_20250707_214840_921397.csv,True,False,False,1751925135.3272393,412355.6079864502
75469,1751924722.971859,1751924906.534403,batch_consumer-sts-0_20250707_214840_921397.csv,True,False,False,1751925135.3272393,412355.38029670715
75479,1751924722.9720893,1751924906.5598862,batch_consumer-sts-0_20250707_214840_921397.csv,True,False,False,1751925135.3272393,412355.14998435974
75489,1751924722.9723094,1751924906.5885816,batch_consumer-sts-0_20250707_214840_921397.csv,True,False,False,1751925135.3272393,412354.92992401123
75499,1751924722.972545,1751924906.6132202,batch_consumer-sts-0_20250707_214840_921397.csv,True,False,False,1751925135.3272393,412354.6943664551
75509,1751924722.972782,1751924906.6371932,batch_consumer-sts-0_20250707_214840_921397.csv,True,False,False,1751925135.3272393,412354.45737838745
75519,1751924722.9730203,1751924906.6612022,batch_consumer-sts-0_20250707_214840_921397.csv,True,False,False,1751925135.3272393,412354.21895980835
75529,1751924722.973249,1751924906.685309,batch_consumer-sts-0_20250707_214840_921397.csv,True,False,False,1751925135.3272393,412353.990316391
75539,1751924722.9734836,1751924906.7102022,batch_consumer-sts-0_20250707_214840_921397.csv,True,False,False,1751925135.3272393,412353.75571250916
75549,1751924722.9737155,1751924906.7355633,batch_consumer-sts-0_20250707_214840_921397.csv,True,False,False,1751925135.3272393,412353.5237312317
75559,1751924722.973947,1751924906.7610593,batch_consumer-sts-0_20250707_214840_921397.csv,True,False,False,1751925135.3272393,412353.2922267914
75569,1751924722.974186,1751924906.7861984,batch_consumer-sts-0_20250707_214840_921397.csv,True,False,False,1751925135.3272393,412353.0533313751
75579,1751924722.974417,1751924906.8097725,batch_consumer-sts-0_20250707_214840_921397.csv,True,False,False,1751925135.3272393,412352.822303772
75589,1751924722.9746466,1751924906.83502,batch_consumer-sts-0_20250707_214840_921397.csv,True,False,False,1751925135.3272393,412352.5927066803
75599,1751924722.9748793,1751924906.8613873,batch_consumer-sts-0_20250707_214840_921397.csv,True,False,False,1751925135.3272393,412352.3600101471
75609,1751924722.975106,1751924906.8851564,batch_consumer-sts-0_20250707_214840_921397.csv,True,False,False,1751925135.3272393,412352.13327407837
75619,1751924722.975345,1751924906.9098651,batch_consumer-sts-0_20250707_214840_921397.csv,True,False,False,1751925135.3272393,412351.8943786621
75629,1751924722.97558,1751924906.9348764,batch_consumer-sts-0_20250707_214840_921397.csv,True,False,False,1751925135.3272393,412351.6592979431
75639,1751924722.9758055,1751924906.959943,batch_consumer-sts-0_20250707_214840_921397.csv,True,False,False,1751925135.3272393,412351.4337539673
75649,1751924722.9760325,1751924906.9854848,batch_consumer-sts-0_20250707_214840_921397.csv,True,False,False,1751925135.3272393,412351.20677948
75659,1751924722.976266,1751924907.0099175,batch_consumer-sts-0_20250707_214840_921397.csv,True,False,False,1751925135.3272393,412350.97336769104
75669,1751924722.9764905,1751924907.0351696,batch_consumer-sts-0_20250707_214840_921397.csv,True,False,False,1751925135.3272393,412350.7487773895
75679,1751924722.976721,1751924907.0602772,batch_consumer-sts-0_20250707_214840_921397.csv,True,False,False,1751925135.3272393,412350.51822662354
75689,1751924722.9769588,1751924907.085946,batch_consumer-sts-0_20250707_214840_921397.csv,True,False,False,1751925135.3272393,412350.2805233002
75699,1751924722.9771893,1751924907.1098435,batch_consumer-sts-0_20250707_214840_921397.csv,True,False,False,1751925135.3272393,412350.0499725342
75709,1751924722.9774203,1751924907.1345537,batch_consumer-sts-0_20250707_214840_921397.csv,True,False,False,1751925135.3272393,412349.81894493103
75719,1751924722.9776487,1751924907.1603472,batch_consumer-sts-0_20250707_214840_921397.csv,True,False,False,1751925135.3272393,412349.59053993225
75729,1751924722.9778752,1751924907.1848,batch_consumer-sts-0_20250707_214840_921397.csv,True,False,False,1751925135.3272393,412349.3640422821
75739,1751924722.978116,1751924907.2094002,batch_consumer-sts-0_20250707_214840_921397.csv,True,False,False,1751925135.3272393,412349.1232395172
75749,1751924722.978361,1751924907.2342386,batch_consumer-sts-0_20250707_214840_921397.csv,True,False,False,1751925135.3272393,412348.8783836365
75759,1751924722.9785917,1751924907.260215,batch_consumer-sts-0_20250707_214840_921397.csv,True,False,False,1751925135.3272393,412348.6475944519
75769,1751924722.978824,1751924907.284934,batch_consumer-sts-0_20250707_214840_921397.csv,True,False,False,1751925135.3272393,412348.41537475586
75779,1751924722.9790547,1751924907.3090873,batch_consumer-sts-0_20250707_214840_921397.csv,True,False,False,1751925135.3272393,412348.1845855713
75789,1751924722.9792798,1751924907.3336768,batch_consumer-sts-0_20250707_214840_921397.csv,True,False,False,1751925135.3272393,412347.9595184326
75799,1751924722.9795036,1751924907.358611,batch_consumer-sts-0_20250707_214840_921397.csv,True,False,False,1751925135.3272393,412347.73564338684
75809,1751924722.979731,1751924907.3851984,batch_consumer-sts-0_20250707_214840_921397.csv,True,False,False,1751925135.3272393,412347.5081920624
75819,1751924722.979963,1751924907.4098082,batch_consumer-sts-0_20250707_214840_921397.csv,True,False,False,1751925135.3272393,412347.2762107849
75829,1751924722.9801989,1751924907.4374018,batch_consumer-sts-0_20250707_214840_921397.csv,True,False,False,1751925135.3272393,412347.0404148102
75839,1751924722.980451,1751924907.4642322,batch_consumer-sts-0_20250707_214840_921397.csv,True,False,False,1751925135.3272393,412346.7881679535
75849,1751924722.9806814,1751924907.4891407,batch_consumer-sts-0_20250707_214840_921397.csv,True,False,False,1751925135.3272393,412346.5578556061
75859,1751924722.980912,1751924907.513234,batch_consumer-sts-0_20250707_214840_921397.csv,True,False,False,1751925135.3272393,412346.3273048401
75869,1751924722.9811397,1751924907.5380914,batch_consumer-sts-0_20250707_214840_921397.csv,True,False,False,1751925135.3272393,412346.09961509705
75879,1751924722.9813735,1751924907.5621932,batch_consumer-sts-0_20250707_214840_921397.csv,True,False,False,1751925135.3272393,412345.86572647095
75889,1751924722.9816086,1751924907.5868902,batch_consumer-sts-0_20250707_214840_921397.csv,True,False,False,1751925135.3272393,412345.63064575195
75899,1751924722.9818408,1751924907.6109035,batch_consumer-sts-0_20250707_214840_921397.csv,True,False,False,1751925135.3272393,412345.3984260559
75909,1751924722.982074,1751924907.6395614,batch_consumer-sts-0_20250707_214840_921397.csv,True,False,False,1751925135.3272393,412345.16525268555
75919,1751924722.982315,1751924907.664636,batch_consumer-sts-0_20250707_214840_921397.csv,True,False,False,1751925135.3272393,412344.9242115021
75929,1751924722.9825485,1751924907.689561,batch_consumer-sts-0_20250707_214840_921397.csv,True,False,False,1751925135.3272393,412344.69079971313
75939,1751924722.9827864,1751924907.713874,batch_consumer-sts-0_20250707_214840_921397.csv,True,False,False,1751925135.3272393,412344.4528579712
75949,1751924722.9830148,1751924907.7389312,batch_consumer-sts-0_20250707_214840_921397.csv,True,False,False,1751925135.3272393,412344.2244529724
75959,1751924722.9832425,1751924907.765417,batch_consumer-sts-0_20250707_214840_921397.csv,True,False,False,1751925135.3272393,412343.99676322937
75969,1751924722.9834597,1751924907.7913692,batch_consumer-sts-0_20250707_214840_921397.csv,True,False,False,1751925135.3272393,412343.7795639038
75979,1751924722.9836435,1751924907.8159869,batch_consumer-sts-0_20250707_214840_921397.csv,True,False,False,1751925135.3272393,412343.5957431793
75989,1751924722.9838235,1751924907.841477,batch_consumer-sts-0_20250707_214840_921397.csv,True,False,False,1751925135.3272393,412343.4157371521
75999,1751924722.9840004,1751924907.8683643,batch_consumer-sts-0_20250707_214840_921397.csv,True,False,False,1751925135.3272393,412343.2388305664
76009,1751924722.9841847,1751924907.8953402,batch_consumer-sts-0_20250707_214840_921397.csv,True,False,False,1751925135.3272393,412343.05453300476
76019,1751924722.9843645,1751924907.9193718,batch_consumer-sts-0_20250707_214840_921397.csv,True,False,False,1751925135.3272393,412342.8747653961
76029,1751924722.984545,1751924907.945943,batch_consumer-sts-0_20250707_214840_921397.csv,True,False,False,1751925135.3272393,412342.69428253174
76039,1751924722.9847198,1751924907.971397,batch_consumer-sts-0_20250707_214840_921397.csv,True,False,False,1751925135.3272393,412342.51952171326
76049,1751924722.9849007,1751924907.9966578,batch_consumer-sts-0_20250707_214840_921397.csv,True,False,False,1751925135.3272393,412342.3385620117
76059,1751924722.9850771,1751924908.0211637,batch_consumer-sts-0_20250707_214840_921397.csv,True,False,False,1751925135.3272393,412342.1621322632
76069,1751924722.985257,1751924908.0464294,batch_consumer-sts-0_20250707_214840_921397.csv,True,False,False,1751925135.3272393,412341.98236465454
76079,1751924722.9854374,1751924908.0711648,batch_consumer-sts-0_20250707_214840_921397.csv,True,False,False,1751925135.3272393,412341.80188179016
76089,1751924722.9856205,1751924908.0954986,batch_consumer-sts-0_20250707_214840_921397.csv,True,False,False,1751925135.3272393,412341.6187763214
76099,1751924722.985801,1751924908.119492,batch_consumer-sts-0_20250707_214840_921397.csv,True,False,False,1751925135.3272393,412341.43829345703
76109,1751924722.985981,1751924908.143988,batch_consumer-sts-0_20250707_214840_921397.csv,True,False,False,1751925135.3272393,412341.2582874298
76119,1751924722.9861662,1751924908.1682386,batch_consumer-sts-0_20250707_214840_921397.csv,True,False,False,1751925135.3272393,412341.07303619385
76129,1751924722.9864044,1751924908.1919627,batch_consumer-sts-0_20250707_214840_921397.csv,True,False,False,1751925135.3272393,412340.8348560333
90739,1751924723.307493,1751924908.216107,batch_consumer-sts-0_20250707_214840_921397.csv,True,False,False,1751925135.3272393,412019.74630355835
90749,1751924723.3077345,1751924908.2406635,batch_consumer-sts-0_20250707_214840_921397.csv,True,False,False,1751925135.3272393,412019.5047855377
90759,1751924723.307963,1751924908.26525,batch_consumer-sts-0_20250707_214840_921397.csv,True,False,False,1751925135.3272393,412019.27638053894
90769,1751924723.308188,1751924908.2897446,batch_consumer-sts-0_20250707_214840_921397.csv,True,False,False,1751925135.3272393,412019.05131340027
90779,1751924723.3084185,1751924908.3139288,batch_consumer-sts-0_20250707_214840_921397.csv,True,False,False,1751925135.3272393,412018.8207626343
90789,1751924723.3086543,1751924908.3398063,batch_consumer-sts-0_20250707_214840_921397.csv,True,False,False,1751925135.3272393,412018.58496665955
90799,1751924723.308884,1751924908.3651106,batch_consumer-sts-0_20250707_214840_921397.csv,True,False,False,1751925135.3272393,412018.3553695679
90809,1751924723.3091197,1751924909.393216,batch_consumer-sts-0_20250707_214840_921397.csv,True,False,False,1751925135.3272393,412018.11957359314
90819,1751924723.3093438,1751924909.4228127,batch_consumer-sts-0_20250707_214840_921397.csv,True,False,False,1751925135.3272393,412017.8954601288
90829,1751924723.3095856,1751924909.450003,batch_consumer-sts-0_20250707_214840_921397.csv,True,False,False,1751925135.3272393,412017.6537036896
90839,1751924723.3098218,1751924909.4759488,batch_consumer-sts-0_20250707_214840_921397.csv,True,False,False,1751925135.3272393,412017.4174308777
90849,1751924723.3100505,1751924909.5013287,batch_consumer-sts-0_20250707_214840_921397.csv,True,False,False,1751925135.3272393,412017.1887874603
90859,1751924723.3102925,1751924909.52784,batch_consumer-sts-0_20250707_214840_921397.csv,True,False,False,1751925135.3272393,412016.94679260254
90869,1751924723.3105197,1751924909.5541646,batch_consumer-sts-0_20250707_214840_921397.csv,True,False,False,1751925135.3272393,412016.71957969666
90879,1751924723.3107486,1751924909.5792444,batch_consumer-sts-0_20250707_214840_921397.csv,True,False,False,1751925135.3272393,412016.4906978607
90889,1751924723.3109777,1751924909.6045406,batch_consumer-sts-0_20250707_214840_921397.csv,True,False,False,1751925135.3272393,412016.2615776062
90899,1751924723.3112135,1751924909.62961,batch_consumer-sts-0_20250707_214840_921397.csv,True,False,False,1751925135.3272393,412016.02578163147
90909,1751924723.3114436,1751924909.6609547,batch_consumer-sts-0_20250707_214840_921397.csv,True,False,False,1751925135.3272393,412015.79570770264
90919,1751924723.3116777,1751924909.68646,batch_consumer-sts-0_20250707_214840_921397.csv,True,False,False,1751925135.3272393,412015.56158065796
90929,1751924723.311911,1751924909.7122233,batch_consumer-sts-0_20250707_214840_921397.csv,True,False,False,1751925135.3272393,412015.328168869
90939,1751924723.3121436,1751924909.7384896,batch_consumer-sts-0_20250707_214840_921397.csv,True,False,False,1751925135.3272393,412015.0957107544
90949,1751924723.312374,1751924909.7647548,batch_consumer-sts-0_20250707_214840_921397.csv,True,False,False,1751925135.3272393,412014.8651599884
90959,1751924723.312605,1751924909.9355493,batch_consumer-sts-0_20250707_214840_921397.csv,True,False,False,1751925135.3272393,412014.63437080383
90969,1751924723.312835,1751924909.9611957,batch_consumer-sts-0_20250707_214840_921397.csv,True,False,False,1751925135.3272393,412014.404296875
90979,1751924723.3130608,1751924909.9854844,batch_consumer-sts-0_20250707_214840_921397.csv,True,False,False,1751925135.3272393,412014.1785144806
90989,1751924723.3132925,1751924910.0101438,batch_consumer-sts-0_20250707_214840_921397.csv,True,False,False,1751925135.3272393,412013.9467716217
90999,1751924723.3135238,1751924910.0353055,batch_consumer-sts-0_20250707_214840_921397.csv,True,False,False,1751925135.3272393,412013.7155056
91009,1751924723.3137522,1751924910.060155,batch_consumer-sts-0_20250707_214840_921397.csv,True,False,False,1751925135.3272393,412013.4871006012
91019,1751924723.3139873,1751924910.0852385,batch_consumer-sts-0_20250707_214840_921397.csv,True,False,False,1751925135.3272393,412013.2520198822
91029,1751924723.3142376,1751924910.1101158,batch_consumer-sts-0_20250707_214840_921397.csv,True,False,False,1751925135.3272393,412013.00168037415
91039,1751924723.3144698,1751924910.1352324,batch_consumer-sts-0_20250707_214840_921397.csv,True,False,False,1751925135.3272393,412012.7694606781
91049,1751924723.3147004,1751924910.1603577,batch_consumer-sts-0_20250707_214840_921397.csv,True,False,False,1751925135.3272393,412012.5389099121
91059,1751924723.3149252,1751924910.1855628,batch_consumer-sts-0_20250707_214840_921397.csv,True,False,False,1751925135.3272393,412012.314081192
91069,1751924723.3151565,1751924910.209567,batch_consumer-sts-0_20250707_214840_921397.csv,True,False,False,1751925135.3272393,412012.0828151703
91079,1751924723.315411,1751924910.2346032,batch_consumer-sts-0_20250707_214840_921397.csv,True,False,False,1751925135.3272393,412011.8281841278
91089,1751924723.3155875,1751924910.2620337,batch_consumer-sts-0_20250707_214840_921397.csv,True,False,False,1751925135.3272393,412011.6517543793
91099,1751924723.3157692,1751924910.286672,batch_consumer-sts-0_20250707_214840_921397.csv,True,False,False,1751925135.3272393,412011.470079422
91109,1751924723.315945,1751924910.3114762,batch_consumer-sts-0_20250707_214840_921397.csv,True,False,False,1751925135.3272393,412011.2943649292
91119,1751924723.3161216,1751924910.3368742,batch_consumer-sts-0_20250707_214840_921397.csv,True,False,False,1751925135.3272393,412011.1176967621
91129,1751924723.316297,1751924910.3622544,batch_consumer-sts-0_20250707_214840_921397.csv,True,False,False,1751925135.3272393,412010.94222068787
91139,1751924723.3164835,1751924910.3888364,batch_consumer-sts-0_20250707_214840_921397.csv,True,False,False,1751925135.3272393,412010.755777359
91149,1751924723.3168592,1751924910.4132404,batch_consumer-sts-0_20250707_214840_921397.csv,True,False,False,1751925135.3272393,412010.38002967834
91159,1751924723.317037,1751924910.438661,batch_consumer-sts-0_20250707_214840_921397.csv,True,False,False,1751925135.3272393,412010.20216941833
91169,1751924723.317221,1751924910.4635634,batch_consumer-sts-0_20250707_214840_921397.csv,True,False,False,1751925135.3272393,412010.01834869385
91179,1751924723.317402,1751924910.4890027,batch_consumer-sts-0_20250707_214840_921397.csv,True,False,False,1751925135.3272393,412009.8373889923
91189,1751924723.31758,1751924910.5134628,batch_consumer-sts-0_20250707_214840_921397.csv,True,False,False,1751925135.3272393,412009.6592903137
91199,1751924723.317763,1751924910.5387683,batch_consumer-sts-0_20250707_214840_921397.csv,True,False,False,1751925135.3272393,412009.47618484497
91209,1751924723.3179507,1751924910.5640223,batch_consumer-sts-0_20250707_214840_921397.csv,True,False,False,1751925135.3272393,412009.2885494232
91219,1751924723.3181326,1751924910.5885277,batch_consumer-sts-0_20250707_214840_921397.csv,True,False,False,1751925135.3272393,412009.10663604736
91229,1751924723.3183706,1751924910.6126432,batch_consumer-sts-0_20250707_214840_921397.csv,True,False,False,1751925135.3272393,412008.8686943054
91239,1751924723.318599,1751924910.6395795,batch_consumer-sts-0_20250707_214840_921397.csv,True,False,False,1751925135.3272393,412008.64028930664
91249,1751924723.318823,1751924910.664848,batch_consumer-sts-0_20250707_214840_921397.csv,True,False,False,1751925135.3272393,412008.4161758423
91259,1751924723.3190527,1751924910.689849,batch_consumer-sts-0_20250707_214840_921397.csv,True,False,False,1751925135.3272393,412008.1865787506
91269,1751924723.3192794,1751924910.7154994,batch_consumer-sts-0_20250707_214840_921397.csv,True,False,False,1751925135.3272393,412007.9598426819
91279,1751924723.319507,1751924910.7404609,batch_consumer-sts-0_20250707_214840_921397.csv,True,False,False,1751925135.3272393,412007.7323913574
91289,1751924723.319687,1751924910.7653785,batch_consumer-sts-0_20250707_214840_921397.csv,True,False,False,1751925135.3272393,412007.5523853302
91299,1751924723.319869,1751924910.7904332,batch_consumer-sts-0_20250707_214840_921397.csv,True,False,False,1751925135.3272393,412007.37023353577
91309,1751924723.3200505,1751924910.8144965,batch_consumer-sts-0_20250707_214840_921397.csv,True,False,False,1751925135.3272393,412007.18879699707
91319,1751924723.3202496,1751924910.8391,batch_consumer-sts-0_20250707_214840_921397.csv,True,False,False,1751925135.3272393,412006.9897174835
91329,1751924723.320469,1751924910.8635278,batch_consumer-sts-0_20250707_214840_921397.csv,True,False,False,1751925135.3272393,412006.77037239075
91339,1751924723.3207028,1751924910.890587,batch_consumer-sts-0_20250707_214840_921397.csv,True,False,False,1751925135.3272393,412006.53648376465
91349,1751924723.3209305,1751924910.9149327,batch_consumer-sts-0_20250707_214840_921397.csv,True,False,False,1751925135.3272393,412006.3087940216
91359,1751924723.3211656,1751924910.9399874,batch_consumer-sts-0_20250707_214840_921397.csv,True,False,False,1751925135.3272393,412006.0737133026
91369,1751924723.3213956,1751924910.964352,batch_consumer-sts-0_20250707_214840_921397.csv,True,False,False,1751925135.3272393,412005.8436393738
91379,1751924723.3216283,1751924910.989726,batch_consumer-sts-0_20250707_214840_921397.csv,True,False,False,1751925135.3272393,412005.6109428406
91389,1751924723.3218565,1751924911.0139413,batch_consumer-sts-0_20250707_214840_921397.csv,True,False,False,1751925135.3272393,412005.3827762604
91399,1751924723.3220823,1751924911.0382297,batch_consumer-sts-0_20250707_214840_921397.csv,True,False,False,1751925135.3272393,412005.15699386597
91409,1751924723.3223188,1751924911.062143,batch_consumer-sts-0_20250707_214840_921397.csv,True,False,False,1751925135.3272393,412004.9204826355
91419,1751924723.3225448,1751924911.086723,batch_consumer-sts-0_20250707_214840_921397.csv,True,False,False,1751925135.3272393,412004.6944618225
91429,1751924723.3227742,1751924911.111048,batch_consumer-sts-0_20250707_214840_921397.csv,True,False,False,1751925135.3272393,412004.4651031494
91439,1751924723.3229997,1751924911.1358328,batch_consumer-sts-0_20250707_214840_921397.csv,True,False,False,1751925135.3272393,412004.2395591736
91449,1751924723.3232324,1751924911.1606965,batch_consumer-sts-0_20250707_214840_921397.csv,True,False,False,1751925135.3272393,412004.0068626404
91459,1751924723.3234613,1751924911.1860683,batch_consumer-sts-0_20250707_214840_921397.csv,True,False,False,1751925135.3272393,412003.77798080444
91469,1751924723.3237002,1751924911.210318,batch_consumer-sts-0_20250707_214840_921397.csv,True,False,False,1751925135.3272393,412003.5390853882
91479,1751924723.3239336,1751924911.2350538,batch_consumer-sts-0_20250707_214840_921397.csv,True,False,False,1751925135.3272393,412003.30567359924
91489,1751924723.3241658,1751924911.25993,batch_consumer-sts-0_20250707_214840_921397.csv,True,False,False,1751925135.3272393,412003.0734539032
91499,1751924723.324402,1751924911.2848544,batch_consumer-sts-0_20250707_214840_921397.csv,True,False,False,1751925135.3272393,412002.8371810913
91509,1751924723.324635,1751924911.4053576,batch_consumer-sts-0_20250707_214840_921397.csv,True,False,False,1751925135.3272393,412002.6042461395
91519,1751924723.3248632,1751924911.4347534,batch_consumer-sts-0_20250707_214840_921397.csv,True,False,False,1751925135.3272393,412002.3760795593
91529,1751924723.325091,1751924911.4600346,batch_consumer-sts-0_20250707_214840_921397.csv,True,False,False,1751925135.3272393,412002.1483898163
91539,1751924723.3253183,1751924911.48552,batch_consumer-sts-0_20250707_214840_921397.csv,True,False,False,1751925135.3272393,412001.9209384918
91549,1751924723.3255548,1751924911.5096862,batch_consumer-sts-0_20250707_214840_921397.csv,True,False,False,1751925135.3272393,412001.68442726135
91559,1751924723.325788,1751924911.5362513,batch_consumer-sts-0_20250707_214840_921397.csv,True,False,False,1751925135.3272393,412001.451253891
91569,1751924723.3260276,1751924911.561848,batch_consumer-sts-0_20250707_214840_921397.csv,True,False,False,1751925135.3272393,412001.211643219
91579,1751924723.326259,1751924911.5890715,batch_consumer-sts-0_20250707_214840_921397.csv,True,False,False,1751925135.3272393,412000.98037719727
91589,1751924723.3264873,1751924911.6135702,batch_consumer-sts-0_20250707_214840_921397.csv,True,False,False,1751925135.3272393,412000.7519721985
91599,1751924723.3267162,1751924911.6384058,batch_consumer-sts-0_20250707_214840_921397.csv,True,False,False,1751925135.3272393,412000.52309036255
91609,1751924723.326942,1751924911.6633584,batch_consumer-sts-0_20250707_214840_921397.csv,True,False,False,1751925135.3272393,412000.29730796814
91619,1751924723.3271725,1751924911.6887212,batch_consumer-sts-0_20250707_214840_921397.csv,True,False,False,1751925135.3272393,412000.06675720215
91629,1751924723.3274057,1751924911.7131453,batch_consumer-sts-0_20250707_214840_921397.csv,True,False,False,1751925135.3272393,411999.8335838318
91639,1751924723.3276365,1751924911.7383175,batch_consumer-sts-0_20250707_214840_921397.csv,True,False,False,1751925135.3272393,411999.6027946472
91649,1751924723.3278596,1751924911.7629735,batch_consumer-sts-0_20250707_214840_921397.csv,True,False,False,1751925135.3272393,411999.3796348572
91659,1751924723.3280802,1751924911.7874677,batch_consumer-sts-0_20250707_214840_921397.csv,True,False,False,1751925135.3272393,411999.1590976715
91669,1751924723.328307,1751924911.8114293,batch_consumer-sts-0_20250707_214840_921397.csv,True,False,False,1751925135.3272393,411998.9323616028
91679,1751924723.3285348,1751924911.8362286,batch_consumer-sts-0_20250707_214840_921397.csv,True,False,False,1751925135.3272393,411998.70443344116
91689,1751924723.3287702,1751924911.8610375,batch_consumer-sts-0_20250707_214840_921397.csv,True,False,False,1751925135.3272393,411998.4691143036
91699,1751924723.329003,1751924911.885807,batch_consumer-sts-0_20250707_214840_921397.csv,True,False,False,1751925135.3272393,411998.2361793518
91709,1751924723.3292332,1751924911.910017,batch_consumer-sts-0_20250707_214840_921397.csv,True,False,False,1751925135.3272393,411998.006105423
91719,1751924723.3294594,1751924911.935201,batch_consumer-sts-0_20250707_214840_921397.csv,True,False,False,1751925135.3272393,411997.7798461914
91729,1751924723.3296888,1751924911.9596145,batch_consumer-sts-0_20250707_214840_921397.csv,True,False,False,1751925135.3272393,411997.5504875183
91739,1751924723.3299222,1751924911.9846928,batch_consumer-sts-0_20250707_214840_921397.csv,True,False,False,1751925135.3272393,411997.31707572937
91749,1751924723.330163,1751924912.0088062,batch_consumer-sts-0_20250707_214840_921397.csv,True,False,False,1751925135.3272393,411997.0762729645
91759,1751924723.330394,1751924912.0338094,batch_consumer-sts-0_20250707_214840_921397.csv,True,False,False,1751925135.3272393,411996.8452453613
91769,1751924723.33063,1751924912.0586395,batch_consumer-sts-0_20250707_214840_921397.csv,True,False,False,1751925135.3272393,411996.609210968
91779,1751924723.330863,1751924912.083942,batch_consumer-sts-0_20250707_214840_921397.csv,True,False,False,1751925135.3272393,411996.37627601624
91789,1751924723.3310914,1751924912.1079931,batch_consumer-sts-0_20250707_214840_921397.csv,True,False,False,1751925135.3272393,411996.14787101746
91799,1751924723.3313234,1751924912.132597,batch_consumer-sts-0_20250707_214840_921397.csv,True,False,False,1751925135.3272393,411995.91588974
91809,1751924723.3315256,1751924912.167374,batch_consumer-sts-0_20250707_214840_921397.csv,True,False,False,1751925135.3272393,411995.7137107849
91819,1751924723.3317125,1751924912.191816,batch_consumer-sts-0_20250707_214840_921397.csv,True,False,False,1751925135.3272393,411995.5267906189
91829,1751924723.33189,1751924912.2158642,batch_consumer-sts-0_20250707_214840_921397.csv,True,False,False,1751925135.3272393,411995.34916877747
91839,1751924723.3320694,1751924912.2407632,batch_consumer-sts-0_20250707_214840_921397.csv,True,False,False,1751925135.3272393,411995.169878006
91849,1751924723.3322651,1751924912.265539,batch_consumer-sts-0_20250707_214840_921397.csv,True,False,False,1751925135.3272393,411994.97413635254
91859,1751924723.3324475,1751924912.2906697,batch_consumer-sts-0_20250707_214840_921397.csv,True,False,False,1751925135.3272393,411994.7917461395
91869,1751924723.332625,1751924912.314592,batch_consumer-sts-0_20250707_214840_921397.csv,True,False,False,1751925135.3272393,411994.6143627167
91879,1751924723.3328097,1751924912.3404906,batch_consumer-sts-0_20250707_214840_921397.csv,True,False,False,1751925135.3272393,411994.4295883179
91889,1751924723.332989,1751924912.3654778,batch_consumer-sts-0_20250707_214840_921397.csv,True,False,False,1751925135.3272393,411994.2502975464
91899,1751924723.3331664,1751924912.3904097,batch_consumer-sts-0_20250707_214840_921397.csv,True,False,False,1751925135.3272393,411994.07291412354
91909,1751924723.333352,1751924912.4147315,batch_consumer-sts-0_20250707_214840_921397.csv,True,False,False,1751925135.3272393,411993.8871860504
91919,1751924723.3335276,1751924912.439792,batch_consumer-sts-0_20250707_214840_921397.csv,True,False,False,1751925135.3272393,411993.7117099762
91929,1751924723.333699,1751924912.465051,batch_consumer-sts-0_20250707_214840_921397.csv,True,False,False,1751925135.3272393,411993.5402870178
91939,1751924723.3338728,1751924912.4898517,batch_consumer-sts-0_20250707_214840_921397.csv,True,False,False,1751925135.3272393,411993.36647987366
91949,1751924723.3340478,1751924912.5141392,batch_consumer-sts-0_20250707_214840_921397.csv,True,False,False,1751925135.3272393,411993.1914806366
91959,1751924723.334257,1751924912.539416,batch_consumer-sts-0_20250707_214840_921397.csv,True,False,False,1751925135.3272393,411992.9823875427
91969,1751924723.3344874,1751924912.5643988,batch_consumer-sts-0_20250707_214840_921397.csv,True,False,False,1751925135.3272393,411992.75183677673
91979,1751924723.334713,1751924912.5955143,batch_consumer-sts-0_20250707_214840_921397.csv,True,False,False,1751925135.3272393,411992.5262928009
91989,1751924723.334942,1751924912.622229,batch_consumer-sts-0_20250707_214840_921397.csv,True,False,False,1751925135.3272393,411992.2971725464
91999,1751924723.3351746,1751924912.646697,batch_consumer-sts-0_20250707_214840_921397.csv,True,False,False,1751925135.3272393,411992.06471443176
92009,1751924723.3354197,1751924912.67165,batch_consumer-sts-0_20250707_214840_921397.csv,True,False,False,1751925135.3272393,411991.81962013245
92019,1751924723.3356009,1751924912.696144,batch_consumer-sts-0_20250707_214840_921397.csv,True,False,False,1751925135.3272393,411991.6384220123
92029,1751924723.3357742,1751924912.7209582,batch_consumer-sts-0_20250707_214840_921397.csv,True,False,False,1751925135.3272393,411991.4650917053
92039,1751924723.335947,1751924912.7460463,batch_consumer-sts-0_20250707_214840_921397.csv,True,False,False,1751925135.3272393,411991.2922382355
92049,1751924723.3361273,1751924912.7708132,batch_consumer-sts-0_20250707_214840_921397.csv,True,False,False,1751925135.3272393,411991.1119937897
92059,1751924723.33631,1751924912.7955978,batch_consumer-sts-0_20250707_214840_921397.csv,True,False,False,1751925135.3272393,411990.9293651581
92069,1751924723.336493,1751924912.8195784,batch_consumer-sts-0_20250707_214840_921397.csv,True,False,False,1751925135.3272393,411990.74625968933
92079,1751924723.3366818,1751924912.8454869,batch_consumer-sts-0_20250707_214840_921397.csv,True,False,False,1751925135.3272393,411990.5574321747
92089,1751924723.3368647,1751924912.870196,batch_consumer-sts-0_20250707_214840_921397.csv,True,False,False,1751925135.3272393,411990.3745651245
92099,1751924723.337042,1751924912.8948076,batch_consumer-sts-0_20250707_214840_921397.csv,True,False,False,1751925135.3272393,411990.19718170166
92109,1751924723.3372166,1751924912.9192138,batch_consumer-sts-0_20250707_214840_921397.csv,True,False,False,1751925135.3272393,411990.02265930176
92119,1751924723.337396,1751924912.9437368,batch_consumer-sts-0_20250707_214840_921397.csv,True,False,False,1751925135.3272393,411989.8433685303
92129,1751924723.3375945,1751924912.9683456,batch_consumer-sts-0_20250707_214840_921397.csv,True,False,False,1751925135.3272393,411989.6447658539
92139,1751924723.3377805,1751924912.9930289,batch_consumer-sts-0_20250707_214840_921397.csv,True,False,False,1751925135.3272393,411989.4587993622
92149,1751924723.338003,1751924913.0171752,batch_consumer-sts-0_20250707_214840_921397.csv,True,False,False,1751925135.3272393,411989.2363548279
92159,1751924723.3382573,1751924913.041758,batch_consumer-sts-0_20250707_214840_921397.csv,True,False,False,1751925135.3272393,411988.981962204
92169,1751924723.338489,1751924913.0668864,batch_consumer-sts-0_20250707_214840_921397.csv,True,False,False,1751925135.3272393,411988.7502193451
92179,1751924723.33872,1751924913.0917442,batch_consumer-sts-0_20250707_214840_921397.csv,True,False,False,1751925135.3272393,411988.51919174194
92189,1751924723.338948,1751924913.1159852,batch_consumer-sts-0_20250707_214840_921397.csv,True,False,False,1751925135.3272393,411988.2912635803
92199,1751924723.3391762,1751924913.1407063,batch_consumer-sts-0_20250707_214840_921397.csv,True,False,False,1751925135.3272393,411988.0630970001
92209,1751924723.3394094,1751924913.1657393,batch_consumer-sts-0_20250707_214840_921397.csv,True,False,False,1751925135.3272393,411987.82992362976
92219,1751924723.339646,1751924913.190331,batch_consumer-sts-0_20250707_214840_921397.csv,True,False,False,1751925135.3272393,411987.5931739807
92229,1751924723.3398693,1751924913.2143683,batch_consumer-sts-0_20250707_214840_921397.csv,True,False,False,1751925135.3272393,411987.3700141907
92239,1751924723.3400953,1751924913.239428,batch_consumer-sts-0_20250707_214840_921397.csv,True,False,False,1751925135.3272393,411987.1439933777
92249,1751924723.3403232,1751924913.264476,batch_consumer-sts-0_20250707_214840_921397.csv,True,False,False,1751925135.3272393,411986.91606521606
92259,1751924723.340554,1751924913.2892952,batch_consumer-sts-0_20250707_214840_921397.csv,True,False,False,1751925135.3272393,411986.6852760315
92269,1751924723.340777,1751924913.3140135,batch_consumer-sts-0_20250707_214840_921397.csv,True,False,False,1751925135.3272393,411986.46235466003
92279,1751924723.3409994,1751924913.3386557,batch_consumer-sts-0_20250707_214840_921397.csv,True,False,False,1751925135.3272393,411986.23991012573
92289,1751924723.341224,1751924913.3639762,batch_consumer-sts-0_20250707_214840_921397.csv,True,False,False,1751925135.3272393,411986.0153198242
92299,1751924723.3414495,1751924913.3887663,batch_consumer-sts-0_20250707_214840_921397.csv,True,False,False,1751925135.3272393,411985.7897758484
92309,1751924723.3416865,1751924913.4126792,batch_consumer-sts-0_20250707_214840_921397.csv,True,False,False,1751925135.3272393,411985.55278778076
92319,1751924723.3419173,1751924913.4372416,batch_consumer-sts-0_20250707_214840_921397.csv,True,False,False,1751925135.3272393,411985.3219985962
92329,1751924723.342151,1751924913.4645195,batch_consumer-sts-0_20250707_214840_921397.csv,True,False,False,1751925135.3272393,411985.0883483887
92339,1751924723.3423955,1751924913.4889078,batch_consumer-sts-0_20250707_214840_921397.csv,True,False,False,1751925135.3272393,411984.8437309265
92349,1751924723.342627,1751924913.512707,batch_consumer-sts-0_20250707_214840_921397.csv,True,False,False,1751925135.3272393,411984.6122264862
92359,1751924723.3428583,1751924913.5375257,batch_consumer-sts-0_20250707_214840_921397.csv,True,False,False,1751925135.3272393,411984.3809604645
92369,1751924723.3430946,1751924913.562496,batch_consumer-sts-0_20250707_214840_921397.csv,True,False,False,1751925135.3272393,411984.1446876526
92379,1751924723.3433225,1751924913.5875711,batch_consumer-sts-0_20250707_214840_921397.csv,True,False,False,1751925135.3272393,411983.91675949097
92389,1751924723.3435574,1751924913.611834,batch_consumer-sts-0_20250707_214840_921397.csv,True,False,False,1751925135.3272393,411983.68191719055
92399,1751924723.3437922,1751924913.6702902,batch_consumer-sts-0_20250707_214840_921397.csv,True,False,False,1751925135.3272393,411983.44707489014
92409,1751924723.344019,1751924914.6954896,batch_consumer-sts-0_20250707_214840_921397.csv,True,False,False,1751925135.3272393,411983.2203388214
92419,1751924723.344248,1751924914.7201176,batch_consumer-sts-0_20250707_214840_921397.csv,True,False,False,1751925135.3272393,411982.9912185669
92429,1751924723.344477,1751924914.7448587,batch_consumer-sts-0_20250707_214840_921397.csv,True,False,False,1751925135.3272393,411982.76233673096
92439,1751924723.3446996,1751924914.7699568,batch_consumer-sts-0_20250707_214840_921397.csv,True,False,False,1751925135.3272393,411982.5396537781
92449,1751924723.3449268,1751924914.7946496,batch_consumer-sts-0_20250707_214840_921397.csv,True,False,False,1751925135.3272393,411982.3124408722
92459,1751924723.3451486,1751924914.818585,batch_consumer-sts-0_20250707_214840_921397.csv,True,False,False,1751925135.3272393,411982.0907115936
92469,1751924723.345381,1751924914.8435905,batch_consumer-sts-0_20250707_214840_921397.csv,True,False,False,1751925135.3272393,411981.858253479
92479,1751924723.3456078,1751924914.8685544,batch_consumer-sts-0_20250707_214840_921397.csv,True,False,False,1751925135.3272393,411981.6315174103
92489,1751924723.3458393,1751924914.8933785,batch_consumer-sts-0_20250707_214840_921397.csv,True,False,False,1751925135.3272393,411981.40001296997
92499,1751924723.346069,1751924914.9176662,batch_consumer-sts-0_20250707_214840_921397.csv,True,False,False,1751925135.3272393,411981.1701774597
92509,1751924723.3462982,1751924914.9426596,batch_consumer-sts-0_20250707_214840_921397.csv,True,False,False,1751925135.3272393,411980.9410572052
92519,1751924723.3465302,1751924914.969381,batch_consumer-sts-0_20250707_214840_921397.csv,True,False,False,1751925135.3272393,411980.70907592773
92529,1751924723.346772,1751924914.9939456,batch_consumer-sts-0_20250707_214840_921397.csv,True,False,False,1751925135.3272393,411980.4673194885
92539,1751924723.347025,1751924915.0179696,batch_consumer-sts-0_20250707_214840_921397.csv,True,False,False,1751925135.3272393,411980.2143573761
92549,1751924723.3472652,1751924915.043088,batch_consumer-sts-0_20250707_214840_921397.csv,True,False,False,1751925135.3272393,411979.97403144836
100249,1751924723.6491582,1751924915.0682156,batch_consumer-sts-0_20250707_214840_921397.csv,True,False,False,1751925135.3272393,411678.081035614
100259,1751924723.6495175,1751924915.0933144,batch_consumer-sts-0_20250707_214840_921397.csv,True,False,False,1751925135.3272393,411677.7217388153
100269,1751924723.6498387,1751924915.1175537,batch_consumer-sts-0_20250707_214840_921397.csv,True,False,False,1751925135.3272393,411677.40058898926
100279,1751924723.6501374,1751924915.1422362,batch_consumer-sts-0_20250707_214840_921397.csv,True,False,False,1751925135.3272393,411677.10185050964
100289,1751924723.6505358,1751924915.1673486,batch_consumer-sts-0_20250707_214840_921397.csv,True,False,False,1751925135.3272393,411676.70345306396
100299,1751924723.6508975,1751924915.1932216,batch_consumer-sts-0_20250707_214840_921397.csv,True,False,False,1751925135.3272393,411676.34177207947
100309,1751924723.6512358,1751924915.2172508,batch_consumer-sts-0_20250707_214840_921397.csv,True,False,False,1751925135.3272393,411676.0034561157
100319,1751924723.6515658,1751924915.2416909,batch_consumer-sts-0_20250707_214840_921397.csv,True,False,False,1751925135.3272393,411675.67348480225
100329,1751924723.651872,1751924915.2661169,batch_consumer-sts-0_20250707_214840_921397.csv,True,False,False,1751925135.3272393,411675.3673553467
100339,1751924723.652208,1751924915.2917452,batch_consumer-sts-0_20250707_214840_921397.csv,True,False,False,1751925135.3272393,411675.03118515015
100349,1751924723.6525204,1751924915.315751,batch_consumer-sts-0_20250707_214840_921397.csv,True,False,False,1751925135.3272393,411674.7188568115
100359,1751924723.6528697,1751924915.340402,batch_consumer-sts-0_20250707_214840_921397.csv,True,False,False,1751925135.3272393,411674.36957359314
100369,1751924723.6532135,1751924915.3650029,batch_consumer-sts-0_20250707_214840_921397.csv,True,False,False,1751925135.3272393,411674.0257740021
100379,1751924723.6535208,1751924915.3895576,batch_consumer-sts-0_20250707_214840_921397.csv,True,False,False,1751925135.3272393,411673.7184524536
100389,1751924723.7946858,1751924915.4137774,batch_consumer-sts-0_20250707_214840_921397.csv,True,False,False,1751925135.3272393,411532.55343437195
100399,1751924723.7950585,1751924915.4386652,batch_consumer-sts-0_20250707_214840_921397.csv,True,False,False,1751925135.3272393,411532.1807861328
100409,1751924723.7953825,1751924915.463543,batch_consumer-sts-0_20250707_214840_921397.csv,True,False,False,1751925135.3272393,411531.8567752838
100419,1751924723.795714,1751924915.4882138,batch_consumer-sts-0_20250707_214840_921397.csv,True,False,False,1751925135.3272393,411531.52537345886
100429,1751924723.7960536,1751924915.5121653,batch_consumer-sts-0_20250707_214840_921397.csv,True,False,False,1751925135.3272393,411531.18562698364
100439,1751924723.7963605,1751924915.5368216,batch_consumer-sts-0_20250707_214840_921397.csv,True,False,False,1751925135.3272393,411530.87878227234
100449,1751924723.7967012,1751924915.5618656,batch_consumer-sts-0_20250707_214840_921397.csv,True,False,False,1751925135.3272393,411530.5380821228
100459,1751924723.79702,1751924915.5864823,batch_consumer-sts-0_20250707_214840_921397.csv,True,False,False,1751925135.3272393,411530.21931648254
100469,1751924723.7973332,1751924915.610977,batch_consumer-sts-0_20250707_214840_921397.csv,True,False,False,1751925135.3272393,411529.9060344696
100479,1751924723.7976604,1751924915.637301,batch_consumer-sts-0_20250707_214840_921397.csv,True,False,False,1751925135.3272393,411529.5789241791
100489,1751924723.797994,1751924915.661903,batch_consumer-sts-0_20250707_214840_921397.csv,True,False,False,1751925135.3272393,411529.2453765869
100499,1751924723.798339,1751924915.68673,batch_consumer-sts-0_20250707_214840_921397.csv,True,False,False,1751925135.3272393,411528.90038490295
100509,1751924723.7986836,1751924915.7108836,batch_consumer-sts-0_20250707_214840_921397.csv,True,False,False,1751925135.3272393,411528.5556316376
100519,1751924723.799014,1751924915.739764,batch_consumer-sts-0_20250707_214840_921397.csv,True,False,False,1751925135.3272393,411528.22518348694
100529,1751924723.7993507,1751924915.7648249,batch_consumer-sts-0_20250707_214840_921397.csv,True,False,False,1751925135.3272393,411527.88853645325
100539,1751924723.7996864,1751924915.790041,batch_consumer-sts-0_20250707_214840_921397.csv,True,False,False,1751925135.3272393,411527.5528430939
100549,1751924723.8000195,1751924915.814511,batch_consumer-sts-0_20250707_214840_921397.csv,True,False,False,1751925135.3272393,411527.21977233887
100559,1751924723.8003504,1751924915.8394108,batch_consumer-sts-0_20250707_214840_921397.csv,True,False,False,1751925135.3272393,411526.8888473511
100569,1751924723.800654,1751924915.8642907,batch_consumer-sts-0_20250707_214840_921397.csv,True,False,False,1751925135.3272393,411526.5853404999
100579,1751924723.8009946,1751924915.8898025,batch_consumer-sts-0_20250707_214840_921397.csv,True,False,False,1751925135.3272393,411526.24464035034
100589,1751924723.801319,1751924915.9142437,batch_consumer-sts-0_20250707_214840_921397.csv,True,False,False,1751925135.3272393,411525.92039108276
100599,1751924723.801658,1751924915.9393682,batch_consumer-sts-0_20250707_214840_921397.csv,True,False,False,1751925135.3272393,411525.5813598633
100609,1751924723.8019967,1751924915.9645526,batch_consumer-sts-0_20250707_214840_921397.csv,True,False,False,1751925135.3272393,411525.2425670624
100619,1751924723.8023503,1751924915.9897356,batch_consumer-sts-0_20250707_214840_921397.csv,True,False,False,1751925135.3272393,411524.88899230957
100629,1751924723.80259,1751924916.0141134,batch_consumer-sts-0_20250707_214840_921397.csv,True,False,False,1751925135.3272393,411524.6493816376
100639,1751924723.8028252,1751924916.038695,batch_consumer-sts-0_20250707_214840_921397.csv,True,False,False,1751925135.3272393,411524.4140625
100649,1751924723.803076,1751924916.0641515,batch_consumer-sts-0_20250707_214840_921397.csv,True,False,False,1751925135.3272393,411524.1632461548
100659,1751924723.8033173,1751924916.0892727,batch_consumer-sts-0_20250707_214840_921397.csv,True,False,False,1751925135.3272393,411523.92196655273
108409,1751924728.1370406,1751924916.1137238,batch_consumer-sts-0_20250707_214840_921397.csv,True,False,False,1751925135.3272393,407190.19865989685
108419,1751924728.13728,1751924916.1385236,batch_consumer-sts-0_20250707_214840_921397.csv,True,False,False,1751925135.3272393,407189.95928764343
108429,1751924728.1374884,1751924916.1631966,batch_consumer-sts-0_20250707_214840_921397.csv,True,False,False,1751925135.3272393,407189.7509098053
108439,1751924728.137694,1751924916.1881232,batch_consumer-sts-0_20250707_214840_921397.csv,True,False,False,1751925135.3272393,407189.5453929901
108449,1751924728.137883,1751924916.2124212,batch_consumer-sts-0_20250707_214840_921397.csv,True,False,False,1751925135.3272393,407189.3563270569
108459,1751924728.1380773,1751924916.2375164,batch_consumer-sts-0_20250707_214840_921397.csv,True,False,False,1751925135.3272393,407189.1620159149
108469,1751924728.138297,1751924916.2624865,batch_consumer-sts-0_20250707_214840_921397.csv,True,False,False,1751925135.3272393,407188.942193985
108479,1751924728.138492,1751924916.2867525,batch_consumer-sts-0_20250707_214840_921397.csv,True,False,False,1751925135.3272393,407188.7471675873
108489,1751924728.1386838,1751924916.3110778,batch_consumer-sts-0_20250707_214840_921397.csv,True,False,False,1751925135.3272393,407188.5554790497
108499,1751924728.138887,1751924916.3363247,batch_consumer-sts-0_20250707_214840_921397.csv,True,False,False,1751925135.3272393,407188.3523464203
108509,1751924728.1390762,1751924916.3618329,batch_consumer-sts-0_20250707_214840_921397.csv,True,False,False,1751925135.3272393,407188.1630420685
108519,1751924728.1392665,1751924916.3868384,batch_consumer-sts-0_20250707_214840_921397.csv,True,False,False,1751925135.3272393,407187.97278404236
108529,1751924728.139466,1751924916.411472,batch_consumer-sts-0_20250707_214840_921397.csv,True,False,False,1751925135.3272393,407187.77322769165
108539,1751924728.139662,1751924916.6307056,batch_consumer-sts-0_20250707_214840_921397.csv,True,False,False,1751925135.3272393,407187.5772476196
108549,1751924728.139856,1751924916.655242,batch_consumer-sts-0_20250707_214840_921397.csv,True,False,False,1751925135.3272393,407187.38317489624
108559,1751924728.1400492,1751924916.6798732,batch_consumer-sts-0_20250707_214840_921397.csv,True,False,False,1751925135.3272393,407187.19005584717
108569,1751924728.1402442,1751924916.7042325,batch_consumer-sts-0_20250707_214840_921397.csv,True,False,False,1751925135.3272393,407186.99502944946
108579,1751924728.1404352,1751924916.7286644,batch_consumer-sts-0_20250707_214840_921397.csv,True,False,False,1751925135.3272393,407186.8040561676
108589,1751924728.1406376,1751924916.7530656,batch_consumer-sts-0_20250707_214840_921397.csv,True,False,False,1751925135.3272393,407186.60163879395
108599,1751924728.140823,1751924916.7779243,batch_consumer-sts-0_20250707_214840_921397.csv,True,False,False,1751925135.3272393,407186.416387558
108609,1751924728.1410117,1751924916.8024795,batch_consumer-sts-0_20250707_214840_921397.csv,True,False,False,1751925135.3272393,407186.22756004333
108619,1751924728.1412003,1751924916.8272047,batch_consumer-sts-0_20250707_214840_921397.csv,True,False,False,1751925135.3272393,407186.03897094727
108629,1751924728.1413856,1751924916.852173,batch_consumer-sts-0_20250707_214840_921397.csv,True,False,False,1751925135.3272393,407185.8537197113
108639,1751924728.1415691,1751924916.877237,batch_consumer-sts-0_20250707_214840_921397.csv,True,False,False,1751925135.3272393,407185.6701374054
108649,1751924728.1417563,1751924916.9021926,batch_consumer-sts-0_20250707_214840_921397.csv,True,False,False,1751925135.3272393,407185.4829788208
108659,1751924728.141935,1751924916.9270177,batch_consumer-sts-0_20250707_214840_921397.csv,True,False,False,1751925135.3272393,407185.3041648865
108669,1751924728.1421218,1751924916.951693,batch_consumer-sts-0_20250707_214840_921397.csv,True,False,False,1751925135.3272393,407185.11748313904
108679,1751924728.1423566,1751924916.9783232,batch_consumer-sts-0_20250707_214840_921397.csv,True,False,False,1751925135.3272393,407184.8826408386
108689,1751924728.1425726,1751924917.0029702,batch_consumer-sts-0_20250707_214840_921397.csv,True,False,False,1751925135.3272393,407184.66663360596
108699,1751924728.1427832,1751924917.0276854,batch_consumer-sts-0_20250707_214840_921397.csv,True,False,False,1751925135.3272393,407184.4561100006
108709,1751924728.1429994,1751924917.0521014,batch_consumer-sts-0_20250707_214840_921397.csv,True,False,False,1751925135.3272393,407184.23986434937
108719,1751924728.1432123,1751924917.0766692,batch_consumer-sts-0_20250707_214840_921397.csv,True,False,False,1751925135.3272393,407184.0269565582
108729,1751924728.1434407,1751924917.104212,batch_consumer-sts-0_20250707_214840_921397.csv,True,False,False,1751925135.3272393,407183.79855155945
108739,1751924728.1436362,1751924917.1286583,batch_consumer-sts-0_20250707_214840_921397.csv,True,False,False,1751925135.3272393,407183.6030483246
108749,1751924728.1438327,1751924917.1532838,batch_consumer-sts-0_20250707_214840_921397.csv,True,False,False,1751925135.3272393,407183.4065914154
108759,1751924728.144024,1751924917.1778808,batch_consumer-sts-0_20250707_214840_921397.csv,True,False,False,1751925135.3272393,407183.21537971497
108769,1751924728.14422,1751924917.202454,batch_consumer-sts-0_20250707_214840_921397.csv,True,False,False,1751925135.3272393,407183.01916122437
108779,1751924728.1444175,1751924917.22667,batch_consumer-sts-0_20250707_214840_921397.csv,True,False,False,1751925135.3272393,407182.82175064087
108789,1751924728.1446192,1751924917.251368,batch_consumer-sts-0_20250707_214840_921397.csv,True,False,False,1751925135.3272393,407182.62004852295
108799,1751924728.1448054,1751924917.2748544,batch_consumer-sts-0_20250707_214840_921397.csv,True,False,False,1751925135.3272393,407182.4338436127
108809,1751924728.1449888,1751924917.2991097,batch_consumer-sts-0_20250707_214840_921397.csv,True,False,False,1751925135.3272393,407182.25049972534
108819,1751924728.1451735,1751924917.3242688,batch_consumer-sts-0_20250707_214840_921397.csv,True,False,False,1751925135.3272393,407182.06572532654
108829,1751924728.1453571,1751924917.349542,batch_consumer-sts-0_20250707_214840_921397.csv,True,False,False,1751925135.3272393,407181.88214302063
108839,1751924728.1455348,1751924917.3747194,batch_consumer-sts-0_20250707_214840_921397.csv,True,False,False,1751925135.3272393,407181.7045211792
108849,1751924728.145719,1751924917.4000783,batch_consumer-sts-0_20250707_214840_921397.csv,True,False,False,1751925135.3272393,407181.52022361755
108859,1751924728.1459055,1751924917.42502,batch_consumer-sts-0_20250707_214840_921397.csv,True,False,False,1751925135.3272393,407181.3337802887
108869,1751924728.146086,1751924917.4499202,batch_consumer-sts-0_20250707_214840_921397.csv,True,False,False,1751925135.3272393,407181.1532974243
108879,1751924728.1463013,1751924917.4752722,batch_consumer-sts-0_20250707_214840_921397.csv,True,False,False,1751925135.3272393,407180.9380054474
108889,1751924728.146511,1751924917.5007403,batch_consumer-sts-0_20250707_214840_921397.csv,True,False,False,1751925135.3272393,407180.7281970978
108899,1751924728.146689,1751924917.5264814,batch_consumer-sts-0_20250707_214840_921397.csv,True,False,False,1751925135.3272393,407180.55033683777
108909,1751924728.1468651,1751924917.5509217,batch_consumer-sts-0_20250707_214840_921397.csv,True,False,False,1751925135.3272393,407180.3741455078
108919,1751924728.1470532,1751924917.576198,batch_consumer-sts-0_20250707_214840_921397.csv,True,False,False,1751925135.3272393,407180.1860332489
108929,1751924728.147236,1751924917.6009042,batch_consumer-sts-0_20250707_214840_921397.csv,True,False,False,1751925135.3272393,407180.00316619873
108939,1751924728.1474166,1751924917.625307,batch_consumer-sts-0_20250707_214840_921397.csv,True,False,False,1751925135.3272393,407179.82268333435
108949,1751924728.1475992,1751924917.655703,batch_consumer-sts-0_20250707_214840_921397.csv,True,False,False,1751925135.3272393,407179.64005470276
108959,1751924728.1477787,1751924917.6803071,batch_consumer-sts-0_20250707_214840_921397.csv,True,False,False,1751925135.3272393,407179.4605255127
108969,1751924728.147962,1751924917.703635,batch_consumer-sts-0_20250707_214840_921397.csv,True,False,False,1751925135.3272393,407179.27718162537
108979,1751924728.1481445,1751924917.7284596,batch_consumer-sts-0_20250707_214840_921397.csv,True,False,False,1751925135.3272393,407179.09479141235
108989,1751924728.148322,1751924917.7529316,batch_consumer-sts-0_20250707_214840_921397.csv,True,False,False,1751925135.3272393,407178.9171695709
108999,1751924728.1485038,1751924917.7777617,batch_consumer-sts-0_20250707_214840_921397.csv,True,False,False,1751925135.3272393,407178.73549461365
109009,1751924728.148687,1751924917.803003,batch_consumer-sts-0_20250707_214840_921397.csv,True,False,False,1751925135.3272393,407178.5523891449
109019,1751924728.1488647,1751924917.827896,batch_consumer-sts-0_20250707_214840_921397.csv,True,False,False,1751925135.3272393,407178.3745288849
109029,1751924728.1490457,1751924917.8532631,batch_consumer-sts-0_20250707_214840_921397.csv,True,False,False,1751925135.3272393,407178.19356918335
109039,1751924728.149225,1751924917.8792784,batch_consumer-sts-0_20250707_214840_921397.csv,True,False,False,1751925135.3272393,407178.01427841187
109049,1751924728.1494038,1751924917.9047115,batch_consumer-sts-0_20250707_214840_921397.csv,True,False,False,1751925135.3272393,407177.83546447754
109059,1751924728.1495924,1751924917.9294786,batch_consumer-sts-0_20250707_214840_921397.csv,True,False,False,1751925135.3272393,407177.64687538147
109069,1751924728.1497698,1751924917.954453,batch_consumer-sts-0_20250707_214840_921397.csv,True,False,False,1751925135.3272393,407177.4694919586
109079,1751924728.1499496,1751924917.9797325,batch_consumer-sts-0_20250707_214840_921397.csv,True,False,False,1751925135.3272393,407177.28972435
109089,1751924728.1501317,1751924918.0041385,batch_consumer-sts-0_20250707_214840_921397.csv,True,False,False,1751925135.3272393,407177.10757255554
109099,1751924728.1503437,1751924918.0371702,batch_consumer-sts-0_20250707_214840_921397.csv,True,False,False,1751925135.3272393,407176.8956184387
109109,1751924728.150611,1751924918.0618973,batch_consumer-sts-0_20250707_214840_921397.csv,True,False,False,1751925135.3272393,407176.62835121155
109119,1751924728.1508038,1751924918.086511,batch_consumer-sts-0_20250707_214840_921397.csv,True,False,False,1751925135.3272393,407176.43547058105
109129,1751924728.1509986,1751924918.1104398,batch_consumer-sts-0_20250707_214840_921397.csv,True,False,False,1751925135.3272393,407176.2406826019
109139,1751924728.151188,1751924918.1351137,batch_consumer-sts-0_20250707_214840_921397.csv,True,False,False,1751925135.3272393,407176.0513782501
109149,1751924728.151381,1751924918.159417,batch_consumer-sts-0_20250707_214840_921397.csv,True,False,False,1751925135.3272393,407175.85825920105
109159,1751924728.1515832,1751924918.184091,batch_consumer-sts-0_20250707_214840_921397.csv,True,False,False,1751925135.3272393,407175.656080246
109169,1751924728.1517637,1751924918.2097726,batch_consumer-sts-0_20250707_214840_921397.csv,True,False,False,1751925135.3272393,407175.4755973816
109179,1751924728.1519508,1751924918.234461,batch_consumer-sts-0_20250707_214840_921397.csv,True,False,False,1751925135.3272393,407175.288438797
109189,1751924728.1521275,1751924918.2594528,batch_consumer-sts-0_20250707_214840_921397.csv,True,False,False,1751925135.3272393,407175.1117706299
109199,1751924728.152306,1751924918.284435,batch_consumer-sts-0_20250707_214840_921397.csv,True,False,False,1751925135.3272393,407174.93319511414
109209,1751924728.152489,1751924918.3090034,batch_consumer-sts-0_20250707_214840_921397.csv,True,False,False,1751925135.3272393,407174.75032806396
109219,1751924728.1526823,1751924918.337047,batch_consumer-sts-0_20250707_214840_921397.csv,True,False,False,1751925135.3272393,407174.5569705963
109229,1751924728.1528697,1751924918.361888,batch_consumer-sts-0_20250707_214840_921397.csv,True,False,False,1751925135.3272393,407174.36957359314
109239,1751924728.153052,1751924918.3865037,batch_consumer-sts-0_20250707_214840_921397.csv,True,False,False,1751925135.3272393,407174.1871833801
109249,1751924728.1532352,1751924918.410669,batch_consumer-sts-0_20250707_214840_921397.csv,True,False,False,1751925135.3272393,407174.0040779114
109259,1751924728.1534424,1751924918.4353416,batch_consumer-sts-0_20250707_214840_921397.csv,True,False,False,1751925135.3272393,407173.79689216614
109269,1751924728.1536355,1751924918.4602706,batch_consumer-sts-0_20250707_214840_921397.csv,True,False,False,1751925135.3272393,407173.60377311707
109279,1751924728.1538315,1751924918.4844372,batch_consumer-sts-0_20250707_214840_921397.csv,True,False,False,1751925135.3272393,407173.40779304504
109289,1751924728.1540277,1751924918.508759,batch_consumer-sts-0_20250707_214840_921397.csv,True,False,False,1751925135.3272393,407173.21157455444
109299,1751924728.1542523,1751924918.5340507,batch_consumer-sts-0_20250707_214840_921397.csv,True,False,False,1751925135.3272393,407172.98698425293
109309,1751924728.154467,1751924918.5642097,batch_consumer-sts-0_20250707_214840_921397.csv,True,False,False,1751925135.3272393,407172.77216911316
109319,1751924728.154668,1751924918.591066,batch_consumer-sts-0_20250707_214840_921397.csv,True,False,False,1751925135.3272393,407172.571182251
109329,1751924728.1548617,1751924918.6157525,batch_consumer-sts-0_20250707_214840_921397.csv,True,False,False,1751925135.3272393,407172.37758636475
109339,1751924728.1550589,1751924918.6410644,batch_consumer-sts-0_20250707_214840_921397.csv,True,False,False,1751925135.3272393,407172.1804141998
109349,1751924728.1552546,1751924918.6658854,batch_consumer-sts-0_20250707_214840_921397.csv,True,False,False,1751925135.3272393,407171.9846725464
109359,1751924728.1554558,1751924918.6913552,batch_consumer-sts-0_20250707_214840_921397.csv,True,False,False,1751925135.3272393,407171.7834472656
109779,1751924728.441713,1751924918.7157054,batch_consumer-sts-0_20250707_214840_921397.csv,True,False,False,1751925135.3272393,406885.52618026733
109789,1751924728.4419322,1751924918.773408,batch_consumer-sts-0_20250707_214840_921397.csv,True,False,False,1751925135.3272393,406885.30707359314
109799,1751924728.4421358,1751924918.798299,batch_consumer-sts-0_20250707_214840_921397.csv,True,False,False,1751925135.3272393,406885.1034641266
109809,1751924728.4423993,1751924918.821725,batch_consumer-sts-0_20250707_214840_921397.csv,True,False,False,1751925135.3272393,406884.8400115967
109819,1751924728.442618,1751924918.846392,batch_consumer-sts-0_20250707_214840_921397.csv,True,False,False,1751925135.3272393,406884.62138175964
109829,1751924728.4428363,1751924918.8719451,batch_consumer-sts-0_20250707_214840_921397.csv,True,False,False,1751925135.3272393,406884.4029903412
109839,1751924728.4430592,1751924919.3307312,batch_consumer-sts-0_20250707_214840_921397.csv,True,False,False,1751925135.3272393,406884.1800689697
109849,1751924728.4432783,1751924920.4223337,batch_consumer-sts-0_20250707_214840_921397.csv,True,False,False,1751925135.3272393,406883.96096229553
109859,1751924728.4434967,1751924920.4470878,batch_consumer-sts-0_20250707_214840_921397.csv,True,False,False,1751925135.3272393,406883.7425708771
109869,1751924728.443685,1751924920.473781,batch_consumer-sts-0_20250707_214840_921397.csv,True,False,False,1751925135.3272393,406883.5542201996
109879,1751924728.4438806,1751924920.4990828,batch_consumer-sts-0_20250707_214840_921397.csv,True,False,False,1751925135.3272393,406883.3587169647
109889,1751924728.4441068,1751924920.5236468,batch_consumer-sts-0_20250707_214840_921397.csv,True,False,False,1751925135.3272393,406883.13245773315
109899,1751924728.4442947,1751924920.5484123,batch_consumer-sts-0_20250707_214840_921397.csv,True,False,False,1751925135.3272393,406882.9445838928
109909,1751924728.444496,1751924920.573315,batch_consumer-sts-0_20250707_214840_921397.csv,True,False,False,1751925135.3272393,406882.74335861206
109919,1751924728.4446814,1751924920.5970504,batch_consumer-sts-0_20250707_214840_921397.csv,True,False,False,1751925135.3272393,406882.5578689575
109929,1751924728.4448764,1751924920.621092,batch_consumer-sts-0_20250707_214840_921397.csv,True,False,False,1751925135.3272393,406882.3628425598
109939,1751924728.4450731,1751924920.6467588,batch_consumer-sts-0_20250707_214840_921397.csv,True,False,False,1751925135.3272393,406882.16614723206
109949,1751924728.445274,1751924920.6718493,batch_consumer-sts-0_20250707_214840_921397.csv,True,False,False,1751925135.3272393,406881.9651603699
109959,1751924728.4454627,1751924920.6968026,batch_consumer-sts-0_20250707_214840_921397.csv,True,False,False,1751925135.3272393,406881.7765712738
109969,1751924728.4456513,1751924920.721166,batch_consumer-sts-0_20250707_214840_921397.csv,True,False,False,1751925135.3272393,406881.58798217773
109979,1751924728.4458325,1751924920.7471364,batch_consumer-sts-0_20250707_214840_921397.csv,True,False,False,1751925135.3272393,406881.4067840576
109989,1751924728.446018,1751924920.7721877,batch_consumer-sts-0_20250707_214840_921397.csv,True,False,False,1751925135.3272393,406881.2212944031
109999,1751924728.4462273,1751924920.797149,batch_consumer-sts-0_20250707_214840_921397.csv,True,False,False,1751925135.3272393,406881.0119628906
110009,1751924728.4464226,1751924920.8218467,batch_consumer-sts-0_20250707_214840_921397.csv,True,False,False,1751925135.3272393,406880.81669807434
110019,1751924728.4466114,1751924920.8465917,batch_consumer-sts-0_20250707_214840_921397.csv,True,False,False,1751925135.3272393,406880.6278705597
110029,1751924728.4468048,1751924920.8713388,batch_consumer-sts-0_20250707_214840_921397.csv,True,False,False,1751925135.3272393,406880.43451309204
110039,1751924728.4469976,1751924920.8959894,batch_consumer-sts-0_20250707_214840_921397.csv,True,False,False,1751925135.3272393,406880.24163246155
110049,1751924728.4471943,1751924921.114533,batch_consumer-sts-0_20250707_214859_053141.csv,True,False,False,1751925135.3272393,406880.0449371338
110059,1751924728.4473925,1751924921.1398635,batch_consumer-sts-0_20250707_214859_053141.csv,True,False,False,1751925135.3272393,406879.84681129456
110069,1751924728.447577,1751924921.1652062,batch_consumer-sts-0_20250707_214859_053141.csv,True,False,False,1751925135.3272393,406879.66227531433
110079,1751924728.44776,1751924921.1899478,batch_consumer-sts-0_20250707_214859_053141.csv,True,False,False,1751925135.3272393,406879.4791698456
110089,1751924728.447948,1751924921.215085,batch_consumer-sts-0_20250707_214859_053141.csv,True,False,False,1751925135.3272393,406879.29129600525
110099,1751924728.4481316,1751924921.2402985,batch_consumer-sts-0_20250707_214859_053141.csv,True,False,False,1751925135.3272393,406879.10771369934
110109,1751924728.4483202,1751924921.2643626,batch_consumer-sts-0_20250707_214859_053141.csv,True,False,False,1751925135.3272393,406878.9191246033
110119,1751924728.448499,1751924921.2883492,batch_consumer-sts-0_20250707_214859_053141.csv,True,False,False,1751925135.3272393,406878.74031066895
110129,1751924728.4486864,1751924921.3128655,batch_consumer-sts-0_20250707_214859_053141.csv,True,False,False,1751925135.3272393,406878.5529136658
110139,1751924728.448895,1751924921.3379717,batch_consumer-sts-0_20250707_214859_053141.csv,True,False,False,1751925135.3272393,406878.34429740906
110149,1751924728.449083,1751924921.363039,batch_consumer-sts-0_20250707_214859_053141.csv,True,False,False,1751925135.3272393,406878.15618515015
110159,1751924728.4492726,1751924921.3882475,batch_consumer-sts-0_20250707_214859_053141.csv,True,False,False,1751925135.3272393,406877.96664237976
110169,1751924728.4494653,1751924921.4127882,batch_consumer-sts-0_20250707_214859_053141.csv,True,False,False,1751925135.3272393,406877.77400016785
110179,1751924728.449652,1751924921.4376042,batch_consumer-sts-0_20250707_214859_053141.csv,True,False,False,1751925135.3272393,406877.5873184204
110189,1751924728.4498477,1751924921.462348,batch_consumer-sts-0_20250707_214859_053141.csv,True,False,False,1751925135.3272393,406877.39157676697
110199,1751924728.4500415,1751924921.4870455,batch_consumer-sts-0_20250707_214859_053141.csv,True,False,False,1751925135.3272393,406877.19774246216
110209,1751924728.4502392,1751924921.5110755,batch_consumer-sts-0_20250707_214859_053141.csv,True,False,False,1751925135.3272393,406877.0000934601
110219,1751924728.4504285,1751924921.5357814,batch_consumer-sts-0_20250707_214859_053141.csv,True,False,False,1751925135.3272393,406876.8107891083
110229,1751924728.4506178,1751924921.8791556,batch_consumer-sts-0_20250707_214859_053141.csv,True,False,False,1751925135.3272393,406876.62148475647
110239,1751924728.4508278,1751924921.904556,batch_consumer-sts-0_20250707_214859_053141.csv,True,False,False,1751925135.3272393,406876.4114379883
110249,1751924728.4510188,1751924921.9292345,batch_consumer-sts-0_20250707_214859_053141.csv,True,False,False,1751925135.3272393,406876.2204647064
110259,1751924728.4512095,1751924921.9541032,batch_consumer-sts-0_20250707_214859_053141.csv,True,False,False,1751925135.3272393,406876.02972984314
110269,1751924728.7624574,1751924921.9791574,batch_consumer-sts-0_20250707_214859_053141.csv,True,False,False,1751925135.3272393,406564.7819042206
110279,1751924728.7627263,1751924922.002916,batch_consumer-sts-0_20250707_214859_053141.csv,True,False,False,1751925135.3272393,406564.51296806335
110289,1751924728.7629547,1751924922.0335903,batch_consumer-sts-0_20250707_214859_053141.csv,True,False,False,1751925135.3272393,406564.2845630646
110299,1751924728.763184,1751924922.058653,batch_consumer-sts-0_20250707_214859_053141.csv,True,False,False,1751925135.3272393,406564.0552043915
110309,1751924728.7634408,1751924922.0841718,batch_consumer-sts-0_20250707_214859_053141.csv,True,False,False,1751925135.3272393,406563.7984275818
110319,1751924728.7636728,1751924922.1088982,batch_consumer-sts-0_20250707_214859_053141.csv,True,False,False,1751925135.3272393,406563.5664463043
110329,1751924728.7638917,1751924922.133743,batch_consumer-sts-0_20250707_214859_053141.csv,True,False,False,1751925135.3272393,406563.3475780487
110339,1751924728.7640874,1751924922.160182,batch_consumer-sts-0_20250707_214859_053141.csv,True,False,False,1751925135.3272393,406563.15183639526
110349,1751924728.7642813,1751924922.186054,batch_consumer-sts-0_20250707_214859_053141.csv,True,False,False,1751925135.3272393,406562.95800209045
110359,1751924728.7644677,1751924922.21014,batch_consumer-sts-0_20250707_214859_053141.csv,True,False,False,1751925135.3272393,406562.7715587616
110369,1751924728.76466,1751924922.2383869,batch_consumer-sts-0_20250707_214859_053141.csv,True,False,False,1751925135.3272393,406562.57939338684
110379,1751924728.764862,1751924922.2635453,batch_consumer-sts-0_20250707_214859_053141.csv,True,False,False,1751925135.3272393,406562.37721443176
110389,1751924728.765045,1751924922.2908435,batch_consumer-sts-0_20250707_214859_053141.csv,True,False,False,1751925135.3272393,406562.1943473816
110399,1751924728.765226,1751924922.3151562,batch_consumer-sts-0_20250707_214859_053141.csv,True,False,False,1751925135.3272393,406562.01338768005
110409,1751924728.7654114,1751924922.3401375,batch_consumer-sts-0_20250707_214859_053141.csv,True,False,False,1751925135.3272393,406561.8278980255
110419,1751924728.7655935,1751924922.3666203,batch_consumer-sts-0_20250707_214859_053141.csv,True,False,False,1751925135.3272393,406561.6457462311
110429,1751924728.7657795,1751924922.3915484,batch_consumer-sts-0_20250707_214859_053141.csv,True,False,False,1751925135.3272393,406561.4597797394
110439,1751924728.76597,1751924922.4159138,batch_consumer-sts-0_20250707_214859_053141.csv,True,False,False,1751925135.3272393,406561.2692832947
110449,1751924728.766168,1751924922.442093,batch_consumer-sts-0_20250707_214859_053141.csv,True,False,False,1751925135.3272393,406561.07115745544
110459,1751924728.766384,1751924922.4671874,batch_consumer-sts-0_20250707_214859_053141.csv,True,False,False,1751925135.3272393,406560.85538864136
110469,1751924728.766586,1751924922.4921486,batch_consumer-sts-0_20250707_214859_053141.csv,True,False,False,1751925135.3272393,406560.6532096863
110479,1751924728.766779,1751924922.5165272,batch_consumer-sts-0_20250707_214859_053141.csv,True,False,False,1751925135.3272393,406560.4603290558
110489,1751924728.7669752,1751924922.542262,batch_consumer-sts-0_20250707_214859_053141.csv,True,False,False,1751925135.3272393,406560.2641105652
110499,1751924728.7671683,1751924922.5675328,batch_consumer-sts-0_20250707_214859_053141.csv,True,False,False,1751925135.3272393,406560.0709915161
110509,1751924728.767367,1751924922.5931878,batch_consumer-sts-0_20250707_214859_053141.csv,True,False,False,1751925135.3272393,406559.8723888397
110519,1751924728.7675667,1751924922.6177735,batch_consumer-sts-0_20250707_214859_053141.csv,True,False,False,1751925135.3272393,406559.67259407043
110529,1751924728.7677443,1751924922.6425974,batch_consumer-sts-0_20250707_214859_053141.csv,True,False,False,1751925135.3272393,406559.494972229
110539,1751924728.7679296,1751924922.668058,batch_consumer-sts-0_20250707_214859_053141.csv,True,False,False,1751925135.3272393,406559.30972099304
115539,1751924731.488771,1751924922.692762,batch_consumer-sts-0_20250707_214859_053141.csv,True,False,False,1751925135.3272393,403838.46831321716
115549,1751924731.488978,1751924922.7170205,batch_consumer-sts-0_20250707_214859_053141.csv,True,False,False,1751925135.3272393,403838.2613658905
115559,1751924731.4891956,1751924922.7421875,batch_consumer-sts-0_20250707_214859_053141.csv,True,False,False,1751925135.3272393,403838.0436897278
115569,1751924731.489395,1751924922.7670343,batch_consumer-sts-0_20250707_214859_053141.csv,True,False,False,1751925135.3272393,403837.84437179565
115579,1751924731.4895885,1751924922.792039,batch_consumer-sts-0_20250707_214859_053141.csv,True,False,False,1751925135.3272393,403837.6507759094
115589,1751924731.4897854,1751924922.816524,batch_consumer-sts-0_20250707_214859_053141.csv,True,False,False,1751925135.3272393,403837.4538421631
115599,1751924731.4899795,1751924922.8412402,batch_consumer-sts-0_20250707_214859_053141.csv,True,False,False,1751925135.3272393,403837.2597694397
115609,1751924731.4901867,1751924922.8664117,batch_consumer-sts-0_20250707_214859_053141.csv,True,False,False,1751925135.3272393,403837.05258369446
115619,1751924731.4903915,1751924922.8930445,batch_consumer-sts-0_20250707_214859_053141.csv,True,False,False,1751925135.3272393,403836.847782135
115629,1751924731.4905777,1751924922.917365,batch_consumer-sts-0_20250707_214859_053141.csv,True,False,False,1751925135.3272393,403836.66157722473
115639,1751924731.4907622,1751924922.9427786,batch_consumer-sts-0_20250707_214859_053141.csv,True,False,False,1751925135.3272393,403836.4770412445
115649,1751924731.4909403,1751924922.9677894,batch_consumer-sts-0_20250707_214859_053141.csv,True,False,False,1751925135.3272393,403836.2989425659
115659,1751924731.4911203,1751924922.9940712,batch_consumer-sts-0_20250707_214859_053141.csv,True,False,False,1751925135.3272393,403836.1189365387
115669,1751924731.4913037,1751924923.0182545,batch_consumer-sts-0_20250707_214859_053141.csv,True,False,False,1751925135.3272393,403835.93559265137
115679,1751924731.4914868,1751924923.043362,batch_consumer-sts-0_20250707_214859_053141.csv,True,False,False,1751925135.3272393,403835.7524871826
115689,1751924731.4916694,1751924923.0682397,batch_consumer-sts-0_20250707_214859_053141.csv,True,False,False,1751925135.3272393,403835.569858551
115699,1751924731.4918573,1751924923.092959,batch_consumer-sts-0_20250707_214859_053141.csv,True,False,False,1751925135.3272393,403835.3819847107
115709,1751924731.4920394,1751924923.117122,batch_consumer-sts-0_20250707_214859_053141.csv,True,False,False,1751925135.3272393,403835.19983291626
115719,1751924731.4922276,1751924923.1418796,batch_consumer-sts-0_20250707_214859_053141.csv,True,False,False,1751925135.3272393,403835.01172065735
115729,1751924731.4924104,1751924923.1666515,batch_consumer-sts-0_20250707_214859_053141.csv,True,False,False,1751925135.3272393,403834.8288536072
115739,1751924731.4925928,1751924923.1919353,batch_consumer-sts-0_20250707_214859_053141.csv,True,False,False,1751925135.3272393,403834.64646339417
115749,1751924731.4927752,1751924923.2163336,batch_consumer-sts-0_20250707_214859_053141.csv,True,False,False,1751925135.3272393,403834.46407318115
115759,1751924731.4929783,1751924923.241788,batch_consumer-sts-0_20250707_214859_053141.csv,True,False,False,1751925135.3272393,403834.26094055176
115769,1751924731.4931717,1751924923.267361,batch_consumer-sts-0_20250707_214859_053141.csv,True,False,False,1751925135.3272393,403834.0675830841
115779,1751924731.4933732,1751924923.292636,batch_consumer-sts-0_20250707_214859_053141.csv,True,False,False,1751925135.3272393,403833.86611938477
115789,1751924731.4935803,1751924923.3171363,batch_consumer-sts-0_20250707_214859_053141.csv,True,False,False,1751925135.3272393,403833.6589336395
115799,1751924731.4937809,1751924923.3418958,batch_consumer-sts-0_20250707_214859_053141.csv,True,False,False,1751925135.3272393,403833.4584236145
115809,1751924731.4939754,1751924923.3669915,batch_consumer-sts-0_20250707_214859_053141.csv,True,False,False,1751925135.3272393,403833.26387405396
115819,1751924731.4941723,1751924923.3919933,batch_consumer-sts-0_20250707_214859_053141.csv,True,False,False,1751925135.3272393,403833.0669403076
115829,1751924731.4943616,1751924923.4164162,batch_consumer-sts-0_20250707_214859_053141.csv,True,False,False,1751925135.3272393,403832.8776359558
115839,1751924731.4945433,1751924923.4410186,batch_consumer-sts-0_20250707_214859_053141.csv,True,False,False,1751925135.3272393,403832.69596099854
115849,1751924731.494719,1751924923.4657595,batch_consumer-sts-0_20250707_214859_053141.csv,True,False,False,1751925135.3272393,403832.52024650574
115859,1751924731.4949048,1751924923.490958,batch_consumer-sts-0_20250707_214859_053141.csv,True,False,False,1751925135.3272393,403832.3345184326
115869,1751924731.495082,1751924923.5156317,batch_consumer-sts-0_20250707_214859_053141.csv,True,False,False,1751925135.3272393,403832.15737342834
115879,1751924731.4952652,1751924923.5405042,batch_consumer-sts-0_20250707_214859_053141.csv,True,False,False,1751925135.3272393,403831.974029541
115889,1751924731.4954388,1751924923.5654185,batch_consumer-sts-0_20250707_214859_053141.csv,True,False,False,1751925135.3272393,403831.80046081543
115899,1751924731.495619,1751924923.5906954,batch_consumer-sts-0_20250707_214859_053141.csv,True,False,False,1751925135.3272393,403831.6202163696
115909,1751924731.495795,1751924923.614736,batch_consumer-sts-0_20250707_214859_053141.csv,True,False,False,1751925135.3272393,403831.44426345825
115919,1751924731.4959788,1751924923.639678,batch_consumer-sts-0_20250707_214859_053141.csv,True,False,False,1751925135.3272393,403831.26044273376
115929,1751924731.4961605,1751924923.6660855,batch_consumer-sts-0_20250707_214859_053141.csv,True,False,False,1751925135.3272393,403831.0787677765
115939,1751924731.49635,1751924923.6910026,batch_consumer-sts-0_20250707_214859_053141.csv,True,False,False,1751925135.3272393,403830.8892250061
121079,1751924733.807953,1751924923.715112,batch_consumer-sts-0_20250707_214859_053141.csv,True,False,False,1751925135.3272393,401519.28639411926
121089,1751924733.8081665,1751924923.739807,batch_consumer-sts-0_20250707_214859_053141.csv,True,False,False,1751925135.3272393,401519.0727710724
121099,1751924733.8083637,1751924923.7648492,batch_consumer-sts-0_20250707_214859_053141.csv,True,False,False,1751925135.3272393,401518.87559890747
121109,1751924733.808566,1751924923.7896342,batch_consumer-sts-0_20250707_214859_053141.csv,True,False,False,1751925135.3272393,401518.6731815338
121119,1751924733.8087604,1751924923.818045,batch_consumer-sts-0_20250707_214859_053141.csv,True,False,False,1751925135.3272393,401518.47887039185
121129,1751924733.8089569,1751924923.8434055,batch_consumer-sts-0_20250707_214859_053141.csv,True,False,False,1751925135.3272393,401518.28241348267
121139,1751924733.809151,1751924923.917652,batch_consumer-sts-0_20250707_214859_053141.csv,True,False,False,1751925135.3272393,401518.0883407593
121149,1751924733.8093486,1751924923.9454825,batch_consumer-sts-0_20250707_214859_053141.csv,True,False,False,1751925135.3272393,401517.8906917572
121159,1751924733.8095465,1751924923.970638,batch_consumer-sts-0_20250707_214859_053141.csv,True,False,False,1751925135.3272393,401517.69280433655
121169,1751924733.8097453,1751924923.9956026,batch_consumer-sts-0_20250707_214859_053141.csv,True,False,False,1751925135.3272393,401517.4939632416
121179,1751924733.8099394,1751924924.0200186,batch_consumer-sts-0_20250707_214859_053141.csv,True,False,False,1751925135.3272393,401517.2998905182
121189,1751924733.8101296,1751924924.0450432,batch_consumer-sts-0_20250707_214859_053141.csv,True,False,False,1751925135.3272393,401517.10963249207
121199,1751924733.810363,1751924924.0732355,batch_consumer-sts-0_20250707_214859_053141.csv,True,False,False,1751925135.3272393,401516.8762207031
121209,1751924733.8105624,1751924924.0979826,batch_consumer-sts-0_20250707_214859_053141.csv,True,False,False,1751925135.3272393,401516.676902771
121219,1751924733.8107605,1751924924.1233888,batch_consumer-sts-0_20250707_214859_053141.csv,True,False,False,1751925135.3272393,401516.47877693176
121229,1751924733.810974,1751924924.1486645,batch_consumer-sts-0_20250707_214859_053141.csv,True,False,False,1751925135.3272393,401516.26539230347
121239,1751924733.811165,1751924924.1738634,batch_consumer-sts-0_20250707_214859_053141.csv,True,False,False,1751925135.3272393,401516.074180603
121249,1751924733.8113554,1751924924.198911,batch_consumer-sts-0_20250707_214859_053141.csv,True,False,False,1751925135.3272393,401515.8839225769
121259,1751924733.8115416,1751924924.224038,batch_consumer-sts-0_20250707_214859_053141.csv,True,False,False,1751925135.3272393,401515.6977176666
121269,1751924733.8117294,1751924924.2490146,batch_consumer-sts-0_20250707_214859_053141.csv,True,False,False,1751925135.3272393,401515.5098438263
121279,1751924733.811918,1751924924.274185,batch_consumer-sts-0_20250707_214859_053141.csv,True,False,False,1751925135.3272393,401515.3212547302
121289,1751924733.8121102,1751924924.2984326,batch_consumer-sts-0_20250707_214859_053141.csv,True,False,False,1751925135.3272393,401515.12908935547
121299,1751924733.812298,1751924924.3238811,batch_consumer-sts-0_20250707_214859_053141.csv,True,False,False,1751925135.3272393,401514.94121551514
121309,1751924733.8124871,1751924924.348764,batch_consumer-sts-0_20250707_214859_053141.csv,True,False,False,1751925135.3272393,401514.7521495819
121319,1751924733.8126829,1751924924.7323658,batch_consumer-sts-0_20250707_214859_053141.csv,True,False,False,1751925135.3272393,401514.55640792847
121329,1751924733.8128788,1751924924.7571447,batch_consumer-sts-0_20250707_214859_053141.csv,True,False,False,1751925135.3272393,401514.36042785645
121339,1751924733.8130698,1751924924.7817144,batch_consumer-sts-0_20250707_214859_053141.csv,True,False,False,1751925135.3272393,401514.1694545746
121349,1751924733.8132854,1751924924.8068824,batch_consumer-sts-0_20250707_214859_053141.csv,True,False,False,1751925135.3272393,401513.9539241791
121359,1751924733.8134823,1751924924.8311732,batch_consumer-sts-0_20250707_214859_053141.csv,True,False,False,1751925135.3272393,401513.75699043274
121369,1751924733.8136816,1751924925.8579571,batch_consumer-sts-0_20250707_214859_053141.csv,True,False,False,1751925135.3272393,401513.5576725006
121379,1751924733.8139513,1751924925.88289,batch_consumer-sts-0_20250707_214859_053141.csv,True,False,False,1751925135.3272393,401513.28802108765
121389,1751924733.81416,1751924925.9088197,batch_consumer-sts-0_20250707_214859_053141.csv,True,False,False,1751925135.3272393,401513.07916641235
121399,1751924733.8143706,1751924925.9338083,batch_consumer-sts-0_20250707_214859_053141.csv,True,False,False,1751925135.3272393,401512.868642807
121409,1751924733.814583,1751924925.9584594,batch_consumer-sts-0_20250707_214859_053141.csv,True,False,False,1751925135.3272393,401512.656211853
121419,1751924733.8147724,1751924925.983362,batch_consumer-sts-0_20250707_214859_053141.csv,True,False,False,1751925135.3272393,401512.4669075012
121429,1751924733.8149643,1751924926.0077689,batch_consumer-sts-0_20250707_214859_053141.csv,True,False,False,1751925135.3272393,401512.27498054504
121439,1751924733.8151703,1751924926.032586,batch_consumer-sts-0_20250707_214859_053141.csv,True,False,False,1751925135.3272393,401512.0689868927
122129,1751924734.3761475,1751924926.0572386,batch_consumer-sts-0_20250707_214859_053141.csv,True,False,False,1751925135.3272393,400951.0917663574
122139,1751924734.491068,1751924926.083377,batch_consumer-sts-0_20250707_214859_053141.csv,True,False,False,1751925135.3272393,400836.1713886261
122149,1751924734.4913318,1751924926.1066003,batch_consumer-sts-0_20250707_214859_053141.csv,True,False,False,1751925135.3272393,400835.90745925903
122159,1751924734.4916046,1751924926.1309724,batch_consumer-sts-0_20250707_214859_053141.csv,True,False,False,1751925135.3272393,400835.63470840454
122169,1751924734.491845,1751924926.1555667,batch_consumer-sts-0_20250707_214859_053141.csv,True,False,False,1751925135.3272393,400835.3943824768
122179,1751924734.4920535,1751924926.180426,batch_consumer-sts-0_20250707_214859_053141.csv,True,False,False,1751925135.3272393,400835.1857662201
122189,1751924734.4923024,1751924926.2051935,batch_consumer-sts-0_20250707_214859_053141.csv,True,False,False,1751925135.3272393,400834.9368572235
122199,1751924734.4925356,1751924926.229697,batch_consumer-sts-0_20250707_214859_053141.csv,True,False,False,1751925135.3272393,400834.70368385315
122209,1751924734.4927783,1751924926.25463,batch_consumer-sts-0_20250707_214859_053141.csv,True,False,False,1751925135.3272393,400834.4609737396
122219,1751924734.4930422,1751924926.279357,batch_consumer-sts-0_20250707_214859_053141.csv,True,False,False,1751925135.3272393,400834.19704437256
122229,1751924734.4932833,1751924926.3041432,batch_consumer-sts-0_20250707_214859_053141.csv,True,False,False,1751925135.3272393,400833.9560031891
122239,1751924734.4934895,1751924926.3289669,batch_consumer-sts-0_20250707_214859_053141.csv,True,False,False,1751925135.3272393,400833.74977111816
122249,1751924734.4936984,1751924926.3536904,batch_consumer-sts-0_20250707_214859_053141.csv,True,False,False,1751925135.3272393,400833.5409164429
122259,1751924734.4939086,1751924926.3786922,batch_consumer-sts-0_20250707_214859_053141.csv,True,False,False,1751925135.3272393,400833.3306312561
122269,1751924734.4941127,1751924926.4033406,batch_consumer-sts-0_20250707_214859_053141.csv,True,False,False,1751925135.3272393,400833.1265449524
122279,1751924734.4943843,1751924926.428621,batch_consumer-sts-0_20250707_214859_053141.csv,True,False,False,1751925135.3272393,400832.8549861908
122289,1751924734.4946284,1751924926.4538677,batch_consumer-sts-0_20250707_214859_053141.csv,True,False,False,1751925135.3272393,400832.6108455658
122299,1751924734.4948733,1751924926.4788952,batch_consumer-sts-0_20250707_214859_053141.csv,True,False,False,1751925135.3272393,400832.36598968506
122309,1751924734.4951146,1751924926.503712,batch_consumer-sts-0_20250707_214859_053141.csv,True,False,False,1751925135.3272393,400832.124710083
122319,1751924734.4953744,1751924926.5296214,batch_consumer-sts-0_20250707_214859_053141.csv,True,False,False,1751925135.3272393,400831.8648338318
122329,1751924734.4956014,1751924926.5580063,batch_consumer-sts-0_20250707_214859_053141.csv,True,False,False,1751925135.3272393,400831.6378593445
122339,1751924734.495798,1751924926.5825708,batch_consumer-sts-0_20250707_214859_053141.csv,True,False,False,1751925135.3272393,400831.4411640167
122349,1751924734.495991,1751924926.606774,batch_consumer-sts-0_20250707_214859_053141.csv,True,False,False,1751925135.3272393,400831.24828338623
122359,1751924734.496183,1751924926.6314366,batch_consumer-sts-0_20250707_214859_053141.csv,True,False,False,1751925135.3272393,400831.05635643005
122369,1751924734.4963758,1751924926.6564298,batch_consumer-sts-0_20250707_214859_053141.csv,True,False,False,1751925135.3272393,400830.86347579956
122379,1751924734.4965675,1751924926.881873,batch_consumer-sts-0_20250707_214859_053141.csv,True,False,False,1751925135.3272393,400830.67178726196
122389,1751924734.496761,1751924926.9070148,batch_consumer-sts-0_20250707_214859_053141.csv,True,False,False,1751925135.3272393,400830.47819137573
122399,1751924734.496956,1751924926.931843,batch_consumer-sts-0_20250707_214859_053141.csv,True,False,False,1751925135.3272393,400830.283164978
122409,1751924734.4971583,1751924926.9568558,batch_consumer-sts-0_20250707_214859_053141.csv,True,False,False,1751925135.3272393,400830.08098602295
135689,1751924738.6790416,1751924926.981529,batch_consumer-sts-0_20250707_214859_053141.csv,True,False,False,1751925135.3272393,396648.1976509094
135699,1751924738.6793804,1751924927.0060182,batch_consumer-sts-0_20250707_214859_053141.csv,True,False,False,1751925135.3272393,396647.8588581085
135709,1751924738.6797209,1751924927.0305643,batch_consumer-sts-0_20250707_214859_053141.csv,True,False,False,1751925135.3272393,396647.51839637756
135719,1751924738.6800735,1751924927.0549915,batch_consumer-sts-0_20250707_214859_053141.csv,True,False,False,1751925135.3272393,396647.1657752991
135729,1751924738.6804204,1751924927.079224,batch_consumer-sts-0_20250707_214859_053141.csv,True,False,False,1751925135.3272393,396646.8188762665
135739,1751924738.6807563,1751924927.103834,batch_consumer-sts-0_20250707_214859_053141.csv,True,False,False,1751925135.3272393,396646.4829444885
135749,1751924738.6810915,1751924927.128396,batch_consumer-sts-0_20250707_214859_053141.csv,True,False,False,1751925135.3272393,396646.1477279663
135759,1751924738.6814272,1751924927.1537411,batch_consumer-sts-0_20250707_214859_053141.csv,True,False,False,1751925135.3272393,396645.81203460693
135769,1751924738.681746,1751924927.1783376,batch_consumer-sts-0_20250707_214859_053141.csv,True,False,False,1751925135.3272393,396645.4932689667
135779,1751924738.6820629,1751924927.2017365,batch_consumer-sts-0_20250707_214859_053141.csv,True,False,False,1751925135.3272393,396645.17641067505
135789,1751924738.682415,1751924927.2265575,batch_consumer-sts-0_20250707_214859_053141.csv,True,False,False,1751925135.3272393,396644.8242664337
135799,1751924738.682757,1751924927.251548,batch_consumer-sts-0_20250707_214859_053141.csv,True,False,False,1751925135.3272393,396644.4823741913
135809,1751924738.683108,1751924927.2764018,batch_consumer-sts-0_20250707_214859_053141.csv,True,False,False,1751925135.3272393,396644.13118362427
135819,1751924738.683465,1751924927.301418,batch_consumer-sts-0_20250707_214859_053141.csv,True,False,False,1751925135.3272393,396643.77427101135
145749,1751924742.1203823,1751924927.326275,batch_consumer-sts-0_20250707_214859_053141.csv,True,False,False,1751925135.3272393,393206.8569660187
145759,1751924742.1207805,1751924927.351351,batch_consumer-sts-0_20250707_214859_053141.csv,True,False,False,1751925135.3272393,393206.4588069916
145769,1751924742.12118,1751924927.3760536,batch_consumer-sts-0_20250707_214859_053141.csv,True,False,False,1751925135.3272393,393206.059217453
145779,1751924742.1215773,1751924927.4007645,batch_consumer-sts-0_20250707_214859_053141.csv,True,False,False,1751925135.3272393,393205.6620121002
145789,1751924742.1219697,1751924927.4261324,batch_consumer-sts-0_20250707_214859_053141.csv,True,False,False,1751925135.3272393,393205.269575119
145799,1751924742.122396,1751924927.45112,batch_consumer-sts-0_20250707_214859_053141.csv,True,False,False,1751925135.3272393,393204.8432826996
145809,1751924742.1227748,1751924927.4754417,batch_consumer-sts-0_20250707_214859_053141.csv,True,False,False,1751925135.3272393,393204.4644355774
145819,1751924742.1231556,1751924927.5007083,batch_consumer-sts-0_20250707_214859_053141.csv,True,False,False,1751925135.3272393,393204.08368110657
145829,1751924742.1235385,1751924927.5284848,batch_consumer-sts-0_20250707_214859_053141.csv,True,False,False,1751925135.3272393,393203.70078086853
145839,1751924742.123924,1751924927.5530586,batch_consumer-sts-0_20250707_214859_053141.csv,True,False,False,1751925135.3272393,393203.3152580261
145849,1751924742.1242704,1751924927.5775568,batch_consumer-sts-0_20250707_214859_053141.csv,True,False,False,1751925135.3272393,393202.9688358307
145859,1751924742.1245158,1751924927.601894,batch_consumer-sts-0_20250707_214859_053141.csv,True,False,False,1751925135.3272393,393202.7235031128
145869,1751924742.1247702,1751924927.626193,batch_consumer-sts-0_20250707_214859_053141.csv,True,False,False,1751925135.3272393,393202.4691104889
145879,1751924742.1250205,1751924927.6504738,batch_consumer-sts-0_20250707_214859_053141.csv,True,False,False,1751925135.3272393,393202.21877098083
145889,1751924742.1252923,1751924927.6752594,batch_consumer-sts-0_20250707_214859_053141.csv,True,False,False,1751925135.3272393,393201.94697380066
145899,1751924742.125549,1751924927.698923,batch_consumer-sts-0_20250707_214859_053141.csv,True,False,False,1751925135.3272393,393201.69019699097
145909,1751924742.1257982,1751924927.7235873,batch_consumer-sts-0_20250707_214859_053141.csv,True,False,False,1751925135.3272393,393201.4410495758
145919,1751924742.1260488,1751924927.7486937,batch_consumer-sts-0_20250707_214859_053141.csv,True,False,False,1751925135.3272393,393201.19047164917
145929,1751924742.1263251,1751924927.7741127,batch_consumer-sts-0_20250707_214859_053141.csv,True,False,False,1751925135.3272393,393200.914144516
145939,1751924742.1265814,1751924927.7988875,batch_consumer-sts-0_20250707_214859_053141.csv,True,False,False,1751925135.3272393,393200.65784454346
145949,1751924742.126841,1751924927.823899,batch_consumer-sts-0_20250707_214859_053141.csv,True,False,False,1751925135.3272393,393200.3982067108
145959,1751924742.1270974,1751924927.848848,batch_consumer-sts-0_20250707_214859_053141.csv,True,False,False,1751925135.3272393,393200.1419067383
145969,1751924742.1273544,1751924927.8737907,batch_consumer-sts-0_20250707_214859_053141.csv,True,False,False,1751925135.3272393,393199.88489151
145979,1751924742.1276095,1751924927.898977,batch_consumer-sts-0_20250707_214859_053141.csv,True,False,False,1751925135.3272393,393199.6297836304
145989,1751924742.1278603,1751924927.9240685,batch_consumer-sts-0_20250707_214859_053141.csv,True,False,False,1751925135.3272393,393199.37896728516
145999,1751924742.1281064,1751924927.9489548,batch_consumer-sts-0_20250707_214859_053141.csv,True,False,False,1751925135.3272393,393199.1329193115
146009,1751924742.1283507,1751924927.9738832,batch_consumer-sts-0_20250707_214859_053141.csv,True,False,False,1751925135.3272393,393198.88854026794
146019,1751924742.1285996,1751924927.998931,batch_consumer-sts-0_20250707_214859_053141.csv,True,False,False,1751925135.3272393,393198.63963127136
146029,1751924742.1288486,1751924928.027453,batch_consumer-sts-0_20250707_214859_053141.csv,True,False,False,1751925135.3272393,393198.3907222748
146039,1751924742.1291034,1751924928.0526164,batch_consumer-sts-0_20250707_214859_053141.csv,True,False,False,1751925135.3272393,393198.1358528137
146049,1751924742.1293485,1751924928.077695,batch_consumer-sts-0_20250707_214859_053141.csv,True,False,False,1751925135.3272393,393197.8907585144
146059,1751924742.129593,1751924928.102667,batch_consumer-sts-0_20250707_214859_053141.csv,True,False,False,1751925135.3272393,393197.6463794708
146069,1751924742.1298356,1751924928.127743,batch_consumer-sts-0_20250707_214859_053141.csv,True,False,False,1751925135.3272393,393197.4036693573
146079,1751924742.1300857,1751924928.1526492,batch_consumer-sts-0_20250707_214859_053141.csv,True,False,False,1751925135.3272393,393197.1535682678
146089,1751924742.1303504,1751924928.1777377,batch_consumer-sts-0_20250707_214859_053141.csv,True,False,False,1751925135.3272393,393196.888923645
146099,1751924742.130602,1751924928.202751,batch_consumer-sts-0_20250707_214859_053141.csv,True,False,False,1751925135.3272393,393196.63739204407
146109,1751924742.1308455,1751924928.2275283,batch_consumer-sts-0_20250707_214859_053141.csv,True,False,False,1751925135.3272393,393196.3937282562
146119,1751924742.131097,1751924928.2526174,batch_consumer-sts-0_20250707_214859_053141.csv,True,False,False,1751925135.3272393,393196.1421966553
146129,1751924742.1313517,1751924928.277573,batch_consumer-sts-0_20250707_214859_053141.csv,True,False,False,1751925135.3272393,393195.8875656128
146139,1751924742.131605,1751924928.3028595,batch_consumer-sts-0_20250707_214859_053141.csv,True,False,False,1751925135.3272393,393195.6343650818
146149,1751924742.131848,1751924928.3286045,batch_consumer-sts-0_20250707_214859_053141.csv,True,False,False,1751925135.3272393,393195.3911781311
146159,1751924742.1320975,1751924928.3553574,batch_consumer-sts-0_20250707_214859_053141.csv,True,False,False,1751925135.3272393,393195.14179229736
146169,1751924742.132344,1751924928.3824823,batch_consumer-sts-0_20250707_214859_053141.csv,True,False,False,1751925135.3272393,393194.8952674866
146179,1751924742.1325853,1751924928.4073894,batch_consumer-sts-0_20250707_214859_053141.csv,True,False,False,1751925135.3272393,393194.6539878845
146189,1751924742.132834,1751924928.4311204,batch_consumer-sts-0_20250707_214859_053141.csv,True,False,False,1751925135.3272393,393194.4053173065
146199,1751924742.1330786,1751924928.45591,batch_consumer-sts-0_20250707_214859_053141.csv,True,False,False,1751925135.3272393,393194.16069984436
146209,1751924742.1333256,1751924928.4805958,batch_consumer-sts-0_20250707_214859_053141.csv,True,False,False,1751925135.3272393,393193.9136981964
146219,1751924742.133575,1751924928.5055802,batch_consumer-sts-0_20250707_214859_053141.csv,True,False,False,1751925135.3272393,393193.6643123627
146229,1751924742.1338136,1751924928.5301938,batch_consumer-sts-0_20250707_214859_053141.csv,True,False,False,1751925135.3272393,393193.425655365
146239,1751924742.1340582,1751924928.5546806,batch_consumer-sts-0_20250707_214859_053141.csv,True,False,False,1751925135.3272393,393193.18103790283
146249,1751924742.1343143,1751924928.5789263,batch_consumer-sts-0_20250707_214859_053141.csv,True,False,False,1751925135.3272393,393192.9249763489
146259,1751924742.134561,1751924928.6034143,batch_consumer-sts-0_20250707_214859_053141.csv,True,False,False,1751925135.3272393,393192.6782131195
146269,1751924742.1348226,1751924928.627771,batch_consumer-sts-0_20250707_214859_053141.csv,True,False,False,1751925135.3272393,393192.41666793823
146279,1751924742.135074,1751924928.652024,batch_consumer-sts-0_20250707_214859_053141.csv,True,False,False,1751925135.3272393,393192.16537475586
147699,1751924743.0545468,1751924928.676782,batch_consumer-sts-0_20250707_214859_053141.csv,True,False,False,1751925135.3272393,392272.6924419403
147709,1751924743.0548017,1751924928.701287,batch_consumer-sts-0_20250707_214859_053141.csv,True,False,False,1751925135.3272393,392272.43757247925
147719,1751924743.0550394,1751924928.7258606,batch_consumer-sts-0_20250707_214859_053141.csv,True,False,False,1751925135.3272393,392272.1998691559
147729,1751924743.0552697,1751924928.7508235,batch_consumer-sts-0_20250707_214859_053141.csv,True,False,False,1751925135.3272393,392271.9695568085
147739,1751924743.0555024,1751924928.7752726,batch_consumer-sts-0_20250707_214859_053141.csv,True,False,False,1751925135.3272393,392271.73686027527
147749,1751924743.0557327,1751924928.8003151,batch_consumer-sts-0_20250707_214859_053141.csv,True,False,False,1751925135.3272393,392271.50654792786
147759,1751924743.0559652,1751924928.826818,batch_consumer-sts-0_20250707_214859_053141.csv,True,False,False,1751925135.3272393,392271.27408981323
147769,1751924743.056192,1751924928.8524408,batch_consumer-sts-0_20250707_214859_053141.csv,True,False,False,1751925135.3272393,392271.0473537445
147779,1751924743.056427,1751924928.8803084,batch_consumer-sts-0_20250707_214859_053141.csv,True,False,False,1751925135.3272393,392270.8122730255
147789,1751924743.0566628,1751924928.9061222,batch_consumer-sts-0_20250707_214859_053141.csv,True,False,False,1751925135.3272393,392270.5764770508
147799,1751924743.0568922,1751924928.9357915,batch_consumer-sts-0_20250707_214859_053141.csv,True,False,False,1751925135.3272393,392270.3471183777
147809,1751924743.0571232,1751924928.9608862,batch_consumer-sts-0_20250707_214859_053141.csv,True,False,False,1751925135.3272393,392270.11609077454
147819,1751924743.0573535,1751924929.03573,batch_consumer-sts-0_20250707_214859_053141.csv,True,False,False,1751925135.3272393,392269.8857784271
147829,1751924743.0575824,1751924929.0606525,batch_consumer-sts-0_20250707_214859_053141.csv,True,False,False,1751925135.3272393,392269.6568965912
147839,1751924743.0578165,1751924929.0854938,batch_consumer-sts-0_20250707_214859_053141.csv,True,False,False,1751925135.3272393,392269.4227695465
147849,1751924743.0580535,1751924929.110072,batch_consumer-sts-0_20250707_214859_053141.csv,True,False,False,1751925135.3272393,392269.1857814789
147859,1751924743.0582938,1751924929.1350996,batch_consumer-sts-0_20250707_214859_053141.csv,True,False,False,1751925135.3272393,392268.94545555115
147869,1751924743.0585282,1751924929.1592453,batch_consumer-sts-0_20250707_214859_053141.csv,True,False,False,1751925135.3272393,392268.7110900879
147879,1751924743.058761,1751924929.1846125,batch_consumer-sts-0_20250707_214859_053141.csv,True,False,False,1751925135.3272393,392268.4783935547
147889,1751924743.0590029,1751924929.208852,batch_consumer-sts-0_20250707_214859_053141.csv,True,False,False,1751925135.3272393,392268.2363986969
147899,1751924743.0592415,1751924929.2335386,batch_consumer-sts-0_20250707_214859_053141.csv,True,False,False,1751925135.3272393,392267.9977416992
147909,1751924743.0594845,1751924929.2585108,batch_consumer-sts-0_20250707_214859_053141.csv,True,False,False,1751925135.3272393,392267.7547931671
147919,1751924743.059722,1751924929.2834723,batch_consumer-sts-0_20250707_214859_053141.csv,True,False,False,1751925135.3272393,392267.5173282623
147929,1751924743.0599604,1751924929.3079228,batch_consumer-sts-0_20250707_214859_053141.csv,True,False,False,1751925135.3272393,392267.2789096832
147939,1751924743.0601945,1751924929.332214,batch_consumer-sts-0_20250707_214859_053141.csv,True,False,False,1751925135.3272393,392267.04478263855
147949,1751924743.0605092,1751924929.360071,batch_consumer-sts-0_20250707_214859_053141.csv,True,False,False,1751925135.3272393,392266.73007011414
147959,1751924743.0609553,1751924929.387949,batch_consumer-sts-0_20250707_214859_053141.csv,True,False,False,1751925135.3272393,392266.28398895264
147969,1751924743.0613704,1751924929.411765,batch_consumer-sts-0_20250707_214859_053141.csv,True,False,False,1751925135.3272393,392265.8689022064
147979,1751924743.0617745,1751924929.436232,batch_consumer-sts-0_20250707_214859_053141.csv,True,False,False,1751925135.3272393,392265.46478271484
147989,1751924743.0621665,1751924929.4607005,batch_consumer-sts-0_20250707_214859_053141.csv,True,False,False,1751925135.3272393,392265.0728225708
147999,1751924743.062437,1751924929.9540408,batch_consumer-sts-0_20250707_214859_053141.csv,True,False,False,1751925135.3272393,392264.8022174835
148009,1751924743.062692,1751924929.979034,batch_consumer-sts-0_20250707_214859_053141.csv,True,False,False,1751925135.3272393,392264.54734802246
148019,1751924743.0629268,1751924930.0028615,batch_consumer-sts-0_20250707_214859_053141.csv,True,False,False,1751925135.3272393,392264.31250572205
148029,1751924743.0631735,1751924930.027591,batch_consumer-sts-0_20250707_214859_053141.csv,True,False,False,1751925135.3272393,392264.0657424927
148039,1751924743.0634792,1751924930.0522015,batch_consumer-sts-0_20250707_214859_053141.csv,True,False,False,1751925135.3272393,392263.76008987427
148049,1751924743.0639088,1751924931.079166,batch_consumer-sts-0_20250707_214859_053141.csv,True,False,False,1751925135.3272393,392263.3304595947
148059,1751924743.0642972,1751924931.1024706,batch_consumer-sts-0_20250707_214859_053141.csv,True,False,False,1751925135.3272393,392262.94207572937
148069,1751924743.064669,1751924931.1267,batch_consumer-sts-0_20250707_214859_053141.csv,True,False,False,1751925135.3272393,392262.57038116455
148079,1751924743.064961,1751924931.1511474,batch_consumer-sts-0_20250707_214859_053141.csv,True,False,False,1751925135.3272393,392262.27831840515
148089,1751924743.0652063,1751924931.175497,batch_consumer-sts-0_20250707_214859_053141.csv,True,False,False,1751925135.3272393,392262.03298568726
148099,1751924743.0654447,1751924931.200327,batch_consumer-sts-0_20250707_214859_053141.csv,True,False,False,1751925135.3272393,392261.79456710815
148109,1751924743.065683,1751924931.2249806,batch_consumer-sts-0_20250707_214859_053141.csv,True,False,False,1751925135.3272393,392261.55638694763
148119,1751924743.0659194,1751924931.2497597,batch_consumer-sts-0_20250707_214859_053141.csv,True,False,False,1751925135.3272393,392261.31987571716
148129,1751924743.066169,1751924931.2748144,batch_consumer-sts-0_20250707_214859_053141.csv,True,False,False,1751925135.3272393,392261.07025146484
148139,1751924743.066404,1751924931.3004856,batch_consumer-sts-0_20250707_214859_053141.csv,True,False,False,1751925135.3272393,392260.83517074585
148149,1751924743.0666375,1751924931.3252606,batch_consumer-sts-0_20250707_214859_053141.csv,True,False,False,1751925135.3272393,392260.6017589569
148159,1751924743.0668595,1751924931.3512871,batch_consumer-sts-0_20250707_214859_053141.csv,True,False,False,1751925135.3272393,392260.37979125977
148169,1751924743.0670907,1751924931.3762944,batch_consumer-sts-0_20250707_214859_053141.csv,True,False,False,1751925135.3272393,392260.14852523804
148179,1751924743.0673232,1751924931.4013636,batch_consumer-sts-0_20250707_214859_053141.csv,True,False,False,1751925135.3272393,392259.9160671234
148189,1751924743.0675564,1751924931.4254093,batch_consumer-sts-0_20250707_214859_053141.csv,True,False,False,1751925135.3272393,392259.68289375305
148199,1751924743.0677874,1751924931.4504244,batch_consumer-sts-0_20250707_214859_053141.csv,True,False,False,1751925135.3272393,392259.4518661499
148209,1751924743.0680156,1751924931.4759452,batch_consumer-sts-0_20250707_214859_053141.csv,True,False,False,1751925135.3272393,392259.2236995697
148219,1751924743.0682447,1751924931.5020494,batch_consumer-sts-0_20250707_214859_053141.csv,True,False,False,1751925135.3272393,392258.9945793152
148229,1751924743.0684805,1751924931.529441,batch_consumer-sts-0_20250707_214859_053141.csv,True,False,False,1751925135.3272393,392258.75878334045
148239,1751924743.0687134,1751924931.5542583,batch_consumer-sts-0_20250707_214859_053141.csv,True,False,False,1751925135.3272393,392258.5258483887
148249,1751924743.0689511,1751924931.5798323,batch_consumer-sts-0_20250707_214859_053141.csv,True,False,False,1751925135.3272393,392258.2881450653
148259,1751924743.0691838,1751924931.6050978,batch_consumer-sts-0_20250707_214859_053141.csv,True,False,False,1751925135.3272393,392258.0554485321
148269,1751924743.0694184,1751924931.6299217,batch_consumer-sts-0_20250707_214859_053141.csv,True,False,False,1751925135.3272393,392257.82084465027
148279,1751924743.069653,1751924931.655013,batch_consumer-sts-0_20250707_214859_053141.csv,True,False,False,1751925135.3272393,392257.58624076843
148289,1751924743.0699685,1751924931.679941,batch_consumer-sts-0_20250707_214859_053141.csv,True,False,False,1751925135.3272393,392257.2708129883
148299,1751924743.0702858,1751924931.7048194,batch_consumer-sts-0_20250707_214859_053141.csv,True,False,False,1751925135.3272393,392256.9534778595
148309,1751924743.070639,1751924931.7295356,batch_consumer-sts-0_20250707_214859_053141.csv,True,False,False,1751925135.3272393,392256.60037994385
148319,1751924743.070995,1751924931.754847,batch_consumer-sts-0_20250707_214859_053141.csv,True,False,False,1751925135.3272393,392256.24418258667
148329,1751924743.071314,1751924931.7798023,batch_consumer-sts-0_20250707_214859_053141.csv,True,False,False,1751925135.3272393,392255.92517852783
148339,1751924743.0716815,1751924931.883968,batch_consumer-sts-0_20250707_214859_053141.csv,True,False,False,1751925135.3272393,392255.55777549744
148349,1751924743.0720215,1751924931.9082603,batch_consumer-sts-0_20250707_214859_053141.csv,True,False,False,1751925135.3272393,392255.21779060364
148359,1751924743.0723758,1751924931.932673,batch_consumer-sts-0_20250707_214859_053141.csv,True,False,False,1751925135.3272393,392254.8635005951
148369,1751924743.0726955,1751924931.9589076,batch_consumer-sts-0_20250707_214859_053141.csv,True,False,False,1751925135.3272393,392254.5437812805
148379,1751924743.073022,1751924931.983868,batch_consumer-sts-0_20250707_214859_053141.csv,True,False,False,1751925135.3272393,392254.2173862457
148389,1751924743.0733602,1751924932.0082276,batch_consumer-sts-0_20250707_214859_053141.csv,True,False,False,1751925135.3272393,392253.879070282
148399,1751924743.0739162,1751924932.033209,batch_consumer-sts-0_20250707_214859_053141.csv,True,False,False,1751925135.3272393,392253.3230781555
148409,1751924743.074239,1751924932.057829,batch_consumer-sts-0_20250707_214859_053141.csv,True,False,False,1751925135.3272393,392253.0002593994
148419,1751924743.0745647,1751924932.0826235,batch_consumer-sts-0_20250707_214859_053141.csv,True,False,False,1751925135.3272393,392252.67457962036
148429,1751924743.0748136,1751924932.107623,batch_consumer-sts-0_20250707_214859_053141.csv,True,False,False,1751925135.3272393,392252.4256706238
148439,1751924743.0750563,1751924932.1325765,batch_consumer-sts-0_20250707_214859_053141.csv,True,False,False,1751925135.3272393,392252.18296051025
148449,1751924743.075308,1751924932.1664371,batch_consumer-sts-0_20250707_214859_053141.csv,True,False,False,1751925135.3272393,392251.9311904907
148459,1751924743.0755558,1751924932.1911314,batch_consumer-sts-0_20250707_214859_053141.csv,True,False,False,1751925135.3272393,392251.68347358704
148469,1751924743.0758145,1751924932.2152052,batch_consumer-sts-0_20250707_214859_053141.csv,True,False,False,1751925135.3272393,392251.4247894287
148479,1751924743.076017,1751924932.2397685,batch_consumer-sts-0_20250707_214859_053141.csv,True,False,False,1751925135.3272393,392251.22237205505
148489,1751924743.076228,1751924932.265437,batch_consumer-sts-0_20250707_214859_053141.csv,True,False,False,1751925135.3272393,392251.01137161255
148499,1751924743.07645,1751924932.2984998,batch_consumer-sts-0_20250707_214859_053141.csv,True,False,False,1751925135.3272393,392250.7891654968
148509,1751924743.0766387,1751924932.323296,batch_consumer-sts-0_20250707_214859_053141.csv,True,False,False,1751925135.3272393,392250.60057640076
148519,1751924743.076851,1751924932.348949,batch_consumer-sts-0_20250707_214859_053141.csv,True,False,False,1751925135.3272393,392250.38838386536
148529,1751924743.077047,1751924932.3743165,batch_consumer-sts-0_20250707_214859_053141.csv,True,False,False,1751925135.3272393,392250.19216537476
148539,1751924743.077246,1751924932.400042,batch_consumer-sts-0_20250707_214859_053141.csv,True,False,False,1751925135.3272393,392249.9933242798
148549,1751924743.077437,1751924932.4248233,batch_consumer-sts-0_20250707_214859_053141.csv,True,False,False,1751925135.3272393,392249.8023509979
148559,1751924743.0776627,1751924932.4495642,batch_consumer-sts-0_20250707_214859_053141.csv,True,False,False,1751925135.3272393,392249.5765686035
148569,1751924743.0779092,1751924932.474549,batch_consumer-sts-0_20250707_214859_053141.csv,True,False,False,1751925135.3272393,392249.3300437927
148579,1751924743.0781436,1751924932.5002024,batch_consumer-sts-0_20250707_214859_053141.csv,True,False,False,1751925135.3272393,392249.09567832947
148589,1751924743.078405,1751924932.5262856,batch_consumer-sts-0_20250707_214859_053141.csv,True,False,False,1751925135.3272393,392248.8343715668
148599,1751924743.078638,1751924932.5518324,batch_consumer-sts-0_20250707_214859_053141.csv,True,False,False,1751925135.3272393,392248.6011981964
148609,1751924743.078874,1751924932.5770335,batch_consumer-sts-0_20250707_214859_053141.csv,True,False,False,1751925135.3272393,392248.3651638031
148619,1751924743.0791066,1751924932.602065,batch_consumer-sts-0_20250707_214859_053141.csv,True,False,False,1751925135.3272393,392248.1327056885
148629,1751924743.079343,1751924932.6268196,batch_consumer-sts-0_20250707_214859_053141.csv,True,False,False,1751925135.3272393,392247.896194458
148639,1751924743.0795732,1751924932.6518457,batch_consumer-sts-0_20250707_214859_053141.csv,True,False,False,1751925135.3272393,392247.6661205292
148649,1751924743.2043712,1751924932.6768656,batch_consumer-sts-0_20250707_214859_053141.csv,True,False,False,1751925135.3272393,392122.8680610657
148659,1751924743.2046216,1751924932.702097,batch_consumer-sts-0_20250707_214859_053141.csv,True,False,False,1751925135.3272393,392122.6177215576
148669,1751924743.2048645,1751924932.7265306,batch_consumer-sts-0_20250707_214859_053141.csv,True,False,False,1751925135.3272393,392122.3747730255
148679,1751924743.205102,1751924932.750949,batch_consumer-sts-0_20250707_214859_053141.csv,True,False,False,1751925135.3272393,392122.1373081207
148689,1751924743.2053442,1751924932.780006,batch_consumer-sts-0_20250707_214859_053141.csv,True,False,False,1751925135.3272393,392121.89507484436
148699,1751924743.2055802,1751924932.8047888,batch_consumer-sts-0_20250707_214859_053141.csv,True,False,False,1751925135.3272393,392121.65904045105
148709,1751924743.2058184,1751924932.8292572,batch_consumer-sts-0_20250707_214859_053141.csv,True,False,False,1751925135.3272393,392121.4208602905
148719,1751924743.206056,1751924932.8542712,batch_consumer-sts-0_20250707_214859_053141.csv,True,False,False,1751925135.3272393,392121.18315696716
148729,1751924743.2063074,1751924932.8790977,batch_consumer-sts-0_20250707_214859_053141.csv,True,False,False,1751925135.3272393,392120.9318637848
148739,1751924743.2065508,1751924932.9039698,batch_consumer-sts-0_20250707_214859_053141.csv,True,False,False,1751925135.3272393,392120.6884384155
148749,1751924743.206794,1751924932.9284775,batch_consumer-sts-0_20250707_214859_053141.csv,True,False,False,1751925135.3272393,392120.44525146484
148759,1751924743.2070303,1751924932.9528766,batch_consumer-sts-0_20250707_214859_053141.csv,True,False,False,1751925135.3272393,392120.20897865295
148769,1751924743.2072675,1751924932.9774778,batch_consumer-sts-0_20250707_214859_053141.csv,True,False,False,1751925135.3272393,392119.97175216675
148779,1751924743.2074857,1751924933.001997,batch_consumer-sts-0_20250707_214859_053141.csv,True,False,False,1751925135.3272393,392119.75359916687
148789,1751924743.207671,1751924933.027686,batch_consumer-sts-0_20250707_214859_053141.csv,True,False,False,1751925135.3272393,392119.5683479309
148799,1751924743.2078578,1751924933.0523338,batch_consumer-sts-0_20250707_214859_053141.csv,True,False,False,1751925135.3272393,392119.3814277649
148809,1751924743.2080424,1751924933.077427,batch_consumer-sts-0_20250707_214859_053141.csv,True,False,False,1751925135.3272393,392119.19689178467
148819,1751924743.2082732,1751924933.102325,batch_consumer-sts-0_20250707_214859_053141.csv,True,False,False,1751925135.3272393,392118.9661026001
148829,1751924743.208513,1751924933.1268775,batch_consumer-sts-0_20250707_214859_053141.csv,True,False,False,1751925135.3272393,392118.7262535095
148839,1751924743.2088711,1751924933.15109,batch_consumer-sts-0_20250707_214859_053141.csv,True,False,False,1751925135.3272393,392118.3681488037
148849,1751924743.2092867,1751924933.1757717,batch_consumer-sts-0_20250707_214859_053141.csv,True,False,False,1751925135.3272393,392117.95258522034
148859,1751924743.2097018,1751924933.2004447,batch_consumer-sts-0_20250707_214859_053141.csv,True,False,False,1751925135.3272393,392117.5374984741
148869,1751924743.210125,1751924933.2243378,batch_consumer-sts-0_20250707_214859_053141.csv,True,False,False,1751925135.3272393,392117.1143054962
148879,1751924743.210568,1751924933.249025,batch_consumer-sts-0_20250707_214859_053141.csv,True,False,False,1751925135.3272393,392116.67132377625
148889,1751924743.210982,1751924933.2738614,batch_consumer-sts-0_20250707_214859_053141.csv,True,False,False,1751925135.3272393,392116.25719070435
148899,1751924743.211405,1751924933.2982314,batch_consumer-sts-0_20250707_214859_053141.csv,True,False,False,1751925135.3272393,392115.834236145
148909,1751924743.211813,1751924933.322811,batch_consumer-sts-0_20250707_214859_053141.csv,True,False,False,1751925135.3272393,392115.4263019562
148919,1751924743.2122157,1751924933.347798,batch_consumer-sts-0_20250707_214859_053141.csv,True,False,False,1751925135.3272393,392115.0236129761
148929,1751924743.212628,1751924933.3724766,batch_consumer-sts-0_20250707_214859_053141.csv,True,False,False,1751925135.3272393,392114.6113872528
148939,1751924743.21305,1751924933.396866,batch_consumer-sts-0_20250707_214859_053141.csv,True,False,False,1751925135.3272393,392114.1893863678
148949,1751924743.2134778,1751924933.4208226,batch_consumer-sts-0_20250707_214859_053141.csv,True,False,False,1751925135.3272393,392113.7614250183
148959,1751924743.2139044,1751924933.4464426,batch_consumer-sts-0_20250707_214859_053141.csv,True,False,False,1751925135.3272393,392113.3348941803
148969,1751924743.2143395,1751924933.4724567,batch_consumer-sts-0_20250707_214859_053141.csv,True,False,False,1751925135.3272393,392112.89978027344
148979,1751924743.214765,1751924933.4977863,batch_consumer-sts-0_20250707_214859_053141.csv,True,False,False,1751925135.3272393,392112.47420310974
148989,1751924743.215166,1751924933.524435,batch_consumer-sts-0_20250707_214859_053141.csv,True,False,False,1751925135.3272393,392112.0731830597
148999,1751924743.2155845,1751924933.5491705,batch_consumer-sts-0_20250707_214859_053141.csv,True,False,False,1751925135.3272393,392111.65475845337
149009,1751924743.2160025,1751924933.5741217,batch_consumer-sts-0_20250707_214859_053141.csv,True,False,False,1751925135.3272393,392111.2368106842
149019,1751924743.216415,1751924933.602109,batch_consumer-sts-0_20250707_214859_053141.csv,True,False,False,1751925135.3272393,392110.82434654236
149029,1751924743.216832,1751924933.626672,batch_consumer-sts-0_20250707_214859_053141.csv,True,False,False,1751925135.3272393,392110.4073524475
149039,1751924743.21725,1751924933.651212,batch_consumer-sts-0_20250707_214859_053141.csv,True,False,False,1751925135.3272393,392109.98916625977
149049,1751924743.2176616,1751924933.6757493,batch_consumer-sts-0_20250707_214859_053141.csv,True,False,False,1751925135.3272393,392109.57765579224
149059,1751924743.2180705,1751924933.7000568,batch_consumer-sts-0_20250707_214859_053141.csv,True,False,False,1751925135.3272393,392109.1687679291
149069,1751924743.2184837,1751924933.7272851,batch_consumer-sts-0_20250707_214859_053141.csv,True,False,False,1751925135.3272393,392108.7555885315
149079,1751924743.2189126,1751924933.7519543,batch_consumer-sts-0_20250707_214859_053141.csv,True,False,False,1751925135.3272393,392108.3266735077
149089,1751924743.219317,1751924933.7765944,batch_consumer-sts-0_20250707_214859_053141.csv,True,False,False,1751925135.3272393,392107.92231559753
149099,1751924743.2196686,1751924933.800957,batch_consumer-sts-0_20250707_214859_053141.csv,True,False,False,1751925135.3272393,392107.57064819336
149109,1751924743.2200005,1751924933.8247864,batch_consumer-sts-0_20250707_214859_053141.csv,True,False,False,1751925135.3272393,392107.23876953125
149119,1751924743.2203276,1751924933.8496797,batch_consumer-sts-0_20250707_214859_053141.csv,True,False,False,1751925135.3272393,392106.9116592407
149129,1751924743.220642,1751924933.874555,batch_consumer-sts-0_20250707_214859_053141.csv,True,False,False,1751925135.3272393,392106.5971851349
149139,1751924743.2209594,1751924933.8992813,batch_consumer-sts-0_20250707_214859_053141.csv,True,False,False,1751925135.3272393,392106.2798500061
149149,1751924743.221371,1751924933.9243734,batch_consumer-sts-0_20250707_214859_053141.csv,True,False,False,1751925135.3272393,392105.8683395386
149159,1751924743.2217803,1751924933.9492972,batch_consumer-sts-0_20250707_214859_053141.csv,True,False,False,1751925135.3272393,392105.45897483826
149169,1751924743.222191,1751924933.9748662,batch_consumer-sts-0_20250707_214859_053141.csv,True,False,False,1751925135.3272393,392105.04817962646
149179,1751924743.2226102,1751924933.999814,batch_consumer-sts-0_20250707_214859_053141.csv,True,False,False,1751925135.3272393,392104.6290397644
149189,1751924743.2230213,1751924934.024515,batch_consumer-sts-0_20250707_214859_053141.csv,True,False,False,1751925135.3272393,392104.21800613403
149199,1751924743.2234387,1751924934.0494926,batch_consumer-sts-0_20250707_214859_053141.csv,True,False,False,1751925135.3272393,392103.800535202
149209,1751924743.2238414,1751924934.074711,batch_consumer-sts-0_20250707_214859_053141.csv,True,False,False,1751925135.3272393,392103.3978462219
149219,1751924743.2242584,1751924934.3973866,batch_consumer-sts-0_20250707_214859_053141.csv,True,False,False,1751925135.3272393,392102.9808521271
149229,1751924743.2246766,1751924934.4227448,batch_consumer-sts-0_20250707_214859_053141.csv,True,False,False,1751925135.3272393,392102.56266593933
149239,1751924743.2250972,1751924934.447845,batch_consumer-sts-0_20250707_214859_053141.csv,True,False,False,1751925135.3272393,392102.1420955658
149249,1751924743.2255197,1751924934.4732714,batch_consumer-sts-0_20250707_214859_053141.csv,True,False,False,1751925135.3272393,392101.7196178436
149259,1751924743.22594,1751924934.497471,batch_consumer-sts-0_20250707_214859_053141.csv,True,False,False,1751925135.3272393,392101.2992858887
149269,1751924743.226373,1751924934.523906,batch_consumer-sts-0_20250707_214859_053141.csv,True,False,False,1751925135.3272393,392100.866317749
149279,1751924743.226791,1751924934.548844,batch_consumer-sts-0_20250707_214859_053141.csv,True,False,False,1751925135.3272393,392100.44836997986
149289,1751924743.227212,1751924934.573466,batch_consumer-sts-0_20250707_214859_053141.csv,True,False,False,1751925135.3272393,392100.02732276917
149299,1751924743.227629,1751924934.5980847,batch_consumer-sts-0_20250707_214859_053141.csv,True,False,False,1751925135.3272393,392099.6103286743
149309,1751924743.2280524,1751924935.0614264,batch_consumer-sts-0_20250707_214859_053141.csv,True,False,False,1751925135.3272393,392099.18689727783
149319,1751924743.2284794,1751924935.086293,batch_consumer-sts-0_20250707_214859_053141.csv,True,False,False,1751925135.3272393,392098.75988960266
149329,1751924743.2288926,1751924935.1104505,batch_consumer-sts-0_20250707_214859_053141.csv,True,False,False,1751925135.3272393,392098.3467102051
149339,1751924743.229324,1751924935.1352818,batch_consumer-sts-0_20250707_214859_053141.csv,True,False,False,1751925135.3272393,392097.9151725769
149349,1751924743.2298608,1751924935.1599324,batch_consumer-sts-0_20250707_214859_053141.csv,True,False,False,1751925135.3272393,392097.37849235535
149359,1751924743.2302835,1751924935.1848028,batch_consumer-sts-0_20250707_214859_053141.csv,True,False,False,1751925135.3272393,392096.9557762146
149369,1751924743.230694,1751924935.2092004,batch_consumer-sts-0_20250707_214859_053141.csv,True,False,False,1751925135.3272393,392096.5452194214
149379,1751924743.2311106,1751924935.2343245,batch_consumer-sts-0_20250707_214859_053141.csv,True,False,False,1751925135.3272393,392096.1287021637
149389,1751924743.2314975,1751924935.2594123,batch_consumer-sts-0_20250707_214859_053141.csv,True,False,False,1751925135.3272393,392095.7417488098
149399,1751924743.231827,1751924935.2844803,batch_consumer-sts-0_20250707_214859_053141.csv,True,False,False,1751925135.3272393,392095.4122543335
149409,1751924743.232183,1751924935.3088036,batch_consumer-sts-0_20250707_214859_053141.csv,True,False,False,1751925135.3272393,392095.0562953949
149419,1751924743.23262,1751924935.3336773,batch_consumer-sts-0_20250707_214859_053141.csv,True,False,False,1751925135.3272393,392094.6192741394
149429,1751924743.2330332,1751924935.3585062,batch_consumer-sts-0_20250707_214859_053141.csv,True,False,False,1751925135.3272393,392094.2060947418
149439,1751924743.2334578,1751924935.3835158,batch_consumer-sts-0_20250707_214859_053141.csv,True,False,False,1751925135.3272393,392093.78147125244
149449,1751924743.233872,1751924936.4105284,batch_consumer-sts-0_20250707_214859_053141.csv,True,False,False,1751925135.3272393,392093.36733818054
149459,1751924743.2343009,1751924936.43814,batch_consumer-sts-0_20250707_214859_053141.csv,True,False,False,1751925135.3272393,392092.93842315674
149469,1751924743.2347238,1751924936.463365,batch_consumer-sts-0_20250707_214859_053141.csv,True,False,False,1751925135.3272393,392092.5154685974
149479,1751924743.2352693,1751924936.48792,batch_consumer-sts-0_20250707_214859_053141.csv,True,False,False,1751925135.3272393,392091.9699668884
149489,1751924743.235702,1751924936.5123718,batch_consumer-sts-0_20250707_214859_053141.csv,True,False,False,1751925135.3272393,392091.53723716736
149499,1751924743.2363684,1751924936.5371895,batch_consumer-sts-0_20250707_214859_053141.csv,True,False,False,1751925135.3272393,392090.87085723877
149509,1751924743.238467,1751924936.56204,batch_consumer-sts-0_20250707_214859_053141.csv,True,False,False,1751925135.3272393,392088.7722969055
149519,1751924743.2388928,1751924936.5874188,batch_consumer-sts-0_20250707_214859_053141.csv,True,False,False,1751925135.3272393,392088.34648132324
149529,1751924743.239312,1751924936.6120648,batch_consumer-sts-0_20250707_214859_053141.csv,True,False,False,1751925135.3272393,392087.9273414612
149539,1751924743.2397225,1751924936.636818,batch_consumer-sts-0_20250707_214859_053141.csv,True,False,False,1751925135.3272393,392087.51678466797
149549,1751924743.240134,1751924936.6618366,batch_consumer-sts-0_20250707_214859_053141.csv,True,False,False,1751925135.3272393,392087.10527420044
149559,1751924743.240556,1751924936.6883752,batch_consumer-sts-0_20250707_214859_053141.csv,True,False,False,1751925135.3272393,392086.68327331543
149569,1751924743.240965,1751924936.7129042,batch_consumer-sts-0_20250707_214859_053141.csv,True,False,False,1751925135.3272393,392086.27438545227
149579,1751924743.2413754,1751924936.738133,batch_consumer-sts-0_20250707_214859_053141.csv,True,False,False,1751925135.3272393,392085.86382865906
149589,1751924743.241793,1751924936.7641754,batch_consumer-sts-0_20250707_214859_053141.csv,True,False,False,1751925135.3272393,392085.44635772705
149599,1751924743.2422128,1751924936.7898664,batch_consumer-sts-0_20250707_214859_053141.csv,True,False,False,1751925135.3272393,392085.02650260925
149609,1751924743.2426317,1751924936.8143728,batch_consumer-sts-0_20250707_214859_053141.csv,True,False,False,1751925135.3272393,392084.6076011658
149619,1751924743.2430582,1751924936.8391376,batch_consumer-sts-0_20250707_214859_053141.csv,True,False,False,1751925135.3272393,392084.18107032776
149629,1751924743.2434883,1751924936.863952,batch_consumer-sts-0_20250707_214859_053141.csv,True,False,False,1751925135.3272393,392083.75096321106
149639,1751924743.2438548,1751924936.8887072,batch_consumer-sts-0_20250707_214859_053141.csv,True,False,False,1751925135.3272393,392083.384513855
149649,1751924743.2441974,1751924937.0579195,batch_consumer-sts-0_20250707_214859_053141.csv,True,False,False,1751925135.3272393,392083.0419063568
149659,1751924743.2445765,1751924937.0831015,batch_consumer-sts-0_20250707_214859_053141.csv,True,False,False,1751925135.3272393,392082.66282081604
149669,1751924743.244917,1751924937.1076052,batch_consumer-sts-0_20250707_214859_053141.csv,True,False,False,1751925135.3272393,392082.3223590851
149679,1751924743.2452922,1751924937.1327567,batch_consumer-sts-0_20250707_214859_053141.csv,True,False,False,1751925135.3272393,392081.9470882416
149689,1751924743.2457128,1751924937.1577458,batch_consumer-sts-0_20250707_214859_053141.csv,True,False,False,1751925135.3272393,392081.52651786804
149699,1751924743.2461314,1751924937.1827102,batch_consumer-sts-0_20250707_214859_053141.csv,True,False,False,1751925135.3272393,392081.10785484314
149709,1751924743.246585,1751924937.2073345,batch_consumer-sts-0_20250707_214859_053141.csv,True,False,False,1751925135.3272393,392080.6543827057
149719,1751924743.2469285,1751924937.232245,batch_consumer-sts-0_20250707_214859_053141.csv,True,False,False,1751925135.3272393,392080.3108215332
149729,1751924743.247211,1751924937.2567222,batch_consumer-sts-0_20250707_214859_053141.csv,True,False,False,1751925135.3272393,392080.02829551697
149739,1751924743.2475755,1751924937.2812126,batch_consumer-sts-0_20250707_214859_053141.csv,True,False,False,1751925135.3272393,392079.6637535095
149749,1751924743.2479355,1751924937.3057585,batch_consumer-sts-0_20250707_214859_053141.csv,True,False,False,1751925135.3272393,392079.3037414551
149759,1751924743.2482252,1751924937.3305132,batch_consumer-sts-0_20250707_214859_053141.csv,True,False,False,1751925135.3272393,392079.01406288147
149769,1751924743.2485728,1751924937.355197,batch_consumer-sts-0_20250707_214859_053141.csv,True,False,False,1751925135.3272393,392078.66644859314
149779,1751924743.248923,1751924937.3797705,batch_consumer-sts-0_20250707_214859_053141.csv,True,False,False,1751925135.3272393,392078.31621170044
149789,1751924743.2491944,1751924937.4043195,batch_consumer-sts-0_20250707_214859_053141.csv,True,False,False,1751925135.3272393,392078.0448913574
149799,1751924743.2495513,1751924937.4292874,batch_consumer-sts-0_20250707_214859_053141.csv,True,False,False,1751925135.3272393,392077.6879787445
149809,1751924743.2499194,1751924937.4544847,batch_consumer-sts-0_20250707_214859_053141.csv,True,False,False,1751925135.3272393,392077.3198604584
149819,1751924743.2503142,1751924937.479815,batch_consumer-sts-0_20250707_214859_053141.csv,True,False,False,1751925135.3272393,392076.9250392914
149829,1751924743.2506,1751924937.5044117,batch_consumer-sts-0_20250707_214859_053141.csv,True,False,False,1751925135.3272393,392076.63917541504
149839,1751924743.2509184,1751924937.5287626,batch_consumer-sts-0_20250707_214859_053141.csv,True,False,False,1751925135.3272393,392076.32088661194
149849,1751924743.2512517,1751924937.5543835,batch_consumer-sts-0_20250707_214859_053141.csv,True,False,False,1751925135.3272393,392075.98757743835
149859,1751924743.2515638,1751924937.5798829,batch_consumer-sts-0_20250707_214859_053141.csv,True,False,False,1751925135.3272393,392075.6754875183
149869,1751924743.251847,1751924937.604359,batch_consumer-sts-0_20250707_214859_053141.csv,True,False,False,1751925135.3272393,392075.39224624634
149879,1751924743.2521932,1751924937.630325,batch_consumer-sts-0_20250707_214859_053141.csv,True,False,False,1751925135.3272393,392075.0460624695
149889,1751924743.2525475,1751924937.6556802,batch_consumer-sts-0_20250707_214859_053141.csv,True,False,False,1751925135.3272393,392074.69177246094
149899,1751924743.2529073,1751924937.6806564,batch_consumer-sts-0_20250707_214859_053141.csv,True,False,False,1751925135.3272393,392074.3319988251
149909,1751924743.2532177,1751924937.7055662,batch_consumer-sts-0_20250707_214859_053141.csv,True,False,False,1751925135.3272393,392074.0215778351
149919,1751924743.2535777,1751924937.730997,batch_consumer-sts-0_20250707_214859_053141.csv,True,False,False,1751925135.3272393,392073.66156578064
149929,1751924743.2539215,1751924937.7563653,batch_consumer-sts-0_20250707_214859_053141.csv,True,False,False,1751925135.3272393,392073.3177661896
149939,1751924743.2542531,1751924937.7818463,batch_consumer-sts-0_20250707_214859_053141.csv,True,False,False,1751925135.3272393,392072.98612594604
149949,1751924743.254556,1751924937.8071637,batch_consumer-sts-0_20250707_214859_053141.csv,True,False,False,1751925135.3272393,392072.6833343506
149959,1751924743.2548902,1751924937.832176,batch_consumer-sts-0_20250707_214859_053141.csv,True,False,False,1751925135.3272393,392072.3490715027
149969,1751924743.2552028,1751924937.8573947,batch_consumer-sts-0_20250707_214859_053141.csv,True,False,False,1751925135.3272393,392072.0365047455
149979,1751924743.255495,1751924937.8820455,batch_consumer-sts-0_20250707_214859_053141.csv,True,False,False,1751925135.3272393,392071.7442035675
149989,1751924743.255836,1751924937.906525,batch_consumer-sts-0_20250707_214859_053141.csv,True,False,False,1751925135.3272393,392071.4032649994
149999,1751924743.2561471,1751924937.931255,batch_consumer-sts-0_20250707_214859_053141.csv,True,False,False,1751925135.3272393,392071.09212875366
150009,1751924743.2564394,1751924937.9561164,batch_consumer-sts-0_20250707_214859_053141.csv,True,False,False,1751925135.3272393,392070.7998275757
150019,1751924743.256672,1751924937.9806952,batch_consumer-sts-0_20250707_214859_053141.csv,True,False,False,1751925135.3272393,392070.56736946106
150029,1751924743.2568977,1751924938.0055048,batch_consumer-sts-0_20250707_214859_053141.csv,True,False,False,1751925135.3272393,392070.34158706665
150039,1751924743.2572095,1751924938.030702,batch_consumer-sts-0_20250707_214859_053141.csv,True,False,False,1751925135.3272393,392070.0297355652
152459,1751924743.719642,1751924938.0554602,batch_consumer-sts-0_20250707_214859_053141.csv,True,False,False,1751925135.3272393,391607.5973510742
152469,1751924743.71989,1751924938.0802083,batch_consumer-sts-0_20250707_214859_053141.csv,True,False,False,1751925135.3272393,391607.3491573334
152479,1751924743.7201235,1751924938.1045802,batch_consumer-sts-0_20250707_214859_053141.csv,True,False,False,1751925135.3272393,391607.11574554443
152489,1751924743.7203536,1751924938.1287975,batch_consumer-sts-0_20250707_214859_053141.csv,True,False,False,1751925135.3272393,391606.8856716156
152499,1751924743.7205985,1751924938.1565783,batch_consumer-sts-0_20250707_214859_053141.csv,True,False,False,1751925135.3272393,391606.64081573486
152509,1751924743.7208405,1751924938.180895,batch_consumer-sts-0_20250707_214859_053141.csv,True,False,False,1751925135.3272393,391606.3988208771
180339,1751924752.718119,1751924938.205065,batch_consumer-sts-0_20250707_214859_053141.csv,True,False,False,1751925135.3272393,382609.1203689575
180349,1751924752.718389,1751924938.2296555,batch_consumer-sts-0_20250707_214859_053141.csv,True,False,False,1751925135.3272393,382608.8502407074
180359,1751924752.7185895,1751924938.254359,batch_consumer-sts-0_20250707_214859_053141.csv,True,False,False,1751925135.3272393,382608.6497306824
180369,1751924752.718784,1751924938.2793298,batch_consumer-sts-0_20250707_214859_053141.csv,True,False,False,1751925135.3272393,382608.4551811218
180379,1751924752.7189765,1751924938.3043923,batch_consumer-sts-0_20250707_214859_053141.csv,True,False,False,1751925135.3272393,382608.2627773285
180389,1751924752.719172,1751924938.32946,batch_consumer-sts-0_20250707_214859_053141.csv,True,False,False,1751925135.3272393,382608.0672740936
180399,1751924752.7193696,1751924938.3557878,batch_consumer-sts-0_20250707_214859_053141.csv,True,False,False,1751925135.3272393,382607.86962509155
180409,1751924752.719563,1751924938.3803706,batch_consumer-sts-0_20250707_214859_053141.csv,True,False,False,1751925135.3272393,382607.6762676239
180419,1751924752.7197542,1751924938.4039135,batch_consumer-sts-0_20250707_214859_053141.csv,True,False,False,1751925135.3272393,382607.48505592346
180429,1751924752.7199478,1751924938.4287882,batch_consumer-sts-0_20250707_214859_053141.csv,True,False,False,1751925135.3272393,382607.29146003723
180439,1751924752.72013,1751924938.4535291,batch_consumer-sts-0_20250707_214859_053141.csv,True,False,False,1751925135.3272393,382607.1093082428
180449,1751924752.7203093,1751924938.4785209,batch_consumer-sts-0_20250707_214859_053141.csv,True,False,False,1751925135.3272393,382606.9300174713
180459,1751924752.7204957,1751924938.5040534,batch_consumer-sts-0_20250707_214859_053141.csv,True,False,False,1751925135.3272393,382606.74357414246
180469,1751924752.7206783,1751924938.5287516,batch_consumer-sts-0_20250707_214859_053141.csv,True,False,False,1751925135.3272393,382606.56094551086
180479,1751924752.720864,1751924938.554207,batch_consumer-sts-0_20250707_214859_053141.csv,True,False,False,1751925135.3272393,382606.37521743774
180489,1751924752.721052,1751924938.5794325,batch_consumer-sts-0_20250707_214859_053141.csv,True,False,False,1751925135.3272393,382606.1873435974
180499,1751924752.7212331,1751924938.6046023,batch_consumer-sts-0_20250707_214859_053141.csv,True,False,False,1751925135.3272393,382606.0061454773
180509,1751924752.7214122,1751924938.6290953,batch_consumer-sts-0_20250707_214859_053141.csv,True,False,False,1751925135.3272393,382605.8270931244
180519,1751924752.721592,1751924938.653936,batch_consumer-sts-0_20250707_214859_053141.csv,True,False,False,1751925135.3272393,382605.64732551575
180529,1751924752.7217717,1751924938.6789773,batch_consumer-sts-0_20250707_214859_053141.csv,True,False,False,1751925135.3272393,382605.4675579071
180539,1751924752.7219515,1751924938.704365,batch_consumer-sts-0_20250707_214859_053141.csv,True,False,False,1751925135.3272393,382605.28779029846
180549,1751924752.722128,1751924938.729365,batch_consumer-sts-0_20250707_214859_053141.csv,True,False,False,1751925135.3272393,382605.1113605499
180559,1751924752.7223148,1751924938.7527733,batch_consumer-sts-0_20250707_214859_053141.csv,True,False,False,1751925135.3272393,382604.9244403839
180569,1751924752.7225015,1751924938.777793,batch_consumer-sts-0_20250707_214859_053141.csv,True,False,False,1751925135.3272393,382604.7377586365
180579,1751924752.722761,1751924938.8027592,batch_consumer-sts-0_20250707_214859_053141.csv,True,False,False,1751925135.3272393,382604.4783592224
180589,1751924752.7229886,1751924938.827542,batch_consumer-sts-0_20250707_214859_053141.csv,True,False,False,1751925135.3272393,382604.25066947937
180599,1751924752.7231886,1751924938.8525038,batch_consumer-sts-0_20250707_214859_053141.csv,True,False,False,1751925135.3272393,382604.0506362915
180609,1751924752.723383,1751924938.8789809,batch_consumer-sts-0_20250707_214859_053141.csv,True,False,False,1751925135.3272393,382603.85632514954
180619,1751924752.723607,1751924938.903792,batch_consumer-sts-0_20250707_214859_053141.csv,True,False,False,1751925135.3272393,382603.6322116852
180629,1751924752.723822,1751924938.9285564,batch_consumer-sts-0_20250707_214859_053141.csv,True,False,False,1751925135.3272393,382603.41715812683
180639,1751924752.7240424,1751924938.9531786,batch_consumer-sts-0_20250707_214859_053141.csv,True,False,False,1751925135.3272393,382603.19685935974
180649,1751924752.7242675,1751924938.9781866,batch_consumer-sts-0_20250707_214859_053141.csv,True,False,False,1751925135.3272393,382602.97179222107
180659,1751924752.7244842,1751924939.0029056,batch_consumer-sts-0_20250707_214859_053141.csv,True,False,False,1751925135.3272393,382602.75506973267
180669,1751924752.7246995,1751924939.0275204,batch_consumer-sts-0_20250707_214859_053141.csv,True,False,False,1751925135.3272393,382602.53977775574
180679,1751924752.7249477,1751924939.246045,batch_consumer-sts-0_20250707_214918_116794.csv,True,False,False,1751925135.3272393,382602.2915840149
180689,1751924752.7251432,1751924939.2726293,batch_consumer-sts-0_20250707_214918_116794.csv,True,False,False,1751925135.3272393,382602.09608078003
180699,1751924752.7253237,1751924939.297916,batch_consumer-sts-0_20250707_214918_116794.csv,True,False,False,1751925135.3272393,382601.91559791565
180709,1751924752.7255025,1751924939.3232553,batch_consumer-sts-0_20250707_214918_116794.csv,True,False,False,1751925135.3272393,382601.7367839813
180719,1751924752.7256827,1751924939.3503768,batch_consumer-sts-0_20250707_214918_116794.csv,True,False,False,1751925135.3272393,382601.5565395355
180729,1751924752.7258646,1751924939.3752391,batch_consumer-sts-0_20250707_214918_116794.csv,True,False,False,1751925135.3272393,382601.37462615967
180739,1751924752.7260456,1751924939.3989775,batch_consumer-sts-0_20250707_214918_116794.csv,True,False,False,1751925135.3272393,382601.19366645813
180749,1751924752.7262526,1751924939.4232996,batch_consumer-sts-0_20250707_214918_116794.csv,True,False,False,1751925135.3272393,382600.98671913147
180759,1751924752.7264462,1751924939.448507,batch_consumer-sts-0_20250707_214918_116794.csv,True,False,False,1751925135.3272393,382600.79312324524
180769,1751924752.7266486,1751924939.4739308,batch_consumer-sts-0_20250707_214918_116794.csv,True,False,False,1751925135.3272393,382600.5907058716
180779,1751924752.7268348,1751924939.499163,batch_consumer-sts-0_20250707_214918_116794.csv,True,False,False,1751925135.3272393,382600.4045009613
180789,1751924752.7270265,1751924939.526755,batch_consumer-sts-0_20250707_214918_116794.csv,True,False,False,1751925135.3272393,382600.2128124237
180799,1751924752.7272234,1751924939.5515618,batch_consumer-sts-0_20250707_214918_116794.csv,True,False,False,1751925135.3272393,382600.01587867737
180809,1751924752.7274303,1751924939.5764189,batch_consumer-sts-0_20250707_214918_116794.csv,True,False,False,1751925135.3272393,382599.8089313507
180819,1751924752.7276244,1751924939.6012836,batch_consumer-sts-0_20250707_214918_116794.csv,True,False,False,1751925135.3272393,382599.6148586273
180829,1751924752.727815,1751924939.626041,batch_consumer-sts-0_20250707_214918_116794.csv,True,False,False,1751925135.3272393,382599.4243621826
180839,1751924752.7280068,1751924939.651193,batch_consumer-sts-0_20250707_214918_116794.csv,True,False,False,1751925135.3272393,382599.23243522644
180849,1751924752.7281914,1751924939.6762862,batch_consumer-sts-0_20250707_214918_116794.csv,True,False,False,1751925135.3272393,382599.0478992462
180859,1751924752.728381,1751924939.7005796,batch_consumer-sts-0_20250707_214918_116794.csv,True,False,False,1751925135.3272393,382598.85835647583
180869,1751924752.728566,1751924939.9854436,batch_consumer-sts-0_20250707_214918_116794.csv,True,False,False,1751925135.3272393,382598.67334365845
180879,1751924752.7287405,1751924940.0105913,batch_consumer-sts-0_20250707_214918_116794.csv,True,False,False,1751925135.3272393,382598.49882125854
180889,1751924752.7289183,1751924940.035326,batch_consumer-sts-0_20250707_214918_116794.csv,True,False,False,1751925135.3272393,382598.32096099854
180899,1751924752.7291005,1751924940.0602598,batch_consumer-sts-0_20250707_214918_116794.csv,True,False,False,1751925135.3272393,382598.1388092041
180909,1751924752.7292814,1751924940.0850573,batch_consumer-sts-0_20250707_214918_116794.csv,True,False,False,1751925135.3272393,382597.95784950256
180919,1751924752.7294624,1751924940.1096804,batch_consumer-sts-0_20250707_214918_116794.csv,True,False,False,1751925135.3272393,382597.776889801
180929,1751924752.7296422,1751924940.134554,batch_consumer-sts-0_20250707_214918_116794.csv,True,False,False,1751925135.3272393,382597.5971221924
180939,1751924752.729831,1751924940.1602683,batch_consumer-sts-0_20250707_214918_116794.csv,True,False,False,1751925135.3272393,382597.40829467773
180949,1751924752.7300167,1751924940.1858027,batch_consumer-sts-0_20250707_214918_116794.csv,True,False,False,1751925135.3272393,382597.2225666046
180959,1751924752.7302072,1751924940.210389,batch_consumer-sts-0_20250707_214918_116794.csv,True,False,False,1751925135.3272393,382597.0320701599
180969,1751924752.730391,1751924940.23569,batch_consumer-sts-0_20250707_214918_116794.csv,True,False,False,1751925135.3272393,382596.8482494354
180979,1751924752.7305658,1751924940.260725,batch_consumer-sts-0_20250707_214918_116794.csv,True,False,False,1751925135.3272393,382596.67348861694
180989,1751924752.730777,1751924940.2858708,batch_consumer-sts-0_20250707_214918_116794.csv,True,False,False,1751925135.3272393,382596.46224975586
183819,1751924754.3325925,1751924940.3105152,batch_consumer-sts-0_20250707_214918_116794.csv,True,False,False,1751925135.3272393,380994.64678764343
183829,1751924754.3328235,1751924940.3356075,batch_consumer-sts-0_20250707_214918_116794.csv,True,False,False,1751925135.3272393,380994.4157600403
183839,1751924754.3330176,1751924940.3608131,batch_consumer-sts-0_20250707_214918_116794.csv,True,False,False,1751925135.3272393,380994.2216873169
183849,1751924754.3332005,1751924940.3857555,batch_consumer-sts-0_20250707_214918_116794.csv,True,False,False,1751925135.3272393,380994.0388202667
183859,1751924754.3333807,1751924940.4101264,batch_consumer-sts-0_20250707_214918_116794.csv,True,False,False,1751925135.3272393,380993.8585758209
183869,1751924754.333567,1751924940.4361649,batch_consumer-sts-0_20250707_214918_116794.csv,True,False,False,1751925135.3272393,380993.67237091064
183879,1751924754.3337524,1751924940.4615235,batch_consumer-sts-0_20250707_214918_116794.csv,True,False,False,1751925135.3272393,380993.4868812561
183889,1751924754.333937,1751924940.4873748,batch_consumer-sts-0_20250707_214918_116794.csv,True,False,False,1751925135.3272393,380993.3023452759
183899,1751924754.334118,1751924941.513431,batch_consumer-sts-0_20250707_214918_116794.csv,True,False,False,1751925135.3272393,380993.12138557434
183909,1751924754.334371,1751924941.5389178,batch_consumer-sts-0_20250707_214918_116794.csv,True,False,False,1751925135.3272393,380992.86818504333
183919,1751924754.334608,1751924941.5637794,batch_consumer-sts-0_20250707_214918_116794.csv,True,False,False,1751925135.3272393,380992.6311969757
183929,1751924754.3348374,1751924941.5885704,batch_consumer-sts-0_20250707_214918_116794.csv,True,False,False,1751925135.3272393,380992.4018383026
183939,1751924754.3350725,1751924941.6127226,batch_consumer-sts-0_20250707_214918_116794.csv,True,False,False,1751925135.3272393,380992.1667575836
183949,1751924754.3353088,1751924941.6376812,batch_consumer-sts-0_20250707_214918_116794.csv,True,False,False,1751925135.3272393,380991.9304847717
183959,1751924754.3355289,1751924941.6624355,batch_consumer-sts-0_20250707_214918_116794.csv,True,False,False,1751925135.3272393,380991.7104244232
183969,1751924754.3357084,1751924941.6871004,batch_consumer-sts-0_20250707_214918_116794.csv,True,False,False,1751925135.3272393,380991.53089523315
183979,1751924754.3358967,1751924941.7123775,batch_consumer-sts-0_20250707_214918_116794.csv,True,False,False,1751925135.3272393,380991.34254455566
183989,1751924754.336077,1751924941.7362602,batch_consumer-sts-0_20250707_214918_116794.csv,True,False,False,1751925135.3272393,380991.16230010986
183999,1751924754.3362598,1751924941.7611904,batch_consumer-sts-0_20250707_214918_116794.csv,True,False,False,1751925135.3272393,380990.9794330597
184009,1751924754.3364372,1751924941.7854402,batch_consumer-sts-0_20250707_214918_116794.csv,True,False,False,1751925135.3272393,380990.80204963684
184019,1751924754.336617,1751924941.8104725,batch_consumer-sts-0_20250707_214918_116794.csv,True,False,False,1751925135.3272393,380990.6222820282
184029,1751924754.3368132,1751924941.83681,batch_consumer-sts-0_20250707_214918_116794.csv,True,False,False,1751925135.3272393,380990.4260635376
184039,1751924754.3370056,1751924941.861683,batch_consumer-sts-0_20250707_214918_116794.csv,True,False,False,1751925135.3272393,380990.23365974426
184049,1751924754.3371992,1751924941.8866982,batch_consumer-sts-0_20250707_214918_116794.csv,True,False,False,1751925135.3272393,380990.04006385803
184059,1751924754.3373952,1751924941.911189,batch_consumer-sts-0_20250707_214918_116794.csv,True,False,False,1751925135.3272393,380989.844083786
184069,1751924754.337596,1751924941.9364667,batch_consumer-sts-0_20250707_214918_116794.csv,True,False,False,1751925135.3272393,380989.6433353424
184079,1751924754.3377922,1751924941.9612548,batch_consumer-sts-0_20250707_214918_116794.csv,True,False,False,1751925135.3272393,380989.4471168518
184089,1751924754.3380024,1751924941.9862037,batch_consumer-sts-0_20250707_214918_116794.csv,True,False,False,1751925135.3272393,380989.23683166504
184099,1751924754.338228,1751924942.0107422,batch_consumer-sts-0_20250707_214918_116794.csv,True,False,False,1751925135.3272393,380989.0112876892
184109,1751924754.3384545,1751924942.433159,batch_consumer-sts-0_20250707_214918_116794.csv,True,False,False,1751925135.3272393,380988.78479003906
184119,1751924754.3386755,1751924942.4626122,batch_consumer-sts-0_20250707_214918_116794.csv,True,False,False,1751925135.3272393,380988.56377601624
184129,1751924754.3388968,1751924942.4873986,batch_consumer-sts-0_20250707_214918_116794.csv,True,False,False,1751925135.3272393,380988.3425235748
184139,1751924754.3391168,1751924942.5116296,batch_consumer-sts-0_20250707_214918_116794.csv,True,False,False,1751925135.3272393,380988.1224632263
184149,1751924754.3393464,1751924942.5364883,batch_consumer-sts-0_20250707_214918_116794.csv,True,False,False,1751925135.3272393,380987.89286613464
184159,1751924754.3395495,1751924942.5610986,batch_consumer-sts-0_20250707_214918_116794.csv,True,False,False,1751925135.3272393,380987.68973350525
184169,1751924754.3397255,1751924942.5860424,batch_consumer-sts-0_20250707_214918_116794.csv,True,False,False,1751925135.3272393,380987.5137805939
184179,1751924754.3399167,1751924942.6107082,batch_consumer-sts-0_20250707_214918_116794.csv,True,False,False,1751925135.3272393,380987.32256889343
184189,1751924754.340099,1751924942.6359117,batch_consumer-sts-0_20250707_214918_116794.csv,True,False,False,1751925135.3272393,380987.1401786804
184199,1751924754.3402836,1751924942.661344,batch_consumer-sts-0_20250707_214918_116794.csv,True,False,False,1751925135.3272393,380986.9556427002
184209,1751924754.3404646,1751924942.6851933,batch_consumer-sts-0_20250707_214918_116794.csv,True,False,False,1751925135.3272393,380986.77468299866
184219,1751924754.3406498,1751924942.7106154,batch_consumer-sts-0_20250707_214918_116794.csv,True,False,False,1751925135.3272393,380986.5894317627
184229,1751924754.3408377,1751924942.7363431,batch_consumer-sts-0_20250707_214918_116794.csv,True,False,False,1751925135.3272393,380986.40155792236
184239,1751924754.3410163,1751924942.7615066,batch_consumer-sts-0_20250707_214918_116794.csv,True,False,False,1751925135.3272393,380986.2229824066
184249,1751924754.3411984,1751924942.786279,batch_consumer-sts-0_20250707_214918_116794.csv,True,False,False,1751925135.3272393,380986.0408306122
184259,1751924754.3413806,1751924942.810599,batch_consumer-sts-0_20250707_214918_116794.csv,True,False,False,1751925135.3272393,380985.85867881775
184269,1751924754.3415625,1751924942.8358176,batch_consumer-sts-0_20250707_214918_116794.csv,True,False,False,1751925135.3272393,380985.6767654419
184279,1751924754.3417444,1751924942.8609924,batch_consumer-sts-0_20250707_214918_116794.csv,True,False,False,1751925135.3272393,380985.49485206604
184289,1751924754.3419316,1751924942.8859046,batch_consumer-sts-0_20250707_214918_116794.csv,True,False,False,1751925135.3272393,380985.30769348145
184299,1751924754.3421187,1751924942.9115644,batch_consumer-sts-0_20250707_214918_116794.csv,True,False,False,1751925135.3272393,380985.12053489685
184309,1751924754.3423476,1751924942.9370108,batch_consumer-sts-0_20250707_214918_116794.csv,True,False,False,1751925135.3272393,380984.8916530609
184319,1751924754.3425674,1751924942.9618757,batch_consumer-sts-0_20250707_214918_116794.csv,True,False,False,1751925135.3272393,380984.671831131
184329,1751924754.3427858,1751924942.98722,batch_consumer-sts-0_20250707_214918_116794.csv,True,False,False,1751925135.3272393,380984.4534397125
184339,1751924754.3430078,1751924943.011786,batch_consumer-sts-0_20250707_214918_116794.csv,True,False,False,1751925135.3272393,380984.2314720154
184349,1751924754.3432295,1751924943.0386715,batch_consumer-sts-0_20250707_214918_116794.csv,True,False,False,1751925135.3272393,380984.0097427368
184359,1751924754.343464,1751924943.063309,batch_consumer-sts-0_20250707_214918_116794.csv,True,False,False,1751925135.3272393,380983.77537727356
184369,1751924754.3436477,1751924943.088353,batch_consumer-sts-0_20250707_214918_116794.csv,True,False,False,1751925135.3272393,380983.5915565491
184379,1751924754.3438318,1751924943.1130383,batch_consumer-sts-0_20250707_214918_116794.csv,True,False,False,1751925135.3272393,380983.407497406
184389,1751924754.3440156,1751924943.1380925,batch_consumer-sts-0_20250707_214918_116794.csv,True,False,False,1751925135.3272393,380983.2236766815
184399,1751924754.3442032,1751924943.1628003,batch_consumer-sts-0_20250707_214918_116794.csv,True,False,False,1751925135.3272393,380983.03604125977
184409,1751924754.3443902,1751924943.1873922,batch_consumer-sts-0_20250707_214918_116794.csv,True,False,False,1751925135.3272393,380982.84912109375
184419,1751924754.3445764,1751924943.2117207,batch_consumer-sts-0_20250707_214918_116794.csv,True,False,False,1751925135.3272393,380982.6629161835
184429,1751924754.3447585,1751924943.2372005,batch_consumer-sts-0_20250707_214918_116794.csv,True,False,False,1751925135.3272393,380982.48076438904
184439,1751924754.3449616,1751924943.2621207,batch_consumer-sts-0_20250707_214918_116794.csv,True,False,False,1751925135.3272393,380982.27763175964
184449,1751924754.3451483,1751924943.287033,batch_consumer-sts-0_20250707_214918_116794.csv,True,False,False,1751925135.3272393,380982.0909500122
184459,1751924754.3453376,1751924943.311765,batch_consumer-sts-0_20250707_214918_116794.csv,True,False,False,1751925135.3272393,380981.9016456604
184469,1751924754.3455188,1751924943.336559,batch_consumer-sts-0_20250707_214918_116794.csv,True,False,False,1751925135.3272393,380981.7204475403
184479,1751924754.3456948,1751924943.361195,batch_consumer-sts-0_20250707_214918_116794.csv,True,False,False,1751925135.3272393,380981.5444946289
184489,1751924754.3458805,1751924943.386001,batch_consumer-sts-0_20250707_214918_116794.csv,True,False,False,1751925135.3272393,380981.3587665558
184499,1751924754.3460622,1751924943.410474,batch_consumer-sts-0_20250707_214918_116794.csv,True,False,False,1751925135.3272393,380981.1770915985
184509,1751924754.3462744,1751924943.435154,batch_consumer-sts-0_20250707_214918_116794.csv,True,False,False,1751925135.3272393,380980.9648990631
184519,1751924754.3467083,1751924943.4605172,batch_consumer-sts-0_20250707_214918_116794.csv,True,False,False,1751925135.3272393,380980.53097724915
184529,1751924754.3469012,1751924943.485524,batch_consumer-sts-0_20250707_214918_116794.csv,True,False,False,1751925135.3272393,380980.33809661865
184539,1751924754.347093,1751924943.509879,batch_consumer-sts-0_20250707_214918_116794.csv,True,False,False,1751925135.3272393,380980.1461696625
184549,1751924754.3472826,1751924943.5345166,batch_consumer-sts-0_20250707_214918_116794.csv,True,False,False,1751925135.3272393,380979.9566268921
184559,1751924754.347479,1751924943.5595648,batch_consumer-sts-0_20250707_214918_116794.csv,True,False,False,1751925135.3272393,380979.7601699829
184569,1751924754.3476596,1751924943.5846474,batch_consumer-sts-0_20250707_214918_116794.csv,True,False,False,1751925135.3272393,380979.57968711853
184579,1751924754.3478446,1751924943.6088212,batch_consumer-sts-0_20250707_214918_116794.csv,True,False,False,1751925135.3272393,380979.39467430115
184589,1751924754.3480246,1751924943.633416,batch_consumer-sts-0_20250707_214918_116794.csv,True,False,False,1751925135.3272393,380979.2146682739
184599,1751924754.3482144,1751924943.658167,batch_consumer-sts-0_20250707_214918_116794.csv,True,False,False,1751925135.3272393,380979.02488708496
184609,1751924754.3483868,1751924943.6830792,batch_consumer-sts-0_20250707_214918_116794.csv,True,False,False,1751925135.3272393,380978.85251045227
184619,1751924754.3485618,1751924943.7078238,batch_consumer-sts-0_20250707_214918_116794.csv,True,False,False,1751925135.3272393,380978.6775112152
184629,1751924754.34874,1751924943.7354205,batch_consumer-sts-0_20250707_214918_116794.csv,True,False,False,1751925135.3272393,380978.49917411804
184639,1751924754.3489172,1751924943.760636,batch_consumer-sts-0_20250707_214918_116794.csv,True,False,False,1751925135.3272393,380978.32202911377
184649,1751924754.3490922,1751924943.7899113,batch_consumer-sts-0_20250707_214918_116794.csv,True,False,False,1751925135.3272393,380978.1470298767
184659,1751924754.3492663,1751924943.814166,batch_consumer-sts-0_20250707_214918_116794.csv,True,False,False,1751925135.3272393,380977.97298431396
184669,1751924754.3494382,1751924943.8390484,batch_consumer-sts-0_20250707_214918_116794.csv,True,False,False,1751925135.3272393,380977.80108451843
184679,1751924754.349613,1751924943.864693,batch_consumer-sts-0_20250707_214918_116794.csv,True,False,False,1751925135.3272393,380977.62632369995
184689,1751924754.34979,1751924943.8896694,batch_consumer-sts-0_20250707_214918_116794.csv,True,False,False,1751925135.3272393,380977.4491786957
184699,1751924754.3499682,1751924943.913642,batch_consumer-sts-0_20250707_214918_116794.csv,True,False,False,1751925135.3272393,380977.2710800171
184709,1751924754.3501482,1751924943.9380803,batch_consumer-sts-0_20250707_214918_116794.csv,True,False,False,1751925135.3272393,380977.09107398987
184719,1751924754.350361,1751924943.9620008,batch_consumer-sts-0_20250707_214918_116794.csv,True,False,False,1751925135.3272393,380976.87816619873
184729,1751924754.3505597,1751924943.9868858,batch_consumer-sts-0_20250707_214918_116794.csv,True,False,False,1751925135.3272393,380976.67956352234
184739,1751924754.3507557,1751924944.0110178,batch_consumer-sts-0_20250707_214918_116794.csv,True,False,False,1751925135.3272393,380976.4835834503
184749,1751924754.3509517,1751924944.0360987,batch_consumer-sts-0_20250707_214918_116794.csv,True,False,False,1751925135.3272393,380976.2876033783
184759,1751924754.351149,1751924944.0615425,batch_consumer-sts-0_20250707_214918_116794.csv,True,False,False,1751925135.3272393,380976.0901927948
184769,1751924754.351348,1751924944.0859582,batch_consumer-sts-0_20250707_214918_116794.csv,True,False,False,1751925135.3272393,380975.8913516998
184779,1751924754.3515463,1751924944.112016,batch_consumer-sts-0_20250707_214918_116794.csv,True,False,False,1751925135.3272393,380975.692987442
184789,1751924754.351727,1751924944.1361868,batch_consumer-sts-0_20250707_214918_116794.csv,True,False,False,1751925135.3272393,380975.51226615906
184799,1751924754.3519118,1751924944.160603,batch_consumer-sts-0_20250707_214918_116794.csv,True,False,False,1751925135.3272393,380975.32749176025
184809,1751924754.352097,1751924944.1850958,batch_consumer-sts-0_20250707_214918_116794.csv,True,False,False,1751925135.3272393,380975.1422405243
184819,1751924754.352279,1751924944.2098188,batch_consumer-sts-0_20250707_214918_116794.csv,True,False,False,1751925135.3272393,380974.96032714844
184829,1751924754.352456,1751924944.2345638,batch_consumer-sts-0_20250707_214918_116794.csv,True,False,False,1751925135.3272393,380974.78318214417
184839,1751924754.3526564,1751924944.259378,batch_consumer-sts-0_20250707_214918_116794.csv,True,False,False,1751925135.3272393,380974.5829105377
184849,1751924754.3528335,1751924944.2844062,batch_consumer-sts-0_20250707_214918_116794.csv,True,False,False,1751925135.3272393,380974.40576553345
184859,1751924754.353035,1751924944.3091445,batch_consumer-sts-0_20250707_214918_116794.csv,True,False,False,1751925135.3272393,380974.2043018341
184869,1751924754.3532226,1751924944.425794,batch_consumer-sts-0_20250707_214918_116794.csv,True,False,False,1751925135.3272393,380974.01666641235
184879,1751924754.3534186,1751924944.4505951,batch_consumer-sts-0_20250707_214918_116794.csv,True,False,False,1751925135.3272393,380973.82068634033
184889,1751924754.353608,1751924944.4754095,batch_consumer-sts-0_20250707_214918_116794.csv,True,False,False,1751925135.3272393,380973.6313819885
184899,1751924754.3537946,1751924944.5003264,batch_consumer-sts-0_20250707_214918_116794.csv,True,False,False,1751925135.3272393,380973.4447002411
184909,1751924754.353979,1751924944.5241632,batch_consumer-sts-0_20250707_214918_116794.csv,True,False,False,1751925135.3272393,380973.26016426086
184919,1751924754.354174,1751924944.548782,batch_consumer-sts-0_20250707_214918_116794.csv,True,False,False,1751925135.3272393,380973.06537628174
184929,1751924754.3543863,1751924944.573487,batch_consumer-sts-0_20250707_214918_116794.csv,True,False,False,1751925135.3272393,380972.85294532776
184939,1751924754.354589,1751924944.5985572,batch_consumer-sts-0_20250707_214918_116794.csv,True,False,False,1751925135.3272393,380972.6502895355
184949,1751924754.354787,1751924944.6238863,batch_consumer-sts-0_20250707_214918_116794.csv,True,False,False,1751925135.3272393,380972.4521636963
184959,1751924754.3549786,1751924944.6491742,batch_consumer-sts-0_20250707_214918_116794.csv,True,False,False,1751925135.3272393,380972.26071357727
184969,1751924754.355174,1751924944.673412,batch_consumer-sts-0_20250707_214918_116794.csv,True,False,False,1751925135.3272393,380972.0652103424
184979,1751924754.35537,1751924944.6983526,batch_consumer-sts-0_20250707_214918_116794.csv,True,False,False,1751925135.3272393,380971.8692302704
184989,1751924754.3555632,1751924944.7217107,batch_consumer-sts-0_20250707_214918_116794.csv,True,False,False,1751925135.3272393,380971.6761112213
184999,1751924754.3557386,1751924944.746274,batch_consumer-sts-0_20250707_214918_116794.csv,True,False,False,1751925135.3272393,380971.5006351471
185009,1751924754.3559165,1751924944.7714422,batch_consumer-sts-0_20250707_214918_116794.csv,True,False,False,1751925135.3272393,380971.3227748871
185019,1751924754.3560956,1751924944.7953951,batch_consumer-sts-0_20250707_214918_116794.csv,True,False,False,1751925135.3272393,380971.1437225342
185029,1751924754.3562772,1751924944.8196716,batch_consumer-sts-0_20250707_214918_116794.csv,True,False,False,1751925135.3272393,380970.9620475769
185039,1751924754.3564565,1751924944.8442829,batch_consumer-sts-0_20250707_214918_116794.csv,True,False,False,1751925135.3272393,380970.7827568054
185049,1751924754.3566368,1751924944.9073248,batch_consumer-sts-0_20250707_214918_116794.csv,True,False,False,1751925135.3272393,380970.6025123596
185059,1751924754.35684,1751924944.9320014,batch_consumer-sts-0_20250707_214918_116794.csv,True,False,False,1751925135.3272393,380970.3993797302
185069,1751924754.3570232,1751924944.956228,batch_consumer-sts-0_20250707_214918_116794.csv,True,False,False,1751925135.3272393,380970.2160358429
185079,1751924754.3572006,1751924944.9804566,batch_consumer-sts-0_20250707_214918_116794.csv,True,False,False,1751925135.3272393,380970.03865242004
185089,1751924754.357383,1751924945.0045528,batch_consumer-sts-0_20250707_214918_116794.csv,True,False,False,1751925135.3272393,380969.85626220703
185099,1751924754.3575616,1751924945.029463,batch_consumer-sts-0_20250707_214918_116794.csv,True,False,False,1751925135.3272393,380969.6776866913
185109,1751924754.3577366,1751924945.054414,batch_consumer-sts-0_20250707_214918_116794.csv,True,False,False,1751925135.3272393,380969.5026874542
185119,1751924754.3579156,1751924945.079101,batch_consumer-sts-0_20250707_214918_116794.csv,True,False,False,1751925135.3272393,380969.3236351013
185129,1751924754.3580885,1751924945.103525,batch_consumer-sts-0_20250707_214918_116794.csv,True,False,False,1751925135.3272393,380969.15078163147
185139,1751924754.3582897,1751924945.1400187,batch_consumer-sts-0_20250707_214918_116794.csv,True,False,False,1751925135.3272393,380968.9495563507
185149,1751924754.358478,1751924945.1649034,batch_consumer-sts-0_20250707_214918_116794.csv,True,False,False,1751925135.3272393,380968.7612056732
185159,1751924754.3586657,1751924945.1896837,batch_consumer-sts-0_20250707_214918_116794.csv,True,False,False,1751925135.3272393,380968.57357025146
185169,1751924754.3588605,1751924945.2139935,batch_consumer-sts-0_20250707_214918_116794.csv,True,False,False,1751925135.3272393,380968.37878227234
185179,1751924754.3590498,1751924945.239018,batch_consumer-sts-0_20250707_214918_116794.csv,True,False,False,1751925135.3272393,380968.18947792053
185189,1751924754.3592436,1751924945.2645898,batch_consumer-sts-0_20250707_214918_116794.csv,True,False,False,1751925135.3272393,380967.9956436157
185199,1751924754.3594508,1751924945.2897515,batch_consumer-sts-0_20250707_214918_116794.csv,True,False,False,1751925135.3272393,380967.7884578705
185209,1751924754.556533,1751924945.3140745,batch_consumer-sts-0_20250707_214918_116794.csv,True,False,False,1751925135.3272393,380770.7061767578
185219,1751924754.5567462,1751924945.3388588,batch_consumer-sts-0_20250707_214918_116794.csv,True,False,False,1751925135.3272393,380770.4930305481
185229,1751924754.5569508,1751924945.3640175,batch_consumer-sts-0_20250707_214918_116794.csv,True,False,False,1751925135.3272393,380770.2884674072
185239,1751924754.5571415,1751924945.3887355,batch_consumer-sts-0_20250707_214918_116794.csv,True,False,False,1751925135.3272393,380770.09773254395
185249,1751924754.5573297,1751924945.413089,batch_consumer-sts-0_20250707_214918_116794.csv,True,False,False,1751925135.3272393,380769.90962028503
185259,1751924754.5575106,1751924945.4377484,batch_consumer-sts-0_20250707_214918_116794.csv,True,False,False,1751925135.3272393,380769.7286605835
185269,1751924754.557694,1751924945.4625103,batch_consumer-sts-0_20250707_214918_116794.csv,True,False,False,1751925135.3272393,380769.54531669617
185279,1751924754.557884,1751924945.4875257,batch_consumer-sts-0_20250707_214918_116794.csv,True,False,False,1751925135.3272393,380769.3552970886
185289,1751924754.5580668,1751924945.5120428,batch_consumer-sts-0_20250707_214918_116794.csv,True,False,False,1751925135.3272393,380769.17243003845
185299,1751924754.5582793,1751924946.5393598,batch_consumer-sts-0_20250707_214918_116794.csv,True,False,False,1751925135.3272393,380768.9599990845
185309,1751924754.5584671,1751924946.564608,batch_consumer-sts-0_20250707_214918_116794.csv,True,False,False,1751925135.3272393,380768.77212524414
185319,1751924754.558662,1751924946.5895798,batch_consumer-sts-0_20250707_214918_116794.csv,True,False,False,1751925135.3272393,380768.577337265
185329,1751924754.5589015,1751924946.6143925,batch_consumer-sts-0_20250707_214918_116794.csv,True,False,False,1751925135.3272393,380768.337726593
185339,1751924754.5591235,1751924946.639446,batch_consumer-sts-0_20250707_214918_116794.csv,True,False,False,1751925135.3272393,380768.1157588959
185349,1751924754.5593436,1751924946.6645637,batch_consumer-sts-0_20250707_214918_116794.csv,True,False,False,1751925135.3272393,380767.89569854736
185359,1751924754.5595555,1751924946.689499,batch_consumer-sts-0_20250707_214918_116794.csv,True,False,False,1751925135.3272393,380767.68374443054
185369,1751924754.5597425,1751924946.712681,batch_consumer-sts-0_20250707_214918_116794.csv,True,False,False,1751925135.3272393,380767.4968242645
185379,1751924754.5599792,1751924946.7373056,batch_consumer-sts-0_20250707_214918_116794.csv,True,False,False,1751925135.3272393,380767.2600746155
185389,1751924754.5601764,1751924946.7619288,batch_consumer-sts-0_20250707_214918_116794.csv,True,False,False,1751925135.3272393,380767.06290245056
185399,1751924754.560365,1751924946.7864616,batch_consumer-sts-0_20250707_214918_116794.csv,True,False,False,1751925135.3272393,380766.8743133545
185409,1751924754.5605533,1751924946.8109584,batch_consumer-sts-0_20250707_214918_116794.csv,True,False,False,1751925135.3272393,380766.685962677
185419,1751924754.56075,1751924946.8357563,batch_consumer-sts-0_20250707_214918_116794.csv,True,False,False,1751925135.3272393,380766.48926734924
185429,1751924754.560946,1751924946.8604052,batch_consumer-sts-0_20250707_214918_116794.csv,True,False,False,1751925135.3272393,380766.2932872772
185439,1751924754.561146,1751924946.885369,batch_consumer-sts-0_20250707_214918_116794.csv,True,False,False,1751925135.3272393,380766.09325408936
185449,1751924754.561332,1751924946.9095857,batch_consumer-sts-0_20250707_214918_116794.csv,True,False,False,1751925135.3272393,380765.90728759766
185459,1751924754.5615172,1751924946.9346075,batch_consumer-sts-0_20250707_214918_116794.csv,True,False,False,1751925135.3272393,380765.7220363617
185469,1751924754.5617,1751924946.9595675,batch_consumer-sts-0_20250707_214918_116794.csv,True,False,False,1751925135.3272393,380765.5391693115
185479,1751924754.5618992,1751924946.984084,batch_consumer-sts-0_20250707_214918_116794.csv,True,False,False,1751925135.3272393,380765.340089798
185489,1751924754.5624158,1751924947.008103,batch_consumer-sts-0_20250707_214918_116794.csv,True,False,False,1751925135.3272393,380764.82343673706
185499,1751924754.5631917,1751924947.033001,batch_consumer-sts-0_20250707_214918_116794.csv,True,False,False,1751925135.3272393,380764.04762268066
185509,1751924754.5634353,1751924947.057608,batch_consumer-sts-0_20250707_214918_116794.csv,True,False,False,1751925135.3272393,380763.8039588928
185519,1751924754.5636854,1751924947.0819736,batch_consumer-sts-0_20250707_214918_116794.csv,True,False,False,1751925135.3272393,380763.55385780334
185529,1751924754.5639138,1751924947.1064076,batch_consumer-sts-0_20250707_214918_116794.csv,True,False,False,1751925135.3272393,380763.32545280457
185539,1751924754.5641546,1751924947.131011,batch_consumer-sts-0_20250707_214918_116794.csv,True,False,False,1751925135.3272393,380763.0846500397
185549,1751924754.5647233,1751924947.2805066,batch_consumer-sts-0_20250707_214918_116794.csv,True,False,False,1751925135.3272393,380762.5160217285
185559,1751924754.5649605,1751924947.3051472,batch_consumer-sts-0_20250707_214918_116794.csv,True,False,False,1751925135.3272393,380762.2787952423
185569,1751924754.5655158,1751924947.3294036,batch_consumer-sts-0_20250707_214918_116794.csv,True,False,False,1751925135.3272393,380761.7235183716
185579,1751924754.5657084,1751924947.354172,batch_consumer-sts-0_20250707_214918_116794.csv,True,False,False,1751925135.3272393,380761.53087615967
185589,1751924754.5659013,1751924947.3793314,batch_consumer-sts-0_20250707_214918_116794.csv,True,False,False,1751925135.3272393,380761.3379955292
185599,1751924754.5660944,1751924947.4044423,batch_consumer-sts-0_20250707_214918_116794.csv,True,False,False,1751925135.3272393,380761.1448764801
185609,1751924754.5663326,1751924947.4295156,batch_consumer-sts-0_20250707_214918_116794.csv,True,False,False,1751925135.3272393,380760.9066963196
185619,1751924754.566552,1751924947.4545977,batch_consumer-sts-0_20250707_214918_116794.csv,True,False,False,1751925135.3272393,380760.6873512268
185629,1751924754.5667772,1751924947.479781,batch_consumer-sts-0_20250707_214918_116794.csv,True,False,False,1751925135.3272393,380760.46204566956
185639,1751924754.566992,1751924947.504634,batch_consumer-sts-0_20250707_214918_116794.csv,True,False,False,1751925135.3272393,380760.2472305298
185649,1751924754.5672033,1751924947.5298183,batch_consumer-sts-0_20250707_214918_116794.csv,True,False,False,1751925135.3272393,380760.0359916687
185659,1751924754.5674214,1751924947.554714,batch_consumer-sts-0_20250707_214918_116794.csv,True,False,False,1751925135.3272393,380759.8178386688
185669,1751924754.5676148,1751924947.5807185,batch_consumer-sts-0_20250707_214918_116794.csv,True,False,False,1751925135.3272393,380759.6244812012
185679,1751924754.5678034,1751924947.6049285,batch_consumer-sts-0_20250707_214918_116794.csv,True,False,False,1751925135.3272393,380759.4358921051
185689,1751924754.5679927,1751924947.6294758,batch_consumer-sts-0_20250707_214918_116794.csv,True,False,False,1751925135.3272393,380759.2465877533
185699,1751924754.5681858,1751924947.6551132,batch_consumer-sts-0_20250707_214918_116794.csv,True,False,False,1751925135.3272393,380759.0534687042
185709,1751924754.5683837,1751924947.680387,batch_consumer-sts-0_20250707_214918_116794.csv,True,False,False,1751925135.3272393,380758.85558128357
185719,1751924754.5685656,1751924947.79229,batch_consumer-sts-0_20250707_214918_116794.csv,True,False,False,1751925135.3272393,380758.6736679077
185729,1751924754.56875,1751924947.816457,batch_consumer-sts-0_20250707_214918_116794.csv,True,False,False,1751925135.3272393,380758.48937034607
185739,1751924754.56893,1751924947.840902,batch_consumer-sts-0_20250707_214918_116794.csv,True,False,False,1751925135.3272393,380758.30936431885
185749,1751924754.5691123,1751924947.8652613,batch_consumer-sts-0_20250707_214918_116794.csv,True,False,False,1751925135.3272393,380758.12697410583
185759,1751924754.5692966,1751924947.888949,batch_consumer-sts-0_20250707_214918_116794.csv,True,False,False,1751925135.3272393,380757.9426765442
185769,1751924754.5694811,1751924947.9134357,batch_consumer-sts-0_20250707_214918_116794.csv,True,False,False,1751925135.3272393,380757.75814056396
185779,1751924754.569672,1751924947.938166,batch_consumer-sts-0_20250707_214918_116794.csv,True,False,False,1751925135.3272393,380757.5671672821
185789,1751924754.569857,1751924947.961949,batch_consumer-sts-0_20250707_214918_116794.csv,True,False,False,1751925135.3272393,380757.3823928833
185799,1751924754.5700395,1751924947.9870048,batch_consumer-sts-0_20250707_214918_116794.csv,True,False,False,1751925135.3272393,380757.1997642517
185809,1751924754.570257,1751924948.011214,batch_consumer-sts-0_20250707_214918_116794.csv,True,False,False,1751925135.3272393,380756.98232650757
185819,1751924754.570494,1751924948.0358374,batch_consumer-sts-0_20250707_214918_116794.csv,True,False,False,1751925135.3272393,380756.74533843994
185829,1751924754.5706954,1751924948.0604951,batch_consumer-sts-0_20250707_214918_116794.csv,True,False,False,1751925135.3272393,380756.5438747406
185839,1751924754.570893,1751924948.0849175,batch_consumer-sts-0_20250707_214918_116794.csv,True,False,False,1751925135.3272393,380756.3462257385
185849,1751924754.5710914,1751924948.1090326,batch_consumer-sts-0_20250707_214918_116794.csv,True,False,False,1751925135.3272393,380756.1478614807
185859,1751924754.5712874,1751924948.1333685,batch_consumer-sts-0_20250707_214918_116794.csv,True,False,False,1751925135.3272393,380755.9518814087
185869,1751924754.571492,1751924948.1583903,batch_consumer-sts-0_20250707_214918_116794.csv,True,False,False,1751925135.3272393,380755.7473182678
185879,1751924754.5716743,1751924948.183042,batch_consumer-sts-0_20250707_214918_116794.csv,True,False,False,1751925135.3272393,380755.5649280548
185889,1751924754.5718515,1751924948.2073808,batch_consumer-sts-0_20250707_214918_116794.csv,True,False,False,1751925135.3272393,380755.38778305054
185899,1751924754.572039,1751924948.2323244,batch_consumer-sts-0_20250707_214918_116794.csv,True,False,False,1751925135.3272393,380755.20038604736
185909,1751924754.5722249,1751924948.257739,batch_consumer-sts-0_20250707_214918_116794.csv,True,False,False,1751925135.3272393,380755.01441955566
185919,1751924754.5724056,1751924948.2835476,batch_consumer-sts-0_20250707_214918_116794.csv,True,False,False,1751925135.3272393,380754.8336982727
185929,1751924754.572613,1751924948.308078,batch_consumer-sts-0_20250707_214918_116794.csv,True,False,False,1751925135.3272393,380754.6262741089
185939,1751924754.5728078,1751924948.333134,batch_consumer-sts-0_20250707_214918_116794.csv,True,False,False,1751925135.3272393,380754.43148612976
185949,1751924754.5729966,1751924948.3599367,batch_consumer-sts-0_20250707_214918_116794.csv,True,False,False,1751925135.3272393,380754.2426586151
185959,1751924754.5731893,1751924948.3847077,batch_consumer-sts-0_20250707_214918_116794.csv,True,False,False,1751925135.3272393,380754.0500164032
185969,1751924754.5733738,1751924948.410634,batch_consumer-sts-0_20250707_214918_116794.csv,True,False,False,1751925135.3272393,380753.865480423
185979,1751924754.5735629,1751924948.435617,batch_consumer-sts-0_20250707_214918_116794.csv,True,False,False,1751925135.3272393,380753.67641448975
185989,1751924754.573752,1751924948.4602046,batch_consumer-sts-0_20250707_214918_116794.csv,True,False,False,1751925135.3272393,380753.4873485565
185999,1751924754.5739474,1751924948.4842992,batch_consumer-sts-0_20250707_214918_116794.csv,True,False,False,1751925135.3272393,380753.29184532166
186009,1751924754.574143,1751924948.5090945,batch_consumer-sts-0_20250707_214918_116794.csv,True,False,False,1751925135.3272393,380753.0963420868
186019,1751924754.5743828,1751924948.5342226,batch_consumer-sts-0_20250707_214918_116794.csv,True,False,False,1751925135.3272393,380752.8564929962
186029,1751924754.5746512,1751924948.558773,batch_consumer-sts-0_20250707_214918_116794.csv,True,False,False,1751925135.3272393,380752.58803367615
186039,1751924754.5748637,1751924948.5842395,batch_consumer-sts-0_20250707_214918_116794.csv,True,False,False,1751925135.3272393,380752.37560272217
186049,1751924754.5750787,1751924948.6085515,batch_consumer-sts-0_20250707_214918_116794.csv,True,False,False,1751925135.3272393,380752.1605491638
186059,1751924754.5752945,1751924948.6330268,batch_consumer-sts-0_20250707_214918_116794.csv,True,False,False,1751925135.3272393,380751.94478034973
186069,1751924754.5755117,1751924948.6589742,batch_consumer-sts-0_20250707_214918_116794.csv,True,False,False,1751925135.3272393,380751.72758102417
186079,1751924754.5757244,1751924948.6839683,batch_consumer-sts-0_20250707_214918_116794.csv,True,False,False,1751925135.3272393,380751.5149116516
186089,1751924754.5759242,1751924948.708603,batch_consumer-sts-0_20250707_214918_116794.csv,True,False,False,1751925135.3272393,380751.3151168823
186099,1751924754.576121,1751924948.7337186,batch_consumer-sts-0_20250707_214918_116794.csv,True,False,False,1751925135.3272393,380751.118183136
186109,1751924754.5763147,1751924948.758177,batch_consumer-sts-0_20250707_214918_116794.csv,True,False,False,1751925135.3272393,380750.92458724976
186119,1751924754.576506,1751924948.7818055,batch_consumer-sts-0_20250707_214918_116794.csv,True,False,False,1751925135.3272393,380750.7333755493
186129,1751924754.5767183,1751924948.8060608,batch_consumer-sts-0_20250707_214918_116794.csv,True,False,False,1751925135.3272393,380750.52094459534
186139,1751924754.5769064,1751924948.8308213,batch_consumer-sts-0_20250707_214918_116794.csv,True,False,False,1751925135.3272393,380750.3328323364
186149,1751924754.5770922,1751924948.855447,batch_consumer-sts-0_20250707_214918_116794.csv,True,False,False,1751925135.3272393,380750.1471042633
186159,1751924754.5773008,1751924948.8808882,batch_consumer-sts-0_20250707_214918_116794.csv,True,False,False,1751925135.3272393,380749.9384880066
186169,1751924754.5774937,1751924948.9057202,batch_consumer-sts-0_20250707_214918_116794.csv,True,False,False,1751925135.3272393,380749.7456073761
186179,1751924754.5776868,1751924948.9305592,batch_consumer-sts-0_20250707_214918_116794.csv,True,False,False,1751925135.3272393,380749.552488327
186189,1751924754.5778792,1751924948.9555647,batch_consumer-sts-0_20250707_214918_116794.csv,True,False,False,1751925135.3272393,380749.3600845337
186199,1751924754.5780988,1751924948.9804564,batch_consumer-sts-0_20250707_214918_116794.csv,True,False,False,1751925135.3272393,380749.14050102234
186209,1751924754.5783374,1751924949.004964,batch_consumer-sts-0_20250707_214918_116794.csv,True,False,False,1751925135.3272393,380748.90184402466
186219,1751924754.5785615,1751924949.0295348,batch_consumer-sts-0_20250707_214918_116794.csv,True,False,False,1751925135.3272393,380748.6777305603
186229,1751924754.5787866,1751924949.0545928,batch_consumer-sts-0_20250707_214918_116794.csv,True,False,False,1751925135.3272393,380748.45266342163
186239,1751924754.5790052,1751924949.07943,batch_consumer-sts-0_20250707_214918_116794.csv,True,False,False,1751925135.3272393,380748.2340335846
186249,1751924754.5792327,1751924949.105315,batch_consumer-sts-0_20250707_214918_116794.csv,True,False,False,1751925135.3272393,380748.00658226013
186259,1751924754.579462,1751924949.1303985,batch_consumer-sts-0_20250707_214918_116794.csv,True,False,False,1751925135.3272393,380747.77722358704
186269,1751924754.5797951,1751924949.1558874,batch_consumer-sts-0_20250707_214918_116794.csv,True,False,False,1751925135.3272393,380747.44415283203
186279,1751924754.579985,1751924949.1815012,batch_consumer-sts-0_20250707_214918_116794.csv,True,False,False,1751925135.3272393,380747.25437164307
186289,1751924754.580168,1751924949.2061682,batch_consumer-sts-0_20250707_214918_116794.csv,True,False,False,1751925135.3272393,380747.0712661743
186299,1751924754.580353,1751924949.230844,batch_consumer-sts-0_20250707_214918_116794.csv,True,False,False,1751925135.3272393,380746.88625335693
186309,1751924754.580541,1751924949.257584,batch_consumer-sts-0_20250707_214918_116794.csv,True,False,False,1751925135.3272393,380746.6983795166
186319,1751924754.580725,1751924949.2828228,batch_consumer-sts-0_20250707_214918_116794.csv,True,False,False,1751925135.3272393,380746.51432037354
186329,1751924754.580912,1751924949.307297,batch_consumer-sts-0_20250707_214918_116794.csv,True,False,False,1751925135.3272393,380746.32716178894
186339,1751924754.5810933,1751924949.332538,batch_consumer-sts-0_20250707_214918_116794.csv,True,False,False,1751925135.3272393,380746.1459636688
186349,1751924754.5812802,1751924949.3601408,batch_consumer-sts-0_20250707_214918_116794.csv,True,False,False,1751925135.3272393,380745.9590435028
186359,1751924754.5814686,1751924949.385913,batch_consumer-sts-0_20250707_214918_116794.csv,True,False,False,1751925135.3272393,380745.7706928253
186369,1751924754.5816474,1751924949.410408,batch_consumer-sts-0_20250707_214918_116794.csv,True,False,False,1751925135.3272393,380745.591878891
186379,1751924754.5818284,1751924949.435443,batch_consumer-sts-0_20250707_214918_116794.csv,True,False,False,1751925135.3272393,380745.41091918945
186389,1751924754.5823452,1751924950.2578502,batch_consumer-sts-0_20250707_214918_116794.csv,True,False,False,1751925135.3272393,380744.89402770996
186399,1751924754.5826569,1751924950.2828453,batch_consumer-sts-0_20250707_214918_116794.csv,True,False,False,1751925135.3272393,380744.5824146271
186409,1751924754.582878,1751924950.308081,batch_consumer-sts-0_20250707_214918_116794.csv,True,False,False,1751925135.3272393,380744.36116218567
186419,1751924754.5832758,1751924950.3327634,batch_consumer-sts-0_20250707_214918_116794.csv,True,False,False,1751925135.3272393,380743.9634799957
186429,1751924754.5835166,1751924950.357434,batch_consumer-sts-0_20250707_214918_116794.csv,True,False,False,1751925135.3272393,380743.72267723083
186439,1751924754.5837376,1751924950.382407,batch_consumer-sts-0_20250707_214918_116794.csv,True,False,False,1751925135.3272393,380743.501663208
186449,1751924754.5842505,1751924950.4069526,batch_consumer-sts-0_20250707_214918_116794.csv,True,False,False,1751925135.3272393,380742.98882484436
186459,1751924754.584463,1751924950.4318612,batch_consumer-sts-0_20250707_214918_116794.csv,True,False,False,1751925135.3272393,380742.7763938904
186469,1751924754.5846777,1751924950.4565942,batch_consumer-sts-0_20250707_214918_116794.csv,True,False,False,1751925135.3272393,380742.5615787506
186479,1751924754.584883,1751924950.4814763,batch_consumer-sts-0_20250707_214918_116794.csv,True,False,False,1751925135.3272393,380742.356300354
186489,1751924754.5850823,1751924950.5069926,batch_consumer-sts-0_20250707_214918_116794.csv,True,False,False,1751925135.3272393,380742.1569824219
186499,1751924754.5852604,1751924950.5317464,batch_consumer-sts-0_20250707_214918_116794.csv,True,False,False,1751925135.3272393,380741.9788837433
186509,1751924754.5854418,1751924950.5569563,batch_consumer-sts-0_20250707_214918_116794.csv,True,False,False,1751925135.3272393,380741.7974472046
186519,1751924754.585619,1751924950.5816278,batch_consumer-sts-0_20250707_214918_116794.csv,True,False,False,1751925135.3272393,380741.6203022003
186529,1751924754.5858135,1751924950.6067543,batch_consumer-sts-0_20250707_214918_116794.csv,True,False,False,1751925135.3272393,380741.42575263977
186539,1751924754.585999,1751924950.6314764,batch_consumer-sts-0_20250707_214918_116794.csv,True,False,False,1751925135.3272393,380741.24026298523
186549,1751924754.5861988,1751924950.6565082,batch_consumer-sts-0_20250707_214918_116794.csv,True,False,False,1751925135.3272393,380741.04046821594
186559,1751924754.5863934,1751924950.681083,batch_consumer-sts-0_20250707_214918_116794.csv,True,False,False,1751925135.3272393,380740.8459186554
186569,1751924754.58658,1751924950.7055058,batch_consumer-sts-0_20250707_214918_116794.csv,True,False,False,1751925135.3272393,380740.65923690796
186579,1751924754.5867712,1751924950.7307708,batch_consumer-sts-0_20250707_214918_116794.csv,True,False,False,1751925135.3272393,380740.4680252075
186589,1751924754.5869956,1751924950.7558715,batch_consumer-sts-0_20250707_214918_116794.csv,True,False,False,1751925135.3272393,380740.2436733246
186599,1751924754.5872009,1751924950.7808864,batch_consumer-sts-0_20250707_214918_116794.csv,True,False,False,1751925135.3272393,380740.038394928
186609,1751924754.5873833,1751924950.8055696,batch_consumer-sts-0_20250707_214918_116794.csv,True,False,False,1751925135.3272393,380739.85600471497
186619,1751924754.587574,1751924950.830762,batch_consumer-sts-0_20250707_214918_116794.csv,True,False,False,1751925135.3272393,380739.6652698517
186629,1751924754.5877657,1751924950.8558874,batch_consumer-sts-0_20250707_214918_116794.csv,True,False,False,1751925135.3272393,380739.4735813141
186639,1751924754.5879557,1751924950.8809843,batch_consumer-sts-0_20250707_214918_116794.csv,True,False,False,1751925135.3272393,380739.28356170654
186649,1751924754.5881643,1751924950.90716,batch_consumer-sts-0_20250707_214918_116794.csv,True,False,False,1751925135.3272393,380739.0749454498
186659,1751924754.5883477,1751924950.9325042,batch_consumer-sts-0_20250707_214918_116794.csv,True,False,False,1751925135.3272393,380738.8916015625
186669,1751924754.5885527,1751924950.9580777,batch_consumer-sts-0_20250707_214918_116794.csv,True,False,False,1751925135.3272393,380738.6865615845
186679,1751924754.5887482,1751924950.9822946,batch_consumer-sts-0_20250707_214918_116794.csv,True,False,False,1751925135.3272393,380738.4910583496
186689,1751924754.5889456,1751924951.0067725,batch_consumer-sts-0_20250707_214918_116794.csv,True,False,False,1751925135.3272393,380738.2936477661
186699,1751924754.5891457,1751924952.0336835,batch_consumer-sts-0_20250707_214918_116794.csv,True,False,False,1751925135.3272393,380738.09361457825
186709,1751924754.589382,1751924952.058789,batch_consumer-sts-0_20250707_214918_116794.csv,True,False,False,1751925135.3272393,380737.85734176636
186719,1751924754.5896027,1751924952.0838325,batch_consumer-sts-0_20250707_214918_116794.csv,True,False,False,1751925135.3272393,380737.6365661621
186729,1751924754.5898194,1751924952.1084332,batch_consumer-sts-0_20250707_214918_116794.csv,True,False,False,1751925135.3272393,380737.4198436737
186739,1751924754.590039,1751924952.1331575,batch_consumer-sts-0_20250707_214918_116794.csv,True,False,False,1751925135.3272393,380737.20026016235
186749,1751924754.5902617,1751924952.1600862,batch_consumer-sts-0_20250707_214918_116794.csv,True,False,False,1751925135.3272393,380736.9775772095
186759,1751924754.590485,1751924952.1851528,batch_consumer-sts-0_20250707_214918_116794.csv,True,False,False,1751925135.3272393,380736.75417900085
186769,1751924754.590676,1751924952.2098415,batch_consumer-sts-0_20250707_214918_116794.csv,True,False,False,1751925135.3272393,380736.563205719
186779,1751924754.5908625,1751924952.234284,batch_consumer-sts-0_20250707_214918_116794.csv,True,False,False,1751925135.3272393,380736.37676239014
186789,1751924754.591058,1751924952.2588522,batch_consumer-sts-0_20250707_214918_116794.csv,True,False,False,1751925135.3272393,380736.1812591553
186799,1751924754.5912445,1751924952.3265572,batch_consumer-sts-0_20250707_214918_116794.csv,True,False,False,1751925135.3272393,380735.9948158264
186809,1751924754.5914452,1751924952.3515904,batch_consumer-sts-0_20250707_214918_116794.csv,True,False,False,1751925135.3272393,380735.7940673828
186819,1751924754.5916238,1751924952.3765974,batch_consumer-sts-0_20250707_214918_116794.csv,True,False,False,1751925135.3272393,380735.61549186707
186829,1751924754.5918036,1751924952.401401,batch_consumer-sts-0_20250707_214918_116794.csv,True,False,False,1751925135.3272393,380735.4357242584
186839,1751924754.59199,1751924952.4247868,batch_consumer-sts-0_20250707_214918_116794.csv,True,False,False,1751925135.3272393,380735.24928092957
186849,1751924754.5921688,1751924952.4494731,batch_consumer-sts-0_20250707_214918_116794.csv,True,False,False,1751925135.3272393,380735.07046699524
186859,1751924754.5923436,1751924952.4744203,batch_consumer-sts-0_20250707_214918_116794.csv,True,False,False,1751925135.3272393,380734.89570617676
186869,1751924754.592523,1751924952.5001185,batch_consumer-sts-0_20250707_214918_116794.csv,True,False,False,1751925135.3272393,380734.7161769867
186879,1751924754.5927007,1751924952.5277443,batch_consumer-sts-0_20250707_214918_116794.csv,True,False,False,1751925135.3272393,380734.53855514526
186889,1751924754.592878,1751924952.552902,batch_consumer-sts-0_20250707_214918_116794.csv,True,False,False,1751925135.3272393,380734.3611717224
186899,1751924754.5930574,1751924952.5781343,batch_consumer-sts-0_20250707_214918_116794.csv,True,False,False,1751925135.3272393,380734.1818809509
186909,1751924754.5932384,1751924952.602708,batch_consumer-sts-0_20250707_214918_116794.csv,True,False,False,1751925135.3272393,380734.0009212494
186919,1751924754.5934114,1751924952.6277082,batch_consumer-sts-0_20250707_214918_116794.csv,True,False,False,1751925135.3272393,380733.82782936096
186929,1751924754.5935888,1751924952.6525297,batch_consumer-sts-0_20250707_214918_116794.csv,True,False,False,1751925135.3272393,380733.6504459381
186939,1751924754.5937676,1751924952.6776233,batch_consumer-sts-0_20250707_214918_116794.csv,True,False,False,1751925135.3272393,380733.4716320038
186949,1751924754.5939662,1751924952.702422,batch_consumer-sts-0_20250707_214918_116794.csv,True,False,False,1751925135.3272393,380733.2730293274
186959,1751924754.5941634,1751924952.727634,batch_consumer-sts-0_20250707_214918_116794.csv,True,False,False,1751925135.3272393,380733.0758571625
186969,1751924754.5943582,1751924952.7561357,batch_consumer-sts-0_20250707_214918_116794.csv,True,False,False,1751925135.3272393,380732.88106918335
186979,1751924754.5945494,1751924952.7812133,batch_consumer-sts-0_20250707_214918_116794.csv,True,False,False,1751925135.3272393,380732.6898574829
186989,1751924754.594747,1751924952.8063114,batch_consumer-sts-0_20250707_214918_116794.csv,True,False,False,1751925135.3272393,380732.49220848083
186999,1751924754.594939,1751924952.8308754,batch_consumer-sts-0_20250707_214918_116794.csv,True,False,False,1751925135.3272393,380732.30028152466
187009,1751924754.5951414,1751924952.8561063,batch_consumer-sts-0_20250707_214918_116794.csv,True,False,False,1751925135.3272393,380732.097864151
187019,1751924754.5953386,1751924952.8814049,batch_consumer-sts-0_20250707_214918_116794.csv,True,False,False,1751925135.3272393,380731.9006919861
187029,1751924754.595549,1751924952.9088526,batch_consumer-sts-0_20250707_214918_116794.csv,True,False,False,1751925135.3272393,380731.69016838074
187039,1751924754.5957336,1751924952.934476,batch_consumer-sts-0_20250707_214918_116794.csv,True,False,False,1751925135.3272393,380731.5056324005
187049,1751924754.595919,1751924952.960679,batch_consumer-sts-0_20250707_214918_116794.csv,True,False,False,1751925135.3272393,380731.32038116455
187059,1751924754.5961025,1751924952.986397,batch_consumer-sts-0_20250707_214918_116794.csv,True,False,False,1751925135.3272393,380731.13679885864
187069,1751924754.5963013,1751924953.010498,batch_consumer-sts-0_20250707_214918_116794.csv,True,False,False,1751925135.3272393,380730.9379577637
187079,1751924754.59649,1751924953.0356116,batch_consumer-sts-0_20250707_214918_116794.csv,True,False,False,1751925135.3272393,380730.7493686676
188329,1751924756.777691,1751924953.0605776,batch_consumer-sts-0_20250707_214918_116794.csv,True,False,False,1751925135.3272393,378549.54838752747
188339,1751924756.7780075,1751924953.085436,batch_consumer-sts-0_20250707_214918_116794.csv,True,False,False,1751925135.3272393,378549.2317676544
188349,1751924756.7783992,1751924953.1096883,batch_consumer-sts-0_20250707_214918_116794.csv,True,False,False,1751925135.3272393,378548.84004592896
188359,1751924756.7788146,1751924953.1348288,batch_consumer-sts-0_20250707_214918_116794.csv,True,False,False,1751925135.3272393,378548.42472076416
188369,1751924756.7792358,1751924953.1596644,batch_consumer-sts-0_20250707_214918_116794.csv,True,False,False,1751925135.3272393,378548.0034351349
188379,1751924756.7796445,1751924953.1845183,batch_consumer-sts-0_20250707_214918_116794.csv,True,False,False,1751925135.3272393,378547.5947856903
188389,1751924756.7800682,1751924953.209126,batch_consumer-sts-0_20250707_214918_116794.csv,True,False,False,1751925135.3272393,378547.17111587524
188399,1751924756.780475,1751924953.2336814,batch_consumer-sts-0_20250707_214918_116794.csv,True,False,False,1751925135.3272393,378546.7643737793
188409,1751924756.7809029,1751924953.2584202,batch_consumer-sts-0_20250707_214918_116794.csv,True,False,False,1751925135.3272393,378546.3364124298
188419,1751924756.7814062,1751924953.283099,batch_consumer-sts-0_20250707_214918_116794.csv,True,False,False,1751925135.3272393,378545.8331108093
188429,1751924756.78182,1751924953.3079906,batch_consumer-sts-0_20250707_214918_116794.csv,True,False,False,1751925135.3272393,378545.419216156
188439,1751924756.7822435,1751924953.3327763,batch_consumer-sts-0_20250707_214918_116794.csv,True,False,False,1751925135.3272393,378544.9957847595
188449,1751924756.7826538,1751924953.357797,batch_consumer-sts-0_20250707_214918_116794.csv,True,False,False,1751925135.3272393,378544.5854663849
188459,1751924756.7830954,1751924953.384937,batch_consumer-sts-0_20250707_214918_116794.csv,True,False,False,1751925135.3272393,378544.1439151764
188469,1751924756.7834969,1751924953.4097528,batch_consumer-sts-0_20250707_214918_116794.csv,True,False,False,1751925135.3272393,378543.7424182892
188479,1751924756.7839143,1751924953.4348843,batch_consumer-sts-0_20250707_214918_116794.csv,True,False,False,1751925135.3272393,378543.3249473572
188489,1751924756.7843454,1751924953.4596248,batch_consumer-sts-0_20250707_214918_116794.csv,True,False,False,1751925135.3272393,378542.89388656616
188499,1751924756.7847583,1751924953.4860156,batch_consumer-sts-0_20250707_214918_116794.csv,True,False,False,1751925135.3272393,378542.48094558716
188509,1751924756.7851715,1751924953.5109992,batch_consumer-sts-0_20250707_214918_116794.csv,True,False,False,1751925135.3272393,378542.0677661896
188519,1751924756.785602,1751924953.535893,batch_consumer-sts-0_20250707_214918_116794.csv,True,False,False,1751925135.3272393,378541.6371822357
188529,1751924756.7860308,1751924953.5610025,batch_consumer-sts-0_20250707_214918_116794.csv,True,False,False,1751925135.3272393,378541.2085056305
188539,1751924756.786459,1751924953.5861988,batch_consumer-sts-0_20250707_214918_116794.csv,True,False,False,1751925135.3272393,378540.7803058624
188549,1751924756.7868805,1751924953.611534,batch_consumer-sts-0_20250707_214918_116794.csv,True,False,False,1751925135.3272393,378540.3587818146
188559,1751924756.787294,1751924953.636701,batch_consumer-sts-0_20250707_214918_116794.csv,True,False,False,1751925135.3272393,378539.9453639984
188569,1751924756.7877104,1751924953.662672,batch_consumer-sts-0_20250707_214918_116794.csv,True,False,False,1751925135.3272393,378539.5288467407
188579,1751924756.7881172,1751924953.6873617,batch_consumer-sts-0_20250707_214918_116794.csv,True,False,False,1751925135.3272393,378539.1221046448
188589,1751924756.7885256,1751924953.7126422,batch_consumer-sts-0_20250707_214918_116794.csv,True,False,False,1751925135.3272393,378538.7136936188
188599,1751924756.7889411,1751924953.7376142,batch_consumer-sts-0_20250707_214918_116794.csv,True,False,False,1751925135.3272393,378538.2981300354
188609,1751924756.789363,1751924953.7623386,batch_consumer-sts-0_20250707_214918_116794.csv,True,False,False,1751925135.3272393,378537.87636756897
188619,1751924756.7897778,1751924953.7874925,batch_consumer-sts-0_20250707_214918_116794.csv,True,False,False,1751925135.3272393,378537.46151924133
188629,1751924756.790227,1751924953.8124256,batch_consumer-sts-0_20250707_214918_116794.csv,True,False,False,1751925135.3272393,378537.0123386383
188639,1751924756.7906656,1751924953.836728,batch_consumer-sts-0_20250707_214918_116794.csv,True,False,False,1751925135.3272393,378536.57364845276
188649,1751924756.7910783,1751924953.8613486,batch_consumer-sts-0_20250707_214918_116794.csv,True,False,False,1751925135.3272393,378536.16094589233
188659,1751924756.7914994,1751924953.886268,batch_consumer-sts-0_20250707_214918_116794.csv,True,False,False,1751925135.3272393,378535.73989868164
188669,1751924756.791942,1751924953.910838,batch_consumer-sts-0_20250707_214918_116794.csv,True,False,False,1751925135.3272393,378535.2973937988
188679,1751924756.7923534,1751924953.9357738,batch_consumer-sts-0_20250707_214918_116794.csv,True,False,False,1751925135.3272393,378534.8858833313
188689,1751924756.792786,1751924953.9604158,batch_consumer-sts-0_20250707_214918_116794.csv,True,False,False,1751925135.3272393,378534.4533920288
188699,1751924756.7932026,1751924953.985,batch_consumer-sts-0_20250707_214918_116794.csv,True,False,False,1751925135.3272393,378534.03663635254
188709,1751924756.793635,1751924954.009578,batch_consumer-sts-0_20250707_214918_116794.csv,True,False,False,1751925135.3272393,378533.6043834686
188719,1751924756.794073,1751924954.0341146,batch_consumer-sts-0_20250707_214918_116794.csv,True,False,False,1751925135.3272393,378533.16617012024
188729,1751924756.7944975,1751924954.0595534,batch_consumer-sts-0_20250707_214918_116794.csv,True,False,False,1751925135.3272393,378532.74178504944
188739,1751924756.794913,1751924954.0849392,batch_consumer-sts-0_20250707_214918_116794.csv,True,False,False,1751925135.3272393,378532.32622146606
188749,1751924756.7953303,1751924954.1112063,batch_consumer-sts-0_20250707_214918_116794.csv,True,False,False,1751925135.3272393,378531.90898895264
188759,1751924756.7957406,1751924954.1358988,batch_consumer-sts-0_20250707_214918_116794.csv,True,False,False,1751925135.3272393,378531.498670578
188769,1751924756.796129,1751924954.16071,batch_consumer-sts-0_20250707_214918_116794.csv,True,False,False,1751925135.3272393,378531.11028671265
188779,1751924756.7965405,1751924954.185628,batch_consumer-sts-0_20250707_214918_116794.csv,True,False,False,1751925135.3272393,378530.6987762451
188789,1751924756.796966,1751924954.21077,batch_consumer-sts-0_20250707_214918_116794.csv,True,False,False,1751925135.3272393,378530.2731990814
188799,1751924756.7973807,1751924954.235588,batch_consumer-sts-0_20250707_214918_116794.csv,True,False,False,1751925135.3272393,378529.85858917236
188809,1751924756.797808,1751924954.2607906,batch_consumer-sts-0_20250707_214918_116794.csv,True,False,False,1751925135.3272393,378529.4313430786
188819,1751924756.798238,1751924954.2859385,batch_consumer-sts-0_20250707_214918_116794.csv,True,False,False,1751925135.3272393,378529.0012359619
188829,1751924756.798678,1751924954.3122337,batch_consumer-sts-0_20250707_214918_116794.csv,True,False,False,1751925135.3272393,378528.5613536835
188839,1751924756.7990968,1751924954.336696,batch_consumer-sts-0_20250707_214918_116794.csv,True,False,False,1751925135.3272393,378528.14245224
188849,1751924756.7995143,1751924954.361204,batch_consumer-sts-0_20250707_214918_116794.csv,True,False,False,1751925135.3272393,378527.724981308
188859,1751924756.799925,1751924954.3850715,batch_consumer-sts-0_20250707_214918_116794.csv,True,False,False,1751925135.3272393,378527.3141860962
188869,1751924756.8003466,1751924954.4095547,batch_consumer-sts-0_20250707_214918_116794.csv,True,False,False,1751925135.3272393,378526.89266204834
188879,1751924756.8007658,1751924954.43437,batch_consumer-sts-0_20250707_214918_116794.csv,True,False,False,1751925135.3272393,378526.4735221863
188889,1751924756.8011684,1751924954.4592416,batch_consumer-sts-0_20250707_214918_116794.csv,True,False,False,1751925135.3272393,378526.0708332062
188899,1751924756.8015912,1751924954.48428,batch_consumer-sts-0_20250707_214918_116794.csv,True,False,False,1751925135.3272393,378525.64811706543
188909,1751924756.8020265,1751924954.5088007,batch_consumer-sts-0_20250707_214918_116794.csv,True,False,False,1751925135.3272393,378525.21276474
188919,1751924756.8024445,1751924954.533888,batch_consumer-sts-0_20250707_214918_116794.csv,True,False,False,1751925135.3272393,378524.7948169708
188929,1751924756.8028698,1751924954.5590484,batch_consumer-sts-0_20250707_214918_116794.csv,True,False,False,1751925135.3272393,378524.3694782257
188939,1751924756.8032792,1751924954.612003,batch_consumer-sts-0_20250707_214918_116794.csv,True,False,False,1751925135.3272393,378523.9601135254
188949,1751924756.8036864,1751924954.6368778,batch_consumer-sts-0_20250707_214918_116794.csv,True,False,False,1751925135.3272393,378523.5528945923
188959,1751924756.804111,1751924954.6615207,batch_consumer-sts-0_20250707_214918_116794.csv,True,False,False,1751925135.3272393,378523.1282711029
188969,1751924756.8045394,1751924954.685947,batch_consumer-sts-0_20250707_214918_116794.csv,True,False,False,1751925135.3272393,378522.69983291626
188979,1751924756.8049648,1751924955.1935492,batch_consumer-sts-0_20250707_214918_116794.csv,True,False,False,1751925135.3272393,378522.27449417114
188989,1751924756.8053885,1751924955.2175348,batch_consumer-sts-0_20250707_214918_116794.csv,True,False,False,1751925135.3272393,378521.8508243561
188999,1751924756.805801,1751924955.2419524,batch_consumer-sts-0_20250707_214918_116794.csv,True,False,False,1751925135.3272393,378521.43836021423
189009,1751924756.8062382,1751924955.266057,batch_consumer-sts-0_20250707_214918_116794.csv,True,False,False,1751925135.3272393,378521.00110054016
189019,1751924756.806657,1751924955.2902908,batch_consumer-sts-0_20250707_214918_116794.csv,True,False,False,1751925135.3272393,378520.5821990967
189029,1751924756.807277,1751924955.3136218,batch_consumer-sts-0_20250707_214918_116794.csv,True,False,False,1751925135.3272393,378519.962310791
189039,1751924756.8076704,1751924955.338194,batch_consumer-sts-0_20250707_214918_116794.csv,True,False,False,1751925135.3272393,378519.5689201355
189049,1751924756.8080788,1751924955.362459,batch_consumer-sts-0_20250707_214918_116794.csv,True,False,False,1751925135.3272393,378519.1605091095
189059,1751924756.8085053,1751924955.3869212,batch_consumer-sts-0_20250707_214918_116794.csv,True,False,False,1751925135.3272393,378518.7339782715
189069,1751924756.8089075,1751924955.4115045,batch_consumer-sts-0_20250707_214918_116794.csv,True,False,False,1751925135.3272393,378518.33176612854
189079,1751924756.8093278,1751924955.436059,batch_consumer-sts-0_20250707_214918_116794.csv,True,False,False,1751925135.3272393,378517.9114341736
189089,1751924756.8097408,1751924955.4604597,batch_consumer-sts-0_20250707_214918_116794.csv,True,False,False,1751925135.3272393,378517.4984931946
189099,1751924756.8101506,1751924955.485108,batch_consumer-sts-0_20250707_214918_116794.csv,True,False,False,1751925135.3272393,378517.0886516571
189109,1751924756.8105693,1751924955.509575,batch_consumer-sts-0_20250707_214918_116794.csv,True,False,False,1751925135.3272393,378516.6699886322
189119,1751924756.8109865,1751924955.5341785,batch_consumer-sts-0_20250707_214918_116794.csv,True,False,False,1751925135.3272393,378516.2527561188
189129,1751924756.8114166,1751924955.5579343,batch_consumer-sts-0_20250707_214918_116794.csv,True,False,False,1751925135.3272393,378515.8226490021
189139,1751924756.8118386,1751924955.5824046,batch_consumer-sts-0_20250707_214918_116794.csv,True,False,False,1751925135.3272393,378515.40064811707
189149,1751924756.8122544,1751924955.6066935,batch_consumer-sts-0_20250707_214918_116794.csv,True,False,False,1751925135.3272393,378514.9848461151
189159,1751924756.8126726,1751924955.6311731,batch_consumer-sts-0_20250707_214918_116794.csv,True,False,False,1751925135.3272393,378514.56665992737
189169,1751924756.8130825,1751924955.655702,batch_consumer-sts-0_20250707_214918_116794.csv,True,False,False,1751925135.3272393,378514.1568183899
189179,1751924756.813496,1751924955.6807516,batch_consumer-sts-0_20250707_214918_116794.csv,True,False,False,1751925135.3272393,378513.74316215515
189189,1751924756.8139217,1751924955.7053385,batch_consumer-sts-0_20250707_214918_116794.csv,True,False,False,1751925135.3272393,378513.31758499146
189199,1751924756.8143597,1751924955.7300253,batch_consumer-sts-0_20250707_214918_116794.csv,True,False,False,1751925135.3272393,378512.87961006165
189209,1751924756.8147738,1751924955.7549798,batch_consumer-sts-0_20250707_214918_116794.csv,True,False,False,1751925135.3272393,378512.46547698975
189219,1751924756.815205,1751924955.779622,batch_consumer-sts-0_20250707_214918_116794.csv,True,False,False,1751925135.3272393,378512.03417778015
189229,1751924756.8155792,1751924955.8041403,batch_consumer-sts-0_20250707_214918_116794.csv,True,False,False,1751925135.3272393,378511.66009902954
189239,1751924756.815914,1751924955.8284132,batch_consumer-sts-0_20250707_214918_116794.csv,True,False,False,1751925135.3272393,378511.3253593445
189249,1751924756.816258,1751924955.8530374,batch_consumer-sts-0_20250707_214918_116794.csv,True,False,False,1751925135.3272393,378510.98132133484
189259,1751924756.816583,1751924955.877931,batch_consumer-sts-0_20250707_214918_116794.csv,True,False,False,1751925135.3272393,378510.6563568115
189269,1751924756.8169055,1751924955.9025614,batch_consumer-sts-0_20250707_214918_116794.csv,True,False,False,1751925135.3272393,378510.333776474
189279,1751924756.8172855,1751924955.927506,batch_consumer-sts-0_20250707_214918_116794.csv,True,False,False,1751925135.3272393,378509.9537372589
197629,1751924758.9961212,1751924955.9523647,batch_consumer-sts-0_20250707_214918_116794.csv,True,False,False,1751925135.3272393,376331.11810684204
197639,1751924758.9963632,1751924955.976938,batch_consumer-sts-0_20250707_214918_116794.csv,True,False,False,1751925135.3272393,376330.87611198425
197649,1751924758.9966075,1751924956.0015514,batch_consumer-sts-0_20250707_214918_116794.csv,True,False,False,1751925135.3272393,376330.6317329407
197659,1751924758.9968455,1751924956.0260696,batch_consumer-sts-0_20250707_214918_116794.csv,True,False,False,1751925135.3272393,376330.39379119873
197669,1751924758.9970803,1751924956.0500138,batch_consumer-sts-0_20250707_214918_116794.csv,True,False,False,1751925135.3272393,376330.1589488983
197679,1751924758.997314,1751924957.0755692,batch_consumer-sts-0_20250707_214918_116794.csv,True,False,False,1751925135.3272393,376329.9252986908
197689,1751924758.9975383,1751924957.1002924,batch_consumer-sts-0_20250707_214918_116794.csv,True,False,False,1751925135.3272393,376329.70094680786
197699,1751924758.9977684,1751924957.1244354,batch_consumer-sts-0_20250707_214918_116794.csv,True,False,False,1751925135.3272393,376329.470872879
197709,1751924758.998001,1751924957.1484387,batch_consumer-sts-0_20250707_214918_116794.csv,True,False,False,1751925135.3272393,376329.2381763458
197719,1751924758.9982412,1751924957.1725025,batch_consumer-sts-0_20250707_214918_116794.csv,True,False,False,1751925135.3272393,376328.99808883667
197729,1751924758.9984715,1751924957.1967108,batch_consumer-sts-0_20250707_214918_116794.csv,True,False,False,1751925135.3272393,376328.76777648926
197739,1751924758.9987006,1751924957.220868,batch_consumer-sts-0_20250707_214918_116794.csv,True,False,False,1751925135.3272393,376328.53865623474
197749,1751924758.998933,1751924957.2453847,batch_consumer-sts-0_20250707_214918_116794.csv,True,False,False,1751925135.3272393,376328.3061981201
197759,1751924758.9991612,1751924957.2699287,batch_consumer-sts-0_20250707_214918_116794.csv,True,False,False,1751925135.3272393,376328.0780315399
197769,1751924758.9993863,1751924957.293949,batch_consumer-sts-0_20250707_214918_116794.csv,True,False,False,1751925135.3272393,376327.85296440125
197779,1751924758.9996216,1751924957.317886,batch_consumer-sts-0_20250707_214918_116794.csv,True,False,False,1751925135.3272393,376327.6176452637
197789,1751924758.9998531,1751924957.3419738,batch_consumer-sts-0_20250707_214918_116794.csv,True,False,False,1751925135.3272393,376327.38614082336
197799,1751924759.000091,1751924957.3664334,batch_consumer-sts-0_20250707_214918_116794.csv,True,False,False,1751925135.3272393,376327.1481990814
197809,1751924759.000317,1751924957.4621618,batch_consumer-sts-0_20250707_214918_116794.csv,True,False,False,1751925135.3272393,376326.92217826843
197819,1751924759.000546,1751924957.4865303,batch_consumer-sts-0_20250707_214918_116794.csv,True,False,False,1751925135.3272393,376326.6932964325
197829,1751924759.0007837,1751924957.5111606,batch_consumer-sts-0_20250707_214918_116794.csv,True,False,False,1751925135.3272393,376326.45559310913
197839,1751924759.0010178,1751924957.535435,batch_consumer-sts-0_20250707_214918_116794.csv,True,False,False,1751925135.3272393,376326.22146606445
197849,1751924759.001252,1751924957.55983,batch_consumer-sts-0_20250707_214918_116794.csv,True,False,False,1751925135.3272393,376325.9873390198
197859,1751924759.001485,1751924957.5841212,batch_consumer-sts-0_20250707_214918_116794.csv,True,False,False,1751925135.3272393,376325.7541656494
197869,1751924759.0017238,1751924957.6082675,batch_consumer-sts-0_20250707_214918_116794.csv,True,False,False,1751925135.3272393,376325.51550865173
197879,1751924759.001961,1751924957.6324286,batch_consumer-sts-0_20250707_214918_116794.csv,True,False,False,1751925135.3272393,376325.2782821655
197889,1751924759.00221,1751924957.655558,batch_consumer-sts-0_20250707_214918_116794.csv,True,False,False,1751925135.3272393,376325.02937316895
197899,1751924759.0024445,1751924957.6798184,batch_consumer-sts-0_20250707_214918_116794.csv,True,False,False,1751925135.3272393,376324.7947692871
197909,1751924759.0026824,1751924957.7042603,batch_consumer-sts-0_20250707_214918_116794.csv,True,False,False,1751925135.3272393,376324.55682754517
197919,1751924759.002934,1751924957.7287154,batch_consumer-sts-0_20250707_214918_116794.csv,True,False,False,1751925135.3272393,376324.3052959442
197929,1751924759.0031755,1751924957.7526722,batch_consumer-sts-0_20250707_214918_116794.csv,True,False,False,1751925135.3272393,376324.0637779236
197939,1751924759.003412,1751924957.7767186,batch_consumer-sts-0_20250707_214918_116794.csv,True,False,False,1751925135.3272393,376323.8272666931
197949,1751924759.003613,1751924957.8009448,batch_consumer-sts-0_20250707_214918_116794.csv,True,False,False,1751925135.3272393,376323.62627983093
197959,1751924759.003806,1751924957.8250074,batch_consumer-sts-0_20250707_214918_116794.csv,True,False,False,1751925135.3272393,376323.43316078186
197969,1751924759.0040002,1751924957.8492153,batch_consumer-sts-0_20250707_214918_116794.csv,True,False,False,1751925135.3272393,376323.2390880585
197979,1751924759.0042014,1751924957.8735487,batch_consumer-sts-0_20250707_214918_116794.csv,True,False,False,1751925135.3272393,376323.0378627777
197989,1751924759.004397,1751924957.8975952,batch_consumer-sts-0_20250707_214918_116794.csv,True,False,False,1751925135.3272393,376322.84235954285
197999,1751924759.0045822,1751924957.922024,batch_consumer-sts-0_20250707_214918_116794.csv,True,False,False,1751925135.3272393,376322.6571083069
198009,1751924759.004766,1751924957.9466476,batch_consumer-sts-0_20250707_214918_116794.csv,True,False,False,1751925135.3272393,376322.4732875824
198019,1751924759.0049462,1751924957.9709332,batch_consumer-sts-0_20250707_214918_116794.csv,True,False,False,1751925135.3272393,376322.2930431366
198029,1751924759.0051286,1751924957.995216,batch_consumer-sts-0_20250707_214918_116794.csv,True,False,False,1751925135.3272393,376322.1106529236
198039,1751924759.005312,1751924958.0196395,batch_consumer-sts-0_20250707_214918_116794.csv,True,False,False,1751925135.3272393,376321.92730903625
198049,1751924759.0054977,1751924958.0440016,batch_consumer-sts-0_20250707_214918_116794.csv,True,False,False,1751925135.3272393,376321.74158096313
198059,1751924759.0056844,1751924958.06831,batch_consumer-sts-0_20250707_214918_116794.csv,True,False,False,1751925135.3272393,376321.5548992157
198069,1751924759.0058694,1751924958.0917904,batch_consumer-sts-0_20250707_214918_116794.csv,True,False,False,1751925135.3272393,376321.3698863983
198079,1751924759.0060756,1751924958.3763998,batch_consumer-sts-0_20250707_214936_150284.csv,True,False,False,1751925135.3272393,376321.1636543274
198089,1751924759.0063212,1751924958.4012015,batch_consumer-sts-0_20250707_214936_150284.csv,True,False,False,1751925135.3272393,376320.9180831909
198099,1751924759.0065606,1751924958.4255152,batch_consumer-sts-0_20250707_214936_150284.csv,True,False,False,1751925135.3272393,376320.6787109375
198109,1751924759.0068,1751924958.4503312,batch_consumer-sts-0_20250707_214936_150284.csv,True,False,False,1751925135.3272393,376320.4393386841
198119,1751924759.0070364,1751924958.47499,batch_consumer-sts-0_20250707_214936_150284.csv,True,False,False,1751925135.3272393,376320.2028274536
198129,1751924759.0072732,1751924958.4995658,batch_consumer-sts-0_20250707_214936_150284.csv,True,False,False,1751925135.3272393,376319.96607780457
198139,1751924759.007506,1751924958.5242524,batch_consumer-sts-0_20250707_214936_150284.csv,True,False,False,1751925135.3272393,376319.73338127136
198149,1751924759.0077362,1751924958.5491323,batch_consumer-sts-0_20250707_214936_150284.csv,True,False,False,1751925135.3272393,376319.50306892395
198159,1751924759.00797,1751924958.5734909,batch_consumer-sts-0_20250707_214936_150284.csv,True,False,False,1751925135.3272393,376319.26918029785
198169,1751924759.0082076,1751924958.598029,batch_consumer-sts-0_20250707_214936_150284.csv,True,False,False,1751925135.3272393,376319.03171539307
198179,1751924759.0084476,1751924958.6219988,batch_consumer-sts-0_20250707_214936_150284.csv,True,False,False,1751925135.3272393,376318.7916278839
198189,1751924759.008684,1751924958.6468923,batch_consumer-sts-0_20250707_214936_150284.csv,True,False,False,1751925135.3272393,376318.555355072
198199,1751924759.0089223,1751924958.671352,batch_consumer-sts-0_20250707_214936_150284.csv,True,False,False,1751925135.3272393,376318.3169364929
198209,1751924759.009161,1751924958.694668,batch_consumer-sts-0_20250707_214936_150284.csv,True,False,False,1751925135.3272393,376318.07827949524
198219,1751924759.0093975,1751924958.7193682,batch_consumer-sts-0_20250707_214936_150284.csv,True,False,False,1751925135.3272393,376317.84176826477
198229,1751924759.0096374,1751924958.7438123,batch_consumer-sts-0_20250707_214936_150284.csv,True,False,False,1751925135.3272393,376317.6019191742
198239,1751924759.0098789,1751924958.7684171,batch_consumer-sts-0_20250707_214936_150284.csv,True,False,False,1751925135.3272393,376317.36040115356
198249,1751924759.0101194,1751924958.7927456,batch_consumer-sts-0_20250707_214936_150284.csv,True,False,False,1751925135.3272393,376317.11983680725
198259,1751924759.0103705,1751924958.816679,batch_consumer-sts-0_20250707_214936_150284.csv,True,False,False,1751925135.3272393,376316.86878204346
198269,1751924759.0106146,1751924958.840696,batch_consumer-sts-0_20250707_214936_150284.csv,True,False,False,1751925135.3272393,376316.62464141846
198279,1751924759.0108616,1751924958.864978,batch_consumer-sts-0_20250707_214936_150284.csv,True,False,False,1751925135.3272393,376316.3776397705
198289,1751924759.0111032,1751924958.889645,batch_consumer-sts-0_20250707_214936_150284.csv,True,False,False,1751925135.3272393,376316.1361217499
198299,1751924759.0113354,1751924958.9143147,batch_consumer-sts-0_20250707_214936_150284.csv,True,False,False,1751925135.3272393,376315.90390205383
198309,1751924759.0115714,1751924958.9388506,batch_consumer-sts-0_20250707_214936_150284.csv,True,False,False,1751925135.3272393,376315.6678676605
198319,1751924759.011887,1751924958.9637566,batch_consumer-sts-0_20250707_214936_150284.csv,True,False,False,1751925135.3272393,376315.3522014618
198329,1751924759.0121267,1751924958.9878733,batch_consumer-sts-0_20250707_214936_150284.csv,True,False,False,1751925135.3272393,376315.1125907898
198339,1751924759.0123725,1751924959.0122137,batch_consumer-sts-0_20250707_214936_150284.csv,True,False,False,1751925135.3272393,376314.86678123474
198349,1751924759.0127203,1751924959.0362673,batch_consumer-sts-0_20250707_214936_150284.csv,True,False,False,1751925135.3272393,376314.51892852783
198359,1751924759.013054,1751924959.060218,batch_consumer-sts-0_20250707_214936_150284.csv,True,False,False,1751925135.3272393,376314.18538093567
198369,1751924759.0133915,1751924959.0841522,batch_consumer-sts-0_20250707_214936_150284.csv,True,False,False,1751925135.3272393,376313.84778022766
198379,1751924759.0137298,1751924959.108212,batch_consumer-sts-0_20250707_214936_150284.csv,True,False,False,1751925135.3272393,376313.5094642639
198389,1751924759.014073,1751924959.1321025,batch_consumer-sts-0_20250707_214936_150284.csv,True,False,False,1751925135.3272393,376313.1663799286
198399,1751924759.014438,1751924959.1559143,batch_consumer-sts-0_20250707_214936_150284.csv,True,False,False,1751925135.3272393,376312.801361084
198409,1751924759.0147731,1751924959.1802788,batch_consumer-sts-0_20250707_214936_150284.csv,True,False,False,1751925135.3272393,376312.46614456177
198419,1751924759.0151236,1751924959.204256,batch_consumer-sts-0_20250707_214936_150284.csv,True,False,False,1751925135.3272393,376312.1156692505
198429,1751924759.0154784,1751924959.2283075,batch_consumer-sts-0_20250707_214936_150284.csv,True,False,False,1751925135.3272393,376311.7609024048
198439,1751924759.015844,1751924959.2520523,batch_consumer-sts-0_20250707_214936_150284.csv,True,False,False,1751925135.3272393,376311.39516830444
198449,1751924759.0161903,1751924959.276274,batch_consumer-sts-0_20250707_214936_150284.csv,True,False,False,1751925135.3272393,376311.0489845276
198459,1751924759.0165343,1751924959.300614,batch_consumer-sts-0_20250707_214936_150284.csv,True,False,False,1751925135.3272393,376310.70494651794
198469,1751924759.0168946,1751924959.325009,batch_consumer-sts-0_20250707_214936_150284.csv,True,False,False,1751925135.3272393,376310.3446960449
198479,1751924759.0172546,1751924959.349165,batch_consumer-sts-0_20250707_214936_150284.csv,True,False,False,1751925135.3272393,376309.9846839905
198489,1751924759.0176618,1751924959.3732717,batch_consumer-sts-0_20250707_214936_150284.csv,True,False,False,1751925135.3272393,376309.5774650574
198499,1751924759.0179386,1751924959.397709,batch_consumer-sts-0_20250707_214936_150284.csv,True,False,False,1751925135.3272393,376309.30066108704
198509,1751924759.0182495,1751924959.4219007,batch_consumer-sts-0_20250707_214936_150284.csv,True,False,False,1751925135.3272393,376308.9897632599
198519,1751924759.0186026,1751924959.446135,batch_consumer-sts-0_20250707_214936_150284.csv,True,False,False,1751925135.3272393,376308.63666534424
198529,1751924759.018956,1751924959.470191,batch_consumer-sts-0_20250707_214936_150284.csv,True,False,False,1751925135.3272393,376308.28332901
198539,1751924759.0193126,1751924959.4946158,batch_consumer-sts-0_20250707_214936_150284.csv,True,False,False,1751925135.3272393,376307.9266548157
198549,1751924759.019678,1751924959.5188932,batch_consumer-sts-0_20250707_214936_150284.csv,True,False,False,1751925135.3272393,376307.5611591339
198559,1751924759.020041,1751924959.5431476,batch_consumer-sts-0_20250707_214936_150284.csv,True,False,False,1751925135.3272393,376307.1982860565
198569,1751924759.0205462,1751924959.5674858,batch_consumer-sts-0_20250707_214936_150284.csv,True,False,False,1751925135.3272393,376306.6930770874
198579,1751924759.0218582,1751924959.5920486,batch_consumer-sts-0_20250707_214936_150284.csv,True,False,False,1751925135.3272393,376305.3810596466
198589,1751924759.0226138,1751924959.6164532,batch_consumer-sts-0_20250707_214936_150284.csv,True,False,False,1751925135.3272393,376304.62551116943
198599,1751924759.0229683,1751924959.640977,batch_consumer-sts-0_20250707_214936_150284.csv,True,False,False,1751925135.3272393,376304.2709827423
198609,1751924759.0233152,1751924959.6653032,batch_consumer-sts-0_20250707_214936_150284.csv,True,False,False,1751925135.3272393,376303.9240837097
198619,1751924759.0236628,1751924959.6895866,batch_consumer-sts-0_20250707_214936_150284.csv,True,False,False,1751925135.3272393,376303.5764694214
198629,1751924759.0240102,1751924960.139532,batch_consumer-sts-0_20250707_214936_150284.csv,True,False,False,1751925135.3272393,376303.22909355164
198639,1751924759.02436,1751924960.164565,batch_consumer-sts-0_20250707_214936_150284.csv,True,False,False,1751925135.3272393,376302.8793334961
198649,1751924759.0247073,1751924960.189035,batch_consumer-sts-0_20250707_214936_150284.csv,True,False,False,1751925135.3272393,376302.53195762634
198659,1751924759.0250475,1751924960.2586331,batch_consumer-sts-0_20250707_214936_150284.csv,True,False,False,1751925135.3272393,376302.19173431396
198669,1751924759.0253882,1751924960.7242851,batch_consumer-sts-0_20250707_214936_150284.csv,True,False,False,1751925135.3272393,376301.8510341644
198679,1751924759.02572,1751924960.748745,batch_consumer-sts-0_20250707_214936_150284.csv,True,False,False,1751925135.3272393,376301.5193939209
198689,1751924759.025961,1751924960.773152,batch_consumer-sts-0_20250707_214936_150284.csv,True,False,False,1751925135.3272393,376301.2783527374
198699,1751924759.0262015,1751924960.797431,batch_consumer-sts-0_20250707_214936_150284.csv,True,False,False,1751925135.3272393,376301.0377883911
198709,1751924759.0264382,1751924960.8215697,batch_consumer-sts-0_20250707_214936_150284.csv,True,False,False,1751925135.3272393,376300.80103874207
198719,1751924759.0266757,1751924960.8461108,batch_consumer-sts-0_20250707_214936_150284.csv,True,False,False,1751925135.3272393,376300.5635738373
198729,1751924759.0269125,1751924960.870674,batch_consumer-sts-0_20250707_214936_150284.csv,True,False,False,1751925135.3272393,376300.32682418823
198739,1751924759.027158,1751924960.8947904,batch_consumer-sts-0_20250707_214936_150284.csv,True,False,False,1751925135.3272393,376300.08125305176
198749,1751924759.0274005,1751924960.9187543,batch_consumer-sts-0_20250707_214936_150284.csv,True,False,False,1751925135.3272393,376299.8387813568
198759,1751924759.0276396,1751924960.942938,batch_consumer-sts-0_20250707_214936_150284.csv,True,False,False,1751925135.3272393,376299.599647522
198769,1751924759.0278752,1751924960.967289,batch_consumer-sts-0_20250707_214936_150284.csv,True,False,False,1751925135.3272393,376299.3640899658
198779,1751924759.0281148,1751924960.990444,batch_consumer-sts-0_20250707_214936_150284.csv,True,False,False,1751925135.3272393,376299.1244792938
198789,1751924759.0283575,1751924961.0152206,batch_consumer-sts-0_20250707_214936_150284.csv,True,False,False,1751925135.3272393,376298.8817691803
198799,1751924759.0286,1751924961.039518,batch_consumer-sts-0_20250707_214936_150284.csv,True,False,False,1751925135.3272393,376298.63929748535
198809,1751924759.0288377,1751924961.0639155,batch_consumer-sts-0_20250707_214936_150284.csv,True,False,False,1751925135.3272393,376298.401594162
198819,1751924759.0290794,1751924961.0880065,batch_consumer-sts-0_20250707_214936_150284.csv,True,False,False,1751925135.3272393,376298.1598377228
198829,1751924759.0293157,1751924961.1119778,batch_consumer-sts-0_20250707_214936_150284.csv,True,False,False,1751925135.3272393,376297.9235649109
198839,1751924759.0295632,1751924961.1361055,batch_consumer-sts-0_20250707_214936_150284.csv,True,False,False,1751925135.3272393,376297.6760864258
198849,1751924759.029807,1751924961.1602674,batch_consumer-sts-0_20250707_214936_150284.csv,True,False,False,1751925135.3272393,376297.43218421936
198859,1751924759.0300484,1751924961.184626,batch_consumer-sts-0_20250707_214936_150284.csv,True,False,False,1751925135.3272393,376297.1909046173
198869,1751924759.0302958,1751924961.2089496,batch_consumer-sts-0_20250707_214936_150284.csv,True,False,False,1751925135.3272393,376296.9434261322
198879,1751924759.030543,1751924962.2348804,batch_consumer-sts-0_20250707_214936_150284.csv,True,False,False,1751925135.3272393,376296.6961860657
198889,1751924759.030788,1751924962.259475,batch_consumer-sts-0_20250707_214936_150284.csv,True,False,False,1751925135.3272393,376296.45133018494
198899,1751924759.0310228,1751924962.283707,batch_consumer-sts-0_20250707_214936_150284.csv,True,False,False,1751925135.3272393,376296.2164878845
198909,1751924759.031265,1751924962.308354,batch_consumer-sts-0_20250707_214936_150284.csv,True,False,False,1751925135.3272393,376295.97425460815
198919,1751924759.03151,1751924962.3314795,batch_consumer-sts-0_20250707_214936_150284.csv,True,False,False,1751925135.3272393,376295.72916030884
198929,1751924759.0317028,1751924962.356037,batch_consumer-sts-0_20250707_214936_150284.csv,True,False,False,1751925135.3272393,376295.5365180969
198939,1751924759.03188,1751924962.3818617,batch_consumer-sts-0_20250707_214936_150284.csv,True,False,False,1751925135.3272393,376295.35937309265
198949,1751924759.0320945,1751924962.406039,batch_consumer-sts-0_20250707_214936_150284.csv,True,False,False,1751925135.3272393,376295.14479637146
198959,1751924759.0323284,1751924962.4304178,batch_consumer-sts-0_20250707_214936_150284.csv,True,False,False,1751925135.3272393,376294.91090774536
198969,1751924759.0325897,1751924962.454559,batch_consumer-sts-0_20250707_214936_150284.csv,True,False,False,1751925135.3272393,376294.64960098267
198979,1751924759.0328312,1751924962.478973,batch_consumer-sts-0_20250707_214936_150284.csv,True,False,False,1751925135.3272393,376294.40808296204
198989,1751924759.0330725,1751924962.5031338,batch_consumer-sts-0_20250707_214936_150284.csv,True,False,False,1751925135.3272393,376294.16680336
198999,1751924759.033312,1751924962.9457452,batch_consumer-sts-0_20250707_214936_150284.csv,True,False,False,1751925135.3272393,376293.927192688
199009,1751924759.0335448,1751924962.9693086,batch_consumer-sts-0_20250707_214936_150284.csv,True,False,False,1751925135.3272393,376293.6944961548
199019,1751924759.0337749,1751924962.9928796,batch_consumer-sts-0_20250707_214936_150284.csv,True,False,False,1751925135.3272393,376293.46442222595
199029,1751924759.0340135,1751924963.016392,batch_consumer-sts-0_20250707_214936_150284.csv,True,False,False,1751925135.3272393,376293.2257652283
199039,1751924759.034256,1751924963.0400994,batch_consumer-sts-0_20250707_214936_150284.csv,True,False,False,1751925135.3272393,376292.9832935333
199049,1751924759.0344863,1751924963.0640018,batch_consumer-sts-0_20250707_214936_150284.csv,True,False,False,1751925135.3272393,376292.7529811859
199059,1751924759.034724,1751924963.087823,batch_consumer-sts-0_20250707_214936_150284.csv,True,False,False,1751925135.3272393,376292.51527786255
199069,1751924759.0349612,1751924963.1114943,batch_consumer-sts-0_20250707_214936_150284.csv,True,False,False,1751925135.3272393,376292.27805137634
199079,1751924759.0351908,1751924963.135101,batch_consumer-sts-0_20250707_214936_150284.csv,True,False,False,1751925135.3272393,376292.04845428467
199089,1751924759.0354297,1751924963.158755,batch_consumer-sts-0_20250707_214936_150284.csv,True,False,False,1751925135.3272393,376291.8095588684
199099,1751924759.035658,1751924963.1823778,batch_consumer-sts-0_20250707_214936_150284.csv,True,False,False,1751925135.3272393,376291.5813922882
199109,1751924759.0358942,1751924963.2058468,batch_consumer-sts-0_20250707_214936_150284.csv,True,False,False,1751925135.3272393,376291.3451194763
251879,1751924763.852961,1751924963.2292857,batch_consumer-sts-0_20250707_214936_150284.csv,True,False,False,1751925135.3272393,371474.2782115936
251889,1751924763.8532124,1751924963.252888,batch_consumer-sts-0_20250707_214936_150284.csv,True,False,False,1751925135.3272393,371474.02691841125
251899,1751924763.8534548,1751924963.2763624,batch_consumer-sts-0_20250707_214936_150284.csv,True,False,False,1751925135.3272393,371473.7844467163
251909,1751924763.8537111,1751924963.2998395,batch_consumer-sts-0_20250707_214936_150284.csv,True,False,False,1751925135.3272393,371473.5281467438
251919,1751924763.8539472,1751924963.323345,batch_consumer-sts-0_20250707_214936_150284.csv,True,False,False,1751925135.3272393,371473.29211235046
251929,1751924763.854204,1751924963.3468368,batch_consumer-sts-0_20250707_214936_150284.csv,True,False,False,1751925135.3272393,371473.0353355408
251939,1751924763.854448,1751924963.370332,batch_consumer-sts-0_20250707_214936_150284.csv,True,False,False,1751925135.3272393,371472.7911949158
251949,1751924763.854696,1751924963.393878,batch_consumer-sts-0_20250707_214936_150284.csv,True,False,False,1751925135.3272393,371472.5432395935
251959,1751924763.854934,1751924963.4173028,batch_consumer-sts-0_20250707_214936_150284.csv,True,False,False,1751925135.3272393,371472.30529785156
251969,1751924763.8551824,1751924963.4407723,batch_consumer-sts-0_20250707_214936_150284.csv,True,False,False,1751925135.3272393,371472.05686569214
251979,1751924763.855419,1751924963.4644856,batch_consumer-sts-0_20250707_214936_150284.csv,True,False,False,1751925135.3272393,371471.82035446167
251989,1751924763.855659,1751924963.488016,batch_consumer-sts-0_20250707_214936_150284.csv,True,False,False,1751925135.3272393,371471.5802669525
251999,1751924763.8559067,1751924963.511549,batch_consumer-sts-0_20250707_214936_150284.csv,True,False,False,1751925135.3272393,371471.3325500488
252009,1751924763.8561578,1751924963.5350852,batch_consumer-sts-0_20250707_214936_150284.csv,True,False,False,1751925135.3272393,371471.08149528503
252019,1751924763.8563993,1751924963.5586004,batch_consumer-sts-0_20250707_214936_150284.csv,True,False,False,1751925135.3272393,371470.8399772644
252029,1751924763.8566394,1751924963.5822756,batch_consumer-sts-0_20250707_214936_150284.csv,True,False,False,1751925135.3272393,371470.59988975525
252039,1751924763.8568778,1751924963.6057572,batch_consumer-sts-0_20250707_214936_150284.csv,True,False,False,1751925135.3272393,371470.36147117615
252049,1751924763.8571248,1751924963.6291614,batch_consumer-sts-0_20250707_214936_150284.csv,True,False,False,1751925135.3272393,371470.1144695282
252059,1751924763.8573048,1751924963.6525652,batch_consumer-sts-0_20250707_214936_150284.csv,True,False,False,1751925135.3272393,371469.934463501
252069,1751924763.8574874,1751924963.676038,batch_consumer-sts-0_20250707_214936_150284.csv,True,False,False,1751925135.3272393,371469.7518348694
252079,1751924763.8576748,1751924963.6996603,batch_consumer-sts-0_20250707_214936_150284.csv,True,False,False,1751925135.3272393,371469.5644378662
252089,1751924763.8578646,1751924963.7233164,batch_consumer-sts-0_20250707_214936_150284.csv,True,False,False,1751925135.3272393,371469.37465667725
252099,1751924763.8580532,1751924963.7465658,batch_consumer-sts-0_20250707_214936_150284.csv,True,False,False,1751925135.3272393,371469.1860675812
252109,1751924763.8583288,1751924963.7699664,batch_consumer-sts-0_20250707_214936_150284.csv,True,False,False,1751925135.3272393,371468.91045570374
252119,1751924763.858566,1751924963.7932782,batch_consumer-sts-0_20250707_214936_150284.csv,True,False,False,1751925135.3272393,371468.67322921753
252129,1751924763.8588068,1751924963.8165538,batch_consumer-sts-0_20250707_214936_150284.csv,True,False,False,1751925135.3272393,371468.43242645264
252139,1751924763.8590484,1751924963.838847,batch_consumer-sts-0_20250707_214936_150284.csv,True,False,False,1751925135.3272393,371468.190908432
252149,1751924763.8592844,1751924963.8621788,batch_consumer-sts-0_20250707_214936_150284.csv,True,False,False,1751925135.3272393,371467.9548740387
252159,1751924763.8595183,1751924963.8853607,batch_consumer-sts-0_20250707_214936_150284.csv,True,False,False,1751925135.3272393,371467.7209854126
252169,1751924763.8597558,1751924963.9086351,batch_consumer-sts-0_20250707_214936_150284.csv,True,False,False,1751925135.3272393,371467.4835205078
252179,1751924763.8599892,1751924963.9318678,batch_consumer-sts-0_20250707_214936_150284.csv,True,False,False,1751925135.3272393,371467.2501087189
252189,1751924763.860232,1751924963.955084,batch_consumer-sts-0_20250707_214936_150284.csv,True,False,False,1751925135.3272393,371467.00716018677
252199,1751924763.8604662,1751924963.9784205,batch_consumer-sts-0_20250707_214936_150284.csv,True,False,False,1751925135.3272393,371466.7730331421
252209,1751924763.8607156,1751924964.0007606,batch_consumer-sts-0_20250707_214936_150284.csv,True,False,False,1751925135.3272393,371466.52364730835
252219,1751924763.8609433,1751924964.0241632,batch_consumer-sts-0_20250707_214936_150284.csv,True,False,False,1751925135.3272393,371466.2959575653
252229,1751924763.8611777,1751924964.048071,batch_consumer-sts-0_20250707_214936_150284.csv,True,False,False,1751925135.3272393,371466.06159210205
252239,1751924763.861414,1751924964.0718987,batch_consumer-sts-0_20250707_214936_150284.csv,True,False,False,1751925135.3272393,371465.82531929016
252249,1751924763.8616543,1751924964.0953448,batch_consumer-sts-0_20250707_214936_150284.csv,True,False,False,1751925135.3272393,371465.5849933624
252259,1751924763.8618906,1751924964.1187425,batch_consumer-sts-0_20250707_214936_150284.csv,True,False,False,1751925135.3272393,371465.34872055054
252269,1751924763.86213,1751924964.14237,batch_consumer-sts-0_20250707_214936_150284.csv,True,False,False,1751925135.3272393,371465.1093482971
252279,1751924763.862392,1751924964.1658957,batch_consumer-sts-0_20250707_214936_150284.csv,True,False,False,1751925135.3272393,371464.8473262787
252289,1751924763.8626478,1751924964.1894112,batch_consumer-sts-0_20250707_214936_150284.csv,True,False,False,1751925135.3272393,371464.5915031433
252299,1751924763.862887,1751924964.2128031,batch_consumer-sts-0_20250707_214936_150284.csv,True,False,False,1751925135.3272393,371464.3523693085
252309,1751924763.8631222,1751924964.2362895,batch_consumer-sts-0_20250707_214936_150284.csv,True,False,False,1751925135.3272393,371464.1170501709
252319,1751924763.8633568,1751924964.2599227,batch_consumer-sts-0_20250707_214936_150284.csv,True,False,False,1751925135.3272393,371463.88244628906
252329,1751924763.863611,1751924964.2834797,batch_consumer-sts-0_20250707_214936_150284.csv,True,False,False,1751925135.3272393,371463.62829208374
252339,1751924763.8638723,1751924964.3069324,batch_consumer-sts-0_20250707_214936_150284.csv,True,False,False,1751925135.3272393,371463.36698532104
252349,1751924763.8641136,1751924964.330486,batch_consumer-sts-0_20250707_214936_150284.csv,True,False,False,1751925135.3272393,371463.125705719
252359,1751924763.8643558,1751924964.3540254,batch_consumer-sts-0_20250707_214936_150284.csv,True,False,False,1751925135.3272393,371462.8834724426
252369,1751924763.864606,1751924964.377546,batch_consumer-sts-0_20250707_214936_150284.csv,True,False,False,1751925135.3272393,371462.63337135315
252379,1751924763.8648508,1751924964.4010117,batch_consumer-sts-0_20250707_214936_150284.csv,True,False,False,1751925135.3272393,371462.3885154724
252389,1751924763.8650882,1751924964.424571,batch_consumer-sts-0_20250707_214936_150284.csv,True,False,False,1751925135.3272393,371462.1510505676
252399,1751924763.8653286,1751924964.4480903,batch_consumer-sts-0_20250707_214936_150284.csv,True,False,False,1751925135.3272393,371461.9107246399
252409,1751924763.865573,1751924964.4715755,batch_consumer-sts-0_20250707_214936_150284.csv,True,False,False,1751925135.3272393,371461.6663455963
252419,1751924763.8658185,1751924964.4951406,batch_consumer-sts-0_20250707_214936_150284.csv,True,False,False,1751925135.3272393,371461.42077445984
252429,1751924763.8660696,1751924964.5188272,batch_consumer-sts-0_20250707_214936_150284.csv,True,False,False,1751925135.3272393,371461.16971969604
252439,1751924763.8663197,1751924964.5425344,batch_consumer-sts-0_20250707_214936_150284.csv,True,False,False,1751925135.3272393,371460.91961860657
252449,1751924763.866712,1751924964.566449,batch_consumer-sts-0_20250707_214936_150284.csv,True,False,False,1751925135.3272393,371460.52718162537
252459,1751924763.8669505,1751924964.589973,batch_consumer-sts-0_20250707_214936_150284.csv,True,False,False,1751925135.3272393,371460.28876304626
252469,1751924763.86719,1751924964.6133893,batch_consumer-sts-0_20250707_214936_150284.csv,True,False,False,1751925135.3272393,371460.04939079285
252479,1751924763.8674254,1751924964.6366477,batch_consumer-sts-0_20250707_214936_150284.csv,True,False,False,1751925135.3272393,371459.8138332367
252489,1751924763.8676653,1751924964.6599178,batch_consumer-sts-0_20250707_214936_150284.csv,True,False,False,1751925135.3272393,371459.5739841461
252499,1751924763.867915,1751924964.6833742,batch_consumer-sts-0_20250707_214936_150284.csv,True,False,False,1751925135.3272393,371459.3243598938
252509,1751924763.8681593,1751924964.7067251,batch_consumer-sts-0_20250707_214936_150284.csv,True,False,False,1751925135.3272393,371459.0799808502
252519,1751924763.8683984,1751924964.730156,batch_consumer-sts-0_20250707_214936_150284.csv,True,False,False,1751925135.3272393,371458.8408470154
252529,1751924763.8686428,1751924964.7536771,batch_consumer-sts-0_20250707_214936_150284.csv,True,False,False,1751925135.3272393,371458.5964679718
252539,1751924763.8689258,1751924964.7770834,batch_consumer-sts-0_20250707_214936_150284.csv,True,False,False,1751925135.3272393,371458.3134651184
252549,1751924763.8691275,1751924964.800387,batch_consumer-sts-0_20250707_214936_150284.csv,True,False,False,1751925135.3272393,371458.1117630005
252559,1751924763.8693204,1751924964.9343526,batch_consumer-sts-0_20250707_214936_150284.csv,True,False,False,1751925135.3272393,371457.91888237
252569,1751924763.8695118,1751924964.9579327,batch_consumer-sts-0_20250707_214936_150284.csv,True,False,False,1751925135.3272393,371457.727432251
252579,1751924763.8697078,1751924964.981652,batch_consumer-sts-0_20250707_214936_150284.csv,True,False,False,1751925135.3272393,371457.53145217896
252589,1751924763.869911,1751924965.0054262,batch_consumer-sts-0_20250707_214936_150284.csv,True,False,False,1751925135.3272393,371457.32831954956
252599,1751924763.87011,1751924965.0293374,batch_consumer-sts-0_20250707_214936_150284.csv,True,False,False,1751925135.3272393,371457.129240036
252609,1751924763.8703496,1751924965.0531592,batch_consumer-sts-0_20250707_214936_150284.csv,True,False,False,1751925135.3272393,371456.889629364
252619,1751924763.8705935,1751924965.0770514,batch_consumer-sts-0_20250707_214936_150284.csv,True,False,False,1751925135.3272393,371456.6457271576
252629,1751924763.8708284,1751924965.101102,batch_consumer-sts-0_20250707_214936_150284.csv,True,False,False,1751925135.3272393,371456.4108848572
252639,1751924763.8710678,1751924965.1253555,batch_consumer-sts-0_20250707_214936_150284.csv,True,False,False,1751925135.3272393,371456.17151260376
252649,1751924763.871307,1751924965.1493256,batch_consumer-sts-0_20250707_214936_150284.csv,True,False,False,1751925135.3272393,371455.9323787689
252659,1751924763.8715742,1751924965.1731594,batch_consumer-sts-0_20250707_214936_150284.csv,True,False,False,1751925135.3272393,371455.66511154175
252669,1751924763.871815,1751924965.197358,batch_consumer-sts-0_20250707_214936_150284.csv,True,False,False,1751925135.3272393,371455.42430877686
252679,1751924763.872058,1751924965.2215402,batch_consumer-sts-0_20250707_214936_150284.csv,True,False,False,1751925135.3272393,371455.18136024475
252689,1751924763.8722963,1751924965.2457235,batch_consumer-sts-0_20250707_214936_150284.csv,True,False,False,1751925135.3272393,371454.94294166565
252699,1751924763.8725383,1751924965.2698116,batch_consumer-sts-0_20250707_214936_150284.csv,True,False,False,1751925135.3272393,371454.70094680786
252709,1751924763.8727796,1751924965.2939303,batch_consumer-sts-0_20250707_214936_150284.csv,True,False,False,1751925135.3272393,371454.4596672058
252719,1751924763.8730252,1751924965.3179598,batch_consumer-sts-0_20250707_214936_150284.csv,True,False,False,1751925135.3272393,371454.21409606934
252729,1751924763.8732944,1751924965.3931236,batch_consumer-sts-0_20250707_214936_150284.csv,True,False,False,1751925135.3272393,371453.94492149353
252739,1751924763.873531,1751924965.4171298,batch_consumer-sts-0_20250707_214936_150284.csv,True,False,False,1751925135.3272393,371453.7081718445
252749,1751924763.873767,1751924965.4411557,batch_consumer-sts-0_20250707_214936_150284.csv,True,False,False,1751925135.3272393,371453.47237586975
252759,1751924763.8740098,1751924965.4650233,batch_consumer-sts-0_20250707_214936_150284.csv,True,False,False,1751925135.3272393,371453.22942733765
252769,1751924763.8742533,1751924965.4887576,batch_consumer-sts-0_20250707_214936_150284.csv,True,False,False,1751925135.3272393,371452.9860019684
252779,1751924763.8744855,1751924965.7965536,batch_consumer-sts-0_20250707_214936_150284.csv,True,False,False,1751925135.3272393,371452.75378227234
252789,1751924763.8747303,1751924965.8207266,batch_consumer-sts-0_20250707_214936_150284.csv,True,False,False,1751925135.3272393,371452.5089263916
252799,1751924763.8749676,1751924965.844596,batch_consumer-sts-0_20250707_214936_150284.csv,True,False,False,1751925135.3272393,371452.2716999054
252809,1751924763.8752124,1751924965.8682978,batch_consumer-sts-0_20250707_214936_150284.csv,True,False,False,1751925135.3272393,371452.02684402466
252819,1751924763.8754482,1751924965.8918126,batch_consumer-sts-0_20250707_214936_150284.csv,True,False,False,1751925135.3272393,371451.7910480499
252829,1751924763.87569,1751924965.91526,batch_consumer-sts-0_20250707_214936_150284.csv,True,False,False,1751925135.3272393,371451.5492916107
252839,1751924763.8759267,1751924965.9388218,batch_consumer-sts-0_20250707_214936_150284.csv,True,False,False,1751925135.3272393,371451.31254196167
252849,1751924763.8761775,1751924965.9625256,batch_consumer-sts-0_20250707_214936_150284.csv,True,False,False,1751925135.3272393,371451.06172561646
252859,1751924763.8764174,1751924965.986157,batch_consumer-sts-0_20250707_214936_150284.csv,True,False,False,1751925135.3272393,371450.8218765259
252869,1751924763.8766615,1751924966.0097198,batch_consumer-sts-0_20250707_214936_150284.csv,True,False,False,1751925135.3272393,371450.5777359009
252879,1751924763.8769023,1751924966.0334077,batch_consumer-sts-0_20250707_214936_150284.csv,True,False,False,1751925135.3272393,371450.336933136
252889,1751924763.8771434,1751924966.0572574,batch_consumer-sts-0_20250707_214936_150284.csv,True,False,False,1751925135.3272393,371450.0958919525
252899,1751924763.87738,1751924966.0810585,batch_consumer-sts-0_20250707_214936_150284.csv,True,False,False,1751925135.3272393,371449.85938072205
252909,1751924763.87761,1751924966.1048243,batch_consumer-sts-0_20250707_214936_150284.csv,True,False,False,1751925135.3272393,371449.6293067932
252919,1751924763.8778412,1751924966.1282086,batch_consumer-sts-0_20250707_214936_150284.csv,True,False,False,1751925135.3272393,371449.3980407715
252929,1751924763.8780775,1751924966.1515312,batch_consumer-sts-0_20250707_214936_150284.csv,True,False,False,1751925135.3272393,371449.1617679596
252939,1751924763.8783317,1751924966.1739686,batch_consumer-sts-0_20250707_214936_150284.csv,True,False,False,1751925135.3272393,371448.9076137543
252949,1751924763.878571,1751924966.1976192,batch_consumer-sts-0_20250707_214936_150284.csv,True,False,False,1751925135.3272393,371448.66824150085
252959,1751924763.878814,1751924966.2215235,batch_consumer-sts-0_20250707_214936_150284.csv,True,False,False,1751925135.3272393,371448.42529296875
252969,1751924763.879052,1751924966.243946,batch_consumer-sts-0_20250707_214936_150284.csv,True,False,False,1751925135.3272393,371448.1873512268
252979,1751924763.8792875,1751924966.267522,batch_consumer-sts-0_20250707_214936_150284.csv,True,False,False,1751925135.3272393,371447.95179367065
252989,1751924763.879531,1751924966.2912188,batch_consumer-sts-0_20250707_214936_150284.csv,True,False,False,1751925135.3272393,371447.7083683014
252999,1751924763.8797665,1751924966.314747,batch_consumer-sts-0_20250707_214936_150284.csv,True,False,False,1751925135.3272393,371447.47281074524
253009,1751924763.879998,1751924966.3384745,batch_consumer-sts-0_20250707_214936_150284.csv,True,False,False,1751925135.3272393,371447.24130630493
253019,1751924763.8802328,1751924966.3615136,batch_consumer-sts-0_20250707_214936_150284.csv,True,False,False,1751925135.3272393,371447.0064640045
253029,1751924763.8804653,1751924966.3840468,batch_consumer-sts-0_20250707_214936_150284.csv,True,False,False,1751925135.3272393,371446.7740058899
253039,1751924763.8807032,1751924967.4092414,batch_consumer-sts-0_20250707_214936_150284.csv,True,False,False,1751925135.3272393,371446.53606414795
253049,1751924763.880942,1751924967.4332397,batch_consumer-sts-0_20250707_214936_150284.csv,True,False,False,1751925135.3272393,371446.2971687317
253059,1751924763.8811743,1751924967.456764,batch_consumer-sts-0_20250707_214936_150284.csv,True,False,False,1751925135.3272393,371446.06494903564
253069,1751924763.881416,1751924967.480343,batch_consumer-sts-0_20250707_214936_150284.csv,True,False,False,1751925135.3272393,371445.82319259644
253079,1751924763.8816729,1751924967.5040874,batch_consumer-sts-0_20250707_214936_150284.csv,True,False,False,1751925135.3272393,371445.56641578674
253089,1751924763.8819802,1751924967.528155,batch_consumer-sts-0_20250707_214936_150284.csv,True,False,False,1751925135.3272393,371445.2590942383
253099,1751924763.882243,1751924967.552618,batch_consumer-sts-0_20250707_214936_150284.csv,True,False,False,1751925135.3272393,371444.9963569641
253109,1751924763.8824823,1751924967.576349,batch_consumer-sts-0_20250707_214936_150284.csv,True,False,False,1751925135.3272393,371444.7569847107
253119,1751924763.882728,1751924967.5999336,batch_consumer-sts-0_20250707_214936_150284.csv,True,False,False,1751925135.3272393,371444.51117515564
253129,1751924763.882964,1751924967.623445,batch_consumer-sts-0_20250707_214936_150284.csv,True,False,False,1751925135.3272393,371444.2753791809
253139,1751924763.8856304,1751924967.9836078,batch_consumer-sts-0_20250707_214936_150284.csv,True,False,False,1751925135.3272393,371441.60890579224
253149,1751924763.8858838,1751924968.0070732,batch_consumer-sts-0_20250707_214936_150284.csv,True,False,False,1751925135.3272393,371441.35546684265
253159,1751924763.88612,1751924968.0307865,batch_consumer-sts-0_20250707_214936_150284.csv,True,False,False,1751925135.3272393,371441.11919403076
253169,1751924763.8864305,1751924968.054706,batch_consumer-sts-0_20250707_214936_150284.csv,True,False,False,1751925135.3272393,371440.8087730408
253179,1751924763.8866975,1751924968.07888,batch_consumer-sts-0_20250707_214936_150284.csv,True,False,False,1751925135.3272393,371440.5417442322
253189,1751924763.8869576,1751924968.1027558,batch_consumer-sts-0_20250707_214936_150284.csv,True,False,False,1751925135.3272393,371440.2816295624
253199,1751924763.8872168,1751924968.126187,batch_consumer-sts-0_20250707_214936_150284.csv,True,False,False,1751925135.3272393,371440.0224685669
253209,1751924763.8874807,1751924968.149651,batch_consumer-sts-0_20250707_214936_150284.csv,True,False,False,1751925135.3272393,371439.7585391998
253219,1751924763.8877482,1751924968.1731875,batch_consumer-sts-0_20250707_214936_150284.csv,True,False,False,1751925135.3272393,371439.4910335541
253229,1751924763.8880146,1751924968.196776,batch_consumer-sts-0_20250707_214936_150284.csv,True,False,False,1751925135.3272393,371439.2247200012
253239,1751924763.8882756,1751924968.220775,batch_consumer-sts-0_20250707_214936_150284.csv,True,False,False,1751925135.3272393,371438.9636516571
253249,1751924763.8885412,1751924968.244288,batch_consumer-sts-0_20250707_214936_150284.csv,True,False,False,1751925135.3272393,371438.69805336
253259,1751924763.8888052,1751924968.267838,batch_consumer-sts-0_20250707_214936_150284.csv,True,False,False,1751925135.3272393,371438.4341239929
253269,1751924763.8890655,1751924968.291497,batch_consumer-sts-0_20250707_214936_150284.csv,True,False,False,1751925135.3272393,371438.17377090454
253279,1751924763.8893256,1751924968.3152616,batch_consumer-sts-0_20250707_214936_150284.csv,True,False,False,1751925135.3272393,371437.91365623474
253289,1751924763.8895822,1751924968.3390777,batch_consumer-sts-0_20250707_214936_150284.csv,True,False,False,1751925135.3272393,371437.6571178436
253299,1751924763.8898268,1751924968.3628464,batch_consumer-sts-0_20250707_214936_150284.csv,True,False,False,1751925135.3272393,371437.41250038147
253309,1751924763.890087,1751924968.3865423,batch_consumer-sts-0_20250707_214936_150284.csv,True,False,False,1751925135.3272393,371437.15238571167
253319,1751924763.8903463,1751924968.4106765,batch_consumer-sts-0_20250707_214936_150284.csv,True,False,False,1751925135.3272393,371436.8929862976
253329,1751924763.890602,1751924968.4346857,batch_consumer-sts-0_20250707_214936_150284.csv,True,False,False,1751925135.3272393,371436.63716316223
253339,1751924763.8908455,1751924968.4589665,batch_consumer-sts-0_20250707_214936_150284.csv,True,False,False,1751925135.3272393,371436.39373779297
253349,1751924763.8910875,1751924968.482992,batch_consumer-sts-0_20250707_214936_150284.csv,True,False,False,1751925135.3272393,371436.1517429352
253359,1751924763.89133,1751924968.506857,batch_consumer-sts-0_20250707_214936_150284.csv,True,False,False,1751925135.3272393,371435.90927124023
253369,1751924763.8915718,1751924968.5309286,batch_consumer-sts-0_20250707_214936_150284.csv,True,False,False,1751925135.3272393,371435.667514801
253379,1751924763.8918223,1751924968.5552216,batch_consumer-sts-0_20250707_214936_150284.csv,True,False,False,1751925135.3272393,371435.4169368744
253389,1751924763.8920562,1751924968.5796945,batch_consumer-sts-0_20250707_214936_150284.csv,True,False,False,1751925135.3272393,371435.1830482483
253399,1751924763.8922937,1751924968.6040888,batch_consumer-sts-0_20250707_214936_150284.csv,True,False,False,1751925135.3272393,371434.9455833435
253409,1751924763.8925452,1751924968.6278665,batch_consumer-sts-0_20250707_214936_150284.csv,True,False,False,1751925135.3272393,371434.69405174255
253419,1751924763.892784,1751924968.6520686,batch_consumer-sts-0_20250707_214936_150284.csv,True,False,False,1751925135.3272393,371434.4551563263
292359,1751924765.0586696,1751924968.676069,batch_consumer-sts-0_20250707_214936_150284.csv,True,False,False,1751925135.3272393,370268.5697078705
292369,1751924765.0589125,1751924968.699906,batch_consumer-sts-0_20250707_214936_150284.csv,True,False,False,1751925135.3272393,370268.3267593384
292379,1751924765.059149,1751924968.7232778,batch_consumer-sts-0_20250707_214936_150284.csv,True,False,False,1751925135.3272393,370268.0902481079
292389,1751924765.0593865,1751924968.7467794,batch_consumer-sts-0_20250707_214936_150284.csv,True,False,False,1751925135.3272393,370267.8527832031
292399,1751924765.059615,1751924968.770469,batch_consumer-sts-0_20250707_214936_150284.csv,True,False,False,1751925135.3272393,370267.62437820435
292409,1751924765.059845,1751924968.793829,batch_consumer-sts-0_20250707_214936_150284.csv,True,False,False,1751925135.3272393,370267.3943042755
292419,1751924765.0600767,1751924968.8171442,batch_consumer-sts-0_20250707_214936_150284.csv,True,False,False,1751925135.3272393,370267.1625614166
292429,1751924765.0603125,1751924968.84056,batch_consumer-sts-0_20250707_214936_150284.csv,True,False,False,1751925135.3272393,370266.9267654419
292439,1751924765.060549,1751924968.862846,batch_consumer-sts-0_20250707_214936_150284.csv,True,False,False,1751925135.3272393,370266.6902542114
292449,1751924765.0607896,1751924968.8861003,batch_consumer-sts-0_20250707_214936_150284.csv,True,False,False,1751925135.3272393,370266.4496898651
292459,1751924765.0610194,1751924968.9093788,batch_consumer-sts-0_20250707_214936_150284.csv,True,False,False,1751925135.3272393,370266.21985435486
292469,1751924765.0612638,1751924968.9327102,batch_consumer-sts-0_20250707_214936_150284.csv,True,False,False,1751925135.3272393,370265.9754753113
292479,1751924765.0614924,1751924968.9560535,batch_consumer-sts-0_20250707_214936_150284.csv,True,False,False,1751925135.3272393,370265.7468318939
292489,1751924765.0617225,1751924968.9795344,batch_consumer-sts-0_20250707_214936_150284.csv,True,False,False,1751925135.3272393,370265.5167579651
292499,1751924765.061957,1751924969.0029,batch_consumer-sts-0_20250707_214936_150284.csv,True,False,False,1751925135.3272393,370265.28239250183
292509,1751924765.062197,1751924969.0267994,batch_consumer-sts-0_20250707_214936_150284.csv,True,False,False,1751925135.3272393,370265.0423049927
292519,1751924765.0624382,1751924969.05054,batch_consumer-sts-0_20250707_214936_150284.csv,True,False,False,1751925135.3272393,370264.8010253906
292529,1751924765.0626743,1751924969.074417,batch_consumer-sts-0_20250707_214936_150284.csv,True,False,False,1751925135.3272393,370264.5649909973
292539,1751924765.0629346,1751924969.0981567,batch_consumer-sts-0_20250707_214936_150284.csv,True,False,False,1751925135.3272393,370264.30463790894
292549,1751924765.063388,1751924969.1220596,batch_consumer-sts-0_20250707_214936_150284.csv,True,False,False,1751925135.3272393,370263.8511657715
292559,1751924765.063929,1751924969.1459763,batch_consumer-sts-0_20250707_214936_150284.csv,True,False,False,1751925135.3272393,370263.3101940155
292569,1751924765.0642672,1751924969.169705,batch_consumer-sts-0_20250707_214936_150284.csv,True,False,False,1751925135.3272393,370262.97211647034
292579,1751924765.0647962,1751924969.1931963,batch_consumer-sts-0_20250707_214936_150284.csv,True,False,False,1751925135.3272393,370262.4430656433
292589,1751924765.0650206,1751924969.217018,batch_consumer-sts-0_20250707_214936_150284.csv,True,False,False,1751925135.3272393,370262.2187137604
292599,1751924765.0652504,1751924969.240522,batch_consumer-sts-0_20250707_214936_150284.csv,True,False,False,1751925135.3272393,370261.9888782501
292609,1751924765.065477,1751924969.263113,batch_consumer-sts-0_20250707_214936_150284.csv,True,False,False,1751925135.3272393,370261.7623806
292619,1751924765.0657127,1751924969.286881,batch_consumer-sts-0_20250707_214936_150284.csv,True,False,False,1751925135.3272393,370261.52658462524
292629,1751924765.065941,1751924969.3104918,batch_consumer-sts-0_20250707_214936_150284.csv,True,False,False,1751925135.3272393,370261.29817962646
292639,1751924765.066194,1751924969.3339396,batch_consumer-sts-0_20250707_214936_150284.csv,True,False,False,1751925135.3272393,370261.04521751404
292649,1751924765.0664277,1751924969.3575914,batch_consumer-sts-0_20250707_214936_150284.csv,True,False,False,1751925135.3272393,370260.8115673065
292659,1751924765.0666702,1751924969.3813205,batch_consumer-sts-0_20250707_214936_150284.csv,True,False,False,1751925135.3272393,370260.5690956116
292669,1751924765.0669048,1751924969.4050136,batch_consumer-sts-0_20250707_214936_150284.csv,True,False,False,1751925135.3272393,370260.33449172974
292679,1751924765.0671484,1751924969.4287589,batch_consumer-sts-0_20250707_214936_150284.csv,True,False,False,1751925135.3272393,370260.0908279419
292689,1751924765.0673933,1751924969.4522316,batch_consumer-sts-0_20250707_214936_150284.csv,True,False,False,1751925135.3272393,370259.84597206116
292699,1751924765.067609,1751924969.476011,batch_consumer-sts-0_20250707_214936_150284.csv,True,False,False,1751925135.3272393,370259.63020324707
292709,1751924765.0678527,1751924969.4998903,batch_consumer-sts-0_20250707_214936_150284.csv,True,False,False,1751925135.3272393,370259.3865394592
292719,1751924765.068088,1751924969.523333,batch_consumer-sts-0_20250707_214936_150284.csv,True,False,False,1751925135.3272393,370259.15122032166
292729,1751924765.068322,1751924969.5471044,batch_consumer-sts-0_20250707_214936_150284.csv,True,False,False,1751925135.3272393,370258.91733169556
292739,1751924765.0685563,1751924969.5707097,batch_consumer-sts-0_20250707_214936_150284.csv,True,False,False,1751925135.3272393,370258.6829662323
292749,1751924765.0687969,1751924969.5940702,batch_consumer-sts-0_20250707_214936_150284.csv,True,False,False,1751925135.3272393,370258.442401886
292759,1751924765.0690317,1751924969.6176033,batch_consumer-sts-0_20250707_214936_150284.csv,True,False,False,1751925135.3272393,370258.2075595856
292769,1751924765.0695832,1751924969.6410398,batch_consumer-sts-0_20250707_214936_150284.csv,True,False,False,1751925135.3272393,370257.6560974121
292779,1751924765.0703444,1751924969.6645188,batch_consumer-sts-0_20250707_214936_150284.csv,True,False,False,1751925135.3272393,370256.89482688904
292789,1751924765.070625,1751924969.6879597,batch_consumer-sts-0_20250707_214936_150284.csv,True,False,False,1751925135.3272393,370256.61420822144
292799,1751924765.0710597,1751924969.7118018,batch_consumer-sts-0_20250707_214936_150284.csv,True,False,False,1751925135.3272393,370256.17957115173
292809,1751924765.0712852,1751924969.735222,batch_consumer-sts-0_20250707_214936_150284.csv,True,False,False,1751925135.3272393,370255.9540271759
292819,1751924765.0715165,1751924969.7585547,batch_consumer-sts-0_20250707_214936_150284.csv,True,False,False,1751925135.3272393,370255.7227611542
292829,1751924765.07175,1751924969.782092,batch_consumer-sts-0_20250707_214936_150284.csv,True,False,False,1751925135.3272393,370255.48934936523
292839,1751924765.0719795,1751924969.8056087,batch_consumer-sts-0_20250707_214936_150284.csv,True,False,False,1751925135.3272393,370255.25975227356
292849,1751924765.0722136,1751924969.82905,batch_consumer-sts-0_20250707_214936_150284.csv,True,False,False,1751925135.3272393,370255.0256252289
292859,1751924765.0724444,1751924969.8528109,batch_consumer-sts-0_20250707_214936_150284.csv,True,False,False,1751925135.3272393,370254.7948360443
292869,1751924765.0726805,1751924969.8763175,batch_consumer-sts-0_20250707_214936_150284.csv,True,False,False,1751925135.3272393,370254.558801651
292879,1751924765.0729222,1751924969.8999796,batch_consumer-sts-0_20250707_214936_150284.csv,True,False,False,1751925135.3272393,370254.3170452118
292889,1751924765.0731575,1751924969.923626,batch_consumer-sts-0_20250707_214936_150284.csv,True,False,False,1751925135.3272393,370254.0817260742
292899,1751924765.0733962,1751924969.9903047,batch_consumer-sts-0_20250707_214936_150284.csv,True,False,False,1751925135.3272393,370253.84306907654
292909,1751924765.073627,1751924970.0145354,batch_consumer-sts-0_20250707_214936_150284.csv,True,False,False,1751925135.3272393,370253.61227989197
292919,1751924765.0738535,1751924970.0385425,batch_consumer-sts-0_20250707_214936_150284.csv,True,False,False,1751925135.3272393,370253.3857822418
292929,1751924765.0741107,1751924970.062336,batch_consumer-sts-0_20250707_214936_150284.csv,True,False,False,1751925135.3272393,370253.12852859497
292939,1751924765.0743554,1751924970.0860806,batch_consumer-sts-0_20250707_214936_150284.csv,True,False,False,1751925135.3272393,370252.8839111328
292949,1751924765.074593,1751924970.109958,batch_consumer-sts-0_20250707_214936_150284.csv,True,False,False,1751925135.3272393,370252.64620780945
292959,1751924765.074829,1751924970.1337864,batch_consumer-sts-0_20250707_214936_150284.csv,True,False,False,1751925135.3272393,370252.41017341614
292969,1751924765.0750754,1751924970.1574817,batch_consumer-sts-0_20250707_214936_150284.csv,True,False,False,1751925135.3272393,370252.1638870239
292979,1751924765.0753107,1751924970.1813169,batch_consumer-sts-0_20250707_214936_150284.csv,True,False,False,1751925135.3272393,370251.92856788635
292989,1751924765.075555,1751924970.2050438,batch_consumer-sts-0_20250707_214936_150284.csv,True,False,False,1751925135.3272393,370251.6841888428
292999,1751924765.075792,1751924970.2287276,batch_consumer-sts-0_20250707_214936_150284.csv,True,False,False,1751925135.3272393,370251.44720077515
293009,1751924765.0760322,1751924970.2525814,batch_consumer-sts-0_20250707_214936_150284.csv,True,False,False,1751925135.3272393,370251.207113266
293019,1751924765.0762675,1751924970.2763717,batch_consumer-sts-0_20250707_214936_150284.csv,True,False,False,1751925135.3272393,370250.9717941284
293029,1751924765.0765092,1751924970.2999892,batch_consumer-sts-0_20250707_214936_150284.csv,True,False,False,1751925135.3272393,370250.7300376892
293039,1751924765.0767462,1751924970.3236623,batch_consumer-sts-0_20250707_214936_150284.csv,True,False,False,1751925135.3272393,370250.4930496216
293049,1751924765.076986,1751924970.347422,batch_consumer-sts-0_20250707_214936_150284.csv,True,False,False,1751925135.3272393,370250.253200531
293059,1751924765.0772266,1751924970.371028,batch_consumer-sts-0_20250707_214936_150284.csv,True,False,False,1751925135.3272393,370250.0126361847
293069,1751924765.077469,1751924970.394661,batch_consumer-sts-0_20250707_214936_150284.csv,True,False,False,1751925135.3272393,370249.77016448975
293079,1751924765.0777044,1751924970.4183042,batch_consumer-sts-0_20250707_214936_150284.csv,True,False,False,1751925135.3272393,370249.5348453522
293089,1751924765.0779445,1751924970.4420414,batch_consumer-sts-0_20250707_214936_150284.csv,True,False,False,1751925135.3272393,370249.294757843
293099,1751924765.0781977,1751924970.502241,batch_consumer-sts-0_20250707_214936_150284.csv,True,False,False,1751925135.3272393,370249.041557312
293109,1751924765.0784376,1751924970.5257864,batch_consumer-sts-0_20250707_214936_150284.csv,True,False,False,1751925135.3272393,370248.80170822144
293119,1751924765.078679,1751924970.5493324,batch_consumer-sts-0_20250707_214936_150284.csv,True,False,False,1751925135.3272393,370248.5601902008
293129,1751924765.0789208,1751924970.5727978,batch_consumer-sts-0_20250707_214936_150284.csv,True,False,False,1751925135.3272393,370248.3184337616
293139,1751924765.0791624,1751924970.5961246,batch_consumer-sts-0_20250707_214936_150284.csv,True,False,False,1751925135.3272393,370248.07691574097
293149,1751924765.0794022,1751924970.6196404,batch_consumer-sts-0_20250707_214936_150284.csv,True,False,False,1751925135.3272393,370247.8370666504
293159,1751924765.0796473,1751924970.6431162,batch_consumer-sts-0_20250707_214936_150284.csv,True,False,False,1751925135.3272393,370247.5919723511
293169,1751924765.0798855,1751924970.6665015,batch_consumer-sts-0_20250707_214936_150284.csv,True,False,False,1751925135.3272393,370247.35379219055
293179,1751924765.08012,1751924970.689953,batch_consumer-sts-0_20250707_214936_150284.csv,True,False,False,1751925135.3272393,370247.1191883087
293189,1751924765.080358,1751924970.7132533,batch_consumer-sts-0_20250707_214936_150284.csv,True,False,False,1751925135.3272393,370246.8812465668
293199,1751924765.0806024,1751924970.736755,batch_consumer-sts-0_20250707_214936_150284.csv,True,False,False,1751925135.3272393,370246.6368675232
293209,1751924765.0808115,1751924970.7600052,batch_consumer-sts-0_20250707_214936_150284.csv,True,False,False,1751925135.3272393,370246.4277744293
293219,1751924765.0810006,1751924970.783498,batch_consumer-sts-0_20250707_214936_150284.csv,True,False,False,1751925135.3272393,370246.2387084961
293229,1751924765.0811884,1751924970.8071113,batch_consumer-sts-0_20250707_214936_150284.csv,True,False,False,1751925135.3272393,370246.05083465576
293239,1751924765.08138,1751924970.8305798,batch_consumer-sts-0_20250707_214936_150284.csv,True,False,False,1751925135.3272393,370245.85938453674
293249,1751924765.081572,1751924970.853909,batch_consumer-sts-0_20250707_214936_150284.csv,True,False,False,1751925135.3272393,370245.667219162
293259,1751924765.0817556,1751924970.8773935,batch_consumer-sts-0_20250707_214936_150284.csv,True,False,False,1751925135.3272393,370245.4836368561
293269,1751924765.0819445,1751924970.901051,batch_consumer-sts-0_20250707_214936_150284.csv,True,False,False,1751925135.3272393,370245.29480934143
293279,1751924765.0821292,1751924970.9245698,batch_consumer-sts-0_20250707_214936_150284.csv,True,False,False,1751925135.3272393,370245.1100349426
293289,1751924765.082379,1751924970.9479814,batch_consumer-sts-0_20250707_214936_150284.csv,True,False,False,1751925135.3272393,370244.8601722717
293299,1751924765.0826204,1751924970.9717808,batch_consumer-sts-0_20250707_214936_150284.csv,True,False,False,1751925135.3272393,370244.6188926697
293309,1751924765.0828614,1751924970.9952042,batch_consumer-sts-0_20250707_214936_150284.csv,True,False,False,1751925135.3272393,370244.3778514862
293319,1751924765.0830944,1751924971.0185783,batch_consumer-sts-0_20250707_214936_150284.csv,True,False,False,1751925135.3272393,370244.1449165344
293329,1751924765.0833435,1751924971.0421004,batch_consumer-sts-0_20250707_214936_150284.csv,True,False,False,1751925135.3272393,370243.89576911926
293339,1751924765.0835843,1751924971.065556,batch_consumer-sts-0_20250707_214936_150284.csv,True,False,False,1751925135.3272393,370243.65496635437
293349,1751924765.0838292,1751924971.0889475,batch_consumer-sts-0_20250707_214936_150284.csv,True,False,False,1751925135.3272393,370243.41011047363
293359,1751924765.0840733,1751924971.112713,batch_consumer-sts-0_20250707_214936_150284.csv,True,False,False,1751925135.3272393,370243.16596984863
293369,1751924765.0843215,1751924971.1364174,batch_consumer-sts-0_20250707_214936_150284.csv,True,False,False,1751925135.3272393,370242.9177761078
293379,1751924765.0845582,1751924971.160129,batch_consumer-sts-0_20250707_214936_150284.csv,True,False,False,1751925135.3272393,370242.68102645874
293389,1751924765.0847986,1751924971.1840162,batch_consumer-sts-0_20250707_214936_150284.csv,True,False,False,1751925135.3272393,370242.440700531
293399,1751924765.0850365,1751924971.2075346,batch_consumer-sts-0_20250707_214936_150284.csv,True,False,False,1751925135.3272393,370242.20275878906
293409,1751924765.0852776,1751924971.2308228,batch_consumer-sts-0_20250707_214936_150284.csv,True,False,False,1751925135.3272393,370241.9617176056
293419,1751924765.0855222,1751924971.254281,batch_consumer-sts-0_20250707_214936_150284.csv,True,False,False,1751925135.3272393,370241.71710014343
293429,1751924765.0857592,1751924971.2777016,batch_consumer-sts-0_20250707_214936_150284.csv,True,False,False,1751925135.3272393,370241.4801120758
293439,1751924765.085992,1751924971.3012278,batch_consumer-sts-0_20250707_214936_150284.csv,True,False,False,1751925135.3272393,370241.247177124
293449,1751924765.086235,1751924971.324546,batch_consumer-sts-0_20250707_214936_150284.csv,True,False,False,1751925135.3272393,370241.0042285919
293459,1751924765.0864658,1751924971.347051,batch_consumer-sts-0_20250707_214936_150284.csv,True,False,False,1751925135.3272393,370240.77343940735
293469,1751924765.086699,1751924971.3704472,batch_consumer-sts-0_20250707_214936_150284.csv,True,False,False,1751925135.3272393,370240.540266037
300019,1751924765.313203,1751924971.393893,batch_consumer-sts-0_20250707_214936_150284.csv,True,False,False,1751925135.3272393,370014.03617858887
300029,1751924765.3134408,1751924971.4174256,batch_consumer-sts-0_20250707_214936_150284.csv,True,False,False,1751925135.3272393,370013.7984752655
300039,1751924765.3136914,1751924971.4399962,batch_consumer-sts-0_20250707_214936_150284.csv,True,False,False,1751925135.3272393,370013.54789733887
300049,1751924765.3139346,1751924971.4635882,batch_consumer-sts-0_20250707_214936_150284.csv,True,False,False,1751925135.3272393,370013.3047103882
300059,1751924765.3141763,1751924971.487005,batch_consumer-sts-0_20250707_214936_150284.csv,True,False,False,1751925135.3272393,370013.062953949
300069,1751924765.314412,1751924971.5104487,batch_consumer-sts-0_20250707_214936_150284.csv,True,False,False,1751925135.3272393,370012.82715797424
300079,1751924765.3148596,1751924971.5338354,batch_consumer-sts-0_20250707_214936_150284.csv,True,False,False,1751925135.3272393,370012.37964630127
300089,1751924765.315276,1751924971.5572634,batch_consumer-sts-0_20250707_214936_150284.csv,True,False,False,1751925135.3272393,370011.96336746216
300099,1751924765.3158734,1751924971.5808575,batch_consumer-sts-0_20250707_214936_150284.csv,True,False,False,1751925135.3272393,370011.36589050293
300109,1751924765.316289,1751924972.606064,batch_consumer-sts-0_20250707_214936_150284.csv,True,False,False,1751925135.3272393,370010.95032691956
300119,1751924765.3165126,1751924972.6297815,batch_consumer-sts-0_20250707_214936_150284.csv,True,False,False,1751925135.3272393,370010.72669029236
300129,1751924765.3167498,1751924972.6533394,batch_consumer-sts-0_20250707_214936_150284.csv,True,False,False,1751925135.3272393,370010.48946380615
300139,1751924765.31698,1751924972.6767735,batch_consumer-sts-0_20250707_214936_150284.csv,True,False,False,1751925135.3272393,370010.2593898773
300149,1751924765.3172135,1751924972.7002947,batch_consumer-sts-0_20250707_214936_150284.csv,True,False,False,1751925135.3272393,370010.0257396698
300159,1751924765.317447,1751924972.7239065,batch_consumer-sts-0_20250707_214936_150284.csv,True,False,False,1751925135.3272393,370009.79232788086
300169,1751924765.3176775,1751924972.7474997,batch_consumer-sts-0_20250707_214936_150284.csv,True,False,False,1751925135.3272393,370009.56177711487
300179,1751924765.3179047,1751924973.2296565,batch_consumer-sts-0_20250707_214936_150284.csv,True,False,False,1751925135.3272393,370009.334564209
300189,1751924765.3181293,1751924973.2532976,batch_consumer-sts-0_20250707_214936_150284.csv,True,False,False,1751925135.3272393,370009.10997390747
300199,1751924765.3183684,1751924973.2769673,batch_consumer-sts-0_20250707_214936_150284.csv,True,False,False,1751925135.3272393,370008.87084007263
300209,1751924765.3187952,1751924973.3006124,batch_consumer-sts-0_20250707_214936_150284.csv,True,False,False,1751925135.3272393,370008.44407081604
300219,1751924765.3195984,1751924973.324248,batch_consumer-sts-0_20250707_214936_150284.csv,True,False,False,1751925135.3272393,370007.64083862305
300229,1751924765.320008,1751924973.3479812,batch_consumer-sts-0_20250707_214936_150284.csv,True,False,False,1751925135.3272393,370007.23123550415
300239,1751924765.3202848,1751924973.371972,batch_consumer-sts-0_20250707_214936_150284.csv,True,False,False,1751925135.3272393,370006.9544315338
300249,1751924765.3205285,1751924973.395754,batch_consumer-sts-0_20250707_214936_150284.csv,True,False,False,1751925135.3272393,370006.710767746
300259,1751924765.3207705,1751924973.4194956,batch_consumer-sts-0_20250707_214936_150284.csv,True,False,False,1751925135.3272393,370006.4687728882
300269,1751924765.3210034,1751924973.4419816,batch_consumer-sts-0_20250707_214936_150284.csv,True,False,False,1751925135.3272393,370006.2358379364
300279,1751924765.321237,1751924973.465516,batch_consumer-sts-0_20250707_214936_150284.csv,True,False,False,1751925135.3272393,370006.0021877289
300289,1751924765.3214688,1751924973.4890864,batch_consumer-sts-0_20250707_214936_150284.csv,True,False,False,1751925135.3272393,370005.77044487
300299,1751924765.3216856,1751924973.5126984,batch_consumer-sts-0_20250707_214936_150284.csv,True,False,False,1751925135.3272393,370005.5537223816
300309,1751924765.3218768,1751924973.5361638,batch_consumer-sts-0_20250707_214936_150284.csv,True,False,False,1751925135.3272393,370005.36251068115
300319,1751924765.3220751,1751924973.5598395,batch_consumer-sts-0_20250707_214936_150284.csv,True,False,False,1751925135.3272393,370005.16414642334
300329,1751924765.322328,1751924973.5833411,batch_consumer-sts-0_20250707_214936_150284.csv,True,False,False,1751925135.3272393,370004.9111843109
300339,1751924765.3225653,1751924973.6068764,batch_consumer-sts-0_20250707_214936_150284.csv,True,False,False,1751925135.3272393,370004.6739578247
300349,1751924765.3228033,1751924973.630351,batch_consumer-sts-0_20250707_214936_150284.csv,True,False,False,1751925135.3272393,370004.43601608276
300359,1751924765.323039,1751924973.653855,batch_consumer-sts-0_20250707_214936_150284.csv,True,False,False,1751925135.3272393,370004.20022010803
300369,1751924765.323279,1751924973.677263,batch_consumer-sts-0_20250707_214936_150284.csv,True,False,False,1751925135.3272393,370003.96037101746
300379,1751924765.3235128,1751924973.7006118,batch_consumer-sts-0_20250707_214936_150284.csv,True,False,False,1751925135.3272393,370003.72648239136
300389,1751924765.3237548,1751924973.7240424,batch_consumer-sts-0_20250707_214936_150284.csv,True,False,False,1751925135.3272393,370003.48448753357
300399,1751924765.32401,1751924973.747547,batch_consumer-sts-0_20250707_214936_150284.csv,True,False,False,1751925135.3272393,370003.22937965393
300409,1751924765.3242514,1751924973.7709727,batch_consumer-sts-0_20250707_214936_150284.csv,True,False,False,1751925135.3272393,370002.9878616333
300419,1751924765.3244894,1751924973.7943835,batch_consumer-sts-0_20250707_214936_150284.csv,True,False,False,1751925135.3272393,370002.74991989136
300429,1751924765.324731,1751924973.817857,batch_consumer-sts-0_20250707_214936_150284.csv,True,False,False,1751925135.3272393,370002.50816345215
300439,1751924765.3251688,1751924973.841565,batch_consumer-sts-0_20250707_214936_150284.csv,True,False,False,1751925135.3272393,370002.0704269409
300449,1751924765.3256006,1751924973.8650584,batch_consumer-sts-0_20250707_214936_150284.csv,True,False,False,1751925135.3272393,370001.63865089417
300459,1751924765.326625,1751924973.888656,batch_consumer-sts-0_20250707_214936_150284.csv,True,False,False,1751925135.3272393,370000.61416625977
300469,1751924765.3268564,1751924973.912218,batch_consumer-sts-0_20250707_214936_150284.csv,True,False,False,1751925135.3272393,370000.38290023804
300479,1751924765.3270886,1751924973.935882,batch_consumer-sts-0_20250707_214936_150284.csv,True,False,False,1751925135.3272393,370000.150680542
300489,1751924765.3273163,1751924973.9595492,batch_consumer-sts-0_20250707_214936_150284.csv,True,False,False,1751925135.3272393,369999.92299079895
300499,1751924765.327545,1751924973.983572,batch_consumer-sts-0_20250707_214936_150284.csv,True,False,False,1751925135.3272393,369999.6943473816
300509,1751924765.327781,1751924974.0070405,batch_consumer-sts-0_20250707_214936_150284.csv,True,False,False,1751925135.3272393,369999.4583129883
300519,1751924765.3280118,1751924974.0306938,batch_consumer-sts-0_20250707_214936_150284.csv,True,False,False,1751925135.3272393,369999.2275238037
300529,1751924765.3282378,1751924974.0541725,batch_consumer-sts-0_20250707_214936_150284.csv,True,False,False,1751925135.3272393,369999.0015029907
300539,1751924765.3284636,1751924974.0779445,batch_consumer-sts-0_20250707_214936_150284.csv,True,False,False,1751925135.3272393,369998.7757205963
300549,1751924765.3286946,1751924974.1017678,batch_consumer-sts-0_20250707_214936_150284.csv,True,False,False,1751925135.3272393,369998.54469299316
300559,1751924765.3289254,1751924974.1255322,batch_consumer-sts-0_20250707_214936_150284.csv,True,False,False,1751925135.3272393,369998.3139038086
300569,1751924765.3291566,1751924974.1498575,batch_consumer-sts-0_20250707_214936_150284.csv,True,False,False,1751925135.3272393,369998.08263778687
300579,1751924765.3293877,1751924974.1740122,batch_consumer-sts-0_20250707_214936_150284.csv,True,False,False,1751925135.3272393,369997.8516101837
300589,1751924765.3296142,1751924974.1980658,batch_consumer-sts-0_20250707_214936_150284.csv,True,False,False,1751925135.3272393,369997.62511253357
300599,1751924765.329851,1751924974.2220252,batch_consumer-sts-0_20250707_214936_150284.csv,True,False,False,1751925135.3272393,369997.3883628845
300609,1751924765.3300874,1751924974.2454665,batch_consumer-sts-0_20250707_214936_150284.csv,True,False,False,1751925135.3272393,369997.15185165405
300619,1751924765.330327,1751924974.26906,batch_consumer-sts-0_20250707_214936_150284.csv,True,False,False,1751925135.3272393,369996.91224098206
300629,1751924765.330557,1751924974.2924776,batch_consumer-sts-0_20250707_214936_150284.csv,True,False,False,1751925135.3272393,369996.6821670532
300639,1751924765.3307908,1751924974.315799,batch_consumer-sts-0_20250707_214936_150284.csv,True,False,False,1751925135.3272393,369996.4485168457
300649,1751924765.3310227,1751924974.339883,batch_consumer-sts-0_20250707_214936_150284.csv,True,False,False,1751925135.3272393,369996.21653556824
300659,1751924765.3312654,1751924974.363463,batch_consumer-sts-0_20250707_214936_150284.csv,True,False,False,1751925135.3272393,369995.9738254547
300669,1751924765.3314989,1751924974.3867326,batch_consumer-sts-0_20250707_214936_150284.csv,True,False,False,1751925135.3272393,369995.7404136658
300679,1751924765.3317325,1751924974.4102838,batch_consumer-sts-0_20250707_214936_150284.csv,True,False,False,1751925135.3272393,369995.50676345825
300689,1751924765.3319695,1751924974.4338388,batch_consumer-sts-0_20250707_214936_150284.csv,True,False,False,1751925135.3272393,369995.2697753906
300699,1751924765.3322058,1751924974.4572372,batch_consumer-sts-0_20250707_214936_150284.csv,True,False,False,1751925135.3272393,369995.03350257874
300709,1751924765.332443,1751924974.4810708,batch_consumer-sts-0_20250707_214936_150284.csv,True,False,False,1751925135.3272393,369994.79627609253
300719,1751924765.3326795,1751924974.5045986,batch_consumer-sts-0_20250707_214936_150284.csv,True,False,False,1751925135.3272393,369994.55976486206
300729,1751924765.3329155,1751924974.5281005,batch_consumer-sts-0_20250707_214936_150284.csv,True,False,False,1751925135.3272393,369994.32373046875
300739,1751924765.3331478,1751924974.5518863,batch_consumer-sts-0_20250707_214936_150284.csv,True,False,False,1751925135.3272393,369994.0915107727
300749,1751924765.3333898,1751924974.57564,batch_consumer-sts-0_20250707_214936_150284.csv,True,False,False,1751925135.3272393,369993.8495159149
300759,1751924765.3336284,1751924974.5993736,batch_consumer-sts-0_20250707_214936_150284.csv,True,False,False,1751925135.3272393,369993.61085891724
300769,1751924765.333887,1751924974.622452,batch_consumer-sts-0_20250707_214936_150284.csv,True,False,False,1751925135.3272393,369993.3521747589
300779,1751924765.3341262,1751924974.6461987,batch_consumer-sts-0_20250707_214936_150284.csv,True,False,False,1751925135.3272393,369993.1130409241
300789,1751924765.334392,1751924974.6697743,batch_consumer-sts-0_20250707_214936_150284.csv,True,False,False,1751925135.3272393,369992.8472042084
300799,1751924765.3346348,1751924974.6931422,batch_consumer-sts-0_20250707_214936_150284.csv,True,False,False,1751925135.3272393,369992.60449409485
300809,1751924765.3348742,1751924974.7164974,batch_consumer-sts-0_20250707_214936_150284.csv,True,False,False,1751925135.3272393,369992.36512184143
300819,1751924765.3351097,1751924974.739943,batch_consumer-sts-0_20250707_214936_150284.csv,True,False,False,1751925135.3272393,369992.1295642853
300829,1751924765.33535,1751924974.7635596,batch_consumer-sts-0_20250707_214936_150284.csv,True,False,False,1751925135.3272393,369991.88923835754
300839,1751924765.3355963,1751924974.7870796,batch_consumer-sts-0_20250707_214936_150284.csv,True,False,False,1751925135.3272393,369991.64295196533
300849,1751924765.3358352,1751924974.8105185,batch_consumer-sts-0_20250707_214936_150284.csv,True,False,False,1751925135.3272393,369991.4040565491
300859,1751924765.3360777,1751924974.8332877,batch_consumer-sts-0_20250707_214936_150284.csv,True,False,False,1751925135.3272393,369991.1615848541
300869,1751924765.3363233,1751924974.8569012,batch_consumer-sts-0_20250707_214936_150284.csv,True,False,False,1751925135.3272393,369990.91601371765
300879,1751924765.3365676,1751924974.880608,batch_consumer-sts-0_20250707_214936_150284.csv,True,False,False,1751925135.3272393,369990.6716346741
300889,1751924765.3368068,1751924974.90433,batch_consumer-sts-0_20250707_214936_150284.csv,True,False,False,1751925135.3272393,369990.43250083923
300899,1751924765.3370469,1751924974.9279184,batch_consumer-sts-0_20250707_214936_150284.csv,True,False,False,1751925135.3272393,369990.1924133301
300909,1751924765.337287,1751924974.951985,batch_consumer-sts-0_20250707_214936_150284.csv,True,False,False,1751925135.3272393,369989.9523258209
300919,1751924765.3375306,1751924974.9758556,batch_consumer-sts-0_20250707_214936_150284.csv,True,False,False,1751925135.3272393,369989.7086620331
300929,1751924765.3377795,1751924974.99957,batch_consumer-sts-0_20250707_214936_150284.csv,True,False,False,1751925135.3272393,369989.4597530365
300939,1751924765.338018,1751924975.02394,batch_consumer-sts-0_20250707_214936_150284.csv,True,False,False,1751925135.3272393,369989.2213344574
300949,1751924765.3382645,1751924975.0474508,batch_consumer-sts-0_20250707_214936_150284.csv,True,False,False,1751925135.3272393,369988.9748096466
300959,1751924765.3385048,1751924975.1054132,batch_consumer-sts-0_20250707_214936_150284.csv,True,False,False,1751925135.3272393,369988.7344837189
300969,1751924765.3387492,1751924975.128976,batch_consumer-sts-0_20250707_214936_150284.csv,True,False,False,1751925135.3272393,369988.4901046753
300979,1751924765.3389926,1751924975.1525197,batch_consumer-sts-0_20250707_214936_150284.csv,True,False,False,1751925135.3272393,369988.24667930603
300989,1751924765.339233,1751924975.176124,batch_consumer-sts-0_20250707_214936_150284.csv,True,False,False,1751925135.3272393,369988.0063533783
300999,1751924765.3394697,1751924975.2000003,batch_consumer-sts-0_20250707_214936_150284.csv,True,False,False,1751925135.3272393,369987.76960372925
301009,1751924765.3397086,1751924975.2235775,batch_consumer-sts-0_20250707_214936_150284.csv,True,False,False,1751925135.3272393,369987.530708313
301019,1751924765.3399482,1751924975.2473066,batch_consumer-sts-0_20250707_214936_150284.csv,True,False,False,1751925135.3272393,369987.291097641
301029,1751924765.3401928,1751924975.2710538,batch_consumer-sts-0_20250707_214936_150284.csv,True,False,False,1751925135.3272393,369987.04648017883
301039,1751924765.3404295,1751924975.295408,batch_consumer-sts-0_20250707_214936_150284.csv,True,False,False,1751925135.3272393,369986.8097305298
301049,1751924765.340669,1751924975.3192835,batch_consumer-sts-0_20250707_214936_150284.csv,True,False,False,1751925135.3272393,369986.57035827637
301059,1751924765.3409069,1751924975.3432307,batch_consumer-sts-0_20250707_214936_150284.csv,True,False,False,1751925135.3272393,369986.3324165344
301069,1751924765.3411658,1751924975.3668926,batch_consumer-sts-0_20250707_214936_150284.csv,True,False,False,1751925135.3272393,369986.0734939575
301079,1751924765.3414004,1751924975.390594,batch_consumer-sts-0_20250707_214936_150284.csv,True,False,False,1751925135.3272393,369985.8388900757
301089,1751924765.3416429,1751924975.4141986,batch_consumer-sts-0_20250707_214936_150284.csv,True,False,False,1751925135.3272393,369985.59641838074
301099,1751924765.3418734,1751924975.437589,batch_consumer-sts-0_20250707_214936_150284.csv,True,False,False,1751925135.3272393,369985.36586761475
301109,1751924765.3421123,1751924975.4611423,batch_consumer-sts-0_20250707_214936_150284.csv,True,False,False,1751925135.3272393,369985.1269721985
301119,1751924765.342372,1751924975.4845445,batch_consumer-sts-0_20250707_214936_150284.csv,True,False,False,1751925135.3272393,369984.86733436584
301129,1751924765.3426137,1751924975.5079489,batch_consumer-sts-0_20250707_214936_150284.csv,True,False,False,1751925135.3272393,369984.62557792664
301139,1751924765.3428524,1751924975.5314918,batch_consumer-sts-0_20250707_214936_150284.csv,True,False,False,1751925135.3272393,369984.38692092896
301149,1751924765.3433063,1751924975.5549653,batch_consumer-sts-0_20250707_214936_150284.csv,True,False,False,1751925135.3272393,369983.93297195435
301159,1751924765.343557,1751924975.6307883,batch_consumer-sts-0_20250707_214936_150284.csv,True,False,False,1751925135.3272393,369983.6823940277
301169,1751924765.3438056,1751924975.655559,batch_consumer-sts-0_20250707_214936_150284.csv,True,False,False,1751925135.3272393,369983.4337234497
301179,1751924765.3440452,1751924975.679734,batch_consumer-sts-0_20250707_214936_150284.csv,True,False,False,1751925135.3272393,369983.1941127777
301189,1751924765.3442862,1751924975.7036116,batch_consumer-sts-0_20250707_214936_150284.csv,True,False,False,1751925135.3272393,369982.95307159424
301199,1751924765.3445415,1751924975.727421,batch_consumer-sts-0_20250707_214936_150284.csv,True,False,False,1751925135.3272393,369982.697725296
301209,1751924765.3447852,1751924975.751157,batch_consumer-sts-0_20250707_214936_150284.csv,True,False,False,1751925135.3272393,369982.4540615082
301219,1751924765.3450267,1751924975.7747016,batch_consumer-sts-0_20250707_214936_150284.csv,True,False,False,1751925135.3272393,369982.21254348755
301229,1751924765.3452797,1751924975.798366,batch_consumer-sts-0_20250707_214936_150284.csv,True,False,False,1751925135.3272393,369981.9595813751
301239,1751924765.345474,1751924975.8215177,batch_consumer-sts-0_20250707_214936_150284.csv,True,False,False,1751925135.3272393,369981.76527023315
301249,1751924765.345675,1751924975.8451254,batch_consumer-sts-0_20250707_214936_150284.csv,True,False,False,1751925135.3272393,369981.564283371
301259,1751924765.3458695,1751924975.869673,batch_consumer-sts-0_20250707_214936_150284.csv,True,False,False,1751925135.3272393,369981.3697338104
301269,1751924765.3460703,1751924975.8941748,batch_consumer-sts-0_20250707_214936_150284.csv,True,False,False,1751925135.3272393,369981.1689853668
301279,1751924765.346315,1751924975.9189932,batch_consumer-sts-0_20250707_214936_150284.csv,True,False,False,1751925135.3272393,369980.92436790466
301289,1751924765.3465471,1751924976.1008394,batch_consumer-sts-0_20250707_214936_150284.csv,True,False,False,1751925135.3272393,369980.6921482086
301299,1751924765.346787,1751924976.1257615,batch_consumer-sts-0_20250707_214936_150284.csv,True,False,False,1751925135.3272393,369980.45229911804
301309,1751924765.3470232,1751924976.41529,batch_consumer-sts-0_20250707_214954_233737.csv,True,False,False,1751925135.3272393,369980.21602630615
301319,1751924765.3472574,1751924976.4401867,batch_consumer-sts-0_20250707_214954_233737.csv,True,False,False,1751925135.3272393,369979.9818992615
301329,1751924765.3474982,1751924976.4638426,batch_consumer-sts-0_20250707_214954_233737.csv,True,False,False,1751925135.3272393,369979.7410964966
301339,1751924765.3476927,1751924976.488316,batch_consumer-sts-0_20250707_214954_233737.csv,True,False,False,1751925135.3272393,369979.54654693604
301349,1751924765.3479118,1751924976.5123153,batch_consumer-sts-0_20250707_214954_233737.csv,True,False,False,1751925135.3272393,369979.32744026184
301359,1751924765.3481612,1751924976.5403874,batch_consumer-sts-0_20250707_214954_233737.csv,True,False,False,1751925135.3272393,369979.0780544281
301369,1751924765.3483987,1751924976.565199,batch_consumer-sts-0_20250707_214954_233737.csv,True,False,False,1751925135.3272393,369978.8405895233
301379,1751924765.3486326,1751924976.5899494,batch_consumer-sts-0_20250707_214954_233737.csv,True,False,False,1751925135.3272393,369978.6067008972
301389,1751924765.348873,1751924976.6140018,batch_consumer-sts-0_20250707_214954_233737.csv,True,False,False,1751925135.3272393,369978.3663749695
301399,1751924765.3491058,1751924976.639097,batch_consumer-sts-0_20250707_214954_233737.csv,True,False,False,1751925135.3272393,369978.1334400177
301409,1751924765.349338,1751924976.6640186,batch_consumer-sts-0_20250707_214954_233737.csv,True,False,False,1751925135.3272393,369977.90122032166
301419,1751924765.3495696,1751924976.6886964,batch_consumer-sts-0_20250707_214954_233737.csv,True,False,False,1751925135.3272393,369977.66971588135
301429,1751924765.34981,1751924976.712747,batch_consumer-sts-0_20250707_214954_233737.csv,True,False,False,1751925135.3272393,369977.4293899536
301439,1751924765.3500445,1751924976.7374291,batch_consumer-sts-0_20250707_214954_233737.csv,True,False,False,1751925135.3272393,369977.1947860718
301449,1751924765.3502908,1751924976.7621567,batch_consumer-sts-0_20250707_214954_233737.csv,True,False,False,1751925135.3272393,369976.94849967957
301459,1751924765.350531,1751924976.785794,batch_consumer-sts-0_20250707_214954_233737.csv,True,False,False,1751925135.3272393,369976.70817375183
301469,1751924765.3507683,1751924976.809802,batch_consumer-sts-0_20250707_214954_233737.csv,True,False,False,1751925135.3272393,369976.4709472656
301479,1751924765.351014,1751924976.8344655,batch_consumer-sts-0_20250707_214954_233737.csv,True,False,False,1751925135.3272393,369976.22537612915
301489,1751924765.3512435,1751924976.859288,batch_consumer-sts-0_20250707_214954_233737.csv,True,False,False,1751925135.3272393,369975.9957790375
301499,1751924765.3514786,1751924976.883286,batch_consumer-sts-0_20250707_214954_233737.csv,True,False,False,1751925135.3272393,369975.7606983185
301509,1751924765.351714,1751924977.9094265,batch_consumer-sts-0_20250707_214954_233737.csv,True,False,False,1751925135.3272393,369975.5253791809
301519,1751924765.3519468,1751924978.1204717,batch_consumer-sts-0_20250707_214954_233737.csv,True,False,False,1751925135.3272393,369975.2924442291
301529,1751924765.3521864,1751924978.1453028,batch_consumer-sts-0_20250707_214954_233737.csv,True,False,False,1751925135.3272393,369975.0528335571
301539,1751924765.3524206,1751924978.169769,batch_consumer-sts-0_20250707_214954_233737.csv,True,False,False,1751925135.3272393,369974.81870651245
301549,1751924765.352652,1751924978.194451,batch_consumer-sts-0_20250707_214954_233737.csv,True,False,False,1751925135.3272393,369974.58720207214
301559,1751924765.352882,1751924978.2183597,batch_consumer-sts-0_20250707_214954_233737.csv,True,False,False,1751925135.3272393,369974.3573665619
301569,1751924765.353119,1751924978.2431262,batch_consumer-sts-0_20250707_214954_233737.csv,True,False,False,1751925135.3272393,369974.12037849426
309389,1751924765.6731894,1751924978.2675438,batch_consumer-sts-0_20250707_214954_233737.csv,True,False,False,1751925135.3272393,369654.04987335205
309399,1751924765.6734335,1751924978.292438,batch_consumer-sts-0_20250707_214954_233737.csv,True,False,False,1751925135.3272393,369653.80573272705
309409,1751924765.673669,1751924978.3153396,batch_consumer-sts-0_20250707_214954_233737.csv,True,False,False,1751925135.3272393,369653.5701751709
309419,1751924765.6739042,1751924978.3404517,batch_consumer-sts-0_20250707_214954_233737.csv,True,False,False,1751925135.3272393,369653.3350944519
309429,1751924765.674136,1751924978.3658493,batch_consumer-sts-0_20250707_214954_233737.csv,True,False,False,1751925135.3272393,369653.103351593
309439,1751924765.674378,1751924978.3910766,batch_consumer-sts-0_20250707_214954_233737.csv,True,False,False,1751925135.3272393,369652.86135673523
309449,1751924765.6746178,1751924978.4152856,batch_consumer-sts-0_20250707_214954_233737.csv,True,False,False,1751925135.3272393,369652.62150764465
309459,1751924765.674849,1751924978.4399512,batch_consumer-sts-0_20250707_214954_233737.csv,True,False,False,1751925135.3272393,369652.3902416229
309469,1751924765.6750884,1751924978.464773,batch_consumer-sts-0_20250707_214954_233737.csv,True,False,False,1751925135.3272393,369652.1508693695
309479,1751924765.6753223,1751924978.4896305,batch_consumer-sts-0_20250707_214954_233737.csv,True,False,False,1751925135.3272393,369651.9169807434
309489,1751924765.6755545,1751924978.5139165,batch_consumer-sts-0_20250707_214954_233737.csv,True,False,False,1751925135.3272393,369651.68476104736
309499,1751924765.675782,1751924978.5388331,batch_consumer-sts-0_20250707_214954_233737.csv,True,False,False,1751925135.3272393,369651.4573097229
309509,1751924765.676017,1751924978.5642903,batch_consumer-sts-0_20250707_214954_233737.csv,True,False,False,1751925135.3272393,369651.2222290039
309519,1751924765.6762247,1751924978.588922,batch_consumer-sts-0_20250707_214954_233737.csv,True,False,False,1751925135.3272393,369651.0145664215
309529,1751924765.6764045,1751924978.6127048,batch_consumer-sts-0_20250707_214954_233737.csv,True,False,False,1751925135.3272393,369650.83479881287
309539,1751924765.6766107,1751924978.637309,batch_consumer-sts-0_20250707_214954_233737.csv,True,False,False,1751925135.3272393,369650.62856674194
309549,1751924765.6768346,1751924978.661748,batch_consumer-sts-0_20250707_214954_233737.csv,True,False,False,1751925135.3272393,369650.40469169617
309559,1751924765.6770897,1751924978.686487,batch_consumer-sts-0_20250707_214954_233737.csv,True,False,False,1751925135.3272393,369650.1495838165
309569,1751924765.6773214,1751924978.7103891,batch_consumer-sts-0_20250707_214954_233737.csv,True,False,False,1751925135.3272393,369649.91784095764
309579,1751924765.6775625,1751924978.7348738,batch_consumer-sts-0_20250707_214954_233737.csv,True,False,False,1751925135.3272393,369649.67679977417
309589,1751924765.677797,1751924978.75991,batch_consumer-sts-0_20250707_214954_233737.csv,True,False,False,1751925135.3272393,369649.44219589233
309599,1751924765.6780298,1751924978.7850535,batch_consumer-sts-0_20250707_214954_233737.csv,True,False,False,1751925135.3272393,369649.20949935913
309609,1751924765.6809185,1751924978.809171,batch_consumer-sts-0_20250707_214954_233737.csv,True,False,False,1751925135.3272393,369646.32081985474
309619,1751924765.6811469,1751924978.8347032,batch_consumer-sts-0_20250707_214954_233737.csv,True,False,False,1751925135.3272393,369646.09241485596
309629,1751924765.6813767,1751924978.859396,batch_consumer-sts-0_20250707_214954_233737.csv,True,False,False,1751925135.3272393,369645.8625793457
309639,1751924765.6816044,1751924978.886258,batch_consumer-sts-0_20250707_214954_233737.csv,True,False,False,1751925135.3272393,369645.63488960266
309649,1751924765.681833,1751924978.9105487,batch_consumer-sts-0_20250707_214954_233737.csv,True,False,False,1751925135.3272393,369645.4062461853
309659,1751924765.6820707,1751924978.9355576,batch_consumer-sts-0_20250707_214954_233737.csv,True,False,False,1751925135.3272393,369645.16854286194
309669,1751924765.68232,1751924978.9604087,batch_consumer-sts-0_20250707_214954_233737.csv,True,False,False,1751925135.3272393,369644.9191570282
309679,1751924765.682553,1751924978.9852033,batch_consumer-sts-0_20250707_214954_233737.csv,True,False,False,1751925135.3272393,369644.6862220764
309689,1751924765.6827822,1751924979.009473,batch_consumer-sts-0_20250707_214954_233737.csv,True,False,False,1751925135.3272393,369644.4571018219
309699,1751924765.6830134,1751924979.0344856,batch_consumer-sts-0_20250707_214954_233737.csv,True,False,False,1751925135.3272393,369644.2258358002
309709,1751924765.683246,1751924979.059276,batch_consumer-sts-0_20250707_214954_233737.csv,True,False,False,1751925135.3272393,369643.99337768555
309719,1751924765.683487,1751924979.083259,batch_consumer-sts-0_20250707_214954_233737.csv,True,False,False,1751925135.3272393,369643.7523365021
309729,1751924765.6837318,1751924979.1073506,batch_consumer-sts-0_20250707_214954_233737.csv,True,False,False,1751925135.3272393,369643.50748062134
309739,1751924765.6839664,1751924979.1319385,batch_consumer-sts-0_20250707_214954_233737.csv,True,False,False,1751925135.3272393,369643.2728767395
309749,1751924765.684206,1751924979.156303,batch_consumer-sts-0_20250707_214954_233737.csv,True,False,False,1751925135.3272393,369643.0332660675
309759,1751924765.6844409,1751924979.1810446,batch_consumer-sts-0_20250707_214954_233737.csv,True,False,False,1751925135.3272393,369642.7984237671
309769,1751924765.68467,1751924979.2167673,batch_consumer-sts-0_20250707_214954_233737.csv,True,False,False,1751925135.3272393,369642.5693035126
309779,1751924765.684906,1751924979.2413497,batch_consumer-sts-0_20250707_214954_233737.csv,True,False,False,1751925135.3272393,369642.33326911926
309789,1751924765.6851332,1751924979.2656329,batch_consumer-sts-0_20250707_214954_233737.csv,True,False,False,1751925135.3272393,369642.1060562134
309799,1751924765.6853676,1751924979.2899222,batch_consumer-sts-0_20250707_214954_233737.csv,True,False,False,1751925135.3272393,369641.8716907501
309809,1751924765.685601,1751924979.313383,batch_consumer-sts-0_20250707_214954_233737.csv,True,False,False,1751925135.3272393,369641.6382789612
309819,1751924765.6858354,1751924979.3374894,batch_consumer-sts-0_20250707_214954_233737.csv,True,False,False,1751925135.3272393,369641.4039134979
309829,1751924765.6860738,1751924979.3624103,batch_consumer-sts-0_20250707_214954_233737.csv,True,False,False,1751925135.3272393,369641.1654949188
309839,1751924765.6863194,1751924979.3861344,batch_consumer-sts-0_20250707_214954_233737.csv,True,False,False,1751925135.3272393,369640.91992378235
309849,1751924765.6865497,1751924979.4100213,batch_consumer-sts-0_20250707_214954_233737.csv,True,False,False,1751925135.3272393,369640.68961143494
309859,1751924765.6867783,1751924979.434971,batch_consumer-sts-0_20250707_214954_233737.csv,True,False,False,1751925135.3272393,369640.4609680176
309869,1751924765.6870146,1751924979.4600663,batch_consumer-sts-0_20250707_214954_233737.csv,True,False,False,1751925135.3272393,369640.2246952057
309879,1751924765.6872482,1751924979.4849,batch_consumer-sts-0_20250707_214954_233737.csv,True,False,False,1751925135.3272393,369639.99104499817
309889,1751924765.6874833,1751924979.5088246,batch_consumer-sts-0_20250707_214954_233737.csv,True,False,False,1751925135.3272393,369639.7559642792
309899,1751924765.6877153,1751924979.5334249,batch_consumer-sts-0_20250707_214954_233737.csv,True,False,False,1751925135.3272393,369639.5239830017
309909,1751924765.687953,1751924979.5579078,batch_consumer-sts-0_20250707_214954_233737.csv,True,False,False,1751925135.3272393,369639.28627967834
309919,1751924765.6881847,1751924979.582713,batch_consumer-sts-0_20250707_214954_233737.csv,True,False,False,1751925135.3272393,369639.05453681946
309929,1751924765.6884189,1751924979.6065743,batch_consumer-sts-0_20250707_214954_233737.csv,True,False,False,1751925135.3272393,369638.8204097748
309939,1751924765.688653,1751924979.6309109,batch_consumer-sts-0_20250707_214954_233737.csv,True,False,False,1751925135.3272393,369638.5862827301
309949,1751924765.6888895,1751924979.6555707,batch_consumer-sts-0_20250707_214954_233737.csv,True,False,False,1751925135.3272393,369638.34977149963
309959,1751924765.6891186,1751924979.6803224,batch_consumer-sts-0_20250707_214954_233737.csv,True,False,False,1751925135.3272393,369638.1206512451
309969,1751924765.689365,1751924979.7032418,batch_consumer-sts-0_20250707_214954_233737.csv,True,False,False,1751925135.3272393,369637.8743648529
309979,1751924765.6895833,1751924979.7275565,batch_consumer-sts-0_20250707_214954_233737.csv,True,False,False,1751925135.3272393,369637.65597343445
309989,1751924765.689812,1751924979.7522712,batch_consumer-sts-0_20250707_214954_233737.csv,True,False,False,1751925135.3272393,369637.4273300171
309999,1751924765.6900132,1751924979.7766223,batch_consumer-sts-0_20250707_214954_233737.csv,True,False,False,1751925135.3272393,369637.2261047363
310009,1751924765.6902475,1751924979.8012977,batch_consumer-sts-0_20250707_214954_233737.csv,True,False,False,1751925135.3272393,369636.9917392731
310019,1751924765.6904826,1751924979.8256922,batch_consumer-sts-0_20250707_214954_233737.csv,True,False,False,1751925135.3272393,369636.7566585541
310029,1751924765.690715,1751924979.850343,batch_consumer-sts-0_20250707_214954_233737.csv,True,False,False,1751925135.3272393,369636.52420043945
310039,1751924765.6909456,1751924979.8752737,batch_consumer-sts-0_20250707_214954_233737.csv,True,False,False,1751925135.3272393,369636.29364967346
310049,1751924765.6911895,1751924979.8987648,batch_consumer-sts-0_20250707_214954_233737.csv,True,False,False,1751925135.3272393,369636.04974746704
310059,1751924765.6914358,1751924979.9232855,batch_consumer-sts-0_20250707_214954_233737.csv,True,False,False,1751925135.3272393,369635.8034610748
310069,1751924765.6916711,1751924979.94796,batch_consumer-sts-0_20250707_214954_233737.csv,True,False,False,1751925135.3272393,369635.56814193726
310079,1751924765.691911,1751924979.972589,batch_consumer-sts-0_20250707_214954_233737.csv,True,False,False,1751925135.3272393,369635.3282928467
310089,1751924765.6921494,1751924979.9967823,batch_consumer-sts-0_20250707_214954_233737.csv,True,False,False,1751925135.3272393,369635.0898742676
310099,1751924765.6923866,1751924980.0212038,batch_consumer-sts-0_20250707_214954_233737.csv,True,False,False,1751925135.3272393,369634.8526477814
310109,1751924765.6926258,1751924980.046459,batch_consumer-sts-0_20250707_214954_233737.csv,True,False,False,1751925135.3272393,369634.61351394653
310119,1751924765.692859,1751924980.0712209,batch_consumer-sts-0_20250707_214954_233737.csv,True,False,False,1751925135.3272393,369634.3803405762
310129,1751924765.6930957,1751924980.0957053,batch_consumer-sts-0_20250707_214954_233737.csv,True,False,False,1751925135.3272393,369634.1435909271
310139,1751924765.6933324,1751924980.1198764,batch_consumer-sts-0_20250707_214954_233737.csv,True,False,False,1751925135.3272393,369633.9068412781
310149,1751924765.693571,1751924980.1449254,batch_consumer-sts-0_20250707_214954_233737.csv,True,False,False,1751925135.3272393,369633.6681842804
310159,1751924765.693804,1751924980.1694725,batch_consumer-sts-0_20250707_214954_233737.csv,True,False,False,1751925135.3272393,369633.4352493286
310169,1751924765.6940355,1751924980.2495074,batch_consumer-sts-0_20250707_214954_233737.csv,True,False,False,1751925135.3272393,369633.2037448883
310179,1751924765.69428,1751924980.2744818,batch_consumer-sts-0_20250707_214954_233737.csv,True,False,False,1751925135.3272393,369632.9593658447
310189,1751924765.6945114,1751924980.299351,batch_consumer-sts-0_20250707_214954_233737.csv,True,False,False,1751925135.3272393,369632.7278614044
310199,1751924765.694742,1751924980.322461,batch_consumer-sts-0_20250707_214954_233737.csv,True,False,False,1751925135.3272393,369632.4973106384
310209,1751924765.694975,1751924980.3471026,batch_consumer-sts-0_20250707_214954_233737.csv,True,False,False,1751925135.3272393,369632.26437568665
310219,1751924765.6952307,1751924980.3721397,batch_consumer-sts-0_20250707_214954_233737.csv,True,False,False,1751925135.3272393,369632.00855255127
310229,1751924765.6955607,1751924980.3966758,batch_consumer-sts-0_20250707_214954_233737.csv,True,False,False,1751925135.3272393,369631.6785812378
310239,1751924765.6957955,1751924980.421305,batch_consumer-sts-0_20250707_214954_233737.csv,True,False,False,1751925135.3272393,369631.4437389374
310249,1751924765.6960263,1751924980.4461465,batch_consumer-sts-0_20250707_214954_233737.csv,True,False,False,1751925135.3272393,369631.2129497528
310259,1751924765.6962695,1751924980.4709084,batch_consumer-sts-0_20250707_214954_233737.csv,True,False,False,1751925135.3272393,369630.9697628021
310269,1751924765.6965077,1751924980.4958813,batch_consumer-sts-0_20250707_214954_233737.csv,True,False,False,1751925135.3272393,369630.7315826416
310279,1751924765.6967473,1751924980.5206294,batch_consumer-sts-0_20250707_214954_233737.csv,True,False,False,1751925135.3272393,369630.4919719696
310289,1751924765.6969876,1751924980.5457227,batch_consumer-sts-0_20250707_214954_233737.csv,True,False,False,1751925135.3272393,369630.25164604187
310299,1751924765.6972857,1751924980.570608,batch_consumer-sts-0_20250707_214954_233737.csv,True,False,False,1751925135.3272393,369629.953622818
310309,1751924765.6975267,1751924980.5952384,batch_consumer-sts-0_20250707_214954_233737.csv,True,False,False,1751925135.3272393,369629.7125816345
310319,1751924765.6977637,1751924980.6194189,batch_consumer-sts-0_20250707_214954_233737.csv,True,False,False,1751925135.3272393,369629.4755935669
310329,1751924765.6980004,1751924980.6446304,batch_consumer-sts-0_20250707_214954_233737.csv,True,False,False,1751925135.3272393,369629.23884391785
310339,1751924765.6982465,1751924980.6696112,batch_consumer-sts-0_20250707_214954_233737.csv,True,False,False,1751925135.3272393,369628.9927959442
310349,1751924765.69849,1751924980.8663013,batch_consumer-sts-0_20250707_214954_233737.csv,True,False,False,1751925135.3272393,369628.74937057495
310359,1751924765.6987312,1751924980.8913202,batch_consumer-sts-0_20250707_214954_233737.csv,True,False,False,1751925135.3272393,369628.5080909729
310369,1751924765.699166,1751924980.9157636,batch_consumer-sts-0_20250707_214954_233737.csv,True,False,False,1751925135.3272393,369628.0732154846
310379,1751924765.6993942,1751924980.9409106,batch_consumer-sts-0_20250707_214954_233737.csv,True,False,False,1751925135.3272393,369627.8450489044
310389,1751924765.6997125,1751924980.9656532,batch_consumer-sts-0_20250707_214954_233737.csv,True,False,False,1751925135.3272393,369627.5267601013
310399,1751924765.6999483,1751924980.9906113,batch_consumer-sts-0_20250707_214954_233737.csv,True,False,False,1751925135.3272393,369627.2909641266
310409,1751924765.7001867,1751924981.0146718,batch_consumer-sts-0_20250707_214954_233737.csv,True,False,False,1751925135.3272393,369627.0525455475
310419,1751924765.7004242,1751924981.0394056,batch_consumer-sts-0_20250707_214954_233737.csv,True,False,False,1751925135.3272393,369626.8150806427
310429,1751924765.7006583,1751924981.0642166,batch_consumer-sts-0_20250707_214954_233737.csv,True,False,False,1751925135.3272393,369626.580953598
310439,1751924765.7008955,1751924981.0889428,batch_consumer-sts-0_20250707_214954_233737.csv,True,False,False,1751925135.3272393,369626.3437271118
310449,1751924765.7011409,1751924981.2007148,batch_consumer-sts-0_20250707_214954_233737.csv,True,False,False,1751925135.3272393,369626.0983943939
310459,1751924765.70137,1751924981.225274,batch_consumer-sts-0_20250707_214954_233737.csv,True,False,False,1751925135.3272393,369625.8692741394
310469,1751924765.7016249,1751924981.2504482,batch_consumer-sts-0_20250707_214954_233737.csv,True,False,False,1751925135.3272393,369625.61440467834
310479,1751924765.7018583,1751924981.2754164,batch_consumer-sts-0_20250707_214954_233737.csv,True,False,False,1751925135.3272393,369625.3809928894
310489,1751924765.702096,1751924981.3004148,batch_consumer-sts-0_20250707_214954_233737.csv,True,False,False,1751925135.3272393,369625.14328956604
310499,1751924765.7023332,1751924981.3236816,batch_consumer-sts-0_20250707_214954_233737.csv,True,False,False,1751925135.3272393,369624.90606307983
310509,1751924765.7025738,1751924981.348364,batch_consumer-sts-0_20250707_214954_233737.csv,True,False,False,1751925135.3272393,369624.6654987335
310519,1751924765.7028053,1751924981.372111,batch_consumer-sts-0_20250707_214954_233737.csv,True,False,False,1751925135.3272393,369624.4339942932
310529,1751924765.7030425,1751924981.3970594,batch_consumer-sts-0_20250707_214954_233737.csv,True,False,False,1751925135.3272393,369624.196767807
310539,1751924765.7032804,1751924981.421574,batch_consumer-sts-0_20250707_214954_233737.csv,True,False,False,1751925135.3272393,369623.95882606506
310549,1751924765.7035172,1751924981.4520586,batch_consumer-sts-0_20250707_214954_233737.csv,True,False,False,1751925135.3272393,369623.722076416
310559,1751924765.7037537,1751924981.4759934,batch_consumer-sts-0_20250707_214954_233737.csv,True,False,False,1751925135.3272393,369623.48556518555
310569,1751924765.703992,1751924981.5006194,batch_consumer-sts-0_20250707_214954_233737.csv,True,False,False,1751925135.3272393,369623.247385025
310579,1751924765.7042282,1751924981.5249534,batch_consumer-sts-0_20250707_214954_233737.csv,True,False,False,1751925135.3272393,369623.01111221313
310589,1751924765.7044575,1751924981.5494545,batch_consumer-sts-0_20250707_214954_233737.csv,True,False,False,1751925135.3272393,369622.78175354004
310599,1751924765.7046947,1751924981.5728135,batch_consumer-sts-0_20250707_214954_233737.csv,True,False,False,1751925135.3272393,369622.54452705383
310609,1751924765.7049322,1751924981.5972414,batch_consumer-sts-0_20250707_214954_233737.csv,True,False,False,1751925135.3272393,369622.30706214905
310619,1751924765.705163,1751924981.621909,batch_consumer-sts-0_20250707_214954_233737.csv,True,False,False,1751925135.3272393,369622.0762729645
310629,1751924765.7054036,1751924981.6471016,batch_consumer-sts-0_20250707_214954_233737.csv,True,False,False,1751925135.3272393,369621.83570861816
310639,1751924765.7056055,1751924981.671048,batch_consumer-sts-0_20250707_214954_233737.csv,True,False,False,1751925135.3272393,369621.63376808167
310649,1751924765.7057922,1751924981.695722,batch_consumer-sts-0_20250707_214954_233737.csv,True,False,False,1751925135.3272393,369621.4470863342
310659,1751924765.705973,1751924981.7194147,batch_consumer-sts-0_20250707_214954_233737.csv,True,False,False,1751925135.3272393,369621.26636505127
310669,1751924765.706169,1751924981.7443278,batch_consumer-sts-0_20250707_214954_233737.csv,True,False,False,1751925135.3272393,369621.07038497925
310679,1751924765.706413,1751924981.768999,batch_consumer-sts-0_20250707_214954_233737.csv,True,False,False,1751925135.3272393,369620.82624435425
310689,1751924765.7066507,1751924981.793932,batch_consumer-sts-0_20250707_214954_233737.csv,True,False,False,1751925135.3272393,369620.5885410309
310699,1751924765.706883,1751924981.8177726,batch_consumer-sts-0_20250707_214954_233737.csv,True,False,False,1751925135.3272393,369620.35632133484
310709,1751924765.7071204,1751924981.8421688,batch_consumer-sts-0_20250707_214954_233737.csv,True,False,False,1751925135.3272393,369620.11885643005
310719,1751924765.7073538,1751924981.8669193,batch_consumer-sts-0_20250707_214954_233737.csv,True,False,False,1751925135.3272393,369619.8854446411
310729,1751924765.70759,1751924981.8917122,batch_consumer-sts-0_20250707_214954_233737.csv,True,False,False,1751925135.3272393,369619.6491718292
310739,1751924765.7078264,1751924981.9157453,batch_consumer-sts-0_20250707_214954_233737.csv,True,False,False,1751925135.3272393,369619.41289901733
310749,1751924765.7080555,1751924981.941171,batch_consumer-sts-0_20250707_214954_233737.csv,True,False,False,1751925135.3272393,369619.1837787628
310759,1751924765.7082908,1751924981.966218,batch_consumer-sts-0_20250707_214954_233737.csv,True,False,False,1751925135.3272393,369618.94845962524
310769,1751924765.708516,1751924981.9914577,batch_consumer-sts-0_20250707_214954_233737.csv,True,False,False,1751925135.3272393,369618.7233924866
310779,1751924765.708746,1751924982.015462,batch_consumer-sts-0_20250707_214954_233737.csv,True,False,False,1751925135.3272393,369618.49331855774
310789,1751924765.7089827,1751924982.039961,batch_consumer-sts-0_20250707_214954_233737.csv,True,False,False,1751925135.3272393,369618.2565689087
310799,1751924765.7092052,1751924982.0682554,batch_consumer-sts-0_20250707_214954_233737.csv,True,False,False,1751925135.3272393,369618.0341243744
310809,1751924765.7094376,1751924982.09303,batch_consumer-sts-0_20250707_214954_233737.csv,True,False,False,1751925135.3272393,369617.80166625977
310819,1751924765.7096636,1751924982.1164596,batch_consumer-sts-0_20250707_214954_233737.csv,True,False,False,1751925135.3272393,369617.5756454468
310829,1751924765.7098968,1751924982.140539,batch_consumer-sts-0_20250707_214954_233737.csv,True,False,False,1751925135.3272393,369617.3424720764
310839,1751924765.710132,1751924982.1675706,batch_consumer-sts-0_20250707_214954_233737.csv,True,False,False,1751925135.3272393,369617.1073913574
310849,1751924765.7103796,1751924982.1922145,batch_consumer-sts-0_20250707_214954_233737.csv,True,False,False,1751925135.3272393,369616.85967445374
310859,1751924765.7106133,1751924982.21591,batch_consumer-sts-0_20250707_214954_233737.csv,True,False,False,1751925135.3272393,369616.6260242462
310869,1751924765.7108436,1751924982.240482,batch_consumer-sts-0_20250707_214954_233737.csv,True,False,False,1751925135.3272393,369616.3957118988
310879,1751924765.7110865,1751924982.265354,batch_consumer-sts-0_20250707_214954_233737.csv,True,False,False,1751925135.3272393,369616.1527633667
310889,1751924765.711321,1751924982.2903645,batch_consumer-sts-0_20250707_214954_233737.csv,True,False,False,1751925135.3272393,369615.91815948486
310899,1751924765.7115536,1751924982.3144453,batch_consumer-sts-0_20250707_214954_233737.csv,True,False,False,1751925135.3272393,369615.68570137024
310909,1751924765.7117903,1751924982.339265,batch_consumer-sts-0_20250707_214954_233737.csv,True,False,False,1751925135.3272393,369615.4489517212
310919,1751924765.7120266,1751924983.36579,batch_consumer-sts-0_20250707_214954_233737.csv,True,False,False,1751925135.3272393,369615.2126789093
310929,1751924765.7122655,1751924983.6012712,batch_consumer-sts-0_20250707_214954_233737.csv,True,False,False,1751925135.3272393,369614.97378349304
310939,1751924765.7125027,1751924983.6263013,batch_consumer-sts-0_20250707_214954_233737.csv,True,False,False,1751925135.3272393,369614.73655700684
310949,1751924765.712747,1751924983.6507647,batch_consumer-sts-0_20250707_214954_233737.csv,True,False,False,1751925135.3272393,369614.49217796326
310959,1751924765.7129743,1751924983.72567,batch_consumer-sts-0_20250707_214954_233737.csv,True,False,False,1751925135.3272393,369614.2649650574
326369,1751924766.1549351,1751924983.7506506,batch_consumer-sts-0_20250707_214954_233737.csv,True,False,False,1751925135.3272393,369172.3041534424
326379,1751924766.1551735,1751924983.7759783,batch_consumer-sts-0_20250707_214954_233737.csv,True,False,False,1751925135.3272393,369172.0657348633
326389,1751924766.1554074,1751924983.8002095,batch_consumer-sts-0_20250707_214954_233737.csv,True,False,False,1751925135.3272393,369171.8318462372
326399,1751924766.1556337,1751924983.8243916,batch_consumer-sts-0_20250707_214954_233737.csv,True,False,False,1751925135.3272393,369171.6055870056
326409,1751924766.1558242,1751924983.8491304,batch_consumer-sts-0_20250707_214954_233737.csv,True,False,False,1751925135.3272393,369171.4150905609
326419,1751924766.1560135,1751924983.8736532,batch_consumer-sts-0_20250707_214954_233737.csv,True,False,False,1751925135.3272393,369171.2257862091
326429,1751924766.1562102,1751924983.8982716,batch_consumer-sts-0_20250707_214954_233737.csv,True,False,False,1751925135.3272393,369171.02909088135
326439,1751924766.1564078,1751924983.9227145,batch_consumer-sts-0_20250707_214954_233737.csv,True,False,False,1751925135.3272393,369170.8314418793
326449,1751924766.1565924,1751924983.9502378,batch_consumer-sts-0_20250707_214954_233737.csv,True,False,False,1751925135.3272393,369170.64690589905
326459,1751924766.156813,1751924983.9753149,batch_consumer-sts-0_20250707_214954_233737.csv,True,False,False,1751925135.3272393,369170.4263687134
326469,1751924766.1570697,1751924983.9993095,batch_consumer-sts-0_20250707_214954_233737.csv,True,False,False,1751925135.3272393,369170.1695919037
326479,1751924766.1573038,1751924984.0228455,batch_consumer-sts-0_20250707_214954_233737.csv,True,False,False,1751925135.3272393,369169.935464859
326489,1751924766.1575491,1751924984.0477772,batch_consumer-sts-0_20250707_214954_233737.csv,True,False,False,1751925135.3272393,369169.6901321411
326499,1751924766.1577888,1751924984.0728345,batch_consumer-sts-0_20250707_214954_233737.csv,True,False,False,1751925135.3272393,369169.4505214691
326509,1751924766.1580265,1751924984.0974438,batch_consumer-sts-0_20250707_214954_233737.csv,True,False,False,1751925135.3272393,369169.21281814575
326519,1751924766.1582727,1751924984.1360722,batch_consumer-sts-0_20250707_214954_233737.csv,True,False,False,1751925135.3272393,369168.96653175354
326529,1751924766.1585052,1751924984.1608772,batch_consumer-sts-0_20250707_214954_233737.csv,True,False,False,1751925135.3272393,369168.7340736389
326539,1751924766.158742,1751924984.1858213,batch_consumer-sts-0_20250707_214954_233737.csv,True,False,False,1751925135.3272393,369168.49732398987
326549,1751924766.1591754,1751924984.2101114,batch_consumer-sts-0_20250707_214954_233737.csv,True,False,False,1751925135.3272393,369168.06387901306
326559,1751924766.159407,1751924984.234954,batch_consumer-sts-0_20250707_214954_233737.csv,True,False,False,1751925135.3272393,369167.83237457275
326569,1751924766.1596284,1751924984.260197,batch_consumer-sts-0_20250707_214954_233737.csv,True,False,False,1751925135.3272393,369167.61088371277
326579,1751924766.159856,1751924984.285091,batch_consumer-sts-0_20250707_214954_233737.csv,True,False,False,1751925135.3272393,369167.3831939697
326589,1751924766.1600826,1751924984.3108778,batch_consumer-sts-0_20250707_214954_233737.csv,True,False,False,1751925135.3272393,369167.1566963196
326599,1751924766.1603067,1751924984.3356235,batch_consumer-sts-0_20250707_214954_233737.csv,True,False,False,1751925135.3272393,369166.9325828552
326609,1751924766.1605313,1751924984.3607051,batch_consumer-sts-0_20250707_214954_233737.csv,True,False,False,1751925135.3272393,369166.7079925537
326619,1751924766.1607542,1751924984.3855298,batch_consumer-sts-0_20250707_214954_233737.csv,True,False,False,1751925135.3272393,369166.48507118225
326629,1751924766.160983,1751924984.409782,batch_consumer-sts-0_20250707_214954_233737.csv,True,False,False,1751925135.3272393,369166.2561893463
326639,1751924766.1612186,1751924984.434581,batch_consumer-sts-0_20250707_214954_233737.csv,True,False,False,1751925135.3272393,369166.02063179016
326649,1751924766.1614573,1751924984.4598691,batch_consumer-sts-0_20250707_214954_233737.csv,True,False,False,1751925135.3272393,369165.7819747925
326659,1751924766.161697,1751924984.485063,batch_consumer-sts-0_20250707_214954_233737.csv,True,False,False,1751925135.3272393,369165.5423641205
326669,1751924766.1619303,1751924984.509398,batch_consumer-sts-0_20250707_214954_233737.csv,True,False,False,1751925135.3272393,369165.30895233154
326679,1751924766.162169,1751924984.5341263,batch_consumer-sts-0_20250707_214954_233737.csv,True,False,False,1751925135.3272393,369165.07029533386
326689,1751924766.1625695,1751924984.5591326,batch_consumer-sts-0_20250707_214954_233737.csv,True,False,False,1751925135.3272393,369164.669752121
326699,1751924766.1627967,1751924984.5831068,batch_consumer-sts-0_20250707_214954_233737.csv,True,False,False,1751925135.3272393,369164.4425392151
326709,1751924766.164276,1751924984.6072917,batch_consumer-sts-0_20250707_214954_233737.csv,True,False,False,1751925135.3272393,369162.96339035034
326719,1751924766.1645122,1751924984.6319587,batch_consumer-sts-0_20250707_214954_233737.csv,True,False,False,1751925135.3272393,369162.72711753845
326729,1751924766.16474,1751924984.6567864,batch_consumer-sts-0_20250707_214954_233737.csv,True,False,False,1751925135.3272393,369162.49918937683
326739,1751924766.164965,1751924984.6815903,batch_consumer-sts-0_20250707_214954_233737.csv,True,False,False,1751925135.3272393,369162.27436065674
326749,1751924766.165194,1751924984.7058723,batch_consumer-sts-0_20250707_214954_233737.csv,True,False,False,1751925135.3272393,369162.0452404022
326759,1751924766.1654203,1751924984.7310913,batch_consumer-sts-0_20250707_214954_233737.csv,True,False,False,1751925135.3272393,369161.81898117065
326769,1751924766.1656475,1751924984.7549076,batch_consumer-sts-0_20250707_214954_233737.csv,True,False,False,1751925135.3272393,369161.59176826477
326779,1751924766.165878,1751924984.7799132,batch_consumer-sts-0_20250707_214954_233737.csv,True,False,False,1751925135.3272393,369161.3612174988
326789,1751924766.166102,1751924984.8039389,batch_consumer-sts-0_20250707_214954_233737.csv,True,False,False,1751925135.3272393,369161.137342453
326799,1751924766.16635,1751924984.8285987,batch_consumer-sts-0_20250707_214954_233737.csv,True,False,False,1751925135.3272393,369160.88938713074
326809,1751924766.1665764,1751924984.8540566,batch_consumer-sts-0_20250707_214954_233737.csv,True,False,False,1751925135.3272393,369160.6628894806
326819,1751924766.1668046,1751924984.8791273,batch_consumer-sts-0_20250707_214954_233737.csv,True,False,False,1751925135.3272393,369160.4347229004
326829,1751924766.1670427,1751924984.90354,batch_consumer-sts-0_20250707_214954_233737.csv,True,False,False,1751925135.3272393,369160.19654273987
326839,1751924766.167273,1751924984.9280472,batch_consumer-sts-0_20250707_214954_233737.csv,True,False,False,1751925135.3272393,369159.96623039246
326849,1751924766.1675105,1751924984.953123,batch_consumer-sts-0_20250707_214954_233737.csv,True,False,False,1751925135.3272393,369159.7287654877
326859,1751924766.1677568,1751924984.9777148,batch_consumer-sts-0_20250707_214954_233737.csv,True,False,False,1751925135.3272393,369159.48247909546
326869,1751924766.167978,1751924985.0018797,batch_consumer-sts-0_20250707_214954_233737.csv,True,False,False,1751925135.3272393,369159.26122665405
326879,1751924766.168174,1751924985.0264893,batch_consumer-sts-0_20250707_214954_233737.csv,True,False,False,1751925135.3272393,369159.06524658203
326889,1751924766.1683767,1751924985.0514889,batch_consumer-sts-0_20250707_214954_233737.csv,True,False,False,1751925135.3272393,369158.8625907898
326899,1751924766.168553,1751924985.076289,batch_consumer-sts-0_20250707_214954_233737.csv,True,False,False,1751925135.3272393,369158.68616104126
326909,1751924766.1687703,1751924985.1008198,batch_consumer-sts-0_20250707_214954_233737.csv,True,False,False,1751925135.3272393,369158.4689617157
326919,1751924766.1689594,1751924985.1253655,batch_consumer-sts-0_20250707_214954_233737.csv,True,False,False,1751925135.3272393,369158.27989578247
326929,1751924766.1691515,1751924985.1502411,batch_consumer-sts-0_20250707_214954_233737.csv,True,False,False,1751925135.3272393,369158.0877304077
326939,1751924766.1693497,1751924985.1737618,batch_consumer-sts-0_20250707_214954_233737.csv,True,False,False,1751925135.3272393,369157.8896045685
326949,1751924766.169544,1751924985.1983798,batch_consumer-sts-0_20250707_214954_233737.csv,True,False,False,1751925135.3272393,369157.6952934265
326959,1751924766.1697445,1751924985.222973,batch_consumer-sts-0_20250707_214954_233737.csv,True,False,False,1751925135.3272393,369157.4947834015
326969,1751924766.170017,1751924985.248086,batch_consumer-sts-0_20250707_214954_233737.csv,True,False,False,1751925135.3272393,369157.2222709656
326979,1751924766.1702588,1751924985.2725928,batch_consumer-sts-0_20250707_214954_233737.csv,True,False,False,1751925135.3272393,369156.98051452637
326989,1751924766.170499,1751924985.553365,batch_consumer-sts-0_20250707_214954_233737.csv,True,False,False,1751925135.3272393,369156.74018859863
326999,1751924766.170727,1751924985.5784876,batch_consumer-sts-0_20250707_214954_233737.csv,True,False,False,1751925135.3272393,369156.512260437
327009,1751924766.1709542,1751924985.602742,batch_consumer-sts-0_20250707_214954_233737.csv,True,False,False,1751925135.3272393,369156.2850475311
327019,1751924766.17119,1751924985.6272848,batch_consumer-sts-0_20250707_214954_233737.csv,True,False,False,1751925135.3272393,369156.0492515564
327029,1751924766.1714258,1751924985.6509545,batch_consumer-sts-0_20250707_214954_233737.csv,True,False,False,1751925135.3272393,369155.81345558167
327039,1751924766.1716552,1751924985.6756406,batch_consumer-sts-0_20250707_214954_233737.csv,True,False,False,1751925135.3272393,369155.58409690857
327049,1751924766.171891,1751924985.7003014,batch_consumer-sts-0_20250707_214954_233737.csv,True,False,False,1751925135.3272393,369155.34830093384
327059,1751924766.172124,1751924985.726725,batch_consumer-sts-0_20250707_214954_233737.csv,True,False,False,1751925135.3272393,369155.11536598206
327069,1751924766.1723604,1751924985.7514124,batch_consumer-sts-0_20250707_214954_233737.csv,True,False,False,1751925135.3272393,369154.8788547516
327079,1751924766.172592,1751924985.7758043,batch_consumer-sts-0_20250707_214954_233737.csv,True,False,False,1751925135.3272393,369154.6473503113
327089,1751924766.1734188,1751924985.800585,batch_consumer-sts-0_20250707_214954_233737.csv,True,False,False,1751925135.3272393,369153.82051467896
327099,1751924766.1739297,1751924985.869825,batch_consumer-sts-0_20250707_214954_233737.csv,True,False,False,1751925135.3272393,369153.30958366394
327109,1751924766.174466,1751924985.8949127,batch_consumer-sts-0_20250707_214954_233737.csv,True,False,False,1751925135.3272393,369152.77338027954
327119,1751924766.1749802,1751924985.9186344,batch_consumer-sts-0_20250707_214954_233737.csv,True,False,False,1751925135.3272393,369152.2591114044
327129,1751924766.1753733,1751924985.9436045,batch_consumer-sts-0_20250707_214954_233737.csv,True,False,False,1751925135.3272393,369151.8659591675
327139,1751924766.1756115,1751924985.968336,batch_consumer-sts-0_20250707_214954_233737.csv,True,False,False,1751925135.3272393,369151.62777900696
327149,1751924766.175843,1751924985.992869,batch_consumer-sts-0_20250707_214954_233737.csv,True,False,False,1751925135.3272393,369151.39627456665
327159,1751924766.1760752,1751924986.0168183,batch_consumer-sts-0_20250707_214954_233737.csv,True,False,False,1751925135.3272393,369151.1640548706
327169,1751924766.176303,1751924986.0416403,batch_consumer-sts-0_20250707_214954_233737.csv,True,False,False,1751925135.3272393,369150.93636512756
327179,1751924766.1765342,1751924986.0665154,batch_consumer-sts-0_20250707_214954_233737.csv,True,False,False,1751925135.3272393,369150.70509910583
327189,1751924766.1767733,1751924986.0911868,batch_consumer-sts-0_20250707_214954_233737.csv,True,False,False,1751925135.3272393,369150.465965271
327199,1751924766.177009,1751924986.1151547,batch_consumer-sts-0_20250707_214954_233737.csv,True,False,False,1751925135.3272393,369150.23016929626
327209,1751924766.1772425,1751924986.1398358,batch_consumer-sts-0_20250707_214954_233737.csv,True,False,False,1751925135.3272393,369149.9967575073
327219,1751924766.1774726,1751924986.1642058,batch_consumer-sts-0_20250707_214954_233737.csv,True,False,False,1751925135.3272393,369149.7666835785
327229,1751924766.1777053,1751924986.188877,batch_consumer-sts-0_20250707_214954_233737.csv,True,False,False,1751925135.3272393,369149.5339870453
327239,1751924766.177945,1751924986.2128046,batch_consumer-sts-0_20250707_214954_233737.csv,True,False,False,1751925135.3272393,369149.2943763733
327249,1751924766.1781907,1751924986.237477,batch_consumer-sts-0_20250707_214954_233737.csv,True,False,False,1751925135.3272393,369149.04856681824
327259,1751924766.1784253,1751924986.2626352,batch_consumer-sts-0_20250707_214954_233737.csv,True,False,False,1751925135.3272393,369148.8139629364
327269,1751924766.1786623,1751924986.287331,batch_consumer-sts-0_20250707_214954_233737.csv,True,False,False,1751925135.3272393,369148.5769748688
327279,1751924766.178896,1751924986.3112729,batch_consumer-sts-0_20250707_214954_233737.csv,True,False,False,1751925135.3272393,369148.34332466125
327289,1751924766.1791258,1751924986.3395753,batch_consumer-sts-0_20250707_214954_233737.csv,True,False,False,1751925135.3272393,369148.113489151
327299,1751924766.17936,1751924986.3645277,batch_consumer-sts-0_20250707_214954_233737.csv,True,False,False,1751925135.3272393,369147.8793621063
327309,1751924766.180805,1751924986.389627,batch_consumer-sts-0_20250707_214954_233737.csv,True,False,False,1751925135.3272393,369146.4343070984
327319,1751924766.181049,1751924986.4138565,batch_consumer-sts-0_20250707_214954_233737.csv,True,False,False,1751925135.3272393,369146.1901664734
327329,1751924766.181281,1751924986.438991,batch_consumer-sts-0_20250707_214954_233737.csv,True,False,False,1751925135.3272393,369145.9581851959
327339,1751924766.181498,1751924986.46451,batch_consumer-sts-0_20250707_214954_233737.csv,True,False,False,1751925135.3272393,369145.74122428894
327349,1751924766.1816916,1751924986.489481,batch_consumer-sts-0_20250707_214954_233737.csv,True,False,False,1751925135.3272393,369145.5476284027
327359,1751924766.1818864,1751924986.5134373,batch_consumer-sts-0_20250707_214954_233737.csv,True,False,False,1751925135.3272393,369145.3528404236
327369,1751924766.182091,1751924986.5382905,batch_consumer-sts-0_20250707_214954_233737.csv,True,False,False,1751925135.3272393,369145.1482772827
327379,1751924766.182351,1751924986.563284,batch_consumer-sts-0_20250707_214954_233737.csv,True,False,False,1751925135.3272393,369144.8881626129
327389,1751924766.1825848,1751924986.587341,batch_consumer-sts-0_20250707_214954_233737.csv,True,False,False,1751925135.3272393,369144.6545124054
327399,1751924766.1828177,1751924986.6116445,batch_consumer-sts-0_20250707_214954_233737.csv,True,False,False,1751925135.3272393,369144.4215774536
327409,1751924766.18515,1751924986.636557,batch_consumer-sts-0_20250707_214954_233737.csv,True,False,False,1751925135.3272393,369142.08936691284
327419,1751924766.1853886,1751924986.6610785,batch_consumer-sts-0_20250707_214954_233737.csv,True,False,False,1751925135.3272393,369141.85070991516
327429,1751924766.1856146,1751924986.6860943,batch_consumer-sts-0_20250707_214954_233737.csv,True,False,False,1751925135.3272393,369141.6246891022
327439,1751924766.1858485,1751924986.7101457,batch_consumer-sts-0_20250707_214954_233737.csv,True,False,False,1751925135.3272393,369141.3908004761
327449,1751924766.1860816,1751924986.735393,batch_consumer-sts-0_20250707_214954_233737.csv,True,False,False,1751925135.3272393,369141.1576271057
327459,1751924766.186335,1751924986.7607386,batch_consumer-sts-0_20250707_214954_233737.csv,True,False,False,1751925135.3272393,369140.9041881561
327469,1751924766.186567,1751924986.7860277,batch_consumer-sts-0_20250707_214954_233737.csv,True,False,False,1751925135.3272393,369140.67220687866
327479,1751924766.186802,1751924986.810371,batch_consumer-sts-0_20250707_214954_233737.csv,True,False,False,1751925135.3272393,369140.43736457825
327489,1751924766.1870365,1751924986.8351538,batch_consumer-sts-0_20250707_214954_233737.csv,True,False,False,1751925135.3272393,369140.2027606964
327499,1751924766.1872635,1751924986.860414,batch_consumer-sts-0_20250707_214954_233737.csv,True,False,False,1751925135.3272393,369139.9757862091
327509,1751924766.1874952,1751924986.8856044,batch_consumer-sts-0_20250707_214954_233737.csv,True,False,False,1751925135.3272393,369139.7440433502
327519,1751924766.18773,1751924986.909787,batch_consumer-sts-0_20250707_214954_233737.csv,True,False,False,1751925135.3272393,369139.5092010498
327529,1751924766.1879656,1751924986.9350078,batch_consumer-sts-0_20250707_214954_233737.csv,True,False,False,1751925135.3272393,369139.27364349365
327539,1751924766.1882014,1751924986.960446,batch_consumer-sts-0_20250707_214954_233737.csv,True,False,False,1751925135.3272393,369139.0378475189
327549,1751924766.188438,1751924986.985359,batch_consumer-sts-0_20250707_214954_233737.csv,True,False,False,1751925135.3272393,369138.80133628845
327559,1751924766.188669,1751924987.0093884,batch_consumer-sts-0_20250707_214954_233737.csv,True,False,False,1751925135.3272393,369138.5703086853
327569,1751924766.1889036,1751924987.033697,batch_consumer-sts-0_20250707_214954_233737.csv,True,False,False,1751925135.3272393,369138.33570480347
327579,1751924766.1891394,1751924987.0584738,batch_consumer-sts-0_20250707_214954_233737.csv,True,False,False,1751925135.3272393,369138.09990882874
327589,1751924766.1893735,1751924987.0833158,batch_consumer-sts-0_20250707_214954_233737.csv,True,False,False,1751925135.3272393,369137.86578178406
327599,1751924766.189615,1751924987.1077597,batch_consumer-sts-0_20250707_214954_233737.csv,True,False,False,1751925135.3272393,369137.6242637634
327609,1751924766.1898465,1751924987.1317737,batch_consumer-sts-0_20250707_214954_233737.csv,True,False,False,1751925135.3272393,369137.3927593231
327619,1751924766.1900804,1751924987.1561222,batch_consumer-sts-0_20250707_214954_233737.csv,True,False,False,1751925135.3272393,369137.158870697
327629,1751924766.1903243,1751924987.1806896,batch_consumer-sts-0_20250707_214954_233737.csv,True,False,False,1751925135.3272393,369136.9149684906
327639,1751924766.1905582,1751924987.2046251,batch_consumer-sts-0_20250707_214954_233737.csv,True,False,False,1751925135.3272393,369136.6810798645
327649,1751924766.1908002,1751924987.2286963,batch_consumer-sts-0_20250707_214954_233737.csv,True,False,False,1751925135.3272393,369136.4390850067
327659,1751924766.1910365,1751924987.2530518,batch_consumer-sts-0_20250707_214954_233737.csv,True,False,False,1751925135.3272393,369136.2028121948
327669,1751924766.191269,1751924987.2776558,batch_consumer-sts-0_20250707_214954_233737.csv,True,False,False,1751925135.3272393,369135.9703540802
327679,1751924766.1915052,1751924987.3017013,batch_consumer-sts-0_20250707_214954_233737.csv,True,False,False,1751925135.3272393,369135.7340812683
327689,1751924766.1917405,1751924987.326609,batch_consumer-sts-0_20250707_214954_233737.csv,True,False,False,1751925135.3272393,369135.49876213074
327699,1751924766.1919892,1751924987.351315,batch_consumer-sts-0_20250707_214954_233737.csv,True,False,False,1751925135.3272393,369135.25009155273
327709,1751924766.192233,1751924987.3747249,batch_consumer-sts-0_20250707_214954_233737.csv,True,False,False,1751925135.3272393,369135.0061893463
327719,1751924766.1924744,1751924988.4010208,batch_consumer-sts-0_20250707_214954_233737.csv,True,False,False,1751925135.3272393,369134.76490974426
327729,1751924766.19271,1751924988.6517148,batch_consumer-sts-0_20250707_214954_233737.csv,True,False,False,1751925135.3272393,369134.5293521881
327739,1751924766.192947,1751924988.6765423,batch_consumer-sts-0_20250707_214954_233737.csv,True,False,False,1751925135.3272393,369134.2923641205
327749,1751924766.1931756,1751924988.7009037,batch_consumer-sts-0_20250707_214954_233737.csv,True,False,False,1751925135.3272393,369134.0637207031
327759,1751924766.1934078,1751924988.7250404,batch_consumer-sts-0_20250707_214954_233737.csv,True,False,False,1751925135.3272393,369133.8315010071
327769,1751924766.1936398,1751924988.7496305,batch_consumer-sts-0_20250707_214954_233737.csv,True,False,False,1751925135.3272393,369133.5995197296
327779,1751924766.193839,1751924988.774537,batch_consumer-sts-0_20250707_214954_233737.csv,True,False,False,1751925135.3272393,369133.4002017975
327789,1751924766.194059,1751924988.7998962,batch_consumer-sts-0_20250707_214954_233737.csv,True,False,False,1751925135.3272393,369133.18037986755
327799,1751924766.1943097,1751924988.8245237,batch_consumer-sts-0_20250707_214954_233737.csv,True,False,False,1751925135.3272393,369132.92956352234
327809,1751924766.1945438,1751924988.8489387,batch_consumer-sts-0_20250707_214954_233737.csv,True,False,False,1751925135.3272393,369132.69543647766
327819,1751924766.194778,1751924988.8741872,batch_consumer-sts-0_20250707_214954_233737.csv,True,False,False,1751925135.3272393,369132.461309433
332409,1751924766.3151884,1751924988.899346,batch_consumer-sts-0_20250707_214954_233737.csv,True,False,False,1751925135.3272393,369012.0508670807
332419,1751924766.315577,1751924988.924279,batch_consumer-sts-0_20250707_214954_233737.csv,True,False,False,1751925135.3272393,369011.66224479675
332429,1751924766.3158092,1751924988.949214,batch_consumer-sts-0_20250707_214954_233737.csv,True,False,False,1751925135.3272393,369011.4300251007
332439,1751924766.3160365,1751924988.97414,batch_consumer-sts-0_20250707_214954_233737.csv,True,False,False,1751925135.3272393,369011.2028121948
332449,1751924766.316259,1751924988.998741,batch_consumer-sts-0_20250707_214954_233737.csv,True,False,False,1751925135.3272393,369010.9803676605
332459,1751924766.316492,1751924989.0237553,batch_consumer-sts-0_20250707_214954_233737.csv,True,False,False,1751925135.3272393,369010.74719429016
332469,1751924766.3167217,1751924989.0486336,batch_consumer-sts-0_20250707_214954_233737.csv,True,False,False,1751925135.3272393,369010.5175971985
332479,1751924766.3169515,1751924989.0732474,batch_consumer-sts-0_20250707_214954_233737.csv,True,False,False,1751925135.3272393,369010.28776168823
332489,1751924766.3171852,1751924989.0977569,batch_consumer-sts-0_20250707_214954_233737.csv,True,False,False,1751925135.3272393,369010.0541114807
332499,1751924766.3174267,1751924989.122677,batch_consumer-sts-0_20250707_214954_233737.csv,True,False,False,1751925135.3272393,369009.8125934601
332509,1751924766.3176613,1751924989.1473098,batch_consumer-sts-0_20250707_214954_233737.csv,True,False,False,1751925135.3272393,369009.57798957825
332519,1751924766.3178997,1751924989.1720436,batch_consumer-sts-0_20250707_214954_233737.csv,True,False,False,1751925135.3272393,369009.33957099915
332529,1751924766.3181305,1751924989.1967409,batch_consumer-sts-0_20250707_214954_233737.csv,True,False,False,1751925135.3272393,369009.1087818146
332539,1751924766.318381,1751924989.2209373,batch_consumer-sts-0_20250707_214954_233737.csv,True,False,False,1751925135.3272393,369008.85820388794
332549,1751924766.318617,1751924989.2458718,batch_consumer-sts-0_20250707_214954_233737.csv,True,False,False,1751925135.3272393,369008.6221694946
332559,1751924766.3188598,1751924989.2706726,batch_consumer-sts-0_20250707_214954_233737.csv,True,False,False,1751925135.3272393,369008.3794593811
332569,1751924766.3190928,1751924989.2955632,batch_consumer-sts-0_20250707_214954_233737.csv,True,False,False,1751925135.3272393,369008.1465244293
332579,1751924766.3193295,1751924989.319805,batch_consumer-sts-0_20250707_214954_233737.csv,True,False,False,1751925135.3272393,369007.9097747803
332589,1751924766.319718,1751924989.344344,batch_consumer-sts-0_20250707_214954_233737.csv,True,False,False,1751925135.3272393,369007.5213909149
332599,1751924766.3200915,1751924989.3721137,batch_consumer-sts-0_20250707_214954_233737.csv,True,False,False,1751925135.3272393,369007.14778900146
332609,1751924766.3204503,1751924989.396002,batch_consumer-sts-0_20250707_214954_233737.csv,True,False,False,1751925135.3272393,369006.7889690399
332619,1751924766.3206773,1751924989.4199998,batch_consumer-sts-0_20250707_214954_233737.csv,True,False,False,1751925135.3272393,369006.5619945526
332629,1751924766.3209035,1751924989.44466,batch_consumer-sts-0_20250707_214954_233737.csv,True,False,False,1751925135.3272393,369006.33573532104
332639,1751924766.321133,1751924989.4692,batch_consumer-sts-0_20250707_214954_233737.csv,True,False,False,1751925135.3272393,369006.10637664795
332649,1751924766.321367,1751924989.493761,batch_consumer-sts-0_20250707_214954_233737.csv,True,False,False,1751925135.3272393,369005.8722496033
332659,1751924766.321594,1751924989.5180738,batch_consumer-sts-0_20250707_214954_233737.csv,True,False,False,1751925135.3272393,369005.64527511597
332669,1751924766.3218224,1751924989.5429845,batch_consumer-sts-0_20250707_214954_233737.csv,True,False,False,1751925135.3272393,369005.4168701172
332679,1751924766.322008,1751924989.567809,batch_consumer-sts-0_20250707_214954_233737.csv,True,False,False,1751925135.3272393,369005.23138046265
332689,1751924766.3222306,1751924989.5931282,batch_consumer-sts-0_20250707_214954_233737.csv,True,False,False,1751925135.3272393,369005.00869750977
332699,1751924766.322454,1751924989.6174004,batch_consumer-sts-0_20250707_214954_233737.csv,True,False,False,1751925135.3272393,369004.78529930115
332709,1751924766.322685,1751924989.642576,batch_consumer-sts-0_20250707_214954_233737.csv,True,False,False,1751925135.3272393,369004.554271698
332719,1751924766.3229249,1751924989.6675506,batch_consumer-sts-0_20250707_214954_233737.csv,True,False,False,1751925135.3272393,369004.3144226074
332729,1751924766.323157,1751924989.6927075,batch_consumer-sts-0_20250707_214954_233737.csv,True,False,False,1751925135.3272393,369004.0822029114
332739,1751924766.323405,1751924989.7173057,batch_consumer-sts-0_20250707_214954_233737.csv,True,False,False,1751925135.3272393,369003.8342475891
332749,1751924766.3236098,1751924989.742056,batch_consumer-sts-0_20250707_214954_233737.csv,True,False,False,1751925135.3272393,369003.62944602966
332759,1751924766.3238006,1751924989.7668924,batch_consumer-sts-0_20250707_214954_233737.csv,True,False,False,1751925135.3272393,369003.4387111664
332769,1751924766.3239906,1751924989.7918112,batch_consumer-sts-0_20250707_214954_233737.csv,True,False,False,1751925135.3272393,369003.24869155884
332779,1751924766.3241887,1751924989.8160129,batch_consumer-sts-0_20250707_214954_233737.csv,True,False,False,1751925135.3272393,369003.0505657196
332789,1751924766.3243904,1751924989.8403957,batch_consumer-sts-0_20250707_214954_233737.csv,True,False,False,1751925135.3272393,369002.8488636017
332799,1751924766.324623,1751924989.8650362,batch_consumer-sts-0_20250707_214954_233737.csv,True,False,False,1751925135.3272393,369002.6161670685
332809,1751924766.3248675,1751924989.8893926,batch_consumer-sts-0_20250707_214954_233737.csv,True,False,False,1751925135.3272393,369002.3717880249
332819,1751924766.3251076,1751924989.91327,batch_consumer-sts-0_20250707_214954_233737.csv,True,False,False,1751925135.3272393,369002.13170051575
332829,1751924766.3253484,1751924989.938048,batch_consumer-sts-0_20250707_214954_233737.csv,True,False,False,1751925135.3272393,369001.89089775085
332839,1751924766.325591,1751924989.9626875,batch_consumer-sts-0_20250707_214954_233737.csv,True,False,False,1751925135.3272393,369001.6481876373
332849,1751924766.3258305,1751924989.9874165,batch_consumer-sts-0_20250707_214954_233737.csv,True,False,False,1751925135.3272393,369001.4088153839
332859,1751924766.326074,1751924990.0116706,batch_consumer-sts-0_20250707_214954_233737.csv,True,False,False,1751925135.3272393,369001.16539001465
332869,1751924766.3263264,1751924990.036357,batch_consumer-sts-0_20250707_214954_233737.csv,True,False,False,1751925135.3272393,369000.9129047394
332879,1751924766.3265643,1751924990.060978,batch_consumer-sts-0_20250707_214954_233737.csv,True,False,False,1751925135.3272393,369000.67496299744
332889,1751924766.3267975,1751924990.0851216,batch_consumer-sts-0_20250707_214954_233737.csv,True,False,False,1751925135.3272393,369000.4417896271
332899,1751924766.3270347,1751924990.1095414,batch_consumer-sts-0_20250707_214954_233737.csv,True,False,False,1751925135.3272393,369000.20456314087
332909,1751924766.3272655,1751924990.1344378,batch_consumer-sts-0_20250707_214954_233737.csv,True,False,False,1751925135.3272393,368999.9737739563
332919,1751924766.3275075,1751924990.1595838,batch_consumer-sts-0_20250707_214954_233737.csv,True,False,False,1751925135.3272393,368999.7317790985
332929,1751924766.3277428,1751924990.1846976,batch_consumer-sts-0_20250707_214954_233737.csv,True,False,False,1751925135.3272393,368999.49645996094
332939,1751924766.3279762,1751924990.209599,batch_consumer-sts-0_20250707_214954_233737.csv,True,False,False,1751925135.3272393,368999.263048172
332949,1751924766.3282092,1751924990.2343254,batch_consumer-sts-0_20250707_214954_233737.csv,True,False,False,1751925135.3272393,368999.0301132202
332959,1751924766.3284423,1751924990.2590272,batch_consumer-sts-0_20250707_214954_233737.csv,True,False,False,1751925135.3272393,368998.79693984985
332969,1751924766.328681,1751924990.283981,batch_consumer-sts-0_20250707_214954_233737.csv,True,False,False,1751925135.3272393,368998.5582828522
332979,1751924766.328917,1751924990.3089097,batch_consumer-sts-0_20250707_214954_233737.csv,True,False,False,1751925135.3272393,368998.32224845886
332989,1751924766.3291545,1751924990.333908,batch_consumer-sts-0_20250707_214954_233737.csv,True,False,False,1751925135.3272393,368998.0847835541
332999,1751924766.3293786,1751924990.3586812,batch_consumer-sts-0_20250707_214954_233737.csv,True,False,False,1751925135.3272393,368997.8606700897
333009,1751924766.3296108,1751924990.3839812,batch_consumer-sts-0_20250707_214954_233737.csv,True,False,False,1751925135.3272393,368997.6284503937
333019,1751924766.329852,1751924990.408842,batch_consumer-sts-0_20250707_214954_233737.csv,True,False,False,1751925135.3272393,368997.3871707916
333029,1751924766.3300953,1751924990.4718237,batch_consumer-sts-0_20250707_214954_233737.csv,True,False,False,1751925135.3272393,368997.14398384094
333039,1751924766.3303385,1751924990.4966393,batch_consumer-sts-0_20250707_214954_233737.csv,True,False,False,1751925135.3272393,368996.90079689026
333049,1751924766.3305802,1751924990.5213904,batch_consumer-sts-0_20250707_214954_233737.csv,True,False,False,1751925135.3272393,368996.65904045105
333059,1751924766.3308153,1751924990.5465322,batch_consumer-sts-0_20250707_214954_233737.csv,True,False,False,1751925135.3272393,368996.42395973206
333069,1751924766.3310504,1751924990.5717585,batch_consumer-sts-0_20250707_214954_233737.csv,True,False,False,1751925135.3272393,368996.18887901306
333079,1751924766.331289,1751924990.5974193,batch_consumer-sts-0_20250707_214954_233737.csv,True,False,False,1751925135.3272393,368995.9502220154
333089,1751924766.3315349,1751924990.6228316,batch_consumer-sts-0_20250707_214954_233737.csv,True,False,False,1751925135.3272393,368995.7044124603
333099,1751924766.331769,1751924990.6478355,batch_consumer-sts-0_20250707_214954_233737.csv,True,False,False,1751925135.3272393,368995.47028541565
333109,1751924766.3320107,1751924990.6736524,batch_consumer-sts-0_20250707_214954_233737.csv,True,False,False,1751925135.3272393,368995.22852897644
333119,1751924766.332244,1751924990.6989632,batch_consumer-sts-0_20250707_214954_233737.csv,True,False,False,1751925135.3272393,368994.9953556061
333129,1751924766.332474,1751924990.7772272,batch_consumer-sts-0_20250707_214954_233737.csv,True,False,False,1751925135.3272393,368994.76528167725
333139,1751924766.3327093,1751924990.8020313,batch_consumer-sts-0_20250707_214954_233737.csv,True,False,False,1751925135.3272393,368994.5299625397
333149,1751924766.3329449,1751924990.8268137,batch_consumer-sts-0_20250707_214954_233737.csv,True,False,False,1751925135.3272393,368994.2944049835
333159,1751924766.333177,1751924990.8515904,batch_consumer-sts-0_20250707_214954_233737.csv,True,False,False,1751925135.3272393,368994.0621852875
333169,1751924766.333413,1751924990.876273,batch_consumer-sts-0_20250707_214954_233737.csv,True,False,False,1751925135.3272393,368993.82638931274
333179,1751924766.3336484,1751924990.9007924,batch_consumer-sts-0_20250707_214954_233737.csv,True,False,False,1751925135.3272393,368993.5908317566
333189,1751924766.333883,1751924990.9753706,batch_consumer-sts-0_20250707_214954_233737.csv,True,False,False,1751925135.3272393,368993.35622787476
333199,1751924766.3341146,1751924990.999756,batch_consumer-sts-0_20250707_214954_233737.csv,True,False,False,1751925135.3272393,368993.12472343445
333209,1751924766.3343544,1751924991.0244048,batch_consumer-sts-0_20250707_214954_233737.csv,True,False,False,1751925135.3272393,368992.8848743439
333219,1751924766.334597,1751924991.049619,batch_consumer-sts-0_20250707_214954_233737.csv,True,False,False,1751925135.3272393,368992.64216423035
333229,1751924766.3348334,1751924991.0742588,batch_consumer-sts-0_20250707_214954_233737.csv,True,False,False,1751925135.3272393,368992.40589141846
333239,1751924766.335068,1751924991.099039,batch_consumer-sts-0_20250707_214954_233737.csv,True,False,False,1751925135.3272393,368992.1712875366
333249,1751924766.3353074,1751924991.1236043,batch_consumer-sts-0_20250707_214954_233737.csv,True,False,False,1751925135.3272393,368991.9319152832
333259,1751924766.3357334,1751924991.148276,batch_consumer-sts-0_20250707_214954_233737.csv,True,False,False,1751925135.3272393,368991.50586128235
333269,1751924766.3359616,1751924991.172556,batch_consumer-sts-0_20250707_214954_233737.csv,True,False,False,1751925135.3272393,368991.27769470215
333279,1751924766.3361924,1751924991.1974852,batch_consumer-sts-0_20250707_214954_233737.csv,True,False,False,1751925135.3272393,368991.0469055176
333289,1751924766.336419,1751924991.2223153,batch_consumer-sts-0_20250707_214954_233737.csv,True,False,False,1751925135.3272393,368990.82016944885
333299,1751924766.3366115,1751924991.247448,batch_consumer-sts-0_20250707_214954_233737.csv,True,False,False,1751925135.3272393,368990.6277656555
333309,1751924766.3368018,1751924991.2736802,batch_consumer-sts-0_20250707_214954_233737.csv,True,False,False,1751925135.3272393,368990.4375076294
333319,1751924766.336993,1751924991.2982323,batch_consumer-sts-0_20250707_214954_233737.csv,True,False,False,1751925135.3272393,368990.24629592896
333329,1751924766.3372014,1751924991.3219748,batch_consumer-sts-0_20250707_214954_233737.csv,True,False,False,1751925135.3272393,368990.0379180908
333339,1751924766.3374095,1751924991.3471406,batch_consumer-sts-0_20250707_214954_233737.csv,True,False,False,1751925135.3272393,368989.82977867126
333349,1751924766.3376577,1751924991.372026,batch_consumer-sts-0_20250707_214954_233737.csv,True,False,False,1751925135.3272393,368989.5815849304
333359,1751924766.3381865,1751924991.397059,batch_consumer-sts-0_20250707_214954_233737.csv,True,False,False,1751925135.3272393,368989.052772522
333369,1751924766.3384235,1751924991.4220245,batch_consumer-sts-0_20250707_214954_233737.csv,True,False,False,1751925135.3272393,368988.81578445435
333379,1751924766.3386562,1751924991.4471877,batch_consumer-sts-0_20250707_214954_233737.csv,True,False,False,1751925135.3272393,368988.58308792114
333389,1751924766.3388908,1751924991.4721618,batch_consumer-sts-0_20250707_214954_233737.csv,True,False,False,1751925135.3272393,368988.3484840393
333399,1751924766.339122,1751924991.4976182,batch_consumer-sts-0_20250707_214954_233737.csv,True,False,False,1751925135.3272393,368988.1172180176
333409,1751924766.3393593,1751924991.5223615,batch_consumer-sts-0_20250707_214954_233737.csv,True,False,False,1751925135.3272393,368987.8799915314
333419,1751924766.3395982,1751924991.5474236,batch_consumer-sts-0_20250707_214954_233737.csv,True,False,False,1751925135.3272393,368987.6410961151
333429,1751924766.3402815,1751924991.5726368,batch_consumer-sts-0_20250707_214954_233737.csv,True,False,False,1751925135.3272393,368986.9577884674
333439,1751924766.3405204,1751924991.5974903,batch_consumer-sts-0_20250707_214954_233737.csv,True,False,False,1751925135.3272393,368986.71889305115
333449,1751924766.3407516,1751924991.6233945,batch_consumer-sts-0_20250707_214954_233737.csv,True,False,False,1751925135.3272393,368986.4876270294
333459,1751924766.3409755,1751924991.648591,batch_consumer-sts-0_20250707_214954_233737.csv,True,False,False,1751925135.3272393,368986.26375198364
333469,1751924766.3412054,1751924991.6735475,batch_consumer-sts-0_20250707_214954_233737.csv,True,False,False,1751925135.3272393,368986.0339164734
333479,1751924766.341435,1751924991.698814,batch_consumer-sts-0_20250707_214954_233737.csv,True,False,False,1751925135.3272393,368985.8043193817
333489,1751924766.3416672,1751924991.723549,batch_consumer-sts-0_20250707_214954_233737.csv,True,False,False,1751925135.3272393,368985.57209968567
333499,1751924766.3418968,1751924991.748635,batch_consumer-sts-0_20250707_214954_233737.csv,True,False,False,1751925135.3272393,368985.342502594
333509,1751924766.342127,1751924991.7735603,batch_consumer-sts-0_20250707_214954_233737.csv,True,False,False,1751925135.3272393,368985.1121902466
333519,1751924766.3423674,1751924991.7991056,batch_consumer-sts-0_20250707_214954_233737.csv,True,False,False,1751925135.3272393,368984.87186431885
333529,1751924766.3425992,1751924991.8236394,batch_consumer-sts-0_20250707_214954_233737.csv,True,False,False,1751925135.3272393,368984.64012145996
333539,1751924766.342828,1751924991.8487277,batch_consumer-sts-0_20250707_214954_233737.csv,True,False,False,1751925135.3272393,368984.411239624
333549,1751924766.343064,1751924991.8734565,batch_consumer-sts-0_20250707_214954_233737.csv,True,False,False,1751925135.3272393,368984.1752052307
333559,1751924766.3432927,1751924991.8981743,batch_consumer-sts-0_20250707_214954_233737.csv,True,False,False,1751925135.3272393,368983.94656181335
333569,1751924766.3435278,1751924991.9228983,batch_consumer-sts-0_20250707_214954_233737.csv,True,False,False,1751925135.3272393,368983.71148109436
333579,1751924766.3437648,1751924991.9475017,batch_consumer-sts-0_20250707_214954_233737.csv,True,False,False,1751925135.3272393,368983.47449302673
333589,1751924766.343995,1751924991.9723835,batch_consumer-sts-0_20250707_214954_233737.csv,True,False,False,1751925135.3272393,368983.2441806793
333599,1751924766.3442235,1751924991.9973843,batch_consumer-sts-0_20250707_214954_233737.csv,True,False,False,1751925135.3272393,368983.01577568054
333609,1751924766.344453,1751924992.0231726,batch_consumer-sts-0_20250707_214954_233737.csv,True,False,False,1751925135.3272393,368982.78617858887
333619,1751924766.344689,1751924992.0480168,batch_consumer-sts-0_20250707_214954_233737.csv,True,False,False,1751925135.3272393,368982.55038261414
333629,1751924766.3449285,1751924992.0724945,batch_consumer-sts-0_20250707_214954_233737.csv,True,False,False,1751925135.3272393,368982.31077194214
333639,1751924766.345158,1751924992.0975025,batch_consumer-sts-0_20250707_214954_233737.csv,True,False,False,1751925135.3272393,368982.08117485046
333649,1751924766.345396,1751924992.1217916,batch_consumer-sts-0_20250707_214954_233737.csv,True,False,False,1751925135.3272393,368981.8432331085
333659,1751924766.345626,1751924992.1465385,batch_consumer-sts-0_20250707_214954_233737.csv,True,False,False,1751925135.3272393,368981.6131591797
333669,1751924766.345863,1751924992.1715026,batch_consumer-sts-0_20250707_214954_233737.csv,True,False,False,1751925135.3272393,368981.37617111206
333679,1751924766.346096,1751924992.1964867,batch_consumer-sts-0_20250707_214954_233737.csv,True,False,False,1751925135.3272393,368981.1432361603
333689,1751924766.3463287,1751924992.2211022,batch_consumer-sts-0_20250707_214954_233737.csv,True,False,False,1751925135.3272393,368980.9105396271
333699,1751924766.3465693,1751924992.2459698,batch_consumer-sts-0_20250707_214954_233737.csv,True,False,False,1751925135.3272393,368980.66997528076
333709,1751924766.3468072,1751924992.2727296,batch_consumer-sts-0_20250707_214954_233737.csv,True,False,False,1751925135.3272393,368980.4320335388
333719,1751924766.3470423,1751924992.2982645,batch_consumer-sts-0_20250707_214954_233737.csv,True,False,False,1751925135.3272393,368980.1969528198
333729,1751924766.3472846,1751924992.3224776,batch_consumer-sts-0_20250707_214954_233737.csv,True,False,False,1751925135.3272393,368979.95471954346
333739,1751924766.3475251,1751924992.346972,batch_consumer-sts-0_20250707_214954_233737.csv,True,False,False,1751925135.3272393,368979.71415519714
333749,1751924766.347766,1751924992.3718429,batch_consumer-sts-0_20250707_214954_233737.csv,True,False,False,1751925135.3272393,368979.47335243225
333759,1751924766.348007,1751924992.3967483,batch_consumer-sts-0_20250707_214954_233737.csv,True,False,False,1751925135.3272393,368979.2323112488
333769,1751924766.3482382,1751924992.4215567,batch_consumer-sts-0_20250707_214954_233737.csv,True,False,False,1751925135.3272393,368979.00104522705
333779,1751924766.348425,1751924992.4466648,batch_consumer-sts-0_20250707_214954_233737.csv,True,False,False,1751925135.3272393,368978.8143634796
333789,1751924766.348635,1751924992.4719603,batch_consumer-sts-0_20250707_214954_233737.csv,True,False,False,1751925135.3272393,368978.6043167114
333799,1751924766.348833,1751924992.496914,batch_consumer-sts-0_20250707_214954_233737.csv,True,False,False,1751925135.3272393,368978.4061908722
333809,1751924766.34902,1751924992.5216343,batch_consumer-sts-0_20250707_214954_233737.csv,True,False,False,1751925135.3272393,368978.2192707062
333819,1751924766.3492064,1751924992.54648,batch_consumer-sts-0_20250707_214954_233737.csv,True,False,False,1751925135.3272393,368978.0328273773
333829,1751924766.3493905,1751924992.570788,batch_consumer-sts-0_20250707_214954_233737.csv,True,False,False,1751925135.3272393,368977.84876823425
333839,1751924766.349579,1751924992.5952592,batch_consumer-sts-0_20250707_214954_233737.csv,True,False,False,1751925135.3272393,368977.6601791382
333849,1751924766.3497832,1751924992.6192968,batch_consumer-sts-0_20250707_214954_233737.csv,True,False,False,1751925135.3272393,368977.4560928345
333859,1751924766.349975,1751924992.6440833,batch_consumer-sts-0_20250707_214954_233737.csv,True,False,False,1751925135.3272393,368977.2641658783
333869,1751924766.3501778,1751924992.6685054,batch_consumer-sts-0_20250707_214954_233737.csv,True,False,False,1751925135.3272393,368977.06151008606
333879,1751924766.350428,1751924992.6926515,batch_consumer-sts-0_20250707_214954_233737.csv,True,False,False,1751925135.3272393,368976.811170578
333889,1751924766.350655,1751924992.716555,batch_consumer-sts-0_20250707_214954_233737.csv,True,False,False,1751925135.3272393,368976.5841960907
333899,1751924766.3508842,1751924993.7427535,batch_consumer-sts-0_20250707_214954_233737.csv,True,False,False,1751925135.3272393,368976.3550758362
333909,1751924766.3511176,1751924993.7674668,batch_consumer-sts-0_20250707_214954_233737.csv,True,False,False,1751925135.3272393,368976.12166404724
333919,1751924766.3513474,1751924993.7923412,batch_consumer-sts-0_20250707_214954_233737.csv,True,False,False,1751925135.3272393,368975.891828537
333929,1751924766.3515835,1751924993.8161087,batch_consumer-sts-0_20250707_214954_233737.csv,True,False,False,1751925135.3272393,368975.6557941437
333939,1751924766.3518188,1751924993.8406377,batch_consumer-sts-0_20250707_214954_233737.csv,True,False,False,1751925135.3272393,368975.4204750061
333949,1751924766.3520544,1751924993.8655863,batch_consumer-sts-0_20250707_214954_233737.csv,True,False,False,1751925135.3272393,368975.18491744995
333959,1751924766.3523016,1751924993.8903656,batch_consumer-sts-0_20250707_214954_233737.csv,True,False,False,1751925135.3272393,368974.9376773834
333969,1751924766.3525271,1751924993.9145434,batch_consumer-sts-0_20250707_214954_233737.csv,True,False,False,1751925135.3272393,368974.7121334076
333979,1751924766.352768,1751924993.9393032,batch_consumer-sts-0_20250707_214954_233737.csv,True,False,False,1751925135.3272393,368974.4713306427
333989,1751924766.3530066,1751924993.9644394,batch_consumer-sts-0_20250707_214954_233737.csv,True,False,False,1751925135.3272393,368974.232673645
333999,1751924766.3532348,1751924993.989079,batch_consumer-sts-0_20250707_214954_233737.csv,True,False,False,1751925135.3272393,368974.0045070648
334009,1751924766.3534644,1751924994.0128808,batch_consumer-sts-0_20250707_214954_233737.csv,True,False,False,1751925135.3272393,368973.77490997314
334019,1751924766.3536935,1751924994.037674,batch_consumer-sts-0_20250707_214954_233737.csv,True,False,False,1751925135.3272393,368973.5457897186
334029,1751924766.3542006,1751924994.0622168,batch_consumer-sts-0_20250707_214954_233737.csv,True,False,False,1751925135.3272393,368973.0386734009
334039,1751924766.3547108,1751924994.0866046,batch_consumer-sts-0_20250707_214954_233737.csv,True,False,False,1751925135.3272393,368972.5284576416
334049,1751924766.355109,1751924994.1105134,batch_consumer-sts-0_20250707_214954_233737.csv,True,False,False,1751925135.3272393,368972.1302986145
345659,1751924766.6759512,1751924994.1352224,batch_consumer-sts-0_20250707_214954_233737.csv,True,False,False,1751925135.3272393,368651.28803253174
345669,1751924766.676186,1751924994.159817,batch_consumer-sts-0_20250707_214954_233737.csv,True,False,False,1751925135.3272393,368651.0531902313
345679,1751924766.6765857,1751924994.1847146,batch_consumer-sts-0_20250707_214954_233737.csv,True,False,False,1751925135.3272393,368650.65360069275
345689,1751924766.6768196,1751924994.208713,batch_consumer-sts-0_20250707_214954_233737.csv,True,False,False,1751925135.3272393,368650.41971206665
345699,1751924766.677355,1751924994.5200825,batch_consumer-sts-0_20250707_215012_034710.csv,True,False,False,1751925135.3272393,368649.884223938
345709,1751924766.6775854,1751924994.5445566,batch_consumer-sts-0_20250707_215012_034710.csv,True,False,False,1751925135.3272393,368649.6539115906
345719,1751924766.6778111,1751924994.569733,batch_consumer-sts-0_20250707_215012_034710.csv,True,False,False,1751925135.3272393,368649.42812919617
345729,1751924766.678042,1751924994.5951145,batch_consumer-sts-0_20250707_215012_034710.csv,True,False,False,1751925135.3272393,368649.1973400116
345739,1751924766.6782806,1751924994.618734,batch_consumer-sts-0_20250707_215012_034710.csv,True,False,False,1751925135.3272393,368648.9586830139
345749,1751924766.6785116,1751924994.643122,batch_consumer-sts-0_20250707_215012_034710.csv,True,False,False,1751925135.3272393,368648.72765541077
345759,1751924766.6787412,1751924994.667524,batch_consumer-sts-0_20250707_215012_034710.csv,True,False,False,1751925135.3272393,368648.4980583191
345769,1751924766.6789684,1751924994.6920364,batch_consumer-sts-0_20250707_215012_034710.csv,True,False,False,1751925135.3272393,368648.2708454132
345779,1751924766.6791997,1751924994.7159767,batch_consumer-sts-0_20250707_215012_034710.csv,True,False,False,1751925135.3272393,368648.0395793915
345789,1751924766.6794343,1751924994.740492,batch_consumer-sts-0_20250707_215012_034710.csv,True,False,False,1751925135.3272393,368647.80497550964
345799,1751924766.6796813,1751924994.7656586,batch_consumer-sts-0_20250707_215012_034710.csv,True,False,False,1751925135.3272393,368647.5579738617
345809,1751924766.6799135,1751924994.7905085,batch_consumer-sts-0_20250707_215012_034710.csv,True,False,False,1751925135.3272393,368647.32575416565
345819,1751924766.6804707,1751924994.8146052,batch_consumer-sts-0_20250707_215012_034710.csv,True,False,False,1751925135.3272393,368646.7685699463
345829,1751924766.6806984,1751924994.8394167,batch_consumer-sts-0_20250707_215012_034710.csv,True,False,False,1751925135.3272393,368646.54088020325
345839,1751924766.6809256,1751924995.1104262,batch_consumer-sts-0_20250707_215012_034710.csv,True,False,False,1751925135.3272393,368646.31366729736
345849,1751924766.6811512,1751924995.134017,batch_consumer-sts-0_20250707_215012_034710.csv,True,False,False,1751925135.3272393,368646.08812332153
345859,1751924766.6813722,1751924995.1588628,batch_consumer-sts-0_20250707_215012_034710.csv,True,False,False,1751925135.3272393,368645.8671092987
345869,1751924766.6816075,1751924995.18337,batch_consumer-sts-0_20250707_215012_034710.csv,True,False,False,1751925135.3272393,368645.63179016113
345879,1751924766.6818364,1751924995.2075708,batch_consumer-sts-0_20250707_215012_034710.csv,True,False,False,1751925135.3272393,368645.4029083252
345889,1751924766.682067,1751924995.2324572,batch_consumer-sts-0_20250707_215012_034710.csv,True,False,False,1751925135.3272393,368645.1723575592
345899,1751924766.6823018,1751924995.2569475,batch_consumer-sts-0_20250707_215012_034710.csv,True,False,False,1751925135.3272393,368644.9375152588
345909,1751924766.682528,1751924995.2815166,batch_consumer-sts-0_20250707_215012_034710.csv,True,False,False,1751925135.3272393,368644.7112560272
345919,1751924766.682761,1751924995.3057578,batch_consumer-sts-0_20250707_215012_034710.csv,True,False,False,1751925135.3272393,368644.47832107544
345929,1751924766.682999,1751924995.3299255,batch_consumer-sts-0_20250707_215012_034710.csv,True,False,False,1751925135.3272393,368644.2403793335
345939,1751924766.6832316,1751924995.354703,batch_consumer-sts-0_20250707_215012_034710.csv,True,False,False,1751925135.3272393,368644.0076828003
345949,1751924766.6834602,1751924995.3792665,batch_consumer-sts-0_20250707_215012_034710.csv,True,False,False,1751925135.3272393,368643.77903938293
345959,1751924766.684162,1751924995.403164,batch_consumer-sts-0_20250707_215012_034710.csv,True,False,False,1751925135.3272393,368643.07737350464
345969,1751924766.6845534,1751924995.4284754,batch_consumer-sts-0_20250707_215012_034710.csv,True,False,False,1751925135.3272393,368642.68589019775
345979,1751924766.685063,1751924995.4531512,batch_consumer-sts-0_20250707_215012_034710.csv,True,False,False,1751925135.3272393,368642.1763896942
345989,1751924766.6852984,1751924995.4781406,batch_consumer-sts-0_20250707_215012_034710.csv,True,False,False,1751925135.3272393,368641.94083213806
345999,1751924766.6855254,1751924995.5022924,batch_consumer-sts-0_20250707_215012_034710.csv,True,False,False,1751925135.3272393,368641.71385765076
346009,1751924766.6857622,1751924995.5266883,batch_consumer-sts-0_20250707_215012_034710.csv,True,False,False,1751925135.3272393,368641.4771080017
346019,1751924766.6859903,1751924995.5985591,batch_consumer-sts-0_20250707_215012_034710.csv,True,False,False,1751925135.3272393,368641.2489414215
346029,1751924766.6862335,1751924995.6234753,batch_consumer-sts-0_20250707_215012_034710.csv,True,False,False,1751925135.3272393,368641.0057544708
346039,1751924766.6864593,1751924995.6504002,batch_consumer-sts-0_20250707_215012_034710.csv,True,False,False,1751925135.3272393,368640.7799720764
346049,1751924766.6866915,1751924995.6756134,batch_consumer-sts-0_20250707_215012_034710.csv,True,False,False,1751925135.3272393,368640.5477523804
346059,1751924766.686929,1751924995.7002947,batch_consumer-sts-0_20250707_215012_034710.csv,True,False,False,1751925135.3272393,368640.3102874756
346069,1751924766.6871653,1751924995.725566,batch_consumer-sts-0_20250707_215012_034710.csv,True,False,False,1751925135.3272393,368640.0740146637
346079,1751924766.6874003,1751924996.1549869,batch_consumer-sts-0_20250707_215012_034710.csv,True,False,False,1751925135.3272393,368639.8389339447
346089,1751924766.687637,1751924996.1797152,batch_consumer-sts-0_20250707_215012_034710.csv,True,False,False,1751925135.3272393,368639.60218429565
346099,1751924766.6878712,1751924996.204143,batch_consumer-sts-0_20250707_215012_034710.csv,True,False,False,1751925135.3272393,368639.368057251
346109,1751924766.6881104,1751924996.2285926,batch_consumer-sts-0_20250707_215012_034710.csv,True,False,False,1751925135.3272393,368639.12892341614
346119,1751924766.688351,1751924996.2533698,batch_consumer-sts-0_20250707_215012_034710.csv,True,False,False,1751925135.3272393,368638.8883590698
346129,1751924766.6885445,1751924996.2779825,batch_consumer-sts-0_20250707_215012_034710.csv,True,False,False,1751925135.3272393,368638.6947631836
346139,1751924766.688762,1751924996.301927,batch_consumer-sts-0_20250707_215012_034710.csv,True,False,False,1751925135.3272393,368638.47732543945
346149,1751924766.6889522,1751924996.326285,batch_consumer-sts-0_20250707_215012_034710.csv,True,False,False,1751925135.3272393,368638.28706741333
346159,1751924766.6891377,1751924996.3508265,batch_consumer-sts-0_20250707_215012_034710.csv,True,False,False,1751925135.3272393,368638.1015777588
346169,1751924766.6893306,1751924996.3754227,batch_consumer-sts-0_20250707_215012_034710.csv,True,False,False,1751925135.3272393,368637.9086971283
346179,1751924766.6895227,1751924996.399604,batch_consumer-sts-0_20250707_215012_034710.csv,True,False,False,1751925135.3272393,368637.71653175354
346189,1751924766.689783,1751924996.4269488,batch_consumer-sts-0_20250707_215012_034710.csv,True,False,False,1751925135.3272393,368637.45617866516
346199,1751924766.690017,1751924996.4516282,batch_consumer-sts-0_20250707_215012_034710.csv,True,False,False,1751925135.3272393,368637.22229003906
346209,1751924766.6902514,1751924996.4765315,batch_consumer-sts-0_20250707_215012_034710.csv,True,False,False,1751925135.3272393,368636.9879245758
346219,1751924766.6904802,1751924996.501502,batch_consumer-sts-0_20250707_215012_034710.csv,True,False,False,1751925135.3272393,368636.75904273987
346229,1751924766.6907113,1751924996.526611,batch_consumer-sts-0_20250707_215012_034710.csv,True,False,False,1751925135.3272393,368636.5280151367
346239,1751924766.6909463,1751924996.551602,batch_consumer-sts-0_20250707_215012_034710.csv,True,False,False,1751925135.3272393,368636.2929344177
346249,1751924766.6911733,1751924996.5763855,batch_consumer-sts-0_20250707_215012_034710.csv,True,False,False,1751925135.3272393,368636.0659599304
346259,1751924766.691415,1751924996.6007698,batch_consumer-sts-0_20250707_215012_034710.csv,True,False,False,1751925135.3272393,368635.8242034912
346269,1751924766.691969,1751924996.624923,batch_consumer-sts-0_20250707_215012_034710.csv,True,False,False,1751925135.3272393,368635.27035713196
346279,1751924766.69265,1751924996.649397,batch_consumer-sts-0_20250707_215012_034710.csv,True,False,False,1751925135.3272393,368634.58919525146
346289,1751924766.692881,1751924996.674106,batch_consumer-sts-0_20250707_215012_034710.csv,True,False,False,1751925135.3272393,368634.3581676483
346299,1751924766.6931117,1751924996.6987638,batch_consumer-sts-0_20250707_215012_034710.csv,True,False,False,1751925135.3272393,368634.1276168823
346309,1751924766.6933346,1751924996.7233288,batch_consumer-sts-0_20250707_215012_034710.csv,True,False,False,1751925135.3272393,368633.90469551086
346319,1751924766.6935608,1751924996.7483854,batch_consumer-sts-0_20250707_215012_034710.csv,True,False,False,1751925135.3272393,368633.6784362793
346329,1751924766.6937976,1751924996.7733512,batch_consumer-sts-0_20250707_215012_034710.csv,True,False,False,1751925135.3272393,368633.44168663025
346339,1751924766.6940272,1751924996.7979767,batch_consumer-sts-0_20250707_215012_034710.csv,True,False,False,1751925135.3272393,368633.2120895386
346349,1751924766.6942637,1751924996.8222764,batch_consumer-sts-0_20250707_215012_034710.csv,True,False,False,1751925135.3272393,368632.9755783081
346359,1751924766.6945024,1751924996.8470843,batch_consumer-sts-0_20250707_215012_034710.csv,True,False,False,1751925135.3272393,368632.7369213104
346369,1751924766.6947367,1751924996.8722465,batch_consumer-sts-0_20250707_215012_034710.csv,True,False,False,1751925135.3272393,368632.50255584717
346379,1751924766.694969,1751924996.8975177,batch_consumer-sts-0_20250707_215012_034710.csv,True,False,False,1751925135.3272393,368632.2703361511
346389,1751924766.6951954,1751924996.9226592,batch_consumer-sts-0_20250707_215012_034710.csv,True,False,False,1751925135.3272393,368632.043838501
346399,1751924766.695433,1751924996.9476202,batch_consumer-sts-0_20250707_215012_034710.csv,True,False,False,1751925135.3272393,368631.8063735962
346409,1751924766.6956716,1751924996.972576,batch_consumer-sts-0_20250707_215012_034710.csv,True,False,False,1751925135.3272393,368631.5677165985
346419,1751924766.6959145,1751924997.000077,batch_consumer-sts-0_20250707_215012_034710.csv,True,False,False,1751925135.3272393,368631.3247680664
346429,1751924766.6961482,1751924997.0249622,batch_consumer-sts-0_20250707_215012_034710.csv,True,False,False,1751925135.3272393,368631.0911178589
346439,1751924766.696388,1751924997.050359,batch_consumer-sts-0_20250707_215012_034710.csv,True,False,False,1751925135.3272393,368630.8512687683
346449,1751924766.6966152,1751924997.0752876,batch_consumer-sts-0_20250707_215012_034710.csv,True,False,False,1751925135.3272393,368630.6240558624
346459,1751924766.6974616,1751924997.1004407,batch_consumer-sts-0_20250707_215012_034710.csv,True,False,False,1751925135.3272393,368629.7776699066
346469,1751924766.697984,1751924997.1259196,batch_consumer-sts-0_20250707_215012_034710.csv,True,False,False,1751925135.3272393,368629.2552947998
346479,1751924766.6986785,1751924997.1515796,batch_consumer-sts-0_20250707_215012_034710.csv,True,False,False,1751925135.3272393,368628.5607814789
346489,1751924766.6989062,1751924997.176821,batch_consumer-sts-0_20250707_215012_034710.csv,True,False,False,1751925135.3272393,368628.33309173584
346499,1751924766.699732,1751924997.201871,batch_consumer-sts-0_20250707_215012_034710.csv,True,False,False,1751925135.3272393,368627.50720977783
346509,1751924766.6999614,1751924997.2276368,batch_consumer-sts-0_20250707_215012_034710.csv,True,False,False,1751925135.3272393,368627.27785110474
346519,1751924766.7001922,1751924997.253536,batch_consumer-sts-0_20250707_215012_034710.csv,True,False,False,1751925135.3272393,368627.04706192017
346529,1751924766.7004197,1751924997.279039,batch_consumer-sts-0_20250707_215012_034710.csv,True,False,False,1751925135.3272393,368626.8196105957
346539,1751924766.7007985,1751924997.303316,batch_consumer-sts-0_20250707_215012_034710.csv,True,False,False,1751925135.3272393,368626.4407634735
346549,1751924766.7011502,1751924997.3285737,batch_consumer-sts-0_20250707_215012_034710.csv,True,False,False,1751925135.3272393,368626.08909606934
346559,1751924766.7013874,1751924997.354103,batch_consumer-sts-0_20250707_215012_034710.csv,True,False,False,1751925135.3272393,368625.85186958313
346569,1751924766.701618,1751924997.3794963,batch_consumer-sts-0_20250707_215012_034710.csv,True,False,False,1751925135.3272393,368625.62131881714
346579,1751924766.7018452,1751924997.4050815,batch_consumer-sts-0_20250707_215012_034710.csv,True,False,False,1751925135.3272393,368625.39410591125
346589,1751924766.7020755,1751924997.430902,batch_consumer-sts-0_20250707_215012_034710.csv,True,False,False,1751925135.3272393,368625.16379356384
346599,1751924766.7023094,1751924997.4562874,batch_consumer-sts-0_20250707_215012_034710.csv,True,False,False,1751925135.3272393,368624.92990493774
346609,1751924766.702536,1751924997.481568,batch_consumer-sts-0_20250707_215012_034710.csv,True,False,False,1751925135.3272393,368624.703168869
346619,1751924766.702761,1751924997.5067198,batch_consumer-sts-0_20250707_215012_034710.csv,True,False,False,1751925135.3272393,368624.4783401489
346629,1751924766.703011,1751924997.5318356,batch_consumer-sts-0_20250707_215012_034710.csv,True,False,False,1751925135.3272393,368624.22823905945
346639,1751924766.7032452,1751924997.556822,batch_consumer-sts-0_20250707_215012_034710.csv,True,False,False,1751925135.3272393,368623.99411201477
346649,1751924766.7034664,1751924997.5833762,batch_consumer-sts-0_20250707_215012_034710.csv,True,False,False,1751925135.3272393,368623.77285957336
346659,1751924766.703664,1751924997.6102655,batch_consumer-sts-0_20250707_215012_034710.csv,True,False,False,1751925135.3272393,368623.5752105713
346669,1751924766.7038643,1751924997.6362395,batch_consumer-sts-0_20250707_215012_034710.csv,True,False,False,1751925135.3272393,368623.37493896484
346679,1751924766.704202,1751924997.6615598,batch_consumer-sts-0_20250707_215012_034710.csv,True,False,False,1751925135.3272393,368623.03733825684
346689,1751924766.704393,1751924997.6872125,batch_consumer-sts-0_20250707_215012_034710.csv,True,False,False,1751925135.3272393,368622.846364975
346699,1751924766.7045836,1751924997.712513,batch_consumer-sts-0_20250707_215012_034710.csv,True,False,False,1751925135.3272393,368622.6556301117
346709,1751924766.704805,1751924997.7377398,batch_consumer-sts-0_20250707_215012_034710.csv,True,False,False,1751925135.3272393,368622.4343776703
346719,1751924766.7050538,1751924997.7634606,batch_consumer-sts-0_20250707_215012_034710.csv,True,False,False,1751925135.3272393,368622.1854686737
346729,1751924766.7052815,1751924997.7890005,batch_consumer-sts-0_20250707_215012_034710.csv,True,False,False,1751925135.3272393,368621.95777893066
346739,1751924766.705513,1751924997.8144326,batch_consumer-sts-0_20250707_215012_034710.csv,True,False,False,1751925135.3272393,368621.72627449036
346749,1751924766.7057471,1751924997.8400593,batch_consumer-sts-0_20250707_215012_034710.csv,True,False,False,1751925135.3272393,368621.4921474457
346759,1751924766.7059836,1751924997.8643112,batch_consumer-sts-0_20250707_215012_034710.csv,True,False,False,1751925135.3272393,368621.2556362152
346769,1751924766.706223,1751924997.889746,batch_consumer-sts-0_20250707_215012_034710.csv,True,False,False,1751925135.3272393,368621.0162639618
346779,1751924766.706466,1751924997.9143682,batch_consumer-sts-0_20250707_215012_034710.csv,True,False,False,1751925135.3272393,368620.7733154297
346789,1751924766.706699,1751924997.9395075,batch_consumer-sts-0_20250707_215012_034710.csv,True,False,False,1751925135.3272393,368620.5403804779
346799,1751924766.7069347,1751924997.964868,batch_consumer-sts-0_20250707_215012_034710.csv,True,False,False,1751925135.3272393,368620.3045845032
346809,1751924766.707172,1751924997.9899068,batch_consumer-sts-0_20250707_215012_034710.csv,True,False,False,1751925135.3272393,368620.06735801697
346819,1751924766.7074103,1751924998.0146818,batch_consumer-sts-0_20250707_215012_034710.csv,True,False,False,1751925135.3272393,368619.82893943787
346829,1751924766.7076457,1751924998.0395246,batch_consumer-sts-0_20250707_215012_034710.csv,True,False,False,1751925135.3272393,368619.5936203003
346839,1751924766.7078843,1751924998.0648394,batch_consumer-sts-0_20250707_215012_034710.csv,True,False,False,1751925135.3272393,368619.3549633026
346849,1751924766.7081215,1751924998.0910892,batch_consumer-sts-0_20250707_215012_034710.csv,True,False,False,1751925135.3272393,368619.1177368164
346859,1751924766.708356,1751924998.1146207,batch_consumer-sts-0_20250707_215012_034710.csv,True,False,False,1751925135.3272393,368618.88337135315
346869,1751924766.7086008,1751924998.1395824,batch_consumer-sts-0_20250707_215012_034710.csv,True,False,False,1751925135.3272393,368618.6385154724
346879,1751924766.7088387,1751924998.1647947,batch_consumer-sts-0_20250707_215012_034710.csv,True,False,False,1751925135.3272393,368618.40057373047
346889,1751924766.7090654,1751924998.1899028,batch_consumer-sts-0_20250707_215012_034710.csv,True,False,False,1751925135.3272393,368618.17383766174
346899,1751924766.7092934,1751924999.2164693,batch_consumer-sts-0_20250707_215012_034710.csv,True,False,False,1751925135.3272393,368617.9459095001
346909,1751924766.709534,1751924999.2417948,batch_consumer-sts-0_20250707_215012_034710.csv,True,False,False,1751925135.3272393,368617.7053451538
346919,1751924766.7097712,1751924999.2667785,batch_consumer-sts-0_20250707_215012_034710.csv,True,False,False,1751925135.3272393,368617.4681186676
346929,1751924766.710013,1751924999.2921014,batch_consumer-sts-0_20250707_215012_034710.csv,True,False,False,1751925135.3272393,368617.2263622284
346939,1751924766.7102475,1751924999.3168986,batch_consumer-sts-0_20250707_215012_034710.csv,True,False,False,1751925135.3272393,368616.99175834656
346949,1751924766.7104828,1751924999.342182,batch_consumer-sts-0_20250707_215012_034710.csv,True,False,False,1751925135.3272393,368616.756439209
346959,1751924766.7107182,1751924999.3672686,batch_consumer-sts-0_20250707_215012_034710.csv,True,False,False,1751925135.3272393,368616.5211200714
346969,1751924766.710958,1751924999.3925076,batch_consumer-sts-0_20250707_215012_034710.csv,True,False,False,1751925135.3272393,368616.28127098083
346979,1751924766.7111895,1751924999.4190457,batch_consumer-sts-0_20250707_215012_034710.csv,True,False,False,1751925135.3272393,368616.0497665405
346989,1751924766.7114184,1751924999.4435215,batch_consumer-sts-0_20250707_215012_034710.csv,True,False,False,1751925135.3272393,368615.8208847046
346999,1751924766.71165,1751924999.468976,batch_consumer-sts-0_20250707_215012_034710.csv,True,False,False,1751925135.3272393,368615.5893802643
347009,1751924766.7118814,1751924999.4941006,batch_consumer-sts-0_20250707_215012_034710.csv,True,False,False,1751925135.3272393,368615.357875824
347019,1751924766.712113,1751924999.5180297,batch_consumer-sts-0_20250707_215012_034710.csv,True,False,False,1751925135.3272393,368615.12637138367
347029,1751924766.712352,1751924999.5434542,batch_consumer-sts-0_20250707_215012_034710.csv,True,False,False,1751925135.3272393,368614.8872375488
347039,1751924766.71265,1751924999.5684164,batch_consumer-sts-0_20250707_215012_034710.csv,True,False,False,1751925135.3272393,368614.58921432495
347049,1751924766.7128868,1751924999.5937634,batch_consumer-sts-0_20250707_215012_034710.csv,True,False,False,1751925135.3272393,368614.3524646759
347059,1751924766.713122,1751924999.6186152,batch_consumer-sts-0_20250707_215012_034710.csv,True,False,False,1751925135.3272393,368614.1173839569
347069,1751924766.7133577,1751924999.6448083,batch_consumer-sts-0_20250707_215012_034710.csv,True,False,False,1751925135.3272393,368613.8815879822
347079,1751924766.7135985,1751924999.670318,batch_consumer-sts-0_20250707_215012_034710.csv,True,False,False,1751925135.3272393,368613.6407852173
347089,1751924766.7138312,1751924999.6951509,batch_consumer-sts-0_20250707_215012_034710.csv,True,False,False,1751925135.3272393,368613.4080886841
347099,1751924766.7140672,1751924999.720024,batch_consumer-sts-0_20250707_215012_034710.csv,True,False,False,1751925135.3272393,368613.1720542908
347109,1751924766.7143128,1751924999.7445192,batch_consumer-sts-0_20250707_215012_034710.csv,True,False,False,1751925135.3272393,368612.9264831543
347119,1751924766.7145536,1751924999.7698405,batch_consumer-sts-0_20250707_215012_034710.csv,True,False,False,1751925135.3272393,368612.6856803894
347129,1751924766.7147875,1751924999.795084,batch_consumer-sts-0_20250707_215012_034710.csv,True,False,False,1751925135.3272393,368612.4517917633
347139,1751924766.7150214,1751924999.8197677,batch_consumer-sts-0_20250707_215012_034710.csv,True,False,False,1751925135.3272393,368612.2179031372
347149,1751924766.7152553,1751924999.8449483,batch_consumer-sts-0_20250707_215012_034710.csv,True,False,False,1751925135.3272393,368611.9840145111
347159,1751924766.7155013,1751924999.8702714,batch_consumer-sts-0_20250707_215012_034710.csv,True,False,False,1751925135.3272393,368611.7379665375
347169,1751924766.7157326,1751924999.8957164,batch_consumer-sts-0_20250707_215012_034710.csv,True,False,False,1751925135.3272393,368611.50670051575
354969,1751924766.9171178,1751924999.9213147,batch_consumer-sts-0_20250707_215012_034710.csv,True,False,False,1751925135.3272393,368410.12144088745
354979,1751924766.9173875,1751924999.9470537,batch_consumer-sts-0_20250707_215012_034710.csv,True,False,False,1751925135.3272393,368409.8517894745
354989,1751924766.9175742,1751924999.972581,batch_consumer-sts-0_20250707_215012_034710.csv,True,False,False,1751925135.3272393,368409.66510772705
354999,1751924766.917765,1751924999.9977422,batch_consumer-sts-0_20250707_215012_034710.csv,True,False,False,1751925135.3272393,368409.47437286377
355009,1751924766.9179485,1751925000.022755,batch_consumer-sts-0_20250707_215012_034710.csv,True,False,False,1751925135.3272393,368409.29079055786
355019,1751924766.918136,1751925000.0483124,batch_consumer-sts-0_20250707_215012_034710.csv,True,False,False,1751925135.3272393,368409.1033935547
355029,1751924766.9183843,1751925000.0735686,batch_consumer-sts-0_20250707_215012_034710.csv,True,False,False,1751925135.3272393,368408.85496139526
355039,1751924766.9186225,1751925000.0992565,batch_consumer-sts-0_20250707_215012_034710.csv,True,False,False,1751925135.3272393,368408.61678123474
355049,1751924766.9188588,1751925000.1242976,batch_consumer-sts-0_20250707_215012_034710.csv,True,False,False,1751925135.3272393,368408.38050842285
355059,1751924766.9190896,1751925000.1494567,batch_consumer-sts-0_20250707_215012_034710.csv,True,False,False,1751925135.3272393,368408.1497192383
355069,1751924766.919326,1751925000.1748583,batch_consumer-sts-0_20250707_215012_034710.csv,True,False,False,1751925135.3272393,368407.9132080078
355079,1751924766.9195666,1751925000.2001202,batch_consumer-sts-0_20250707_215012_034710.csv,True,False,False,1751925135.3272393,368407.6726436615
355089,1751924766.919816,1751925000.224987,batch_consumer-sts-0_20250707_215012_034710.csv,True,False,False,1751925135.3272393,368407.42325782776
355099,1751924766.92005,1751925000.2502294,batch_consumer-sts-0_20250707_215012_034710.csv,True,False,False,1751925135.3272393,368407.18936920166
355109,1751924766.920289,1751925000.2740064,batch_consumer-sts-0_20250707_215012_034710.csv,True,False,False,1751925135.3272393,368406.9502353668
355119,1751924766.92053,1751925000.2991917,batch_consumer-sts-0_20250707_215012_034710.csv,True,False,False,1751925135.3272393,368406.70919418335
355129,1751924766.9207628,1751925000.323245,batch_consumer-sts-0_20250707_215012_034710.csv,True,False,False,1751925135.3272393,368406.47649765015
355139,1751924766.9209943,1751925000.3488162,batch_consumer-sts-0_20250707_215012_034710.csv,True,False,False,1751925135.3272393,368406.24499320984
355149,1751924766.9212232,1751925000.3741026,batch_consumer-sts-0_20250707_215012_034710.csv,True,False,False,1751925135.3272393,368406.0161113739
355159,1751924766.9214568,1751925000.3993318,batch_consumer-sts-0_20250707_215012_034710.csv,True,False,False,1751925135.3272393,368405.7824611664
355169,1751924766.921693,1751925000.4244823,batch_consumer-sts-0_20250707_215012_034710.csv,True,False,False,1751925135.3272393,368405.5461883545
355179,1751924766.9219253,1751925000.4500103,batch_consumer-sts-0_20250707_215012_034710.csv,True,False,False,1751925135.3272393,368405.31396865845
355189,1751924766.9223597,1751925000.475444,batch_consumer-sts-0_20250707_215012_034710.csv,True,False,False,1751925135.3272393,368404.8795700073
355199,1751924766.9225864,1751925000.501205,batch_consumer-sts-0_20250707_215012_034710.csv,True,False,False,1751925135.3272393,368404.6528339386
355209,1751924766.9228122,1751925000.5251558,batch_consumer-sts-0_20250707_215012_034710.csv,True,False,False,1751925135.3272393,368404.4270515442
355219,1751924766.9230416,1751925000.5506296,batch_consumer-sts-0_20250707_215012_034710.csv,True,False,False,1751925135.3272393,368404.1976928711
355229,1751924766.9232686,1751925000.5756536,batch_consumer-sts-0_20250707_215012_034710.csv,True,False,False,1751925135.3272393,368403.9707183838
355239,1751924766.9235115,1751925000.600414,batch_consumer-sts-0_20250707_215012_034710.csv,True,False,False,1751925135.3272393,368403.7277698517
355249,1751924766.9237416,1751925000.6259356,batch_consumer-sts-0_20250707_215012_034710.csv,True,False,False,1751925135.3272393,368403.49769592285
355259,1751924766.9239671,1751925000.651234,batch_consumer-sts-0_20250707_215012_034710.csv,True,False,False,1751925135.3272393,368403.272151947
355269,1751924766.9241936,1751925000.713297,batch_consumer-sts-0_20250707_215012_034710.csv,True,False,False,1751925135.3272393,368403.0456542969
355279,1751924766.9244318,1751925000.7388964,batch_consumer-sts-0_20250707_215012_034710.csv,True,False,False,1751925135.3272393,368402.80747413635
355289,1751924766.924665,1751925000.764077,batch_consumer-sts-0_20250707_215012_034710.csv,True,False,False,1751925135.3272393,368402.574300766
355299,1751924766.924898,1751925000.7887745,batch_consumer-sts-0_20250707_215012_034710.csv,True,False,False,1751925135.3272393,368402.3413658142
355309,1751924766.9251318,1751925000.8135884,batch_consumer-sts-0_20250707_215012_034710.csv,True,False,False,1751925135.3272393,368402.1074771881
355319,1751924766.9257193,1751925000.838353,batch_consumer-sts-0_20250707_215012_034710.csv,True,False,False,1751925135.3272393,368401.5200138092
355329,1751924766.9259448,1751925000.863334,batch_consumer-sts-0_20250707_215012_034710.csv,True,False,False,1751925135.3272393,368401.2944698334
355339,1751924766.9261827,1751925000.8883755,batch_consumer-sts-0_20250707_215012_034710.csv,True,False,False,1751925135.3272393,368401.05652809143
355349,1751924766.9264128,1751925000.9134266,batch_consumer-sts-0_20250707_215012_034710.csv,True,False,False,1751925135.3272393,368400.8264541626
355359,1751924766.9268105,1751925000.93859,batch_consumer-sts-0_20250707_215012_034710.csv,True,False,False,1751925135.3272393,368400.42877197266
355369,1751924766.9270363,1751925000.963964,batch_consumer-sts-0_20250707_215012_034710.csv,True,False,False,1751925135.3272393,368400.20298957825
355379,1751924766.9272606,1751925000.9888637,batch_consumer-sts-0_20250707_215012_034710.csv,True,False,False,1751925135.3272393,368399.9786376953
355389,1751924766.927487,1751925001.0135503,batch_consumer-sts-0_20250707_215012_034710.csv,True,False,False,1751925135.3272393,368399.75237846375
355399,1751924766.9277103,1751925001.038408,batch_consumer-sts-0_20250707_215012_034710.csv,True,False,False,1751925135.3272393,368399.5289802551
355409,1751924766.9279356,1751925001.063481,batch_consumer-sts-0_20250707_215012_034710.csv,True,False,False,1751925135.3272393,368399.3036746979
355419,1751924766.9281642,1751925001.0883932,batch_consumer-sts-0_20250707_215012_034710.csv,True,False,False,1751925135.3272393,368399.0750312805
355429,1751924766.9283924,1751925001.1132762,batch_consumer-sts-0_20250707_215012_034710.csv,True,False,False,1751925135.3272393,368398.8468647003
355439,1751924766.9286177,1751925001.137616,batch_consumer-sts-0_20250707_215012_034710.csv,True,False,False,1751925135.3272393,368398.62155914307
355449,1751924766.928851,1751925001.162837,batch_consumer-sts-0_20250707_215012_034710.csv,True,False,False,1751925135.3272393,368398.3883857727
355459,1751924766.9290824,1751925001.227049,batch_consumer-sts-0_20250707_215012_034710.csv,True,False,False,1751925135.3272393,368398.1568813324
355469,1751924766.9298737,1751925001.252467,batch_consumer-sts-0_20250707_215012_034710.csv,True,False,False,1751925135.3272393,368397.36557006836
355479,1751924766.9300675,1751925001.2776604,batch_consumer-sts-0_20250707_215012_034710.csv,True,False,False,1751925135.3272393,368397.17173576355
355489,1751924766.930294,1751925001.3031993,batch_consumer-sts-0_20250707_215012_034710.csv,True,False,False,1751925135.3272393,368396.9452381134
355499,1751924766.9305184,1751925001.3276546,batch_consumer-sts-0_20250707_215012_034710.csv,True,False,False,1751925135.3272393,368396.72088623047
355509,1751924766.9307497,1751925001.3530982,batch_consumer-sts-0_20250707_215012_034710.csv,True,False,False,1751925135.3272393,368396.48962020874
355519,1751924766.9309745,1751925001.3786805,batch_consumer-sts-0_20250707_215012_034710.csv,True,False,False,1751925135.3272393,368396.26479148865
355529,1751924766.9312074,1751925001.404054,batch_consumer-sts-0_20250707_215012_034710.csv,True,False,False,1751925135.3272393,368396.03185653687
355539,1751924766.9314573,1751925001.4297943,batch_consumer-sts-0_20250707_215012_034710.csv,True,False,False,1751925135.3272393,368395.78199386597
355549,1751924766.9316363,1751925001.4556117,batch_consumer-sts-0_20250707_215012_034710.csv,True,False,False,1751925135.3272393,368395.60294151306
355559,1751924766.9320982,1751925001.7391567,batch_consumer-sts-0_20250707_215012_034710.csv,True,False,False,1751925135.3272393,368395.14112472534
355569,1751924766.932576,1751925001.7645698,batch_consumer-sts-0_20250707_215012_034710.csv,True,False,False,1751925135.3272393,368394.6633338928
355579,1751924766.9336486,1751925001.7898157,batch_consumer-sts-0_20250707_215012_034710.csv,True,False,False,1751925135.3272393,368393.59068870544
355589,1751924766.933882,1751925001.814436,batch_consumer-sts-0_20250707_215012_034710.csv,True,False,False,1751925135.3272393,368393.3572769165
355599,1751924766.934111,1751925001.8395257,batch_consumer-sts-0_20250707_215012_034710.csv,True,False,False,1751925135.3272393,368393.128156662
355609,1751924766.934342,1751925001.8645031,batch_consumer-sts-0_20250707_215012_034710.csv,True,False,False,1751925135.3272393,368392.8973674774
355619,1751924766.9345665,1751925001.8893723,batch_consumer-sts-0_20250707_215012_034710.csv,True,False,False,1751925135.3272393,368392.6727771759
355629,1751924766.9347963,1751925001.914564,batch_consumer-sts-0_20250707_215012_034710.csv,True,False,False,1751925135.3272393,368392.44294166565
355639,1751924766.9350238,1751925001.9396954,batch_consumer-sts-0_20250707_215012_034710.csv,True,False,False,1751925135.3272393,368392.2154903412
355649,1751924766.935254,1751925001.964813,batch_consumer-sts-0_20250707_215012_034710.csv,True,False,False,1751925135.3272393,368391.9851779938
355659,1751924766.9354813,1751925001.989577,batch_consumer-sts-0_20250707_215012_034710.csv,True,False,False,1751925135.3272393,368391.7579650879
355669,1751924766.9357138,1751925002.014165,batch_consumer-sts-0_20250707_215012_034710.csv,True,False,False,1751925135.3272393,368391.52550697327
355679,1751924766.9359417,1751925002.0391383,batch_consumer-sts-0_20250707_215012_034710.csv,True,False,False,1751925135.3272393,368391.29757881165
355689,1751924766.9361656,1751925002.0639622,batch_consumer-sts-0_20250707_215012_034710.csv,True,False,False,1751925135.3272393,368391.07370376587
355699,1751924766.9363947,1751925002.0887892,batch_consumer-sts-0_20250707_215012_034710.csv,True,False,False,1751925135.3272393,368390.84458351135
355709,1751924766.9366293,1751925002.1133654,batch_consumer-sts-0_20250707_215012_034710.csv,True,False,False,1751925135.3272393,368390.6099796295
355719,1751924766.9368582,1751925002.13838,batch_consumer-sts-0_20250707_215012_034710.csv,True,False,False,1751925135.3272393,368390.3810977936
355729,1751924766.9370902,1751925002.1649022,batch_consumer-sts-0_20250707_215012_034710.csv,True,False,False,1751925135.3272393,368390.1491165161
355739,1751924766.937333,1751925002.1899266,batch_consumer-sts-0_20250707_215012_034710.csv,True,False,False,1751925135.3272393,368389.906167984
355749,1751924766.9375682,1751925002.2147582,batch_consumer-sts-0_20250707_215012_034710.csv,True,False,False,1751925135.3272393,368389.671087265
355759,1751924766.9378047,1751925002.2396188,batch_consumer-sts-0_20250707_215012_034710.csv,True,False,False,1751925135.3272393,368389.43457603455
355769,1751924766.9380395,1751925002.264864,batch_consumer-sts-0_20250707_215012_034710.csv,True,False,False,1751925135.3272393,368389.19973373413
355779,1751924766.938366,1751925002.2899506,batch_consumer-sts-0_20250707_215012_034710.csv,True,False,False,1751925135.3272393,368388.87333869934
355789,1751924766.9386113,1751925002.3145585,batch_consumer-sts-0_20250707_215012_034710.csv,True,False,False,1751925135.3272393,368388.62800598145
355799,1751924766.9388523,1751925002.340068,batch_consumer-sts-0_20250707_215012_034710.csv,True,False,False,1751925135.3272393,368388.386964798
355809,1751924766.9390955,1751925002.3654947,batch_consumer-sts-0_20250707_215012_034710.csv,True,False,False,1751925135.3272393,368388.1437778473
355819,1751924766.939793,1751925002.390942,batch_consumer-sts-0_20250707_215012_034710.csv,True,False,False,1751925135.3272393,368387.44616508484
355829,1751924766.940019,1751925002.4160948,batch_consumer-sts-0_20250707_215012_034710.csv,True,False,False,1751925135.3272393,368387.22038269043
355839,1751924766.940246,1751925002.441381,batch_consumer-sts-0_20250707_215012_034710.csv,True,False,False,1751925135.3272393,368386.99316978455
355849,1751924766.9404745,1751925002.4668868,batch_consumer-sts-0_20250707_215012_034710.csv,True,False,False,1751925135.3272393,368386.76476478577
355859,1751924766.9407043,1751925002.4920914,batch_consumer-sts-0_20250707_215012_034710.csv,True,False,False,1751925135.3272393,368386.5349292755
355869,1751924766.940936,1751925002.5165515,batch_consumer-sts-0_20250707_215012_034710.csv,True,False,False,1751925135.3272393,368386.3031864166
355879,1751924766.9411647,1751925002.541818,batch_consumer-sts-0_20250707_215012_034710.csv,True,False,False,1751925135.3272393,368386.07454299927
355889,1751924766.9415572,1751925002.567418,batch_consumer-sts-0_20250707_215012_034710.csv,True,False,False,1751925135.3272393,368385.68210601807
355899,1751924766.9417982,1751925002.592247,batch_consumer-sts-0_20250707_215012_034710.csv,True,False,False,1751925135.3272393,368385.4410648346
355909,1751924766.9420304,1751925002.6187148,batch_consumer-sts-0_20250707_215012_034710.csv,True,False,False,1751925135.3272393,368385.20884513855
355919,1751924766.9422772,1751925002.6435852,batch_consumer-sts-0_20250707_215012_034710.csv,True,False,False,1751925135.3272393,368384.9620819092
355929,1751924766.9425075,1751925002.6684897,batch_consumer-sts-0_20250707_215012_034710.csv,True,False,False,1751925135.3272393,368384.73176956177
355939,1751924766.942736,1751925002.6934848,batch_consumer-sts-0_20250707_215012_034710.csv,True,False,False,1751925135.3272393,368384.503364563
355949,1751924766.942965,1751925002.7179987,batch_consumer-sts-0_20250707_215012_034710.csv,True,False,False,1751925135.3272393,368384.2742443085
355959,1751924766.943197,1751925002.7427406,batch_consumer-sts-0_20250707_215012_034710.csv,True,False,False,1751925135.3272393,368384.042263031
355969,1751924766.9434376,1751925002.7676272,batch_consumer-sts-0_20250707_215012_034710.csv,True,False,False,1751925135.3272393,368383.8016986847
355979,1751924766.943633,1751925002.7926624,batch_consumer-sts-0_20250707_215012_034710.csv,True,False,False,1751925135.3272393,368383.6061954498
355989,1751924766.943825,1751925002.817204,batch_consumer-sts-0_20250707_215012_034710.csv,True,False,False,1751925135.3272393,368383.41426849365
355999,1751924766.9440105,1751925002.8414893,batch_consumer-sts-0_20250707_215012_034710.csv,True,False,False,1751925135.3272393,368383.2287788391
356009,1751924766.9442115,1751925002.8694572,batch_consumer-sts-0_20250707_215012_034710.csv,True,False,False,1751925135.3272393,368383.0277919769
356019,1751924766.9444292,1751925002.894632,batch_consumer-sts-0_20250707_215012_034710.csv,True,False,False,1751925135.3272393,368382.8101158142
356029,1751924766.9448118,1751925002.9196277,batch_consumer-sts-0_20250707_215012_034710.csv,True,False,False,1751925135.3272393,368382.42745399475
356039,1751924766.945006,1751925002.9446485,batch_consumer-sts-0_20250707_215012_034710.csv,True,False,False,1751925135.3272393,368382.23338127136
356049,1751924766.945199,1751925002.970036,batch_consumer-sts-0_20250707_215012_034710.csv,True,False,False,1751925135.3272393,368382.0402622223
356059,1751924766.945515,1751925002.9953008,batch_consumer-sts-0_20250707_215012_034710.csv,True,False,False,1751925135.3272393,368381.724357605
356069,1751924766.9457324,1751925003.0203831,batch_consumer-sts-0_20250707_215012_034710.csv,True,False,False,1751925135.3272393,368381.50691986084
356079,1751924766.945965,1751925003.0452907,batch_consumer-sts-0_20250707_215012_034710.csv,True,False,False,1751925135.3272393,368381.27422332764
356089,1751924766.9463494,1751925003.07521,batch_consumer-sts-0_20250707_215012_034710.csv,True,False,False,1751925135.3272393,368380.8898925781
356099,1751924766.9465933,1751925003.1003911,batch_consumer-sts-0_20250707_215012_034710.csv,True,False,False,1751925135.3272393,368380.6459903717
356109,1751924766.9468205,1751925003.1297257,batch_consumer-sts-0_20250707_215012_034710.csv,True,False,False,1751925135.3272393,368380.4187774658
356119,1751924766.9473531,1751925003.1547532,batch_consumer-sts-0_20250707_215012_034710.csv,True,False,False,1751925135.3272393,368379.8861503601
356129,1751924766.9484358,1751925003.1798496,batch_consumer-sts-0_20250707_215012_034710.csv,True,False,False,1751925135.3272393,368378.8034915924
356139,1751924766.94866,1751925003.2047522,batch_consumer-sts-0_20250707_215012_034710.csv,True,False,False,1751925135.3272393,368378.57937812805
356149,1751924766.9488866,1751925003.229952,batch_consumer-sts-0_20250707_215012_034710.csv,True,False,False,1751925135.3272393,368378.3526420593
356159,1751924766.949115,1751925003.2549615,batch_consumer-sts-0_20250707_215012_034710.csv,True,False,False,1751925135.3272393,368378.12423706055
356169,1751924766.9493432,1751925003.280121,batch_consumer-sts-0_20250707_215012_034710.csv,True,False,False,1751925135.3272393,368377.89607048035
356179,1751924766.9495652,1751925003.3053107,batch_consumer-sts-0_20250707_215012_034710.csv,True,False,False,1751925135.3272393,368377.6741027832
356189,1751924766.949792,1751925003.3304636,batch_consumer-sts-0_20250707_215012_034710.csv,True,False,False,1751925135.3272393,368377.4473667145
356199,1751924766.950021,1751925003.3554945,batch_consumer-sts-0_20250707_215012_034710.csv,True,False,False,1751925135.3272393,368377.21824645996
356209,1751924766.9502594,1751925003.3806117,batch_consumer-sts-0_20250707_215012_034710.csv,True,False,False,1751925135.3272393,368376.97982788086
356219,1751924766.9504814,1751925003.4056206,batch_consumer-sts-0_20250707_215012_034710.csv,True,False,False,1751925135.3272393,368376.7578601837
356229,1751924766.950709,1751925003.4306474,batch_consumer-sts-0_20250707_215012_034710.csv,True,False,False,1751925135.3272393,368376.5301704407
356239,1751924766.950936,1751925003.4553666,batch_consumer-sts-0_20250707_215012_034710.csv,True,False,False,1751925135.3272393,368376.30319595337
356249,1751924766.951172,1751925003.9419756,batch_consumer-sts-0_20250707_215012_034710.csv,True,False,False,1751925135.3272393,368376.06716156006
356259,1751924766.9514072,1751925003.9672918,batch_consumer-sts-0_20250707_215012_034710.csv,True,False,False,1751925135.3272393,368375.83208084106
356269,1751924766.9519303,1751925003.992005,batch_consumer-sts-0_20250707_215012_034710.csv,True,False,False,1751925135.3272393,368375.3089904785
356279,1751924766.9524355,1751925004.015931,batch_consumer-sts-0_20250707_215012_034710.csv,True,False,False,1751925135.3272393,368374.8037815094
356289,1751924766.952657,1751925005.042151,batch_consumer-sts-0_20250707_215012_034710.csv,True,False,False,1751925135.3272393,368374.5822906494
356299,1751924766.9528892,1751925005.0660665,batch_consumer-sts-0_20250707_215012_034710.csv,True,False,False,1751925135.3272393,368374.35007095337
356309,1751924766.953124,1751925005.0908148,batch_consumer-sts-0_20250707_215012_034710.csv,True,False,False,1751925135.3272393,368374.11522865295
356319,1751924766.953359,1751925005.1150267,batch_consumer-sts-0_20250707_215012_034710.csv,True,False,False,1751925135.3272393,368373.88038635254
356329,1751924766.9535892,1751925005.1397138,batch_consumer-sts-0_20250707_215012_034710.csv,True,False,False,1751925135.3272393,368373.6500740051
356339,1751924766.9538257,1751925005.1643438,batch_consumer-sts-0_20250707_215012_034710.csv,True,False,False,1751925135.3272393,368373.41356277466
356349,1751924766.9540498,1751925005.1878655,batch_consumer-sts-0_20250707_215012_034710.csv,True,False,False,1751925135.3272393,368373.1894493103
356359,1751924766.9542887,1751925005.2118008,batch_consumer-sts-0_20250707_215012_034710.csv,True,False,False,1751925135.3272393,368372.95055389404
356369,1751924766.9545195,1751925005.2363205,batch_consumer-sts-0_20250707_215012_034710.csv,True,False,False,1751925135.3272393,368372.7197647095
356379,1751924766.9547486,1751925005.2611794,batch_consumer-sts-0_20250707_215012_034710.csv,True,False,False,1751925135.3272393,368372.49064445496
356389,1751924766.954975,1751925005.2855551,batch_consumer-sts-0_20250707_215012_034710.csv,True,False,False,1751925135.3272393,368372.2643852234
356399,1751924766.9552052,1751925005.309828,batch_consumer-sts-0_20250707_215012_034710.csv,True,False,False,1751925135.3272393,368372.034072876
356409,1751924766.9563208,1751925005.3341088,batch_consumer-sts-0_20250707_215012_034710.csv,True,False,False,1751925135.3272393,368370.91851234436
356419,1751924766.9565146,1751925005.3586383,batch_consumer-sts-0_20250707_215012_034710.csv,True,False,False,1751925135.3272393,368370.72467803955
356429,1751924766.956711,1751925005.3840587,batch_consumer-sts-0_20250707_215012_034710.csv,True,False,False,1751925135.3272393,368370.5282211304
356439,1751924766.95689,1751925005.40815,batch_consumer-sts-0_20250707_215012_034710.csv,True,False,False,1751925135.3272393,368370.34916877747
356449,1751924766.9570713,1751925005.4324937,batch_consumer-sts-0_20250707_215012_034710.csv,True,False,False,1751925135.3272393,368370.16797065735
361129,1751924767.0775273,1751925005.4570987,batch_consumer-sts-0_20250707_215012_034710.csv,True,False,False,1751925135.3272393,368249.71199035645
361139,1751924767.0777678,1751925005.4818344,batch_consumer-sts-0_20250707_215012_034710.csv,True,False,False,1751925135.3272393,368249.47142601013
361149,1751924767.078005,1751925005.5060537,batch_consumer-sts-0_20250707_215012_034710.csv,True,False,False,1751925135.3272393,368249.2341995239
361159,1751924767.078256,1751925005.53047,batch_consumer-sts-0_20250707_215012_034710.csv,True,False,False,1751925135.3272393,368248.9833831787
361169,1751924767.0784922,1751925005.5543773,batch_consumer-sts-0_20250707_215012_034710.csv,True,False,False,1751925135.3272393,368248.7471103668
361179,1751924767.0787292,1751925005.5788243,batch_consumer-sts-0_20250707_215012_034710.csv,True,False,False,1751925135.3272393,368248.5101222992
361189,1751924767.0789623,1751925005.6032588,batch_consumer-sts-0_20250707_215012_034710.csv,True,False,False,1751925135.3272393,368248.27694892883
361199,1751924767.0792007,1751925005.628309,batch_consumer-sts-0_20250707_215012_034710.csv,True,False,False,1751925135.3272393,368248.03853034973
361209,1751924767.079432,1751925005.6529458,batch_consumer-sts-0_20250707_215012_034710.csv,True,False,False,1751925135.3272393,368247.807264328
361219,1751924767.0796657,1751925005.677944,batch_consumer-sts-0_20250707_215012_034710.csv,True,False,False,1751925135.3272393,368247.5736141205
361229,1751924767.0799024,1751925005.7022846,batch_consumer-sts-0_20250707_215012_034710.csv,True,False,False,1751925135.3272393,368247.33686447144
361239,1751924767.0801425,1751925005.7274249,batch_consumer-sts-0_20250707_215012_034710.csv,True,False,False,1751925135.3272393,368247.0967769623
361249,1751924767.0803733,1751925005.7520597,batch_consumer-sts-0_20250707_215012_034710.csv,True,False,False,1751925135.3272393,368246.8659877777
361259,1751924767.0806055,1751925005.9119048,batch_consumer-sts-0_20250707_215012_034710.csv,True,False,False,1751925135.3272393,368246.63376808167
361269,1751924767.0808463,1751925005.9369912,batch_consumer-sts-0_20250707_215012_034710.csv,True,False,False,1751925135.3272393,368246.3929653168
361279,1751924767.0819535,1751925005.9613292,batch_consumer-sts-0_20250707_215012_034710.csv,True,False,False,1751925135.3272393,368245.2857494354
361289,1751924767.0821958,1751925005.985685,batch_consumer-sts-0_20250707_215012_034710.csv,True,False,False,1751925135.3272393,368245.04351615906
361299,1751924767.0824254,1751925006.0113723,batch_consumer-sts-0_20250707_215012_034710.csv,True,False,False,1751925135.3272393,368244.8139190674
361309,1751924767.082669,1751925006.0360117,batch_consumer-sts-0_20250707_215012_034710.csv,True,False,False,1751925135.3272393,368244.57025527954
361319,1751924767.0828955,1751925006.061309,batch_consumer-sts-0_20250707_215012_034710.csv,True,False,False,1751925135.3272393,368244.3437576294
361329,1751924767.083418,1751925006.0849345,batch_consumer-sts-0_20250707_215012_034710.csv,True,False,False,1751925135.3272393,368243.8213825226
361339,1751924767.0838966,1751925006.109496,batch_consumer-sts-0_20250707_215012_034710.csv,True,False,False,1751925135.3272393,368243.34263801575
361349,1751924767.0840871,1751925006.1343992,batch_consumer-sts-0_20250707_215012_034710.csv,True,False,False,1751925135.3272393,368243.15214157104
361359,1751924767.084272,1751925006.159478,batch_consumer-sts-0_20250707_215012_034710.csv,True,False,False,1751925135.3272393,368242.96736717224
361369,1751924767.0847342,1751925006.184708,batch_consumer-sts-0_20250707_215012_034710.csv,True,False,False,1751925135.3272393,368242.50507354736
361379,1751924767.0854015,1751925006.2084043,batch_consumer-sts-0_20250707_215012_034710.csv,True,False,False,1751925135.3272393,368241.83773994446
361389,1751924767.0856369,1751925006.2329369,batch_consumer-sts-0_20250707_215012_034710.csv,True,False,False,1751925135.3272393,368241.6024208069
361399,1751924767.0858731,1751925006.2625687,batch_consumer-sts-0_20250707_215012_034710.csv,True,False,False,1751925135.3272393,368241.366147995
361409,1751924767.086102,1751925006.3288474,batch_consumer-sts-0_20250707_215012_034710.csv,True,False,False,1751925135.3272393,368241.13726615906
361419,1751924767.0863402,1751925006.3554268,batch_consumer-sts-0_20250707_215012_034710.csv,True,False,False,1751925135.3272393,368240.89908599854
361429,1751924767.0865629,1751925006.380627,batch_consumer-sts-0_20250707_215012_034710.csv,True,False,False,1751925135.3272393,368240.67640304565
361439,1751924767.0867853,1751925006.4049928,batch_consumer-sts-0_20250707_215012_034710.csv,True,False,False,1751925135.3272393,368240.45395851135
361449,1751924767.087022,1751925006.429391,batch_consumer-sts-0_20250707_215012_034710.csv,True,False,False,1751925135.3272393,368240.2172088623
361459,1751924767.087249,1751925006.4556615,batch_consumer-sts-0_20250707_215012_034710.csv,True,False,False,1751925135.3272393,368239.990234375
361469,1751924767.0874846,1751925006.4813423,batch_consumer-sts-0_20250707_215012_034710.csv,True,False,False,1751925135.3272393,368239.75467681885
361479,1751924767.087715,1751925006.5058508,batch_consumer-sts-0_20250707_215012_034710.csv,True,False,False,1751925135.3272393,368239.52436447144
361489,1751924767.0879445,1751925006.5301163,batch_consumer-sts-0_20250707_215012_034710.csv,True,False,False,1751925135.3272393,368239.29476737976
361499,1751924767.0881712,1751925006.554814,batch_consumer-sts-0_20250707_215012_034710.csv,True,False,False,1751925135.3272393,368239.06803131104
361509,1751924767.0883996,1751925006.579333,batch_consumer-sts-0_20250707_215012_034710.csv,True,False,False,1751925135.3272393,368238.83962631226
361519,1751924767.0886314,1751925006.6035457,batch_consumer-sts-0_20250707_215012_034710.csv,True,False,False,1751925135.3272393,368238.60788345337
361529,1751924767.0888655,1751925006.6294389,batch_consumer-sts-0_20250707_215012_034710.csv,True,False,False,1751925135.3272393,368238.3737564087
361539,1751924767.0890975,1751925006.655414,batch_consumer-sts-0_20250707_215012_034710.csv,True,False,False,1751925135.3272393,368238.1417751312
361549,1751924767.0893295,1751925006.680614,batch_consumer-sts-0_20250707_215012_034710.csv,True,False,False,1751925135.3272393,368237.90979385376
361559,1751924767.0895653,1751925006.704672,batch_consumer-sts-0_20250707_215012_034710.csv,True,False,False,1751925135.3272393,368237.673997879
361569,1751924767.089797,1751925006.7292109,batch_consumer-sts-0_20250707_215012_034710.csv,True,False,False,1751925135.3272393,368237.44225502014
361579,1751924767.0900283,1751925006.7736468,batch_consumer-sts-0_20250707_215012_034710.csv,True,False,False,1751925135.3272393,368237.2109889984
361589,1751924767.090268,1751925006.7980173,batch_consumer-sts-0_20250707_215012_034710.csv,True,False,False,1751925135.3272393,368236.9713783264
361599,1751924767.0905006,1751925006.8226848,batch_consumer-sts-0_20250707_215012_034710.csv,True,False,False,1751925135.3272393,368236.7386817932
361609,1751924767.0907304,1751925006.8473897,batch_consumer-sts-0_20250707_215012_034710.csv,True,False,False,1751925135.3272393,368236.50884628296
361619,1751924767.0909643,1751925006.872223,batch_consumer-sts-0_20250707_215012_034710.csv,True,False,False,1751925135.3272393,368236.27495765686
361629,1751924767.0911944,1751925006.8969054,batch_consumer-sts-0_20250707_215012_034710.csv,True,False,False,1751925135.3272393,368236.044883728
361639,1751924767.0914292,1751925006.9212604,batch_consumer-sts-0_20250707_215012_034710.csv,True,False,False,1751925135.3272393,368235.8100414276
361649,1751924767.0916598,1751925006.9453828,batch_consumer-sts-0_20250707_215012_034710.csv,True,False,False,1751925135.3272393,368235.5794906616
361659,1751924767.0918963,1751925006.9704523,batch_consumer-sts-0_20250707_215012_034710.csv,True,False,False,1751925135.3272393,368235.34297943115
361669,1751924767.092131,1751925006.9952807,batch_consumer-sts-0_20250707_215012_034710.csv,True,False,False,1751925135.3272393,368235.1083755493
361679,1751924767.0923617,1751925007.0191512,batch_consumer-sts-0_20250707_215012_034710.csv,True,False,False,1751925135.3272393,368234.87758636475
361689,1751924767.0925934,1751925007.042782,batch_consumer-sts-0_20250707_215012_034710.csv,True,False,False,1751925135.3272393,368234.64584350586
361699,1751924767.092831,1751925007.0673635,batch_consumer-sts-0_20250707_215012_034710.csv,True,False,False,1751925135.3272393,368234.4083786011
361709,1751924767.0930576,1751925007.0918915,batch_consumer-sts-0_20250707_215012_034710.csv,True,False,False,1751925135.3272393,368234.18164253235
361719,1751924767.0933018,1751925007.116083,batch_consumer-sts-0_20250707_215012_034710.csv,True,False,False,1751925135.3272393,368233.93750190735
361729,1751924767.093537,1751925007.140544,batch_consumer-sts-0_20250707_215012_034710.csv,True,False,False,1751925135.3272393,368233.7021827698
361739,1751924767.0937712,1751925007.1660926,batch_consumer-sts-0_20250707_215012_034710.csv,True,False,False,1751925135.3272393,368233.4680557251
361749,1751924767.0940106,1751925007.190832,batch_consumer-sts-0_20250707_215012_034710.csv,True,False,False,1751925135.3272393,368233.2286834717
361759,1751924767.094254,1751925007.2145293,batch_consumer-sts-0_20250707_215012_034710.csv,True,False,False,1751925135.3272393,368232.9852581024
361769,1751924767.0944886,1751925007.239271,batch_consumer-sts-0_20250707_215012_034710.csv,True,False,False,1751925135.3272393,368232.7506542206
361779,1751924767.0947275,1751925007.263452,batch_consumer-sts-0_20250707_215012_034710.csv,True,False,False,1751925135.3272393,368232.5117588043
361789,1751924767.0949612,1751925007.288312,batch_consumer-sts-0_20250707_215012_034710.csv,True,False,False,1751925135.3272393,368232.2781085968
361799,1751924767.095194,1751925007.312219,batch_consumer-sts-0_20250707_215012_034710.csv,True,False,False,1751925135.3272393,368232.045173645
361809,1751924767.0954263,1751925007.336945,batch_consumer-sts-0_20250707_215012_034710.csv,True,False,False,1751925135.3272393,368231.812953949
361819,1751924767.0956562,1751925007.361452,batch_consumer-sts-0_20250707_215012_034710.csv,True,False,False,1751925135.3272393,368231.5831184387
361829,1751924767.0958903,1751925007.3861692,batch_consumer-sts-0_20250707_215012_034710.csv,True,False,False,1751925135.3272393,368231.34899139404
361839,1751924767.096132,1751925007.4100614,batch_consumer-sts-0_20250707_215012_034710.csv,True,False,False,1751925135.3272393,368231.10723495483
361849,1751924767.0963557,1751925007.4350286,batch_consumer-sts-0_20250707_215012_034710.csv,True,False,False,1751925135.3272393,368230.88359832764
361859,1751924767.0965483,1751925007.4601336,batch_consumer-sts-0_20250707_215012_034710.csv,True,False,False,1751925135.3272393,368230.6909561157
361869,1751924767.096742,1751925007.484049,batch_consumer-sts-0_20250707_215012_034710.csv,True,False,False,1751925135.3272393,368230.4973602295
361879,1751924767.0969462,1751925007.5081909,batch_consumer-sts-0_20250707_215012_034710.csv,True,False,False,1751925135.3272393,368230.2930355072
361889,1751924767.0971396,1751925007.5329154,batch_consumer-sts-0_20250707_215012_034710.csv,True,False,False,1751925135.3272393,368230.09967803955
361899,1751924767.0973473,1751925007.5612342,batch_consumer-sts-0_20250707_215012_034710.csv,True,False,False,1751925135.3272393,368229.89201545715
361909,1751924767.0975342,1751925007.5864687,batch_consumer-sts-0_20250707_215012_034710.csv,True,False,False,1751925135.3272393,368229.70509529114
361919,1751924767.0977273,1751925007.6091278,batch_consumer-sts-0_20250707_215012_034710.csv,True,False,False,1751925135.3272393,368229.51197624207
361929,1751924767.0979316,1751925007.633324,batch_consumer-sts-0_20250707_215012_034710.csv,True,False,False,1751925135.3272393,368229.3076515198
361939,1751924767.0981295,1751925007.6588187,batch_consumer-sts-0_20250707_215012_034710.csv,True,False,False,1751925135.3272393,368229.1097640991
361949,1751924767.098377,1751925007.683695,batch_consumer-sts-0_20250707_215012_034710.csv,True,False,False,1751925135.3272393,368228.862285614
361959,1751924767.098613,1751925007.7076764,batch_consumer-sts-0_20250707_215012_034710.csv,True,False,False,1751925135.3272393,368228.6262512207
361969,1751924767.0988495,1751925007.7318792,batch_consumer-sts-0_20250707_215012_034710.csv,True,False,False,1751925135.3272393,368228.38973999023
361979,1751924767.099082,1751925007.7566998,batch_consumer-sts-0_20250707_215012_034710.csv,True,False,False,1751925135.3272393,368228.1572818756
361989,1751924767.0993152,1751925007.780794,batch_consumer-sts-0_20250707_215012_034710.csv,True,False,False,1751925135.3272393,368227.92410850525
361999,1751924767.099553,1751925007.804756,batch_consumer-sts-0_20250707_215012_034710.csv,True,False,False,1751925135.3272393,368227.6861667633
362009,1751924767.0997896,1751925007.8289354,batch_consumer-sts-0_20250707_215012_034710.csv,True,False,False,1751925135.3272393,368227.44965553284
362019,1751924767.1000288,1751925007.8531811,batch_consumer-sts-0_20250707_215012_034710.csv,True,False,False,1751925135.3272393,368227.210521698
362029,1751924767.1002665,1751925007.8778915,batch_consumer-sts-0_20250707_215012_034710.csv,True,False,False,1751925135.3272393,368226.97281837463
362039,1751924767.1004944,1751925007.902398,batch_consumer-sts-0_20250707_215012_034710.csv,True,False,False,1751925135.3272393,368226.744890213
362049,1751924767.1007206,1751925007.9276729,batch_consumer-sts-0_20250707_215012_034710.csv,True,False,False,1751925135.3272393,368226.51863098145
362059,1751924767.1009574,1751925007.952598,batch_consumer-sts-0_20250707_215012_034710.csv,True,False,False,1751925135.3272393,368226.2818813324
362069,1751924767.1011956,1751925007.9778223,batch_consumer-sts-0_20250707_215012_034710.csv,True,False,False,1751925135.3272393,368226.0437011719
362079,1751924767.1016302,1751925008.00262,batch_consumer-sts-0_20250707_215012_034710.csv,True,False,False,1751925135.3272393,368225.6090641022
362089,1751924767.1018617,1751925008.0270543,batch_consumer-sts-0_20250707_215012_034710.csv,True,False,False,1751925135.3272393,368225.37755966187
362099,1751924767.1020925,1751925008.0522242,batch_consumer-sts-0_20250707_215012_034710.csv,True,False,False,1751925135.3272393,368225.1467704773
362109,1751924767.1023374,1751925008.0769072,batch_consumer-sts-0_20250707_215012_034710.csv,True,False,False,1751925135.3272393,368224.90191459656
362119,1751924767.102582,1751925008.101452,batch_consumer-sts-0_20250707_215012_034710.csv,True,False,False,1751925135.3272393,368224.6572971344
362129,1751924767.1028244,1751925008.1250308,batch_consumer-sts-0_20250707_215012_034710.csv,True,False,False,1751925135.3272393,368224.41482543945
362139,1751924767.1030617,1751925008.1496043,batch_consumer-sts-0_20250707_215012_034710.csv,True,False,False,1751925135.3272393,368224.17759895325
362149,1751924767.103289,1751925008.1744783,batch_consumer-sts-0_20250707_215012_034710.csv,True,False,False,1751925135.3272393,368223.95038604736
362159,1751924767.1035182,1751925008.199443,batch_consumer-sts-0_20250707_215012_034710.csv,True,False,False,1751925135.3272393,368223.72102737427
362169,1751924767.1037507,1751925008.224331,batch_consumer-sts-0_20250707_215012_034710.csv,True,False,False,1751925135.3272393,368223.48856925964
362179,1751924767.103979,1751925008.2484374,batch_consumer-sts-0_20250707_215012_034710.csv,True,False,False,1751925135.3272393,368223.26016426086
362189,1751924767.104216,1751925008.2729857,batch_consumer-sts-0_20250707_215012_034710.csv,True,False,False,1751925135.3272393,368223.02317619324
362199,1751924767.104454,1751925008.298031,batch_consumer-sts-0_20250707_215012_034710.csv,True,False,False,1751925135.3272393,368222.7852344513
362209,1751924767.1046913,1751925008.322852,batch_consumer-sts-0_20250707_215012_034710.csv,True,False,False,1751925135.3272393,368222.5480079651
362219,1751924767.104926,1751925008.348062,batch_consumer-sts-0_20250707_215012_034710.csv,True,False,False,1751925135.3272393,368222.3131656647
362229,1751924767.1051552,1751925008.3725822,batch_consumer-sts-0_20250707_215012_034710.csv,True,False,False,1751925135.3272393,368222.08404541016
362239,1751924767.1053932,1751925008.39707,batch_consumer-sts-0_20250707_215012_034710.csv,True,False,False,1751925135.3272393,368221.8461036682
362249,1751924767.1056254,1751925008.4240897,batch_consumer-sts-0_20250707_215012_034710.csv,True,False,False,1751925135.3272393,368221.61388397217
362259,1751924767.1058595,1751925008.448471,batch_consumer-sts-0_20250707_215012_034710.csv,True,False,False,1751925135.3272393,368221.3797569275
362269,1751924767.1060927,1751925008.4727695,batch_consumer-sts-0_20250707_215012_034710.csv,True,False,False,1751925135.3272393,368221.1465835571
362279,1751924767.106326,1751925008.497409,batch_consumer-sts-0_20250707_215012_034710.csv,True,False,False,1751925135.3272393,368220.9131717682
362289,1751924767.1065536,1751925008.5212846,batch_consumer-sts-0_20250707_215012_034710.csv,True,False,False,1751925135.3272393,368220.6857204437
362299,1751924767.106787,1751925008.544669,batch_consumer-sts-0_20250707_215012_034710.csv,True,False,False,1751925135.3272393,368220.4523086548
362309,1751924767.107019,1751925008.5689623,batch_consumer-sts-0_20250707_215012_034710.csv,True,False,False,1751925135.3272393,368220.2203273773
362319,1751924767.107247,1751925008.726323,batch_consumer-sts-0_20250707_215012_034710.csv,True,False,False,1751925135.3272393,368219.9921607971
362329,1751924767.1074824,1751925008.7512972,batch_consumer-sts-0_20250707_215012_034710.csv,True,False,False,1751925135.3272393,368219.75684165955
362339,1751924767.107712,1751925008.7768707,batch_consumer-sts-0_20250707_215012_034710.csv,True,False,False,1751925135.3272393,368219.5272445679
362349,1751924767.1079454,1751925008.80091,batch_consumer-sts-0_20250707_215012_034710.csv,True,False,False,1751925135.3272393,368219.29383277893
362359,1751924767.1081796,1751925008.8255072,batch_consumer-sts-0_20250707_215012_034710.csv,True,False,False,1751925135.3272393,368219.05970573425
362369,1751924767.1084125,1751925008.8497517,batch_consumer-sts-0_20250707_215012_034710.csv,True,False,False,1751925135.3272393,368218.82677078247
362379,1751924767.1086466,1751925008.8743906,batch_consumer-sts-0_20250707_215012_034710.csv,True,False,False,1751925135.3272393,368218.5926437378
362389,1751924767.108878,1751925008.898858,batch_consumer-sts-0_20250707_215012_034710.csv,True,False,False,1751925135.3272393,368218.36137771606
362399,1751924767.1091163,1751925008.9234998,batch_consumer-sts-0_20250707_215012_034710.csv,True,False,False,1751925135.3272393,368218.12295913696
362409,1751924767.1093578,1751925008.9483895,batch_consumer-sts-0_20250707_215012_034710.csv,True,False,False,1751925135.3272393,368217.88144111633
362419,1751924767.1095605,1751925008.9731116,batch_consumer-sts-0_20250707_215012_034710.csv,True,False,False,1751925135.3272393,368217.6787853241
362429,1751924767.1097405,1751925008.9978514,batch_consumer-sts-0_20250707_215012_034710.csv,True,False,False,1751925135.3272393,368217.4987792969
362439,1751924767.1099253,1751925009.0229318,batch_consumer-sts-0_20250707_215012_034710.csv,True,False,False,1751925135.3272393,368217.3140048981
362449,1751924767.1100996,1751925009.0478723,batch_consumer-sts-0_20250707_215012_034710.csv,True,False,False,1751925135.3272393,368217.13972091675
362459,1751924767.110339,1751925009.0731132,batch_consumer-sts-0_20250707_215012_034710.csv,True,False,False,1751925135.3272393,368216.90034866333
362469,1751924767.110571,1751925009.0978858,batch_consumer-sts-0_20250707_215012_034710.csv,True,False,False,1751925135.3272393,368216.66836738586
362479,1751924767.1108007,1751925009.1248124,batch_consumer-sts-0_20250707_215012_034710.csv,True,False,False,1751925135.3272393,368216.4385318756
362489,1751924767.111034,1751925009.1502883,batch_consumer-sts-0_20250707_215012_034710.csv,True,False,False,1751925135.3272393,368216.20535850525
362499,1751924767.1112688,1751925009.1749084,batch_consumer-sts-0_20250707_215012_034710.csv,True,False,False,1751925135.3272393,368215.97051620483
362509,1751924767.1114955,1751925009.1995764,batch_consumer-sts-0_20250707_215012_034710.csv,True,False,False,1751925135.3272393,368215.7437801361
362519,1751924767.1117177,1751925009.224087,batch_consumer-sts-0_20250707_215012_034710.csv,True,False,False,1751925135.3272393,368215.5215740204
362529,1751924767.1119497,1751925009.2492614,batch_consumer-sts-0_20250707_215012_034710.csv,True,False,False,1751925135.3272393,368215.2895927429
362539,1751924767.112182,1751925009.2741582,batch_consumer-sts-0_20250707_215012_034710.csv,True,False,False,1751925135.3272393,368215.0573730469
362549,1751924767.1124203,1751925009.299182,batch_consumer-sts-0_20250707_215012_034710.csv,True,False,False,1751925135.3272393,368214.8189544678
362559,1751924767.1126614,1751925010.3248718,batch_consumer-sts-0_20250707_215012_034710.csv,True,False,False,1751925135.3272393,368214.5779132843
362569,1751924767.1128871,1751925010.3499024,batch_consumer-sts-0_20250707_215012_034710.csv,True,False,False,1751925135.3272393,368214.3521308899
362579,1751924767.1131165,1751925010.374833,batch_consumer-sts-0_20250707_215012_034710.csv,True,False,False,1751925135.3272393,368214.1227722168
362589,1751924767.1133523,1751925010.3996308,batch_consumer-sts-0_20250707_215012_034710.csv,True,False,False,1751925135.3272393,368213.88697624207
362599,1751924767.1135895,1751925010.424364,batch_consumer-sts-0_20250707_215012_034710.csv,True,False,False,1751925135.3272393,368213.64974975586
362609,1751924767.1138222,1751925010.448933,batch_consumer-sts-0_20250707_215012_034710.csv,True,False,False,1751925135.3272393,368213.41705322266
362619,1751924767.1140552,1751925010.4743533,batch_consumer-sts-0_20250707_215012_034710.csv,True,False,False,1751925135.3272393,368213.1841182709
362629,1751924767.114294,1751925010.498842,batch_consumer-sts-0_20250707_215012_034710.csv,True,False,False,1751925135.3272393,368212.9452228546
362639,1751924767.1145225,1751925010.5242376,batch_consumer-sts-0_20250707_215012_034710.csv,True,False,False,1751925135.3272393,368212.71681785583
362649,1751924767.1147535,1751925010.5483606,batch_consumer-sts-0_20250707_215012_034710.csv,True,False,False,1751925135.3272393,368212.4857902527
362659,1751924767.1149912,1751925010.572464,batch_consumer-sts-0_20250707_215012_034710.csv,True,False,False,1751925135.3272393,368212.2480869293
362669,1751924767.1152174,1751925010.5968175,batch_consumer-sts-0_20250707_215012_034710.csv,True,False,False,1751925135.3272393,368212.02182769775
362679,1751924767.11545,1751925010.6239798,batch_consumer-sts-0_20250707_215012_034710.csv,True,False,False,1751925135.3272393,368211.78936958313
362689,1751924767.115673,1751925010.6488423,batch_consumer-sts-0_20250707_215012_034710.csv,True,False,False,1751925135.3272393,368211.5662097931
362699,1751924767.1159077,1751925010.6734445,batch_consumer-sts-0_20250707_215012_034710.csv,True,False,False,1751925135.3272393,368211.33160591125
362709,1751924767.1161325,1751925010.698347,batch_consumer-sts-0_20250707_215012_034710.csv,True,False,False,1751925135.3272393,368211.10677719116
362719,1751924767.1163602,1751925010.7230213,batch_consumer-sts-0_20250707_215012_034710.csv,True,False,False,1751925135.3272393,368210.8790874481
362729,1751924767.1165862,1751925010.7479188,batch_consumer-sts-0_20250707_215012_034710.csv,True,False,False,1751925135.3272393,368210.65306663513
362739,1751924767.1168206,1751925010.773345,batch_consumer-sts-0_20250707_215012_034710.csv,True,False,False,1751925135.3272393,368210.4187011719
362749,1751924767.117051,1751925010.798108,batch_consumer-sts-0_20250707_215012_034710.csv,True,False,False,1751925135.3272393,368210.18838882446
362759,1751924767.1172843,1751925010.823213,batch_consumer-sts-0_20250707_215012_034710.csv,True,False,False,1751925135.3272393,368209.9549770355
380169,1751924767.5591755,1751925010.8506916,batch_consumer-sts-0_20250707_215012_034710.csv,True,False,False,1751925135.3272393,367768.06378364563
380179,1751924767.5594144,1751925010.8755925,batch_consumer-sts-0_20250707_215012_034710.csv,True,False,False,1751925135.3272393,367767.82488822937
380189,1751924767.559651,1751925011.0221329,batch_consumer-sts-0_20250707_215012_034710.csv,True,False,False,1751925135.3272393,367767.5883769989
380199,1751924767.55989,1751925011.0472808,batch_consumer-sts-0_20250707_215012_034710.csv,True,False,False,1751925135.3272393,367767.34924316406
380209,1751924767.5601192,1751925011.0747788,batch_consumer-sts-0_20250707_215012_034710.csv,True,False,False,1751925135.3272393,367767.12012290955
380219,1751924767.5603485,1751925011.099522,batch_consumer-sts-0_20250707_215012_034710.csv,True,False,False,1751925135.3272393,367766.89076423645
380229,1751924767.5605824,1751925011.1241665,batch_consumer-sts-0_20250707_215012_034710.csv,True,False,False,1751925135.3272393,367766.65687561035
380239,1751924767.5608194,1751925011.1491446,batch_consumer-sts-0_20250707_215012_034710.csv,True,False,False,1751925135.3272393,367766.4198875427
380249,1751924767.561051,1751925011.1799014,batch_consumer-sts-0_20250707_215012_034710.csv,True,False,False,1751925135.3272393,367766.1883831024
380259,1751924767.561277,1751925011.204673,batch_consumer-sts-0_20250707_215012_034710.csv,True,False,False,1751925135.3272393,367765.9623622894
380269,1751924767.5615137,1751925011.229174,batch_consumer-sts-0_20250707_215012_034710.csv,True,False,False,1751925135.3272393,367765.7256126404
380279,1751924767.5617473,1751925011.2540083,batch_consumer-sts-0_20250707_215012_034710.csv,True,False,False,1751925135.3272393,367765.49196243286
380289,1751924767.561978,1751925011.278905,batch_consumer-sts-0_20250707_215012_034710.csv,True,False,False,1751925135.3272393,367765.2611732483
380299,1751924767.5622172,1751925011.3043313,batch_consumer-sts-0_20250707_215012_034710.csv,True,False,False,1751925135.3272393,367765.02203941345
380309,1751924767.5624475,1751925011.335863,batch_consumer-sts-0_20250707_215012_034710.csv,True,False,False,1751925135.3272393,367764.79172706604
380319,1751924767.562678,1751925011.3643131,batch_consumer-sts-0_20250707_215012_034710.csv,True,False,False,1751925135.3272393,367764.56117630005
380329,1751924767.5629058,1751925011.453919,batch_consumer-sts-0_20250707_215012_034710.csv,True,False,False,1751925135.3272393,367764.333486557
380339,1751924767.563138,1751925011.478891,batch_consumer-sts-0_20250707_215012_034710.csv,True,False,False,1751925135.3272393,367764.10126686096
380349,1751924767.5633888,1751925011.5037644,batch_consumer-sts-0_20250707_215012_034710.csv,True,False,False,1751925135.3272393,367763.85045051575
380359,1751924767.5636246,1751925011.5288217,batch_consumer-sts-0_20250707_215012_034710.csv,True,False,False,1751925135.3272393,367763.614654541
380369,1751924767.563855,1751925011.5539062,batch_consumer-sts-0_20250707_215012_034710.csv,True,False,False,1751925135.3272393,367763.3843421936
380379,1751924767.5640864,1751925011.5786965,batch_consumer-sts-0_20250707_215012_034710.csv,True,False,False,1751925135.3272393,367763.1528377533
380389,1751924767.564369,1751925011.60355,batch_consumer-sts-0_20250707_215012_034710.csv,True,False,False,1751925135.3272393,367762.87031173706
380399,1751924767.5646062,1751925011.6298614,batch_consumer-sts-0_20250707_215012_034710.csv,True,False,False,1751925135.3272393,367762.63308525085
380409,1751924767.564835,1751925011.6549122,batch_consumer-sts-0_20250707_215012_034710.csv,True,False,False,1751925135.3272393,367762.4042034149
380419,1751924767.5650816,1751925011.6804063,batch_consumer-sts-0_20250707_215012_034710.csv,True,False,False,1751925135.3272393,367762.1576786041
380429,1751924767.5652993,1751925011.705545,batch_consumer-sts-0_20250707_215012_034710.csv,True,False,False,1751925135.3272393,367761.9400024414
380439,1751924767.565518,1751925011.7306802,batch_consumer-sts-0_20250707_215012_034710.csv,True,False,False,1751925135.3272393,367761.72137260437
380449,1751924767.56575,1751925011.756458,batch_consumer-sts-0_20250707_215012_034710.csv,True,False,False,1751925135.3272393,367761.4893913269
380459,1751924767.5659416,1751925011.7814877,batch_consumer-sts-0_20250707_215012_034710.csv,True,False,False,1751925135.3272393,367761.2977027893
380469,1751924767.5661366,1751925011.8067198,batch_consumer-sts-0_20250707_215012_034710.csv,True,False,False,1751925135.3272393,367761.1026763916
380479,1751924767.5663831,1751925011.836516,batch_consumer-sts-0_20250707_215012_034710.csv,True,False,False,1751925135.3272393,367760.8561515808
380489,1751924767.566609,1751925011.8614168,batch_consumer-sts-0_20250707_215012_034710.csv,True,False,False,1751925135.3272393,367760.6303691864
380499,1751924767.5668297,1751925011.8863304,batch_consumer-sts-0_20250707_215012_034710.csv,True,False,False,1751925135.3272393,367760.40959358215
380509,1751924767.5670624,1751925011.9102533,batch_consumer-sts-0_20250707_215012_034710.csv,True,False,False,1751925135.3272393,367760.17689704895
380519,1751924767.5672903,1751925011.935454,batch_consumer-sts-0_20250707_215012_034710.csv,True,False,False,1751925135.3272393,367759.9489688873
380529,1751924767.56752,1751925011.9605188,batch_consumer-sts-0_20250707_215012_034710.csv,True,False,False,1751925135.3272393,367759.71937179565
380539,1751924767.5677457,1751925011.984994,batch_consumer-sts-0_20250707_215012_034710.csv,True,False,False,1751925135.3272393,367759.49358940125
380549,1751924767.5679684,1751925012.0090957,batch_consumer-sts-0_20250707_215012_034710.csv,True,False,False,1751925135.3272393,367759.27090644836
380559,1751924767.5681958,1751925012.375038,batch_consumer-sts-0_20250707_215034_005674.csv,True,False,False,1751925135.3272393,367759.0434551239
380569,1751924767.5684197,1751925012.4003916,batch_consumer-sts-0_20250707_215034_005674.csv,True,False,False,1751925135.3272393,367758.8195800781
380579,1751924767.5686529,1751925012.4252636,batch_consumer-sts-0_20250707_215034_005674.csv,True,False,False,1751925135.3272393,367758.58640670776
380589,1751924767.568892,1751925012.450076,batch_consumer-sts-0_20250707_215034_005674.csv,True,False,False,1751925135.3272393,367758.3472728729
380599,1751924767.569387,1751925012.475101,batch_consumer-sts-0_20250707_215034_005674.csv,True,False,False,1751925135.3272393,367757.8523159027
380609,1751924767.569769,1751925012.5001743,batch_consumer-sts-0_20250707_215034_005674.csv,True,False,False,1751925135.3272393,367757.470369339
380619,1751924767.57057,1751925012.524319,batch_consumer-sts-0_20250707_215034_005674.csv,True,False,False,1751925135.3272393,367756.6692829132
380629,1751924767.5708015,1751925012.5480964,batch_consumer-sts-0_20250707_215034_005674.csv,True,False,False,1751925135.3272393,367756.4377784729
380639,1751924767.5710237,1751925012.5739536,batch_consumer-sts-0_20250707_215034_005674.csv,True,False,False,1751925135.3272393,367756.2155723572
380649,1751924767.5712569,1751925012.602071,batch_consumer-sts-0_20250707_215034_005674.csv,True,False,False,1751925135.3272393,367755.9823989868
380659,1751924767.571481,1751925012.639254,batch_consumer-sts-0_20250707_215034_005674.csv,True,False,False,1751925135.3272393,367755.75828552246
380669,1751924767.5717149,1751925012.663959,batch_consumer-sts-0_20250707_215034_005674.csv,True,False,False,1751925135.3272393,367755.52439689636
380679,1751924767.5719495,1751925012.688265,batch_consumer-sts-0_20250707_215034_005674.csv,True,False,False,1751925135.3272393,367755.2897930145
380689,1751924767.5721817,1751925012.712298,batch_consumer-sts-0_20250707_215034_005674.csv,True,False,False,1751925135.3272393,367755.0575733185
380699,1751924767.5724137,1751925012.736687,batch_consumer-sts-0_20250707_215034_005674.csv,True,False,False,1751925135.3272393,367754.825592041
380709,1751924767.5726416,1751925012.7616687,batch_consumer-sts-0_20250707_215034_005674.csv,True,False,False,1751925135.3272393,367754.5976638794
380719,1751924767.5730698,1751925012.7865214,batch_consumer-sts-0_20250707_215034_005674.csv,True,False,False,1751925135.3272393,367754.1694641113
380729,1751924767.5739138,1751925012.810637,batch_consumer-sts-0_20250707_215034_005674.csv,True,False,False,1751925135.3272393,367753.3254623413
380739,1751924767.574145,1751925012.8353934,batch_consumer-sts-0_20250707_215034_005674.csv,True,False,False,1751925135.3272393,367753.0941963196
380749,1751924767.5743842,1751925012.860413,batch_consumer-sts-0_20250707_215034_005674.csv,True,False,False,1751925135.3272393,367752.85506248474
380759,1751924767.574614,1751925012.8850524,batch_consumer-sts-0_20250707_215034_005674.csv,True,False,False,1751925135.3272393,367752.6252269745
380769,1751924767.5748484,1751925012.9090133,batch_consumer-sts-0_20250707_215034_005674.csv,True,False,False,1751925135.3272393,367752.39086151123
380779,1751924767.5750723,1751925012.9335277,batch_consumer-sts-0_20250707_215034_005674.csv,True,False,False,1751925135.3272393,367752.16698646545
380789,1751924767.575298,1751925012.9580538,batch_consumer-sts-0_20250707_215034_005674.csv,True,False,False,1751925135.3272393,367751.94120407104
380799,1751924767.575527,1751925012.982997,batch_consumer-sts-0_20250707_215034_005674.csv,True,False,False,1751925135.3272393,367751.7123222351
380809,1751924767.5757868,1751925013.0076993,batch_consumer-sts-0_20250707_215034_005674.csv,True,False,False,1751925135.3272393,367751.4524459839
380819,1751924767.5760424,1751925013.0324552,batch_consumer-sts-0_20250707_215034_005674.csv,True,False,False,1751925135.3272393,367751.1968612671
380829,1751924767.5763028,1751925013.0571609,batch_consumer-sts-0_20250707_215034_005674.csv,True,False,False,1751925135.3272393,367750.9365081787
380839,1751924767.576553,1751925013.0817933,batch_consumer-sts-0_20250707_215034_005674.csv,True,False,False,1751925135.3272393,367750.68616867065
380849,1751924767.5768127,1751925013.1060202,batch_consumer-sts-0_20250707_215034_005674.csv,True,False,False,1751925135.3272393,367750.426530838
380859,1751924767.5770504,1751925013.1307807,batch_consumer-sts-0_20250707_215034_005674.csv,True,False,False,1751925135.3272393,367750.18882751465
380869,1751924767.577293,1751925013.1556716,batch_consumer-sts-0_20250707_215034_005674.csv,True,False,False,1751925135.3272393,367749.9463558197
380879,1751924767.5775273,1751925013.180543,batch_consumer-sts-0_20250707_215034_005674.csv,True,False,False,1751925135.3272393,367749.71199035645
380889,1751924767.577753,1751925013.2053597,batch_consumer-sts-0_20250707_215034_005674.csv,True,False,False,1751925135.3272393,367749.48620796204
380899,1751924767.5779848,1751925013.228983,batch_consumer-sts-0_20250707_215034_005674.csv,True,False,False,1751925135.3272393,367749.25446510315
380909,1751924767.5782244,1751925013.2536948,batch_consumer-sts-0_20250707_215034_005674.csv,True,False,False,1751925135.3272393,367749.01485443115
380919,1751924767.5784554,1751925013.2783804,batch_consumer-sts-0_20250707_215034_005674.csv,True,False,False,1751925135.3272393,367748.783826828
380929,1751924767.57869,1751925013.3036203,batch_consumer-sts-0_20250707_215034_005674.csv,True,False,False,1751925135.3272393,367748.54922294617
380939,1751924767.5789185,1751925013.3287072,batch_consumer-sts-0_20250707_215034_005674.csv,True,False,False,1751925135.3272393,367748.3208179474
380949,1751924767.5791476,1751925013.3531675,batch_consumer-sts-0_20250707_215034_005674.csv,True,False,False,1751925135.3272393,367748.0916976929
380959,1751924767.5793755,1751925013.3780434,batch_consumer-sts-0_20250707_215034_005674.csv,True,False,False,1751925135.3272393,367747.86376953125
380969,1751924767.5796208,1751925013.4039292,batch_consumer-sts-0_20250707_215034_005674.csv,True,False,False,1751925135.3272393,367747.61843681335
380979,1751924767.57986,1751925013.429055,batch_consumer-sts-0_20250707_215034_005674.csv,True,False,False,1751925135.3272393,367747.3793029785
380989,1751924767.5801,1751925013.4549177,batch_consumer-sts-0_20250707_215034_005674.csv,True,False,False,1751925135.3272393,367747.13921546936
380999,1751924767.5803332,1751925013.483028,batch_consumer-sts-0_20250707_215034_005674.csv,True,False,False,1751925135.3272393,367746.906042099
381009,1751924767.5805657,1751925013.5078745,batch_consumer-sts-0_20250707_215034_005674.csv,True,False,False,1751925135.3272393,367746.6735839844
381019,1751924767.5807984,1751925013.5324907,batch_consumer-sts-0_20250707_215034_005674.csv,True,False,False,1751925135.3272393,367746.4408874512
381029,1751924767.581034,1751925013.5572546,batch_consumer-sts-0_20250707_215034_005674.csv,True,False,False,1751925135.3272393,367746.205329895
381039,1751924767.581421,1751925013.582868,batch_consumer-sts-0_20250707_215034_005674.csv,True,False,False,1751925135.3272393,367745.81837654114
381049,1751924767.5818293,1751925013.6075065,batch_consumer-sts-0_20250707_215034_005674.csv,True,False,False,1751925135.3272393,367745.40996551514
381059,1751924767.5822475,1751925013.6320949,batch_consumer-sts-0_20250707_215034_005674.csv,True,False,False,1751925135.3272393,367744.9917793274
381069,1751924767.5826478,1751925013.6568666,batch_consumer-sts-0_20250707_215034_005674.csv,True,False,False,1751925135.3272393,367744.5914745331
381079,1751924767.5829816,1751925013.68196,batch_consumer-sts-0_20250707_215034_005674.csv,True,False,False,1751925135.3272393,367744.25768852234
381089,1751924767.5835428,1751925013.7062554,batch_consumer-sts-0_20250707_215034_005674.csv,True,False,False,1751925135.3272393,367743.69645118713
381099,1751924767.5847027,1751925014.5961356,batch_consumer-sts-0_20250707_215034_005674.csv,True,False,False,1751925135.3272393,367742.5365447998
381109,1751924767.5851169,1751925014.620597,batch_consumer-sts-0_20250707_215034_005674.csv,True,False,False,1751925135.3272393,367742.1224117279
381119,1751924767.5855217,1751925014.6454842,batch_consumer-sts-0_20250707_215034_005674.csv,True,False,False,1751925135.3272393,367741.7175769806
381129,1751924767.5859416,1751925014.6703904,batch_consumer-sts-0_20250707_215034_005674.csv,True,False,False,1751925135.3272393,367741.2977218628
381139,1751924767.586735,1751925014.6955204,batch_consumer-sts-0_20250707_215034_005674.csv,True,False,False,1751925135.3272393,367740.50426483154
381149,1751924767.5871413,1751925014.7215147,batch_consumer-sts-0_20250707_215034_005674.csv,True,False,False,1751925135.3272393,367740.09799957275
381159,1751924767.5883307,1751925015.747573,batch_consumer-sts-0_20250707_215034_005674.csv,True,False,False,1751925135.3272393,367738.9085292816
381169,1751924767.5886486,1751925015.7721734,batch_consumer-sts-0_20250707_215034_005674.csv,True,False,False,1751925135.3272393,367738.5907173157
381179,1751924767.5889685,1751925015.7971146,batch_consumer-sts-0_20250707_215034_005674.csv,True,False,False,1751925135.3272393,367738.2707595825
381189,1751924767.5892992,1751925015.821758,batch_consumer-sts-0_20250707_215034_005674.csv,True,False,False,1751925135.3272393,367737.9400730133
381199,1751924767.5896614,1751925015.846952,batch_consumer-sts-0_20250707_215034_005674.csv,True,False,False,1751925135.3272393,367737.57791519165
381209,1751924767.590004,1751925015.871915,batch_consumer-sts-0_20250707_215034_005674.csv,True,False,False,1751925135.3272393,367737.2353076935
381219,1751924767.590418,1751925015.8971207,batch_consumer-sts-0_20250707_215034_005674.csv,True,False,False,1751925135.3272393,367736.8211746216
381229,1751924767.5908298,1751925015.9241784,batch_consumer-sts-0_20250707_215034_005674.csv,True,False,False,1751925135.3272393,367736.4094257355
381239,1751924767.5912526,1751925015.9490016,batch_consumer-sts-0_20250707_215034_005674.csv,True,False,False,1751925135.3272393,367735.9867095947
381249,1751924767.591654,1751925015.9735005,batch_consumer-sts-0_20250707_215034_005674.csv,True,False,False,1751925135.3272393,367735.5852127075
381259,1751924767.5924227,1751925015.9984698,batch_consumer-sts-0_20250707_215034_005674.csv,True,False,False,1751925135.3272393,367734.8165512085
381269,1751924767.593362,1751925016.081665,batch_consumer-sts-0_20250707_215034_005674.csv,True,False,False,1751925135.3272393,367733.87718200684
381279,1751924767.5935948,1751925016.1061714,batch_consumer-sts-0_20250707_215034_005674.csv,True,False,False,1751925135.3272393,367733.64448547363
381289,1751924767.5938203,1751925016.131142,batch_consumer-sts-0_20250707_215034_005674.csv,True,False,False,1751925135.3272393,367733.4189414978
381299,1751924767.5943651,1751925016.1565845,batch_consumer-sts-0_20250707_215034_005674.csv,True,False,False,1751925135.3272393,367732.87415504456
381309,1751924767.5960464,1751925016.1813123,batch_consumer-sts-0_20250707_215034_005674.csv,True,False,False,1751925135.3272393,367731.19282722473
381319,1751924767.596473,1751925016.2046163,batch_consumer-sts-0_20250707_215034_005674.csv,True,False,False,1751925135.3272393,367730.7662963867
381329,1751924767.596878,1751925016.230074,batch_consumer-sts-0_20250707_215034_005674.csv,True,False,False,1751925135.3272393,367730.3612232208
381339,1751924767.5972874,1751925016.6729395,batch_consumer-sts-0_20250707_215034_005674.csv,True,False,False,1751925135.3272393,367729.9518585205
381349,1751924767.5977015,1751925016.6978211,batch_consumer-sts-0_20250707_215034_005674.csv,True,False,False,1751925135.3272393,367729.5377254486
381359,1751924767.598121,1751925016.7277007,batch_consumer-sts-0_20250707_215034_005674.csv,True,False,False,1751925135.3272393,367729.11834716797
381369,1751924767.5985444,1751925016.7525232,batch_consumer-sts-0_20250707_215034_005674.csv,True,False,False,1751925135.3272393,367728.6949157715
381379,1751924767.5989563,1751925016.7765477,batch_consumer-sts-0_20250707_215034_005674.csv,True,False,False,1751925135.3272393,367728.2829284668
402409,1751924768.1639,1751925016.800768,batch_consumer-sts-0_20250707_215034_005674.csv,True,False,False,1751925135.3272393,367163.3393764496
402419,1751924768.164405,1751925016.8261898,batch_consumer-sts-0_20250707_215034_005674.csv,True,False,False,1751925135.3272393,367162.83416748047
402429,1751924768.1645951,1751925016.849645,batch_consumer-sts-0_20250707_215034_005674.csv,True,False,False,1751925135.3272393,367162.6441478729
402439,1751924768.165043,1751925016.8739824,batch_consumer-sts-0_20250707_215034_005674.csv,True,False,False,1751925135.3272393,367162.1961593628
402449,1751924768.165234,1751925016.898531,batch_consumer-sts-0_20250707_215034_005674.csv,True,False,False,1751925135.3272393,367162.00518608093
402459,1751924768.165413,1751925016.923092,batch_consumer-sts-0_20250707_215034_005674.csv,True,False,False,1751925135.3272393,367161.8263721466
402469,1751924768.1656191,1751925016.9492023,batch_consumer-sts-0_20250707_215034_005674.csv,True,False,False,1751925135.3272393,367161.6201400757
402479,1751924768.165825,1751925016.9728038,batch_consumer-sts-0_20250707_215034_005674.csv,True,False,False,1751925135.3272393,367161.4143848419
402489,1751924768.166116,1751925016.9975348,batch_consumer-sts-0_20250707_215034_005674.csv,True,False,False,1751925135.3272393,367161.12327575684
402499,1751924768.1665945,1751925017.0227618,batch_consumer-sts-0_20250707_215034_005674.csv,True,False,False,1751925135.3272393,367160.6447696686
402509,1751924768.167448,1751925017.048025,batch_consumer-sts-0_20250707_215034_005674.csv,True,False,False,1751925135.3272393,367159.7912311554
402519,1751924768.167634,1751925017.0727086,batch_consumer-sts-0_20250707_215034_005674.csv,True,False,False,1751925135.3272393,367159.6052646637
402529,1751924768.1678145,1751925017.0973775,batch_consumer-sts-0_20250707_215034_005674.csv,True,False,False,1751925135.3272393,367159.4247817993
402539,1751924768.1679928,1751925017.1219192,batch_consumer-sts-0_20250707_215034_005674.csv,True,False,False,1751925135.3272393,367159.24644470215
402549,1751924768.1681778,1751925017.1486304,batch_consumer-sts-0_20250707_215034_005674.csv,True,False,False,1751925135.3272393,367159.06143188477
402559,1751924768.168369,1751925017.1733737,batch_consumer-sts-0_20250707_215034_005674.csv,True,False,False,1751925135.3272393,367158.8702201843
402569,1751924768.1686387,1751925017.198708,batch_consumer-sts-0_20250707_215034_005674.csv,True,False,False,1751925135.3272393,367158.60056877136
402579,1751924768.1701207,1751925017.22866,batch_consumer-sts-0_20250707_215034_005674.csv,True,False,False,1751925135.3272393,367157.11855888367
402589,1751924768.170584,1751925017.253996,batch_consumer-sts-0_20250707_215034_005674.csv,True,False,False,1751925135.3272393,367156.6553115845
402599,1751924768.1708052,1751925017.279345,batch_consumer-sts-0_20250707_215034_005674.csv,True,False,False,1751925135.3272393,367156.43405914307
402609,1751924768.1710124,1751925017.304798,batch_consumer-sts-0_20250707_215034_005674.csv,True,False,False,1751925135.3272393,367156.2268733978
402619,1751924768.171203,1751925017.3298244,batch_consumer-sts-0_20250707_215034_005674.csv,True,False,False,1751925135.3272393,367156.0363769531
402629,1751924768.1714082,1751925017.3552673,batch_consumer-sts-0_20250707_215034_005674.csv,True,False,False,1751925135.3272393,367155.8310985565
402639,1751924768.1715891,1751925017.3804204,batch_consumer-sts-0_20250707_215034_005674.csv,True,False,False,1751925135.3272393,367155.650138855
402649,1751924768.1717937,1751925017.4050553,batch_consumer-sts-0_20250707_215034_005674.csv,True,False,False,1751925135.3272393,367155.4455757141
402659,1751924768.1719882,1751925017.4301138,batch_consumer-sts-0_20250707_215034_005674.csv,True,False,False,1751925135.3272393,367155.25102615356
402669,1751924768.172183,1751925018.5672717,batch_consumer-sts-0_20250707_215034_005674.csv,True,False,False,1751925135.3272393,367155.05623817444
402679,1751924768.1723764,1751925018.5924225,batch_consumer-sts-0_20250707_215034_005674.csv,True,False,False,1751925135.3272393,367154.8628807068
402689,1751924768.1727116,1751925018.6173286,batch_consumer-sts-0_20250707_215034_005674.csv,True,False,False,1751925135.3272393,367154.52766418457
402699,1751924768.172905,1751925018.6407373,batch_consumer-sts-0_20250707_215034_005674.csv,True,False,False,1751925135.3272393,367154.3343067169
402709,1751924768.173095,1751925018.665279,batch_consumer-sts-0_20250707_215034_005674.csv,True,False,False,1751925135.3272393,367154.1442871094
402719,1751924768.1734295,1751925018.6898742,batch_consumer-sts-0_20250707_215034_005674.csv,True,False,False,1751925135.3272393,367153.8097858429
402729,1751924768.173627,1751925018.7140696,batch_consumer-sts-0_20250707_215034_005674.csv,True,False,False,1751925135.3272393,367153.6123752594
402739,1751924768.1738176,1751925018.7388554,batch_consumer-sts-0_20250707_215034_005674.csv,True,False,False,1751925135.3272393,367153.4216403961
402749,1751924768.1740084,1751925018.7637274,batch_consumer-sts-0_20250707_215034_005674.csv,True,False,False,1751925135.3272393,367153.23090553284
402759,1751924768.1743956,1751925018.7884228,batch_consumer-sts-0_20250707_215034_005674.csv,True,False,False,1751925135.3272393,367152.8437137604
402769,1751924768.1745863,1751925018.812687,batch_consumer-sts-0_20250707_215034_005674.csv,True,False,False,1751925135.3272393,367152.6529788971
402779,1751924768.1747692,1751925019.3375351,batch_consumer-sts-0_20250707_215034_005674.csv,True,False,False,1751925135.3272393,367152.4701118469
402789,1751924768.1751096,1751925019.3623626,batch_consumer-sts-0_20250707_215034_005674.csv,True,False,False,1751925135.3272393,367152.12965011597
402799,1751924768.1752963,1751925019.3867671,batch_consumer-sts-0_20250707_215034_005674.csv,True,False,False,1751925135.3272393,367151.94296836853
402809,1751924768.1758182,1751925019.4109094,batch_consumer-sts-0_20250707_215034_005674.csv,True,False,False,1751925135.3272393,367151.4210700989
402819,1751924768.1760085,1751925019.435671,batch_consumer-sts-0_20250707_215034_005674.csv,True,False,False,1751925135.3272393,367151.23081207275
402829,1751924768.1761992,1751925019.460292,batch_consumer-sts-0_20250707_215034_005674.csv,True,False,False,1751925135.3272393,367151.0400772095
402839,1751924768.1765468,1751925019.4839113,batch_consumer-sts-0_20250707_215034_005674.csv,True,False,False,1751925135.3272393,367150.69246292114
402849,1751924768.1769109,1751925019.5082257,batch_consumer-sts-0_20250707_215034_005674.csv,True,False,False,1751925135.3272393,367150.32839775085
402859,1751924768.1772552,1751925019.5359485,batch_consumer-sts-0_20250707_215034_005674.csv,True,False,False,1751925135.3272393,367149.98412132263
402869,1751924768.1775749,1751925019.560681,batch_consumer-sts-0_20250707_215034_005674.csv,True,False,False,1751925135.3272393,367149.66440200806
402879,1751924768.178041,1751925019.5855188,batch_consumer-sts-0_20250707_215034_005674.csv,True,False,False,1751925135.3272393,367149.1982936859
402889,1751924768.178233,1751925019.6103845,batch_consumer-sts-0_20250707_215034_005674.csv,True,False,False,1751925135.3272393,367149.00636672974
402899,1751924768.178711,1751925019.6376257,batch_consumer-sts-0_20250707_215034_005674.csv,True,False,False,1751925135.3272393,367148.52833747864
402909,1751924768.17906,1751925019.662789,batch_consumer-sts-0_20250707_215034_005674.csv,True,False,False,1751925135.3272393,367148.17929267883
402919,1751924768.17939,1751925019.6879852,batch_consumer-sts-0_20250707_215034_005674.csv,True,False,False,1751925135.3272393,367147.84932136536
402929,1751924768.1795704,1751925019.7122934,batch_consumer-sts-0_20250707_215034_005674.csv,True,False,False,1751925135.3272393,367147.668838501
402939,1751924768.1797512,1751925019.7371187,batch_consumer-sts-0_20250707_215034_005674.csv,True,False,False,1751925135.3272393,367147.488117218
402949,1751924768.1799326,1751925019.7658262,batch_consumer-sts-0_20250707_215034_005674.csv,True,False,False,1751925135.3272393,367147.3066806793
402959,1751924768.1801116,1751925019.7907572,batch_consumer-sts-0_20250707_215034_005674.csv,True,False,False,1751925135.3272393,367147.1276283264
402969,1751924768.1802895,1751925019.8156526,batch_consumer-sts-0_20250707_215034_005674.csv,True,False,False,1751925135.3272393,367146.9497680664
402979,1751924768.1804662,1751925020.8426723,batch_consumer-sts-0_20250707_215034_005674.csv,True,False,False,1751925135.3272393,367146.7730998993
402989,1751924768.180646,1751925020.8675425,batch_consumer-sts-0_20250707_215034_005674.csv,True,False,False,1751925135.3272393,367146.59333229065
402999,1751924768.1808228,1751925020.8945816,batch_consumer-sts-0_20250707_215034_005674.csv,True,False,False,1751925135.3272393,367146.41642570496
403009,1751924768.1809976,1751925020.9189105,batch_consumer-sts-0_20250707_215034_005674.csv,True,False,False,1751925135.3272393,367146.2416648865
403019,1751924768.1811807,1751925020.9438725,batch_consumer-sts-0_20250707_215034_005674.csv,True,False,False,1751925135.3272393,367146.0585594177
403029,1751924768.1813593,1751925020.9683492,batch_consumer-sts-0_20250707_215034_005674.csv,True,False,False,1751925135.3272393,367145.879983902
403039,1751924768.1815376,1751925020.9938266,batch_consumer-sts-0_20250707_215034_005674.csv,True,False,False,1751925135.3272393,367145.7016468048
403049,1751924768.181717,1751925021.017937,batch_consumer-sts-0_20250707_215034_005674.csv,True,False,False,1751925135.3272393,367145.5223560333
403059,1751924768.1818998,1751925021.042581,batch_consumer-sts-0_20250707_215034_005674.csv,True,False,False,1751925135.3272393,367145.33948898315
403069,1751924768.1820796,1751925021.0670068,batch_consumer-sts-0_20250707_215034_005674.csv,True,False,False,1751925135.3272393,367145.1597213745
403079,1751924768.1822677,1751925021.0929475,batch_consumer-sts-0_20250707_215034_005674.csv,True,False,False,1751925135.3272393,367144.9716091156
403089,1751924768.182448,1751925021.1170187,batch_consumer-sts-0_20250707_215034_005674.csv,True,False,False,1751925135.3272393,367144.7913646698
403099,1751924768.1826255,1751925021.4306617,batch_consumer-sts-0_20250707_215034_005674.csv,True,False,False,1751925135.3272393,367144.61374282837
403109,1751924768.1828032,1751925021.454966,batch_consumer-sts-0_20250707_215034_005674.csv,True,False,False,1751925135.3272393,367144.43612098694
403119,1751924768.1829865,1751925021.479242,batch_consumer-sts-0_20250707_215034_005674.csv,True,False,False,1751925135.3272393,367144.2527770996
403129,1751924768.1831672,1751925021.5029333,batch_consumer-sts-0_20250707_215034_005674.csv,True,False,False,1751925135.3272393,367144.07205581665
403139,1751924768.1833704,1751925021.5274498,batch_consumer-sts-0_20250707_215034_005674.csv,True,False,False,1751925135.3272393,367143.86892318726
403149,1751924768.1835618,1751925021.55223,batch_consumer-sts-0_20250707_215034_005674.csv,True,False,False,1751925135.3272393,367143.67747306824
403159,1751924768.1837523,1751925021.5773532,batch_consumer-sts-0_20250707_215034_005674.csv,True,False,False,1751925135.3272393,367143.48697662354
403169,1751924768.1839435,1751925021.601801,batch_consumer-sts-0_20250707_215034_005674.csv,True,False,False,1751925135.3272393,367143.2957649231
403179,1751924768.1841395,1751925021.626627,batch_consumer-sts-0_20250707_215034_005674.csv,True,False,False,1751925135.3272393,367143.0997848511
403189,1751924768.184327,1751925021.7141173,batch_consumer-sts-0_20250707_215034_005674.csv,True,False,False,1751925135.3272393,367142.9123878479
403199,1751924768.184519,1751925021.7393882,batch_consumer-sts-0_20250707_215034_005674.csv,True,False,False,1751925135.3272393,367142.72022247314
403209,1751924768.1847155,1751925021.767527,batch_consumer-sts-0_20250707_215034_005674.csv,True,False,False,1751925135.3272393,367142.52376556396
403219,1751924768.184895,1751925021.7925885,batch_consumer-sts-0_20250707_215034_005674.csv,True,False,False,1751925135.3272393,367142.3442363739
403229,1751924768.1850824,1751925021.816744,batch_consumer-sts-0_20250707_215034_005674.csv,True,False,False,1751925135.3272393,367142.1568393707
403239,1751924768.185264,1751925021.8421052,batch_consumer-sts-0_20250707_215034_005674.csv,True,False,False,1751925135.3272393,367141.97516441345
403249,1751924768.1854455,1751925021.86734,batch_consumer-sts-0_20250707_215034_005674.csv,True,False,False,1751925135.3272393,367141.79372787476
403259,1751924768.1856253,1751925021.8923824,batch_consumer-sts-0_20250707_215034_005674.csv,True,False,False,1751925135.3272393,367141.6139602661
403269,1751924768.1858056,1751925021.9167645,batch_consumer-sts-0_20250707_215034_005674.csv,True,False,False,1751925135.3272393,367141.4337158203
403279,1751924768.1859915,1751925021.9445543,batch_consumer-sts-0_20250707_215034_005674.csv,True,False,False,1751925135.3272393,367141.2477493286
403289,1751924768.1861854,1751925021.969644,batch_consumer-sts-0_20250707_215034_005674.csv,True,False,False,1751925135.3272393,367141.0539150238
403299,1751924768.1863678,1751925021.9943388,batch_consumer-sts-0_20250707_215034_005674.csv,True,False,False,1751925135.3272393,367140.8715248108
403309,1751924768.186553,1751925022.0189967,batch_consumer-sts-0_20250707_215034_005674.csv,True,False,False,1751925135.3272393,367140.6862735748
403319,1751924768.186737,1751925022.044188,batch_consumer-sts-0_20250707_215034_005674.csv,True,False,False,1751925135.3272393,367140.50221443176
403329,1751924768.1869242,1751925022.069299,batch_consumer-sts-0_20250707_215034_005674.csv,True,False,False,1751925135.3272393,367140.31505584717
403339,1751924768.1871097,1751925022.093079,batch_consumer-sts-0_20250707_215034_005674.csv,True,False,False,1751925135.3272393,367140.1295661926
403349,1751924768.1872983,1751925022.1173406,batch_consumer-sts-0_20250707_215034_005674.csv,True,False,False,1751925135.3272393,367139.94097709656
403359,1751924768.1874864,1751925022.142372,batch_consumer-sts-0_20250707_215034_005674.csv,True,False,False,1751925135.3272393,367139.75286483765
403369,1751924768.18767,1751925022.1729438,batch_consumer-sts-0_20250707_215034_005674.csv,True,False,False,1751925135.3272393,367139.56928253174
403379,1751924768.187857,1751925022.201444,batch_consumer-sts-0_20250707_215034_005674.csv,True,False,False,1751925135.3272393,367139.3823623657
403389,1751924768.1880372,1751925022.2268386,batch_consumer-sts-0_20250707_215034_005674.csv,True,False,False,1751925135.3272393,367139.2021179199
403399,1751924768.188222,1751925022.2515366,batch_consumer-sts-0_20250707_215034_005674.csv,True,False,False,1751925135.3272393,367139.0173435211
403409,1751924768.1884112,1751925022.2765148,batch_consumer-sts-0_20250707_215034_005674.csv,True,False,False,1751925135.3272393,367138.8280391693
403419,1751924768.1885965,1751925022.3021855,batch_consumer-sts-0_20250707_215034_005674.csv,True,False,False,1751925135.3272393,367138.64278793335
403429,1751924768.188784,1751925022.330417,batch_consumer-sts-0_20250707_215034_005674.csv,True,False,False,1751925135.3272393,367138.4553909302
403439,1751924768.1889727,1751925022.355846,batch_consumer-sts-0_20250707_215034_005674.csv,True,False,False,1751925135.3272393,367138.2665634155
403449,1751924768.189154,1751925022.3806083,batch_consumer-sts-0_20250707_215034_005674.csv,True,False,False,1751925135.3272393,367138.0853652954
403459,1751924768.1893432,1751925022.4050615,batch_consumer-sts-0_20250707_215034_005674.csv,True,False,False,1751925135.3272393,367137.8960609436
403469,1751924768.1895268,1751925022.4295974,batch_consumer-sts-0_20250707_215034_005674.csv,True,False,False,1751925135.3272393,367137.7124786377
403479,1751924768.1897106,1751925022.45422,batch_consumer-sts-0_20250707_215034_005674.csv,True,False,False,1751925135.3272393,367137.5286579132
403489,1751924768.189895,1751925022.4789631,batch_consumer-sts-0_20250707_215034_005674.csv,True,False,False,1751925135.3272393,367137.34436035156
403499,1751924768.190076,1751925022.5038333,batch_consumer-sts-0_20250707_215034_005674.csv,True,False,False,1751925135.3272393,367137.16316223145
403509,1751924768.1902592,1751925022.5286703,batch_consumer-sts-0_20250707_215034_005674.csv,True,False,False,1751925135.3272393,367136.9800567627
403519,1751924768.190445,1751925022.553307,batch_consumer-sts-0_20250707_215034_005674.csv,True,False,False,1751925135.3272393,367136.7943286896
403529,1751924768.1906278,1751925022.5779495,batch_consumer-sts-0_20250707_215034_005674.csv,True,False,False,1751925135.3272393,367136.6114616394
403539,1751924768.1908252,1751925022.602728,batch_consumer-sts-0_20250707_215034_005674.csv,True,False,False,1751925135.3272393,367136.4140510559
403549,1751924768.1910005,1751925022.6275914,batch_consumer-sts-0_20250707_215034_005674.csv,True,False,False,1751925135.3272393,367136.23881340027
403559,1751924768.1911805,1751925022.652235,batch_consumer-sts-0_20250707_215034_005674.csv,True,False,False,1751925135.3272393,367136.05880737305
403569,1751924768.191362,1751925022.6767728,batch_consumer-sts-0_20250707_215034_005674.csv,True,False,False,1751925135.3272393,367135.87737083435
403579,1751924768.1915405,1751925022.701942,batch_consumer-sts-0_20250707_215034_005674.csv,True,False,False,1751925135.3272393,367135.6987953186
403589,1751924768.1917217,1751925022.7269268,batch_consumer-sts-0_20250707_215034_005674.csv,True,False,False,1751925135.3272393,367135.5175971985
403599,1751924768.191912,1751925022.7517748,batch_consumer-sts-0_20250707_215034_005674.csv,True,False,False,1751925135.3272393,367135.32733917236
403609,1751924768.192097,1751925022.7791834,batch_consumer-sts-0_20250707_215034_005674.csv,True,False,False,1751925135.3272393,367135.142326355
403619,1751924768.1924393,1751925022.8036487,batch_consumer-sts-0_20250707_215034_005674.csv,True,False,False,1751925135.3272393,367134.7999572754
403629,1751924768.1926222,1751925022.8286834,batch_consumer-sts-0_20250707_215034_005674.csv,True,False,False,1751925135.3272393,367134.6170902252
403639,1751924768.1928053,1751925022.8530972,batch_consumer-sts-0_20250707_215034_005674.csv,True,False,False,1751925135.3272393,367134.43398475647
403649,1751924768.1929936,1751925022.8776283,batch_consumer-sts-0_20250707_215034_005674.csv,True,False,False,1751925135.3272393,367134.245634079
403659,1751924768.193179,1751925022.9023438,batch_consumer-sts-0_20250707_215034_005674.csv,True,False,False,1751925135.3272393,367134.060382843
403669,1751924768.1933784,1751925022.927493,batch_consumer-sts-0_20250707_215034_005674.csv,True,False,False,1751925135.3272393,367133.8608264923
403679,1751924768.1935709,1751925022.953332,batch_consumer-sts-0_20250707_215034_005674.csv,True,False,False,1751925135.3272393,367133.668422699
403689,1751924768.1937573,1751925022.9835303,batch_consumer-sts-0_20250707_215034_005674.csv,True,False,False,1751925135.3272393,367133.4819793701
403699,1751924768.193943,1751925023.008052,batch_consumer-sts-0_20250707_215034_005674.csv,True,False,False,1751925135.3272393,367133.296251297
403709,1751924768.194138,1751925023.0329397,batch_consumer-sts-0_20250707_215034_005674.csv,True,False,False,1751925135.3272393,367133.1012248993
403719,1751924768.194336,1751925023.0576952,batch_consumer-sts-0_20250707_215034_005674.csv,True,False,False,1751925135.3272393,367132.90333747864
403729,1751924768.19453,1751925023.0847125,batch_consumer-sts-0_20250707_215034_005674.csv,True,False,False,1751925135.3272393,367132.70926475525
403739,1751924768.1947217,1751925023.108729,batch_consumer-sts-0_20250707_215034_005674.csv,True,False,False,1751925135.3272393,367132.51757621765
403749,1751924768.194909,1751925023.1327913,batch_consumer-sts-0_20250707_215034_005674.csv,True,False,False,1751925135.3272393,367132.3301792145
403759,1751924768.1951067,1751925023.157339,batch_consumer-sts-0_20250707_215034_005674.csv,True,False,False,1751925135.3272393,367132.1325302124
403769,1751924768.195314,1751925023.180776,batch_consumer-sts-0_20250707_215034_005674.csv,True,False,False,1751925135.3272393,367131.92534446716
403779,1751924768.195506,1751925023.2052846,batch_consumer-sts-0_20250707_215034_005674.csv,True,False,False,1751925135.3272393,367131.7331790924
403789,1751924768.1956823,1751925023.2302525,batch_consumer-sts-0_20250707_215034_005674.csv,True,False,False,1751925135.3272393,367131.55698776245
403799,1751924768.195865,1751925023.2577865,batch_consumer-sts-0_20250707_215034_005674.csv,True,False,False,1751925135.3272393,367131.37435913086
403809,1751924768.1960447,1751925023.2827606,batch_consumer-sts-0_20250707_215034_005674.csv,True,False,False,1751925135.3272393,367131.1945915222
403819,1751924768.1962447,1751925023.308136,batch_consumer-sts-0_20250707_215034_005674.csv,True,False,False,1751925135.3272393,367130.99455833435
403829,1751924768.1964293,1751925023.3325984,batch_consumer-sts-0_20250707_215034_005674.csv,True,False,False,1751925135.3272393,367130.8100223541
403839,1751924768.196656,1751925023.357154,batch_consumer-sts-0_20250707_215034_005674.csv,True,False,False,1751925135.3272393,367130.5832862854
403849,1751924768.1968868,1751925023.3818977,batch_consumer-sts-0_20250707_215034_005674.csv,True,False,False,1751925135.3272393,367130.35249710083
403859,1751924768.1971197,1751925023.4079096,batch_consumer-sts-0_20250707_215034_005674.csv,True,False,False,1751925135.3272393,367130.11956214905
403869,1751924768.197353,1751925023.432823,batch_consumer-sts-0_20250707_215034_005674.csv,True,False,False,1751925135.3272393,367129.8863887787
403879,1751924768.197579,1751925023.4575176,batch_consumer-sts-0_20250707_215034_005674.csv,True,False,False,1751925135.3272393,367129.6603679657
403889,1751924768.197819,1751925023.4833343,batch_consumer-sts-0_20250707_215034_005674.csv,True,False,False,1751925135.3272393,367129.42028045654
403899,1751924768.1980152,1751925023.5082743,batch_consumer-sts-0_20250707_215034_005674.csv,True,False,False,1751925135.3272393,367129.22406196594
403909,1751924768.198216,1751925023.5329812,batch_consumer-sts-0_20250707_215034_005674.csv,True,False,False,1751925135.3272393,367129.02331352234
403919,1751924768.1984105,1751925023.5578556,batch_consumer-sts-0_20250707_215034_005674.csv,True,False,False,1751925135.3272393,367128.8287639618
403929,1751924768.198639,1751925023.5829706,batch_consumer-sts-0_20250707_215034_005674.csv,True,False,False,1751925135.3272393,367128.600358963
403939,1751924768.1988702,1751925023.6079338,batch_consumer-sts-0_20250707_215034_005674.csv,True,False,False,1751925135.3272393,367128.3690929413
403949,1751924768.1991017,1751925023.633948,batch_consumer-sts-0_20250707_215034_005674.csv,True,False,False,1751925135.3272393,367128.137588501
403959,1751924768.1993296,1751925023.6584551,batch_consumer-sts-0_20250707_215034_005674.csv,True,False,False,1751925135.3272393,367127.90966033936
403969,1751924768.1995518,1751925023.6846724,batch_consumer-sts-0_20250707_215034_005674.csv,True,False,False,1751925135.3272393,367127.68745422363
403979,1751924768.1998014,1751925023.7087097,batch_consumer-sts-0_20250707_215034_005674.csv,True,False,False,1751925135.3272393,367127.4378299713
403989,1751924768.1999862,1751925023.7339349,batch_consumer-sts-0_20250707_215034_005674.csv,True,False,False,1751925135.3272393,367127.2530555725
403999,1751924768.2001674,1751925023.759206,batch_consumer-sts-0_20250707_215034_005674.csv,True,False,False,1751925135.3272393,367127.0718574524
404009,1751924768.2003453,1751925023.7853527,batch_consumer-sts-0_20250707_215034_005674.csv,True,False,False,1751925135.3272393,367126.8939971924
404019,1751924768.2005296,1751925023.808648,batch_consumer-sts-0_20250707_215034_005674.csv,True,False,False,1751925135.3272393,367126.70969963074
404029,1751924768.2007074,1751925023.8336823,batch_consumer-sts-0_20250707_215034_005674.csv,True,False,False,1751925135.3272393,367126.5318393707
404039,1751924768.200887,1751925023.858167,batch_consumer-sts-0_20250707_215034_005674.csv,True,False,False,1751925135.3272393,367126.35231018066
404049,1751924768.2010655,1751925023.8835192,batch_consumer-sts-0_20250707_215034_005674.csv,True,False,False,1751925135.3272393,367126.1737346649
404059,1751924768.2012537,1751925023.9089046,batch_consumer-sts-0_20250707_215034_005674.csv,True,False,False,1751925135.3272393,367125.985622406
404069,1751924768.201435,1751925023.935841,batch_consumer-sts-0_20250707_215034_005674.csv,True,False,False,1751925135.3272393,367125.8041858673
404079,1751924768.201617,1751925024.2148118,batch_consumer-sts-0_20250707_215034_005674.csv,True,False,False,1751925135.3272393,367125.62227249146
404089,1751924768.2018027,1751925024.2502,batch_consumer-sts-0_20250707_215034_005674.csv,True,False,False,1751925135.3272393,367125.43654441833
404099,1751924768.2019856,1751925024.274721,batch_consumer-sts-0_20250707_215034_005674.csv,True,False,False,1751925135.3272393,367125.25367736816
404109,1751924768.2021954,1751925024.2995417,batch_consumer-sts-0_20250707_215034_005674.csv,True,False,False,1751925135.3272393,367125.04386901855
404119,1751924768.202377,1751925024.3243227,batch_consumer-sts-0_20250707_215034_005674.csv,True,False,False,1751925135.3272393,367124.8621940613
404129,1751924768.20256,1751925024.349195,batch_consumer-sts-0_20250707_215034_005674.csv,True,False,False,1751925135.3272393,367124.6793270111
404139,1751924768.2027392,1751925024.3739204,batch_consumer-sts-0_20250707_215034_005674.csv,True,False,False,1751925135.3272393,367124.5000362396
404149,1751924768.202917,1751925024.3986597,batch_consumer-sts-0_20250707_215034_005674.csv,True,False,False,1751925135.3272393,367124.3221759796
404159,1751924768.2030945,1751925024.4231782,batch_consumer-sts-0_20250707_215034_005674.csv,True,False,False,1751925135.3272393,367124.14479255676
404169,1751924768.203309,1751925024.4468944,batch_consumer-sts-0_20250707_215034_005674.csv,True,False,False,1751925135.3272393,367123.9302158356
404179,1751924768.2035074,1751925024.4717443,batch_consumer-sts-0_20250707_215034_005674.csv,True,False,False,1751925135.3272393,367123.73185157776
404189,1751924768.2036898,1751925024.4962687,batch_consumer-sts-0_20250707_215034_005674.csv,True,False,False,1751925135.3272393,367123.54946136475
404199,1751924768.2038734,1751925024.527316,batch_consumer-sts-0_20250707_215034_005674.csv,True,False,False,1751925135.3272393,367123.36587905884
470319,1751924769.6915815,1751925024.552101,batch_consumer-sts-0_20250707_215034_005674.csv,True,False,False,1751925135.3272393,365635.657787323
470329,1751924769.6917646,1751925024.578143,batch_consumer-sts-0_20250707_215034_005674.csv,True,False,False,1751925135.3272393,365635.47468185425
470339,1751924769.6919496,1751925024.603511,batch_consumer-sts-0_20250707_215034_005674.csv,True,False,False,1751925135.3272393,365635.28966903687
470349,1751924769.6921356,1751925024.6342363,batch_consumer-sts-0_20250707_215034_005674.csv,True,False,False,1751925135.3272393,365635.10370254517
470359,1751924769.6923234,1751925024.6619685,batch_consumer-sts-0_20250707_215034_005674.csv,True,False,False,1751925135.3272393,365634.91582870483
470369,1751924769.6925037,1751925024.6866918,batch_consumer-sts-0_20250707_215034_005674.csv,True,False,False,1751925135.3272393,365634.73558425903
470379,1751924769.692689,1751925024.7107916,batch_consumer-sts-0_20250707_215034_005674.csv,True,False,False,1751925135.3272393,365634.5503330231
470389,1751924769.6928833,1751925024.7356915,batch_consumer-sts-0_20250707_215034_005674.csv,True,False,False,1751925135.3272393,365634.3560218811
470399,1751924769.6930735,1751925024.762064,batch_consumer-sts-0_20250707_215034_005674.csv,True,False,False,1751925135.3272393,365634.165763855
470409,1751924769.6932578,1751925024.7869048,batch_consumer-sts-0_20250707_215034_005674.csv,True,False,False,1751925135.3272393,365633.98146629333
470419,1751924769.6934772,1751925024.8109205,batch_consumer-sts-0_20250707_215034_005674.csv,True,False,False,1751925135.3272393,365633.76212120056
470429,1751924769.6936753,1751925024.8356729,batch_consumer-sts-0_20250707_215034_005674.csv,True,False,False,1751925135.3272393,365633.5639953613
470439,1751924769.693873,1751925024.8622577,batch_consumer-sts-0_20250707_215034_005674.csv,True,False,False,1751925135.3272393,365633.36634635925
470449,1751924769.6940684,1751925024.886013,batch_consumer-sts-0_20250707_215034_005674.csv,True,False,False,1751925135.3272393,365633.1708431244
470459,1751924769.694269,1751925024.9109616,batch_consumer-sts-0_20250707_215034_005674.csv,True,False,False,1751925135.3272393,365632.97033309937
470469,1751924769.694474,1751925024.9363482,batch_consumer-sts-0_20250707_215034_005674.csv,True,False,False,1751925135.3272393,365632.76529312134
470479,1751924769.6946695,1751925024.961046,batch_consumer-sts-0_20250707_215034_005674.csv,True,False,False,1751925135.3272393,365632.5697898865
470489,1751924769.6949146,1751925025.9878082,batch_consumer-sts-0_20250707_215034_005674.csv,True,False,False,1751925135.3272393,365632.32469558716
470499,1751924769.6951342,1751925026.012223,batch_consumer-sts-0_20250707_215034_005674.csv,True,False,False,1751925135.3272393,365632.1051120758
470509,1751924769.695352,1751925026.0362363,batch_consumer-sts-0_20250707_215034_005674.csv,True,False,False,1751925135.3272393,365631.8871974945
470519,1751924769.6955788,1751925026.0612562,batch_consumer-sts-0_20250707_215034_005674.csv,True,False,False,1751925135.3272393,365631.6604614258
470529,1751924769.6957762,1751925026.085394,batch_consumer-sts-0_20250707_215034_005674.csv,True,False,False,1751925135.3272393,365631.4630508423
470539,1751924769.6959803,1751925026.1097808,batch_consumer-sts-0_20250707_215034_005674.csv,True,False,False,1751925135.3272393,365631.2589645386
470549,1751924769.69618,1751925026.1347663,batch_consumer-sts-0_20250707_215034_005674.csv,True,False,False,1751925135.3272393,365631.0591697693
470559,1751924769.6963818,1751925026.1599803,batch_consumer-sts-0_20250707_215034_005674.csv,True,False,False,1751925135.3272393,365630.85746765137
470569,1751924769.6966257,1751925026.184788,batch_consumer-sts-0_20250707_215034_005674.csv,True,False,False,1751925135.3272393,365630.61356544495
470579,1751924769.6968443,1751925026.2089715,batch_consumer-sts-0_20250707_215034_005674.csv,True,False,False,1751925135.3272393,365630.3949356079
470589,1751924769.6970716,1751925026.235738,batch_consumer-sts-0_20250707_215034_005674.csv,True,False,False,1751925135.3272393,365630.167722702
470599,1751924769.697289,1751925026.314999,batch_consumer-sts-0_20250707_215034_005674.csv,True,False,False,1751925135.3272393,365629.9502849579
470609,1751924769.697494,1751925026.339825,batch_consumer-sts-0_20250707_215034_005674.csv,True,False,False,1751925135.3272393,365629.74524497986
470619,1751924769.6976826,1751925026.3647318,batch_consumer-sts-0_20250707_215034_005674.csv,True,False,False,1751925135.3272393,365629.5566558838
470629,1751924769.6978753,1751925026.3890836,batch_consumer-sts-0_20250707_215034_005674.csv,True,False,False,1751925135.3272393,365629.3640136719
470639,1751924769.6981096,1751925026.41306,batch_consumer-sts-0_20250707_215034_005674.csv,True,False,False,1751925135.3272393,365629.1296482086
470649,1751924769.698411,1751925026.4380205,batch_consumer-sts-0_20250707_215034_005674.csv,True,False,False,1751925135.3272393,365628.82828712463
470659,1751924769.6987262,1751925026.4634194,batch_consumer-sts-0_20250707_215034_005674.csv,True,False,False,1751925135.3272393,365628.51309776306
470669,1751924769.699927,1751925026.4885192,batch_consumer-sts-0_20250707_215034_005674.csv,True,False,False,1751925135.3272393,365627.3121833801
470679,1751924769.7004237,1751925026.5128455,batch_consumer-sts-0_20250707_215034_005674.csv,True,False,False,1751925135.3272393,365626.81555747986
470689,1751924769.7006102,1751925026.5376608,batch_consumer-sts-0_20250707_215034_005674.csv,True,False,False,1751925135.3272393,365626.629114151
470699,1751924769.7007957,1751925026.5628276,batch_consumer-sts-0_20250707_215034_005674.csv,True,False,False,1751925135.3272393,365626.44362449646
470709,1751924769.7009728,1751925026.5879502,batch_consumer-sts-0_20250707_215034_005674.csv,True,False,False,1751925135.3272393,365626.2664794922
470719,1751924769.701156,1751925026.612357,batch_consumer-sts-0_20250707_215034_005674.csv,True,False,False,1751925135.3272393,365626.08337402344
470729,1751924769.7013392,1751925026.63849,batch_consumer-sts-0_20250707_215034_005674.csv,True,False,False,1751925135.3272393,365625.9000301361
470739,1751924769.7015295,1751925026.663674,batch_consumer-sts-0_20250707_215034_005674.csv,True,False,False,1751925135.3272393,365625.70977211
470749,1751924769.701702,1751925026.689023,batch_consumer-sts-0_20250707_215034_005674.csv,True,False,False,1751925135.3272393,365625.5371570587
470759,1751924769.7018783,1751925026.7133536,batch_consumer-sts-0_20250707_215034_005674.csv,True,False,False,1751925135.3272393,365625.36096572876
470769,1751924769.7020571,1751925026.738377,batch_consumer-sts-0_20250707_215034_005674.csv,True,False,False,1751925135.3272393,365625.18215179443
470779,1751924769.702305,1751925026.764017,batch_consumer-sts-0_20250707_215034_005674.csv,True,False,False,1751925135.3272393,365624.93419647217
470789,1751924769.7024982,1751925026.816991,batch_consumer-sts-0_20250707_215034_005674.csv,True,False,False,1751925135.3272393,365624.7410774231
470799,1751924769.7026863,1751925026.84278,batch_consumer-sts-0_20250707_215034_005674.csv,True,False,False,1751925135.3272393,365624.5529651642
470809,1751924769.7028756,1751925026.8678627,batch_consumer-sts-0_20250707_215034_005674.csv,True,False,False,1751925135.3272393,365624.3636608124
470819,1751924769.7036238,1751925026.8929217,batch_consumer-sts-0_20250707_215034_005674.csv,True,False,False,1751925135.3272393,365623.61550331116
470829,1751924769.7040565,1751925026.916948,batch_consumer-sts-0_20250707_215034_005674.csv,True,False,False,1751925135.3272393,365623.1827735901
470839,1751924769.7042398,1751925026.9416883,batch_consumer-sts-0_20250707_215034_005674.csv,True,False,False,1751925135.3272393,365622.99942970276
470849,1751924769.704671,1751925026.966891,batch_consumer-sts-0_20250707_215034_005674.csv,True,False,False,1751925135.3272393,365622.56836891174
470859,1751924769.7051058,1751925026.992121,batch_consumer-sts-0_20250707_215034_005674.csv,True,False,False,1751925135.3272393,365622.13349342346
470869,1751924769.705551,1751925027.0164042,batch_consumer-sts-0_20250707_215034_005674.csv,True,False,False,1751925135.3272393,365621.6883659363
470879,1751924769.7059884,1751925027.0410693,batch_consumer-sts-0_20250707_215034_005674.csv,True,False,False,1751925135.3272393,365621.2508678436
470889,1751924769.706176,1751925027.0656748,batch_consumer-sts-0_20250707_215034_005674.csv,True,False,False,1751925135.3272393,365621.0632324219
470899,1751924769.7063878,1751925027.0900152,batch_consumer-sts-0_20250707_215034_005674.csv,True,False,False,1751925135.3272393,365620.85151672363
470909,1751924769.7065823,1751925027.114119,batch_consumer-sts-0_20250707_215034_005674.csv,True,False,False,1751925135.3272393,365620.6569671631
470919,1751924769.7067814,1751925027.1396687,batch_consumer-sts-0_20250707_215034_005674.csv,True,False,False,1751925135.3272393,365620.45788764954
470929,1751924769.7069676,1751925027.165104,batch_consumer-sts-0_20250707_215034_005674.csv,True,False,False,1751925135.3272393,365620.27168273926
470939,1751924769.7071495,1751925027.1901655,batch_consumer-sts-0_20250707_215034_005674.csv,True,False,False,1751925135.3272393,365620.0897693634
470949,1751924769.7073302,1751925027.2143924,batch_consumer-sts-0_20250707_215034_005674.csv,True,False,False,1751925135.3272393,365619.90904808044
470959,1751924769.7075124,1751925027.239553,batch_consumer-sts-0_20250707_215034_005674.csv,True,False,False,1751925135.3272393,365619.726896286
470969,1751924769.7076936,1751925027.2643223,batch_consumer-sts-0_20250707_215034_005674.csv,True,False,False,1751925135.3272393,365619.5456981659
470979,1751924769.7078788,1751925027.2890844,batch_consumer-sts-0_20250707_215034_005674.csv,True,False,False,1751925135.3272393,365619.36044692993
470989,1751924769.7080667,1751925027.3130124,batch_consumer-sts-0_20250707_215034_005674.csv,True,False,False,1751925135.3272393,365619.1725730896
470999,1751924769.7085054,1751925027.3379114,batch_consumer-sts-0_20250707_215034_005674.csv,True,False,False,1751925135.3272393,365618.73388290405
471009,1751924769.7088275,1751925027.3629208,batch_consumer-sts-0_20250707_215034_005674.csv,True,False,False,1751925135.3272393,365618.4117794037
471019,1751924769.7095428,1751925027.38783,batch_consumer-sts-0_20250707_215034_005674.csv,True,False,False,1751925135.3272393,365617.6965236664
471029,1751924769.709906,1751925027.412417,batch_consumer-sts-0_20250707_215034_005674.csv,True,False,False,1751925135.3272393,365617.33317375183
471039,1751924769.7114325,1751925027.4369907,batch_consumer-sts-0_20250707_215034_005674.csv,True,False,False,1751925135.3272393,365615.8068180084
471049,1751924769.711639,1751925027.4620004,batch_consumer-sts-0_20250707_215034_005674.csv,True,False,False,1751925135.3272393,365615.6003475189
471059,1751924769.711852,1751925027.4871998,batch_consumer-sts-0_20250707_215034_005674.csv,True,False,False,1751925135.3272393,365615.3872013092
471069,1751924769.7120562,1751925027.5114586,batch_consumer-sts-0_20250707_215034_005674.csv,True,False,False,1751925135.3272393,365615.1831150055
471079,1751924769.71249,1751925027.5405176,batch_consumer-sts-0_20250707_215034_005674.csv,True,False,False,1751925135.3272393,365614.7491931915
471089,1751924769.712762,1751925027.8551016,batch_consumer-sts-0_20250707_215034_005674.csv,True,False,False,1751925135.3272393,365614.4771575928
471099,1751924769.7129557,1751925027.8814,batch_consumer-sts-0_20250707_215034_005674.csv,True,False,False,1751925135.3272393,365614.28356170654
471109,1751924769.7131536,1751925027.905839,batch_consumer-sts-0_20250707_215034_005674.csv,True,False,False,1751925135.3272393,365614.0856742859
471119,1751924769.713355,1751925027.9310362,batch_consumer-sts-0_20250707_215034_005674.csv,True,False,False,1751925135.3272393,365613.88421058655
471129,1751924769.7135575,1751925027.9562826,batch_consumer-sts-0_20250707_215034_005674.csv,True,False,False,1751925135.3272393,365613.6817932129
471139,1751924769.713738,1751925027.9806435,batch_consumer-sts-0_20250707_215034_005674.csv,True,False,False,1751925135.3272393,365613.5013103485
471149,1751924769.7139137,1751925028.0060568,batch_consumer-sts-0_20250707_215034_005674.csv,True,False,False,1751925135.3272393,365613.3255958557
471159,1751924769.7140954,1751925028.0309362,batch_consumer-sts-0_20250707_215034_005674.csv,True,False,False,1751925135.3272393,365613.14392089844
471169,1751924769.714285,1751925028.0559535,batch_consumer-sts-0_20250707_215034_005674.csv,True,False,False,1751925135.3272393,365612.95437812805
471179,1751924769.7145026,1751925028.0809624,batch_consumer-sts-0_20250707_215034_005674.csv,True,False,False,1751925135.3272393,365612.73670196533
471189,1751924769.7146845,1751925028.1053495,batch_consumer-sts-0_20250707_215034_005674.csv,True,False,False,1751925135.3272393,365612.5547885895
471199,1751924769.7148666,1751925028.129656,batch_consumer-sts-0_20250707_215034_005674.csv,True,False,False,1751925135.3272393,365612.37263679504
471209,1751924769.715419,1751925028.1541948,batch_consumer-sts-0_20250707_215034_005674.csv,True,False,False,1751925135.3272393,365611.82022094727
471219,1751924769.7156026,1751925028.1823907,batch_consumer-sts-0_20250707_215034_005674.csv,True,False,False,1751925135.3272393,365611.63663864136
471229,1751924769.715791,1751925028.2068298,batch_consumer-sts-0_20250707_215034_005674.csv,True,False,False,1751925135.3272393,365611.44828796387
471239,1751924769.715968,1751925028.231652,batch_consumer-sts-0_20250707_215034_005674.csv,True,False,False,1751925135.3272393,365611.2713813782
471249,1751924769.7161503,1751925028.255984,batch_consumer-sts-0_20250707_215034_005674.csv,True,False,False,1751925135.3272393,365611.08899116516
471259,1751924769.7163265,1751925028.280832,batch_consumer-sts-0_20250707_215034_005674.csv,True,False,False,1751925135.3272393,365610.9127998352
471269,1751924769.7165089,1751925028.3052664,batch_consumer-sts-0_20250707_215034_005674.csv,True,False,False,1751925135.3272393,365610.7304096222
471279,1751924769.7166908,1751925028.3297763,batch_consumer-sts-0_20250707_215034_005674.csv,True,False,False,1751925135.3272393,365610.54849624634
471289,1751924769.7168727,1751925028.3550432,batch_consumer-sts-0_20250707_215034_005674.csv,True,False,False,1751925135.3272393,365610.3665828705
471299,1751924769.7170565,1751925028.380693,batch_consumer-sts-0_20250707_215034_005674.csv,True,False,False,1751925135.3272393,365610.182762146
471309,1751924769.7172365,1751925028.4052942,batch_consumer-sts-0_20250707_215034_005674.csv,True,False,False,1751925135.3272393,365610.0027561188
471319,1751924769.7174182,1751925028.4288106,batch_consumer-sts-0_20250707_215034_005674.csv,True,False,False,1751925135.3272393,365609.8210811615
471329,1751924769.717601,1751925028.454033,batch_consumer-sts-0_20250707_215034_005674.csv,True,False,False,1751925135.3272393,365609.6382141113
471339,1751924769.7177858,1751925028.4785576,batch_consumer-sts-0_20250707_215034_005674.csv,True,False,False,1751925135.3272393,365609.4534397125
471349,1751924769.717967,1751925028.5037887,batch_consumer-sts-0_20250707_215034_005674.csv,True,False,False,1751925135.3272393,365609.2722415924
471359,1751924769.718146,1751925028.5290704,batch_consumer-sts-0_20250707_215034_005674.csv,True,False,False,1751925135.3272393,365609.0931892395
471369,1751924769.7183385,1751925028.5538974,batch_consumer-sts-0_20250707_215034_005674.csv,True,False,False,1751925135.3272393,365608.90078544617
471379,1751924769.718519,1751925028.578705,batch_consumer-sts-0_20250707_215034_005674.csv,True,False,False,1751925135.3272393,365608.7203025818
471389,1751924769.718702,1751925028.6036737,batch_consumer-sts-0_20250707_215034_005674.csv,True,False,False,1751925135.3272393,365608.53719711304
471399,1751924769.718886,1751925028.6284668,batch_consumer-sts-0_20250707_215034_005674.csv,True,False,False,1751925135.3272393,365608.35337638855
471409,1751924769.7190695,1751925028.653227,batch_consumer-sts-0_20250707_215034_005674.csv,True,False,False,1751925135.3272393,365608.16979408264
471419,1751924769.719251,1751925028.6770236,batch_consumer-sts-0_20250707_215034_005674.csv,True,False,False,1751925135.3272393,365607.98835754395
471429,1751924769.7194405,1751925028.701808,batch_consumer-sts-0_20250707_215034_005674.csv,True,False,False,1751925135.3272393,365607.79881477356
471439,1751924769.7196214,1751925028.726563,batch_consumer-sts-0_20250707_215034_005674.csv,True,False,False,1751925135.3272393,365607.617855072
471449,1751924769.719806,1751925028.7516491,batch_consumer-sts-0_20250707_215034_005674.csv,True,False,False,1751925135.3272393,365607.4333190918
471459,1751924769.719987,1751925028.7767344,batch_consumer-sts-0_20250707_215034_005674.csv,True,False,False,1751925135.3272393,365607.25235939026
471469,1751924769.7201774,1751925028.8017528,batch_consumer-sts-0_20250707_215034_005674.csv,True,False,False,1751925135.3272393,365607.06186294556
471479,1751924769.7203555,1751925028.826723,batch_consumer-sts-0_20250707_215034_005674.csv,True,False,False,1751925135.3272393,365606.88376426697
471489,1751924769.7205353,1751925028.8518522,batch_consumer-sts-0_20250707_215034_005674.csv,True,False,False,1751925135.3272393,365606.7039966583
471499,1751924769.7207167,1751925028.8776386,batch_consumer-sts-0_20250707_215034_005674.csv,True,False,False,1751925135.3272393,365606.5225601196
471509,1751924769.7209044,1751925028.9023356,batch_consumer-sts-0_20250707_215034_005674.csv,True,False,False,1751925135.3272393,365606.3349246979
471519,1751924769.7210872,1751925028.926633,batch_consumer-sts-0_20250707_215034_005674.csv,True,False,False,1751925135.3272393,365606.1520576477
471529,1751924769.7212713,1751925028.9513257,batch_consumer-sts-0_20250707_215034_005674.csv,True,False,False,1751925135.3272393,365605.96799850464
471539,1751924769.7214563,1751925028.976957,batch_consumer-sts-0_20250707_215034_005674.csv,True,False,False,1751925135.3272393,365605.78298568726
471549,1751924769.721664,1751925029.001847,batch_consumer-sts-0_20250707_215034_005674.csv,True,False,False,1751925135.3272393,365605.57532310486
471559,1751924769.7221217,1751925029.0259657,batch_consumer-sts-0_20250707_215034_005674.csv,True,False,False,1751925135.3272393,365605.117559433
471569,1751924769.7223182,1751925029.0503633,batch_consumer-sts-0_20250707_215034_005674.csv,True,False,False,1751925135.3272393,365604.9211025238
471579,1751924769.7229948,1751925029.449767,batch_consumer-sts-0_20250707_215034_005674.csv,True,False,False,1751925135.3272393,365604.2444705963
471589,1751924769.723186,1751925029.4746668,batch_consumer-sts-0_20250707_215034_005674.csv,True,False,False,1751925135.3272393,365604.0532588959
471599,1751924769.723734,1751925029.49958,batch_consumer-sts-0_20250707_215034_005674.csv,True,False,False,1751925135.3272393,365603.5053730011
471609,1751924769.7239892,1751925029.524471,batch_consumer-sts-0_20250707_215034_005674.csv,True,False,False,1751925135.3272393,365603.2500267029
471619,1751924769.724182,1751925029.5491526,batch_consumer-sts-0_20250707_215034_005674.csv,True,False,False,1751925135.3272393,365603.05738449097
471629,1751924769.7243743,1751925029.573023,batch_consumer-sts-0_20250707_215034_005674.csv,True,False,False,1751925135.3272393,365602.86498069763
471639,1751924769.7245786,1751925029.5977736,batch_consumer-sts-0_20250707_215034_005674.csv,True,False,False,1751925135.3272393,365602.66065597534
471649,1751924769.7247562,1751925029.6235988,batch_consumer-sts-0_20250707_215034_005674.csv,True,False,False,1751925135.3272393,365602.4830341339
471659,1751924769.7249398,1751925029.6492836,batch_consumer-sts-0_20250707_215034_005674.csv,True,False,False,1751925135.3272393,365602.299451828
471669,1751924769.725118,1751925029.676777,batch_consumer-sts-0_20250707_215034_005674.csv,True,False,False,1751925135.3272393,365602.1213531494
471679,1751924769.7252948,1751925029.7018478,batch_consumer-sts-0_20250707_215034_005674.csv,True,False,False,1751925135.3272393,365601.9444465637
471689,1751924769.725478,1751925029.7271662,batch_consumer-sts-0_20250707_215034_005674.csv,True,False,False,1751925135.3272393,365601.76134109497
471699,1751924769.7256613,1751925029.7523556,batch_consumer-sts-0_20250707_215034_005674.csv,True,False,False,1751925135.3272393,365601.57799720764
471709,1751924769.725844,1751925029.777671,batch_consumer-sts-0_20250707_215034_005674.csv,True,False,False,1751925135.3272393,365601.39536857605
471719,1751924769.72603,1751925029.8029566,batch_consumer-sts-0_20250707_215034_005674.csv,True,False,False,1751925135.3272393,365601.2091636658
471729,1751924769.7262533,1751925029.8278384,batch_consumer-sts-0_20250707_215034_005674.csv,True,False,False,1751925135.3272393,365600.98600387573
471739,1751924769.726447,1751925029.8526807,batch_consumer-sts-0_20250707_215034_005674.csv,True,False,False,1751925135.3272393,365600.7921695709
471749,1751924769.7266445,1751925029.8776329,batch_consumer-sts-0_20250707_215034_005674.csv,True,False,False,1751925135.3272393,365600.5947589874
471759,1751924769.726836,1751925029.902627,batch_consumer-sts-0_20250707_215034_005674.csv,True,False,False,1751925135.3272393,365600.4033088684
471769,1751924769.727033,1751925029.9282749,batch_consumer-sts-0_20250707_215034_005674.csv,True,False,False,1751925135.3272393,365600.20637512207
471779,1751924769.727229,1751925029.955237,batch_consumer-sts-0_20250707_215034_005674.csv,True,False,False,1751925135.3272393,365600.01015663147
471789,1751924769.7274344,1751925029.9802985,batch_consumer-sts-0_20250707_215034_005674.csv,True,False,False,1751925135.3272393,365599.80487823486
471799,1751924769.727615,1751925030.0041995,batch_consumer-sts-0_20250707_215034_005674.csv,True,False,False,1751925135.3272393,365599.6241569519
471809,1751924769.727802,1751925030.02853,batch_consumer-sts-0_20250707_215034_005674.csv,True,False,False,1751925135.3272393,365599.4372367859
471819,1751924769.7279804,1751925030.0537632,batch_consumer-sts-0_20250707_215034_005674.csv,True,False,False,1751925135.3272393,365599.2588996887
471829,1751924769.7281618,1751925030.0788062,batch_consumer-sts-0_20250707_215034_005674.csv,True,False,False,1751925135.3272393,365599.07746315
471839,1751924769.728342,1751925030.103395,batch_consumer-sts-0_20250707_215034_005674.csv,True,False,False,1751925135.3272393,365598.8972187042
471849,1751924769.7285187,1751925030.1281252,batch_consumer-sts-0_20250707_215034_005674.csv,True,False,False,1751925135.3272393,365598.7205505371
471859,1751924769.7286987,1751925030.1528523,batch_consumer-sts-0_20250707_215034_005674.csv,True,False,False,1751925135.3272393,365598.5405445099
471869,1751924769.7288854,1751925030.1777132,batch_consumer-sts-0_20250707_215034_005674.csv,True,False,False,1751925135.3272393,365598.35386276245
471879,1751924769.7290654,1751925030.202943,batch_consumer-sts-0_20250707_215034_005674.csv,True,False,False,1751925135.3272393,365598.17385673523
471889,1751924769.7292545,1751925031.230693,batch_consumer-sts-0_20250707_215034_005674.csv,True,False,False,1751925135.3272393,365597.984790802
471899,1751924769.7294383,1751925031.2556305,batch_consumer-sts-0_20250707_215034_005674.csv,True,False,False,1751925135.3272393,365597.8009700775
471909,1751924769.729619,1751925031.280681,batch_consumer-sts-0_20250707_215034_005674.csv,True,False,False,1751925135.3272393,365597.62024879456
471919,1751924769.729801,1751925031.3059793,batch_consumer-sts-0_20250707_215034_005674.csv,True,False,False,1751925135.3272393,365597.4383354187
471929,1751924769.7299805,1751925031.3309245,batch_consumer-sts-0_20250707_215034_005674.csv,True,False,False,1751925135.3272393,365597.25880622864
471939,1751924769.7301674,1751925031.3608902,batch_consumer-sts-0_20250707_215034_005674.csv,True,False,False,1751925135.3272393,365597.0718860626
471949,1751924769.7303538,1751925031.825227,batch_consumer-sts-0_20250707_215034_005674.csv,True,False,False,1751925135.3272393,365596.88544273376
471959,1751924769.73054,1751925031.8500755,batch_consumer-sts-0_20250707_215034_005674.csv,True,False,False,1751925135.3272393,365596.6992378235
471969,1751924769.7307203,1751925031.874714,batch_consumer-sts-0_20250707_215034_005674.csv,True,False,False,1751925135.3272393,365596.5189933777
471979,1751924769.7308967,1751925031.9394245,batch_consumer-sts-0_20250707_215034_005674.csv,True,False,False,1751925135.3272393,365596.34256362915
471989,1751924769.7310853,1751925031.9639783,batch_consumer-sts-0_20250707_215034_005674.csv,True,False,False,1751925135.3272393,365596.1539745331
471999,1751924769.7312682,1751925031.9886177,batch_consumer-sts-0_20250707_215034_005674.csv,True,False,False,1751925135.3272393,365595.9711074829
472009,1751924769.7314532,1751925032.0128603,batch_consumer-sts-0_20250707_215034_005674.csv,True,False,False,1751925135.3272393,365595.7860946655
485219,1751924770.0125394,1751925032.0396411,batch_consumer-sts-0_20250707_215034_005674.csv,True,False,False,1751925135.3272393,365314.69988822937
485229,1751924770.0128052,1751925032.064313,batch_consumer-sts-0_20250707_215034_005674.csv,True,False,False,1751925135.3272393,365314.4340515137
485239,1751924770.0130174,1751925032.08803,batch_consumer-sts-0_20250707_215034_005674.csv,True,False,False,1751925135.3272393,365314.2218589783
485249,1751924770.0132184,1751925032.1127405,batch_consumer-sts-0_20250707_215034_005674.csv,True,False,False,1751925135.3272393,365314.0208721161
485259,1751924770.013428,1751925032.1376286,batch_consumer-sts-0_20250707_215034_005674.csv,True,False,False,1751925135.3272393,365313.81130218506
485269,1751924770.0136335,1751925032.168434,batch_consumer-sts-0_20250707_215034_005674.csv,True,False,False,1751925135.3272393,365313.6057853699
485279,1751924770.013833,1751925032.1932971,batch_consumer-sts-0_20250707_215034_005674.csv,True,False,False,1751925135.3272393,365313.40622901917
485289,1751924770.0140345,1751925032.2173834,batch_consumer-sts-0_20250707_215034_005674.csv,True,False,False,1751925135.3272393,365313.2047653198
485299,1751924770.0142715,1751925032.2435536,batch_consumer-sts-0_20250707_215034_005674.csv,True,False,False,1751925135.3272393,365312.9677772522
485309,1751924770.0144866,1751925032.269362,batch_consumer-sts-0_20250707_215034_005674.csv,True,False,False,1751925135.3272393,365312.75272369385
485319,1751924770.0147042,1751925032.2946646,batch_consumer-sts-0_20250707_215034_005674.csv,True,False,False,1751925135.3272393,365312.5350475311
485329,1751924770.0149138,1751925032.319163,batch_consumer-sts-0_20250707_215034_005674.csv,True,False,False,1751925135.3272393,365312.3254776001
485339,1751924770.015128,1751925032.344092,batch_consumer-sts-0_20250707_215034_005674.csv,True,False,False,1751925135.3272393,365312.11137771606
485349,1751924770.0153384,1751925032.369,batch_consumer-sts-0_20250707_215034_005674.csv,True,False,False,1751925135.3272393,365311.9008541107
485359,1751924770.01555,1751925032.393782,batch_consumer-sts-0_20250707_215034_005674.csv,True,False,False,1751925135.3272393,365311.68937683105
485369,1751924770.0157554,1751925032.4181137,batch_consumer-sts-0_20250707_215034_005674.csv,True,False,False,1751925135.3272393,365311.48386001587
485379,1751924770.015961,1751925032.5593126,batch_consumer-sts-0_20250707_215034_005674.csv,True,False,False,1751925135.3272393,365311.2783432007
485389,1751924770.0161643,1751925032.5848324,batch_consumer-sts-0_20250707_215034_005674.csv,True,False,False,1751925135.3272393,365311.0749721527
485399,1751924770.016371,1751925032.6094344,batch_consumer-sts-0_20250707_215034_005674.csv,True,False,False,1751925135.3272393,365310.8682632446
485409,1751924770.016577,1751925032.634484,batch_consumer-sts-0_20250707_215034_005674.csv,True,False,False,1751925135.3272393,365310.6622695923
485419,1751924770.0167994,1751925032.66614,batch_consumer-sts-0_20250707_215034_005674.csv,True,False,False,1751925135.3272393,365310.439825058
485429,1751924770.0170164,1751925032.6929257,batch_consumer-sts-0_20250707_215034_005674.csv,True,False,False,1751925135.3272393,365310.222864151
485439,1751924770.0172293,1751925032.7174826,batch_consumer-sts-0_20250707_215034_005674.csv,True,False,False,1751925135.3272393,365310.00995635986
485449,1751924770.017447,1751925032.742237,batch_consumer-sts-0_20250707_215034_005674.csv,True,False,False,1751925135.3272393,365309.79228019714
485459,1751924770.017661,1751925032.766142,batch_consumer-sts-0_20250707_215034_005674.csv,True,False,False,1751925135.3272393,365309.5781803131
485469,1751924770.0178735,1751925032.7911308,batch_consumer-sts-0_20250707_215034_005674.csv,True,False,False,1751925135.3272393,365309.36574935913
485479,1751924770.018142,1751925032.815549,batch_consumer-sts-0_20250707_215034_005674.csv,True,False,False,1751925135.3272393,365309.09729003906
485489,1751924770.0196922,1751925033.0072303,batch_consumer-sts-0_20250707_215034_005674.csv,True,False,False,1751925135.3272393,365307.54709243774
485499,1751924770.019899,1751925033.032057,batch_consumer-sts-0_20250707_215034_005674.csv,True,False,False,1751925135.3272393,365307.34038352966
485509,1751924770.0200906,1751925033.057259,batch_consumer-sts-0_20250707_215034_005674.csv,True,False,False,1751925135.3272393,365307.14869499207
485519,1751924770.0202825,1751925033.081296,batch_consumer-sts-0_20250707_215034_005674.csv,True,False,False,1751925135.3272393,365306.9567680359
485529,1751924770.020479,1751925033.1058176,batch_consumer-sts-0_20250707_215034_005674.csv,True,False,False,1751925135.3272393,365306.7603111267
485539,1751924770.0206745,1751925033.1302772,batch_consumer-sts-0_20250707_215034_005674.csv,True,False,False,1751925135.3272393,365306.56480789185
485549,1751924770.0208688,1751925033.155234,batch_consumer-sts-0_20250707_215034_005674.csv,True,False,False,1751925135.3272393,365306.3704967499
485559,1751924770.0210538,1751925033.1794064,batch_consumer-sts-0_20250707_215034_005674.csv,True,False,False,1751925135.3272393,365306.1854839325
485569,1751924770.0212386,1751925033.204313,batch_consumer-sts-0_20250707_215034_005674.csv,True,False,False,1751925135.3272393,365306.0007095337
485579,1751924770.0214174,1751925033.229259,batch_consumer-sts-0_20250707_215034_005674.csv,True,False,False,1751925135.3272393,365305.82189559937
485589,1751924770.0216048,1751925033.2543554,batch_consumer-sts-0_20250707_215034_005674.csv,True,False,False,1751925135.3272393,365305.6344985962
485599,1751924770.0217867,1751925033.2796078,batch_consumer-sts-0_20250707_215034_005674.csv,True,False,False,1751925135.3272393,365305.45258522034
485609,1751924770.0219724,1751925033.3042543,batch_consumer-sts-0_20250707_215034_005674.csv,True,False,False,1751925135.3272393,365305.2668571472
485619,1751924770.0221674,1751925033.3284087,batch_consumer-sts-0_20250707_215034_005674.csv,True,False,False,1751925135.3272393,365305.0718307495
485629,1751924770.0223827,1751925033.353796,batch_consumer-sts-0_20250707_215034_005674.csv,True,False,False,1751925135.3272393,365304.8565387726
485639,1751924770.022581,1751925033.379287,batch_consumer-sts-0_20250707_215034_005674.csv,True,False,False,1751925135.3272393,365304.65817451477
485649,1751924770.0227804,1751925033.4036767,batch_consumer-sts-0_20250707_215034_005674.csv,True,False,False,1751925135.3272393,365304.45885658264
485659,1751924770.0229774,1751925033.4331558,batch_consumer-sts-0_20250707_215034_005674.csv,True,False,False,1751925135.3272393,365304.2619228363
485669,1751924770.0231812,1751925033.4572408,batch_consumer-sts-0_20250707_215034_005674.csv,True,False,False,1751925135.3272393,365304.0580749512
485679,1751924770.0233755,1751925033.4823544,batch_consumer-sts-0_20250707_215034_005674.csv,True,False,False,1751925135.3272393,365303.8637638092
485689,1751924770.023576,1751925033.5074527,batch_consumer-sts-0_20250707_215034_005674.csv,True,False,False,1751925135.3272393,365303.6632537842
485699,1751924770.0237672,1751925033.5326416,batch_consumer-sts-0_20250707_215034_005674.csv,True,False,False,1751925135.3272393,365303.47204208374
485709,1751924770.0239558,1751925033.5575876,batch_consumer-sts-0_20250707_215034_005674.csv,True,False,False,1751925135.3272393,365303.2834529877
485719,1751924770.0241418,1751925033.5824745,batch_consumer-sts-0_20250707_215034_005674.csv,True,False,False,1751925135.3272393,365303.097486496
485729,1751924770.024326,1751925033.606667,batch_consumer-sts-0_20250707_215034_005674.csv,True,False,False,1751925135.3272393,365302.9131889343
485739,1751924770.02451,1751925033.6315763,batch_consumer-sts-0_20250707_215034_005674.csv,True,False,False,1751925135.3272393,365302.72936820984
485749,1751924770.0247276,1751925033.65634,batch_consumer-sts-0_20250707_215034_005674.csv,True,False,False,1751925135.3272393,365302.5116920471
485759,1751924770.02493,1751925033.6826344,batch_consumer-sts-0_20250707_215034_005674.csv,True,False,False,1751925135.3272393,365302.30927467346
485769,1751924770.0251267,1751925033.7073774,batch_consumer-sts-0_20250707_215034_005674.csv,True,False,False,1751925135.3272393,365302.1125793457
485779,1751924770.025337,1751925033.7322657,batch_consumer-sts-0_20250707_215034_005674.csv,True,False,False,1751925135.3272393,365301.90229415894
485789,1751924770.0255394,1751925033.757358,batch_consumer-sts-0_20250707_215034_005674.csv,True,False,False,1751925135.3272393,365301.6998767853
485799,1751924770.025745,1751925033.7827015,batch_consumer-sts-0_20250707_215034_005674.csv,True,False,False,1751925135.3272393,365301.4943599701
485809,1751924770.0259397,1751925033.8074944,batch_consumer-sts-0_20250707_215034_005674.csv,True,False,False,1751925135.3272393,365301.29957199097
485819,1751924770.0261283,1751925033.8322625,batch_consumer-sts-0_20250707_215034_005674.csv,True,False,False,1751925135.3272393,365301.1109828949
485829,1751924770.0263464,1751925033.8568826,batch_consumer-sts-0_20250707_215034_005674.csv,True,False,False,1751925135.3272393,365300.892829895
485839,1751924770.0265417,1751925033.8818898,batch_consumer-sts-0_20250707_215034_005674.csv,True,False,False,1751925135.3272393,365300.69756507874
485849,1751924770.026741,1751925033.906531,batch_consumer-sts-0_20250707_215034_005674.csv,True,False,False,1751925135.3272393,365300.4982471466
485859,1751924770.0269313,1751925033.931543,batch_consumer-sts-0_20250707_215034_005674.csv,True,False,False,1751925135.3272393,365300.3079891205
485869,1751924770.0271308,1751925033.9560435,batch_consumer-sts-0_20250707_215034_005674.csv,True,False,False,1751925135.3272393,365300.1084327698
485879,1751924770.027341,1751925033.9809692,batch_consumer-sts-0_20250707_215034_005674.csv,True,False,False,1751925135.3272393,365299.8983860016
487399,1751924770.059715,1751925091.2998085,batch_consumer-sts-0_20250707_215150_431075.csv,True,False,False,1751925135.3272393,365267.5242424011
487409,1751924770.0599003,1751925091.3272524,batch_consumer-sts-0_20250707_215150_431075.csv,True,False,False,1751925135.3272393,365267.33899116516
487419,1751924770.060083,1751925091.3535595,batch_consumer-sts-0_20250707_215150_431075.csv,True,False,False,1751925135.3272393,365267.15636253357
487429,1751924770.0602636,1751925091.380799,batch_consumer-sts-0_20250707_215150_431075.csv,True,False,False,1751925135.3272393,365266.9756412506
487439,1751924770.0604472,1751925091.40791,batch_consumer-sts-0_20250707_215150_431075.csv,True,False,False,1751925135.3272393,365266.7920589447
487449,1751924770.0606284,1751925091.435241,batch_consumer-sts-0_20250707_215150_431075.csv,True,False,False,1751925135.3272393,365266.6108608246
487459,1751924770.0608156,1751925091.4619975,batch_consumer-sts-0_20250707_215150_431075.csv,True,False,False,1751925135.3272393,365266.42370224
487469,1751924770.0609984,1751925091.6625166,batch_consumer-sts-0_20250707_215150_431075.csv,True,False,False,1751925135.3272393,365266.2408351898
487479,1751924770.0611851,1751925091.6895452,batch_consumer-sts-0_20250707_215150_431075.csv,True,False,False,1751925135.3272393,365266.0541534424
487489,1751924770.061363,1751925091.7164574,batch_consumer-sts-0_20250707_215150_431075.csv,True,False,False,1751925135.3272393,365265.8762931824
487499,1751924770.061542,1751925091.743004,batch_consumer-sts-0_20250707_215150_431075.csv,True,False,False,1751925135.3272393,365265.69724082947
487509,1751924770.0617225,1751925091.7697773,batch_consumer-sts-0_20250707_215150_431075.csv,True,False,False,1751925135.3272393,365265.5167579651
487519,1751924770.0619016,1751925091.7968056,batch_consumer-sts-0_20250707_215150_431075.csv,True,False,False,1751925135.3272393,365265.3377056122
487529,1751924770.0620842,1751925091.8233204,batch_consumer-sts-0_20250707_215150_431075.csv,True,False,False,1751925135.3272393,365265.1550769806
487539,1751924770.0622938,1751925091.8547573,batch_consumer-sts-0_20250707_215150_431075.csv,True,False,False,1751925135.3272393,365264.94550704956
487549,1751924770.0624871,1751925091.8813796,batch_consumer-sts-0_20250707_215150_431075.csv,True,False,False,1751925135.3272393,365264.7521495819
487559,1751924770.0626757,1751925091.9072757,batch_consumer-sts-0_20250707_215150_431075.csv,True,False,False,1751925135.3272393,365264.56356048584
487569,1751924770.0628705,1751925091.934064,batch_consumer-sts-0_20250707_215150_431075.csv,True,False,False,1751925135.3272393,365264.3687725067
487579,1751924770.0630808,1751925091.9611046,batch_consumer-sts-0_20250707_215150_431075.csv,True,False,False,1751925135.3272393,365264.15848731995
487589,1751924770.0632756,1751925091.9879506,batch_consumer-sts-0_20250707_215150_431075.csv,True,False,False,1751925135.3272393,365263.9636993408
487599,1751924770.0634637,1751925093.0166786,batch_consumer-sts-0_20250707_215150_431075.csv,True,False,False,1751925135.3272393,365263.7755870819
487609,1751924770.0636554,1751925093.0437474,batch_consumer-sts-0_20250707_215150_431075.csv,True,False,False,1751925135.3272393,365263.5838985443
487619,1751924770.06385,1751925093.0706174,batch_consumer-sts-0_20250707_215150_431075.csv,True,False,False,1751925135.3272393,365263.38934898376
487629,1751924770.064044,1751925093.1796224,batch_consumer-sts-0_20250707_215150_431075.csv,True,False,False,1751925135.3272393,365263.1952762604
487639,1751924770.0642514,1751925093.206718,batch_consumer-sts-0_20250707_215150_431075.csv,True,False,False,1751925135.3272393,365262.98785209656
487649,1751924770.0644343,1751925093.2335672,batch_consumer-sts-0_20250707_215150_431075.csv,True,False,False,1751925135.3272393,365262.8049850464
487659,1751924770.0646198,1751925093.2600417,batch_consumer-sts-0_20250707_215150_431075.csv,True,False,False,1751925135.3272393,365262.61949539185
487669,1751924770.0648007,1751925093.2868192,batch_consumer-sts-0_20250707_215150_431075.csv,True,False,False,1751925135.3272393,365262.4385356903
487679,1751924770.0649848,1751925093.313661,batch_consumer-sts-0_20250707_215150_431075.csv,True,False,False,1751925135.3272393,365262.25447654724
487689,1751924770.0651598,1751925093.340464,batch_consumer-sts-0_20250707_215150_431075.csv,True,False,False,1751925135.3272393,365262.0794773102
487699,1751924770.0653672,1751925093.3671873,batch_consumer-sts-0_20250707_215150_431075.csv,True,False,False,1751925135.3272393,365261.87205314636
487709,1751924770.0655544,1751925093.3938963,batch_consumer-sts-0_20250707_215150_431075.csv,True,False,False,1751925135.3272393,365261.68489456177
487719,1751924770.06574,1751925093.4207168,batch_consumer-sts-0_20250707_215150_431075.csv,True,False,False,1751925135.3272393,365261.49916648865
487729,1751924770.06594,1751925093.4477875,batch_consumer-sts-0_20250707_215150_431075.csv,True,False,False,1751925135.3272393,365261.29937171936
487739,1751924770.0661309,1751925093.474661,batch_consumer-sts-0_20250707_215150_431075.csv,True,False,False,1751925135.3272393,365261.1083984375
487749,1751924770.0663598,1751925093.5015178,batch_consumer-sts-0_20250707_215150_431075.csv,True,False,False,1751925135.3272393,365260.87951660156
487759,1751924770.0665736,1751925093.5288908,batch_consumer-sts-0_20250707_215150_431075.csv,True,False,False,1751925135.3272393,365260.6656551361
487769,1751924770.0667932,1751925093.555925,batch_consumer-sts-0_20250707_215150_431075.csv,True,False,False,1751925135.3272393,365260.44607162476
487779,1751924770.0670185,1751925093.5828657,batch_consumer-sts-0_20250707_215150_431075.csv,True,False,False,1751925135.3272393,365260.2207660675
487789,1751924770.067211,1751925093.6862824,batch_consumer-sts-0_20250707_215150_431075.csv,True,False,False,1751925135.3272393,365260.02836227417
487799,1751924770.0674148,1751925093.7133632,batch_consumer-sts-0_20250707_215150_431075.csv,True,False,False,1751925135.3272393,365259.82451438904
487809,1751924770.067596,1751925093.7402894,batch_consumer-sts-0_20250707_215150_431075.csv,True,False,False,1751925135.3272393,365259.6433162689
487819,1751924770.06778,1751925093.7663012,batch_consumer-sts-0_20250707_215150_431075.csv,True,False,False,1751925135.3272393,365259.45925712585
487829,1751924770.067959,1751925093.7932007,batch_consumer-sts-0_20250707_215150_431075.csv,True,False,False,1751925135.3272393,365259.28020477295
487839,1751924770.0681448,1751925093.820585,batch_consumer-sts-0_20250707_215150_431075.csv,True,False,False,1751925135.3272393,365259.0944766998
487849,1751924770.0683353,1751925093.8478093,batch_consumer-sts-0_20250707_215150_431075.csv,True,False,False,1751925135.3272393,365258.9039802551
487859,1751924770.068513,1751925093.8749914,batch_consumer-sts-0_20250707_215150_431075.csv,True,False,False,1751925135.3272393,365258.7263584137
487869,1751924770.0686889,1751925093.9022856,batch_consumer-sts-0_20250707_215150_431075.csv,True,False,False,1751925135.3272393,365258.5504055023
487879,1751924770.0688686,1751925093.9292705,batch_consumer-sts-0_20250707_215150_431075.csv,True,False,False,1751925135.3272393,365258.3706378937
487889,1751924770.0690432,1751925093.9562068,batch_consumer-sts-0_20250707_215150_431075.csv,True,False,False,1751925135.3272393,365258.1961154938
487899,1751924770.069219,1751925093.983843,batch_consumer-sts-0_20250707_215150_431075.csv,True,False,False,1751925135.3272393,365258.0201625824
487909,1751924770.0693982,1751925094.0113814,batch_consumer-sts-0_20250707_215150_431075.csv,True,False,False,1751925135.3272393,365257.8411102295
487919,1751924770.069578,1751925094.0385027,batch_consumer-sts-0_20250707_215150_431075.csv,True,False,False,1751925135.3272393,365257.66134262085
487929,1751924770.0697544,1751925094.0657146,batch_consumer-sts-0_20250707_215150_431075.csv,True,False,False,1751925135.3272393,365257.4849128723
487939,1751924770.0699322,1751925094.092839,batch_consumer-sts-0_20250707_215150_431075.csv,True,False,False,1751925135.3272393,365257.3070526123
487949,1751924770.0701334,1751925094.1199982,batch_consumer-sts-0_20250707_215150_431075.csv,True,False,False,1751925135.3272393,365257.10582733154
487959,1751924770.070346,1751925094.147164,batch_consumer-sts-0_20250707_215150_431075.csv,True,False,False,1751925135.3272393,365256.893157959
487969,1751924770.0705333,1751925094.1741655,batch_consumer-sts-0_20250707_215150_431075.csv,True,False,False,1751925135.3272393,365256.7059993744
487979,1751924770.0707266,1751925094.2012408,batch_consumer-sts-0_20250707_215150_431075.csv,True,False,False,1751925135.3272393,365256.51264190674
487989,1751924770.0709164,1751925094.227399,batch_consumer-sts-0_20250707_215150_431075.csv,True,False,False,1751925135.3272393,365256.3228607178
487999,1751924770.0711088,1751925094.254508,batch_consumer-sts-0_20250707_215150_431075.csv,True,False,False,1751925135.3272393,365256.13045692444
488009,1751924770.071303,1751925094.281607,batch_consumer-sts-0_20250707_215150_431075.csv,True,False,False,1751925135.3272393,365255.93638420105
488019,1751924770.0715048,1751925094.3085003,batch_consumer-sts-0_20250707_215150_431075.csv,True,False,False,1751925135.3272393,365255.73444366455
488029,1751924770.0716958,1751925094.3354623,batch_consumer-sts-0_20250707_215150_431075.csv,True,False,False,1751925135.3272393,365255.5434703827
488039,1751924770.0718727,1751925094.362321,batch_consumer-sts-0_20250707_215150_431075.csv,True,False,False,1751925135.3272393,365255.366563797
488049,1751924770.072049,1751925094.3891735,batch_consumer-sts-0_20250707_215150_431075.csv,True,False,False,1751925135.3272393,365255.19037246704
488059,1751924770.072228,1751925094.4160657,batch_consumer-sts-0_20250707_215150_431075.csv,True,False,False,1751925135.3272393,365255.01132011414
488069,1751924770.072409,1751925094.4430015,batch_consumer-sts-0_20250707_215150_431075.csv,True,False,False,1751925135.3272393,365254.8303604126
488079,1751924770.0725927,1751925094.4697776,batch_consumer-sts-0_20250707_215150_431075.csv,True,False,False,1751925135.3272393,365254.6465396881
488089,1751924770.0727894,1751925094.4967685,batch_consumer-sts-0_20250707_215150_431075.csv,True,False,False,1751925135.3272393,365254.44984436035
488099,1751924770.0729752,1751925094.5235753,batch_consumer-sts-0_20250707_215150_431075.csv,True,False,False,1751925135.3272393,365254.26411628723
488109,1751924770.0731635,1751925094.5568538,batch_consumer-sts-0_20250707_215150_431075.csv,True,False,False,1751925135.3272393,365254.07576560974
488119,1751924770.0733447,1751925094.583572,batch_consumer-sts-0_20250707_215150_431075.csv,True,False,False,1751925135.3272393,365253.8945674896
488129,1751924770.0735278,1751925094.6103876,batch_consumer-sts-0_20250707_215150_431075.csv,True,False,False,1751925135.3272393,365253.7114620209
488139,1751924770.0737145,1751925094.637071,batch_consumer-sts-0_20250707_215150_431075.csv,True,False,False,1751925135.3272393,365253.52478027344
488149,1751924770.0739,1751925094.663689,batch_consumer-sts-0_20250707_215150_431075.csv,True,False,False,1751925135.3272393,365253.3392906189
488159,1751924770.074086,1751925094.6904955,batch_consumer-sts-0_20250707_215150_431075.csv,True,False,False,1751925135.3272393,365253.1533241272
488169,1751924770.074295,1751925094.716933,batch_consumer-sts-0_20250707_215150_431075.csv,True,False,False,1751925135.3272393,365252.9442310333
488179,1751924770.074491,1751925094.7435615,batch_consumer-sts-0_20250707_215150_431075.csv,True,False,False,1751925135.3272393,365252.7482509613
488189,1751924770.07468,1751925094.7705865,batch_consumer-sts-0_20250707_215150_431075.csv,True,False,False,1751925135.3272393,365252.5591850281
488199,1751924770.0748725,1751925094.797751,batch_consumer-sts-0_20250707_215150_431075.csv,True,False,False,1751925135.3272393,365252.36678123474
488209,1751924770.0750682,1751925094.824793,batch_consumer-sts-0_20250707_215150_431075.csv,True,False,False,1751925135.3272393,365252.1710395813
488219,1751924770.0752597,1751925094.851798,batch_consumer-sts-0_20250707_215150_431075.csv,True,False,False,1751925135.3272393,365251.9795894623
488229,1751924770.0754886,1751925094.8791375,batch_consumer-sts-0_20250707_215150_431075.csv,True,False,False,1751925135.3272393,365251.75070762634
488239,1751924770.0756671,1751925094.9052682,batch_consumer-sts-0_20250707_215150_431075.csv,True,False,False,1751925135.3272393,365251.5721321106
488249,1751924770.0758512,1751925094.9323022,batch_consumer-sts-0_20250707_215150_431075.csv,True,False,False,1751925135.3272393,365251.38807296753
488259,1751924770.076027,1751925094.9593625,batch_consumer-sts-0_20250707_215150_431075.csv,True,False,False,1751925135.3272393,365251.21235847473
488269,1751924770.0762095,1751925094.9864535,batch_consumer-sts-0_20250707_215150_431075.csv,True,False,False,1751925135.3272393,365251.02972984314
488279,1751924770.076389,1751925095.0133908,batch_consumer-sts-0_20250707_215150_431075.csv,True,False,False,1751925135.3272393,365250.8502006531
488289,1751924770.0765688,1751925095.040156,batch_consumer-sts-0_20250707_215150_431075.csv,True,False,False,1751925135.3272393,365250.67043304443
488299,1751924770.0767524,1751925095.067163,batch_consumer-sts-0_20250707_215150_431075.csv,True,False,False,1751925135.3272393,365250.4868507385
488309,1751924770.076939,1751925095.0938666,batch_consumer-sts-0_20250707_215150_431075.csv,True,False,False,1751925135.3272393,365250.3001689911
488319,1751924770.077129,1751925095.1209648,batch_consumer-sts-0_20250707_215150_431075.csv,True,False,False,1751925135.3272393,365250.1103878021
488329,1751924770.077314,1751925095.1477606,batch_consumer-sts-0_20250707_215150_431075.csv,True,False,False,1751925135.3272393,365249.92537498474
488339,1751924770.0774992,1751925095.174363,batch_consumer-sts-0_20250707_215150_431075.csv,True,False,False,1751925135.3272393,365249.7401237488
488349,1751924770.0776863,1751925095.200776,batch_consumer-sts-0_20250707_215150_431075.csv,True,False,False,1751925135.3272393,365249.5529651642
488359,1751924770.0778756,1751925095.227374,batch_consumer-sts-0_20250707_215150_431075.csv,True,False,False,1751925135.3272393,365249.3636608124
488369,1751924770.078056,1751925095.2530668,batch_consumer-sts-0_20250707_215150_431075.csv,True,False,False,1751925135.3272393,365249.183177948
488379,1751924770.078269,1751925095.2797084,batch_consumer-sts-0_20250707_215150_431075.csv,True,False,False,1751925135.3272393,365248.97027015686
488389,1751924770.0808318,1751925095.306621,batch_consumer-sts-0_20250707_215150_431075.csv,True,False,False,1751925135.3272393,365246.4075088501
488399,1751924770.0810127,1751925095.333184,batch_consumer-sts-0_20250707_215150_431075.csv,True,False,False,1751925135.3272393,365246.22654914856
488409,1751924770.0812008,1751925095.3597443,batch_consumer-sts-0_20250707_215150_431075.csv,True,False,False,1751925135.3272393,365246.03843688965
488419,1751924770.0813854,1751925095.386414,batch_consumer-sts-0_20250707_215150_431075.csv,True,False,False,1751925135.3272393,365245.8539009094
488429,1751924770.0815656,1751925095.4137485,batch_consumer-sts-0_20250707_215150_431075.csv,True,False,False,1751925135.3272393,365245.6736564636
488439,1751924770.08176,1751925095.4405675,batch_consumer-sts-0_20250707_215150_431075.csv,True,False,False,1751925135.3272393,365245.47934532166
488449,1751924770.0819335,1751925095.4674842,batch_consumer-sts-0_20250707_215150_431075.csv,True,False,False,1751925135.3272393,365245.30577659607
488459,1751924770.0821323,1751925095.4941812,batch_consumer-sts-0_20250707_215150_431075.csv,True,False,False,1751925135.3272393,365245.1069355011
488469,1751924770.0823655,1751925095.5209484,batch_consumer-sts-0_20250707_215150_431075.csv,True,False,False,1751925135.3272393,365244.87376213074
488479,1751924770.0825846,1751925095.5478344,batch_consumer-sts-0_20250707_215150_431075.csv,True,False,False,1751925135.3272393,365244.65465545654
488489,1751924770.0828023,1751925095.5749366,batch_consumer-sts-0_20250707_215150_431075.csv,True,False,False,1751925135.3272393,365244.4369792938
488499,1751924770.083033,1751925095.602128,batch_consumer-sts-0_20250707_215150_431075.csv,True,False,False,1751925135.3272393,365244.20619010925
488509,1751924770.083259,1751925095.6288917,batch_consumer-sts-0_20250707_215150_431075.csv,True,False,False,1751925135.3272393,365243.98016929626
488519,1751924770.0834775,1751925095.65622,batch_consumer-sts-0_20250707_215150_431075.csv,True,False,False,1751925135.3272393,365243.7617778778
488529,1751924770.0836744,1751925095.6830895,batch_consumer-sts-0_20250707_215150_431075.csv,True,False,False,1751925135.3272393,365243.56484413147
488539,1751924770.0838685,1751925095.710026,batch_consumer-sts-0_20250707_215150_431075.csv,True,False,False,1751925135.3272393,365243.3707714081
488549,1751924770.084065,1751925095.73707,batch_consumer-sts-0_20250707_215150_431075.csv,True,False,False,1751925135.3272393,365243.1743144989
488559,1751924770.084272,1751925095.7640617,batch_consumer-sts-0_20250707_215150_431075.csv,True,False,False,1751925135.3272393,365242.96736717224
488569,1751924770.0844655,1751925095.7909834,batch_consumer-sts-0_20250707_215150_431075.csv,True,False,False,1751925135.3272393,365242.773771286
488579,1751924770.0846589,1751925095.817819,batch_consumer-sts-0_20250707_215150_431075.csv,True,False,False,1751925135.3272393,365242.58041381836
488589,1751924770.0848486,1751925095.844541,batch_consumer-sts-0_20250707_215150_431075.csv,True,False,False,1751925135.3272393,365242.3906326294
488599,1751924770.085048,1751925095.871329,batch_consumer-sts-0_20250707_215150_431075.csv,True,False,False,1751925135.3272393,365242.19131469727
488609,1751924770.0852473,1751925095.8982277,batch_consumer-sts-0_20250707_215150_431075.csv,True,False,False,1751925135.3272393,365241.99199676514
488619,1751924770.0854845,1751925095.925162,batch_consumer-sts-0_20250707_215150_431075.csv,True,False,False,1751925135.3272393,365241.75477027893
488629,1751924770.085664,1751925095.9521933,batch_consumer-sts-0_20250707_215150_431075.csv,True,False,False,1751925135.3272393,365241.57524108887
488639,1751924770.0858438,1751925095.9791975,batch_consumer-sts-0_20250707_215150_431075.csv,True,False,False,1751925135.3272393,365241.3954734802
488649,1751924770.0860252,1751925096.005375,batch_consumer-sts-0_20250707_215150_431075.csv,True,False,False,1751925135.3272393,365241.2140369415
488659,1751924770.0862362,1751925096.0327036,batch_consumer-sts-0_20250707_215150_431075.csv,True,False,False,1751925135.3272393,365241.003036499
488669,1751924770.0864294,1751925096.0593443,batch_consumer-sts-0_20250707_215150_431075.csv,True,False,False,1751925135.3272393,365240.80991744995
488679,1751924770.0866275,1751925096.0862234,batch_consumer-sts-0_20250707_215150_431075.csv,True,False,False,1751925135.3272393,365240.6117916107
488689,1751924770.086819,1751925096.1128778,batch_consumer-sts-0_20250707_215150_431075.csv,True,False,False,1751925135.3272393,365240.4203414917
488699,1751924770.0870116,1751925096.139529,batch_consumer-sts-0_20250707_215150_431075.csv,True,False,False,1751925135.3272393,365240.2276992798
488709,1751924770.08721,1751925096.2393837,batch_consumer-sts-0_20250707_215150_431075.csv,True,False,False,1751925135.3272393,365240.029335022
488719,1751924770.087405,1751925096.2667284,batch_consumer-sts-0_20250707_215150_431075.csv,True,False,False,1751925135.3272393,365239.83430862427
488729,1751924770.0875847,1751925096.2935014,batch_consumer-sts-0_20250707_215150_431075.csv,True,False,False,1751925135.3272393,365239.6545410156
488739,1751924770.0877662,1751925096.3203456,batch_consumer-sts-0_20250707_215150_431075.csv,True,False,False,1751925135.3272393,365239.4731044769
488749,1751924770.0879452,1751925096.346137,batch_consumer-sts-0_20250707_215150_431075.csv,True,False,False,1751925135.3272393,365239.294052124
488759,1751924770.0881248,1751925096.3728778,batch_consumer-sts-0_20250707_215150_431075.csv,True,False,False,1751925135.3272393,365239.11452293396
488769,1751924770.0883052,1751925096.399746,batch_consumer-sts-0_20250707_215150_431075.csv,True,False,False,1751925135.3272393,365238.9340400696
488779,1751924770.0884912,1751925096.4266896,batch_consumer-sts-0_20250707_215150_431075.csv,True,False,False,1751925135.3272393,365238.7480735779
488789,1751924770.0886674,1751925096.4537427,batch_consumer-sts-0_20250707_215150_431075.csv,True,False,False,1751925135.3272393,365238.5718822479
488799,1751924770.088846,1751925096.4810877,batch_consumer-sts-0_20250707_215150_431075.csv,True,False,False,1751925135.3272393,365238.3933067322
488809,1751924770.089023,1751925096.5081117,batch_consumer-sts-0_20250707_215150_431075.csv,True,False,False,1751925135.3272393,365238.2161617279
488819,1751924770.0892024,1751925096.53516,batch_consumer-sts-0_20250707_215150_431075.csv,True,False,False,1751925135.3272393,365238.0368709564
488829,1751924770.0893798,1751925096.5621526,batch_consumer-sts-0_20250707_215150_431075.csv,True,False,False,1751925135.3272393,365237.85948753357
488839,1751924770.089559,1751925096.5890236,batch_consumer-sts-0_20250707_215150_431075.csv,True,False,False,1751925135.3272393,365237.6801967621
488849,1751924770.0897388,1751925096.61592,batch_consumer-sts-0_20250707_215150_431075.csv,True,False,False,1751925135.3272393,365237.50042915344
488859,1751924770.0899158,1751925096.6427062,batch_consumer-sts-0_20250707_215150_431075.csv,True,False,False,1751925135.3272393,365237.32352256775
488869,1751924770.0900896,1751925096.6695182,batch_consumer-sts-0_20250707_215150_431075.csv,True,False,False,1751925135.3272393,365237.1497154236
488879,1751924770.090295,1751925096.6963484,batch_consumer-sts-0_20250707_215150_431075.csv,True,False,False,1751925135.3272393,365236.9441986084
488889,1751924770.0905051,1751925096.7231984,batch_consumer-sts-0_20250707_215150_431075.csv,True,False,False,1751925135.3272393,365236.7341518402
488899,1751924770.090704,1751925096.7503169,batch_consumer-sts-0_20250707_215150_431075.csv,True,False,False,1751925135.3272393,365236.53531074524
488909,1751924770.090901,1751925096.7776475,batch_consumer-sts-0_20250707_215150_431075.csv,True,False,False,1751925135.3272393,365236.3383769989
488919,1751924770.0910938,1751925096.8049283,batch_consumer-sts-0_20250707_215150_431075.csv,True,False,False,1751925135.3272393,365236.1454963684
488929,1751924770.0912895,1751925096.8323505,batch_consumer-sts-0_20250707_215150_431075.csv,True,False,False,1751925135.3272393,365235.94975471497
488939,1751924770.0914848,1751925096.8590133,batch_consumer-sts-0_20250707_215150_431075.csv,True,False,False,1751925135.3272393,365235.7544898987
488949,1751924770.0918536,1751925096.886176,batch_consumer-sts-0_20250707_215150_431075.csv,True,False,False,1751925135.3272393,365235.3856563568
488959,1751924770.0920484,1751925096.9125805,batch_consumer-sts-0_20250707_215150_431075.csv,True,False,False,1751925135.3272393,365235.1908683777
488969,1751924770.0925827,1751925096.939713,batch_consumer-sts-0_20250707_215150_431075.csv,True,False,False,1751925135.3272393,365234.6565723419
500339,1751924770.3650763,1751925096.9672198,batch_consumer-sts-0_20250707_215150_431075.csv,True,False,False,1751925135.3272393,364962.1629714966
500349,1751924770.3652563,1751925096.9942665,batch_consumer-sts-0_20250707_215150_431075.csv,True,False,False,1751925135.3272393,364961.98296546936
500359,1751924770.3654382,1751925098.0227838,batch_consumer-sts-0_20250707_215150_431075.csv,True,False,False,1751925135.3272393,364961.8010520935
500369,1751924770.3656209,1751925098.049699,batch_consumer-sts-0_20250707_215150_431075.csv,True,False,False,1751925135.3272393,364961.6184234619
500379,1751924770.365804,1751925098.0765586,batch_consumer-sts-0_20250707_215150_431075.csv,True,False,False,1751925135.3272393,364961.43531799316
500389,1751924770.3659823,1751925098.1031718,batch_consumer-sts-0_20250707_215150_431075.csv,True,False,False,1751925135.3272393,364961.256980896
500399,1751924770.3661685,1751925098.130233,batch_consumer-sts-0_20250707_215150_431075.csv,True,False,False,1751925135.3272393,364961.0707759857
500409,1751924770.3663523,1751925098.1570284,batch_consumer-sts-0_20250707_215150_431075.csv,True,False,False,1751925135.3272393,364960.88695526123
500419,1751924770.3665285,1751925098.1838589,batch_consumer-sts-0_20250707_215150_431075.csv,True,False,False,1751925135.3272393,364960.7107639313
500429,1751924770.3667092,1751925098.244985,batch_consumer-sts-0_20250707_215150_431075.csv,True,False,False,1751925135.3272393,364960.5300426483
500439,1751924770.3668883,1751925098.2725043,batch_consumer-sts-0_20250707_215150_431075.csv,True,False,False,1751925135.3272393,364960.3509902954
500449,1751924770.3670716,1751925098.3113997,batch_consumer-sts-0_20250707_215150_431075.csv,True,False,False,1751925135.3272393,364960.1676464081
500459,1751924770.3672502,1751925098.338474,batch_consumer-sts-0_20250707_215150_431075.csv,True,False,False,1751925135.3272393,364959.98907089233
500469,1751924770.367439,1751925098.3653574,batch_consumer-sts-0_20250707_215150_431075.csv,True,False,False,1751925135.3272393,364959.8002433777
500479,1751924770.3676174,1751925098.3923442,batch_consumer-sts-0_20250707_215150_431075.csv,True,False,False,1751925135.3272393,364959.6219062805
500489,1751924770.367799,1751925098.4182956,batch_consumer-sts-0_20250707_215150_431075.csv,True,False,False,1751925135.3272393,364959.44023132324
500499,1751924770.3679695,1751925098.4451344,batch_consumer-sts-0_20250707_215150_431075.csv,True,False,False,1751925135.3272393,364959.2697620392
500509,1751924770.3681483,1751925098.4719803,batch_consumer-sts-0_20250707_215150_431075.csv,True,False,False,1751925135.3272393,364959.09094810486
500519,1751924770.3683436,1751925098.4987333,batch_consumer-sts-0_20250707_215150_431075.csv,True,False,False,1751925135.3272393,364958.8956832886
500529,1751924770.3685238,1751925098.5257423,batch_consumer-sts-0_20250707_215150_431075.csv,True,False,False,1751925135.3272393,364958.7154388428
500539,1751924770.3687074,1751925098.5521824,batch_consumer-sts-0_20250707_215150_431075.csv,True,False,False,1751925135.3272393,364958.53185653687
500549,1751924770.3688858,1751925098.5786755,batch_consumer-sts-0_20250707_215150_431075.csv,True,False,False,1751925135.3272393,364958.3535194397
500559,1751924770.369063,1751925098.6056116,batch_consumer-sts-0_20250707_215150_431075.csv,True,False,False,1751925135.3272393,364958.1763744354
500569,1751924770.3692446,1751925098.6325748,batch_consumer-sts-0_20250707_215150_431075.csv,True,False,False,1751925135.3272393,364957.99469947815
500579,1751924770.3694277,1751925098.6595616,batch_consumer-sts-0_20250707_215150_431075.csv,True,False,False,1751925135.3272393,364957.8115940094
500589,1751924770.3696082,1751925098.6866376,batch_consumer-sts-0_20250707_215150_431075.csv,True,False,False,1751925135.3272393,364957.631111145
500599,1751924770.3697937,1751925098.7431204,batch_consumer-sts-0_20250707_215150_431075.csv,True,False,False,1751925135.3272393,364957.4456214905
500609,1751924770.369979,1751925098.770337,batch_consumer-sts-0_20250707_215150_431075.csv,True,False,False,1751925135.3272393,364957.2603702545
500619,1751924770.3701637,1751925098.7975504,batch_consumer-sts-0_20250707_215150_431075.csv,True,False,False,1751925135.3272393,364957.0755958557
500629,1751924770.3703475,1751925098.824808,batch_consumer-sts-0_20250707_215150_431075.csv,True,False,False,1751925135.3272393,364956.8917751312
500639,1751924770.370529,1751925098.852134,batch_consumer-sts-0_20250707_215150_431075.csv,True,False,False,1751925135.3272393,364956.71033859253
500649,1751924770.3707154,1751925098.8792698,batch_consumer-sts-0_20250707_215150_431075.csv,True,False,False,1751925135.3272393,364956.5238952637
500659,1751924770.370896,1751925098.9054322,batch_consumer-sts-0_20250707_215150_431075.csv,True,False,False,1751925135.3272393,364956.3431739807
500669,1751924770.371076,1751925098.9326398,batch_consumer-sts-0_20250707_215150_431075.csv,True,False,False,1751925135.3272393,364956.1631679535
500679,1751924770.371257,1751925098.9600885,batch_consumer-sts-0_20250707_215150_431075.csv,True,False,False,1751925135.3272393,364955.98220825195
500689,1751924770.3714545,1751925098.9874103,batch_consumer-sts-0_20250707_215150_431075.csv,True,False,False,1751925135.3272393,364955.78479766846
500699,1751924770.371627,1751925099.1508288,batch_consumer-sts-0_20250707_215150_431075.csv,True,False,False,1751925135.3272393,364955.6121826172
500709,1751924770.3718011,1751925099.1781116,batch_consumer-sts-0_20250707_215150_431075.csv,True,False,False,1751925135.3272393,364955.43813705444
500719,1751924770.3719735,1751925099.2048066,batch_consumer-sts-0_20250707_215150_431075.csv,True,False,False,1751925135.3272393,364955.26576042175
500729,1751924770.3721552,1751925099.2317183,batch_consumer-sts-0_20250707_215150_431075.csv,True,False,False,1751925135.3272393,364955.0840854645
500739,1751924770.3723314,1751925099.2585237,batch_consumer-sts-0_20250707_215150_431075.csv,True,False,False,1751925135.3272393,364954.9078941345
500749,1751924770.372599,1751925099.2851932,batch_consumer-sts-0_20250707_215150_431075.csv,True,False,False,1751925135.3272393,364954.64038848877
500759,1751924770.372776,1751925099.3119233,batch_consumer-sts-0_20250707_215150_431075.csv,True,False,False,1751925135.3272393,364954.4632434845
500769,1751924770.37297,1751925099.338649,batch_consumer-sts-0_20250707_215150_431075.csv,True,False,False,1751925135.3272393,364954.2691707611
500779,1751924770.3731534,1751925099.365559,batch_consumer-sts-0_20250707_215150_431075.csv,True,False,False,1751925135.3272393,364954.0858268738
500789,1751924770.3733387,1751925099.392421,batch_consumer-sts-0_20250707_215150_431075.csv,True,False,False,1751925135.3272393,364953.9005756378
500799,1751924770.3735144,1751925099.4190702,batch_consumer-sts-0_20250707_215150_431075.csv,True,False,False,1751925135.3272393,364953.724861145
500809,1751924770.3736975,1751925099.4458137,batch_consumer-sts-0_20250707_215150_431075.csv,True,False,False,1751925135.3272393,364953.54175567627
500819,1751924770.3738844,1751925099.472504,batch_consumer-sts-0_20250707_215150_431075.csv,True,False,False,1751925135.3272393,364953.35483551025
500829,1751924770.37407,1751925099.4993515,batch_consumer-sts-0_20250707_215150_431075.csv,True,False,False,1751925135.3272393,364953.1693458557
500839,1751924770.37425,1751925099.5265124,batch_consumer-sts-0_20250707_215150_431075.csv,True,False,False,1751925135.3272393,364952.9893398285
500849,1751924770.3744578,1751925099.5531952,batch_consumer-sts-0_20250707_215150_431075.csv,True,False,False,1751925135.3272393,364952.7814388275
500859,1751924770.374645,1751925099.5799558,batch_consumer-sts-0_20250707_215150_431075.csv,True,False,False,1751925135.3272393,364952.5942802429
500869,1751924770.3748374,1751925099.6067395,batch_consumer-sts-0_20250707_215150_431075.csv,True,False,False,1751925135.3272393,364952.4018764496
500879,1751924770.3750353,1751925099.6331837,batch_consumer-sts-0_20250707_215150_431075.csv,True,False,False,1751925135.3272393,364952.20398902893
500889,1751924770.3752267,1751925099.6598728,batch_consumer-sts-0_20250707_215150_431075.csv,True,False,False,1751925135.3272393,364952.0125389099
500899,1751924770.3754482,1751925099.6869843,batch_consumer-sts-0_20250707_215150_431075.csv,True,False,False,1751925135.3272393,364951.7910480499
500909,1751924770.3756442,1751925099.71399,batch_consumer-sts-0_20250707_215150_431075.csv,True,False,False,1751925135.3272393,364951.5950679779
500919,1751924770.3758457,1751925099.7407246,batch_consumer-sts-0_20250707_215150_431075.csv,True,False,False,1751925135.3272393,364951.39360427856
500929,1751924770.3760417,1751925099.7675486,batch_consumer-sts-0_20250707_215150_431075.csv,True,False,False,1751925135.3272393,364951.19762420654
500939,1751924770.3762324,1751925099.794511,batch_consumer-sts-0_20250707_215150_431075.csv,True,False,False,1751925135.3272393,364951.00688934326
500949,1751924770.3764288,1751925099.8213024,batch_consumer-sts-0_20250707_215150_431075.csv,True,False,False,1751925135.3272393,364950.8104324341
500959,1751924770.3766294,1751925099.848263,batch_consumer-sts-0_20250707_215150_431075.csv,True,False,False,1751925135.3272393,364950.60992240906
500969,1751924770.3768103,1751925099.8751247,batch_consumer-sts-0_20250707_215150_431075.csv,True,False,False,1751925135.3272393,364950.4289627075
500979,1751924770.3769915,1751925099.9019976,batch_consumer-sts-0_20250707_215150_431075.csv,True,False,False,1751925135.3272393,364950.2477645874
500989,1751924770.3771834,1751925099.928976,batch_consumer-sts-0_20250707_215150_431075.csv,True,False,False,1751925135.3272393,364950.0558376312
500999,1751924770.3773627,1751925099.955891,batch_consumer-sts-0_20250707_215150_431075.csv,True,False,False,1751925135.3272393,364949.87654685974
501009,1751924770.377544,1751925099.9827125,batch_consumer-sts-0_20250707_215150_431075.csv,True,False,False,1751925135.3272393,364949.6953487396
501019,1751924770.3777187,1751925100.009602,batch_consumer-sts-0_20250707_215150_431075.csv,True,False,False,1751925135.3272393,364949.52058792114
501029,1751924770.377893,1751925100.0365722,batch_consumer-sts-0_20250707_215150_431075.csv,True,False,False,1751925135.3272393,364949.3463039398
501039,1751924770.3780694,1751925100.063055,batch_consumer-sts-0_20250707_215150_431075.csv,True,False,False,1751925135.3272393,364949.1698741913
501049,1751924770.378271,1751925100.0894213,batch_consumer-sts-0_20250707_215150_431075.csv,True,False,False,1751925135.3272393,364948.96817207336
501059,1751924770.3784544,1751925100.1146555,batch_consumer-sts-0_20250707_215150_431075.csv,True,False,False,1751925135.3272393,364948.78482818604
501069,1751924770.3786354,1751925100.1408026,batch_consumer-sts-0_20250707_215150_431075.csv,True,False,False,1751925135.3272393,364948.6038684845
501079,1751924770.3788164,1751925100.166991,batch_consumer-sts-0_20250707_215150_431075.csv,True,False,False,1751925135.3272393,364948.42290878296
501089,1751924770.3789988,1751925100.1930282,batch_consumer-sts-0_20250707_215150_431075.csv,True,False,False,1751925135.3272393,364948.24051856995
501099,1751924770.3791802,1751925100.2192538,batch_consumer-sts-0_20250707_215150_431075.csv,True,False,False,1751925135.3272393,364948.05908203125
501109,1751924770.3793795,1751925100.245505,batch_consumer-sts-0_20250707_215150_431075.csv,True,False,False,1751925135.3272393,364947.8597640991
501119,1751924770.3795574,1751925100.2716126,batch_consumer-sts-0_20250707_215150_431075.csv,True,False,False,1751925135.3272393,364947.6819038391
501129,1751924770.3797388,1751925100.2978754,batch_consumer-sts-0_20250707_215150_431075.csv,True,False,False,1751925135.3272393,364947.5004673004
501139,1751924770.3799217,1751925100.324247,batch_consumer-sts-0_20250707_215150_431075.csv,True,False,False,1751925135.3272393,364947.31760025024
501149,1751924770.3800955,1751925100.350478,batch_consumer-sts-0_20250707_215150_431075.csv,True,False,False,1751925135.3272393,364947.1437931061
501159,1751924770.3802686,1751925100.3769343,batch_consumer-sts-0_20250707_215150_431075.csv,True,False,False,1751925135.3272393,364946.97070121765
501169,1751924770.3804471,1751925100.403202,batch_consumer-sts-0_20250707_215150_431075.csv,True,False,False,1751925135.3272393,364946.7921257019
501179,1751924770.3806224,1751925100.4293058,batch_consumer-sts-0_20250707_215150_431075.csv,True,False,False,1751925135.3272393,364946.61688804626
501189,1751924770.3808007,1751925100.4556046,batch_consumer-sts-0_20250707_215150_431075.csv,True,False,False,1751925135.3272393,364946.4385509491
501199,1751924770.380994,1751925100.481888,batch_consumer-sts-0_20250707_215150_431075.csv,True,False,False,1751925135.3272393,364946.24519348145
501209,1751924770.3811743,1751925100.508256,batch_consumer-sts-0_20250707_215150_431075.csv,True,False,False,1751925135.3272393,364946.06494903564
501219,1751924770.381353,1751925100.5346975,batch_consumer-sts-0_20250707_215150_431075.csv,True,False,False,1751925135.3272393,364945.8863735199
501229,1751924770.381537,1751925100.5612614,batch_consumer-sts-0_20250707_215150_431075.csv,True,False,False,1751925135.3272393,364945.70231437683
501239,1751924770.381713,1751925100.5875995,batch_consumer-sts-0_20250707_215150_431075.csv,True,False,False,1751925135.3272393,364945.52636146545
501249,1751924770.3818948,1751925100.613834,batch_consumer-sts-0_20250707_215150_431075.csv,True,False,False,1751925135.3272393,364945.3444480896
501259,1751924770.3820736,1751925100.6401975,batch_consumer-sts-0_20250707_215150_431075.csv,True,False,False,1751925135.3272393,364945.1656341553
501269,1751924770.3823454,1751925100.666693,batch_consumer-sts-0_20250707_215150_431075.csv,True,False,False,1751925135.3272393,364944.8938369751
501279,1751924770.3825314,1751925100.6933675,batch_consumer-sts-0_20250707_215150_431075.csv,True,False,False,1751925135.3272393,364944.7078704834
501289,1751924770.3827145,1751925100.7196703,batch_consumer-sts-0_20250707_215150_431075.csv,True,False,False,1751925135.3272393,364944.52476501465
501299,1751924770.3828928,1751925100.7461386,batch_consumer-sts-0_20250707_215150_431075.csv,True,False,False,1751925135.3272393,364944.3464279175
501309,1751924770.3830757,1751925100.772432,batch_consumer-sts-0_20250707_215150_431075.csv,True,False,False,1751925135.3272393,364944.1635608673
501319,1751924770.3832805,1751925100.7987309,batch_consumer-sts-0_20250707_215150_431075.csv,True,False,False,1751925135.3272393,364943.95875930786
501329,1751924770.3835056,1751925100.8251662,batch_consumer-sts-0_20250707_215150_431075.csv,True,False,False,1751925135.3272393,364943.7336921692
501339,1751924770.3836954,1751925100.851651,batch_consumer-sts-0_20250707_215150_431075.csv,True,False,False,1751925135.3272393,364943.5439109802
501349,1751924770.383892,1751925100.8780138,batch_consumer-sts-0_20250707_215150_431075.csv,True,False,False,1751925135.3272393,364943.34721565247
501359,1751924770.3840804,1751925100.9046776,batch_consumer-sts-0_20250707_215150_431075.csv,True,False,False,1751925135.3272393,364943.158864975
501369,1751924770.384268,1751925100.9313436,batch_consumer-sts-0_20250707_215150_431075.csv,True,False,False,1751925135.3272393,364942.9712295532
501379,1751924770.3844583,1751925100.9577198,batch_consumer-sts-0_20250707_215150_431075.csv,True,False,False,1751925135.3272393,364942.7809715271
501389,1751924770.3846557,1751925100.984336,batch_consumer-sts-0_20250707_215150_431075.csv,True,False,False,1751925135.3272393,364942.5835609436
501399,1751924770.3848495,1751925101.0110946,batch_consumer-sts-0_20250707_215150_431075.csv,True,False,False,1751925135.3272393,364942.3897266388
501409,1751924770.385049,1751925101.0372915,batch_consumer-sts-0_20250707_215150_431075.csv,True,False,False,1751925135.3272393,364942.1901702881
501419,1751924770.3852313,1751925101.0633175,batch_consumer-sts-0_20250707_215150_431075.csv,True,False,False,1751925135.3272393,364942.00801849365
501429,1751924770.385417,1751925101.0894382,batch_consumer-sts-0_20250707_215150_431075.csv,True,False,False,1751925135.3272393,364941.82229042053
501439,1751924770.385599,1751925101.115791,batch_consumer-sts-0_20250707_215150_431075.csv,True,False,False,1751925135.3272393,364941.6403770447
501449,1751924770.3858063,1751925101.142037,batch_consumer-sts-0_20250707_215150_431075.csv,True,False,False,1751925135.3272393,364941.43295288086
501459,1751924770.385985,1751925101.1684718,batch_consumer-sts-0_20250707_215150_431075.csv,True,False,False,1751925135.3272393,364941.2543773651
501469,1751924770.3861787,1751925101.1946886,batch_consumer-sts-0_20250707_215150_431075.csv,True,False,False,1751925135.3272393,364941.0605430603
501479,1751924770.3863585,1751925101.221021,batch_consumer-sts-0_20250707_215150_431075.csv,True,False,False,1751925135.3272393,364940.88077545166
501489,1751924770.386541,1751925101.2473905,batch_consumer-sts-0_20250707_215150_431075.csv,True,False,False,1751925135.3272393,364940.69838523865
501499,1751924770.3867197,1751925101.7295637,batch_consumer-sts-0_20250707_215150_431075.csv,True,False,False,1751925135.3272393,364940.5195713043
501509,1751924770.3869028,1751925101.756119,batch_consumer-sts-0_20250707_215150_431075.csv,True,False,False,1751925135.3272393,364940.3364658356
501519,1751924770.387079,1751925101.7824335,batch_consumer-sts-0_20250707_215150_431075.csv,True,False,False,1751925135.3272393,364940.1602745056
501529,1751924770.387264,1751925101.8089116,batch_consumer-sts-0_20250707_215150_431075.csv,True,False,False,1751925135.3272393,364939.97526168823
501539,1751924770.387449,1751925101.8353038,batch_consumer-sts-0_20250707_215150_431075.csv,True,False,False,1751925135.3272393,364939.79024887085
501549,1751924770.387628,1751925101.861957,batch_consumer-sts-0_20250707_215150_431075.csv,True,False,False,1751925135.3272393,364939.61119651794
501559,1751924770.387802,1751925101.888301,batch_consumer-sts-0_20250707_215150_431075.csv,True,False,False,1751925135.3272393,364939.4373893738
501569,1751924770.3879766,1751925101.9151924,batch_consumer-sts-0_20250707_215150_431075.csv,True,False,False,1751925135.3272393,364939.2626285553
501579,1751924770.3881483,1751925101.9417372,batch_consumer-sts-0_20250707_215150_431075.csv,True,False,False,1751925135.3272393,364939.09096717834
501589,1751924770.3883233,1751925101.9683075,batch_consumer-sts-0_20250707_215150_431075.csv,True,False,False,1751925135.3272393,364938.9159679413
501599,1751924770.388502,1751925101.995445,batch_consumer-sts-0_20250707_215150_431075.csv,True,False,False,1751925135.3272393,364938.73739242554
501609,1751924770.3886774,1751925102.022487,batch_consumer-sts-0_20250707_215150_431075.csv,True,False,False,1751925135.3272393,364938.5619163513
501619,1751924770.388853,1751925102.0489664,batch_consumer-sts-0_20250707_215150_431075.csv,True,False,False,1751925135.3272393,364938.3862018585
501629,1751924770.3890386,1751925102.0754125,batch_consumer-sts-0_20250707_215150_431075.csv,True,False,False,1751925135.3272393,364938.200712204
501639,1751924770.389215,1751925102.1020308,batch_consumer-sts-0_20250707_215150_431075.csv,True,False,False,1751925135.3272393,364938.02428245544
501649,1751924770.3893943,1751925102.1283472,batch_consumer-sts-0_20250707_215150_431075.csv,True,False,False,1751925135.3272393,364937.84499168396
501659,1751924770.3895714,1751925102.154823,batch_consumer-sts-0_20250707_215150_431075.csv,True,False,False,1751925135.3272393,364937.6678466797
501669,1751924770.3897512,1751925102.181125,batch_consumer-sts-0_20250707_215150_431075.csv,True,False,False,1751925135.3272393,364937.48807907104
501679,1751924770.3899214,1751925102.2076633,batch_consumer-sts-0_20250707_215150_431075.csv,True,False,False,1751925135.3272393,364937.31784820557
501689,1751924770.3900976,1751925102.2340343,batch_consumer-sts-0_20250707_215150_431075.csv,True,False,False,1751925135.3272393,364937.1416568756
501699,1751924770.3902988,1751925102.2604644,batch_consumer-sts-0_20250707_215150_431075.csv,True,False,False,1751925135.3272393,364936.94043159485
501709,1751924770.3904836,1751925102.2866476,batch_consumer-sts-0_20250707_215150_431075.csv,True,False,False,1751925135.3272393,364936.75565719604
501719,1751924770.3906643,1751925102.3126717,batch_consumer-sts-0_20250707_215150_431075.csv,True,False,False,1751925135.3272393,364936.5749359131
501729,1751924770.3908482,1751925102.3388646,batch_consumer-sts-0_20250707_215150_431075.csv,True,False,False,1751925135.3272393,364936.3911151886
501739,1751924770.3910272,1751925102.365035,batch_consumer-sts-0_20250707_215150_431075.csv,True,False,False,1751925135.3272393,364936.2120628357
501749,1751924770.391208,1751925102.3911548,batch_consumer-sts-0_20250707_215150_431075.csv,True,False,False,1751925135.3272393,364936.03134155273
501759,1751924770.391395,1751925103.41919,batch_consumer-sts-0_20250707_215150_431075.csv,True,False,False,1751925135.3272393,364935.84418296814
501769,1751924770.391576,1751925103.4457955,batch_consumer-sts-0_20250707_215150_431075.csv,True,False,False,1751925135.3272393,364935.6632232666
501779,1751924770.391749,1751925103.471953,batch_consumer-sts-0_20250707_215150_431075.csv,True,False,False,1751925135.3272393,364935.49036979675
501789,1751924770.3919263,1751925103.4982662,batch_consumer-sts-0_20250707_215150_431075.csv,True,False,False,1751925135.3272393,364935.3129863739
501799,1751924770.392101,1751925103.5236669,batch_consumer-sts-0_20250707_215150_431075.csv,True,False,False,1751925135.3272393,364935.1382255554
501809,1751924770.3922734,1751925103.5500183,batch_consumer-sts-0_20250707_215150_431075.csv,True,False,False,1751925135.3272393,364934.96584892273
501819,1751924770.3924446,1751925103.5763822,batch_consumer-sts-0_20250707_215150_431075.csv,True,False,False,1751925135.3272393,364934.79466438293
501829,1751924770.3926218,1751925103.602404,batch_consumer-sts-0_20250707_215150_431075.csv,True,False,False,1751925135.3272393,364934.61751937866
501839,1751924770.3928034,1751925103.6284244,batch_consumer-sts-0_20250707_215150_431075.csv,True,False,False,1751925135.3272393,364934.4358444214
501849,1751924770.3929834,1751925103.6545894,batch_consumer-sts-0_20250707_215150_431075.csv,True,False,False,1751925135.3272393,364934.25583839417
501859,1751924770.3931751,1751925103.6806593,batch_consumer-sts-0_20250707_215150_431075.csv,True,False,False,1751925135.3272393,364934.06414985657
501869,1751924770.3933566,1751925103.7069051,batch_consumer-sts-0_20250707_215150_431075.csv,True,False,False,1751925135.3272393,364933.8827133179
501879,1751924770.3935409,1751925103.7330186,batch_consumer-sts-0_20250707_215150_431075.csv,True,False,False,1751925135.3272393,364933.6984157562
501889,1751924770.3937235,1751925103.759559,batch_consumer-sts-0_20250707_215150_431075.csv,True,False,False,1751925135.3272393,364933.51578712463
501899,1751924770.393897,1751925103.7861133,batch_consumer-sts-0_20250707_215150_431075.csv,True,False,False,1751925135.3272393,364933.34221839905
501909,1751924770.394081,1751925103.812403,batch_consumer-sts-0_20250707_215150_431075.csv,True,False,False,1751925135.3272393,364933.158159256
501919,1751924770.3942652,1751925103.9071147,batch_consumer-sts-0_20250707_215150_431075.csv,True,False,False,1751925135.3272393,364932.9741001129
501929,1751924770.394455,1751925103.9334955,batch_consumer-sts-0_20250707_215150_431075.csv,True,False,False,1751925135.3272393,364932.78431892395
501939,1751924770.394636,1751925103.9598172,batch_consumer-sts-0_20250707_215150_431075.csv,True,False,False,1751925135.3272393,364932.6033592224
501949,1751924770.394819,1751925103.9861395,batch_consumer-sts-0_20250707_215150_431075.csv,True,False,False,1751925135.3272393,364932.42025375366
501959,1751924770.3950016,1751925104.012494,batch_consumer-sts-0_20250707_215150_431075.csv,True,False,False,1751925135.3272393,364932.23762512207
501969,1751924770.3951876,1751925104.0377922,batch_consumer-sts-0_20250707_215150_431075.csv,True,False,False,1751925135.3272393,364932.0516586304
501979,1751924770.395374,1751925104.0640144,batch_consumer-sts-0_20250707_215150_431075.csv,True,False,False,1751925135.3272393,364931.8652153015
501989,1751924770.3955524,1751925104.0902915,batch_consumer-sts-0_20250707_215150_431075.csv,True,False,False,1751925135.3272393,364931.68687820435
501999,1751924770.3957353,1751925104.1166112,batch_consumer-sts-0_20250707_215150_431075.csv,True,False,False,1751925135.3272393,364931.5040111542
502009,1751924770.3959131,1751925104.143571,batch_consumer-sts-0_20250707_215150_431075.csv,True,False,False,1751925135.3272393,364931.32615089417
502019,1751924770.3960922,1751925104.1705723,batch_consumer-sts-0_20250707_215150_431075.csv,True,False,False,1751925135.3272393,364931.14709854126
502029,1751924770.3962653,1751925104.197611,batch_consumer-sts-0_20250707_215150_431075.csv,True,False,False,1751925135.3272393,364930.97400665283
502039,1751924770.3964362,1751925104.2245803,batch_consumer-sts-0_20250707_215150_431075.csv,True,False,False,1751925135.3272393,364930.8030605316
502049,1751924770.3966162,1751925104.3864193,batch_consumer-sts-0_20250707_215150_431075.csv,True,False,False,1751925135.3272393,364930.6230545044
502059,1751924770.396793,1751925104.4127553,batch_consumer-sts-0_20250707_215150_431075.csv,True,False,False,1751925135.3272393,364930.4463863373
502069,1751924770.3969672,1751925104.438862,batch_consumer-sts-0_20250707_215150_431075.csv,True,False,False,1751925135.3272393,364930.27210235596
502079,1751924770.3971417,1751925104.4652207,batch_consumer-sts-0_20250707_215150_431075.csv,True,False,False,1751925135.3272393,364930.09757995605
502089,1751924770.3973212,1751925104.4917676,batch_consumer-sts-0_20250707_215150_431075.csv,True,False,False,1751925135.3272393,364929.918050766
502099,1751924770.3975024,1751925104.5180342,batch_consumer-sts-0_20250707_215150_431075.csv,True,False,False,1751925135.3272393,364929.7368526459
502109,1751924770.39768,1751925104.544522,batch_consumer-sts-0_20250707_215150_431075.csv,True,False,False,1751925135.3272393,364929.55923080444
502119,1751924770.397854,1751925104.5707378,batch_consumer-sts-0_20250707_215150_431075.csv,True,False,False,1751925135.3272393,364929.3851852417
502129,1751924770.3980303,1751925104.5970569,batch_consumer-sts-0_20250707_215150_431075.csv,True,False,False,1751925135.3272393,364929.20899391174
502139,1751924770.399225,1751925104.6230316,batch_consumer-sts-0_20250707_215150_431075.csv,True,False,False,1751925135.3272393,364928.01427841187
502149,1751924770.3994277,1751925104.6491067,batch_consumer-sts-0_20250707_215150_431075.csv,True,False,False,1751925135.3272393,364927.8116226196
502159,1751924770.3996065,1751925104.6754267,batch_consumer-sts-0_20250707_215150_431075.csv,True,False,False,1751925135.3272393,364927.6328086853
502169,1751924770.3998103,1751925104.701747,batch_consumer-sts-0_20250707_215150_431075.csv,True,False,False,1751925135.3272393,364927.4289608002
502179,1751924770.399994,1751925104.728121,batch_consumer-sts-0_20250707_215150_431075.csv,True,False,False,1751925135.3272393,364927.24537849426
502189,1751924770.4001777,1751925104.7545695,batch_consumer-sts-0_20250707_215150_431075.csv,True,False,False,1751925135.3272393,364927.0615577698
502199,1751924770.400358,1751925104.7809017,batch_consumer-sts-0_20250707_215150_431075.csv,True,False,False,1751925135.3272393,364926.881313324
502209,1751924770.4005408,1751925104.8075838,batch_consumer-sts-0_20250707_215150_431075.csv,True,False,False,1751925135.3272393,364926.6984462738
502219,1751924770.4007192,1751925104.8340957,batch_consumer-sts-0_20250707_215150_431075.csv,True,False,False,1751925135.3272393,364926.52010917664
502229,1751924770.40091,1751925104.8606071,batch_consumer-sts-0_20250707_215150_431075.csv,True,False,False,1751925135.3272393,364926.32937431335
502239,1751924770.40111,1751925104.8873706,batch_consumer-sts-0_20250707_215150_431075.csv,True,False,False,1751925135.3272393,364926.1293411255
502249,1751924770.401296,1751925104.9137776,batch_consumer-sts-0_20250707_215150_431075.csv,True,False,False,1751925135.3272393,364925.9433746338
502259,1751924770.4014812,1751925104.9406438,batch_consumer-sts-0_20250707_215150_431075.csv,True,False,False,1751925135.3272393,364925.7581233978
502269,1751924770.4016623,1751925104.966985,batch_consumer-sts-0_20250707_215150_431075.csv,True,False,False,1751925135.3272393,364925.5769252777
502279,1751924770.4018435,1751925104.993123,batch_consumer-sts-0_20250707_215150_431075.csv,True,False,False,1751925135.3272393,364925.3957271576
502289,1751924770.402028,1751925105.0192456,batch_consumer-sts-0_20250707_215150_431075.csv,True,False,False,1751925135.3272393,364925.21119117737
502299,1751924770.402311,1751925105.0457566,batch_consumer-sts-0_20250707_215150_431075.csv,True,False,False,1751925135.3272393,364924.928188324
502309,1751924770.4025075,1751925105.0719852,batch_consumer-sts-0_20250707_215150_431075.csv,True,False,False,1751925135.3272393,364924.7317314148
502319,1751924770.4026897,1751925105.0981996,batch_consumer-sts-0_20250707_215150_431075.csv,True,False,False,1751925135.3272393,364924.54957962036
502329,1751924770.4028904,1751925105.124387,batch_consumer-sts-0_20250707_215150_431075.csv,True,False,False,1751925135.3272393,364924.34883117676
502339,1751924770.4030886,1751925105.1507003,batch_consumer-sts-0_20250707_215150_431075.csv,True,False,False,1751925135.3272393,364924.1507053375
502349,1751924770.403286,1751925105.1771982,batch_consumer-sts-0_20250707_215150_431075.csv,True,False,False,1751925135.3272393,364923.953294754
502359,1751924770.4034903,1751925105.2036386,batch_consumer-sts-0_20250707_215150_431075.csv,True,False,False,1751925135.3272393,364923.74897003174
502369,1751924770.4036925,1751925105.2299452,batch_consumer-sts-0_20250707_215150_431075.csv,True,False,False,1751925135.3272393,364923.54679107666
502379,1751924770.403882,1751925105.2563827,batch_consumer-sts-0_20250707_215150_431075.csv,True,False,False,1751925135.3272393,364923.3572483063
502389,1751924770.404077,1751925105.2827003,batch_consumer-sts-0_20250707_215150_431075.csv,True,False,False,1751925135.3272393,364923.16222190857
502399,1751924770.4042702,1751925105.3086996,batch_consumer-sts-0_20250707_215150_431075.csv,True,False,False,1751925135.3272393,364922.9691028595
502409,1751924770.404465,1751925105.3348055,batch_consumer-sts-0_20250707_215150_431075.csv,True,False,False,1751925135.3272393,364922.7743148804
502419,1751924770.4046588,1751925105.360808,batch_consumer-sts-0_20250707_215150_431075.csv,True,False,False,1751925135.3272393,364922.58048057556
502429,1751924770.4048457,1751925105.3868504,batch_consumer-sts-0_20250707_215150_431075.csv,True,False,False,1751925135.3272393,364922.39356040955
502439,1751924770.4050405,1751925105.4128268,batch_consumer-sts-0_20250707_215150_431075.csv,True,False,False,1751925135.3272393,364922.1987724304
524799,1751924770.8863766,1751925105.4389372,batch_consumer-sts-0_20250707_215150_431075.csv,True,False,False,1751925135.3272393,364440.86265563965
524809,1751924770.8866017,1751925105.4654045,batch_consumer-sts-0_20250707_215150_431075.csv,True,False,False,1751925135.3272393,364440.637588501
524819,1751924770.8868155,1751925105.49275,batch_consumer-sts-0_20250707_215150_431075.csv,True,False,False,1751925135.3272393,364440.4237270355
524829,1751924770.8870325,1751925105.5200343,batch_consumer-sts-0_20250707_215150_431075.csv,True,False,False,1751925135.3272393,364440.20676612854
524839,1751924770.887251,1751925105.5475948,batch_consumer-sts-0_20250707_215150_431075.csv,True,False,False,1751925135.3272393,364439.9883747101
524849,1751924770.88747,1751925105.5748982,batch_consumer-sts-0_20250707_215150_431075.csv,True,False,False,1751925135.3272393,364439.7692680359
524859,1751924770.8876765,1751925105.601886,batch_consumer-sts-0_20250707_215150_431075.csv,True,False,False,1751925135.3272393,364439.5627975464
524869,1751924770.8878963,1751925105.629353,batch_consumer-sts-0_20250707_215150_431075.csv,True,False,False,1751925135.3272393,364439.34297561646
524879,1751924770.8881116,1751925105.656891,batch_consumer-sts-0_20250707_215150_431075.csv,True,False,False,1751925135.3272393,364439.1276836395
524889,1751924770.8882985,1751925105.684405,batch_consumer-sts-0_20250707_215150_431075.csv,True,False,False,1751925135.3272393,364438.9407634735
524899,1751924770.8884895,1751925105.710941,batch_consumer-sts-0_20250707_215150_431075.csv,True,False,False,1751925135.3272393,364438.74979019165
524909,1751924770.8886812,1751925105.7382,batch_consumer-sts-0_20250707_215150_431075.csv,True,False,False,1751925135.3272393,364438.55810165405
524919,1751924770.888884,1751925105.7670405,batch_consumer-sts-0_20250707_215150_431075.csv,True,False,False,1751925135.3272393,364438.35520744324
524929,1751924770.8890655,1751925105.7947116,batch_consumer-sts-0_20250707_215150_431075.csv,True,False,False,1751925135.3272393,364438.17377090454
524939,1751924770.8892477,1751925105.8211515,batch_consumer-sts-0_20250707_215150_431075.csv,True,False,False,1751925135.3272393,364437.9916191101
524949,1751924770.8894272,1751925105.8486545,batch_consumer-sts-0_20250707_215150_431075.csv,True,False,False,1751925135.3272393,364437.81208992004
524959,1751924770.8896048,1751925105.8754983,batch_consumer-sts-0_20250707_215150_431075.csv,True,False,False,1751925135.3272393,364437.6344680786
524969,1751924770.8897877,1751925105.9022696,batch_consumer-sts-0_20250707_215150_431075.csv,True,False,False,1751925135.3272393,364437.45160102844
524979,1751924770.8899724,1751925105.9296725,batch_consumer-sts-0_20250707_215150_431075.csv,True,False,False,1751925135.3272393,364437.26682662964
524989,1751924770.8901615,1751925105.9579444,batch_consumer-sts-0_20250707_215150_431075.csv,True,False,False,1751925135.3272393,364437.0777606964
524999,1751924770.8903718,1751925105.9851837,batch_consumer-sts-0_20250707_215150_431075.csv,True,False,False,1751925135.3272393,364436.86747550964
525009,1751924770.8905623,1751925106.0118532,batch_consumer-sts-0_20250707_215150_431075.csv,True,False,False,1751925135.3272393,364436.67697906494
525019,1751924770.8909757,1751925106.039122,batch_consumer-sts-0_20250707_215150_431075.csv,True,False,False,1751925135.3272393,364436.2635612488
525029,1751924770.891366,1751925106.0670776,batch_consumer-sts-0_20250707_215150_431075.csv,True,False,False,1751925135.3272393,364435.8732700348
525039,1751924770.891719,1751925106.0949168,batch_consumer-sts-0_20250707_215150_431075.csv,True,False,False,1751925135.3272393,364435.52017211914
525049,1751924770.892065,1751925106.1228714,batch_consumer-sts-0_20250707_215150_431075.csv,True,False,False,1751925135.3272393,364435.17422676086
525059,1751924770.892407,1751925106.1507535,batch_consumer-sts-0_20250707_215150_431075.csv,True,False,False,1751925135.3272393,364434.83233451843
525069,1751924770.8925874,1751925106.17802,batch_consumer-sts-0_20250707_215150_431075.csv,True,False,False,1751925135.3272393,364434.65185165405
525079,1751924770.8927653,1751925106.2051442,batch_consumer-sts-0_20250707_215150_431075.csv,True,False,False,1751925135.3272393,364434.47399139404
525089,1751924770.8929446,1751925106.235685,batch_consumer-sts-0_20250707_215150_431075.csv,True,False,False,1751925135.3272393,364434.29470062256
525099,1751924770.893124,1751925106.2629182,batch_consumer-sts-0_20250707_215150_431075.csv,True,False,False,1751925135.3272393,364434.1151714325
525109,1751924770.893305,1751925106.290191,batch_consumer-sts-0_20250707_215150_431075.csv,True,False,False,1751925135.3272393,364433.93421173096
525119,1751924770.8934884,1751925106.3165228,batch_consumer-sts-0_20250707_215150_431075.csv,True,False,False,1751925135.3272393,364433.7508678436
525129,1751924770.8936672,1751925106.3437543,batch_consumer-sts-0_20250707_215150_431075.csv,True,False,False,1751925135.3272393,364433.5720539093
525139,1751924770.8938491,1751925106.370959,batch_consumer-sts-0_20250707_215150_431075.csv,True,False,False,1751925135.3272393,364433.39014053345
525149,1751924770.894029,1751925106.69984,batch_consumer-sts-0_20250707_215150_431075.csv,True,False,False,1751925135.3272393,364433.2103729248
525159,1751924770.8942304,1751925106.7275708,batch_consumer-sts-0_20250707_215150_431075.csv,True,False,False,1751925135.3272393,364433.00890922546
525169,1751924770.8944194,1751925106.7552269,batch_consumer-sts-0_20250707_215150_431075.csv,True,False,False,1751925135.3272393,364432.81984329224
525179,1751924770.894611,1751925106.783285,batch_consumer-sts-0_20250707_215150_431075.csv,True,False,False,1751925135.3272393,364432.6283931732
525189,1751924770.8948033,1751925106.809592,batch_consumer-sts-0_20250707_215150_431075.csv,True,False,False,1751925135.3272393,364432.4359893799
525199,1751924770.8950002,1751925106.83688,batch_consumer-sts-0_20250707_215150_431075.csv,True,False,False,1751925135.3272393,364432.23905563354
525209,1751924770.895196,1751925106.864597,batch_consumer-sts-0_20250707_215150_431075.csv,True,False,False,1751925135.3272393,364432.0433139801
525219,1751924770.8953888,1751925106.8922138,batch_consumer-sts-0_20250707_215150_431075.csv,True,False,False,1751925135.3272393,364431.8504333496
525229,1751924770.8955822,1751925106.9195127,batch_consumer-sts-0_20250707_215150_431075.csv,True,False,False,1751925135.3272393,364431.65707588196
525239,1751924770.895763,1751925106.9469986,batch_consumer-sts-0_20250707_215150_431075.csv,True,False,False,1751925135.3272393,364431.476354599
525249,1751924770.8959427,1751925106.974532,batch_consumer-sts-0_20250707_215150_431075.csv,True,False,False,1751925135.3272393,364431.29658699036
525259,1751924770.89612,1751925107.001639,batch_consumer-sts-0_20250707_215150_431075.csv,True,False,False,1751925135.3272393,364431.1192035675
525269,1751924770.896304,1751925107.0290675,batch_consumer-sts-0_20250707_215150_431075.csv,True,False,False,1751925135.3272393,364430.935382843
525279,1751924770.8964832,1751925107.056293,batch_consumer-sts-0_20250707_215150_431075.csv,True,False,False,1751925135.3272393,364430.75609207153
525289,1751924770.8966627,1751925107.0846856,batch_consumer-sts-0_20250707_215150_431075.csv,True,False,False,1751925135.3272393,364430.57656288147
525299,1751924770.896853,1751925107.1114273,batch_consumer-sts-0_20250707_215150_431075.csv,True,False,False,1751925135.3272393,364430.38630485535
525309,1751924770.8970375,1751925107.1390283,batch_consumer-sts-0_20250707_215150_431075.csv,True,False,False,1751925135.3272393,364430.2017688751
525319,1751924770.8972156,1751925107.1667545,batch_consumer-sts-0_20250707_215150_431075.csv,True,False,False,1751925135.3272393,364430.02367019653
525329,1751924770.8973997,1751925107.1939716,batch_consumer-sts-0_20250707_215150_431075.csv,True,False,False,1751925135.3272393,364429.83961105347
525339,1751924770.8975816,1751925107.220453,batch_consumer-sts-0_20250707_215150_431075.csv,True,False,False,1751925135.3272393,364429.6576976776
525349,1751924770.8977635,1751925107.2483,batch_consumer-sts-0_20250707_215150_431075.csv,True,False,False,1751925135.3272393,364429.47578430176
525359,1751924770.8979504,1751925107.2765863,batch_consumer-sts-0_20250707_215150_431075.csv,True,False,False,1751925135.3272393,364429.28886413574
525369,1751924770.898127,1751925107.303943,batch_consumer-sts-0_20250707_215150_431075.csv,True,False,False,1751925135.3272393,364429.1121959686
525379,1751924770.898335,1751925107.331385,batch_consumer-sts-0_20250707_215150_431075.csv,True,False,False,1751925135.3272393,364428.90429496765
525389,1751924770.8985274,1751925107.359474,batch_consumer-sts-0_20250707_215150_431075.csv,True,False,False,1751925135.3272393,364428.7118911743
525399,1751924770.898715,1751925107.3876257,batch_consumer-sts-0_20250707_215150_431075.csv,True,False,False,1751925135.3272393,364428.52425575256
525409,1751924770.8989022,1751925107.4141057,batch_consumer-sts-0_20250707_215150_431075.csv,True,False,False,1751925135.3272393,364428.33709716797
525419,1751924770.899093,1751925107.4420202,batch_consumer-sts-0_20250707_215150_431075.csv,True,False,False,1751925135.3272393,364428.1463623047
525429,1751924770.8993185,1751925107.4692202,batch_consumer-sts-0_20250707_215150_431075.csv,True,False,False,1751925135.3272393,364427.92081832886
525439,1751924770.8995135,1751925107.496515,batch_consumer-sts-0_20250707_215150_431075.csv,True,False,False,1751925135.3272393,364427.72579193115
525449,1751924770.8996978,1751925107.522885,batch_consumer-sts-0_20250707_215150_431075.csv,True,False,False,1751925135.3272393,364427.5414943695
525459,1751924770.8998723,1751925107.549724,batch_consumer-sts-0_20250707_215150_431075.csv,True,False,False,1751925135.3272393,364427.3669719696
525469,1751924770.900054,1751925107.5795245,batch_consumer-sts-0_20250707_215150_431075.csv,True,False,False,1751925135.3272393,364427.1852970123
525479,1751924770.9002326,1751925107.6061678,batch_consumer-sts-0_20250707_215150_431075.csv,True,False,False,1751925135.3272393,364427.0067214966
525489,1751924770.9004138,1751925107.6330085,batch_consumer-sts-0_20250707_215150_431075.csv,True,False,False,1751925135.3272393,364426.82552337646
525499,1751924770.9005952,1751925107.6600993,batch_consumer-sts-0_20250707_215150_431075.csv,True,False,False,1751925135.3272393,364426.64408683777
525509,1751924770.9007804,1751925108.6887226,batch_consumer-sts-0_20250707_215150_431075.csv,True,False,False,1751925135.3272393,364426.4588356018
525519,1751924770.9009593,1751925108.7153685,batch_consumer-sts-0_20250707_215150_431075.csv,True,False,False,1751925135.3272393,364426.2800216675
525529,1751924770.9011407,1751925108.742559,batch_consumer-sts-0_20250707_215150_431075.csv,True,False,False,1751925135.3272393,364426.0985851288
525539,1751924770.9013205,1751925108.7699723,batch_consumer-sts-0_20250707_215150_431075.csv,True,False,False,1751925135.3272393,364425.91881752014
525549,1751924770.901507,1751925108.7976491,batch_consumer-sts-0_20250707_215150_431075.csv,True,False,False,1751925135.3272393,364425.7323741913
525559,1751924770.9016929,1751925108.8244233,batch_consumer-sts-0_20250707_215150_431075.csv,True,False,False,1751925135.3272393,364425.5464076996
525569,1751924770.901876,1751925108.8513367,batch_consumer-sts-0_20250707_215150_431075.csv,True,False,False,1751925135.3272393,364425.36330223083
525579,1751924770.9020555,1751925108.8778248,batch_consumer-sts-0_20250707_215150_431075.csv,True,False,False,1751925135.3272393,364425.1837730408
525589,1751924770.9022665,1751925108.9046998,batch_consumer-sts-0_20250707_215150_431075.csv,True,False,False,1751925135.3272393,364424.97277259827
525599,1751924770.9025452,1751925108.9318626,batch_consumer-sts-0_20250707_215150_431075.csv,True,False,False,1751925135.3272393,364424.6940612793
525609,1751924770.9027371,1751925109.056124,batch_consumer-sts-0_20250707_215150_431075.csv,True,False,False,1751925135.3272393,364424.5021343231
525619,1751924770.9029343,1751925109.0836494,batch_consumer-sts-0_20250707_215150_431075.csv,True,False,False,1751925135.3272393,364424.3049621582
525629,1751924770.903133,1751925109.1108048,batch_consumer-sts-0_20250707_215150_431075.csv,True,False,False,1751925135.3272393,364424.1063594818
525639,1751924770.9033349,1751925109.139283,batch_consumer-sts-0_20250707_215150_431075.csv,True,False,False,1751925135.3272393,364423.9044189453
525649,1751924770.9035313,1751925109.167112,batch_consumer-sts-0_20250707_215150_431075.csv,True,False,False,1751925135.3272393,364423.70796203613
525659,1751924770.9037125,1751925109.1950805,batch_consumer-sts-0_20250707_215150_431075.csv,True,False,False,1751925135.3272393,364423.526763916
525669,1751924770.9039166,1751925109.2218013,batch_consumer-sts-0_20250707_215150_431075.csv,True,False,False,1751925135.3272393,364423.3226776123
525679,1751924770.904105,1751925109.2495997,batch_consumer-sts-0_20250707_215150_431075.csv,True,False,False,1751925135.3272393,364423.1343269348
525689,1751924770.9042976,1751925109.277419,batch_consumer-sts-0_20250707_215150_431075.csv,True,False,False,1751925135.3272393,364422.9416847229
525699,1751924770.9045,1751925109.3047726,batch_consumer-sts-0_20250707_215150_431075.csv,True,False,False,1751925135.3272393,364422.73926734924
525709,1751924770.9047067,1751925109.332434,batch_consumer-sts-0_20250707_215150_431075.csv,True,False,False,1751925135.3272393,364422.53255844116
525719,1751924770.904894,1751925109.3620176,batch_consumer-sts-0_20250707_215150_431075.csv,True,False,False,1751925135.3272393,364422.345161438
525729,1751924770.9051,1751925109.3903496,batch_consumer-sts-0_20250707_215150_431075.csv,True,False,False,1751925135.3272393,364422.13916778564
525739,1751924770.9052808,1751925109.4173095,batch_consumer-sts-0_20250707_215150_431075.csv,True,False,False,1751925135.3272393,364421.9584465027
525749,1751924770.9054625,1751925109.44461,batch_consumer-sts-0_20250707_215150_431075.csv,True,False,False,1751925135.3272393,364421.7767715454
525759,1751924770.905643,1751925109.4719365,batch_consumer-sts-0_20250707_215150_431075.csv,True,False,False,1751925135.3272393,364421.59628868103
525769,1751924770.905832,1751925109.4992378,batch_consumer-sts-0_20250707_215150_431075.csv,True,False,False,1751925135.3272393,364421.4072227478
525779,1751924770.9060292,1751925109.526004,batch_consumer-sts-0_20250707_215150_431075.csv,True,False,False,1751925135.3272393,364421.2100505829
525789,1751924770.9062338,1751925109.5537224,batch_consumer-sts-0_20250707_215150_431075.csv,True,False,False,1751925135.3272393,364421.005487442
525799,1751924770.9064283,1751925109.5809488,batch_consumer-sts-0_20250707_215150_431075.csv,True,False,False,1751925135.3272393,364420.81093788147
525809,1751924770.906624,1751925109.6076446,batch_consumer-sts-0_20250707_215150_431075.csv,True,False,False,1751925135.3272393,364420.615196228
525819,1751924770.9068203,1751925109.6349928,batch_consumer-sts-0_20250707_215150_431075.csv,True,False,False,1751925135.3272393,364420.4189777374
525829,1751924770.9070125,1751925109.662853,batch_consumer-sts-0_20250707_215150_431075.csv,True,False,False,1751925135.3272393,364420.2268123627
525839,1751924770.9072146,1751925109.6901703,batch_consumer-sts-0_20250707_215150_431075.csv,True,False,False,1751925135.3272393,364420.0246334076
525849,1751924770.9073966,1751925109.7166448,batch_consumer-sts-0_20250707_215150_431075.csv,True,False,False,1751925135.3272393,364419.84272003174
525859,1751924770.9075818,1751925109.743784,batch_consumer-sts-0_20250707_215150_431075.csv,True,False,False,1751925135.3272393,364419.6574687958
525869,1751924770.907771,1751925109.7711537,batch_consumer-sts-0_20250707_215150_431075.csv,True,False,False,1751925135.3272393,364419.46816444397
525879,1751924770.9079576,1751925109.798318,batch_consumer-sts-0_20250707_215150_431075.csv,True,False,False,1751925135.3272393,364419.2817211151
525889,1751924770.9081397,1751925109.8243556,batch_consumer-sts-0_20250707_215150_431075.csv,True,False,False,1751925135.3272393,364419.0995693207
525899,1751924770.9083252,1751925109.8515882,batch_consumer-sts-0_20250707_215150_431075.csv,True,False,False,1751925135.3272393,364418.91407966614
525909,1751924770.9085104,1751925109.878786,batch_consumer-sts-0_20250707_215150_431075.csv,True,False,False,1751925135.3272393,364418.7288284302
525919,1751924770.9086936,1751925109.9061835,batch_consumer-sts-0_20250707_215150_431075.csv,True,False,False,1751925135.3272393,364418.5457229614
525929,1751924770.9088776,1751925109.9333415,batch_consumer-sts-0_20250707_215150_431075.csv,True,False,False,1751925135.3272393,364418.36166381836
525939,1751924770.909084,1751925109.9608142,batch_consumer-sts-0_20250707_215150_431075.csv,True,False,False,1751925135.3272393,364418.15519332886
525949,1751924770.909266,1751925109.988382,batch_consumer-sts-0_20250707_215150_431075.csv,True,False,False,1751925135.3272393,364417.973279953
525959,1751924770.90945,1751925110.0150783,batch_consumer-sts-0_20250707_215150_431075.csv,True,False,False,1751925135.3272393,364417.78922080994
525969,1751924770.9096382,1751925110.0424328,batch_consumer-sts-0_20250707_215150_431075.csv,True,False,False,1751925135.3272393,364417.601108551
525979,1751924770.9098184,1751925110.0696733,batch_consumer-sts-0_20250707_215150_431075.csv,True,False,False,1751925135.3272393,364417.4208641052
525989,1751924770.9099998,1751925110.09727,batch_consumer-sts-0_20250707_215150_431075.csv,True,False,False,1751925135.3272393,364417.2394275665
525999,1751924770.9101849,1751925110.1243382,batch_consumer-sts-0_20250707_215150_431075.csv,True,False,False,1751925135.3272393,364417.05441474915
526009,1751924770.9103994,1751925110.1517706,batch_consumer-sts-0_20250707_215150_431075.csv,True,False,False,1751925135.3272393,364416.83983802795
526019,1751924770.910587,1751925110.1792817,batch_consumer-sts-0_20250707_215150_431075.csv,True,False,False,1751925135.3272393,364416.6522026062
526029,1751924770.910777,1751925110.206827,batch_consumer-sts-0_20250707_215150_431075.csv,True,False,False,1751925135.3272393,364416.46218299866
526039,1751924770.9109652,1751925110.235293,batch_consumer-sts-0_20250707_215150_431075.csv,True,False,False,1751925135.3272393,364416.27407073975
526049,1751924770.9113328,1751925110.2637713,batch_consumer-sts-0_20250707_215150_431075.csv,True,False,False,1751925135.3272393,364415.9064292908
526059,1751924770.9115157,1751925110.2920756,batch_consumer-sts-0_20250707_215150_431075.csv,True,False,False,1751925135.3272393,364415.7235622406
526069,1751924770.91205,1751925110.3190432,batch_consumer-sts-0_20250707_215150_431075.csv,True,False,False,1751925135.3272393,364415.18926620483
526079,1751924770.912404,1751925110.3459811,batch_consumer-sts-0_20250707_215150_431075.csv,True,False,False,1751925135.3272393,364414.83521461487
526089,1751924770.9127414,1751925110.372979,batch_consumer-sts-0_20250707_215150_431075.csv,True,False,False,1751925135.3272393,364414.49785232544
526099,1751924770.9129188,1751925110.402385,batch_consumer-sts-0_20250707_215150_431075.csv,True,False,False,1751925135.3272393,364414.3204689026
526109,1751924770.9130964,1751925110.7395592,batch_consumer-sts-0_20250707_215209_669792.csv,True,False,False,1751925135.3272393,364414.14284706116
526119,1751924770.913278,1751925110.7669568,batch_consumer-sts-0_20250707_215209_669792.csv,True,False,False,1751925135.3272393,364413.9611721039
526129,1751924770.9134583,1751925110.7944322,batch_consumer-sts-0_20250707_215209_669792.csv,True,False,False,1751925135.3272393,364413.7809276581
526139,1751924770.9136405,1751925110.8210936,batch_consumer-sts-0_20250707_215209_669792.csv,True,False,False,1751925135.3272393,364413.59877586365
526149,1751924770.913823,1751925110.8482614,batch_consumer-sts-0_20250707_215209_669792.csv,True,False,False,1751925135.3272393,364413.41638565063
526159,1751924770.913998,1751925110.875873,batch_consumer-sts-0_20250707_215209_669792.csv,True,False,False,1751925135.3272393,364413.2413864136
526169,1751924770.914204,1751925110.902892,batch_consumer-sts-0_20250707_215209_669792.csv,True,False,False,1751925135.3272393,364413.03539276123
526179,1751924770.914403,1751925110.9299746,batch_consumer-sts-0_20250707_215209_669792.csv,True,False,False,1751925135.3272393,364412.8363132477
526189,1751924770.914582,1751925110.9573836,batch_consumer-sts-0_20250707_215209_669792.csv,True,False,False,1751925135.3272393,364412.6572608948
526199,1751924770.9147646,1751925110.9847803,batch_consumer-sts-0_20250707_215209_669792.csv,True,False,False,1751925135.3272393,364412.4746322632
526209,1751924770.9149475,1751925111.0116024,batch_consumer-sts-0_20250707_215209_669792.csv,True,False,False,1751925135.3272393,364412.291765213
526219,1751924770.9151294,1751925111.0394151,batch_consumer-sts-0_20250707_215209_669792.csv,True,False,False,1751925135.3272393,364412.10985183716
526229,1751924770.9153085,1751925111.067504,batch_consumer-sts-0_20250707_215209_669792.csv,True,False,False,1751925135.3272393,364411.93079948425
526239,1751924770.91551,1751925111.094942,batch_consumer-sts-0_20250707_215209_669792.csv,True,False,False,1751925135.3272393,364411.7293357849
526249,1751924770.9156864,1751925111.121723,batch_consumer-sts-0_20250707_215209_669792.csv,True,False,False,1751925135.3272393,364411.5529060364
526259,1751924770.915864,1751925111.1491292,batch_consumer-sts-0_20250707_215209_669792.csv,True,False,False,1751925135.3272393,364411.37528419495
526269,1751924770.9160502,1751925111.176352,batch_consumer-sts-0_20250707_215209_669792.csv,True,False,False,1751925135.3272393,364411.18907928467
526279,1751924770.9178,1751925111.20353,batch_consumer-sts-0_20250707_215209_669792.csv,True,False,False,1751925135.3272393,364409.43932533264
526289,1751924770.9180748,1751925111.2306206,batch_consumer-sts-0_20250707_215209_669792.csv,True,False,False,1751925135.3272393,364409.16442871094
526299,1751924770.9197688,1751925111.2579803,batch_consumer-sts-0_20250707_215209_669792.csv,True,False,False,1751925135.3272393,364407.4704647064
526309,1751924770.919958,1751925111.2859354,batch_consumer-sts-0_20250707_215209_669792.csv,True,False,False,1751925135.3272393,364407.2811603546
526319,1751924770.920445,1751925111.3128605,batch_consumer-sts-0_20250707_215209_669792.csv,True,False,False,1751925135.3272393,364406.7943096161
526329,1751924770.921391,1751925111.3401728,batch_consumer-sts-0_20250707_215209_669792.csv,True,False,False,1751925135.3272393,364405.8482646942
526339,1751924770.9215896,1751925111.3680663,batch_consumer-sts-0_20250707_215209_669792.csv,True,False,False,1751925135.3272393,364405.6496620178
526349,1751924770.9217694,1751925111.3955774,batch_consumer-sts-0_20250707_215209_669792.csv,True,False,False,1751925135.3272393,364405.4698944092
526359,1751924770.9219468,1751925111.4226325,batch_consumer-sts-0_20250707_215209_669792.csv,True,False,False,1751925135.3272393,364405.2925109863
526369,1751924770.9221249,1751925111.45031,batch_consumer-sts-0_20250707_215209_669792.csv,True,False,False,1751925135.3272393,364405.11441230774
526379,1751924770.9223526,1751925111.478389,batch_consumer-sts-0_20250707_215209_669792.csv,True,False,False,1751925135.3272393,364404.8867225647
526389,1751924770.9225664,1751925111.7604687,batch_consumer-sts-0_20250707_215209_669792.csv,True,False,False,1751925135.3272393,364404.67286109924
526399,1751924770.922784,1751925111.7880075,batch_consumer-sts-0_20250707_215209_669792.csv,True,False,False,1751925135.3272393,364404.4551849365
526409,1751924770.923009,1751925111.8148973,batch_consumer-sts-0_20250707_215209_669792.csv,True,False,False,1751925135.3272393,364404.23035621643
526419,1751924770.9231975,1751925111.8423526,batch_consumer-sts-0_20250707_215209_669792.csv,True,False,False,1751925135.3272393,364404.04176712036
526429,1751924770.9233851,1751925111.8694265,batch_consumer-sts-0_20250707_215209_669792.csv,True,False,False,1751925135.3272393,364403.8541316986
526439,1751924770.9236135,1751925111.8954835,batch_consumer-sts-0_20250707_215209_669792.csv,True,False,False,1751925135.3272393,364403.6257266998
526449,1751924770.9237926,1751925111.921837,batch_consumer-sts-0_20250707_215209_669792.csv,True,False,False,1751925135.3272393,364403.4466743469
526459,1751924770.9239705,1751925111.9490058,batch_consumer-sts-0_20250707_215209_669792.csv,True,False,False,1751925135.3272393,364403.2688140869
526469,1751924770.9241476,1751925111.9764178,batch_consumer-sts-0_20250707_215209_669792.csv,True,False,False,1751925135.3272393,364403.09166908264
526479,1751924770.9243274,1751925112.0038557,batch_consumer-sts-0_20250707_215209_669792.csv,True,False,False,1751925135.3272393,364402.911901474
526489,1751924770.9245071,1751925112.031114,batch_consumer-sts-0_20250707_215209_669792.csv,True,False,False,1751925135.3272393,364402.73213386536
526499,1751924770.9246864,1751925112.0587008,batch_consumer-sts-0_20250707_215209_669792.csv,True,False,False,1751925135.3272393,364402.5528430939
526509,1751924770.9248672,1751925112.086436,batch_consumer-sts-0_20250707_215209_669792.csv,True,False,False,1751925135.3272393,364402.3721218109
526519,1751924770.9250467,1751925112.1133475,batch_consumer-sts-0_20250707_215209_669792.csv,True,False,False,1751925135.3272393,364402.19259262085
526529,1751924770.925228,1751925112.1409762,batch_consumer-sts-0_20250707_215209_669792.csv,True,False,False,1751925135.3272393,364402.01115608215
526539,1751924770.9254038,1751925112.21018,batch_consumer-sts-0_20250707_215209_669792.csv,True,False,False,1751925135.3272393,364401.83544158936
526549,1751924770.925582,1751925112.2381945,batch_consumer-sts-0_20250707_215209_669792.csv,True,False,False,1751925135.3272393,364401.65734291077
526559,1751924770.9257703,1751925112.2656927,batch_consumer-sts-0_20250707_215209_669792.csv,True,False,False,1751925135.3272393,364401.4689922333
526569,1751924770.925951,1751925112.2933571,batch_consumer-sts-0_20250707_215209_669792.csv,True,False,False,1751925135.3272393,364401.2882709503
526579,1751924770.926134,1751925112.3203104,batch_consumer-sts-0_20250707_215209_669792.csv,True,False,False,1751925135.3272393,364401.10516548157
526589,1751924770.9263515,1751925112.3481488,batch_consumer-sts-0_20250707_215209_669792.csv,True,False,False,1751925135.3272393,364400.8877277374
556229,1751924771.568534,1751925112.3747284,batch_consumer-sts-0_20250707_215209_669792.csv,True,False,False,1751925135.3272393,363758.70537757874
556239,1751924771.568949,1751925112.4021082,batch_consumer-sts-0_20250707_215209_669792.csv,True,False,False,1751925135.3272393,363758.2902908325
556249,1751924771.5691245,1751925112.4292228,batch_consumer-sts-0_20250707_215209_669792.csv,True,False,False,1751925135.3272393,363758.1148147583
556259,1751924771.5692954,1751925112.457014,batch_consumer-sts-0_20250707_215209_669792.csv,True,False,False,1751925135.3272393,363757.9438686371
556269,1751924771.569476,1751925112.484892,batch_consumer-sts-0_20250707_215209_669792.csv,True,False,False,1751925135.3272393,363757.7633857727
556279,1751924771.5696542,1751925112.5117085,batch_consumer-sts-0_20250707_215209_669792.csv,True,False,False,1751925135.3272393,363757.58504867554
556289,1751924771.5698354,1751925112.5390918,batch_consumer-sts-0_20250707_215209_669792.csv,True,False,False,1751925135.3272393,363757.4038505554
556299,1751924771.570016,1751925112.5666063,batch_consumer-sts-0_20250707_215209_669792.csv,True,False,False,1751925135.3272393,363757.22336769104
556309,1751924771.570197,1751925112.5947156,batch_consumer-sts-0_20250707_215209_669792.csv,True,False,False,1751925135.3272393,363757.0421695709
556319,1751924771.5703754,1751925112.6216035,batch_consumer-sts-0_20250707_215209_669792.csv,True,False,False,1751925135.3272393,363756.86383247375
556329,1751924771.5705504,1751925112.6492076,batch_consumer-sts-0_20250707_215209_669792.csv,True,False,False,1751925135.3272393,363756.6888332367
556339,1751924771.570723,1751925112.6768794,batch_consumer-sts-0_20250707_215209_669792.csv,True,False,False,1751925135.3272393,363756.5162181854
556349,1751924771.5709038,1751925112.704147,batch_consumer-sts-0_20250707_215209_669792.csv,True,False,False,1751925135.3272393,363756.33549690247
556359,1751924771.571083,1751925112.7320263,batch_consumer-sts-0_20250707_215209_669792.csv,True,False,False,1751925135.3272393,363756.156206131
556369,1751924771.5712657,1751925112.7598617,batch_consumer-sts-0_20250707_215209_669792.csv,True,False,False,1751925135.3272393,363755.9735774994
556379,1751924771.571443,1751925112.7878106,batch_consumer-sts-0_20250707_215209_669792.csv,True,False,False,1751925135.3272393,363755.79619407654
556389,1751924771.5716245,1751925112.8143775,batch_consumer-sts-0_20250707_215209_669792.csv,True,False,False,1751925135.3272393,363755.61475753784
556399,1751924771.5718043,1751925112.841426,batch_consumer-sts-0_20250707_215209_669792.csv,True,False,False,1751925135.3272393,363755.4349899292
556409,1751924771.5719864,1751925112.867539,batch_consumer-sts-0_20250707_215209_669792.csv,True,False,False,1751925135.3272393,363755.25283813477
556419,1751924771.5721643,1751925112.8951805,batch_consumer-sts-0_20250707_215209_669792.csv,True,False,False,1751925135.3272393,363755.07497787476
556429,1751924771.5723438,1751925112.921485,batch_consumer-sts-0_20250707_215209_669792.csv,True,False,False,1751925135.3272393,363754.8954486847
556439,1751924771.5725188,1751925112.9491117,batch_consumer-sts-0_20250707_215209_669792.csv,True,False,False,1751925135.3272393,363754.72044944763
556449,1751924771.5727236,1751925112.9769006,batch_consumer-sts-0_20250707_215209_669792.csv,True,False,False,1751925135.3272393,363754.5156478882
556459,1751924771.5729146,1751925113.0038488,batch_consumer-sts-0_20250707_215209_669792.csv,True,False,False,1751925135.3272393,363754.3246746063
556469,1751924771.5731082,1751925113.0313714,batch_consumer-sts-0_20250707_215209_669792.csv,True,False,False,1751925135.3272393,363754.1310787201
556479,1751924771.5732973,1751925113.0587115,batch_consumer-sts-0_20250707_215209_669792.csv,True,False,False,1751925135.3272393,363753.94201278687
556489,1751924771.5734875,1751925113.0859568,batch_consumer-sts-0_20250707_215209_669792.csv,True,False,False,1751925135.3272393,363753.75175476074
556499,1751924771.5738184,1751925113.1126063,batch_consumer-sts-0_20250707_215209_669792.csv,True,False,False,1751925135.3272393,363753.42082977295
556509,1751924771.5741189,1751925113.1398113,batch_consumer-sts-0_20250707_215209_669792.csv,True,False,False,1751925135.3272393,363753.1204223633
556519,1751924771.5744665,1751925113.1671743,batch_consumer-sts-0_20250707_215209_669792.csv,True,False,False,1751925135.3272393,363752.77280807495
556529,1751924771.5746417,1751925113.1947374,batch_consumer-sts-0_20250707_215209_669792.csv,True,False,False,1751925135.3272393,363752.5975704193
556539,1751924771.5748208,1751925114.2232206,batch_consumer-sts-0_20250707_215209_669792.csv,True,False,False,1751925135.3272393,363752.4185180664
556549,1751924771.5749958,1751925114.2507374,batch_consumer-sts-0_20250707_215209_669792.csv,True,False,False,1751925135.3272393,363752.24351882935
556559,1751924771.5753083,1751925114.278096,batch_consumer-sts-0_20250707_215209_669792.csv,True,False,False,1751925135.3272393,363751.93095207214
556569,1751924771.5754974,1751925114.3052142,batch_consumer-sts-0_20250707_215209_669792.csv,True,False,False,1751925135.3272393,363751.7418861389
556579,1751924771.5756922,1751925114.3326294,batch_consumer-sts-0_20250707_215209_669792.csv,True,False,False,1751925135.3272393,363751.5470981598
556589,1751924771.5758832,1751925114.3599966,batch_consumer-sts-0_20250707_215209_669792.csv,True,False,False,1751925135.3272393,363751.35612487793
556599,1751924771.576077,1751925114.387607,batch_consumer-sts-0_20250707_215209_669792.csv,True,False,False,1751925135.3272393,363751.1622905731
556609,1751924771.5762746,1751925114.4145043,batch_consumer-sts-0_20250707_215209_669792.csv,True,False,False,1751925135.3272393,363750.96464157104
556619,1751924771.5764592,1751925114.442258,batch_consumer-sts-0_20250707_215209_669792.csv,True,False,False,1751925135.3272393,363750.7801055908
556629,1751924771.5766404,1751925114.470201,batch_consumer-sts-0_20250707_215209_669792.csv,True,False,False,1751925135.3272393,363750.5989074707
556639,1751924771.57682,1751925114.4980023,batch_consumer-sts-0_20250707_215209_669792.csv,True,False,False,1751925135.3272393,363750.41937828064
556649,1751924771.5769973,1751925114.5252235,batch_consumer-sts-0_20250707_215209_669792.csv,True,False,False,1751925135.3272393,363750.2419948578
556659,1751924771.5771728,1751925114.5525627,batch_consumer-sts-0_20250707_215209_669792.csv,True,False,False,1751925135.3272393,363750.06651878357
556669,1751924771.5773497,1751925114.5799885,batch_consumer-sts-0_20250707_215209_669792.csv,True,False,False,1751925135.3272393,363749.8896121979
556679,1751924771.5775287,1751925114.6069682,batch_consumer-sts-0_20250707_215209_669792.csv,True,False,False,1751925135.3272393,363749.71055984497
556689,1751924771.5777082,1751925114.634721,batch_consumer-sts-0_20250707_215209_669792.csv,True,False,False,1751925135.3272393,363749.5310306549
556699,1751924771.5778892,1751925114.6625035,batch_consumer-sts-0_20250707_215209_669792.csv,True,False,False,1751925135.3272393,363749.35007095337
556709,1751924771.578076,1751925114.6905344,batch_consumer-sts-0_20250707_215209_669792.csv,True,False,False,1751925135.3272393,363749.16338920593
556719,1751924771.578261,1751925114.7174263,batch_consumer-sts-0_20250707_215209_669792.csv,True,False,False,1751925135.3272393,363748.97837638855
556729,1751924771.5784402,1751925115.0175102,batch_consumer-sts-0_20250707_215209_669792.csv,True,False,False,1751925135.3272393,363748.79908561707
556739,1751924771.5786211,1751925115.0448043,batch_consumer-sts-0_20250707_215209_669792.csv,True,False,False,1751925135.3272393,363748.6181259155
556749,1751924771.578805,1751925115.0718002,batch_consumer-sts-0_20250707_215209_669792.csv,True,False,False,1751925135.3272393,363748.43430519104
556759,1751924771.5789888,1751925115.099573,batch_consumer-sts-0_20250707_215209_669792.csv,True,False,False,1751925135.3272393,363748.25048446655
556769,1751924771.5791678,1751925115.133134,batch_consumer-sts-0_20250707_215209_669792.csv,True,False,False,1751925135.3272393,363748.07143211365
556779,1751924771.5793486,1751925115.1602294,batch_consumer-sts-0_20250707_215209_669792.csv,True,False,False,1751925135.3272393,363747.8907108307
556789,1751924771.5795407,1751925115.1874812,batch_consumer-sts-0_20250707_215209_669792.csv,True,False,False,1751925135.3272393,363747.69854545593
556799,1751924771.5797129,1751925115.2141151,batch_consumer-sts-0_20250707_215209_669792.csv,True,False,False,1751925135.3272393,363747.5264072418
556809,1751924771.579887,1751925115.2416463,batch_consumer-sts-0_20250707_215209_669792.csv,True,False,False,1751925135.3272393,363747.3523616791
556819,1751924771.5800629,1751925115.2691798,batch_consumer-sts-0_20250707_215209_669792.csv,True,False,False,1751925135.3272393,363747.1764087677
556829,1751924771.580239,1751925115.2967124,batch_consumer-sts-0_20250707_215209_669792.csv,True,False,False,1751925135.3272393,363747.00021743774
556839,1751924771.580419,1751925115.3238597,batch_consumer-sts-0_20250707_215209_669792.csv,True,False,False,1751925135.3272393,363746.8202114105
556849,1751924771.580596,1751925115.351278,batch_consumer-sts-0_20250707_215209_669792.csv,True,False,False,1751925135.3272393,363746.6433048248
556859,1751924771.580774,1751925115.3790307,batch_consumer-sts-0_20250707_215209_669792.csv,True,False,False,1751925135.3272393,363746.46520614624
556869,1751924771.580955,1751925115.4073954,batch_consumer-sts-0_20250707_215209_669792.csv,True,False,False,1751925135.3272393,363746.2842464447
556879,1751924771.581129,1751925115.4361925,batch_consumer-sts-0_20250707_215209_669792.csv,True,False,False,1751925135.3272393,363746.11020088196
556889,1751924771.581311,1751925115.463275,batch_consumer-sts-0_20250707_215209_669792.csv,True,False,False,1751925135.3272393,363745.9282875061
556899,1751924771.5814874,1751925115.4908855,batch_consumer-sts-0_20250707_215209_669792.csv,True,False,False,1751925135.3272393,363745.75185775757
556909,1751924771.5816677,1751925115.5181365,batch_consumer-sts-0_20250707_215209_669792.csv,True,False,False,1751925135.3272393,363745.57161331177
556919,1751924771.5818455,1751925115.5459633,batch_consumer-sts-0_20250707_215209_669792.csv,True,False,False,1751925135.3272393,363745.39375305176
556929,1751924771.5820248,1751925115.5737836,batch_consumer-sts-0_20250707_215209_669792.csv,True,False,False,1751925135.3272393,363745.2144622803
556939,1751924771.5822191,1751925115.6011407,batch_consumer-sts-0_20250707_215209_669792.csv,True,False,False,1751925135.3272393,363745.0201511383
556949,1751924771.5824556,1751925115.628549,batch_consumer-sts-0_20250707_215209_669792.csv,True,False,False,1751925135.3272393,363744.78363990784
556959,1751924771.5827332,1751925115.6568887,batch_consumer-sts-0_20250707_215209_669792.csv,True,False,False,1751925135.3272393,363744.50612068176
556969,1751924771.583314,1751925115.6848302,batch_consumer-sts-0_20250707_215209_669792.csv,True,False,False,1751925135.3272393,363743.9253330231
556979,1751924771.5835898,1751925115.711871,batch_consumer-sts-0_20250707_215209_669792.csv,True,False,False,1751925135.3272393,363743.64948272705
556989,1751924771.5845582,1751925115.7397182,batch_consumer-sts-0_20250707_215209_669792.csv,True,False,False,1751925135.3272393,363742.68102645874
556999,1751924771.5847433,1751925115.7678535,batch_consumer-sts-0_20250707_215209_669792.csv,True,False,False,1751925135.3272393,363742.49601364136
557009,1751924771.5849252,1751925115.7958748,batch_consumer-sts-0_20250707_215209_669792.csv,True,False,False,1751925135.3272393,363742.3141002655
557019,1751924771.585107,1751925115.8229146,batch_consumer-sts-0_20250707_215209_669792.csv,True,False,False,1751925135.3272393,363742.13218688965
557029,1751924771.5852933,1751925115.8509736,batch_consumer-sts-0_20250707_215209_669792.csv,True,False,False,1751925135.3272393,363741.94598197937
557039,1751924771.5854783,1751925115.8785388,batch_consumer-sts-0_20250707_215209_669792.csv,True,False,False,1751925135.3272393,363741.760969162
557049,1751924771.5856583,1751925115.9055986,batch_consumer-sts-0_20250707_215209_669792.csv,True,False,False,1751925135.3272393,363741.58096313477
557059,1751924771.5858307,1751925115.9332232,batch_consumer-sts-0_20250707_215209_669792.csv,True,False,False,1751925135.3272393,363741.4085865021
557069,1751924771.586004,1751925115.9604807,batch_consumer-sts-0_20250707_215209_669792.csv,True,False,False,1751925135.3272393,363741.23525619507
557079,1751924771.5862076,1751925115.9924636,batch_consumer-sts-0_20250707_215209_669792.csv,True,False,False,1751925135.3272393,363741.0316467285
557089,1751924771.5863855,1751925116.0192504,batch_consumer-sts-0_20250707_215209_669792.csv,True,False,False,1751925135.3272393,363740.8537864685
557099,1751924771.5865667,1751925116.0465324,batch_consumer-sts-0_20250707_215209_669792.csv,True,False,False,1751925135.3272393,363740.6725883484
557109,1751924771.5867524,1751925116.0740116,batch_consumer-sts-0_20250707_215209_669792.csv,True,False,False,1751925135.3272393,363740.48686027527
557119,1751924771.586933,1751925116.101172,batch_consumer-sts-0_20250707_215209_669792.csv,True,False,False,1751925135.3272393,363740.3063774109
557129,1751924771.587118,1751925116.128101,batch_consumer-sts-0_20250707_215209_669792.csv,True,False,False,1751925135.3272393,363740.1213645935
557139,1751924771.587303,1751925116.1559663,batch_consumer-sts-0_20250707_215209_669792.csv,True,False,False,1751925135.3272393,363739.9363517761
557149,1751924771.5874965,1751925116.183179,batch_consumer-sts-0_20250707_215209_669792.csv,True,False,False,1751925135.3272393,363739.7427558899
557159,1751924771.5876777,1751925116.210117,batch_consumer-sts-0_20250707_215209_669792.csv,True,False,False,1751925135.3272393,363739.5615577698
557169,1751924771.5878663,1751925116.2375283,batch_consumer-sts-0_20250707_215209_669792.csv,True,False,False,1751925135.3272393,363739.3729686737
557179,1751924771.5880597,1751925116.2649057,batch_consumer-sts-0_20250707_215209_669792.csv,True,False,False,1751925135.3272393,363739.17961120605
557189,1751924771.5882385,1751925116.292244,batch_consumer-sts-0_20250707_215209_669792.csv,True,False,False,1751925135.3272393,363739.0007972717
557199,1751924771.5884356,1751925116.3189127,batch_consumer-sts-0_20250707_215209_669792.csv,True,False,False,1751925135.3272393,363738.8036251068
557209,1751924771.5886152,1751925116.3463972,batch_consumer-sts-0_20250707_215209_669792.csv,True,False,False,1751925135.3272393,363738.62409591675
557219,1751924771.5888035,1751925116.373901,batch_consumer-sts-0_20250707_215209_669792.csv,True,False,False,1751925135.3272393,363738.43574523926
557229,1751924771.5889857,1751925116.401042,batch_consumer-sts-0_20250707_215209_669792.csv,True,False,False,1751925135.3272393,363738.2535934448
557239,1751924771.5891693,1751925116.4293892,batch_consumer-sts-0_20250707_215209_669792.csv,True,False,False,1751925135.3272393,363738.0700111389
557249,1751924771.589352,1751925116.4564886,batch_consumer-sts-0_20250707_215209_669792.csv,True,False,False,1751925135.3272393,363737.8873825073
557259,1751924771.5895364,1751925116.4835243,batch_consumer-sts-0_20250707_215209_669792.csv,True,False,False,1751925135.3272393,363737.7028465271
557269,1751924771.5897255,1751925116.5102496,batch_consumer-sts-0_20250707_215209_669792.csv,True,False,False,1751925135.3272393,363737.5137805939
557279,1751924771.5899043,1751925116.538029,batch_consumer-sts-0_20250707_215209_669792.csv,True,False,False,1751925135.3272393,363737.33496665955
557289,1751924771.5900862,1751925116.565995,batch_consumer-sts-0_20250707_215209_669792.csv,True,False,False,1751925135.3272393,363737.1530532837
557299,1751924771.590274,1751925116.593527,batch_consumer-sts-0_20250707_215209_669792.csv,True,False,False,1751925135.3272393,363736.96517944336
557309,1751924771.5904582,1751925116.6201026,batch_consumer-sts-0_20250707_215209_669792.csv,True,False,False,1751925135.3272393,363736.7811203003
557319,1751924771.5906432,1751925116.7686934,batch_consumer-sts-0_20250707_215209_669792.csv,True,False,False,1751925135.3272393,363736.5961074829
557329,1751924771.5908248,1751925116.797096,batch_consumer-sts-0_20250707_215209_669792.csv,True,False,False,1751925135.3272393,363736.41443252563
557339,1751924771.5910022,1751925116.8243487,batch_consumer-sts-0_20250707_215209_669792.csv,True,False,False,1751925135.3272393,363736.2370491028
557349,1751924771.591189,1751925116.8583708,batch_consumer-sts-0_20250707_215209_669792.csv,True,False,False,1751925135.3272393,363736.05036735535
557359,1751924771.591382,1751925116.8865554,batch_consumer-sts-0_20250707_215209_669792.csv,True,False,False,1751925135.3272393,363735.8572483063
557369,1751924771.5915575,1751925116.9133854,batch_consumer-sts-0_20250707_215209_669792.csv,True,False,False,1751925135.3272393,363735.68177223206
557379,1751924771.5917363,1751925116.9408238,batch_consumer-sts-0_20250707_215209_669792.csv,True,False,False,1751925135.3272393,363735.50295829773
557389,1751924771.5919132,1751925116.968365,batch_consumer-sts-0_20250707_215209_669792.csv,True,False,False,1751925135.3272393,363735.32605171204
557399,1751924771.5920873,1751925116.997288,batch_consumer-sts-0_20250707_215209_669792.csv,True,False,False,1751925135.3272393,363735.1520061493
557409,1751924771.5922663,1751925117.0231752,batch_consumer-sts-0_20250707_215209_669792.csv,True,False,False,1751925135.3272393,363734.9729537964
557419,1751924771.592438,1751925117.0501473,batch_consumer-sts-0_20250707_215209_669792.csv,True,False,False,1751925135.3272393,363734.80129241943
557429,1751924771.5926116,1751925117.077701,batch_consumer-sts-0_20250707_215209_669792.csv,True,False,False,1751925135.3272393,363734.62772369385
557439,1751924771.5927908,1751925117.1045878,batch_consumer-sts-0_20250707_215209_669792.csv,True,False,False,1751925135.3272393,363734.44843292236
557449,1751924771.592983,1751925117.1309426,batch_consumer-sts-0_20250707_215209_669792.csv,True,False,False,1751925135.3272393,363734.2562675476
557459,1751924771.593164,1751925117.1579554,batch_consumer-sts-0_20250707_215209_669792.csv,True,False,False,1751925135.3272393,363734.07530784607
557469,1751924771.5933392,1751925117.1862326,batch_consumer-sts-0_20250707_215209_669792.csv,True,False,False,1751925135.3272393,363733.90007019043
557479,1751924771.5935223,1751925117.2127552,batch_consumer-sts-0_20250707_215209_669792.csv,True,False,False,1751925135.3272393,363733.7169647217
557489,1751924771.5937054,1751925117.2394738,batch_consumer-sts-0_20250707_215209_669792.csv,True,False,False,1751925135.3272393,363733.53385925293
557499,1751924771.5938897,1751925117.2668524,batch_consumer-sts-0_20250707_215209_669792.csv,True,False,False,1751925135.3272393,363733.3495616913
557509,1751924771.5942173,1751925117.293883,batch_consumer-sts-0_20250707_215209_669792.csv,True,False,False,1751925135.3272393,363733.0219745636
557519,1751924771.5943997,1751925117.320369,batch_consumer-sts-0_20250707_215209_669792.csv,True,False,False,1751925135.3272393,363732.8395843506
557529,1751924771.594581,1751925117.3476667,batch_consumer-sts-0_20250707_215209_669792.csv,True,False,False,1751925135.3272393,363732.65838623047
557539,1751924771.5947587,1751925117.3751276,batch_consumer-sts-0_20250707_215209_669792.csv,True,False,False,1751925135.3272393,363732.48052597046
557549,1751924771.5949335,1751925117.4023309,batch_consumer-sts-0_20250707_215209_669792.csv,True,False,False,1751925135.3272393,363732.305765152
557559,1751924771.595247,1751925117.4292212,batch_consumer-sts-0_20250707_215209_669792.csv,True,False,False,1751925135.3272393,363731.99224472046
557569,1751924771.5955927,1751925117.45638,batch_consumer-sts-0_20250707_215209_669792.csv,True,False,False,1751925135.3272393,363731.64653778076
557579,1751924771.595787,1751925117.4825246,batch_consumer-sts-0_20250707_215209_669792.csv,True,False,False,1751925135.3272393,363731.4522266388
557589,1751924771.5959618,1751925117.5095725,batch_consumer-sts-0_20250707_215209_669792.csv,True,False,False,1751925135.3272393,363731.2774658203
557599,1751924771.5961368,1751925117.5367377,batch_consumer-sts-0_20250707_215209_669792.csv,True,False,False,1751925135.3272393,363731.10246658325
557609,1751924771.5963154,1751925117.564094,batch_consumer-sts-0_20250707_215209_669792.csv,True,False,False,1751925135.3272393,363730.9238910675
557619,1751924771.59661,1751925117.5915594,batch_consumer-sts-0_20250707_215209_669792.csv,True,False,False,1751925135.3272393,363730.62920570374
557629,1751924771.5967844,1751925117.6181045,batch_consumer-sts-0_20250707_215209_669792.csv,True,False,False,1751925135.3272393,363730.4549217224
557639,1751924771.5969603,1751925117.6449857,batch_consumer-sts-0_20250707_215209_669792.csv,True,False,False,1751925135.3272393,363730.27896881104
557649,1751924771.5971372,1751925117.6726794,batch_consumer-sts-0_20250707_215209_669792.csv,True,False,False,1751925135.3272393,363730.10206222534
557659,1751924771.5973084,1751925117.7003448,batch_consumer-sts-0_20250707_215209_669792.csv,True,False,False,1751925135.3272393,363729.93087768555
557669,1751924771.5974846,1751925117.7269368,batch_consumer-sts-0_20250707_215209_669792.csv,True,False,False,1751925135.3272393,363729.7546863556
557679,1751924771.5976694,1751925117.754168,batch_consumer-sts-0_20250707_215209_669792.csv,True,False,False,1751925135.3272393,363729.5699119568
557689,1751924771.5978603,1751925117.7816794,batch_consumer-sts-0_20250707_215209_669792.csv,True,False,False,1751925135.3272393,363729.3789386749
557699,1751924771.5980375,1751925117.8090055,batch_consumer-sts-0_20250707_215209_669792.csv,True,False,False,1751925135.3272393,363729.20179367065
557709,1751924771.5982304,1751925117.8364067,batch_consumer-sts-0_20250707_215209_669792.csv,True,False,False,1751925135.3272393,363729.00891304016
557719,1751924771.5984082,1751925117.864293,batch_consumer-sts-0_20250707_215209_669792.csv,True,False,False,1751925135.3272393,363728.83105278015
557729,1751924771.598589,1751925117.8923564,batch_consumer-sts-0_20250707_215209_669792.csv,True,False,False,1751925135.3272393,363728.6503314972
557739,1751924771.5987597,1751925117.9189816,batch_consumer-sts-0_20250707_215209_669792.csv,True,False,False,1751925135.3272393,363728.47962379456
557749,1751924771.5989356,1751925117.9460032,batch_consumer-sts-0_20250707_215209_669792.csv,True,False,False,1751925135.3272393,363728.3036708832
557759,1751924771.5991127,1751925117.9734082,batch_consumer-sts-0_20250707_215209_669792.csv,True,False,False,1751925135.3272393,363728.1265258789
557769,1751924771.5992951,1751925117.9993696,batch_consumer-sts-0_20250707_215209_669792.csv,True,False,False,1751925135.3272393,363727.9441356659
557779,1751924771.5994723,1751925118.025272,batch_consumer-sts-0_20250707_215209_669792.csv,True,False,False,1751925135.3272393,363727.7669906616
557789,1751924771.5996473,1751925118.0525143,batch_consumer-sts-0_20250707_215209_669792.csv,True,False,False,1751925135.3272393,363727.59199142456
557799,1751924771.5998256,1751925118.0800989,batch_consumer-sts-0_20250707_215209_669792.csv,True,False,False,1751925135.3272393,363727.4136543274
557809,1751924771.600005,1751925118.106272,batch_consumer-sts-0_20250707_215209_669792.csv,True,False,False,1751925135.3272393,363727.2343635559
557819,1751924771.600186,1751925118.13343,batch_consumer-sts-0_20250707_215209_669792.csv,True,False,False,1751925135.3272393,363727.0531654358
557829,1751924771.6003647,1751925118.160771,batch_consumer-sts-0_20250707_215209_669792.csv,True,False,False,1751925135.3272393,363726.87458992004
557839,1751924771.6005518,1751925118.1878316,batch_consumer-sts-0_20250707_215209_669792.csv,True,False,False,1751925135.3272393,363726.68743133545
557849,1751924771.6007388,1751925118.2144654,batch_consumer-sts-0_20250707_215209_669792.csv,True,False,False,1751925135.3272393,363726.50051116943
557859,1751924771.600922,1751925118.2448108,batch_consumer-sts-0_20250707_215209_669792.csv,True,False,False,1751925135.3272393,363726.3171672821
557869,1751924771.6011052,1751925118.2722197,batch_consumer-sts-0_20250707_215209_669792.csv,True,False,False,1751925135.3272393,363726.13406181335
557879,1751924771.6012914,1751925118.2995095,batch_consumer-sts-0_20250707_215209_669792.csv,True,False,False,1751925135.3272393,363725.9478569031
557889,1751924771.6014664,1751925118.3347635,batch_consumer-sts-0_20250707_215209_669792.csv,True,False,False,1751925135.3272393,363725.772857666
557899,1751924771.6016464,1751925118.3621771,batch_consumer-sts-0_20250707_215209_669792.csv,True,False,False,1751925135.3272393,363725.5928516388
557909,1751924771.6018307,1751925118.3895888,batch_consumer-sts-0_20250707_215209_669792.csv,True,False,False,1751925135.3272393,363725.40855407715
557919,1751924771.6020172,1751925118.416435,batch_consumer-sts-0_20250707_215209_669792.csv,True,False,False,1751925135.3272393,363725.2221107483
557929,1751924771.602215,1751925118.4441886,batch_consumer-sts-0_20250707_215209_669792.csv,True,False,False,1751925135.3272393,363725.02422332764
557939,1751924771.6023936,1751925119.4732306,batch_consumer-sts-0_20250707_215209_669792.csv,True,False,False,1751925135.3272393,363724.8456478119
557949,1751924771.6025722,1751925119.5010648,batch_consumer-sts-0_20250707_215209_669792.csv,True,False,False,1751925135.3272393,363724.66707229614
557959,1751924771.6027532,1751925119.5297234,batch_consumer-sts-0_20250707_215209_669792.csv,True,False,False,1751925135.3272393,363724.4861125946
557969,1751924771.602937,1751925119.557908,batch_consumer-sts-0_20250707_215209_669792.csv,True,False,False,1751925135.3272393,363724.3022918701
557979,1751924771.603119,1751925119.586279,batch_consumer-sts-0_20250707_215209_669792.csv,True,False,False,1751925135.3272393,363724.12037849426
557989,1751924771.6033022,1751925119.6132362,batch_consumer-sts-0_20250707_215209_669792.csv,True,False,False,1751925135.3272393,363723.93703460693
557999,1751924771.6034782,1751925119.6410692,batch_consumer-sts-0_20250707_215209_669792.csv,True,False,False,1751925135.3272393,363723.76108169556
558009,1751924771.6036563,1751925119.667699,batch_consumer-sts-0_20250707_215209_669792.csv,True,False,False,1751925135.3272393,363723.58298301697
558019,1751924771.6038384,1751925119.6957157,batch_consumer-sts-0_20250707_215209_669792.csv,True,False,False,1751925135.3272393,363723.40083122253
558029,1751924771.6040192,1751925119.7233183,batch_consumer-sts-0_20250707_215209_669792.csv,True,False,False,1751925135.3272393,363723.2201099396
558039,1751924771.604198,1751925119.750682,batch_consumer-sts-0_20250707_215209_669792.csv,True,False,False,1751925135.3272393,363723.04129600525
558049,1751924771.6043763,1751925119.7784178,batch_consumer-sts-0_20250707_215209_669792.csv,True,False,False,1751925135.3272393,363722.8629589081
558059,1751924771.6045573,1751925119.805761,batch_consumer-sts-0_20250707_215209_669792.csv,True,False,False,1751925135.3272393,363722.68199920654
558069,1751924771.6047387,1751925119.8330264,batch_consumer-sts-0_20250707_215209_669792.csv,True,False,False,1751925135.3272393,363722.50056266785
558079,1751924771.605089,1751925120.2285578,batch_consumer-sts-0_20250707_215209_669792.csv,True,False,False,1751925135.3272393,363722.15032577515
558089,1751924771.6052744,1751925120.2561572,batch_consumer-sts-0_20250707_215209_669792.csv,True,False,False,1751925135.3272393,363721.9648361206
558099,1751924771.605466,1751925120.2832942,batch_consumer-sts-0_20250707_215209_669792.csv,True,False,False,1751925135.3272393,363721.7733860016
558109,1751924771.6056428,1751925120.3109455,batch_consumer-sts-0_20250707_215209_669792.csv,True,False,False,1751925135.3272393,363721.5964794159
558119,1751924771.6058197,1751925120.3384888,batch_consumer-sts-0_20250707_215209_669792.csv,True,False,False,1751925135.3272393,363721.4195728302
558129,1751924771.6059935,1751925120.365907,batch_consumer-sts-0_20250707_215209_669792.csv,True,False,False,1751925135.3272393,363721.24576568604
558139,1751924771.6061995,1751925120.3931646,batch_consumer-sts-0_20250707_215209_669792.csv,True,False,False,1751925135.3272393,363721.0397720337
558149,1751924771.606384,1751925120.4197752,batch_consumer-sts-0_20250707_215209_669792.csv,True,False,False,1751925135.3272393,363720.85523605347
558159,1751924771.6065664,1751925120.4475396,batch_consumer-sts-0_20250707_215209_669792.csv,True,False,False,1751925135.3272393,363720.67284584045
558169,1751924771.6067474,1751925120.475292,batch_consumer-sts-0_20250707_215209_669792.csv,True,False,False,1751925135.3272393,363720.4918861389
558179,1751924771.6069336,1751925120.503284,batch_consumer-sts-0_20250707_215209_669792.csv,True,False,False,1751925135.3272393,363720.30568122864
558189,1751924771.6071122,1751925120.5306237,batch_consumer-sts-0_20250707_215209_669792.csv,True,False,False,1751925135.3272393,363720.1271057129
558199,1751924771.6072938,1751925120.5582223,batch_consumer-sts-0_20250707_215209_669792.csv,True,False,False,1751925135.3272393,363719.9454307556
558209,1751924771.607484,1751925120.5846326,batch_consumer-sts-0_20250707_215209_669792.csv,True,False,False,1751925135.3272393,363719.7551727295
558219,1751924771.607663,1751925120.6114335,batch_consumer-sts-0_20250707_215209_669792.csv,True,False,False,1751925135.3272393,363719.57635879517
558229,1751924771.607836,1751925120.6388314,batch_consumer-sts-0_20250707_215209_669792.csv,True,False,False,1751925135.3272393,363719.40326690674
558239,1751924771.60801,1751925120.6662898,batch_consumer-sts-0_20250707_215209_669792.csv,True,False,False,1751925135.3272393,363719.229221344
558249,1751924771.608184,1751925120.693936,batch_consumer-sts-0_20250707_215209_669792.csv,True,False,False,1751925135.3272393,363719.05517578125
558259,1751924771.60838,1751925120.7206545,batch_consumer-sts-0_20250707_215209_669792.csv,True,False,False,1751925135.3272393,363718.8591957092
567889,1751924771.8095744,1751925120.748272,batch_consumer-sts-0_20250707_215209_669792.csv,True,False,False,1751925135.3272393,363517.6649093628
567899,1751924771.8097744,1751925120.775598,batch_consumer-sts-0_20250707_215209_669792.csv,True,False,False,1751925135.3272393,363517.4648761749
567909,1751924771.809958,1751925120.803108,batch_consumer-sts-0_20250707_215209_669792.csv,True,False,False,1751925135.3272393,363517.281293869
567919,1751924771.8102057,1751925120.830512,batch_consumer-sts-0_20250707_215209_669792.csv,True,False,False,1751925135.3272393,363517.03357696533
567929,1751924771.810386,1751925120.858031,batch_consumer-sts-0_20250707_215209_669792.csv,True,False,False,1751925135.3272393,363516.85333251953
567939,1751924771.810569,1751925120.8860617,batch_consumer-sts-0_20250707_215209_669792.csv,True,False,False,1751925135.3272393,363516.6702270508
567949,1751924771.8107498,1751925120.9130974,batch_consumer-sts-0_20250707_215209_669792.csv,True,False,False,1751925135.3272393,363516.4895057678
567959,1751924771.8109324,1751925120.9406574,batch_consumer-sts-0_20250707_215209_669792.csv,True,False,False,1751925135.3272393,363516.30687713623
567969,1751924771.8111143,1751925120.968462,batch_consumer-sts-0_20250707_215209_669792.csv,True,False,False,1751925135.3272393,363516.1249637604
567979,1751924771.811298,1751925120.996403,batch_consumer-sts-0_20250707_215209_669792.csv,True,False,False,1751925135.3272393,363515.94138145447
567989,1751924771.811479,1751925121.0233076,batch_consumer-sts-0_20250707_215209_669792.csv,True,False,False,1751925135.3272393,363515.76018333435
567999,1751924771.8116565,1751925121.0508544,batch_consumer-sts-0_20250707_215209_669792.csv,True,False,False,1751925135.3272393,363515.5827999115
568009,1751924771.8123012,1751925121.07808,batch_consumer-sts-0_20250707_215209_669792.csv,True,False,False,1751925135.3272393,363514.9381160736
568019,1751924771.81275,1751925121.1053936,batch_consumer-sts-0_20250707_215209_669792.csv,True,False,False,1751925135.3272393,363514.48917388916
568029,1751924771.8129668,1751925121.131771,batch_consumer-sts-0_20250707_215209_669792.csv,True,False,False,1751925135.3272393,363514.27245140076
568039,1751924771.8131783,1751925121.1587138,batch_consumer-sts-0_20250707_215209_669792.csv,True,False,False,1751925135.3272393,363514.0609741211
568049,1751924771.813395,1751925121.1863892,batch_consumer-sts-0_20250707_215209_669792.csv,True,False,False,1751925135.3272393,363513.8442516327
568059,1751924771.8137107,1751925121.2131174,batch_consumer-sts-0_20250707_215209_669792.csv,True,False,False,1751925135.3272393,363513.52858543396
568069,1751924771.8139958,1751925121.240939,batch_consumer-sts-0_20250707_215209_669792.csv,True,False,False,1751925135.3272393,363513.24343681335
568079,1751924771.8149867,1751925121.267973,batch_consumer-sts-0_20250707_215209_669792.csv,True,False,False,1751925135.3272393,363512.2525691986
568089,1751924771.8151777,1751925121.2953477,batch_consumer-sts-0_20250707_215209_669792.csv,True,False,False,1751925135.3272393,363512.06159591675
568099,1751924771.8153682,1751925121.3208413,batch_consumer-sts-0_20250707_215209_669792.csv,True,False,False,1751925135.3272393,363511.87109947205
568109,1751924771.8155627,1751925121.3481238,batch_consumer-sts-0_20250707_215209_669792.csv,True,False,False,1751925135.3272393,363511.6765499115
568119,1751924771.8157413,1751925121.3753648,batch_consumer-sts-0_20250707_215209_669792.csv,True,False,False,1751925135.3272393,363511.49797439575
568129,1751924771.8159206,1751925121.4027772,batch_consumer-sts-0_20250707_215209_669792.csv,True,False,False,1751925135.3272393,363511.31868362427
568139,1751924771.8161063,1751925121.42988,batch_consumer-sts-0_20250707_215209_669792.csv,True,False,False,1751925135.3272393,363511.13295555115
568149,1751924771.8162844,1751925121.4574623,batch_consumer-sts-0_20250707_215209_669792.csv,True,False,False,1751925135.3272393,363510.95485687256
568159,1751924771.8164594,1751925121.485403,batch_consumer-sts-0_20250707_215209_669792.csv,True,False,False,1751925135.3272393,363510.7798576355
568169,1751924771.81664,1751925121.5123618,batch_consumer-sts-0_20250707_215209_669792.csv,True,False,False,1751925135.3272393,363510.5993747711
568179,1751924771.81682,1751925121.540662,batch_consumer-sts-0_20250707_215209_669792.csv,True,False,False,1751925135.3272393,363510.4193687439
568189,1751924771.8170109,1751925121.5681956,batch_consumer-sts-0_20250707_215209_669792.csv,True,False,False,1751925135.3272393,363510.22839546204
568199,1751924771.817196,1751925121.594477,batch_consumer-sts-0_20250707_215209_669792.csv,True,False,False,1751925135.3272393,363510.04338264465
568209,1751924771.817374,1751925121.6211956,batch_consumer-sts-0_20250707_215209_669792.csv,True,False,False,1751925135.3272393,363509.86528396606
568219,1751924771.8175492,1751925121.6475215,batch_consumer-sts-0_20250707_215209_669792.csv,True,False,False,1751925135.3272393,363509.6900463104
568229,1751924771.8177283,1751925121.6754138,batch_consumer-sts-0_20250707_215209_669792.csv,True,False,False,1751925135.3272393,363509.5109939575
568239,1751924771.8179052,1751925121.7025115,batch_consumer-sts-0_20250707_215209_669792.csv,True,False,False,1751925135.3272393,363509.3340873718
568249,1751924771.8181062,1751925121.729646,batch_consumer-sts-0_20250707_215209_669792.csv,True,False,False,1751925135.3272393,363509.13310050964
568259,1751924771.8183177,1751925122.0086586,batch_consumer-sts-0_20250707_215209_669792.csv,True,False,False,1751925135.3272393,363508.92162323
568269,1751924771.8188922,1751925122.035879,batch_consumer-sts-0_20250707_215209_669792.csv,True,False,False,1751925135.3272393,363508.34703445435
568279,1751924771.8191464,1751925122.0632026,batch_consumer-sts-0_20250707_215209_669792.csv,True,False,False,1751925135.3272393,363508.092880249
568289,1751924771.819338,1751925122.090754,batch_consumer-sts-0_20250707_215209_669792.csv,True,False,False,1751925135.3272393,363507.9011917114
568299,1751924771.8195412,1751925122.1174135,batch_consumer-sts-0_20250707_215209_669792.csv,True,False,False,1751925135.3272393,363507.69805908203
568309,1751924771.819728,1751925122.1448977,batch_consumer-sts-0_20250707_215209_669792.csv,True,False,False,1751925135.3272393,363507.5113773346
568319,1751924771.819913,1751925122.180005,batch_consumer-sts-0_20250707_215209_669792.csv,True,False,False,1751925135.3272393,363507.3263645172
568329,1751924771.8200958,1751925122.2069583,batch_consumer-sts-0_20250707_215209_669792.csv,True,False,False,1751925135.3272393,363507.14349746704
568339,1751924771.8202777,1751925122.2337863,batch_consumer-sts-0_20250707_215209_669792.csv,True,False,False,1751925135.3272393,363506.9615840912
568349,1751924771.8204622,1751925122.2610664,batch_consumer-sts-0_20250707_215209_669792.csv,True,False,False,1751925135.3272393,363506.77704811096
568359,1751924771.820648,1751925122.288592,batch_consumer-sts-0_20250707_215209_669792.csv,True,False,False,1751925135.3272393,363506.59132003784
568369,1751924771.8208332,1751925122.3148496,batch_consumer-sts-0_20250707_215209_669792.csv,True,False,False,1751925135.3272393,363506.4060688019
568379,1751924771.8210137,1751925122.341627,batch_consumer-sts-0_20250707_215209_669792.csv,True,False,False,1751925135.3272393,363506.2255859375
568389,1751924771.821193,1751925122.36856,batch_consumer-sts-0_20250707_215209_669792.csv,True,False,False,1751925135.3272393,363506.046295166
568399,1751924771.821383,1751925122.395633,batch_consumer-sts-0_20250707_215209_669792.csv,True,False,False,1751925135.3272393,363505.8562755585
568409,1751924771.8215609,1751925122.422091,batch_consumer-sts-0_20250707_215209_669792.csv,True,False,False,1751925135.3272393,363505.67841529846
568419,1751924771.8217385,1751925122.449877,batch_consumer-sts-0_20250707_215209_669792.csv,True,False,False,1751925135.3272393,363505.50079345703
568429,1751924771.8219154,1751925122.4769835,batch_consumer-sts-0_20250707_215209_669792.csv,True,False,False,1751925135.3272393,363505.32388687134
568439,1751924771.8220944,1751925122.5042524,batch_consumer-sts-0_20250707_215209_669792.csv,True,False,False,1751925135.3272393,363505.14483451843
568449,1751924771.8223002,1751925122.531602,batch_consumer-sts-0_20250707_215209_669792.csv,True,False,False,1751925135.3272393,363504.93907928467
568459,1751924771.8224783,1751925122.5594263,batch_consumer-sts-0_20250707_215209_669792.csv,True,False,False,1751925135.3272393,363504.7609806061
568469,1751924771.8226793,1751925122.5871468,batch_consumer-sts-0_20250707_215209_669792.csv,True,False,False,1751925135.3272393,363504.5599937439
568479,1751924771.822868,1751925122.6141255,batch_consumer-sts-0_20250707_215209_669792.csv,True,False,False,1751925135.3272393,363504.37116622925
568489,1751924771.823071,1751925122.6420736,batch_consumer-sts-0_20250707_215209_669792.csv,True,False,False,1751925135.3272393,363504.16827201843
568499,1751924771.823267,1751925122.670219,batch_consumer-sts-0_20250707_215209_669792.csv,True,False,False,1751925135.3272393,363503.9722919464
568509,1751924771.8234708,1751925122.6973183,batch_consumer-sts-0_20250707_215209_669792.csv,True,False,False,1751925135.3272393,363503.7684440613
568519,1751924771.8236816,1751925122.7252111,batch_consumer-sts-0_20250707_215209_669792.csv,True,False,False,1751925135.3272393,363503.55768203735
568529,1751924771.823884,1751925122.7530694,batch_consumer-sts-0_20250707_215209_669792.csv,True,False,False,1751925135.3272393,363503.3552646637
568539,1751924771.8240666,1751925122.780903,batch_consumer-sts-0_20250707_215209_669792.csv,True,False,False,1751925135.3272393,363503.1726360321
568549,1751924771.8242483,1751925122.8085194,batch_consumer-sts-0_20250707_215209_669792.csv,True,False,False,1751925135.3272393,363502.9909610748
568559,1751924771.8244298,1751925122.8366697,batch_consumer-sts-0_20250707_215209_669792.csv,True,False,False,1751925135.3272393,363502.80952453613
568569,1751924771.8246157,1751925122.864698,batch_consumer-sts-0_20250707_215209_669792.csv,True,False,False,1751925135.3272393,363502.62355804443
568579,1751924771.8247964,1751925122.8921196,batch_consumer-sts-0_20250707_215209_669792.csv,True,False,False,1751925135.3272393,363502.4428367615
568589,1751924771.8249774,1751925122.9190538,batch_consumer-sts-0_20250707_215209_669792.csv,True,False,False,1751925135.3272393,363502.26187705994
568599,1751924771.8251896,1751925122.9471953,batch_consumer-sts-0_20250707_215209_669792.csv,True,False,False,1751925135.3272393,363502.04968452454
568609,1751924771.8256342,1751925122.974801,batch_consumer-sts-0_20250707_215209_669792.csv,True,False,False,1751925135.3272393,363501.6050338745
568619,1751924771.826749,1751925123.0020845,batch_consumer-sts-0_20250707_215209_669792.csv,True,False,False,1751925135.3272393,363500.49018859863
568629,1751924771.8270304,1751925123.0293107,batch_consumer-sts-0_20250707_215209_669792.csv,True,False,False,1751925135.3272393,363500.2088546753
568639,1751924771.8275316,1751925123.056962,batch_consumer-sts-0_20250707_215209_669792.csv,True,False,False,1751925135.3272393,363499.707698822
568649,1751924771.829187,1751925123.0848,batch_consumer-sts-0_20250707_215209_669792.csv,True,False,False,1751925135.3272393,363498.0523586273
568659,1751924771.829596,1751925123.1117396,batch_consumer-sts-0_20250707_215209_669792.csv,True,False,False,1751925135.3272393,363497.6432323456
568669,1751924771.829785,1751925123.139397,batch_consumer-sts-0_20250707_215209_669792.csv,True,False,False,1751925135.3272393,363497.45416641235
568679,1751924771.8299663,1751925123.1671813,batch_consumer-sts-0_20250707_215209_669792.csv,True,False,False,1751925135.3272393,363497.27296829224
568689,1751924771.8301632,1751925123.1947937,batch_consumer-sts-0_20250707_215209_669792.csv,True,False,False,1751925135.3272393,363497.0760345459
568699,1751924771.8303468,1751925123.2216494,batch_consumer-sts-0_20250707_215209_669792.csv,True,False,False,1751925135.3272393,363496.89245224
568709,1751924771.830532,1751925123.248702,batch_consumer-sts-0_20250707_215209_669792.csv,True,False,False,1751925135.3272393,363496.707201004
568719,1751924771.8307147,1751925123.276205,batch_consumer-sts-0_20250707_215209_669792.csv,True,False,False,1751925135.3272393,363496.52457237244
568729,1751924771.8308942,1751925123.303907,batch_consumer-sts-0_20250707_215209_669792.csv,True,False,False,1751925135.3272393,363496.3450431824
568739,1751924771.8310735,1751925123.3311832,batch_consumer-sts-0_20250707_215209_669792.csv,True,False,False,1751925135.3272393,363496.1657524109
568749,1751924771.831251,1751925123.3574882,batch_consumer-sts-0_20250707_215209_669792.csv,True,False,False,1751925135.3272393,363495.98836898804
568759,1751924771.831439,1751925123.385353,batch_consumer-sts-0_20250707_215209_669792.csv,True,False,False,1751925135.3272393,363495.8002567291
568769,1751924771.831611,1751925123.4125686,batch_consumer-sts-0_20250707_215209_669792.csv,True,False,False,1751925135.3272393,363495.6283569336
568779,1751924771.831786,1751925123.4404376,batch_consumer-sts-0_20250707_215209_669792.csv,True,False,False,1751925135.3272393,363495.45335769653
568789,1751924771.831962,1751925123.467906,batch_consumer-sts-0_20250707_215209_669792.csv,True,False,False,1751925135.3272393,363495.2771663666
568799,1751924771.8321407,1751925123.495289,batch_consumer-sts-0_20250707_215209_669792.csv,True,False,False,1751925135.3272393,363495.09859085083
568809,1751924771.8323164,1751925123.5221517,batch_consumer-sts-0_20250707_215209_669792.csv,True,False,False,1751925135.3272393,363494.92287635803
568819,1751924771.832496,1751925123.5497763,batch_consumer-sts-0_20250707_215209_669792.csv,True,False,False,1751925135.3272393,363494.74334716797
568829,1751924771.8326926,1751925123.5778103,batch_consumer-sts-0_20250707_215209_669792.csv,True,False,False,1751925135.3272393,363494.5466518402
568839,1751924771.832874,1751925123.6051762,batch_consumer-sts-0_20250707_215209_669792.csv,True,False,False,1751925135.3272393,363494.3652153015
568849,1751924771.8330567,1751925123.6323872,batch_consumer-sts-0_20250707_215209_669792.csv,True,False,False,1751925135.3272393,363494.1825866699
568859,1751924771.8332436,1751925123.659835,batch_consumer-sts-0_20250707_215209_669792.csv,True,False,False,1751925135.3272393,363493.9956665039
568869,1751924771.8334234,1751925123.6882415,batch_consumer-sts-0_20250707_215209_669792.csv,True,False,False,1751925135.3272393,363493.81589889526
568879,1751924771.8336077,1751925123.7154508,batch_consumer-sts-0_20250707_215209_669792.csv,True,False,False,1751925135.3272393,363493.6316013336
568889,1751924771.833798,1751925123.7430518,batch_consumer-sts-0_20250707_215209_669792.csv,True,False,False,1751925135.3272393,363493.4413433075
568899,1751924771.8339798,1751925123.7704272,batch_consumer-sts-0_20250707_215209_669792.csv,True,False,False,1751925135.3272393,363493.25942993164
568909,1751924771.8341696,1751925124.0680182,batch_consumer-sts-0_20250707_215209_669792.csv,True,False,False,1751925135.3272393,363493.0696487427
568919,1751924771.834356,1751925124.0960138,batch_consumer-sts-0_20250707_215209_669792.csv,True,False,False,1751925135.3272393,363492.8832054138
568929,1751924771.8345406,1751925124.122973,batch_consumer-sts-0_20250707_215209_669792.csv,True,False,False,1751925135.3272393,363492.6986694336
568939,1751924771.8347232,1751925124.150124,batch_consumer-sts-0_20250707_215209_669792.csv,True,False,False,1751925135.3272393,363492.516040802
568949,1751924771.834922,1751925124.1775994,batch_consumer-sts-0_20250707_215209_669792.csv,True,False,False,1751925135.3272393,363492.31719970703
568959,1751924771.8351002,1751925125.2062223,batch_consumer-sts-0_20250707_215209_669792.csv,True,False,False,1751925135.3272393,363492.13910102844
568969,1751924771.835281,1751925125.2335663,batch_consumer-sts-0_20250707_215209_669792.csv,True,False,False,1751925135.3272393,363491.9583797455
568979,1751924771.8354652,1751925125.261774,batch_consumer-sts-0_20250707_215209_669792.csv,True,False,False,1751925135.3272393,363491.77408218384
568989,1751924771.835641,1751925125.2894382,batch_consumer-sts-0_20250707_215209_669792.csv,True,False,False,1751925135.3272393,363491.59836769104
568999,1751924771.8358402,1751925125.3170114,batch_consumer-sts-0_20250707_215209_669792.csv,True,False,False,1751925135.3272393,363491.3990497589
569009,1751924771.8365111,1751925125.344463,batch_consumer-sts-0_20250707_215209_669792.csv,True,False,False,1751925135.3272393,363490.7281398773
569019,1751924771.8367295,1751925125.3721988,batch_consumer-sts-0_20250707_215209_669792.csv,True,False,False,1751925135.3272393,363490.50974845886
569029,1751924771.8369396,1751925125.4000754,batch_consumer-sts-0_20250707_215209_669792.csv,True,False,False,1751925135.3272393,363490.2997016907
569039,1751924771.837149,1751925125.4272838,batch_consumer-sts-0_20250707_215209_669792.csv,True,False,False,1751925135.3272393,363490.0903701782
569049,1751924771.837361,1751925125.454564,batch_consumer-sts-0_20250707_215209_669792.csv,True,False,False,1751925135.3272393,363489.8781776428
569059,1751924771.837589,1751925125.4824474,batch_consumer-sts-0_20250707_215209_669792.csv,True,False,False,1751925135.3272393,363489.6502494812
569069,1751924771.8377626,1751925125.5095625,batch_consumer-sts-0_20250707_215209_669792.csv,True,False,False,1751925135.3272393,363489.4766807556
569079,1751924771.8379393,1751925125.5371468,batch_consumer-sts-0_20250707_215209_669792.csv,True,False,False,1751925135.3272393,363489.3000125885
569089,1751924771.8381205,1751925125.5650814,batch_consumer-sts-0_20250707_215209_669792.csv,True,False,False,1751925135.3272393,363489.1188144684
569099,1751924771.8383298,1751925125.5930543,batch_consumer-sts-0_20250707_215209_669792.csv,True,False,False,1751925135.3272393,363488.90948295593
569109,1751924771.838653,1751925125.6197972,batch_consumer-sts-0_20250707_215209_669792.csv,True,False,False,1751925135.3272393,363488.5861873627
569119,1751924771.8398132,1751925125.647277,batch_consumer-sts-0_20250707_215209_669792.csv,True,False,False,1751925135.3272393,363487.42604255676
569129,1751924771.8400009,1751925125.6747386,batch_consumer-sts-0_20250707_215209_669792.csv,True,False,False,1751925135.3272393,363487.238407135
569139,1751924771.840179,1751925125.7024543,batch_consumer-sts-0_20250707_215209_669792.csv,True,False,False,1751925135.3272393,363487.0603084564
569149,1751924771.8403554,1751925125.730081,batch_consumer-sts-0_20250707_215209_669792.csv,True,False,False,1751925135.3272393,363486.8838787079
569159,1751924771.8405323,1751925125.757691,batch_consumer-sts-0_20250707_215209_669792.csv,True,False,False,1751925135.3272393,363486.7069721222
569169,1751924771.84071,1751925125.7856848,batch_consumer-sts-0_20250707_215209_669792.csv,True,False,False,1751925135.3272393,363486.52935028076
569179,1751924771.8408854,1751925125.8130827,batch_consumer-sts-0_20250707_215209_669792.csv,True,False,False,1751925135.3272393,363486.35387420654
569189,1751924771.8410685,1751925125.8409011,batch_consumer-sts-0_20250707_215209_669792.csv,True,False,False,1751925135.3272393,363486.1707687378
569199,1751924771.8412514,1751925125.868815,batch_consumer-sts-0_20250707_215209_669792.csv,True,False,False,1751925135.3272393,363485.9879016876
569209,1751924771.8414347,1751925125.8968415,batch_consumer-sts-0_20250707_215209_669792.csv,True,False,False,1751925135.3272393,363485.8045578003
569219,1751924771.841616,1751925125.9251416,batch_consumer-sts-0_20250707_215209_669792.csv,True,False,False,1751925135.3272393,363485.6233596802
569229,1751924771.8417964,1751925125.9520104,batch_consumer-sts-0_20250707_215209_669792.csv,True,False,False,1751925135.3272393,363485.4428768158
569239,1751924771.8419757,1751925125.9795692,batch_consumer-sts-0_20250707_215209_669792.csv,True,False,False,1751925135.3272393,363485.2635860443
569249,1751924771.8421638,1751925126.0070322,batch_consumer-sts-0_20250707_215209_669792.csv,True,False,False,1751925135.3272393,363485.0754737854
569259,1751924771.8423684,1751925126.0346026,batch_consumer-sts-0_20250707_215209_669792.csv,True,False,False,1751925135.3272393,363484.87091064453
569269,1751924771.8425603,1751925126.0620563,batch_consumer-sts-0_20250707_215209_669792.csv,True,False,False,1751925135.3272393,363484.67898368835
569279,1751924771.8427577,1751925126.089954,batch_consumer-sts-0_20250707_215209_669792.csv,True,False,False,1751925135.3272393,363484.48157310486
569289,1751924771.8429854,1751925126.1167886,batch_consumer-sts-0_20250707_215209_669792.csv,True,False,False,1751925135.3272393,363484.2538833618
569299,1751924771.843211,1751925126.1500332,batch_consumer-sts-0_20250707_215209_669792.csv,True,False,False,1751925135.3272393,363484.028339386
569309,1751924771.843475,1751925126.1778271,batch_consumer-sts-0_20250707_215209_669792.csv,True,False,False,1751925135.3272393,363483.76417160034
569319,1751924771.843697,1751925126.205397,batch_consumer-sts-0_20250707_215209_669792.csv,True,False,False,1751925135.3272393,363483.5422039032
569329,1751924771.8439186,1751925126.232998,batch_consumer-sts-0_20250707_215209_669792.csv,True,False,False,1751925135.3272393,363483.3207130432
569339,1751924771.8441367,1751925126.2602603,batch_consumer-sts-0_20250707_215209_669792.csv,True,False,False,1751925135.3272393,363483.10256004333
569349,1751924771.8443532,1751925126.2870812,batch_consumer-sts-0_20250707_215209_669792.csv,True,False,False,1751925135.3272393,363482.8860759735
569359,1751924771.8445704,1751925126.313723,batch_consumer-sts-0_20250707_215209_669792.csv,True,False,False,1751925135.3272393,363482.66887664795
569369,1751924771.844792,1751925126.3413413,batch_consumer-sts-0_20250707_215209_669792.csv,True,False,False,1751925135.3272393,363482.44738578796
569379,1751924771.845008,1751925126.3713942,batch_consumer-sts-0_20250707_215209_669792.csv,True,False,False,1751925135.3272393,363482.2313785553
569389,1751924771.845199,1751925126.3989158,batch_consumer-sts-0_20250707_215209_669792.csv,True,False,False,1751925135.3272393,363482.04016685486
569399,1751924771.8453915,1751925126.4264872,batch_consumer-sts-0_20250707_215209_669792.csv,True,False,False,1751925135.3272393,363481.8477630615
569409,1751924771.8456433,1751925126.4539957,batch_consumer-sts-0_20250707_215209_669792.csv,True,False,False,1751925135.3272393,363481.595993042
569419,1751924771.8458543,1751925126.4811983,batch_consumer-sts-0_20250707_215209_669792.csv,True,False,False,1751925135.3272393,363481.3849925995
569429,1751924771.8460636,1751925126.5078647,batch_consumer-sts-0_20250707_215209_669792.csv,True,False,False,1751925135.3272393,363481.17566108704
569439,1751924771.846283,1751925126.5350952,batch_consumer-sts-0_20250707_215209_669792.csv,True,False,False,1751925135.3272393,363480.95631599426
569449,1751924771.8465085,1751925126.5614674,batch_consumer-sts-0_20250707_215209_669792.csv,True,False,False,1751925135.3272393,363480.73077201843
569459,1751924771.846719,1751925126.588982,batch_consumer-sts-0_20250707_215209_669792.csv,True,False,False,1751925135.3272393,363480.5202484131
569469,1751924771.8469484,1751925126.6158395,batch_consumer-sts-0_20250707_215209_669792.csv,True,False,False,1751925135.3272393,363480.29088974
569479,1751924771.847158,1751925126.6430254,batch_consumer-sts-0_20250707_215209_669792.csv,True,False,False,1751925135.3272393,363480.08131980896
569489,1751924771.8473516,1751925126.6706128,batch_consumer-sts-0_20250707_215209_669792.csv,True,False,False,1751925135.3272393,363479.88772392273
569499,1751924771.847549,1751925126.698354,batch_consumer-sts-0_20250707_215209_669792.csv,True,False,False,1751925135.3272393,363479.69031333923
569509,1751924771.847728,1751925126.724699,batch_consumer-sts-0_20250707_215209_669792.csv,True,False,False,1751925135.3272393,363479.5112609863
569519,1751924771.8479068,1751925126.7523663,batch_consumer-sts-0_20250707_215209_669792.csv,True,False,False,1751925135.3272393,363479.332447052
569529,1751924771.8480916,1751925126.7796671,batch_consumer-sts-0_20250707_215209_669792.csv,True,False,False,1751925135.3272393,363479.1476726532
569539,1751924771.848281,1751925126.807355,batch_consumer-sts-0_20250707_215209_669792.csv,True,False,False,1751925135.3272393,363478.9583683014
569549,1751924771.8484578,1751925126.834905,batch_consumer-sts-0_20250707_215209_669792.csv,True,False,False,1751925135.3272393,363478.7814617157
569559,1751924771.8486526,1751925126.8624933,batch_consumer-sts-0_20250707_215209_669792.csv,True,False,False,1751925135.3272393,363478.5866737366
569569,1751924771.848833,1751925127.232129,batch_consumer-sts-0_20250707_215209_669792.csv,True,False,False,1751925135.3272393,363478.4061908722
569579,1751924771.8490129,1751925127.260507,batch_consumer-sts-0_20250707_215209_669792.csv,True,False,False,1751925135.3272393,363478.22642326355
569589,1751924771.8491983,1751925127.288283,batch_consumer-sts-0_20250707_215209_669792.csv,True,False,False,1751925135.3272393,363478.040933609
569599,1751924771.8493798,1751925127.3155718,batch_consumer-sts-0_20250707_215209_669792.csv,True,False,False,1751925135.3272393,363477.8594970703
569609,1751924771.8495617,1751925127.3432262,batch_consumer-sts-0_20250707_215209_669792.csv,True,False,False,1751925135.3272393,363477.67758369446
575129,1751924771.9700625,1751925127.369995,batch_consumer-sts-0_20250707_215209_669792.csv,True,False,False,1751925135.3272393,363357.1767807007
575139,1751924771.9702768,1751925127.3975835,batch_consumer-sts-0_20250707_215209_669792.csv,True,False,False,1751925135.3272393,363356.9624423981
575149,1751924771.9704638,1751925127.4256666,batch_consumer-sts-0_20250707_215209_669792.csv,True,False,False,1751925135.3272393,363356.77552223206
575159,1751924771.9706569,1751925127.453325,batch_consumer-sts-0_20250707_215209_669792.csv,True,False,False,1751925135.3272393,363356.582403183
575169,1751924771.9708562,1751925127.4809763,batch_consumer-sts-0_20250707_215209_669792.csv,True,False,False,1751925135.3272393,363356.38308525085
575179,1751924771.971048,1751925127.509209,batch_consumer-sts-0_20250707_215209_669792.csv,True,False,False,1751925135.3272393,363356.1911582947
575189,1751924771.9712412,1751925127.536757,batch_consumer-sts-0_20250707_215209_669792.csv,True,False,False,1751925135.3272393,363355.9980392456
575199,1751924771.9714437,1751925127.564231,batch_consumer-sts-0_20250707_215209_669792.csv,True,False,False,1751925135.3272393,363355.79562187195
575209,1751924771.9716327,1751925127.5916457,batch_consumer-sts-0_20250707_215209_669792.csv,True,False,False,1751925135.3272393,363355.6065559387
575219,1751924771.971815,1751925127.6187117,batch_consumer-sts-0_20250707_215209_669792.csv,True,False,False,1751925135.3272393,363355.4241657257
575229,1751924771.9720287,1751925127.6460588,batch_consumer-sts-0_20250707_215209_669792.csv,True,False,False,1751925135.3272393,363355.21054267883
575239,1751924771.9723494,1751925127.673322,batch_consumer-sts-0_20250707_215209_669792.csv,True,False,False,1751925135.3272393,363354.88986968994
575249,1751924771.972556,1751925127.7008586,batch_consumer-sts-0_20250707_215209_669792.csv,True,False,False,1751925135.3272393,363354.68316078186
575259,1751924771.972742,1751925127.7280724,batch_consumer-sts-0_20250707_215209_669792.csv,True,False,False,1751925135.3272393,363354.49719429016
575269,1751924771.9729311,1751925127.7558296,batch_consumer-sts-0_20250707_215209_669792.csv,True,False,False,1751925135.3272393,363354.30812835693
575279,1751924771.973124,1751925127.783557,batch_consumer-sts-0_20250707_215209_669792.csv,True,False,False,1751925135.3272393,363354.11524772644
575289,1751924771.9733138,1751925127.8106709,batch_consumer-sts-0_20250707_215209_669792.csv,True,False,False,1751925135.3272393,363353.9254665375
575299,1751924771.9735055,1751925127.83812,batch_consumer-sts-0_20250707_215209_669792.csv,True,False,False,1751925135.3272393,363353.7337779999
575309,1751924771.973693,1751925127.865539,batch_consumer-sts-0_20250707_215209_669792.csv,True,False,False,1751925135.3272393,363353.5463809967
575319,1751924771.973884,1751925127.8945644,batch_consumer-sts-0_20250707_215209_669792.csv,True,False,False,1751925135.3272393,363353.35516929626
575329,1751924771.9740715,1751925127.9214437,batch_consumer-sts-0_20250707_215209_669792.csv,True,False,False,1751925135.3272393,363353.1677722931
575339,1751924771.97427,1751925127.9491346,batch_consumer-sts-0_20250707_215209_669792.csv,True,False,False,1751925135.3272393,363352.9691696167
575349,1751924771.9744596,1751925127.97659,batch_consumer-sts-0_20250707_215209_669792.csv,True,False,False,1751925135.3272393,363352.7796268463
575359,1751924771.9746573,1751925128.0040703,batch_consumer-sts-0_20250707_215209_669792.csv,True,False,False,1751925135.3272393,363352.58197784424
575369,1751924771.9748526,1751925128.0309975,batch_consumer-sts-0_20250707_215209_669792.csv,True,False,False,1751925135.3272393,363352.38671302795
575379,1751924771.9750464,1751925128.0583253,batch_consumer-sts-0_20250707_215209_669792.csv,True,False,False,1751925135.3272393,363352.19287872314
575389,1751924771.9752412,1751925128.084783,batch_consumer-sts-0_20250707_215209_669792.csv,True,False,False,1751925135.3272393,363351.998090744
575399,1751924771.9754431,1751925128.1116176,batch_consumer-sts-0_20250707_215209_669792.csv,True,False,False,1751925135.3272393,363351.7961502075
575409,1751924771.9756207,1751925128.1392305,batch_consumer-sts-0_20250707_215209_669792.csv,True,False,False,1751925135.3272393,363351.6185283661
575419,1751924771.9758012,1751925128.1665716,batch_consumer-sts-0_20250707_215209_669792.csv,True,False,False,1751925135.3272393,363351.4380455017
575429,1751924771.97599,1751925128.1958854,batch_consumer-sts-0_20250707_215209_669792.csv,True,False,False,1751925135.3272393,363351.24921798706
575439,1751924771.9761722,1751925128.2226346,batch_consumer-sts-0_20250707_215209_669792.csv,True,False,False,1751925135.3272393,363351.0670661926
575449,1751924771.9763472,1751925128.250388,batch_consumer-sts-0_20250707_215209_669792.csv,True,False,False,1751925135.3272393,363350.89206695557
575459,1751924771.9765284,1751925128.2783334,batch_consumer-sts-0_20250707_215209_669792.csv,True,False,False,1751925135.3272393,363350.71086883545
575469,1751924771.9767306,1751925128.3064349,batch_consumer-sts-0_20250707_215209_669792.csv,True,False,False,1751925135.3272393,363350.5086898804
575479,1751924771.9769225,1751925128.345232,batch_consumer-sts-0_20250707_215209_669792.csv,True,False,False,1751925135.3272393,363350.3167629242
575489,1751924771.9771218,1751925128.3721364,batch_consumer-sts-0_20250707_215209_669792.csv,True,False,False,1751925135.3272393,363350.11744499207
575499,1751924771.9773102,1751925128.4001465,batch_consumer-sts-0_20250707_215209_669792.csv,True,False,False,1751925135.3272393,363349.9290943146
575509,1751924771.9775193,1751925128.4276874,batch_consumer-sts-0_20250707_215209_669792.csv,True,False,False,1751925135.3272393,363349.7200012207
575519,1751924771.977702,1751925128.4550862,batch_consumer-sts-0_20250707_215209_669792.csv,True,False,False,1751925135.3272393,363349.5373725891
575529,1751924771.9778788,1751925128.4825382,batch_consumer-sts-0_20250707_215209_669792.csv,True,False,False,1751925135.3272393,363349.3604660034
575539,1751924771.978071,1751925128.5101962,batch_consumer-sts-0_20250707_215209_669792.csv,True,False,False,1751925135.3272393,363349.16830062866
575549,1751924771.9784412,1751925128.53782,batch_consumer-sts-0_20250707_215209_669792.csv,True,False,False,1751925135.3272393,363348.7980365753
575559,1751924771.9786303,1751925128.5657609,batch_consumer-sts-0_20250707_215209_669792.csv,True,False,False,1751925135.3272393,363348.6089706421
575569,1751924771.978819,1751925128.592881,batch_consumer-sts-0_20250707_215209_669792.csv,True,False,False,1751925135.3272393,363348.420381546
575579,1751924771.979004,1751925128.619538,batch_consumer-sts-0_20250707_215209_669792.csv,True,False,False,1751925135.3272393,363348.23536872864
575589,1751924771.9791975,1751925128.648286,batch_consumer-sts-0_20250707_215209_669792.csv,True,False,False,1751925135.3272393,363348.0417728424
575599,1751924771.979396,1751925128.675508,batch_consumer-sts-0_20250707_215209_669792.csv,True,False,False,1751925135.3272393,363347.843170166
575609,1751924771.9795709,1751925128.702666,batch_consumer-sts-0_20250707_215209_669792.csv,True,False,False,1751925135.3272393,363347.66840934753
575619,1751924771.9797506,1751925128.7303195,batch_consumer-sts-0_20250707_215209_669792.csv,True,False,False,1751925135.3272393,363347.4886417389
575629,1751924771.9799228,1751925128.757741,batch_consumer-sts-0_20250707_215209_669792.csv,True,False,False,1751925135.3272393,363347.3165035248
575639,1751924771.9801128,1751925128.786654,batch_consumer-sts-0_20250707_215209_669792.csv,True,False,False,1751925135.3272393,363347.12648391724
575649,1751924771.9802845,1751925128.8135335,batch_consumer-sts-0_20250707_215209_669792.csv,True,False,False,1751925135.3272393,363346.9548225403
575659,1751924771.9804668,1751925128.840993,batch_consumer-sts-0_20250707_215209_669792.csv,True,False,False,1751925135.3272393,363346.77243232727
575669,1751924771.980642,1751925128.8709075,batch_consumer-sts-0_20250707_215209_669792.csv,True,False,False,1751925135.3272393,363346.59719467163
575679,1751924771.9808173,1751925128.8983555,batch_consumer-sts-0_20250707_215209_669792.csv,True,False,False,1751925135.3272393,363346.421957016
575689,1751924771.9809942,1751925129.1175776,batch_consumer-sts-0_20250707_215209_669792.csv,True,False,False,1751925135.3272393,363346.2450504303
575699,1751924771.981169,1751925129.1448088,batch_consumer-sts-0_20250707_215209_669792.csv,True,False,False,1751925135.3272393,363346.0702896118
575709,1751924771.9813442,1751925129.1717606,batch_consumer-sts-0_20250707_215209_669792.csv,True,False,False,1751925135.3272393,363345.8950519562
575719,1751924771.9817028,1751925129.1991873,batch_consumer-sts-0_20250707_215209_669792.csv,True,False,False,1751925135.3272393,363345.5364704132
575729,1751924771.9818864,1751925129.2263272,batch_consumer-sts-0_20250707_215209_669792.csv,True,False,False,1751925135.3272393,363345.3528881073
575739,1751924771.9820652,1751925129.2533762,batch_consumer-sts-0_20250707_215209_669792.csv,True,False,False,1751925135.3272393,363345.174074173
575749,1751924771.982268,1751925129.2809138,batch_consumer-sts-0_20250707_215209_669792.csv,True,False,False,1751925135.3272393,363344.97117996216
575759,1751924771.9824474,1751925129.3082423,batch_consumer-sts-0_20250707_215209_669792.csv,True,False,False,1751925135.3272393,363344.7918891907
575769,1751924771.9826276,1751925129.335312,batch_consumer-sts-0_20250707_215209_669792.csv,True,False,False,1751925135.3272393,363344.6116447449
575779,1751924771.982816,1751925129.3631692,batch_consumer-sts-0_20250707_215209_669792.csv,True,False,False,1751925135.3272393,363344.4232940674
575789,1751924771.9829988,1751925129.39125,batch_consumer-sts-0_20250707_215209_669792.csv,True,False,False,1751925135.3272393,363344.2404270172
575799,1751924771.9831853,1751925129.4182408,batch_consumer-sts-0_20250707_215209_669792.csv,True,False,False,1751925135.3272393,363344.05398368835
575809,1751924771.983369,1751925129.5020032,batch_consumer-sts-0_20250707_215209_669792.csv,True,False,False,1751925135.3272393,363343.87016296387
575819,1751924771.983552,1751925129.5299869,batch_consumer-sts-0_20250707_215209_669792.csv,True,False,False,1751925135.3272393,363343.6872959137
575829,1751924771.9837334,1751925129.5578806,batch_consumer-sts-0_20250707_215209_669792.csv,True,False,False,1751925135.3272393,363343.505859375
575839,1751924771.9839225,1751925129.5859835,batch_consumer-sts-0_20250707_215209_669792.csv,True,False,False,1751925135.3272393,363343.3167934418
575849,1751924771.9840994,1751925129.6132123,batch_consumer-sts-0_20250707_215209_669792.csv,True,False,False,1751925135.3272393,363343.1398868561
575859,1751924771.9842813,1751925129.641292,batch_consumer-sts-0_20250707_215209_669792.csv,False,False,False,1751925135.3272393,363342.9579734802
