index,producer_timestamp,consumer_receive_timestamp,source_file,is_late,is_out_of_order,is_duplicate,merge_timestamp,end_to_end_delay_ms
20519,1751925461.1134338,1751927796.731116,batch_consumer-sts-0_20250707_223654_230735.csv,True,False,False,1751928396.9543343,2935840.9004211426
20529,1751925461.1136315,1751927797.3063166,batch_consumer-sts-0_20250707_223654_230735.csv,True,False,False,1751928396.9543343,2935840.7027721405
20539,1751925461.1138246,1751927797.3266785,batch_consumer-sts-0_20250707_223654_230735.csv,True,False,False,1751928396.9543343,2935840.5096530914
20549,1751925461.1140144,1751927797.3478162,batch_consumer-sts-0_20250707_223654_230735.csv,True,False,False,1751928396.9543343,2935840.3198719025
20559,1751925461.114215,1751927797.3689167,batch_consumer-sts-0_20250707_223654_230735.csv,True,False,False,1751928396.9543343,2935840.1193618774
20569,1751925461.1144023,1751927797.389972,batch_consumer-sts-0_20250707_223654_230735.csv,True,False,False,1751928396.9543343,2935839.9319648743
20579,1751925461.114586,1751927797.4110456,batch_consumer-sts-0_20250707_223654_230735.csv,True,False,False,1751928396.9543343,2935839.74814415
20589,1751925461.114776,1751927797.4324467,batch_consumer-sts-0_20250707_223654_230735.csv,True,False,False,1751928396.9543343,2935839.558362961
20599,1751925461.1149678,1751927797.453494,batch_consumer-sts-0_20250707_223654_230735.csv,True,False,False,1751928396.9543343,2935839.3664360046
20609,1751925461.115153,1751927797.4745047,batch_consumer-sts-0_20250707_223654_230735.csv,True,False,False,1751928396.9543343,2935839.1811847687
20619,1751925461.115352,1751927797.4955866,batch_consumer-sts-0_20250707_223654_230735.csv,True,False,False,1751928396.9543343,2935838.9823436737
20629,1751925461.1155477,1751927797.5166745,batch_consumer-sts-0_20250707_223654_230735.csv,True,False,False,1751928396.9543343,2935838.7866020203
20639,1751925461.1157317,1751927797.5376005,batch_consumer-sts-0_20250707_223654_230735.csv,True,False,False,1751928396.9543343,2935838.602542877
20649,1751925461.115911,1751927797.5587742,batch_consumer-sts-0_20250707_223654_230735.csv,True,False,False,1751928396.9543343,2935838.4232521057
20659,1751925461.1160862,1751927797.5797732,batch_consumer-sts-0_20250707_223654_230735.csv,True,False,False,1751928396.9543343,2935838.24801445
20669,1751925461.1162674,1751927797.6008074,batch_consumer-sts-0_20250707_223654_230735.csv,True,False,False,1751928396.9543343,2935838.06681633
20679,1751925461.1164613,1751927797.6218147,batch_consumer-sts-0_20250707_223654_230735.csv,True,False,False,1751928396.9543343,2935837.872982025
20689,1751925461.116635,1751927797.6428409,batch_consumer-sts-0_20250707_223654_230735.csv,True,False,False,1751928396.9543343,2935837.699174881
20699,1751925461.1168067,1751927797.6639037,batch_consumer-sts-0_20250707_223654_230735.csv,True,False,False,1751928396.9543343,2935837.527513504
20709,1751925461.116985,1751927797.6848023,batch_consumer-sts-0_20250707_223654_230735.csv,True,False,False,1751928396.9543343,2935837.349176407
20719,1751925461.1171694,1751927797.705797,batch_consumer-sts-0_20250707_223654_230735.csv,True,False,False,1751928396.9543343,2935837.164878845
20729,1751925461.117352,1751927798.0452948,batch_consumer-sts-0_20250707_223654_230735.csv,True,False,False,1751928396.9543343,2935836.9822502136
20739,1751925461.1175272,1751927798.066465,batch_consumer-sts-0_20250707_223654_230735.csv,True,False,False,1751928396.9543343,2935836.807012558
20749,1751925461.117708,1751927798.087625,batch_consumer-sts-0_20250707_223654_230735.csv,True,False,False,1751928396.9543343,2935836.626291275
20759,1751925461.117888,1751927798.1089747,batch_consumer-sts-0_20250707_223654_230735.csv,True,False,False,1751928396.9543343,2935836.446285248
20769,1751925461.118069,1751927798.129938,batch_consumer-sts-0_20250707_223654_230735.csv,True,False,False,1751928396.9543343,2935836.2653255463
20779,1751925461.11827,1751927798.150818,batch_consumer-sts-0_20250707_223654_230735.csv,True,False,False,1751928396.9543343,2935836.064338684
20789,1751925461.1184628,1751927798.171971,batch_consumer-sts-0_20250707_223654_230735.csv,True,False,False,1751928396.9543343,2935835.8714580536
20799,1751925461.1186478,1751927798.1930306,batch_consumer-sts-0_20250707_223654_230735.csv,True,False,False,1751928396.9543343,2935835.686445236
20809,1751925461.1188514,1751927798.2143264,batch_consumer-sts-0_20250707_223654_230735.csv,True,False,False,1751928396.9543343,2935835.4828357697
21839,1751925461.1393664,1751927798.2356482,batch_consumer-sts-0_20250707_223654_230735.csv,True,False,False,1751928396.9543343,2935814.9678707123
21849,1751925461.1395826,1751927798.2568655,batch_consumer-sts-0_20250707_223654_230735.csv,True,False,False,1751928396.9543343,2935814.751625061
21859,1751925461.1398582,1751927798.2782362,batch_consumer-sts-0_20250707_223654_230735.csv,True,False,False,1751928396.9543343,2935814.4760131836
21869,1751925461.1400735,1751927798.301172,batch_consumer-sts-0_20250707_223654_230735.csv,True,False,False,1751928396.9543343,2935814.2607212067
21879,1751925461.1402738,1751927798.322428,batch_consumer-sts-0_20250707_223654_230735.csv,True,False,False,1751928396.9543343,2935814.0604496
21889,1751925461.1405163,1751927798.3433723,batch_consumer-sts-0_20250707_223654_230735.csv,True,False,False,1751928396.9543343,2935813.8179779053
21899,1751925461.1407492,1751927798.3635669,batch_consumer-sts-0_20250707_223654_230735.csv,True,False,False,1751928396.9543343,2935813.5850429535
21909,1751925461.1409798,1751927798.3846076,batch_consumer-sts-0_20250707_223654_230735.csv,True,False,False,1751928396.9543343,2935813.3544921875
21919,1751925461.1412065,1751927798.4055998,batch_consumer-sts-0_20250707_223654_230735.csv,True,False,False,1751928396.9543343,2935813.127756119
21929,1751925461.1414375,1751927798.4267287,batch_consumer-sts-0_20250707_223654_230735.csv,True,False,False,1751928396.9543343,2935812.8967285156
21939,1751925461.141664,1751927799.4495726,batch_consumer-sts-0_20250707_223654_230735.csv,True,False,False,1751928396.9543343,2935812.6702308655
21949,1751925461.141997,1751927799.4707365,batch_consumer-sts-0_20250707_223654_230735.csv,True,False,False,1751928396.9543343,2935812.3371601105
21959,1751925461.1423905,1751927799.4916482,batch_consumer-sts-0_20250707_223654_230735.csv,True,False,False,1751928396.9543343,2935811.943769455
21969,1751925461.1427643,1751927799.5123577,batch_consumer-sts-0_20250707_223654_230735.csv,True,False,False,1751928396.9543343,2935811.569929123
21979,1751925461.143142,1751927799.5332391,batch_consumer-sts-0_20250707_223654_230735.csv,True,False,False,1751928396.9543343,2935811.1922740936
21989,1751925461.1435025,1751927799.5543792,batch_consumer-sts-0_20250707_223654_230735.csv,True,False,False,1751928396.9543343,2935810.831785202
21999,1751925461.14384,1751927799.575421,batch_consumer-sts-0_20250707_223654_230735.csv,True,False,False,1751928396.9543343,2935810.494184494
22009,1751925461.14415,1751927799.5966237,batch_consumer-sts-0_20250707_223654_230735.csv,True,False,False,1751928396.9543343,2935810.184240341
22019,1751925461.1444983,1751927799.6176062,batch_consumer-sts-0_20250707_223654_230735.csv,True,False,False,1751928396.9543343,2935809.835910797
22029,1751925461.1448526,1751927799.638672,batch_consumer-sts-0_20250707_223654_230735.csv,True,False,False,1751928396.9543343,2935809.4816207886
22039,1751925461.145171,1751927799.6597853,batch_consumer-sts-0_20250707_223654_230735.csv,True,False,False,1751928396.9543343,2935809.1633319855
22049,1751925461.1454637,1751927799.6808054,batch_consumer-sts-0_20250707_223654_230735.csv,True,False,False,1751928396.9543343,2935808.8705539703
22059,1751925461.145752,1751927799.7018363,batch_consumer-sts-0_20250707_223654_230735.csv,True,False,False,1751928396.9543343,2935808.582305908
22069,1751925461.145932,1751927799.7228994,batch_consumer-sts-0_20250707_223654_230735.csv,True,False,False,1751928396.9543343,2935808.402299881
22079,1751925461.1461258,1751927799.7438984,batch_consumer-sts-0_20250707_223654_230735.csv,True,False,False,1751928396.9543343,2935808.208465576
22089,1751925461.1463397,1751927799.7649803,batch_consumer-sts-0_20250707_223654_230735.csv,True,False,False,1751928396.9543343,2935807.9946041107
22099,1751925461.1465292,1751927799.7857304,batch_consumer-sts-0_20250707_223654_230735.csv,True,False,False,1751928396.9543343,2935807.8050613403
22109,1751925461.146719,1751927799.806489,batch_consumer-sts-0_20250707_223654_230735.csv,True,False,False,1751928396.9543343,2935807.6152801514
22119,1751925461.1469338,1751927799.827311,batch_consumer-sts-0_20250707_223654_230735.csv,True,False,False,1751928396.9543343,2935807.4004650116
22129,1751925461.1471262,1751927799.848498,batch_consumer-sts-0_20250707_223654_230735.csv,True,False,False,1751928396.9543343,2935807.2080612183
22139,1751925461.1473124,1751927799.8694148,batch_consumer-sts-0_20250707_223654_230735.csv,True,False,False,1751928396.9543343,2935807.021856308
22149,1751925461.147509,1751927799.8906748,batch_consumer-sts-0_20250707_223654_230735.csv,True,False,False,1751928396.9543343,2935806.82516098
22159,1751925461.1476877,1751927799.9119406,batch_consumer-sts-0_20250707_223654_230735.csv,True,False,False,1751928396.9543343,2935806.6465854645
22169,1751925461.1478815,1751927799.9328165,batch_consumer-sts-0_20250707_223654_230735.csv,True,False,False,1751928396.9543343,2935806.4527511597
22179,1751925461.1481748,1751927799.9537876,batch_consumer-sts-0_20250707_223654_230735.csv,True,False,False,1751928396.9543343,2935806.1594963074
22189,1751925461.1484537,1751927799.9748616,batch_consumer-sts-0_20250707_223654_230735.csv,True,False,False,1751928396.9543343,2935805.88054657
22199,1751925461.148636,1751927799.9961555,batch_consumer-sts-0_20250707_223654_230735.csv,True,False,False,1751928396.9543343,2935805.698156357
22209,1751925461.1488154,1751927800.017632,batch_consumer-sts-0_20250707_223654_230735.csv,True,False,False,1751928396.9543343,2935805.5188655853
22219,1751925461.1489992,1751927800.0385194,batch_consumer-sts-0_20250707_223654_230735.csv,True,False,False,1751928396.9543343,2935805.335044861
22229,1751925461.1491969,1751927800.0595405,batch_consumer-sts-0_20250707_223654_230735.csv,True,False,False,1751928396.9543343,2935805.1373958588
22239,1751925461.1493754,1751927800.0806155,batch_consumer-sts-0_20250707_223654_230735.csv,True,False,False,1751928396.9543343,2935804.958820343
22249,1751925461.149556,1751927800.1017592,batch_consumer-sts-0_20250707_223654_230735.csv,True,False,False,1751928396.9543343,2935804.7783374786
22259,1751925461.1497557,1751927800.123,batch_consumer-sts-0_20250707_223654_230735.csv,True,False,False,1751928396.9543343,2935804.5785427094
22269,1751925461.1499436,1751927800.1438916,batch_consumer-sts-0_20250707_223654_230735.csv,True,False,False,1751928396.9543343,2935804.390668869
22279,1751925461.1501336,1751927800.164767,batch_consumer-sts-0_20250707_223654_230735.csv,True,False,False,1751928396.9543343,2935804.2006492615
22289,1751925461.1503372,1751927800.1854722,batch_consumer-sts-0_20250707_223654_230735.csv,True,False,False,1751928396.9543343,2935803.997039795
22299,1751925461.1505218,1751927800.206297,batch_consumer-sts-0_20250707_223654_230735.csv,True,False,False,1751928396.9543343,2935803.8125038147
22309,1751925461.1507103,1751927800.2270167,batch_consumer-sts-0_20250707_223654_230735.csv,True,False,False,1751928396.9543343,2935803.6239147186
22319,1751925461.1509228,1751927800.247929,batch_consumer-sts-0_20250707_223654_230735.csv,True,False,False,1751928396.9543343,2935803.4114837646
22329,1751925461.1511345,1751927800.2686973,batch_consumer-sts-0_20250707_223654_230735.csv,True,False,False,1751928396.9543343,2935803.1997680664
22339,1751925461.1514685,1751927800.2893338,batch_consumer-sts-0_20250707_223654_230735.csv,True,False,False,1751928396.9543343,2935802.865743637
22349,1751925461.1517854,1751927800.3101776,batch_consumer-sts-0_20250707_223654_230735.csv,True,False,False,1751928396.9543343,2935802.5488853455
22359,1751925461.151985,1751927800.3310122,batch_consumer-sts-0_20250707_223654_230735.csv,True,False,False,1751928396.9543343,2935802.3493289948
22369,1751925461.15218,1751927800.3520684,batch_consumer-sts-0_20250707_223654_230735.csv,True,False,False,1751928396.9543343,2935802.154302597
22379,1751925461.1523623,1751927800.3726938,batch_consumer-sts-0_20250707_223654_230735.csv,True,False,False,1751928396.9543343,2935801.971912384
22389,1751925461.152537,1751927800.3933969,batch_consumer-sts-0_20250707_223654_230735.csv,True,False,False,1751928396.9543343,2935801.7971515656
22399,1751925461.1527166,1751927800.4141152,batch_consumer-sts-0_20250707_223654_230735.csv,True,False,False,1751928396.9543343,2935801.6176223755
22409,1751925461.1529405,1751927800.4349003,batch_consumer-sts-0_20250707_223654_230735.csv,True,False,False,1751928396.9543343,2935801.3937473297
22419,1751925461.1532283,1751927800.455793,batch_consumer-sts-0_20250707_223654_230735.csv,True,False,False,1751928396.9543343,2935801.1059761047
22429,1751925461.1534784,1751927800.4766772,batch_consumer-sts-0_20250707_223654_230735.csv,True,False,False,1751928396.9543343,2935800.8558750153
22439,1751925461.1536572,1751927800.4976072,batch_consumer-sts-0_20250707_223654_230735.csv,True,False,False,1751928396.9543343,2935800.677061081
22449,1751925461.1538398,1751927800.5183065,batch_consumer-sts-0_20250707_223654_230735.csv,True,False,False,1751928396.9543343,2935800.4944324493
22459,1751925461.1540256,1751927800.5392666,batch_consumer-sts-0_20250707_223654_230735.csv,True,False,False,1751928396.9543343,2935800.308704376
22469,1751925461.1543255,1751927800.5601976,batch_consumer-sts-0_20250707_223654_230735.csv,True,False,False,1751928396.9543343,2935800.0087738037
22479,1751925461.1546528,1751927800.581254,batch_consumer-sts-0_20250707_223654_230735.csv,True,False,False,1751928396.9543343,2935799.6814250946
22489,1751925461.1548991,1751927800.602375,batch_consumer-sts-0_20250707_223654_230735.csv,True,False,False,1751928396.9543343,2935799.4351387024
22499,1751925461.1550903,1751927800.6226006,batch_consumer-sts-0_20250707_223654_230735.csv,True,False,False,1751928396.9543343,2935799.243927002
22509,1751925461.1552825,1751927800.6436293,batch_consumer-sts-0_20250707_223654_230735.csv,True,False,False,1751928396.9543343,2935799.051761627
22519,1751925461.1554666,1751927800.6645224,batch_consumer-sts-0_20250707_223654_230735.csv,True,False,False,1751928396.9543343,2935798.867702484
22529,1751925461.1556573,1751927800.6855185,batch_consumer-sts-0_20250707_223654_230735.csv,True,False,False,1751928396.9543343,2935798.676967621
22539,1751925461.1558588,1751927800.7067463,batch_consumer-sts-0_20250707_223654_230735.csv,True,False,False,1751928396.9543343,2935798.4755039215
22549,1751925461.1560354,1751927800.7280097,batch_consumer-sts-0_20250707_223654_230735.csv,True,False,False,1751928396.9543343,2935798.2988357544
22559,1751925461.1562088,1751927800.748835,batch_consumer-sts-0_20250707_223654_230735.csv,True,False,False,1751928396.9543343,2935798.1255054474
22569,1751925461.1563904,1751927800.7696233,batch_consumer-sts-0_20250707_223654_230735.csv,True,False,False,1751928396.9543343,2935797.94383049
22579,1751925461.156567,1751927801.125952,batch_consumer-sts-0_20250707_223654_230735.csv,True,False,False,1751928396.9543343,2935797.767162323
22589,1751925461.156742,1751927801.147375,batch_consumer-sts-0_20250707_223654_230735.csv,True,False,False,1751928396.9543343,2935797.592163086
22599,1751925461.156916,1751927801.168313,batch_consumer-sts-0_20250707_223654_230735.csv,True,False,False,1751928396.9543343,2935797.418355942
22609,1751925461.1570976,1751927801.1893682,batch_consumer-sts-0_20250707_223654_230735.csv,True,False,False,1751928396.9543343,2935797.2366809845
22619,1751925461.1573026,1751927801.2102177,batch_consumer-sts-0_20250707_223654_230735.csv,True,False,False,1751928396.9543343,2935797.0316410065
22629,1751925461.1574914,1751927801.2311027,batch_consumer-sts-0_20250707_223654_230735.csv,True,False,False,1751928396.9543343,2935796.842813492
22639,1751925461.1576774,1751927801.2521043,batch_consumer-sts-0_20250707_223654_230735.csv,True,False,False,1751928396.9543343,2935796.656847
22649,1751925461.1578658,1751927801.2730403,batch_consumer-sts-0_20250707_223654_230735.csv,True,False,False,1751928396.9543343,2935796.4684963226
22659,1751925461.1580598,1751927801.2939515,batch_consumer-sts-0_20250707_223654_230735.csv,True,False,False,1751928396.9543343,2935796.2744235992
22669,1751925461.158314,1751927801.3148775,batch_consumer-sts-0_20250707_223654_230735.csv,True,False,False,1751928396.9543343,2935796.020269394
22679,1751925461.1585944,1751927801.3358111,batch_consumer-sts-0_20250707_223654_230735.csv,True,False,False,1751928396.9543343,2935795.739889145
22689,1751925461.15882,1751927801.3565843,batch_consumer-sts-0_20250707_223654_230735.csv,True,False,False,1751928396.9543343,2935795.514345169
22699,1751925461.159042,1751927801.3774295,batch_consumer-sts-0_20250707_223654_230735.csv,True,False,False,1751928396.9543343,2935795.292377472
22709,1751925461.1592643,1751927801.397284,batch_consumer-sts-0_20250707_223654_230735.csv,True,False,False,1751928396.9543343,2935795.0699329376
24749,1751925461.199937,1751927801.4180567,batch_consumer-sts-0_20250707_223654_230735.csv,True,False,False,1751928396.9543343,2935754.3971538544
24759,1751925461.200251,1751927801.4388227,batch_consumer-sts-0_20250707_223654_230735.csv,True,False,False,1751928396.9543343,2935754.0831565857
24769,1751925461.200462,1751927801.4596963,batch_consumer-sts-0_20250707_223654_230735.csv,True,False,False,1751928396.9543343,2935753.872156143
24779,1751925461.2006545,1751927801.480487,batch_consumer-sts-0_20250707_223654_230735.csv,True,False,False,1751928396.9543343,2935753.67975235
24789,1751925461.2008417,1751927801.5012836,batch_consumer-sts-0_20250707_223654_230735.csv,True,False,False,1751928396.9543343,2935753.4925937653
24799,1751925461.2010367,1751927801.522256,batch_consumer-sts-0_20250707_223654_230735.csv,True,False,False,1751928396.9543343,2935753.2975673676
24809,1751925461.201222,1751927801.5433283,batch_consumer-sts-0_20250707_223654_230735.csv,True,False,False,1751928396.9543343,2935753.1123161316
24819,1751925461.201413,1751927801.6945968,batch_consumer-sts-0_20250707_223654_230735.csv,True,False,False,1751928396.9543343,2935752.9213428497
24829,1751925461.201605,1751927801.7154136,batch_consumer-sts-0_20250707_223654_230735.csv,True,False,False,1751928396.9543343,2935752.729177475
24839,1751925461.2017825,1751927801.7352538,batch_consumer-sts-0_20250707_223654_230735.csv,True,False,False,1751928396.9543343,2935752.551794052
24849,1751925461.2019577,1751927801.7561083,batch_consumer-sts-0_20250707_223654_230735.csv,True,False,False,1751928396.9543343,2935752.3765563965
24859,1751925461.2021604,1751927801.7770953,batch_consumer-sts-0_20250707_223654_230735.csv,True,False,False,1751928396.9543343,2935752.1739006042
24869,1751925461.2023952,1751927801.798155,batch_consumer-sts-0_20250707_223654_230735.csv,True,False,False,1751928396.9543343,2935751.939058304
24879,1751925461.2026432,1751927801.8190007,batch_consumer-sts-0_20250707_223654_230735.csv,True,False,False,1751928396.9543343,2935751.6911029816
24889,1751925461.202831,1751927801.8399465,batch_consumer-sts-0_20250707_223654_230735.csv,True,False,False,1751928396.9543343,2935751.5032291412
24899,1751925461.2030177,1751927801.860779,batch_consumer-sts-0_20250707_223654_230735.csv,True,False,False,1751928396.9543343,2935751.316547394
24909,1751925461.203202,1751927801.881676,batch_consumer-sts-0_20250707_223654_230735.csv,True,False,False,1751928396.9543343,2935751.132249832
33609,1751925461.384224,1751927801.902678,batch_consumer-sts-0_20250707_223654_230735.csv,True,False,False,1751928396.9543343,2935570.110321045
33619,1751925461.3844044,1751927802.0138595,batch_consumer-sts-0_20250707_223654_230735.csv,True,False,False,1751928396.9543343,2935569.9298381805
33629,1751925461.3845804,1751927802.0354328,batch_consumer-sts-0_20250707_223654_230735.csv,True,False,False,1751928396.9543343,2935569.753885269
33639,1751925461.3847604,1751927802.0562823,batch_consumer-sts-0_20250707_223654_230735.csv,True,False,False,1751928396.9543343,2935569.573879242
33649,1751925461.384936,1751927802.0771604,batch_consumer-sts-0_20250707_223654_230735.csv,True,False,False,1751928396.9543343,2935569.398164749
33659,1751925461.385115,1751927802.0978258,batch_consumer-sts-0_20250707_223654_230735.csv,True,False,False,1751928396.9543343,2935569.219350815
33669,1751925461.3852942,1751927802.1188288,batch_consumer-sts-0_20250707_223654_230735.csv,True,False,False,1751928396.9543343,2935569.0400600433
33679,1751925461.385471,1751927802.1399286,batch_consumer-sts-0_20250707_223654_230735.csv,True,False,False,1751928396.9543343,2935568.8631534576
33689,1751925461.385651,1751927802.1609926,batch_consumer-sts-0_20250707_223654_230735.csv,True,False,False,1751928396.9543343,2935568.6831474304
33699,1751925461.385824,1751927802.1820772,batch_consumer-sts-0_20250707_223654_230735.csv,True,False,False,1751928396.9543343,2935568.5102939606
33709,1751925461.3860052,1751927802.2028615,batch_consumer-sts-0_20250707_223654_230735.csv,True,False,False,1751928396.9543343,2935568.3290958405
33719,1751925461.386217,1751927802.223868,batch_consumer-sts-0_20250707_223654_230735.csv,True,False,False,1751928396.9543343,2935568.1171417236
33729,1751925461.3864057,1751927802.244723,batch_consumer-sts-0_20250707_223654_230735.csv,True,False,False,1751928396.9543343,2935567.9285526276
33739,1751925461.386598,1751927802.2658226,batch_consumer-sts-0_20250707_223654_230735.csv,True,False,False,1751928396.9543343,2935567.736148834
33749,1751925461.3867905,1751927802.2868135,batch_consumer-sts-0_20250707_223654_230735.csv,True,False,False,1751928396.9543343,2935567.543745041
33759,1751925461.3869865,1751927802.3077576,batch_consumer-sts-0_20250707_223654_230735.csv,True,False,False,1751928396.9543343,2935567.347764969
33769,1751925461.3871891,1751927802.328744,batch_consumer-sts-0_20250707_223654_230735.csv,True,False,False,1751928396.9543343,2935567.1451091766
33779,1751925461.38738,1751927802.349634,batch_consumer-sts-0_20250707_223654_230735.csv,True,False,False,1751928396.9543343,2935566.9543743134
33789,1751925461.387575,1751927802.3704762,batch_consumer-sts-0_20250707_223654_230735.csv,True,False,False,1751928396.9543343,2935566.7593479156
33799,1751925461.387756,1751927802.3914287,batch_consumer-sts-0_20250707_223654_230735.csv,True,False,False,1751928396.9543343,2935566.5781497955
33809,1751925461.3879366,1751927802.412259,batch_consumer-sts-0_20250707_223654_230735.csv,True,False,False,1751928396.9543343,2935566.397666931
33819,1751925461.3881166,1751927802.433146,batch_consumer-sts-0_20250707_223654_230735.csv,True,False,False,1751928396.9543343,2935566.217660904
33829,1751925461.3882954,1751927802.4542842,batch_consumer-sts-0_20250707_223654_230735.csv,True,False,False,1751928396.9543343,2935566.0388469696
33839,1751925461.3884757,1751927802.4755056,batch_consumer-sts-0_20250707_223654_230735.csv,True,False,False,1751928396.9543343,2935565.858602524
33849,1751925461.388654,1751927802.4966257,batch_consumer-sts-0_20250707_223654_230735.csv,True,False,False,1751928396.9543343,2935565.6802654266
33859,1751925461.388832,1751927802.5177426,batch_consumer-sts-0_20250707_223654_230735.csv,True,False,False,1751928396.9543343,2935565.502166748
33869,1751925461.3890083,1751927802.5387492,batch_consumer-sts-0_20250707_223654_230735.csv,True,False,False,1751928396.9543343,2935565.325975418
33879,1751925461.389186,1751927802.5599496,batch_consumer-sts-0_20250707_223654_230735.csv,True,False,False,1751928396.9543343,2935565.1483535767
33889,1751925461.3893676,1751927802.5808132,batch_consumer-sts-0_20250707_223654_230735.csv,True,False,False,1751928396.9543343,2935564.9666786194
33899,1751925461.3895438,1751927802.6016357,batch_consumer-sts-0_20250707_223654_230735.csv,True,False,False,1751928396.9543343,2935564.7904872894
33909,1751925461.3897374,1751927802.6228454,batch_consumer-sts-0_20250707_223654_230735.csv,True,False,False,1751928396.9543343,2935564.596891403
33919,1751925461.3899193,1751927802.6438782,batch_consumer-sts-0_20250707_223654_230735.csv,True,False,False,1751928396.9543343,2935564.4149780273
33929,1751925461.390097,1751927802.665098,batch_consumer-sts-0_20250707_223654_230735.csv,True,False,False,1751928396.9543343,2935564.237356186
33939,1751925461.3903222,1751927802.6862612,batch_consumer-sts-0_20250707_223654_230735.csv,True,False,False,1751928396.9543343,2935564.0120506287
33949,1751925461.3905282,1751927802.7072449,batch_consumer-sts-0_20250707_223654_230735.csv,True,False,False,1751928396.9543343,2935563.8060569763
33959,1751925461.3907328,1751927802.7279804,batch_consumer-sts-0_20250707_223654_230735.csv,True,False,False,1751928396.9543343,2935563.6014938354
33969,1751925461.3909657,1751927802.748814,batch_consumer-sts-0_20250707_223654_230735.csv,True,False,False,1751928396.9543343,2935563.3685588837
33979,1751925461.3911817,1751927802.769462,batch_consumer-sts-0_20250707_223654_230735.csv,True,False,False,1751928396.9543343,2935563.152551651
33989,1751925461.391403,1751927802.7900434,batch_consumer-sts-0_20250707_223654_230735.csv,True,False,False,1751928396.9543343,2935562.9312992096
33999,1751925461.3915844,1751927802.810766,batch_consumer-sts-0_20250707_223654_230735.csv,True,False,False,1751928396.9543343,2935562.749862671
34499,1751925461.4019303,1751927802.831442,batch_consumer-sts-0_20250707_223654_230735.csv,True,False,False,1751928396.9543343,2935552.4039268494
34509,1751925461.4021757,1751927803.1256368,batch_consumer-sts-0_20250707_223654_230735.csv,True,False,False,1751928396.9543343,2935552.1585941315
34519,1751925461.4024024,1751927803.1471958,batch_consumer-sts-0_20250707_223654_230735.csv,True,False,False,1751928396.9543343,2935551.9318580627
34529,1751925461.4026308,1751927803.1692376,batch_consumer-sts-0_20250707_223654_230735.csv,True,False,False,1751928396.9543343,2935551.703453064
34539,1751925461.4028609,1751927803.1901891,batch_consumer-sts-0_20250707_223654_230735.csv,True,False,False,1751928396.9543343,2935551.473379135
34549,1751925461.4030826,1751927803.2115874,batch_consumer-sts-0_20250707_223654_230735.csv,True,False,False,1751928396.9543343,2935551.2516498566
34559,1751925461.4033146,1751927803.2333102,batch_consumer-sts-0_20250707_223654_230735.csv,True,False,False,1751928396.9543343,2935551.019668579
34569,1751925461.4035437,1751927803.255272,batch_consumer-sts-0_20250707_223654_230735.csv,True,False,False,1751928396.9543343,2935550.7905483246
34579,1751925461.4037714,1751927803.277191,batch_consumer-sts-0_20250707_223654_230735.csv,True,False,False,1751928396.9543343,2935550.5628585815
34589,1751925461.4039965,1751927803.298622,batch_consumer-sts-0_20250707_223654_230735.csv,True,False,False,1751928396.9543343,2935550.337791443
34599,1751925461.4042442,1751927803.3195093,batch_consumer-sts-0_20250707_223654_230735.csv,True,False,False,1751928396.9543343,2935550.090074539
34609,1751925461.4044747,1751927803.3413172,batch_consumer-sts-0_20250707_223654_230735.csv,True,False,False,1751928396.9543343,2935549.859523773
34619,1751925461.4047055,1751927803.3630812,batch_consumer-sts-0_20250707_223654_230735.csv,True,False,False,1751928396.9543343,2935549.6287345886
34629,1751925461.4049375,1751927803.3853452,batch_consumer-sts-0_20250707_223654_230735.csv,True,False,False,1751928396.9543343,2935549.396753311
34639,1751925461.4051695,1751927803.406643,batch_consumer-sts-0_20250707_223654_230735.csv,True,False,False,1751928396.9543343,2935549.1647720337
34649,1751925461.4054098,1751927803.4283335,batch_consumer-sts-0_20250707_223654_230735.csv,True,False,False,1751928396.9543343,2935548.924446106
34659,1751925461.4056363,1751927803.4500926,batch_consumer-sts-0_20250707_223654_230735.csv,True,False,False,1751928396.9543343,2935548.697948456
34669,1751925461.405866,1751927803.47173,batch_consumer-sts-0_20250707_223654_230735.csv,True,False,False,1751928396.9543343,2935548.468351364
34679,1751925461.406109,1751927803.493472,batch_consumer-sts-0_20250707_223654_230735.csv,True,False,False,1751928396.9543343,2935548.2251644135
34689,1751925461.4063554,1751927803.5146632,batch_consumer-sts-0_20250707_223654_230735.csv,True,False,False,1751928396.9543343,2935547.9788780212
34699,1751925461.4065807,1751927803.5367143,batch_consumer-sts-0_20250707_223654_230735.csv,True,False,False,1751928396.9543343,2935547.753572464
34709,1751925461.4068186,1751927803.55855,batch_consumer-sts-0_20250707_223654_230735.csv,True,False,False,1751928396.9543343,2935547.515630722
34719,1751925461.4070537,1751927803.5811002,batch_consumer-sts-0_20250707_223654_230735.csv,True,False,False,1751928396.9543343,2935547.280550003
34729,1751925461.407282,1751927803.6024172,batch_consumer-sts-0_20250707_223654_230735.csv,True,False,False,1751928396.9543343,2935547.0521450043
34739,1751925461.407519,1751927803.6240172,batch_consumer-sts-0_20250707_223654_230735.csv,True,False,False,1751928396.9543343,2935546.8151569366
34749,1751925461.4077487,1751927804.6470976,batch_consumer-sts-0_20250707_223654_230735.csv,True,False,False,1751928396.9543343,2935546.585559845
34759,1751925461.4079804,1751927804.6698442,batch_consumer-sts-0_20250707_223654_230735.csv,True,False,False,1751928396.9543343,2935546.353816986
34769,1751925461.408206,1751927804.691877,batch_consumer-sts-0_20250707_223654_230735.csv,True,False,False,1751928396.9543343,2935546.1282730103
34779,1751925461.4084334,1751927804.7126486,batch_consumer-sts-0_20250707_223654_230735.csv,True,False,False,1751928396.9543343,2935545.900821686
34789,1751925461.4086528,1751927804.734214,batch_consumer-sts-0_20250707_223654_230735.csv,True,False,False,1751928396.9543343,2935545.681476593
34799,1751925461.4088795,1751927804.7556984,batch_consumer-sts-0_20250707_223654_230735.csv,True,False,False,1751928396.9543343,2935545.4547405243
34809,1751925461.4091127,1751927804.7773654,batch_consumer-sts-0_20250707_223654_230735.csv,True,False,False,1751928396.9543343,2935545.221567154
34819,1751925461.4093366,1751927804.798592,batch_consumer-sts-0_20250707_223654_230735.csv,True,False,False,1751928396.9543343,2935544.997692108
34829,1751925461.4095683,1751927804.819271,batch_consumer-sts-0_20250707_223654_230735.csv,True,False,False,1751928396.9543343,2935544.7659492493
34839,1751925461.409802,1751927804.8405678,batch_consumer-sts-0_20250707_223654_230735.csv,True,False,False,1751928396.9543343,2935544.5322990417
34849,1751925461.4100254,1751927804.8625305,batch_consumer-sts-0_20250707_223654_230735.csv,True,False,False,1751928396.9543343,2935544.308900833
34859,1751925461.4102595,1751927804.8848057,batch_consumer-sts-0_20250707_223654_230735.csv,True,False,False,1751928396.9543343,2935544.0747737885
34869,1751925461.4104917,1751927804.9061892,batch_consumer-sts-0_20250707_223654_230735.csv,True,False,False,1751928396.9543343,2935543.8425540924
34879,1751925461.4107163,1751927804.9276752,batch_consumer-sts-0_20250707_223654_230735.csv,True,False,False,1751928396.9543343,2935543.617963791
34889,1751925461.4109418,1751927804.9503753,batch_consumer-sts-0_20250707_223654_230735.csv,True,False,False,1751928396.9543343,2935543.392419815
34899,1751925461.4111674,1751927804.9718237,batch_consumer-sts-0_20250707_223654_230735.csv,True,False,False,1751928396.9543343,2935543.1668758392
34909,1751925461.4113932,1751927804.9932995,batch_consumer-sts-0_20250707_223654_230735.csv,True,False,False,1751928396.9543343,2935542.941093445
34919,1751925461.4115906,1751927805.0142016,batch_consumer-sts-0_20250707_223654_230735.csv,True,False,False,1751928396.9543343,2935542.7436828613
34929,1751925461.4117713,1751927805.0358436,batch_consumer-sts-0_20250707_223654_230735.csv,True,False,False,1751928396.9543343,2935542.5629615784
44749,1751925461.6243055,1751927805.0580487,batch_consumer-sts-0_20250707_223654_230735.csv,True,False,False,1751928396.9543343,2935330.028772354
44759,1751925461.624576,1751927805.0802689,batch_consumer-sts-0_20250707_223654_230735.csv,True,False,False,1751928396.9543343,2935329.758167267
44769,1751925461.624809,1751927805.101564,batch_consumer-sts-0_20250707_223654_230735.csv,True,False,False,1751928396.9543343,2935329.525232315
44779,1751925461.6250458,1751927805.1239712,batch_consumer-sts-0_20250707_223654_230735.csv,True,False,False,1751928396.9543343,2935329.288482666
44789,1751925461.6252854,1751927805.146026,batch_consumer-sts-0_20250707_223654_230735.csv,True,False,False,1751928396.9543343,2935329.048871994
44799,1751925461.6255355,1751927805.1682842,batch_consumer-sts-0_20250707_223654_230735.csv,True,False,False,1751928396.9543343,2935328.7987709045
44809,1751925461.6257722,1751927805.1904442,batch_consumer-sts-0_20250707_223654_230735.csv,True,False,False,1751928396.9543343,2935328.5620212555
44819,1751925461.6260142,1751927805.2117846,batch_consumer-sts-0_20250707_223654_230735.csv,True,False,False,1751928396.9543343,2935328.3200263977
44829,1751925461.6262484,1751927805.2338543,batch_consumer-sts-0_20250707_223654_230735.csv,True,False,False,1751928396.9543343,2935328.085899353
44839,1751925461.6264834,1751927805.2562983,batch_consumer-sts-0_20250707_223654_230735.csv,True,False,False,1751928396.9543343,2935327.850818634
44849,1751925461.6267097,1751927805.277154,batch_consumer-sts-0_20250707_223654_230735.csv,True,False,False,1751928396.9543343,2935327.6245594025
44859,1751925461.6269283,1751927805.298937,batch_consumer-sts-0_20250707_223654_230735.csv,True,False,False,1751928396.9543343,2935327.4059295654
44869,1751925461.6271513,1751927805.32232,batch_consumer-sts-0_20250707_223654_230735.csv,True,False,False,1751928396.9543343,2935327.183008194
44879,1751925461.627389,1751927805.3436203,batch_consumer-sts-0_20250707_223654_230735.csv,True,False,False,1751928396.9543343,2935326.9453048706
44889,1751925461.627621,1751927805.365732,batch_consumer-sts-0_20250707_223654_230735.csv,True,False,False,1751928396.9543343,2935326.713323593
44899,1751925461.62785,1751927805.3882337,batch_consumer-sts-0_20250707_223654_230735.csv,True,False,False,1751928396.9543343,2935326.4842033386
44909,1751925461.628077,1751927805.4096386,batch_consumer-sts-0_20250707_223654_230735.csv,True,False,False,1751928396.9543343,2935326.2572288513
44919,1751925461.6283066,1751927805.4321823,batch_consumer-sts-0_20250707_223654_230735.csv,True,False,False,1751928396.9543343,2935326.0276317596
44929,1751925461.6285365,1751927805.454789,batch_consumer-sts-0_20250707_223654_230735.csv,True,False,False,1751928396.9543343,2935325.7977962494
44939,1751925461.6287668,1751927805.4769812,batch_consumer-sts-0_20250707_223654_230735.csv,True,False,False,1751928396.9543343,2935325.567483902
44949,1751925461.6289933,1751927805.4993234,batch_consumer-sts-0_20250707_223654_230735.csv,True,False,False,1751928396.9543343,2935325.340986252
44959,1751925461.629228,1751927805.5211728,batch_consumer-sts-0_20250707_223654_230735.csv,True,False,False,1751928396.9543343,2935325.1061439514
44969,1751925461.629454,1751927805.542622,batch_consumer-sts-0_20250707_223654_230735.csv,True,False,False,1751928396.9543343,2935324.880361557
44979,1751925461.629681,1751927805.5650642,batch_consumer-sts-0_20250707_223654_230735.csv,True,False,False,1751928396.9543343,2935324.653148651
44989,1751925461.6299074,1751927805.5864782,batch_consumer-sts-0_20250707_223654_230735.csv,True,False,False,1751928396.9543343,2935324.4268894196
44999,1751925461.6301365,1751927805.6083958,batch_consumer-sts-0_20250707_223654_230735.csv,True,False,False,1751928396.9543343,2935324.197769165
45009,1751925461.6303866,1751927805.6308138,batch_consumer-sts-0_20250707_223654_230735.csv,True,False,False,1751928396.9543343,2935323.9476680756
45019,1751925461.6306102,1751927805.652989,batch_consumer-sts-0_20250707_223654_230735.csv,True,False,False,1751928396.9543343,2935323.7240314484
45029,1751925461.630834,1751927805.675228,batch_consumer-sts-0_20250707_223654_230735.csv,True,False,False,1751928396.9543343,2935323.5001564026
45039,1751925461.6310706,1751927805.699832,batch_consumer-sts-0_20250707_223654_230735.csv,True,False,False,1751928396.9543343,2935323.263645172
45049,1751925461.631306,1751927805.72192,batch_consumer-sts-0_20250707_223654_230735.csv,True,False,False,1751928396.9543343,2935323.0283260345
45059,1751925461.6315303,1751927805.765777,batch_consumer-sts-0_20250707_223654_230735.csv,True,False,False,1751928396.9543343,2935322.8039741516
45069,1751925461.6317654,1751927805.788003,batch_consumer-sts-0_20250707_223654_230735.csv,True,False,False,1751928396.9543343,2935322.5688934326
45079,1751925461.6319964,1751927805.8094974,batch_consumer-sts-0_20250707_223654_230735.csv,True,False,False,1751928396.9543343,2935322.3378658295
45089,1751925461.6322246,1751927805.8316493,batch_consumer-sts-0_20250707_223654_230735.csv,True,False,False,1751928396.9543343,2935322.1096992493
45099,1751925461.632453,1751927805.8584366,batch_consumer-sts-0_20250707_223654_230735.csv,True,False,False,1751928396.9543343,2935321.8812942505
45109,1751925461.632683,1751927805.880519,batch_consumer-sts-0_20250707_223654_230735.csv,True,False,False,1751928396.9543343,2935321.6512203217
45119,1751925461.6329198,1751927805.9027934,batch_consumer-sts-0_20250707_223654_230735.csv,True,False,False,1751928396.9543343,2935321.4144706726
45129,1751925461.6331522,1751927806.1889596,batch_consumer-sts-0_20250707_223654_230735.csv,True,False,False,1751928396.9543343,2935321.182012558
45139,1751925461.6333842,1751927806.2104013,batch_consumer-sts-0_20250707_223654_230735.csv,True,False,False,1751928396.9543343,2935320.9500312805
45149,1751925461.6336193,1751927806.232715,batch_consumer-sts-0_20250707_223654_230735.csv,True,False,False,1751928396.9543343,2935320.7149505615
45159,1751925461.633852,1751927806.254811,batch_consumer-sts-0_20250707_223654_230735.csv,True,False,False,1751928396.9543343,2935320.4822540283
45169,1751925461.6340816,1751927806.2767563,batch_consumer-sts-0_20250707_223654_230735.csv,True,False,False,1751928396.9543343,2935320.2526569366
46059,1751925461.654505,1751927806.298758,batch_consumer-sts-0_20250707_223654_230735.csv,True,False,False,1751928396.9543343,2935299.8292446136
46069,1751925461.6547306,1751927806.3202677,batch_consumer-sts-0_20250707_223654_230735.csv,True,False,False,1751928396.9543343,2935299.603700638
46079,1751925461.654956,1751927806.3415277,batch_consumer-sts-0_20250707_223654_230735.csv,True,False,False,1751928396.9543343,2935299.378156662
46089,1751925461.655203,1751927806.3638897,batch_consumer-sts-0_20250707_223654_230735.csv,True,False,False,1751928396.9543343,2935299.131155014
46099,1751925461.6554267,1751927806.3864112,batch_consumer-sts-0_20250707_223654_230735.csv,True,False,False,1751928396.9543343,2935298.907518387
46109,1751925461.6556623,1751927806.408243,batch_consumer-sts-0_20250707_223654_230735.csv,True,False,False,1751928396.9543343,2935298.6719608307
46119,1751925461.6558874,1751927806.430593,batch_consumer-sts-0_20250707_223654_230735.csv,True,False,False,1751928396.9543343,2935298.446893692
46129,1751925461.656113,1751927806.4527488,batch_consumer-sts-0_20250707_223654_230735.csv,True,False,False,1751928396.9543343,2935298.221349716
46139,1751925461.6563327,1751927806.4750254,batch_consumer-sts-0_20250707_223654_230735.csv,True,False,False,1751928396.9543343,2935298.0015277863
46149,1751925461.6565597,1751927806.4971328,batch_consumer-sts-0_20250707_223654_230735.csv,True,False,False,1751928396.9543343,2935297.774553299
46159,1751925461.6567855,1751927806.5182178,batch_consumer-sts-0_20250707_223654_230735.csv,True,False,False,1751928396.9543343,2935297.5487709045
46169,1751925461.657019,1751927806.5404084,batch_consumer-sts-0_20250707_223654_230735.csv,True,False,False,1751928396.9543343,2935297.3153591156
46179,1751925461.6572382,1751927806.5627131,batch_consumer-sts-0_20250707_223654_230735.csv,True,False,False,1751928396.9543343,2935297.096014023
46189,1751925461.6574686,1751927806.586571,batch_consumer-sts-0_20250707_223654_230735.csv,True,False,False,1751928396.9543343,2935296.8657016754
46199,1751925461.6576974,1751927806.6079838,batch_consumer-sts-0_20250707_223654_230735.csv,True,False,False,1751928396.9543343,2935296.6368198395
46209,1751925461.657922,1751927806.6297183,batch_consumer-sts-0_20250707_223654_230735.csv,True,False,False,1751928396.9543343,2935296.412229538
46219,1751925461.6581511,1751927806.6524343,batch_consumer-sts-0_20250707_223654_230735.csv,True,False,False,1751928396.9543343,2935296.1831092834
46229,1751925461.6583867,1751927807.2219026,batch_consumer-sts-0_20250707_223654_230735.csv,True,False,False,1751928396.9543343,2935295.9475517273
46239,1751925461.6586173,1751927807.2445216,batch_consumer-sts-0_20250707_223654_230735.csv,True,False,False,1751928396.9543343,2935295.7170009613
46249,1751925461.6588457,1751927807.266635,batch_consumer-sts-0_20250707_223654_230735.csv,True,False,False,1751928396.9543343,2935295.4885959625
46259,1751925461.6590734,1751927807.2887585,batch_consumer-sts-0_20250707_223654_230735.csv,True,False,False,1751928396.9543343,2935295.2609062195
46269,1751925461.6592991,1751927807.310298,batch_consumer-sts-0_20250707_223654_230735.csv,True,False,False,1751928396.9543343,2935295.035123825
46279,1751925461.6595356,1751927807.3320858,batch_consumer-sts-0_20250707_223654_230735.csv,True,False,False,1751928396.9543343,2935294.7986125946
46289,1751925461.6597583,1751927807.3542967,batch_consumer-sts-0_20250707_223654_230735.csv,True,False,False,1751928396.9543343,2935294.5759296417
46299,1751925461.6599789,1751927807.3766513,batch_consumer-sts-0_20250707_223654_230735.csv,True,False,False,1751928396.9543343,2935294.355392456
46309,1751925461.6602118,1751927807.39858,batch_consumer-sts-0_20250707_223654_230735.csv,True,False,False,1751928396.9543343,2935294.1224575043
46319,1751925461.660442,1751927807.4294658,batch_consumer-sts-0_20250707_223654_230735.csv,True,False,False,1751928396.9543343,2935293.892145157
46329,1751925461.6606777,1751927807.4516213,batch_consumer-sts-0_20250707_223654_230735.csv,True,False,False,1751928396.9543343,2935293.6565876007
46339,1751925461.6609054,1751927807.4735298,batch_consumer-sts-0_20250707_223654_230735.csv,True,False,False,1751928396.9543343,2935293.4288978577
46349,1751925461.6611326,1751927807.4957132,batch_consumer-sts-0_20250707_223654_230735.csv,True,False,False,1751928396.9543343,2935293.201684952
46359,1751925461.6613617,1751927807.5170565,batch_consumer-sts-0_20250707_223654_230735.csv,True,False,False,1751928396.9543343,2935292.9725646973
46369,1751925461.6615937,1751927807.5393295,batch_consumer-sts-0_20250707_223654_230735.csv,True,False,False,1751928396.9543343,2935292.74058342
46379,1751925461.6618278,1751927807.5614595,batch_consumer-sts-0_20250707_223654_230735.csv,True,False,False,1751928396.9543343,2935292.506456375
46389,1751925461.662059,1751927807.5835235,batch_consumer-sts-0_20250707_223654_230735.csv,True,False,False,1751928396.9543343,2935292.2751903534
46399,1751925461.6622956,1751927807.60507,batch_consumer-sts-0_20250707_223654_230735.csv,True,False,False,1751928396.9543343,2935292.038679123
46409,1751925461.662523,1751927807.6271384,batch_consumer-sts-0_20250707_223654_230735.csv,True,False,False,1751928396.9543343,2935291.8112277985
46419,1751925461.6627538,1751927807.649372,batch_consumer-sts-0_20250707_223654_230735.csv,True,False,False,1751928396.9543343,2935291.580438614
46429,1751925461.662979,1751927807.672121,batch_consumer-sts-0_20250707_223654_230735.csv,True,False,False,1751928396.9543343,2935291.355371475
46439,1751925461.6632264,1751927807.6946118,batch_consumer-sts-0_20250707_223654_230735.csv,True,False,False,1751928396.9543343,2935291.10789299
46449,1751925461.6634605,1751927807.7158935,batch_consumer-sts-0_20250707_223654_230735.csv,True,False,False,1751928396.9543343,2935290.8737659454
46459,1751925461.6636877,1751927807.738091,batch_consumer-sts-0_20250707_223654_230735.csv,True,False,False,1751928396.9543343,2935290.6465530396
46469,1751925461.6639123,1751927807.7601788,batch_consumer-sts-0_20250707_223654_230735.csv,True,False,False,1751928396.9543343,2935290.421962738
46479,1751925461.6641405,1751927807.782118,batch_consumer-sts-0_20250707_223654_230735.csv,True,False,False,1751928396.9543343,2935290.193796158
46489,1751925461.6643682,1751927807.8032055,batch_consumer-sts-0_20250707_223654_230735.csv,True,False,False,1751928396.9543343,2935289.966106415
49619,1751925461.7353072,1751927807.8247168,batch_consumer-sts-0_20250707_223654_230735.csv,True,False,False,1751928396.9543343,2935219.027042389
49629,1751925461.7355423,1751927807.846366,batch_consumer-sts-0_20250707_223654_230735.csv,True,False,False,1751928396.9543343,2935218.79196167
49639,1751925461.735769,1751927807.8683753,batch_consumer-sts-0_20250707_223654_230735.csv,True,False,False,1751928396.9543343,2935218.565225601
49649,1751925461.736004,1751927807.8903975,batch_consumer-sts-0_20250707_223654_230735.csv,True,False,False,1751928396.9543343,2935218.330144882
49659,1751925461.7362342,1751927807.911801,batch_consumer-sts-0_20250707_223654_230735.csv,True,False,False,1751928396.9543343,2935218.1000709534
49669,1751925461.736472,1751927807.9338803,batch_consumer-sts-0_20250707_223654_230735.csv,True,False,False,1751928396.9543343,2935217.86236763
49679,1751925461.736704,1751927808.2008998,batch_consumer-sts-0_20250707_223654_230735.csv,True,False,False,1751928396.9543343,2935217.630147934
49689,1751925461.7369332,1751927808.2234488,batch_consumer-sts-0_20250707_223654_230735.csv,True,False,False,1751928396.9543343,2935217.4010276794
49699,1751925461.737159,1751927808.2461429,batch_consumer-sts-0_20250707_223654_230735.csv,True,False,False,1751928396.9543343,2935217.175245285
49709,1751925461.7373905,1751927808.268587,batch_consumer-sts-0_20250707_223654_230735.csv,True,False,False,1751928396.9543343,2935216.9437408447
49719,1751925461.7376268,1751927808.2903895,batch_consumer-sts-0_20250707_223654_230735.csv,True,False,False,1751928396.9543343,2935216.707468033
49729,1751925461.7378576,1751927808.312142,batch_consumer-sts-0_20250707_223654_230735.csv,True,False,False,1751928396.9543343,2935216.4766788483
49739,1751925461.7380838,1751927808.3340812,batch_consumer-sts-0_20250707_223654_230735.csv,True,False,False,1751928396.9543343,2935216.2504196167
49749,1751925461.7383294,1751927808.3595417,batch_consumer-sts-0_20250707_223654_230735.csv,True,False,False,1751928396.9543343,2935216.00484848
49759,1751925461.738558,1751927808.3814497,batch_consumer-sts-0_20250707_223654_230735.csv,True,False,False,1751928396.9543343,2935215.776205063
49769,1751925461.7387805,1751927808.4029677,batch_consumer-sts-0_20250707_223654_230735.csv,True,False,False,1751928396.9543343,2935215.5537605286
49779,1751925461.7390134,1751927808.425075,batch_consumer-sts-0_20250707_223654_230735.csv,True,False,False,1751928396.9543343,2935215.320825577
49789,1751925461.7392354,1751927808.4473984,batch_consumer-sts-0_20250707_223654_230735.csv,True,False,False,1751928396.9543343,2935215.0988578796
49799,1751925461.739454,1751927808.4692478,batch_consumer-sts-0_20250707_223654_230735.csv,True,False,False,1751928396.9543343,2935214.8802280426
49809,1751925461.739676,1751927808.491208,batch_consumer-sts-0_20250707_223654_230735.csv,True,False,False,1751928396.9543343,2935214.6582603455
49819,1751925461.7399056,1751927808.5134797,batch_consumer-sts-0_20250707_223654_230735.csv,True,False,False,1751928396.9543343,2935214.428663254
49829,1751925461.740131,1751927808.5357745,batch_consumer-sts-0_20250707_223654_230735.csv,True,False,False,1751928396.9543343,2935214.2033576965
49839,1751925461.7403538,1751927808.5581615,batch_consumer-sts-0_20250707_223654_230735.csv,True,False,False,1751928396.9543343,2935213.980436325
49849,1751925461.7405796,1751927808.5815651,batch_consumer-sts-0_20250707_223654_230735.csv,True,False,False,1751928396.9543343,2935213.7546539307
49859,1751925461.7408063,1751927808.6032245,batch_consumer-sts-0_20250707_223654_230735.csv,True,False,False,1751928396.9543343,2935213.527917862
49869,1751925461.7410388,1751927808.6291397,batch_consumer-sts-0_20250707_223654_230735.csv,True,False,False,1751928396.9543343,2935213.2954597473
49879,1751925461.7412667,1751927808.650244,batch_consumer-sts-0_20250707_223654_230735.csv,True,False,False,1751928396.9543343,2935213.0675315857
49889,1751925461.7414975,1751927808.6724615,batch_consumer-sts-0_20250707_223654_230735.csv,True,False,False,1751928396.9543343,2935212.836742401
49899,1751925461.741817,1751927808.6950288,batch_consumer-sts-0_20250707_223654_230735.csv,True,False,False,1751928396.9543343,2935212.517261505
49909,1751925461.7420638,1751927808.7167425,batch_consumer-sts-0_20250707_223654_230735.csv,True,False,False,1751928396.9543343,2935212.2704982758
49919,1751925461.7423038,1751927808.739004,batch_consumer-sts-0_20250707_223654_230735.csv,True,False,False,1751928396.9543343,2935212.0304107666
49929,1751925461.7425373,1751927808.7615962,batch_consumer-sts-0_20250707_223654_230735.csv,True,False,False,1751928396.9543343,2935211.7969989777
49939,1751925461.7427642,1751927808.78399,batch_consumer-sts-0_20250707_223654_230735.csv,True,False,False,1751928396.9543343,2935211.5700244904
49949,1751925461.7430031,1751927808.8052716,batch_consumer-sts-0_20250707_223654_230735.csv,True,False,False,1751928396.9543343,2935211.331129074
49959,1751925461.7432368,1751927809.829444,batch_consumer-sts-0_20250707_223654_230735.csv,True,False,False,1751928396.9543343,2935211.0974788666
49969,1751925461.743472,1751927809.851567,batch_consumer-sts-0_20250707_223654_230735.csv,True,False,False,1751928396.9543343,2935210.862159729
49979,1751925461.7437088,1751927809.8735416,batch_consumer-sts-0_20250707_223654_230735.csv,True,False,False,1751928396.9543343,2935210.62541008
49989,1751925461.7439394,1751927809.8967254,batch_consumer-sts-0_20250707_223654_230735.csv,True,False,False,1751928396.9543343,2935210.394859314
49999,1751925461.7441714,1751927809.917798,batch_consumer-sts-0_20250707_223654_230735.csv,True,False,False,1751928396.9543343,2935210.1628780365
50009,1751925461.7444017,1751927809.9394617,batch_consumer-sts-0_20250707_223654_230735.csv,True,False,False,1751928396.9543343,2935209.932565689
50019,1751925461.744635,1751927809.9609756,batch_consumer-sts-0_20250707_223654_230735.csv,True,False,False,1751928396.9543343,2935209.6991539
50029,1751925461.744863,1751927809.9827647,batch_consumer-sts-0_20250707_223654_230735.csv,True,False,False,1751928396.9543343,2935209.4712257385
50039,1751925461.7450955,1751927810.004311,batch_consumer-sts-0_20250707_223654_230735.csv,True,False,False,1751928396.9543343,2935209.238767624
50049,1751925461.745321,1751927810.026307,batch_consumer-sts-0_20250707_223654_230735.csv,True,False,False,1751928396.9543343,2935209.013223648
50059,1751925461.7455585,1751927810.047932,batch_consumer-sts-0_20250707_223654_230735.csv,True,False,False,1751928396.9543343,2935208.7757587433
50069,1751925461.7457998,1751927810.0697656,batch_consumer-sts-0_20250707_223654_230735.csv,True,False,False,1751928396.9543343,2935208.5344791412
50079,1751925461.746025,1751927810.0919044,batch_consumer-sts-0_20250707_223654_230735.csv,True,False,False,1751928396.9543343,2935208.309173584
50089,1751925461.746263,1751927810.1135392,batch_consumer-sts-0_20250707_223654_230735.csv,True,False,False,1751928396.9543343,2935208.071231842
50099,1751925461.7464962,1751927810.1361847,batch_consumer-sts-0_20250707_223654_230735.csv,True,False,False,1751928396.9543343,2935207.8380584717
50109,1751925461.7467282,1751927810.158493,batch_consumer-sts-0_20250707_223654_230735.csv,True,False,False,1751928396.9543343,2935207.606077194
50119,1751925461.74696,1751927810.1804652,batch_consumer-sts-0_20250707_223654_230735.csv,True,False,False,1751928396.9543343,2935207.3743343353
50129,1751925461.747189,1751927810.202706,batch_consumer-sts-0_20250707_223654_230735.csv,True,False,False,1751928396.9543343,2935207.145214081
50139,1751925461.7474165,1751927810.2248385,batch_consumer-sts-0_20250707_223654_230735.csv,True,False,False,1751928396.9543343,2935206.9177627563
50149,1751925461.7476518,1751927810.2473311,batch_consumer-sts-0_20250707_223654_230735.csv,True,False,False,1751928396.9543343,2935206.682443619
50159,1751925461.7478766,1751927810.269513,batch_consumer-sts-0_20250707_223654_230735.csv,True,False,False,1751928396.9543343,2935206.4576148987
50169,1751925461.748113,1751927810.292606,batch_consumer-sts-0_20250707_223654_230735.csv,True,False,False,1751928396.9543343,2935206.221342087
50179,1751925461.748343,1751927810.314233,batch_consumer-sts-0_20250707_223654_230735.csv,True,False,False,1751928396.9543343,2935205.991268158
50189,1751925461.74858,1751927810.336548,batch_consumer-sts-0_20250707_223654_230735.csv,True,False,False,1751928396.9543343,2935205.7542800903
50199,1751925461.748806,1751927810.3587637,batch_consumer-sts-0_20250707_223654_230735.csv,True,False,False,1751928396.9543343,2935205.5282592773
50209,1751925461.7490463,1751927810.3812032,batch_consumer-sts-0_20250707_223654_230735.csv,True,False,False,1751928396.9543343,2935205.2879333496
50219,1751925461.7492774,1751927810.4018855,batch_consumer-sts-0_20250707_223654_230735.csv,True,False,False,1751928396.9543343,2935205.0569057465
50229,1751925461.749511,1751927810.4242983,batch_consumer-sts-0_20250707_223654_230735.csv,True,False,False,1751928396.9543343,2935204.823255539
50239,1751925461.7497363,1751927810.4478347,batch_consumer-sts-0_20250707_223654_230735.csv,True,False,False,1751928396.9543343,2935204.5979499817
50249,1751925461.749967,1751927810.4715009,batch_consumer-sts-0_20250707_223654_230735.csv,True,False,False,1751928396.9543343,2935204.367160797
50259,1751925461.7502096,1751927810.4940672,batch_consumer-sts-0_20250707_223654_230735.csv,True,False,False,1751928396.9543343,2935204.124689102
50269,1751925461.750444,1751927810.5154994,batch_consumer-sts-0_20250707_223654_230735.csv,True,False,False,1751928396.9543343,2935203.890323639
50279,1751925461.7506776,1751927810.537266,batch_consumer-sts-0_20250707_223654_230735.csv,True,False,False,1751928396.9543343,2935203.6566734314
50289,1751925461.7509036,1751927810.5589044,batch_consumer-sts-0_20250707_223654_230735.csv,True,False,False,1751928396.9543343,2935203.4306526184
50299,1751925461.7511337,1751927810.5807164,batch_consumer-sts-0_20250707_223654_230735.csv,True,False,False,1751928396.9543343,2935203.2005786896
50309,1751925461.751364,1751927810.6022837,batch_consumer-sts-0_20250707_223654_230735.csv,True,False,False,1751928396.9543343,2935202.970266342
50319,1751925461.751592,1751927810.6239817,batch_consumer-sts-0_20250707_223654_230735.csv,True,False,False,1751928396.9543343,2935202.7423381805
50329,1751925461.751829,1751927810.6457,batch_consumer-sts-0_20250707_223654_230735.csv,True,False,False,1751928396.9543343,2935202.505350113
50339,1751925461.7520616,1751927810.667556,batch_consumer-sts-0_20250707_223654_230735.csv,True,False,False,1751928396.9543343,2935202.2726535797
50349,1751925461.7522988,1751927810.6894474,batch_consumer-sts-0_20250707_223654_230735.csv,True,False,False,1751928396.9543343,2935202.0354270935
50359,1751925461.7525313,1751927810.710974,batch_consumer-sts-0_20250707_223654_230735.csv,True,False,False,1751928396.9543343,2935201.802968979
50369,1751925461.752766,1751927810.7325828,batch_consumer-sts-0_20250707_223654_230735.csv,True,False,False,1751928396.9543343,2935201.568365097
50379,1751925461.7529974,1751927810.7546556,batch_consumer-sts-0_20250707_223654_230735.csv,True,False,False,1751928396.9543343,2935201.3368606567
50389,1751925461.7532244,1751927810.7763767,batch_consumer-sts-0_20250707_223654_230735.csv,True,False,False,1751928396.9543343,2935201.1098861694
50399,1751925461.753463,1751927810.7980964,batch_consumer-sts-0_20250707_223654_230735.csv,True,False,False,1751928396.9543343,2935200.8712291718
50409,1751925461.7536943,1751927810.8191462,batch_consumer-sts-0_20250707_223654_230735.csv,True,False,False,1751928396.9543343,2935200.63996315
50419,1751925461.7539282,1751927810.840222,batch_consumer-sts-0_20250707_223654_230735.csv,True,False,False,1751928396.9543343,2935200.406074524
50429,1751925461.7541704,1751927810.8620615,batch_consumer-sts-0_20250707_223654_230735.csv,True,False,False,1751928396.9543343,2935200.1638412476
50439,1751925461.7544072,1751927810.883283,batch_consumer-sts-0_20250707_223654_230735.csv,True,False,False,1751928396.9543343,2935199.9270915985
50449,1751925461.754633,1751927810.9045312,batch_consumer-sts-0_20250707_223654_230735.csv,True,False,False,1751928396.9543343,2935199.701309204
50459,1751925461.7548623,1751927810.9267063,batch_consumer-sts-0_20250707_223654_230735.csv,True,False,False,1751928396.9543343,2935199.471950531
50469,1751925461.7550917,1751927810.9489577,batch_consumer-sts-0_20250707_223654_230735.csv,True,False,False,1751928396.9543343,2935199.242591858
52249,1751925461.7959013,1751927810.9713252,batch_consumer-sts-0_20250707_223654_230735.csv,True,False,False,1751928396.9543343,2935158.4329605103
52259,1751925461.796135,1751927810.9934115,batch_consumer-sts-0_20250707_223654_230735.csv,True,False,False,1751928396.9543343,2935158.1993103027
52269,1751925461.796367,1751927811.0147054,batch_consumer-sts-0_20250707_223654_230735.csv,True,False,False,1751928396.9543343,2935157.9673290253
52279,1751925461.7965949,1751927811.2136424,batch_consumer-sts-0_20250707_223654_230735.csv,True,False,False,1751928396.9543343,2935157.7394008636
52289,1751925461.7968163,1751927811.2360566,batch_consumer-sts-0_20250707_223654_230735.csv,True,False,False,1751928396.9543343,2935157.5179100037
52299,1751925461.7970452,1751927811.2580538,batch_consumer-sts-0_20250707_223654_230735.csv,True,False,False,1751928396.9543343,2935157.2890281677
52309,1751925461.7972715,1751927811.28428,batch_consumer-sts-0_20250707_223654_230735.csv,True,False,False,1751928396.9543343,2935157.062768936
52319,1751925461.7974992,1751927811.3060114,batch_consumer-sts-0_20250707_223654_230735.csv,True,False,False,1751928396.9543343,2935156.835079193
52329,1751925461.7977283,1751927811.3281834,batch_consumer-sts-0_20250707_223654_230735.csv,True,False,False,1751928396.9543343,2935156.6059589386
52339,1751925461.797962,1751927811.350411,batch_consumer-sts-0_20250707_223654_230735.csv,True,False,False,1751928396.9543343,2935156.372308731
52349,1751925461.7981973,1751927811.3731928,batch_consumer-sts-0_20250707_223654_230735.csv,True,False,False,1751928396.9543343,2935156.1369895935
52359,1751925461.798424,1751927811.3953772,batch_consumer-sts-0_20250707_223654_230735.csv,True,False,False,1751928396.9543343,2935155.910253525
52369,1751925461.7986565,1751927811.4169972,batch_consumer-sts-0_20250707_223654_230735.csv,True,False,False,1751928396.9543343,2935155.67779541
52379,1751925461.7988782,1751927811.4396284,batch_consumer-sts-0_20250707_223654_230735.csv,True,False,False,1751928396.9543343,2935155.4560661316
52389,1751925461.7991145,1751927811.478784,batch_consumer-sts-0_20250707_223654_230735.csv,True,False,False,1751928396.9543343,2935155.2197933197
52399,1751925461.799353,1751927811.500427,batch_consumer-sts-0_20250707_223654_230735.csv,True,False,False,1751928396.9543343,2935154.9813747406
52409,1751925461.799587,1751927811.5263257,batch_consumer-sts-0_20250707_223654_230735.csv,True,False,False,1751928396.9543343,2935154.747247696
52419,1751925461.799817,1751927811.548205,batch_consumer-sts-0_20250707_223654_230735.csv,True,False,False,1751928396.9543343,2935154.517173767
52429,1751925461.8000412,1751927811.569342,batch_consumer-sts-0_20250707_223654_230735.csv,True,False,False,1751928396.9543343,2935154.2930603027
52439,1751925461.800268,1751927811.591042,batch_consumer-sts-0_20250707_223654_230735.csv,True,False,False,1751928396.9543343,2935154.066324234
52449,1751925461.8004932,1751927811.6123457,batch_consumer-sts-0_20250707_223654_230735.csv,True,False,False,1751928396.9543343,2935153.8410186768
52459,1751925461.800721,1751927811.6341772,batch_consumer-sts-0_20250707_223654_230735.csv,True,False,False,1751928396.9543343,2935153.6133289337
52469,1751925461.800956,1751927811.656315,batch_consumer-sts-0_20250707_223654_230735.csv,True,False,False,1751928396.9543343,2935153.3782482147
52479,1751925461.8011837,1751927811.6783423,batch_consumer-sts-0_20250707_223654_230735.csv,True,False,False,1751928396.9543343,2935153.1505584717
52489,1751925461.801408,1751927811.6999073,batch_consumer-sts-0_20250707_223654_230735.csv,True,False,False,1751928396.9543343,2935152.9262065887
52499,1751925461.8016343,1751927811.7218754,batch_consumer-sts-0_20250707_223654_230735.csv,True,False,False,1751928396.9543343,2935152.699947357
52509,1751925461.8018634,1751927811.74465,batch_consumer-sts-0_20250707_223654_230735.csv,True,False,False,1751928396.9543343,2935152.4708271027
52519,1751925461.802094,1751927811.769388,batch_consumer-sts-0_20250707_223654_230735.csv,True,False,False,1751928396.9543343,2935152.2402763367
52529,1751925461.8023355,1751927812.1704855,batch_consumer-sts-0_20250707_223654_230735.csv,True,False,False,1751928396.9543343,2935151.998758316
52539,1751925461.8025637,1751927812.1941516,batch_consumer-sts-0_20250707_223654_230735.csv,True,False,False,1751928396.9543343,2935151.770591736
52549,1751925461.8027878,1751927812.215282,batch_consumer-sts-0_20250707_223654_230735.csv,True,False,False,1751928396.9543343,2935151.5464782715
52559,1751925461.803021,1751927812.23741,batch_consumer-sts-0_20250707_223654_230735.csv,True,False,False,1751928396.9543343,2935151.313304901
52569,1751925461.803251,1751927812.259321,batch_consumer-sts-0_20250707_223654_230735.csv,True,False,False,1751928396.9543343,2935151.0832309723
52579,1751925461.8034782,1751927812.281431,batch_consumer-sts-0_20250707_223654_230735.csv,True,False,False,1751928396.9543343,2935150.8560180664
52589,1751925461.8037045,1751927812.3033974,batch_consumer-sts-0_20250707_223654_230735.csv,True,False,False,1751928396.9543343,2935150.629758835
52599,1751925461.8039322,1751927812.324293,batch_consumer-sts-0_20250707_223654_230735.csv,True,False,False,1751928396.9543343,2935150.402069092
52609,1751925461.8041582,1751927812.3465335,batch_consumer-sts-0_20250707_223654_230735.csv,True,False,False,1751928396.9543343,2935150.176048279
52619,1751925461.804387,1751927812.368864,batch_consumer-sts-0_20250707_223654_230735.csv,True,False,False,1751928396.9543343,2935149.947166443
52629,1751925461.8046768,1751927812.391287,batch_consumer-sts-0_20250707_223654_230735.csv,True,False,False,1751928396.9543343,2935149.6574878693
52639,1751925461.8049088,1751927812.4130754,batch_consumer-sts-0_20250707_223654_230735.csv,True,False,False,1751928396.9543343,2935149.425506592
52649,1751925461.8051524,1751927812.4355474,batch_consumer-sts-0_20250707_223654_230735.csv,True,False,False,1751928396.9543343,2935149.181842804
52659,1751925461.80538,1751927812.4575126,batch_consumer-sts-0_20250707_223654_230735.csv,True,False,False,1751928396.9543343,2935148.954153061
52669,1751925461.805611,1751927812.4803193,batch_consumer-sts-0_20250707_223654_230735.csv,True,False,False,1751928396.9543343,2935148.7233638763
54859,1751925461.856413,1751927812.5027764,batch_consumer-sts-0_20250707_223654_230735.csv,True,False,False,1751928396.9543343,2935097.92137146
54869,1751925461.8566444,1751927812.5251725,batch_consumer-sts-0_20250707_223654_230735.csv,True,False,False,1751928396.9543343,2935097.6898670197
54879,1751925461.856876,1751927812.5474534,batch_consumer-sts-0_20250707_223654_230735.csv,True,False,False,1751928396.9543343,2935097.4583625793
54889,1751925461.8571007,1751927812.5701382,batch_consumer-sts-0_20250707_223654_230735.csv,True,False,False,1751928396.9543343,2935097.2335338593
54899,1751925461.857324,1751927812.592709,batch_consumer-sts-0_20250707_223654_230735.csv,True,False,False,1751928396.9543343,2935097.010374069
54909,1751925461.8575356,1751927812.6143312,batch_consumer-sts-0_20250707_223654_230735.csv,True,False,False,1751928396.9543343,2935096.798658371
54919,1751925461.8577185,1751927812.6362891,batch_consumer-sts-0_20250707_223654_230735.csv,True,False,False,1751928396.9543343,2935096.615791321
54929,1751925461.8579016,1751927812.6584923,batch_consumer-sts-0_20250707_223654_230735.csv,True,False,False,1751928396.9543343,2935096.432685852
54939,1751925461.8581018,1751927812.6804483,batch_consumer-sts-0_20250707_223654_230735.csv,True,False,False,1751928396.9543343,2935096.2324142456
54949,1751925461.8583522,1751927812.7025456,batch_consumer-sts-0_20250707_223654_230735.csv,True,False,False,1751928396.9543343,2935095.9820747375
54959,1751925461.858582,1751927812.7246284,batch_consumer-sts-0_20250707_223654_230735.csv,True,False,False,1751928396.9543343,2935095.7522392273
54969,1751925461.8588076,1751927812.7467766,batch_consumer-sts-0_20250707_223654_230735.csv,True,False,False,1751928396.9543343,2935095.5266952515
54979,1751925461.8590336,1751927812.7690794,batch_consumer-sts-0_20250707_223654_230735.csv,True,False,False,1751928396.9543343,2935095.3006744385
54989,1751925461.8592625,1751927812.7909994,batch_consumer-sts-0_20250707_223654_230735.csv,True,False,False,1751928396.9543343,2935095.0717926025
54999,1751925461.859503,1751927812.8123193,batch_consumer-sts-0_20250707_223654_230735.csv,True,False,False,1751928396.9543343,2935094.831228256
55009,1751925461.8596818,1751927812.8399453,batch_consumer-sts-0_20250707_223654_230735.csv,True,False,False,1751928396.9543343,2935094.652414322
55019,1751925461.859858,1751927812.8623996,batch_consumer-sts-0_20250707_223654_230735.csv,True,False,False,1751928396.9543343,2935094.476222992
55029,1751925461.8600338,1751927812.884704,batch_consumer-sts-0_20250707_223654_230735.csv,True,False,False,1751928396.9543343,2935094.300508499
55039,1751925461.8602133,1751927812.9062395,batch_consumer-sts-0_20250707_223654_230735.csv,True,False,False,1751928396.9543343,2935094.120979309
55049,1751925461.8603945,1751927812.928324,batch_consumer-sts-0_20250707_223654_230735.csv,True,False,False,1751928396.9543343,2935093.939781189
55059,1751925461.8605742,1751927812.9506316,batch_consumer-sts-0_20250707_223654_230735.csv,True,False,False,1751928396.9543343,2935093.7600135803
55069,1751925461.8607428,1751927812.9727647,batch_consumer-sts-0_20250707_223654_230735.csv,True,False,False,1751928396.9543343,2935093.591451645
55079,1751925461.8609254,1751927812.9951785,batch_consumer-sts-0_20250707_223654_230735.csv,True,False,False,1751928396.9543343,2935093.4088230133
55089,1751925461.8610995,1751927813.0163136,batch_consumer-sts-0_20250707_223654_230735.csv,True,False,False,1751928396.9543343,2935093.2347774506
55099,1751925461.8612745,1751927813.0386608,batch_consumer-sts-0_20250707_223654_230735.csv,True,False,False,1751928396.9543343,2935093.0597782135
55109,1751925461.8614497,1751927813.060516,batch_consumer-sts-0_20250707_223654_230735.csv,True,False,False,1751928396.9543343,2935092.884540558
55119,1751925461.8616235,1751927813.3635,batch_consumer-sts-0_20250707_223654_230735.csv,True,False,False,1751928396.9543343,2935092.7107334137
55129,1751925461.8617988,1751927813.3857667,batch_consumer-sts-0_20250707_223654_230735.csv,True,False,False,1751928396.9543343,2935092.535495758
55139,1751925461.8619795,1751927813.407497,batch_consumer-sts-0_20250707_223654_230735.csv,True,False,False,1751928396.9543343,2935092.354774475
55149,1751925461.862158,1751927813.4296637,batch_consumer-sts-0_20250707_223654_230735.csv,True,False,False,1751928396.9543343,2935092.1761989594
55159,1751925461.862394,1751927813.4521964,batch_consumer-sts-0_20250707_223654_230735.csv,True,False,False,1751928396.9543343,2935091.940164566
55169,1751925461.8626184,1751927813.4747438,batch_consumer-sts-0_20250707_223654_230735.csv,True,False,False,1751928396.9543343,2935091.715812683
55179,1751925461.862851,1751927813.4973843,batch_consumer-sts-0_20250707_223654_230735.csv,True,False,False,1751928396.9543343,2935091.4833545685
55189,1751925461.8630822,1751927813.5187163,batch_consumer-sts-0_20250707_223654_230735.csv,True,False,False,1751928396.9543343,2935091.2520885468
55199,1751925461.86331,1751927813.5411017,batch_consumer-sts-0_20250707_223654_230735.csv,True,False,False,1751928396.9543343,2935091.024160385
55209,1751925461.863539,1751927813.5634055,batch_consumer-sts-0_20250707_223654_230735.csv,True,False,False,1751928396.9543343,2935090.795278549
55219,1751925461.863765,1751927813.585991,batch_consumer-sts-0_20250707_223654_230735.csv,True,False,False,1751928396.9543343,2935090.569257736
55229,1751925461.8639915,1751927813.6077783,batch_consumer-sts-0_20250707_223654_230735.csv,True,False,False,1751928396.9543343,2935090.342760086
55239,1751925461.8642232,1751927813.6302297,batch_consumer-sts-0_20250707_223654_230735.csv,True,False,False,1751928396.9543343,2935090.111017227
55249,1751925461.8644493,1751927813.652526,batch_consumer-sts-0_20250707_223654_230735.csv,True,False,False,1751928396.9543343,2935089.884996414
55259,1751925461.8646832,1751927813.6742074,batch_consumer-sts-0_20250707_223654_230735.csv,True,False,False,1751928396.9543343,2935089.651107788
55269,1751925461.8649037,1751927813.6961286,batch_consumer-sts-0_20250707_223654_230735.csv,True,False,False,1751928396.9543343,2935089.4305706024
55279,1751925461.8651423,1751927813.7176013,batch_consumer-sts-0_20250707_223654_230735.csv,True,False,False,1751928396.9543343,2935089.1919136047
55289,1751925461.8653655,1751927813.7394838,batch_consumer-sts-0_20250707_223654_230735.csv,True,False,False,1751928396.9543343,2935088.9687538147
55299,1751925461.8655996,1751927813.7615352,batch_consumer-sts-0_20250707_223654_230735.csv,True,False,False,1751928396.9543343,2935088.73462677
55309,1751925461.8658266,1751927813.7838972,batch_consumer-sts-0_20250707_223654_230735.csv,True,False,False,1751928396.9543343,2935088.5076522827
55319,1751925461.8660493,1751927813.8062713,batch_consumer-sts-0_20250707_223654_230735.csv,True,False,False,1751928396.9543343,2935088.28496933
55329,1751925461.8662877,1751927813.8289073,batch_consumer-sts-0_20250707_223654_230735.csv,True,False,False,1751928396.9543343,2935088.0465507507
66529,1751925462.118887,1751927813.850985,batch_consumer-sts-0_20250707_223654_230735.csv,True,False,False,1751928396.9543343,2934835.4473114014
66539,1751925462.1191216,1751927813.873042,batch_consumer-sts-0_20250707_223654_230735.csv,True,False,False,1751928396.9543343,2934835.2127075195
66549,1751925462.119349,1751927813.8951883,batch_consumer-sts-0_20250707_223654_230735.csv,True,False,False,1751928396.9543343,2934834.985256195
66559,1751925462.1195724,1751927813.916499,batch_consumer-sts-0_20250707_223654_230735.csv,True,False,False,1751928396.9543343,2934834.7618579865
66569,1751925462.1198037,1751927813.9381857,batch_consumer-sts-0_20250707_223654_230735.csv,True,False,False,1751928396.9543343,2934834.5305919647
66579,1751925462.1200316,1751927813.9592078,batch_consumer-sts-0_20250707_223654_230735.csv,True,False,False,1751928396.9543343,2934834.302663803
66589,1751925462.120257,1751927813.9815342,batch_consumer-sts-0_20250707_223654_230735.csv,True,False,False,1751928396.9543343,2934834.077358246
66599,1751925462.120499,1751927814.003498,batch_consumer-sts-0_20250707_223654_230735.csv,True,False,False,1751928396.9543343,2934833.835363388
66609,1751925462.1207297,1751927814.025731,batch_consumer-sts-0_20250707_223654_230735.csv,True,False,False,1751928396.9543343,2934833.6045742035
66619,1751925462.1209602,1751927814.0483134,batch_consumer-sts-0_20250707_223654_230735.csv,True,False,False,1751928396.9543343,2934833.3740234375
66629,1751925462.12119,1751927814.0709293,batch_consumer-sts-0_20250707_223654_230735.csv,True,False,False,1751928396.9543343,2934833.1441879272
66639,1751925462.1214163,1751927814.0932631,batch_consumer-sts-0_20250707_223654_230735.csv,True,False,False,1751928396.9543343,2934832.9179286957
66649,1751925462.121641,1751927814.1148224,batch_consumer-sts-0_20250707_223654_230735.csv,True,False,False,1751928396.9543343,2934832.693338394
66659,1751925462.1218705,1751927814.1371872,batch_consumer-sts-0_20250707_223654_230735.csv,True,False,False,1751928396.9543343,2934832.4637413025
66669,1751925462.1220963,1751927814.15969,batch_consumer-sts-0_20250707_223654_230735.csv,True,False,False,1751928396.9543343,2934832.237958908
66679,1751925462.1223304,1751927814.1841044,batch_consumer-sts-0_20250707_223654_230735.csv,True,False,False,1751928396.9543343,2934832.0038318634
66689,1751925462.1225543,1751927814.2064807,batch_consumer-sts-0_20250707_223654_230735.csv,True,False,False,1751928396.9543343,2934831.7799568176
66699,1751925462.1227753,1751927815.4740913,batch_consumer-sts-0_20250707_223712_933445.csv,True,False,False,1751928396.9543343,2934831.558942795
66709,1751925462.1229985,1751927815.4957333,batch_consumer-sts-0_20250707_223712_933445.csv,True,False,False,1751928396.9543343,2934831.3357830048
66719,1751925462.123222,1751927815.5172682,batch_consumer-sts-0_20250707_223712_933445.csv,True,False,False,1751928396.9543343,2934831.1121463776
66729,1751925462.123452,1751927815.5394988,batch_consumer-sts-0_20250707_223712_933445.csv,True,False,False,1751928396.9543343,2934830.8823108673
66739,1751925462.1236851,1751927815.561863,batch_consumer-sts-0_20250707_223712_933445.csv,True,False,False,1751928396.9543343,2934830.649137497
66749,1751925462.1239092,1751927815.584431,batch_consumer-sts-0_20250707_223712_933445.csv,True,False,False,1751928396.9543343,2934830.4250240326
66759,1751925462.1241271,1751927815.6060772,batch_consumer-sts-0_20250707_223712_933445.csv,True,False,False,1751928396.9543343,2934830.2071094513
66769,1751925462.124351,1751927815.6279356,batch_consumer-sts-0_20250707_223712_933445.csv,True,False,False,1751928396.9543343,2934829.9832344055
66779,1751925462.1245737,1751927815.650169,batch_consumer-sts-0_20250707_223712_933445.csv,True,False,False,1751928396.9543343,2934829.7605514526
66789,1751925462.1247983,1751927815.6722093,batch_consumer-sts-0_20250707_223712_933445.csv,True,False,False,1751928396.9543343,2934829.535961151
66799,1751925462.125033,1751927815.6943064,batch_consumer-sts-0_20250707_223712_933445.csv,True,False,False,1751928396.9543343,2934829.3013572693
66809,1751925462.1252606,1751927815.7196908,batch_consumer-sts-0_20250707_223712_933445.csv,True,False,False,1751928396.9543343,2934829.0736675262
66819,1751925462.1254864,1751927815.754738,batch_consumer-sts-0_20250707_223712_933445.csv,True,False,False,1751928396.9543343,2934828.847885132
66829,1751925462.125704,1751927815.776784,batch_consumer-sts-0_20250707_223712_933445.csv,True,False,False,1751928396.9543343,2934828.630208969
66839,1751925462.1259282,1751927815.7987342,batch_consumer-sts-0_20250707_223712_933445.csv,True,False,False,1751928396.9543343,2934828.4060955048
66849,1751925462.1261623,1751927815.8209813,batch_consumer-sts-0_20250707_223712_933445.csv,True,False,False,1751928396.9543343,2934828.17196846
66859,1751925462.1263928,1751927815.8443167,batch_consumer-sts-0_20250707_223712_933445.csv,True,False,False,1751928396.9543343,2934827.941417694
66869,1751925462.1266198,1751927815.8669648,batch_consumer-sts-0_20250707_223712_933445.csv,True,False,False,1751928396.9543343,2934827.714443207
66879,1751925462.126841,1751927815.896716,batch_consumer-sts-0_20250707_223712_933445.csv,True,False,False,1751928396.9543343,2934827.4931907654
66889,1751925462.1270704,1751927815.918309,batch_consumer-sts-0_20250707_223712_933445.csv,True,False,False,1751928396.9543343,2934827.2638320923
66899,1751925462.1272967,1751927815.940832,batch_consumer-sts-0_20250707_223712_933445.csv,True,False,False,1751928396.9543343,2934827.0375728607
66909,1751925462.1275153,1751927815.9628758,batch_consumer-sts-0_20250707_223712_933445.csv,True,False,False,1751928396.9543343,2934826.8189430237
66919,1751925462.1277444,1751927815.9852643,batch_consumer-sts-0_20250707_223712_933445.csv,True,False,False,1751928396.9543343,2934826.589822769
66929,1751925462.1279714,1751927816.008982,batch_consumer-sts-0_20250707_223712_933445.csv,True,False,False,1751928396.9543343,2934826.362848282
66939,1751925462.128188,1751927816.031992,batch_consumer-sts-0_20250707_223712_933445.csv,True,False,False,1751928396.9543343,2934826.146364212
66949,1751925462.1284134,1751927816.0542483,batch_consumer-sts-0_20250707_223712_933445.csv,True,False,False,1751928396.9543343,2934825.920820236
66959,1751925462.1286392,1751927816.078143,batch_consumer-sts-0_20250707_223712_933445.csv,True,False,False,1751928396.9543343,2934825.695037842
66969,1751925462.1288643,1751927816.1005268,batch_consumer-sts-0_20250707_223712_933445.csv,True,False,False,1751928396.9543343,2934825.469970703
69229,1751925462.1796408,1751927816.1260188,batch_consumer-sts-0_20250707_223712_933445.csv,True,False,False,1751928396.9543343,2934774.6934890747
69239,1751925462.1798704,1751927816.3998349,batch_consumer-sts-0_20250707_223712_933445.csv,True,False,False,1751928396.9543343,2934774.463891983
69249,1751925462.180095,1751927816.4219718,batch_consumer-sts-0_20250707_223712_933445.csv,True,False,False,1751928396.9543343,2934774.2393016815
69259,1751925462.1803231,1751927816.444558,batch_consumer-sts-0_20250707_223712_933445.csv,True,False,False,1751928396.9543343,2934774.0111351013
69269,1751925462.180548,1751927816.4670272,batch_consumer-sts-0_20250707_223712_933445.csv,True,False,False,1751928396.9543343,2934773.786306381
69279,1751925462.1807747,1751927816.4894714,batch_consumer-sts-0_20250707_223712_933445.csv,True,False,False,1751928396.9543343,2934773.5595703125
69289,1751925462.1810029,1751927816.511511,batch_consumer-sts-0_20250707_223712_933445.csv,True,False,False,1751928396.9543343,2934773.3314037323
69299,1751925462.1812303,1751927816.5345187,batch_consumer-sts-0_20250707_223712_933445.csv,True,False,False,1751928396.9543343,2934773.103952408
69309,1751925462.181456,1751927816.5573213,batch_consumer-sts-0_20250707_223712_933445.csv,True,False,False,1751928396.9543343,2934772.8781700134
69319,1751925462.1816866,1751927816.5800755,batch_consumer-sts-0_20250707_223712_933445.csv,True,False,False,1751928396.9543343,2934772.6476192474
69329,1751925462.1819117,1751927816.6026063,batch_consumer-sts-0_20250707_223712_933445.csv,True,False,False,1751928396.9543343,2934772.4225521088
69339,1751925462.18213,1751927816.625481,batch_consumer-sts-0_20250707_223712_933445.csv,True,False,False,1751928396.9543343,2934772.2041606903
69349,1751925462.1823711,1751927816.6479182,batch_consumer-sts-0_20250707_223712_933445.csv,True,False,False,1751928396.9543343,2934771.963119507
69359,1751925462.182606,1751927816.6697412,batch_consumer-sts-0_20250707_223712_933445.csv,True,False,False,1751928396.9543343,2934771.7282772064
69369,1751925462.1828303,1751927816.6917615,batch_consumer-sts-0_20250707_223712_933445.csv,True,False,False,1751928396.9543343,2934771.5039253235
69379,1751925462.1830554,1751927816.7135713,batch_consumer-sts-0_20250707_223712_933445.csv,True,False,False,1751928396.9543343,2934771.278858185
69389,1751925462.1833138,1751927816.7354822,batch_consumer-sts-0_20250707_223712_933445.csv,True,False,False,1751928396.9543343,2934771.020412445
69399,1751925462.183538,1751927816.758028,batch_consumer-sts-0_20250707_223712_933445.csv,True,False,False,1751928396.9543343,2934770.7962989807
69409,1751925462.1837614,1751927816.7803316,batch_consumer-sts-0_20250707_223712_933445.csv,True,False,False,1751928396.9543343,2934770.572900772
69419,1751925462.1839955,1751927816.803325,batch_consumer-sts-0_20250707_223712_933445.csv,True,False,False,1751928396.9543343,2934770.3387737274
69429,1751925462.1842237,1751927816.8258405,batch_consumer-sts-0_20250707_223712_933445.csv,True,False,False,1751928396.9543343,2934770.110607147
69439,1751925462.1845448,1751927816.8486416,batch_consumer-sts-0_20250707_223712_933445.csv,True,False,False,1751928396.9543343,2934769.789457321
69449,1751925462.1848912,1751927816.8713543,batch_consumer-sts-0_20250707_223712_933445.csv,True,False,False,1751928396.9543343,2934769.4430351257
69459,1751925462.1852026,1751927816.8934147,batch_consumer-sts-0_20250707_223712_933445.csv,True,False,False,1751928396.9543343,2934769.1316604614
69469,1751925462.1854355,1751927817.2184536,batch_consumer-sts-0_20250707_223712_933445.csv,True,False,False,1751928396.9543343,2934768.8987255096
69479,1751925462.1856644,1751927817.2408311,batch_consumer-sts-0_20250707_223712_933445.csv,True,False,False,1751928396.9543343,2934768.6698436737
69489,1751925462.1858938,1751927817.2627766,batch_consumer-sts-0_20250707_223712_933445.csv,True,False,False,1751928396.9543343,2934768.4404850006
69499,1751925462.1861222,1751927817.284889,batch_consumer-sts-0_20250707_223712_933445.csv,True,False,False,1751928396.9543343,2934768.212080002
69509,1751925462.1863654,1751927817.3068311,batch_consumer-sts-0_20250707_223712_933445.csv,True,False,False,1751928396.9543343,2934767.968893051
69519,1751925462.1865954,1751927817.3292785,batch_consumer-sts-0_20250707_223712_933445.csv,True,False,False,1751928396.9543343,2934767.7388191223
69529,1751925462.1868114,1751927817.3517823,batch_consumer-sts-0_20250707_223712_933445.csv,True,False,False,1751928396.9543343,2934767.5228118896
69539,1751925462.1870422,1751927817.3743212,batch_consumer-sts-0_20250707_223712_933445.csv,True,False,False,1751928396.9543343,2934767.292022705
69549,1751925462.1872709,1751927817.396778,batch_consumer-sts-0_20250707_223712_933445.csv,True,False,False,1751928396.9543343,2934767.0633792877
69559,1751925462.1874998,1751927817.4184296,batch_consumer-sts-0_20250707_223712_933445.csv,True,False,False,1751928396.9543343,2934766.834497452
69569,1751925462.1877272,1751927817.4406986,batch_consumer-sts-0_20250707_223712_933445.csv,True,False,False,1751928396.9543343,2934766.6070461273
69579,1751925462.1879516,1751927817.4628155,batch_consumer-sts-0_20250707_223712_933445.csv,True,False,False,1751928396.9543343,2934766.3826942444
69589,1751925462.1881812,1751927817.4853384,batch_consumer-sts-0_20250707_223712_933445.csv,True,False,False,1751928396.9543343,2934766.1530971527
69599,1751925462.188413,1751927817.5081706,batch_consumer-sts-0_20250707_223712_933445.csv,True,False,False,1751928396.9543343,2934765.921354294
69609,1751925462.1886475,1751927817.530717,batch_consumer-sts-0_20250707_223712_933445.csv,True,False,False,1751928396.9543343,2934765.686750412
69619,1751925462.1888735,1751927817.5530531,batch_consumer-sts-0_20250707_223712_933445.csv,True,False,False,1751928396.9543343,2934765.460729599
69629,1751925462.189103,1751927817.5751436,batch_consumer-sts-0_20250707_223712_933445.csv,True,False,False,1751928396.9543343,2934765.231370926
69639,1751925462.1893313,1751927817.597692,batch_consumer-sts-0_20250707_223712_933445.csv,True,False,False,1751928396.9543343,2934765.002965927
69649,1751925462.1895597,1751927817.6193862,batch_consumer-sts-0_20250707_223712_933445.csv,True,False,False,1751928396.9543343,2934764.7745609283
70539,1751925462.2099776,1751927817.641461,batch_consumer-sts-0_20250707_223712_933445.csv,True,False,False,1751928396.9543343,2934744.3566322327
70549,1751925462.210219,1751927817.6647403,batch_consumer-sts-0_20250707_223712_933445.csv,True,False,False,1751928396.9543343,2934744.1153526306
70559,1751925462.210447,1751927817.687048,batch_consumer-sts-0_20250707_223712_933445.csv,True,False,False,1751928396.9543343,2934743.8871860504
70569,1751925462.2106743,1751927817.7089982,batch_consumer-sts-0_20250707_223712_933445.csv,True,False,False,1751928396.9543343,2934743.6599731445
70579,1751925462.2109,1751927817.7309384,batch_consumer-sts-0_20250707_223712_933445.csv,True,False,False,1751928396.9543343,2934743.43419075
70589,1751925462.2111242,1751927817.7527373,batch_consumer-sts-0_20250707_223712_933445.csv,True,False,False,1751928396.9543343,2934743.2100772858
70599,1751925462.211373,1751927817.7746396,batch_consumer-sts-0_20250707_223712_933445.csv,True,False,False,1751928396.9543343,2934742.961168289
70609,1751925462.211565,1751927817.796939,batch_consumer-sts-0_20250707_223712_933445.csv,True,False,False,1751928396.9543343,2934742.769241333
70619,1751925462.2117405,1751927817.8185694,batch_consumer-sts-0_20250707_223712_933445.csv,True,False,False,1751928396.9543343,2934742.593765259
70629,1751925462.211925,1751927817.8407345,batch_consumer-sts-0_20250707_223712_933445.csv,True,False,False,1751928396.9543343,2934742.4092292786
70639,1751925462.2121005,1751927817.8632383,batch_consumer-sts-0_20250707_223712_933445.csv,True,False,False,1751928396.9543343,2934742.2337532043
70649,1751925462.2122765,1751927817.8840802,batch_consumer-sts-0_20250707_223712_933445.csv,True,False,False,1751928396.9543343,2934742.057800293
70659,1751925462.212448,1751927817.906048,batch_consumer-sts-0_20250707_223712_933445.csv,True,False,False,1751928396.9543343,2934741.8863773346
70669,1751925462.2126224,1751927817.9283044,batch_consumer-sts-0_20250707_223712_933445.csv,True,False,False,1751928396.9543343,2934741.7118549347
70679,1751925462.2127964,1751927817.950352,batch_consumer-sts-0_20250707_223712_933445.csv,True,False,False,1751928396.9543343,2934741.537809372
70689,1751925462.2129762,1751927817.9726012,batch_consumer-sts-0_20250707_223712_933445.csv,True,False,False,1751928396.9543343,2934741.3580417633
70699,1751925462.213153,1751927817.994735,batch_consumer-sts-0_20250707_223712_933445.csv,True,False,False,1751928396.9543343,2934741.181373596
70709,1751925462.2133343,1751927818.0157216,batch_consumer-sts-0_20250707_223712_933445.csv,True,False,False,1751928396.9543343,2934740.9999370575
70719,1751925462.213513,1751927818.038052,batch_consumer-sts-0_20250707_223712_933445.csv,True,False,False,1751928396.9543343,2934740.8213615417
70729,1751925462.2136953,1751927818.0623074,batch_consumer-sts-0_20250707_223712_933445.csv,True,False,False,1751928396.9543343,2934740.6389713287
70739,1751925462.213875,1751927818.0833166,batch_consumer-sts-0_20250707_223712_933445.csv,True,False,False,1751928396.9543343,2934740.45920372
70749,1751925462.2140546,1751927818.1038754,batch_consumer-sts-0_20250707_223712_933445.csv,True,False,False,1751928396.9543343,2934740.27967453
70759,1751925462.2142758,1751927818.1253316,batch_consumer-sts-0_20250707_223712_933445.csv,True,False,False,1751928396.9543343,2934740.0584220886
70769,1751925462.214502,1751927818.1475112,batch_consumer-sts-0_20250707_223712_933445.csv,True,False,False,1751928396.9543343,2934739.832162857
70779,1751925462.2147477,1751927818.1694732,batch_consumer-sts-0_20250707_223712_933445.csv,True,False,False,1751928396.9543343,2934739.5865917206
70789,1751925462.214974,1751927818.436924,batch_consumer-sts-0_20250707_223712_933445.csv,True,False,False,1751928396.9543343,2934739.360332489
70799,1751925462.215204,1751927818.4592755,batch_consumer-sts-0_20250707_223712_933445.csv,True,False,False,1751928396.9543343,2934739.13025856
70809,1751925462.2154489,1751927818.4817328,batch_consumer-sts-0_20250707_223712_933445.csv,True,False,False,1751928396.9543343,2934738.8854026794
70819,1751925462.2156658,1751927818.5056057,batch_consumer-sts-0_20250707_223712_933445.csv,True,False,False,1751928396.9543343,2934738.6684417725
70829,1751925462.2159016,1751927818.528028,batch_consumer-sts-0_20250707_223712_933445.csv,True,False,False,1751928396.9543343,2934738.4326457977
70839,1751925462.216127,1751927818.5502813,batch_consumer-sts-0_20250707_223712_933445.csv,True,False,False,1751928396.9543343,2934738.2073402405
70849,1751925462.2163494,1751927818.572555,batch_consumer-sts-0_20250707_223712_933445.csv,True,False,False,1751928396.9543343,2934737.984895706
70859,1751925462.2165804,1751927818.5949962,batch_consumer-sts-0_20250707_223712_933445.csv,True,False,False,1751928396.9543343,2934737.753868103
70869,1751925462.216805,1751927818.6164944,batch_consumer-sts-0_20250707_223712_933445.csv,True,False,False,1751928396.9543343,2934737.5292778015
70879,1751925462.2170389,1751927818.6389573,batch_consumer-sts-0_20250707_223712_933445.csv,True,False,False,1751928396.9543343,2934737.2953891754
70889,1751925462.2172608,1751927818.6608713,batch_consumer-sts-0_20250707_223712_933445.csv,True,False,False,1751928396.9543343,2934737.0734214783
70899,1751925462.217485,1751927818.6828797,batch_consumer-sts-0_20250707_223712_933445.csv,True,False,False,1751928396.9543343,2934736.849308014
70909,1751925462.2177088,1751927818.704183,batch_consumer-sts-0_20250707_223712_933445.csv,True,False,False,1751928396.9543343,2934736.625432968
70919,1751925462.217937,1751927818.725722,batch_consumer-sts-0_20250707_223712_933445.csv,True,False,False,1751928396.9543343,2934736.397266388
70929,1751925462.218168,1751927818.7473342,batch_consumer-sts-0_20250707_223712_933445.csv,True,False,False,1751928396.9543343,2934736.166238785
70939,1751925462.218402,1751927818.769158,batch_consumer-sts-0_20250707_223712_933445.csv,True,False,False,1751928396.9543343,2934735.9323501587
70949,1751925462.2186315,1751927818.7910874,batch_consumer-sts-0_20250707_223712_933445.csv,True,False,False,1751928396.9543343,2934735.702753067
70959,1751925462.2188642,1751927818.81251,batch_consumer-sts-0_20250707_223712_933445.csv,True,False,False,1751928396.9543343,2934735.470056534
70969,1751925462.2190895,1751927818.8346562,batch_consumer-sts-0_20250707_223712_933445.csv,True,False,False,1751928396.9543343,2934735.2447509766
70979,1751925462.219315,1751927818.8566985,batch_consumer-sts-0_20250707_223712_933445.csv,True,False,False,1751928396.9543343,2934735.0192070007
70989,1751925462.2195482,1751927818.878549,batch_consumer-sts-0_20250707_223712_933445.csv,True,False,False,1751928396.9543343,2934734.7860336304
70999,1751925462.2197766,1751927818.9007115,batch_consumer-sts-0_20250707_223712_933445.csv,True,False,False,1751928396.9543343,2934734.5576286316
73539,1751925462.2806842,1751927818.923756,batch_consumer-sts-0_20250707_223712_933445.csv,True,False,False,1751928396.9543343,2934673.6500263214
73549,1751925462.2809322,1751927818.9454334,batch_consumer-sts-0_20250707_223712_933445.csv,True,False,False,1751928396.9543343,2934673.402070999
73559,1751925462.2811987,1751927818.9678135,batch_consumer-sts-0_20250707_223712_933445.csv,True,False,False,1751928396.9543343,2934673.1355190277
73569,1751925462.2814372,1751927818.99,batch_consumer-sts-0_20250707_223712_933445.csv,True,False,False,1751928396.9543343,2934672.8971004486
73579,1751925462.2816803,1751927819.0120063,batch_consumer-sts-0_20250707_223712_933445.csv,True,False,False,1751928396.9543343,2934672.653913498
73589,1751925462.281921,1751927819.0346785,batch_consumer-sts-0_20250707_223712_933445.csv,True,False,False,1751928396.9543343,2934672.4133491516
73599,1751925462.2821674,1751927819.0570042,batch_consumer-sts-0_20250707_223712_933445.csv,True,False,False,1751928396.9543343,2934672.166824341
73609,1751925462.2824063,1751927819.0795555,batch_consumer-sts-0_20250707_223712_933445.csv,True,False,False,1751928396.9543343,2934671.9279289246
73619,1751925462.2826514,1751927819.1024308,batch_consumer-sts-0_20250707_223712_933445.csv,True,False,False,1751928396.9543343,2934671.6828346252
73629,1751925462.282895,1751927819.132979,batch_consumer-sts-0_20250707_223712_933445.csv,True,False,False,1751928396.9543343,2934671.4391708374
73639,1751925462.2831442,1751927819.1552794,batch_consumer-sts-0_20250707_223712_933445.csv,True,False,False,1751928396.9543343,2934671.1900234222
73649,1751925462.2833793,1751927819.1782131,batch_consumer-sts-0_20250707_223712_933445.csv,True,False,False,1751928396.9543343,2934670.9549427032
73659,1751925462.2836237,1751927819.2005975,batch_consumer-sts-0_20250707_223712_933445.csv,True,False,False,1751928396.9543343,2934670.7105636597
73669,1751925462.2838657,1751927819.2218416,batch_consumer-sts-0_20250707_223712_933445.csv,True,False,False,1751928396.9543343,2934670.468568802
73679,1751925462.2841165,1751927819.2438204,batch_consumer-sts-0_20250707_223712_933445.csv,True,False,False,1751928396.9543343,2934670.2177524567
73689,1751925462.2843623,1751927819.2656798,batch_consumer-sts-0_20250707_223712_933445.csv,True,False,False,1751928396.9543343,2934669.9719429016
73699,1751925462.2846005,1751927819.2887192,batch_consumer-sts-0_20250707_223712_933445.csv,True,False,False,1751928396.9543343,2934669.733762741
73709,1751925462.2848415,1751927819.3127942,batch_consumer-sts-0_20250707_223712_933445.csv,True,False,False,1751928396.9543343,2934669.4927215576
73719,1751925462.2850864,1751927819.335021,batch_consumer-sts-0_20250707_223712_933445.csv,True,False,False,1751928396.9543343,2934669.247865677
73729,1751925462.2853513,1751927819.3584497,batch_consumer-sts-0_20250707_223712_933445.csv,True,False,False,1751928396.9543343,2934668.9829826355
73739,1751925462.285596,1751927819.3803906,batch_consumer-sts-0_20250707_223712_933445.csv,True,False,False,1751928396.9543343,2934668.7383651733
73749,1751925462.2858453,1751927819.4011436,batch_consumer-sts-0_20250707_223712_933445.csv,True,False,False,1751928396.9543343,2934668.4889793396
73759,1751925462.2860854,1751927819.428386,batch_consumer-sts-0_20250707_223712_933445.csv,True,False,False,1751928396.9543343,2934668.2488918304
73769,1751925462.286331,1751927819.450458,batch_consumer-sts-0_20250707_223712_933445.csv,True,False,False,1751928396.9543343,2934668.003320694
73779,1751925462.2865827,1751927819.4731424,batch_consumer-sts-0_20250707_223712_933445.csv,True,False,False,1751928396.9543343,2934667.7515506744
73789,1751925462.2868278,1751927819.494678,batch_consumer-sts-0_20250707_223712_933445.csv,True,False,False,1751928396.9543343,2934667.506456375
73799,1751925462.2870767,1751927819.5160418,batch_consumer-sts-0_20250707_223712_933445.csv,True,False,False,1751928396.9543343,2934667.2575473785
73809,1751925462.28732,1751927819.5378726,batch_consumer-sts-0_20250707_223712_933445.csv,True,False,False,1751928396.9543343,2934667.014360428
73819,1751925462.287563,1751927819.560034,batch_consumer-sts-0_20250707_223712_933445.csv,True,False,False,1751928396.9543343,2934666.771173477
73829,1751925462.2878046,1751927819.5818026,batch_consumer-sts-0_20250707_223712_933445.csv,True,False,False,1751928396.9543343,2934666.5296554565
73839,1751925462.2880535,1751927819.6035686,batch_consumer-sts-0_20250707_223712_933445.csv,True,False,False,1751928396.9543343,2934666.28074646
73849,1751925462.2882931,1751927819.6251605,batch_consumer-sts-0_20250707_223712_933445.csv,True,False,False,1751928396.9543343,2934666.041135788
73859,1751925462.2885325,1751927819.646968,batch_consumer-sts-0_20250707_223712_933445.csv,True,False,False,1751928396.9543343,2934665.8017635345
73869,1751925462.288766,1751927819.6690247,batch_consumer-sts-0_20250707_223712_933445.csv,True,False,False,1751928396.9543343,2934665.5683517456
73879,1751925462.2889595,1751927819.6921558,batch_consumer-sts-0_20250707_223712_933445.csv,True,False,False,1751928396.9543343,2934665.3747558594
73889,1751925462.2891462,1751927819.7138803,batch_consumer-sts-0_20250707_223712_933445.csv,True,False,False,1751928396.9543343,2934665.188074112
73899,1751925462.289363,1751927819.7355905,batch_consumer-sts-0_20250707_223712_933445.csv,True,False,False,1751928396.9543343,2934664.9713516235
73909,1751925462.2895634,1751927819.7572129,batch_consumer-sts-0_20250707_223712_933445.csv,True,False,False,1751928396.9543343,2934664.7708415985
73919,1751925462.2897615,1751927819.7791028,batch_consumer-sts-0_20250707_223712_933445.csv,True,False,False,1751928396.9543343,2934664.5727157593
73929,1751925462.289959,1751927819.8010592,batch_consumer-sts-0_20250707_223712_933445.csv,True,False,False,1751928396.9543343,2934664.375305176
73939,1751925462.2901692,1751927819.8237865,batch_consumer-sts-0_20250707_223712_933445.csv,True,False,False,1751928396.9543343,2934664.165019989
73949,1751925462.2904274,1751927819.8457325,batch_consumer-sts-0_20250707_223712_933445.csv,True,False,False,1751928396.9543343,2934663.906812668
73959,1751925462.2906697,1751927820.8699164,batch_consumer-sts-0_20250707_223712_933445.csv,True,False,False,1751928396.9543343,2934663.6645793915
76039,1751925462.34157,1751927820.8919845,batch_consumer-sts-0_20250707_223712_933445.csv,True,False,False,1751928396.9543343,2934612.7643585205
76049,1751925462.341821,1751927820.9134102,batch_consumer-sts-0_20250707_223712_933445.csv,True,False,False,1751928396.9543343,2934612.5133037567
76059,1751925462.342065,1751927820.935764,batch_consumer-sts-0_20250707_223712_933445.csv,True,False,False,1751928396.9543343,2934612.2691631317
76069,1751925462.3423302,1751927820.958279,batch_consumer-sts-0_20250707_223712_933445.csv,True,False,False,1751928396.9543343,2934612.0040416718
76079,1751925462.342577,1751927820.9805975,batch_consumer-sts-0_20250707_223712_933445.csv,True,False,False,1751928396.9543343,2934611.7572784424
76089,1751925462.342825,1751927821.0021615,batch_consumer-sts-0_20250707_223712_933445.csv,True,False,False,1751928396.9543343,2934611.50932312
76099,1751925462.3430674,1751927821.0238357,batch_consumer-sts-0_20250707_223712_933445.csv,True,False,False,1751928396.9543343,2934611.266851425
76109,1751925462.3433151,1751927821.0457835,batch_consumer-sts-0_20250707_223712_933445.csv,True,False,False,1751928396.9543343,2934611.0191345215
76119,1751925462.343551,1751927821.0677004,batch_consumer-sts-0_20250707_223712_933445.csv,True,False,False,1751928396.9543343,2934610.7833385468
76129,1751925462.3437974,1751927821.0894067,batch_consumer-sts-0_20250707_223712_933445.csv,True,False,False,1751928396.9543343,2934610.536813736
76139,1751925462.3440382,1751927821.1105566,batch_consumer-sts-0_20250707_223712_933445.csv,True,False,False,1751928396.9543343,2934610.296010971
76149,1751925462.34428,1751927821.132651,batch_consumer-sts-0_20250707_223712_933445.csv,True,False,False,1751928396.9543343,2934610.054254532
76159,1751925462.3445272,1751927821.1546493,batch_consumer-sts-0_20250707_223712_933445.csv,True,False,False,1751928396.9543343,2934609.8070144653
76169,1751925462.344775,1751927821.176989,batch_consumer-sts-0_20250707_223712_933445.csv,True,False,False,1751928396.9543343,2934609.5592975616
76179,1751925462.3450158,1751927821.1995227,batch_consumer-sts-0_20250707_223712_933445.csv,True,False,False,1751928396.9543343,2934609.3184947968
76189,1751925462.3452604,1751927821.2217674,batch_consumer-sts-0_20250707_223712_933445.csv,True,False,False,1751928396.9543343,2934609.0738773346
76199,1751925462.3455002,1751927821.2442734,batch_consumer-sts-0_20250707_223712_933445.csv,True,False,False,1751928396.9543343,2934608.834028244
76209,1751925462.345759,1751927821.6512368,batch_consumer-sts-0_20250707_223712_933445.csv,True,False,False,1751928396.9543343,2934608.5753440857
76219,1751925462.3459864,1751927821.6735868,batch_consumer-sts-0_20250707_223712_933445.csv,True,False,False,1751928396.9543343,2934608.347892761
76229,1751925462.3462114,1751927821.6958618,batch_consumer-sts-0_20250707_223712_933445.csv,True,False,False,1751928396.9543343,2934608.1228256226
76239,1751925462.3464627,1751927821.7174425,batch_consumer-sts-0_20250707_223712_933445.csv,True,False,False,1751928396.9543343,2934607.87153244
76249,1751925462.3467047,1751927821.7399702,batch_consumer-sts-0_20250707_223712_933445.csv,True,False,False,1751928396.9543343,2934607.6295375824
76259,1751925462.3469417,1751927821.7623248,batch_consumer-sts-0_20250707_223712_933445.csv,True,False,False,1751928396.9543343,2934607.392549515
76269,1751925462.3471863,1751927821.7848885,batch_consumer-sts-0_20250707_223712_933445.csv,True,False,False,1751928396.9543343,2934607.1479320526
76279,1751925462.3474336,1751927821.807077,batch_consumer-sts-0_20250707_223712_933445.csv,True,False,False,1751928396.9543343,2934606.900691986
76289,1751925462.3476322,1751927821.8289702,batch_consumer-sts-0_20250707_223712_933445.csv,True,False,False,1751928396.9543343,2934606.7020893097
76299,1751925462.3478658,1751927821.8511963,batch_consumer-sts-0_20250707_223712_933445.csv,True,False,False,1751928396.9543343,2934606.468439102
76309,1751925462.3480847,1751927821.872268,batch_consumer-sts-0_20250707_223712_933445.csv,True,False,False,1751928396.9543343,2934606.2495708466
76319,1751925462.348283,1751927821.8935614,batch_consumer-sts-0_20250707_223712_933445.csv,True,False,False,1751928396.9543343,2934606.0512065887
76329,1751925462.3484883,1751927821.9149425,batch_consumer-sts-0_20250707_223712_933445.csv,True,False,False,1751928396.9543343,2934605.845928192
76339,1751925462.3486822,1751927821.941425,batch_consumer-sts-0_20250707_223712_933445.csv,True,False,False,1751928396.9543343,2934605.6520938873
76349,1751925462.348905,1751927821.964259,batch_consumer-sts-0_20250707_223712_933445.csv,True,False,False,1751928396.9543343,2934605.429172516
76359,1751925462.349105,1751927821.985401,batch_consumer-sts-0_20250707_223712_933445.csv,True,False,False,1751928396.9543343,2934605.2293777466
76369,1751925462.3493118,1751927822.0072265,batch_consumer-sts-0_20250707_223712_933445.csv,True,False,False,1751928396.9543343,2934605.02243042
76379,1751925462.349512,1751927822.029507,batch_consumer-sts-0_20250707_223712_933445.csv,True,False,False,1751928396.9543343,2934604.8221588135
76389,1751925462.3497157,1751927822.2063458,batch_consumer-sts-0_20250707_223712_933445.csv,True,False,False,1751928396.9543343,2934604.618549347
76399,1751925462.3499262,1751927822.2286327,batch_consumer-sts-0_20250707_223712_933445.csv,True,False,False,1751928396.9543343,2934604.4080257416
76409,1751925462.3501265,1751927822.251654,batch_consumer-sts-0_20250707_223712_933445.csv,True,False,False,1751928396.9543343,2934604.207754135
76419,1751925462.350389,1751927822.2746303,batch_consumer-sts-0_20250707_223712_933445.csv,True,False,False,1751928396.9543343,2934603.9452552795
76429,1751925462.350629,1751927822.297109,batch_consumer-sts-0_20250707_223712_933445.csv,True,False,False,1751928396.9543343,2934603.7051677704
76439,1751925462.350865,1751927822.3183873,batch_consumer-sts-0_20250707_223712_933445.csv,True,False,False,1751928396.9543343,2934603.4693717957
76449,1751925462.3510995,1751927822.3421776,batch_consumer-sts-0_20250707_223712_933445.csv,True,False,False,1751928396.9543343,2934603.234767914
76459,1751925462.351343,1751927822.364653,batch_consumer-sts-0_20250707_223712_933445.csv,True,False,False,1751928396.9543343,2934602.9913425446
76469,1751925462.3515832,1751927822.3873298,batch_consumer-sts-0_20250707_223712_933445.csv,True,False,False,1751928396.9543343,2934602.751016617
76479,1751925462.351822,1751927822.409485,batch_consumer-sts-0_20250707_223712_933445.csv,True,False,False,1751928396.9543343,2934602.512359619
76489,1751925462.3520665,1751927822.432715,batch_consumer-sts-0_20250707_223712_933445.csv,True,False,False,1751928396.9543343,2934602.267742157
76499,1751925462.3523047,1751927822.4554029,batch_consumer-sts-0_20250707_223712_933445.csv,True,False,False,1751928396.9543343,2934602.0295619965
76509,1751925462.352544,1751927822.4782114,batch_consumer-sts-0_20250707_223712_933445.csv,True,False,False,1751928396.9543343,2934601.790189743
76519,1751925462.352781,1751927822.5006592,batch_consumer-sts-0_20250707_223712_933445.csv,True,False,False,1751928396.9543343,2934601.5532016754
76529,1751925462.3530283,1751927822.5284083,batch_consumer-sts-0_20250707_223712_933445.csv,True,False,False,1751928396.9543343,2934601.305961609
76539,1751925462.3532903,1751927822.550729,batch_consumer-sts-0_20250707_223712_933445.csv,True,False,False,1751928396.9543343,2934601.0439395905
76549,1751925462.3535366,1751927822.5725582,batch_consumer-sts-0_20250707_223712_933445.csv,True,False,False,1751928396.9543343,2934600.7976531982
76559,1751925462.3537817,1751927822.5944707,batch_consumer-sts-0_20250707_223712_933445.csv,True,False,False,1751928396.9543343,2934600.552558899
76569,1751925462.3540246,1751927822.6158185,batch_consumer-sts-0_20250707_223712_933445.csv,True,False,False,1751928396.9543343,2934600.309610367
76579,1751925462.354269,1751927822.637878,batch_consumer-sts-0_20250707_223712_933445.csv,True,False,False,1751928396.9543343,2934600.0652313232
76589,1751925462.3545115,1751927822.6597087,batch_consumer-sts-0_20250707_223712_933445.csv,True,False,False,1751928396.9543343,2934599.8227596283
76599,1751925462.3547533,1751927822.682376,batch_consumer-sts-0_20250707_223712_933445.csv,True,False,False,1751928396.9543343,2934599.581003189
76609,1751925462.3549917,1751927822.7039292,batch_consumer-sts-0_20250707_223712_933445.csv,True,False,False,1751928396.9543343,2934599.34258461
76619,1751925462.355235,1751927822.7257662,batch_consumer-sts-0_20250707_223712_933445.csv,True,False,False,1751928396.9543343,2934599.0991592407
76629,1751925462.3554797,1751927822.7482,batch_consumer-sts-0_20250707_223712_933445.csv,True,False,False,1751928396.9543343,2934598.8545417786
76639,1751925462.3557196,1751927822.770239,batch_consumer-sts-0_20250707_223712_933445.csv,True,False,False,1751928396.9543343,2934598.614692688
76649,1751925462.355954,1751927822.7926855,batch_consumer-sts-0_20250707_223712_933445.csv,True,False,False,1751928396.9543343,2934598.3803272247
76659,1751925462.3561969,1751927822.8138375,batch_consumer-sts-0_20250707_223712_933445.csv,True,False,False,1751928396.9543343,2934598.1373786926
76669,1751925462.3564303,1751927822.8356185,batch_consumer-sts-0_20250707_223712_933445.csv,True,False,False,1751928396.9543343,2934597.9039669037
76679,1751925462.356669,1751927822.8578515,batch_consumer-sts-0_20250707_223712_933445.csv,True,False,False,1751928396.9543343,2934597.665309906
76689,1751925462.3569047,1751927822.8802686,batch_consumer-sts-0_20250707_223712_933445.csv,True,False,False,1751928396.9543343,2934597.4295139313
76699,1751925462.3571448,1751927822.9025905,batch_consumer-sts-0_20250707_223712_933445.csv,True,False,False,1751928396.9543343,2934597.189426422
76709,1751925462.357389,1751927822.924909,batch_consumer-sts-0_20250707_223712_933445.csv,True,False,False,1751928396.9543343,2934596.945285797
76719,1751925462.3576262,1751927822.9472127,batch_consumer-sts-0_20250707_223712_933445.csv,True,False,False,1751928396.9543343,2934596.708059311
76729,1751925462.3578684,1751927822.970173,batch_consumer-sts-0_20250707_223712_933445.csv,True,False,False,1751928396.9543343,2934596.4658260345
76739,1751925462.358106,1751927822.9920945,batch_consumer-sts-0_20250707_223712_933445.csv,True,False,False,1751928396.9543343,2934596.2283611298
76749,1751925462.3583589,1751927823.0137012,batch_consumer-sts-0_20250707_223712_933445.csv,True,False,False,1751928396.9543343,2934595.9753990173
76759,1751925462.3585954,1751927823.0361788,batch_consumer-sts-0_20250707_223712_933445.csv,True,False,False,1751928396.9543343,2934595.738887787
76769,1751925462.3588405,1751927823.0630813,batch_consumer-sts-0_20250707_223712_933445.csv,True,False,False,1751928396.9543343,2934595.4937934875
76779,1751925462.3590856,1751927823.085903,batch_consumer-sts-0_20250707_223712_933445.csv,True,False,False,1751928396.9543343,2934595.248699188
76789,1751925462.359326,1751927823.1075175,batch_consumer-sts-0_20250707_223712_933445.csv,True,False,False,1751928396.9543343,2934595.0083732605
76799,1751925462.359565,1751927823.1297245,batch_consumer-sts-0_20250707_223712_933445.csv,True,False,False,1751928396.9543343,2934594.7692394257
76809,1751925462.359818,1751927823.1521986,batch_consumer-sts-0_20250707_223712_933445.csv,True,False,False,1751928396.9543343,2934594.516277313
76819,1751925462.3600605,1751927823.175578,batch_consumer-sts-0_20250707_223712_933445.csv,True,False,False,1751928396.9543343,2934594.2738056183
76829,1751925462.3602972,1751927823.1982367,batch_consumer-sts-0_20250707_223712_933445.csv,True,False,False,1751928396.9543343,2934594.0370559692
76839,1751925462.360536,1751927823.2193828,batch_consumer-sts-0_20250707_223712_933445.csv,True,False,False,1751928396.9543343,2934593.798160553
76849,1751925462.360775,1751927823.2416975,batch_consumer-sts-0_20250707_223712_933445.csv,True,False,False,1751928396.9543343,2934593.5592651367
76859,1751925462.3610158,1751927823.2639277,batch_consumer-sts-0_20250707_223712_933445.csv,True,False,False,1751928396.9543343,2934593.318462372
76869,1751925462.3612552,1751927823.2863004,batch_consumer-sts-0_20250707_223712_933445.csv,True,False,False,1751928396.9543343,2934593.0790901184
76879,1751925462.3614974,1751927823.3082857,batch_consumer-sts-0_20250707_223712_933445.csv,True,False,False,1751928396.9543343,2934592.836856842
100289,1751925464.5931146,1751927823.4525917,batch_consumer-sts-0_20250707_223712_933445.csv,True,False,False,1751928396.9543343,2932361.2196445465
100299,1751925464.5933666,1751927823.474758,batch_consumer-sts-0_20250707_223712_933445.csv,True,False,False,1751928396.9543343,2932360.9676361084
100309,1751925464.5936048,1751927823.49687,batch_consumer-sts-0_20250707_223712_933445.csv,True,False,False,1751928396.9543343,2932360.729455948
100319,1751925464.5938334,1751927823.5181077,batch_consumer-sts-0_20250707_223712_933445.csv,True,False,False,1751928396.9543343,2932360.5008125305
100329,1751925464.5940597,1751927823.5402632,batch_consumer-sts-0_20250707_223712_933445.csv,True,False,False,1751928396.9543343,2932360.274553299
100339,1751925464.594318,1751927823.5621483,batch_consumer-sts-0_20250707_223712_933445.csv,True,False,False,1751928396.9543343,2932360.016345978
101219,1751925467.4627478,1751927823.583912,batch_consumer-sts-0_20250707_223712_933445.csv,True,False,False,1751928396.9543343,2929491.586446762
101229,1751925467.462999,1751927823.6054456,batch_consumer-sts-0_20250707_223712_933445.csv,True,False,False,1751928396.9543343,2929491.3351535797
101239,1751925467.4632285,1751927823.6271472,batch_consumer-sts-0_20250707_223712_933445.csv,True,False,False,1751928396.9543343,2929491.1057949066
101249,1751925467.46343,1751927823.648656,batch_consumer-sts-0_20250707_223712_933445.csv,True,False,False,1751928396.9543343,2929490.9043312073
101259,1751925467.4636352,1751927823.6706555,batch_consumer-sts-0_20250707_223712_933445.csv,True,False,False,1751928396.9543343,2929490.6990528107
101269,1751925467.4638343,1751927823.6924694,batch_consumer-sts-0_20250707_223712_933445.csv,True,False,False,1751928396.9543343,2929490.499973297
101279,1751925467.4640212,1751927823.713543,batch_consumer-sts-0_20250707_223712_933445.csv,True,False,False,1751928396.9543343,2929490.313053131
101619,1751925468.114667,1751927823.735773,batch_consumer-sts-0_20250707_223712_933445.csv,True,False,False,1751928396.9543343,2928839.6673202515
101629,1751925468.1148956,1751927823.757655,batch_consumer-sts-0_20250707_223712_933445.csv,True,False,False,1751928396.9543343,2928839.438676834
101639,1751925468.1151154,1751927823.7800322,batch_consumer-sts-0_20250707_223712_933445.csv,True,False,False,1751928396.9543343,2928839.218854904
101649,1751925468.1153302,1751927823.8022623,batch_consumer-sts-0_20250707_223712_933445.csv,True,False,False,1751928396.9543343,2928839.0040397644
101659,1751925468.1155393,1751927823.8244977,batch_consumer-sts-0_20250707_223712_933445.csv,True,False,False,1751928396.9543343,2928838.7949466705
101669,1751925468.1157174,1751927823.8470564,batch_consumer-sts-0_20250707_223712_933445.csv,True,False,False,1751928396.9543343,2928838.616847992
101679,1751925468.115891,1751927823.8696785,batch_consumer-sts-0_20250707_223712_933445.csv,True,False,False,1751928396.9543343,2928838.4432792664
101689,1751925468.1160738,1751927823.8921323,batch_consumer-sts-0_20250707_223712_933445.csv,True,False,False,1751928396.9543343,2928838.260412216
101699,1751925468.116245,1751927823.9157078,batch_consumer-sts-0_20250707_223712_933445.csv,True,False,False,1751928396.9543343,2928838.0892276764
101709,1751925468.116422,1751927823.938436,batch_consumer-sts-0_20250707_223712_933445.csv,True,False,False,1751928396.9543343,2928837.9123210907
101719,1751925468.116604,1751927823.9613986,batch_consumer-sts-0_20250707_223712_933445.csv,True,False,False,1751928396.9543343,2928837.7301692963
101729,1751925468.1167846,1751927823.9842806,batch_consumer-sts-0_20250707_223712_933445.csv,True,False,False,1751928396.9543343,2928837.549686432
101739,1751925468.1169662,1751927824.00651,batch_consumer-sts-0_20250707_223712_933445.csv,True,False,False,1751928396.9543343,2928837.3680114746
101749,1751925468.1171472,1751927824.028829,batch_consumer-sts-0_20250707_223712_933445.csv,True,False,False,1751928396.9543343,2928837.187051773
101759,1751925468.117323,1751927824.051544,batch_consumer-sts-0_20250707_223712_933445.csv,True,False,False,1751928396.9543343,2928837.0113372803
101769,1751925468.1175,1751927824.074226,batch_consumer-sts-0_20250707_223712_933445.csv,True,False,False,1751928396.9543343,2928836.834192276
101779,1751925468.1176784,1751927824.0974505,batch_consumer-sts-0_20250707_223712_933445.csv,True,False,False,1751928396.9543343,2928836.655855179
101789,1751925468.1178515,1751927824.1195202,batch_consumer-sts-0_20250707_223712_933445.csv,True,False,False,1751928396.9543343,2928836.4827632904
101799,1751925468.1180289,1751927824.1428275,batch_consumer-sts-0_20250707_223712_933445.csv,True,False,False,1751928396.9543343,2928836.3053798676
101809,1751925468.118241,1751927824.165747,batch_consumer-sts-0_20250707_223712_933445.csv,True,False,False,1751928396.9543343,2928836.093187332
101819,1751925468.118448,1751927824.187939,batch_consumer-sts-0_20250707_223712_933445.csv,True,False,False,1751928396.9543343,2928835.8862400055
101829,1751925468.118659,1751927824.21018,batch_consumer-sts-0_20250707_223712_933445.csv,True,False,False,1751928396.9543343,2928835.675239563
101839,1751925468.1188705,1751927824.2324607,batch_consumer-sts-0_20250707_223712_933445.csv,True,False,False,1751928396.9543343,2928835.4637622833
101849,1751925468.1190774,1751927824.2548032,batch_consumer-sts-0_20250707_223712_933445.csv,True,False,False,1751928396.9543343,2928835.2568149567
101859,1751925468.1192942,1751927824.27726,batch_consumer-sts-0_20250707_223712_933445.csv,True,False,False,1751928396.9543343,2928835.0400924683
101869,1751925468.1195052,1751927824.299492,batch_consumer-sts-0_20250707_223712_933445.csv,True,False,False,1751928396.9543343,2928834.8290920258
101879,1751925468.1196918,1751927824.321588,batch_consumer-sts-0_20250707_223712_933445.csv,True,False,False,1751928396.9543343,2928834.6424102783
101889,1751925468.119872,1751927824.3439558,batch_consumer-sts-0_20250707_223712_933445.csv,True,False,False,1751928396.9543343,2928834.4621658325
101899,1751925468.1200826,1751927824.3662744,batch_consumer-sts-0_20250707_223712_933445.csv,True,False,False,1751928396.9543343,2928834.251642227
103539,1751925470.0416276,1751927824.3877227,batch_consumer-sts-0_20250707_223712_933445.csv,True,False,False,1751928396.9543343,2926912.7066135406
103549,1751925470.041835,1751927824.4098089,batch_consumer-sts-0_20250707_223712_933445.csv,True,False,False,1751928396.9543343,2926912.499189377
103559,1751925470.0420249,1751927824.4322066,batch_consumer-sts-0_20250707_223712_933445.csv,True,False,False,1751928396.9543343,2926912.309408188
103569,1751925470.0422502,1751927824.4550917,batch_consumer-sts-0_20250707_223712_933445.csv,True,False,False,1751928396.9543343,2926912.0841026306
103579,1751925470.0424404,1751927824.4779935,batch_consumer-sts-0_20250707_223712_933445.csv,True,False,False,1751928396.9543343,2926911.8938446045
103589,1751925470.0426276,1751927824.5003254,batch_consumer-sts-0_20250707_223712_933445.csv,True,False,False,1751928396.9543343,2926911.70668602
103599,1751925470.0428138,1751927824.5232086,batch_consumer-sts-0_20250707_223712_933445.csv,True,False,False,1751928396.9543343,2926911.5204811096
103609,1751925470.042993,1751927824.545772,batch_consumer-sts-0_20250707_223712_933445.csv,True,False,False,1751928396.9543343,2926911.341190338
103619,1751925470.043181,1751927824.568379,batch_consumer-sts-0_20250707_223712_933445.csv,True,False,False,1751928396.9543343,2926911.153316498
103629,1751925470.0433683,1751927824.5910916,batch_consumer-sts-0_20250707_223712_933445.csv,True,False,False,1751928396.9543343,2926910.9659194946
103639,1751925470.0435612,1751927824.6149232,batch_consumer-sts-0_20250707_223712_933445.csv,True,False,False,1751928396.9543343,2926910.773038864
103649,1751925470.0437396,1751927824.637349,batch_consumer-sts-0_20250707_223712_933445.csv,True,False,False,1751928396.9543343,2926910.594701767
103659,1751925470.043913,1751927824.660309,batch_consumer-sts-0_20250707_223712_933445.csv,True,False,False,1751928396.9543343,2926910.42137146
103669,1751925470.0441,1751927824.682791,batch_consumer-sts-0_20250707_223712_933445.csv,True,False,False,1751928396.9543343,2926910.2342128754
105699,1751925473.2737825,1751927824.705574,batch_consumer-sts-0_20250707_223712_933445.csv,True,False,False,1751928396.9543343,2923680.5517673492
105709,1751925473.274004,1751927824.7279477,batch_consumer-sts-0_20250707_223712_933445.csv,True,False,False,1751928396.9543343,2923680.3302764893
105719,1751925473.274266,1751927824.7503405,batch_consumer-sts-0_20250707_223712_933445.csv,True,False,False,1751928396.9543343,2923680.068254471
108929,1751925475.091787,1751927824.7727497,batch_consumer-sts-0_20250707_223712_933445.csv,True,False,False,1751928396.9543343,2921862.547159195
108939,1751925475.092008,1751927824.795401,batch_consumer-sts-0_20250707_223712_933445.csv,True,False,False,1751928396.9543343,2921862.326145172
108949,1751925475.0922258,1751927824.8179257,batch_consumer-sts-0_20250707_223712_933445.csv,True,False,False,1751928396.9543343,2921862.1084690094
108959,1751925475.0924406,1751927824.8402896,batch_consumer-sts-0_20250707_223712_933445.csv,True,False,False,1751928396.9543343,2921861.8936538696
108969,1751925475.0926635,1751927824.86261,batch_consumer-sts-0_20250707_223712_933445.csv,True,False,False,1751928396.9543343,2921861.670732498
108979,1751925475.0928514,1751927824.8852575,batch_consumer-sts-0_20250707_223712_933445.csv,True,False,False,1751928396.9543343,2921861.482858658
108989,1751925475.0930724,1751927824.907735,batch_consumer-sts-0_20250707_223712_933445.csv,True,False,False,1751928396.9543343,2921861.261844635
108999,1751925475.0932832,1751927824.9297829,batch_consumer-sts-0_20250707_223712_933445.csv,True,False,False,1751928396.9543343,2921861.051082611
109009,1751925475.093505,1751927824.952774,batch_consumer-sts-0_20250707_223712_933445.csv,True,False,False,1751928396.9543343,2921860.8293533325
109019,1751925475.093723,1751927824.9753942,batch_consumer-sts-0_20250707_223712_933445.csv,True,False,False,1751928396.9543343,2921860.6112003326
109029,1751925475.093938,1751927824.9979904,batch_consumer-sts-0_20250707_223712_933445.csv,True,False,False,1751928396.9543343,2921860.3961467743
109039,1751925475.094165,1751927825.0198402,batch_consumer-sts-0_20250707_223712_933445.csv,True,False,False,1751928396.9543343,2921860.169172287
109049,1751925475.0943954,1751927825.0426648,batch_consumer-sts-0_20250707_223712_933445.csv,True,False,False,1751928396.9543343,2921859.9388599396
109059,1751925475.0946083,1751927825.0660996,batch_consumer-sts-0_20250707_223712_933445.csv,True,False,False,1751928396.9543343,2921859.7259521484
109069,1751925475.0948224,1751927825.0882926,batch_consumer-sts-0_20250707_223712_933445.csv,True,False,False,1751928396.9543343,2921859.5118522644
109079,1751925475.0950413,1751927826.1115637,batch_consumer-sts-0_20250707_223712_933445.csv,True,False,False,1751928396.9543343,2921859.292984009
109089,1751925475.0952604,1751927826.1341715,batch_consumer-sts-0_20250707_223712_933445.csv,True,False,False,1751928396.9543343,2921859.0738773346
109099,1751925475.0954762,1751927826.155557,batch_consumer-sts-0_20250707_223712_933445.csv,True,False,False,1751928396.9543343,2921858.8581085205
109109,1751925475.0956955,1751927826.1777632,batch_consumer-sts-0_20250707_223712_933445.csv,True,False,False,1751928396.9543343,2921858.6387634277
109119,1751925475.0959077,1751927826.2002122,batch_consumer-sts-0_20250707_223712_933445.csv,True,False,False,1751928396.9543343,2921858.4265708923
109129,1751925475.0961263,1751927826.2220182,batch_consumer-sts-0_20250707_223712_933445.csv,True,False,False,1751928396.9543343,2921858.2079410553
110249,1751925475.7925131,1751927826.2445264,batch_consumer-sts-0_20250707_223712_933445.csv,True,False,False,1751928396.9543343,2921161.821126938
110259,1751925475.7927334,1751927826.2673025,batch_consumer-sts-0_20250707_223712_933445.csv,True,False,False,1751928396.9543343,2921161.600828171
110269,1751925475.7929635,1751927826.289722,batch_consumer-sts-0_20250707_223712_933445.csv,True,False,False,1751928396.9543343,2921161.370754242
110279,1751925475.7932055,1751927826.3122578,batch_consumer-sts-0_20250707_223712_933445.csv,True,False,False,1751928396.9543343,2921161.128759384
110289,1751925475.7934191,1751927826.3348482,batch_consumer-sts-0_20250707_223712_933445.csv,True,False,False,1751928396.9543343,2921160.9151363373
110299,1751925475.7936325,1751927826.3574495,batch_consumer-sts-0_20250707_223712_933445.csv,True,False,False,1751928396.9543343,2921160.701751709
110309,1751925475.7938478,1751927826.380087,batch_consumer-sts-0_20250707_223712_933445.csv,True,False,False,1751928396.9543343,2921160.486459732
110319,1751925475.7940571,1751927826.5998316,batch_consumer-sts-0_20250707_223712_933445.csv,True,False,False,1751928396.9543343,2921160.2771282196
110329,1751925475.794293,1751927826.6274872,batch_consumer-sts-0_20250707_223712_933445.csv,True,False,False,1751928396.9543343,2921160.041332245
110339,1751925475.794508,1751927826.6502051,batch_consumer-sts-0_20250707_223712_933445.csv,True,False,False,1751928396.9543343,2921159.8262786865
110349,1751925475.7947185,1751927826.6770563,batch_consumer-sts-0_20250707_223712_933445.csv,True,False,False,1751928396.9543343,2921159.615755081
110359,1751925475.79493,1751927826.699869,batch_consumer-sts-0_20250707_223712_933445.csv,True,False,False,1751928396.9543343,2921159.4042778015
110369,1751925475.7951405,1751927826.722589,batch_consumer-sts-0_20250707_223712_933445.csv,True,False,False,1751928396.9543343,2921159.193754196
110379,1751925475.7953496,1751927826.7452042,batch_consumer-sts-0_20250707_223712_933445.csv,True,False,False,1751928396.9543343,2921158.9846611023
110389,1751925475.795565,1751927826.7671866,batch_consumer-sts-0_20250707_223712_933445.csv,True,False,False,1751928396.9543343,2921158.7693691254
110399,1751925475.7957785,1751927826.7899988,batch_consumer-sts-0_20250707_223712_933445.csv,True,False,False,1751928396.9543343,2921158.5557460785
110409,1751925475.7959917,1751927826.812394,batch_consumer-sts-0_20250707_223712_933445.csv,True,False,False,1751928396.9543343,2921158.342599869
110419,1751925475.7962017,1751927826.8349912,batch_consumer-sts-0_20250707_223712_933445.csv,True,False,False,1751928396.9543343,2921158.1325531006
110429,1751925475.796413,1751927826.857734,batch_consumer-sts-0_20250707_223712_933445.csv,True,False,False,1751928396.9543343,2921157.9213142395
110439,1751925475.796621,1751927826.8801827,batch_consumer-sts-0_20250707_223712_933445.csv,True,False,False,1751928396.9543343,2921157.71317482
110449,1751925475.7968447,1751927826.9015453,batch_consumer-sts-0_20250707_223712_933445.csv,True,False,False,1751928396.9543343,2921157.4895381927
110459,1751925475.7970288,1751927826.9240391,batch_consumer-sts-0_20250707_223712_933445.csv,True,False,False,1751928396.9543343,2921157.3054790497
110469,1751925475.7972138,1751927826.9456737,batch_consumer-sts-0_20250707_223712_933445.csv,True,False,False,1751928396.9543343,2921157.1204662323
110479,1751925475.7974026,1751927826.968038,batch_consumer-sts-0_20250707_223712_933445.csv,True,False,False,1751928396.9543343,2921156.9316387177
110489,1751925475.7975914,1751927826.990524,batch_consumer-sts-0_20250707_223712_933445.csv,True,False,False,1751928396.9543343,2921156.742811203
110499,1751925475.7977853,1751927827.0127437,batch_consumer-sts-0_20250707_223712_933445.csv,True,False,False,1751928396.9543343,2921156.548976898
110509,1751925475.7980044,1751927827.035021,batch_consumer-sts-0_20250707_223712_933445.csv,True,False,False,1751928396.9543343,2921156.329870224
110519,1751925475.798255,1751927827.0575247,batch_consumer-sts-0_20250707_223712_933445.csv,True,False,False,1751928396.9543343,2921156.0792922974
110529,1751925475.7984807,1751927827.079957,batch_consumer-sts-0_20250707_223712_933445.csv,True,False,False,1751928396.9543343,2921155.853509903
110539,1751925475.798707,1751927827.1024094,batch_consumer-sts-0_20250707_223712_933445.csv,True,False,False,1751928396.9543343,2921155.6272506714
110549,1751925475.7989469,1751927827.124924,batch_consumer-sts-0_20250707_223712_933445.csv,True,False,False,1751928396.9543343,2921155.387401581
110559,1751925475.799182,1751927827.147611,batch_consumer-sts-0_20250707_223712_933445.csv,True,False,False,1751928396.9543343,2921155.152320862
113519,1751925478.3721094,1751927827.4794111,batch_consumer-sts-0_20250707_223712_933445.csv,True,False,False,1751928396.9543343,2918582.224845886
113529,1751925478.3723223,1751927827.5021667,batch_consumer-sts-0_20250707_223712_933445.csv,True,False,False,1751928396.9543343,2918582.011938095
113539,1751925478.372556,1751927827.52454,batch_consumer-sts-0_20250707_223712_933445.csv,True,False,False,1751928396.9543343,2918581.7782878876
113549,1751925478.3727684,1751927827.551444,batch_consumer-sts-0_20250707_223712_933445.csv,True,False,False,1751928396.9543343,2918581.5658569336
113559,1751925478.372951,1751927827.573982,batch_consumer-sts-0_20250707_223712_933445.csv,True,False,False,1751928396.9543343,2918581.383228302
113569,1751925478.3731291,1751927827.5964017,batch_consumer-sts-0_20250707_223712_933445.csv,True,False,False,1751928396.9543343,2918581.2051296234
113579,1751925478.3733168,1751927827.6188784,batch_consumer-sts-0_20250707_223712_933445.csv,True,False,False,1751928396.9543343,2918581.0174942017
113589,1751925478.373499,1751927827.6426172,batch_consumer-sts-0_20250707_223712_933445.csv,True,False,False,1751928396.9543343,2918580.835342407
113599,1751925478.3736806,1751927827.665104,batch_consumer-sts-0_20250707_223712_933445.csv,True,False,False,1751928396.9543343,2918580.65366745
113609,1751925478.3738885,1751927827.6871269,batch_consumer-sts-0_20250707_223712_933445.csv,True,False,False,1751928396.9543343,2918580.445766449
113619,1751925478.374076,1751927827.709119,batch_consumer-sts-0_20250707_223712_933445.csv,True,False,False,1751928396.9543343,2918580.258369446
113629,1751925478.3742783,1751927827.73197,batch_consumer-sts-0_20250707_223712_933445.csv,True,False,False,1751928396.9543343,2918580.055952072
113639,1751925478.374463,1751927827.755021,batch_consumer-sts-0_20250707_223712_933445.csv,True,False,False,1751928396.9543343,2918579.8711776733
113649,1751925478.374658,1751927827.7780108,batch_consumer-sts-0_20250707_223712_933445.csv,True,False,False,1751928396.9543343,2918579.6761512756
113659,1751925478.3748524,1751927827.8009343,batch_consumer-sts-0_20250707_223712_933445.csv,True,False,False,1751928396.9543343,2918579.4818401337
113669,1751925478.375043,1751927827.8229318,batch_consumer-sts-0_20250707_223712_933445.csv,True,False,False,1751928396.9543343,2918579.291343689
113679,1751925478.3752255,1751927827.8457966,batch_consumer-sts-0_20250707_223712_933445.csv,True,False,False,1751928396.9543343,2918579.1087150574
114799,1751925479.2202466,1751927827.8682911,batch_consumer-sts-0_20250707_223712_933445.csv,True,False,False,1751928396.9543343,2917734.087705612
114809,1751925479.337705,1751927827.8910496,batch_consumer-sts-0_20250707_223712_933445.csv,True,False,False,1751928396.9543343,2917616.6293621063
114819,1751925479.3378963,1751927827.912682,batch_consumer-sts-0_20250707_223712_933445.csv,True,False,False,1751928396.9543343,2917616.4379119873
114829,1751925479.338086,1751927827.935995,batch_consumer-sts-0_20250707_223712_933445.csv,True,False,False,1751928396.9543343,2917616.248369217
114839,1751925479.3383093,1751927827.958578,batch_consumer-sts-0_20250707_223712_933445.csv,True,False,False,1751928396.9543343,2917616.0249710083
114849,1751925479.3385017,1751927827.981251,batch_consumer-sts-0_20250707_223712_933445.csv,True,False,False,1751928396.9543343,2917615.832567215
114859,1751925479.3386903,1751927828.0041618,batch_consumer-sts-0_20250707_223712_933445.csv,True,False,False,1751928396.9543343,2917615.643978119
114869,1751925479.3388865,1751927828.0374324,batch_consumer-sts-0_20250707_223712_933445.csv,True,False,False,1751928396.9543343,2917615.4477596283
114879,1751925479.3390722,1751927828.0643914,batch_consumer-sts-0_20250707_223712_933445.csv,True,False,False,1751928396.9543343,2917615.262031555
114889,1751925479.3392634,1751927828.0868976,batch_consumer-sts-0_20250707_223712_933445.csv,True,False,False,1751928396.9543343,2917615.0708198547
114899,1751925479.3394642,1751927828.1091623,batch_consumer-sts-0_20250707_223712_933445.csv,True,False,False,1751928396.9543343,2917614.870071411
114909,1751925479.3396423,1751927828.1304097,batch_consumer-sts-0_20250707_223712_933445.csv,True,False,False,1751928396.9543343,2917614.6919727325
114919,1751925479.339821,1751927828.1527462,batch_consumer-sts-0_20250707_223712_933445.csv,True,False,False,1751928396.9543343,2917614.513158798
114929,1751925479.3400116,1751927828.1748922,batch_consumer-sts-0_20250707_223712_933445.csv,True,False,False,1751928396.9543343,2917614.3226623535
114939,1751925479.3401892,1751927828.1973937,batch_consumer-sts-0_20250707_223712_933445.csv,True,False,False,1751928396.9543343,2917614.145040512
114949,1751925479.3403676,1751927828.219385,batch_consumer-sts-0_20250707_223712_933445.csv,True,False,False,1751928396.9543343,2917613.966703415
114959,1751925479.340551,1751927828.2417672,batch_consumer-sts-0_20250707_223712_933445.csv,True,False,False,1751928396.9543343,2917613.7833595276
114969,1751925479.3407311,1751927828.2643142,batch_consumer-sts-0_20250707_223712_933445.csv,True,False,False,1751928396.9543343,2917613.603115082
114979,1751925479.340912,1751927828.2866793,batch_consumer-sts-0_20250707_223712_933445.csv,True,False,False,1751928396.9543343,2917613.4221553802
114989,1751925479.3410983,1751927828.3093815,batch_consumer-sts-0_20250707_223712_933445.csv,True,False,False,1751928396.9543343,2917613.23595047
114999,1751925479.341272,1751927828.3320346,batch_consumer-sts-0_20250707_223712_933445.csv,True,False,False,1751928396.9543343,2917613.062143326
115009,1751925479.3414466,1751927828.3548636,batch_consumer-sts-0_20250707_223712_933445.csv,True,False,False,1751928396.9543343,2917612.887620926
115019,1751925479.341621,1751927828.3775077,batch_consumer-sts-0_20250707_223712_933445.csv,True,False,False,1751928396.9543343,2917612.7133369446
115029,1751925479.3418007,1751927828.400065,batch_consumer-sts-0_20250707_223712_933445.csv,True,False,False,1751928396.9543343,2917612.533569336
115039,1751925479.3419826,1751927828.4224446,batch_consumer-sts-0_20250707_223712_933445.csv,True,False,False,1751928396.9543343,2917612.35165596
115049,1751925479.342175,1751927829.1707911,batch_consumer-sts-0_20250707_223712_933445.csv,True,False,False,1751928396.9543343,2917612.1592521667
115059,1751925479.3423836,1751927829.1937609,batch_consumer-sts-0_20250707_223712_933445.csv,True,False,False,1751928396.9543343,2917611.95063591
115069,1751925479.3425782,1751927829.2159286,batch_consumer-sts-0_20250707_223712_933445.csv,True,False,False,1751928396.9543343,2917611.7560863495
115079,1751925479.34277,1751927829.238532,batch_consumer-sts-0_20250707_223712_933445.csv,True,False,False,1751928396.9543343,2917611.5641593933
115089,1751925479.342958,1751927829.261329,batch_consumer-sts-0_20250707_223712_933445.csv,True,False,False,1751928396.9543343,2917611.376285553
115099,1751925479.343152,1751927829.283847,batch_consumer-sts-0_20250707_223712_933445.csv,True,False,False,1751928396.9543343,2917611.1822128296
115109,1751925479.3433862,1751927829.306461,batch_consumer-sts-0_20250707_223712_933445.csv,True,False,False,1751928396.9543343,2917610.948085785
115119,1751925479.3435783,1751927829.3292284,batch_consumer-sts-0_20250707_223712_933445.csv,True,False,False,1751928396.9543343,2917610.75592041
115129,1751925479.343768,1751927829.3519294,batch_consumer-sts-0_20250707_223712_933445.csv,True,False,False,1751928396.9543343,2917610.56637764
115139,1751925479.3439577,1751927829.3746974,batch_consumer-sts-0_20250707_223712_933445.csv,True,False,False,1751928396.9543343,2917610.376596451
115149,1751925479.3441603,1751927829.3975446,batch_consumer-sts-0_20250707_223712_933445.csv,True,False,False,1751928396.9543343,2917610.1739406586
115159,1751925479.344349,1751927829.419634,batch_consumer-sts-0_20250707_223712_933445.csv,True,False,False,1751928396.9543343,2917609.9853515625
115169,1751925479.3445346,1751927829.44214,batch_consumer-sts-0_20250707_223712_933445.csv,True,False,False,1751928396.9543343,2917609.7996234894
115179,1751925479.3447173,1751927829.4647703,batch_consumer-sts-0_20250707_223712_933445.csv,True,False,False,1751928396.9543343,2917609.616994858
115189,1751925479.3448963,1751927829.4871294,batch_consumer-sts-0_20250707_223712_933445.csv,True,False,False,1751928396.9543343,2917609.437942505
125139,1751925484.0995383,1751927829.5085042,batch_consumer-sts-0_20250707_223712_933445.csv,True,False,False,1751928396.9543343,2912854.79593277
125149,1751925484.0997794,1751927829.53069,batch_consumer-sts-0_20250707_223712_933445.csv,True,False,False,1751928396.9543343,2912854.5548915863
125159,1751925484.099991,1751927829.553042,batch_consumer-sts-0_20250707_223712_933445.csv,True,False,False,1751928396.9543343,2912854.343175888
125169,1751925484.100185,1751927829.575643,batch_consumer-sts-0_20250707_223712_933445.csv,True,False,False,1751928396.9543343,2912854.1493415833
125179,1751925484.100372,1751927829.5984583,batch_consumer-sts-0_20250707_223712_933445.csv,True,False,False,1751928396.9543343,2912853.9621829987
125189,1751925484.100561,1751927829.6205063,batch_consumer-sts-0_20250707_223712_933445.csv,True,False,False,1751928396.9543343,2912853.773355484
125199,1751925484.1007435,1751927829.6428342,batch_consumer-sts-0_20250707_223712_933445.csv,True,False,False,1751928396.9543343,2912853.5907268524
125209,1751925484.100922,1751927829.6655886,batch_consumer-sts-0_20250707_223712_933445.csv,True,False,False,1751928396.9543343,2912853.4121513367
125219,1751925484.1011033,1751927829.687872,batch_consumer-sts-0_20250707_223712_933445.csv,True,False,False,1751928396.9543343,2912853.2309532166
125229,1751925484.101285,1751927829.709968,batch_consumer-sts-0_20250707_223712_933445.csv,True,False,False,1751928396.9543343,2912853.0492782593
125239,1751925484.101467,1751927829.7325768,batch_consumer-sts-0_20250707_223712_933445.csv,True,False,False,1751928396.9543343,2912852.8673648834
125249,1751925484.1016438,1751927829.7552054,batch_consumer-sts-0_20250707_223712_933445.csv,True,False,False,1751928396.9543343,2912852.6904582977
125259,1751925484.1018257,1751927829.7775345,batch_consumer-sts-0_20250707_223712_933445.csv,True,False,False,1751928396.9543343,2912852.508544922
125269,1751925484.102007,1751927829.8002813,batch_consumer-sts-0_20250707_223712_933445.csv,True,False,False,1751928396.9543343,2912852.3273468018
125279,1751925484.1022246,1751927829.8226857,batch_consumer-sts-0_20250707_223712_933445.csv,True,False,False,1751928396.9543343,2912852.109670639
125289,1751925484.1024773,1751927829.8454354,batch_consumer-sts-0_20250707_223712_933445.csv,True,False,False,1751928396.9543343,2912851.856946945
125299,1751925484.1027112,1751927829.867975,batch_consumer-sts-0_20250707_223712_933445.csv,True,False,False,1751928396.9543343,2912851.623058319
125309,1751925484.102941,1751927829.8913796,batch_consumer-sts-0_20250707_223712_933445.csv,True,False,False,1751928396.9543343,2912851.393222809
125319,1751925484.103168,1751927829.9135034,batch_consumer-sts-0_20250707_223712_933445.csv,True,False,False,1751928396.9543343,2912851.1662483215
125329,1751925484.1033945,1751927829.93636,batch_consumer-sts-0_20250707_223712_933445.csv,True,False,False,1751928396.9543343,2912850.9397506714
125339,1751925484.103598,1751927829.9591243,batch_consumer-sts-0_20250707_223712_933445.csv,True,False,False,1751928396.9543343,2912850.736141205
125349,1751925484.103789,1751927829.981915,batch_consumer-sts-0_20250707_223712_933445.csv,True,False,False,1751928396.9543343,2912850.545167923
125359,1751925484.1039765,1751927830.0041995,batch_consumer-sts-0_20250707_223712_933445.csv,True,False,False,1751928396.9543343,2912850.35777092
125369,1751925484.104169,1751927830.0263608,batch_consumer-sts-0_20250707_223712_933445.csv,True,False,False,1751928396.9543343,2912850.1653671265
125379,1751925484.1043649,1751927830.0498347,batch_consumer-sts-0_20250707_223712_933445.csv,True,False,False,1751928396.9543343,2912849.9693870544
125389,1751925484.1045558,1751927830.0724895,batch_consumer-sts-0_20250707_223712_933445.csv,True,False,False,1751928396.9543343,2912849.7784137726
125399,1751925484.104758,1751927830.095105,batch_consumer-sts-0_20250707_223712_933445.csv,True,False,False,1751928396.9543343,2912849.5762348175
125409,1751925484.104946,1751927830.1175137,batch_consumer-sts-0_20250707_223712_933445.csv,True,False,False,1751928396.9543343,2912849.388360977
125419,1751925484.1051345,1751927830.140106,batch_consumer-sts-0_20250707_223712_933445.csv,True,False,False,1751928396.9543343,2912849.199771881
125429,1751925484.105317,1751927830.1628058,batch_consumer-sts-0_20250707_223712_933445.csv,True,False,False,1751928396.9543343,2912849.0171432495
125439,1751925484.1055264,1751927830.1857634,batch_consumer-sts-0_20250707_223712_933445.csv,True,False,False,1751928396.9543343,2912848.807811737
125449,1751925484.1057255,1751927830.2083504,batch_consumer-sts-0_20250707_223712_933445.csv,True,False,False,1751928396.9543343,2912848.6087322235
125459,1751925484.1059296,1751927830.2306154,batch_consumer-sts-0_20250707_223712_933445.csv,True,False,False,1751928396.9543343,2912848.40464592
125469,1751925484.106123,1751927830.253318,batch_consumer-sts-0_20250707_223712_933445.csv,True,False,False,1751928396.9543343,2912848.211288452
125479,1751925484.1063757,1751927830.2757287,batch_consumer-sts-0_20250707_223712_933445.csv,True,False,False,1751928396.9543343,2912847.9585647583
125489,1751925484.1066122,1751927830.298236,batch_consumer-sts-0_20250707_223712_933445.csv,True,False,False,1751928396.9543343,2912847.722053528
125499,1751925484.1068249,1751927830.320526,batch_consumer-sts-0_20250707_223712_933445.csv,True,False,False,1751928396.9543343,2912847.5093841553
125509,1751925484.1070435,1751927830.3429642,batch_consumer-sts-0_20250707_223712_933445.csv,True,False,False,1751928396.9543343,2912847.2907543182
126039,1751925484.221777,1751927830.3654418,batch_consumer-sts-0_20250707_223712_933445.csv,True,False,False,1751928396.9543343,2912732.557296753
126049,1751925484.2219732,1751927830.3877976,batch_consumer-sts-0_20250707_223712_933445.csv,True,False,False,1751928396.9543343,2912732.3610782623
126059,1751925484.222171,1751927830.4100268,batch_consumer-sts-0_20250707_223712_933445.csv,True,False,False,1751928396.9543343,2912732.1631908417
126069,1751925484.2223678,1751927830.4326031,batch_consumer-sts-0_20250707_223712_933445.csv,True,False,False,1751928396.9543343,2912731.966495514
126079,1751925484.2225492,1751927830.455205,batch_consumer-sts-0_20250707_223712_933445.csv,True,False,False,1751928396.9543343,2912731.785058975
126089,1751925484.2227328,1751927830.4766915,batch_consumer-sts-0_20250707_223712_933445.csv,True,False,False,1751928396.9543343,2912731.6014766693
126099,1751925484.2229495,1751927830.4987433,batch_consumer-sts-0_20250707_223712_933445.csv,True,False,False,1751928396.9543343,2912731.384754181
126109,1751925484.223159,1751927831.5224755,batch_consumer-sts-0_20250707_223712_933445.csv,True,False,False,1751928396.9543343,2912731.17518425
126119,1751925484.2233803,1751927831.828791,batch_consumer-sts-0_20250707_223712_933445.csv,True,False,False,1751928396.9543343,2912730.9539318085
126129,1751925484.2235756,1751927831.851365,batch_consumer-sts-0_20250707_223712_933445.csv,True,False,False,1751928396.9543343,2912730.758666992
126139,1751925484.2237663,1751927831.878247,batch_consumer-sts-0_20250707_223712_933445.csv,True,False,False,1751928396.9543343,2912730.567932129
126149,1751925484.2239544,1751927831.9001288,batch_consumer-sts-0_20250707_223712_933445.csv,True,False,False,1751928396.9543343,2912730.37981987
126159,1751925484.2241635,1751927831.9218752,batch_consumer-sts-0_20250707_223712_933445.csv,True,False,False,1751928396.9543343,2912730.170726776
126169,1751925484.22436,1751927831.9441571,batch_consumer-sts-0_20250707_223712_933445.csv,True,False,False,1751928396.9543343,2912729.974269867
126179,1751925484.2245955,1751927831.966598,batch_consumer-sts-0_20250707_223712_933445.csv,True,False,False,1751928396.9543343,2912729.738712311
126189,1751925484.2247944,1751927831.9890354,batch_consumer-sts-0_20250707_223712_933445.csv,True,False,False,1751928396.9543343,2912729.539871216
126199,1751925484.2249851,1751927832.010862,batch_consumer-sts-0_20250707_223712_933445.csv,True,False,False,1751928396.9543343,2912729.3491363525
126209,1751925484.228933,1751927832.0341191,batch_consumer-sts-0_20250707_223712_933445.csv,True,False,False,1751928396.9543343,2912725.401163101
126219,1751925484.2291608,1751927832.056664,batch_consumer-sts-0_20250707_223712_933445.csv,True,False,False,1751928396.9543343,2912725.173473358
126229,1751925484.2293472,1751927832.0793648,batch_consumer-sts-0_20250707_223712_933445.csv,True,False,False,1751928396.9543343,2912724.9870300293
126239,1751925484.2295318,1751927832.101399,batch_consumer-sts-0_20250707_223712_933445.csv,True,False,False,1751928396.9543343,2912724.802494049
126249,1751925484.2297163,1751927832.1223693,batch_consumer-sts-0_20250707_223712_933445.csv,True,False,False,1751928396.9543343,2912724.617958069
126259,1751925484.2299073,1751927832.149149,batch_consumer-sts-0_20250707_223712_933445.csv,True,False,False,1751928396.9543343,2912724.426984787
126269,1751925484.2300851,1751927832.1760018,batch_consumer-sts-0_20250707_223712_933445.csv,True,False,False,1751928396.9543343,2912724.249124527
126279,1751925484.2303095,1751927832.1982691,batch_consumer-sts-0_20250707_223712_933445.csv,True,False,False,1751928396.9543343,2912724.024772644
126289,1751925484.230503,1751927832.220177,batch_consumer-sts-0_20250707_223712_933445.csv,True,False,False,1751928396.9543343,2912723.831176758
126299,1751925484.2307255,1751927832.2423384,batch_consumer-sts-0_20250707_223712_933445.csv,True,False,False,1751928396.9543343,2912723.6087322235
126309,1751925484.2309568,1751927832.2644825,batch_consumer-sts-0_20250707_223712_933445.csv,True,False,False,1751928396.9543343,2912723.377466202
126319,1751925484.2311742,1751927832.4277282,batch_consumer-sts-0_20250707_223712_933445.csv,True,False,False,1751928396.9543343,2912723.1600284576
126329,1751925484.2314,1751927832.453753,batch_consumer-sts-0_20250707_223712_933445.csv,True,False,False,1751928396.9543343,2912722.934246063
126339,1751925484.2316203,1751927832.4788415,batch_consumer-sts-0_20250707_223712_933445.csv,True,False,False,1751928396.9543343,2912722.713947296
140709,1751925489.5344794,1751927832.5050838,batch_consumer-sts-0_20250707_223712_933445.csv,True,False,False,1751928396.9543343,2907419.8548793793
140719,1751925489.5348868,1751927832.5307865,batch_consumer-sts-0_20250707_223712_933445.csv,True,False,False,1751928396.9543343,2907419.4474220276
140729,1751925489.5352285,1751927832.5571733,batch_consumer-sts-0_20250707_223712_933445.csv,True,False,False,1751928396.9543343,2907419.1057682037
140739,1751925489.5355709,1751927832.582147,batch_consumer-sts-0_20250707_223712_933445.csv,True,False,False,1751928396.9543343,2907418.763399124
140749,1751925489.535889,1751927832.6068778,batch_consumer-sts-0_20250707_223712_933445.csv,True,False,False,1751928396.9543343,2907418.4453487396
140759,1751925489.5362058,1751927832.6324432,batch_consumer-sts-0_20250707_223712_933445.csv,True,False,False,1751928396.9543343,2907418.128490448
140769,1751925489.5365212,1751927832.6589158,batch_consumer-sts-0_20250707_223712_933445.csv,True,False,False,1751928396.9543343,2907417.813062668
140779,1751925489.5368466,1751927832.685418,batch_consumer-sts-0_20250707_223712_933445.csv,True,False,False,1751928396.9543343,2907417.4876213074
140789,1751925489.537161,1751927832.7115078,batch_consumer-sts-0_20250707_223712_933445.csv,True,False,False,1751928396.9543343,2907417.1731472015
140799,1751925489.5374696,1751927832.7349005,batch_consumer-sts-0_20250707_223712_933445.csv,True,False,False,1751928396.9543343,2907416.86463356
140809,1751925489.5377865,1751927832.7630334,batch_consumer-sts-0_20250707_223712_933445.csv,True,False,False,1751928396.9543343,2907416.5477752686
140819,1751925489.5380971,1751927832.7908273,batch_consumer-sts-0_20250707_223712_933445.csv,True,False,False,1751928396.9543343,2907416.23711586
140829,1751925489.5384595,1751927832.8179994,batch_consumer-sts-0_20250707_223712_933445.csv,True,False,False,1751928396.9543343,2907415.8747196198
140839,1751925489.5388072,1751927832.846491,batch_consumer-sts-0_20250707_223712_933445.csv,True,False,False,1751928396.9543343,2907415.5271053314
140849,1751925489.5391517,1751927832.8748162,batch_consumer-sts-0_20250707_223712_933445.csv,True,False,False,1751928396.9543343,2907415.1825904846
140859,1751925489.539546,1751927832.9036696,batch_consumer-sts-0_20250707_223712_933445.csv,True,False,False,1751928396.9543343,2907414.788246155
143509,1751925490.5216658,1751927833.1734943,batch_consumer-sts-0_20250707_223729_672282.csv,True,False,False,1751928396.9543343,2906432.6684474945
143519,1751925490.521984,1751927833.203369,batch_consumer-sts-0_20250707_223729_672282.csv,True,False,False,1751928396.9543343,2906432.3501586914
143529,1751925490.522334,1751927833.2316136,batch_consumer-sts-0_20250707_223729_672282.csv,True,False,False,1751928396.9543343,2906432.0001602173
143539,1751925490.5226786,1751927833.261178,batch_consumer-sts-0_20250707_223729_672282.csv,True,False,False,1751928396.9543343,2906431.6556453705
143549,1751925490.5230167,1751927833.2902524,batch_consumer-sts-0_20250707_223729_672282.csv,True,False,False,1751928396.9543343,2906431.3175678253
143559,1751925490.523344,1751927833.3196783,batch_consumer-sts-0_20250707_223729_672282.csv,True,False,False,1751928396.9543343,2906430.990219116
143569,1751925490.523646,1751927833.3488836,batch_consumer-sts-0_20250707_223729_672282.csv,True,False,False,1751928396.9543343,2906430.6881427765
143579,1751925490.5239398,1751927833.3831778,batch_consumer-sts-0_20250707_223729_672282.csv,True,False,False,1751928396.9543343,2906430.394411087
143589,1751925490.524227,1751927833.4109335,batch_consumer-sts-0_20250707_223729_672282.csv,True,False,False,1751928396.9543343,2906430.107355118
143599,1751925490.5245104,1751927833.4404013,batch_consumer-sts-0_20250707_223729_672282.csv,True,False,False,1751928396.9543343,2906429.8238754272
143609,1751925490.5248048,1751927833.4703832,batch_consumer-sts-0_20250707_223729_672282.csv,True,False,False,1751928396.9543343,2906429.529428482
143619,1751925490.5250947,1751927833.5000925,batch_consumer-sts-0_20250707_223729_672282.csv,True,False,False,1751928396.9543343,2906429.23951149
143629,1751925490.5253856,1751927833.5293057,batch_consumer-sts-0_20250707_223729_672282.csv,True,False,False,1751928396.9543343,2906428.9486408234
143639,1751925490.525664,1751927833.6421692,batch_consumer-sts-0_20250707_223729_672282.csv,True,False,False,1751928396.9543343,2906428.670167923
143649,1751925490.5259492,1751927833.743544,batch_consumer-sts-0_20250707_223729_672282.csv,True,False,False,1751928396.9543343,2906428.3850193024
143659,1751925490.5262668,1751927833.765293,batch_consumer-sts-0_20250707_223729_672282.csv,True,False,False,1751928396.9543343,2906428.067445755
143669,1751925490.5265994,1751927833.787186,batch_consumer-sts-0_20250707_223729_672282.csv,True,False,False,1751928396.9543343,2906427.734851837
143679,1751925490.5269294,1751927833.8088589,batch_consumer-sts-0_20250707_223729_672282.csv,True,False,False,1751928396.9543343,2906427.4048805237
143689,1751925490.5272546,1751927833.831128,batch_consumer-sts-0_20250707_223729_672282.csv,True,False,False,1751928396.9543343,2906427.079677582
143699,1751925490.5275862,1751927833.8532174,batch_consumer-sts-0_20250707_223729_672282.csv,True,False,False,1751928396.9543343,2906426.7480373383
143709,1751925490.527904,1751927833.8752208,batch_consumer-sts-0_20250707_223729_672282.csv,True,False,False,1751928396.9543343,2906426.4302253723
143719,1751925490.5282383,1751927833.8970532,batch_consumer-sts-0_20250707_223729_672282.csv,True,False,False,1751928396.9543343,2906426.0959625244
143729,1751925490.5285811,1751927833.9183176,batch_consumer-sts-0_20250707_223729_672282.csv,True,False,False,1751928396.9543343,2906425.7531166077
143739,1751925490.5288882,1751927833.9405403,batch_consumer-sts-0_20250707_223729_672282.csv,True,False,False,1751928396.9543343,2906425.446033478
143749,1751925490.5291622,1751927833.9627929,batch_consumer-sts-0_20250707_223729_672282.csv,True,False,False,1751928396.9543343,2906425.1720905304
143759,1751925490.529463,1751927833.9847655,batch_consumer-sts-0_20250707_223729_672282.csv,True,False,False,1751928396.9543343,2906424.8712062836
143769,1751925490.529779,1751927834.0061078,batch_consumer-sts-0_20250707_223729_672282.csv,True,False,False,1751928396.9543343,2906424.5553016663
148709,1751925490.9807694,1751927834.027869,batch_consumer-sts-0_20250707_223729_672282.csv,True,False,False,1751928396.9543343,2905973.564863205
148719,1751925490.9809508,1751927834.0498464,batch_consumer-sts-0_20250707_223729_672282.csv,True,False,False,1751928396.9543343,2905973.3834266663
148729,1751925490.9811318,1751927834.071733,batch_consumer-sts-0_20250707_223729_672282.csv,True,False,False,1751928396.9543343,2905973.2024669647
148739,1751925490.9813125,1751927834.093732,batch_consumer-sts-0_20250707_223729_672282.csv,True,False,False,1751928396.9543343,2905973.0217456818
148749,1751925490.9815464,1751927834.1155975,batch_consumer-sts-0_20250707_223729_672282.csv,True,False,False,1751928396.9543343,2905972.7878570557
148759,1751925490.9817195,1751927834.1376436,batch_consumer-sts-0_20250707_223729_672282.csv,True,False,False,1751928396.9543343,2905972.6147651672
148769,1751925490.9819305,1751927834.159797,batch_consumer-sts-0_20250707_223729_672282.csv,True,False,False,1751928396.9543343,2905972.4037647247
148779,1751925490.98216,1751927834.182346,batch_consumer-sts-0_20250707_223729_672282.csv,True,False,False,1751928396.9543343,2905972.174167633
148789,1751925490.9824362,1751927834.2044036,batch_consumer-sts-0_20250707_223729_672282.csv,True,False,False,1751928396.9543343,2905971.8980789185
148799,1751925490.9826252,1751927834.2269073,batch_consumer-sts-0_20250707_223729_672282.csv,True,False,False,1751928396.9543343,2905971.709012985
148809,1751925490.9828131,1751927834.2489576,batch_consumer-sts-0_20250707_223729_672282.csv,True,False,False,1751928396.9543343,2905971.521139145
148819,1751925490.9829953,1751927834.2710676,batch_consumer-sts-0_20250707_223729_672282.csv,True,False,False,1751928396.9543343,2905971.3389873505
148829,1751925490.9831836,1751927834.2931876,batch_consumer-sts-0_20250707_223729_672282.csv,True,False,False,1751928396.9543343,2905971.150636673
148839,1751925490.9834352,1751927834.3148243,batch_consumer-sts-0_20250707_223729_672282.csv,True,False,False,1751928396.9543343,2905970.899105072
148849,1751925490.9837587,1751927834.3374653,batch_consumer-sts-0_20250707_223729_672282.csv,True,False,False,1751928396.9543343,2905970.57557106
148859,1751925490.98407,1751927834.3598738,batch_consumer-sts-0_20250707_223729_672282.csv,True,False,False,1751928396.9543343,2905970.264196396
148869,1751925490.984286,1751927834.3822358,batch_consumer-sts-0_20250707_223729_672282.csv,True,False,False,1751928396.9543343,2905970.048189163
148879,1751925490.9846292,1751927834.4034314,batch_consumer-sts-0_20250707_223729_672282.csv,True,False,False,1751928396.9543343,2905969.705104828
148889,1751925490.9848466,1751927834.4258304,batch_consumer-sts-0_20250707_223729_672282.csv,True,False,False,1751928396.9543343,2905969.4876670837
148899,1751925490.9851918,1751927834.4482784,batch_consumer-sts-0_20250707_223729_672282.csv,True,False,False,1751928396.9543343,2905969.142436981
148909,1751925490.9854646,1751927834.471046,batch_consumer-sts-0_20250707_223729_672282.csv,True,False,False,1751928396.9543343,2905968.8696861267
148919,1751925490.985711,1751927834.4929771,batch_consumer-sts-0_20250707_223729_672282.csv,True,False,False,1751928396.9543343,2905968.623161316
148929,1751925490.9860015,1751927834.5142822,batch_consumer-sts-0_20250707_223729_672282.csv,True,False,False,1751928396.9543343,2905968.3327674866
148939,1751925490.9864018,1751927834.5355976,batch_consumer-sts-0_20250707_223729_672282.csv,True,False,False,1751928396.9543343,2905967.9324626923
148949,1751925490.9867203,1751927834.5582223,batch_consumer-sts-0_20250707_223729_672282.csv,True,False,False,1751928396.9543343,2905967.6139354706
148959,1751925490.9870586,1751927834.580362,batch_consumer-sts-0_20250707_223729_672282.csv,True,False,False,1751928396.9543343,2905967.275619507
148969,1751925490.98729,1751927834.6017728,batch_consumer-sts-0_20250707_223729_672282.csv,True,False,False,1751928396.9543343,2905967.044353485
148979,1751925490.9874754,1751927834.6228182,batch_consumer-sts-0_20250707_223729_672282.csv,True,False,False,1751928396.9543343,2905966.8588638306
148989,1751925490.9876947,1751927834.6453712,batch_consumer-sts-0_20250707_223729_672282.csv,True,False,False,1751928396.9543343,2905966.639518738
148999,1751925490.9878838,1751927834.6675994,batch_consumer-sts-0_20250707_223729_672282.csv,True,False,False,1751928396.9543343,2905966.4504528046
149009,1751925490.9880712,1751927834.690717,batch_consumer-sts-0_20250707_223729_672282.csv,True,False,False,1751928396.9543343,2905966.2630558014
149019,1751925490.9882617,1751927834.712169,batch_consumer-sts-0_20250707_223729_672282.csv,True,False,False,1751928396.9543343,2905966.0725593567
149029,1751925490.9884672,1751927834.734126,batch_consumer-sts-0_20250707_223729_672282.csv,True,False,False,1751928396.9543343,2905965.8670425415
149039,1751925490.9886646,1751927834.755866,batch_consumer-sts-0_20250707_223729_672282.csv,True,False,False,1751928396.9543343,2905965.669631958
149049,1751925490.9888575,1751927834.777744,batch_consumer-sts-0_20250707_223729_672282.csv,True,False,False,1751928396.9543343,2905965.4767513275
149059,1751925490.9890485,1751927834.7999434,batch_consumer-sts-0_20250707_223729_672282.csv,True,False,False,1751928396.9543343,2905965.2857780457
149069,1751925490.989239,1751927834.8220398,batch_consumer-sts-0_20250707_223729_672282.csv,True,False,False,1751928396.9543343,2905965.095281601
149079,1751925490.98943,1751927834.8438196,batch_consumer-sts-0_20250707_223729_672282.csv,True,False,False,1751928396.9543343,2905964.904308319
149089,1751925490.9896352,1751927834.8663664,batch_consumer-sts-0_20250707_223729_672282.csv,True,False,False,1751928396.9543343,2905964.6990299225
149099,1751925490.9898148,1751927834.888546,batch_consumer-sts-0_20250707_223729_672282.csv,True,False,False,1751928396.9543343,2905964.5195007324
149109,1751925490.9899962,1751927834.910111,batch_consumer-sts-0_20250707_223729_672282.csv,True,False,False,1751928396.9543343,2905964.3380641937
149119,1751925490.9901996,1751927834.9318016,batch_consumer-sts-0_20250707_223729_672282.csv,True,False,False,1751928396.9543343,2905964.1346931458
149129,1751925490.9903867,1751927834.95372,batch_consumer-sts-0_20250707_223729_672282.csv,True,False,False,1751928396.9543343,2905963.947534561
149139,1751925490.9905756,1751927834.975649,batch_consumer-sts-0_20250707_223729_672282.csv,True,False,False,1751928396.9543343,2905963.7587070465
156559,1751925491.274505,1751927834.9980252,batch_consumer-sts-0_20250707_223729_672282.csv,True,False,False,1751928396.9543343,2905679.8293590546
156569,1751925491.2747014,1751927835.01907,batch_consumer-sts-0_20250707_223729_672282.csv,True,False,False,1751928396.9543343,2905679.6329021454
156579,1751925491.274892,1751927835.0413384,batch_consumer-sts-0_20250707_223729_672282.csv,True,False,False,1751928396.9543343,2905679.442167282
156589,1751925491.2750814,1751927835.0635824,batch_consumer-sts-0_20250707_223729_672282.csv,True,False,False,1751928396.9543343,2905679.2528629303
156599,1751925491.2753105,1751927835.0856266,batch_consumer-sts-0_20250707_223729_672282.csv,True,False,False,1751928396.9543343,2905679.023742676
156609,1751925491.2755065,1751927835.1072578,batch_consumer-sts-0_20250707_223729_672282.csv,True,False,False,1751928396.9543343,2905678.8277626038
156619,1751925491.275704,1751927835.1292884,batch_consumer-sts-0_20250707_223729_672282.csv,True,False,False,1751928396.9543343,2905678.6303520203
156629,1751925491.275901,1751927835.1516335,batch_consumer-sts-0_20250707_223729_672282.csv,True,False,False,1751928396.9543343,2905678.4331798553
156639,1751925491.2760923,1751927835.174189,batch_consumer-sts-0_20250707_223729_672282.csv,True,False,False,1751928396.9543343,2905678.241968155
156649,1751925491.2762804,1751927835.1954024,batch_consumer-sts-0_20250707_223729_672282.csv,True,False,False,1751928396.9543343,2905678.053855896
156659,1751925491.2764852,1751927835.215835,batch_consumer-sts-0_20250707_223729_672282.csv,True,False,False,1751928396.9543343,2905677.8490543365
156669,1751925491.2766688,1751927835.2376218,batch_consumer-sts-0_20250707_223729_672282.csv,True,False,False,1751928396.9543343,2905677.6654720306
156679,1751925491.2768545,1751927835.259308,batch_consumer-sts-0_20250707_223729_672282.csv,True,False,False,1751928396.9543343,2905677.4797439575
156689,1751925491.2770422,1751927835.28104,batch_consumer-sts-0_20250707_223729_672282.csv,True,False,False,1751928396.9543343,2905677.2921085358
156699,1751925491.277222,1751927835.3027031,batch_consumer-sts-0_20250707_223729_672282.csv,True,False,False,1751928396.9543343,2905677.112340927
156709,1751925491.2774334,1751927835.324051,batch_consumer-sts-0_20250707_223729_672282.csv,True,False,False,1751928396.9543343,2905676.9008636475
156719,1751925491.2776225,1751927835.3457966,batch_consumer-sts-0_20250707_223729_672282.csv,True,False,False,1751928396.9543343,2905676.7117977142
156729,1751925491.277835,1751927835.3673992,batch_consumer-sts-0_20250707_223729_672282.csv,True,False,False,1751928396.9543343,2905676.4993667603
156739,1751925491.278056,1751927835.3888924,batch_consumer-sts-0_20250707_223729_672282.csv,True,False,False,1751928396.9543343,2905676.2783527374
156749,1751925491.27828,1751927835.4102323,batch_consumer-sts-0_20250707_223729_672282.csv,True,False,False,1751928396.9543343,2905676.054239273
156759,1751925491.2785065,1751927835.4317002,batch_consumer-sts-0_20250707_223729_672282.csv,True,False,False,1751928396.9543343,2905675.827741623
156769,1751925491.2787244,1751927835.4530132,batch_consumer-sts-0_20250707_223729_672282.csv,True,False,False,1751928396.9543343,2905675.6098270416
156779,1751925491.2789423,1751927835.4748533,batch_consumer-sts-0_20250707_223729_672282.csv,True,False,False,1751928396.9543343,2905675.3919124603
156789,1751925491.2791567,1751927835.496793,batch_consumer-sts-0_20250707_223729_672282.csv,True,False,False,1751928396.9543343,2905675.1775741577
156799,1751925491.279354,1751927835.5178924,batch_consumer-sts-0_20250707_223729_672282.csv,True,False,False,1751928396.9543343,2905674.980163574
156809,1751925491.279536,1751927835.539858,batch_consumer-sts-0_20250707_223729_672282.csv,True,False,False,1751928396.9543343,2905674.7982501984
156819,1751925491.2797182,1751927835.5614696,batch_consumer-sts-0_20250707_223729_672282.csv,True,False,False,1751928396.9543343,2905674.616098404
156829,1751925491.279897,1751927835.583326,batch_consumer-sts-0_20250707_223729_672282.csv,True,False,False,1751928396.9543343,2905674.4372844696
156839,1751925491.2801025,1751927835.604112,batch_consumer-sts-0_20250707_223729_672282.csv,True,False,False,1751928396.9543343,2905674.2317676544
156849,1751925491.2803073,1751927836.628275,batch_consumer-sts-0_20250707_223729_672282.csv,True,False,False,1751928396.9543343,2905674.026966095
156859,1751925491.280489,1751927836.9217937,batch_consumer-sts-0_20250707_223729_672282.csv,True,False,False,1751928396.9543343,2905673.8452911377
156869,1751925491.280686,1751927836.9440072,batch_consumer-sts-0_20250707_223729_672282.csv,True,False,False,1751928396.9543343,2905673.6483573914
156879,1751925491.2808802,1751927836.966159,batch_consumer-sts-0_20250707_223729_672282.csv,True,False,False,1751928396.9543343,2905673.4540462494
156889,1751925491.281075,1751927836.98717,batch_consumer-sts-0_20250707_223729_672282.csv,True,False,False,1751928396.9543343,2905673.2592582703
156899,1751925491.2812724,1751927837.009026,batch_consumer-sts-0_20250707_223729_672282.csv,True,False,False,1751928396.9543343,2905673.061847687
156909,1751925491.281472,1751927837.0310318,batch_consumer-sts-0_20250707_223729_672282.csv,True,False,False,1751928396.9543343,2905672.862291336
156919,1751925491.28167,1751927837.0530424,batch_consumer-sts-0_20250707_223729_672282.csv,True,False,False,1751928396.9543343,2905672.664165497
156929,1751925491.2818637,1751927837.074782,batch_consumer-sts-0_20250707_223729_672282.csv,True,False,False,1751928396.9543343,2905672.4705696106
156939,1751925491.2820542,1751927837.096816,batch_consumer-sts-0_20250707_223729_672282.csv,True,False,False,1751928396.9543343,2905672.280073166
156949,1751925491.2822597,1751927837.118324,batch_consumer-sts-0_20250707_223729_672282.csv,True,False,False,1751928396.9543343,2905672.0745563507
156959,1751925491.2824445,1751927837.1405208,batch_consumer-sts-0_20250707_223729_672282.csv,True,False,False,1751928396.9543343,2905671.889781952
156969,1751925491.282628,1751927837.1626472,batch_consumer-sts-0_20250707_223729_672282.csv,True,False,False,1751928396.9543343,2905671.706199646
156979,1751925491.28281,1751927837.18432,batch_consumer-sts-0_20250707_223729_672282.csv,True,False,False,1751928396.9543343,2905671.52428627
156989,1751925491.2829878,1751927837.204976,batch_consumer-sts-0_20250707_223729_672282.csv,True,False,False,1751928396.9543343,2905671.34642601
156999,1751925491.283167,1751927837.226724,batch_consumer-sts-0_20250707_223729_672282.csv,True,False,False,1751928396.9543343,2905671.167373657
157009,1751925491.2833471,1751927837.2486606,batch_consumer-sts-0_20250707_223729_672282.csv,True,False,False,1751928396.9543343,2905670.9871292114
157019,1751925491.283555,1751927837.2718797,batch_consumer-sts-0_20250707_223729_672282.csv,True,False,False,1751928396.9543343,2905670.7792282104
157029,1751925491.2837484,1751927837.293647,batch_consumer-sts-0_20250707_223729_672282.csv,True,False,False,1751928396.9543343,2905670.585870743
157039,1751925491.2839465,1751927837.3148196,batch_consumer-sts-0_20250707_223729_672282.csv,True,False,False,1751928396.9543343,2905670.3877449036
157049,1751925491.2841413,1751927837.336966,batch_consumer-sts-0_20250707_223729_672282.csv,True,False,False,1751928396.9543343,2905670.1929569244
157059,1751925491.2843518,1751927837.3588066,batch_consumer-sts-0_20250707_223729_672282.csv,True,False,False,1751928396.9543343,2905669.982433319
161269,1751925491.375765,1751927837.3810005,batch_consumer-sts-0_20250707_223729_672282.csv,True,False,False,1751928396.9543343,2905578.569173813
161279,1751925491.3759458,1751927837.4869905,batch_consumer-sts-0_20250707_223729_672282.csv,True,False,False,1751928396.9543343,2905578.38845253
161289,1751925491.3761234,1751927837.508394,batch_consumer-sts-0_20250707_223729_672282.csv,True,False,False,1751928396.9543343,2905578.2108306885
161299,1751925491.3763037,1751927837.5297756,batch_consumer-sts-0_20250707_223729_672282.csv,True,False,False,1751928396.9543343,2905578.0305862427
161309,1751925491.3764863,1751927837.5516572,batch_consumer-sts-0_20250707_223729_672282.csv,True,False,False,1751928396.9543343,2905577.847957611
161319,1751925491.3766694,1751927837.573501,batch_consumer-sts-0_20250707_223729_672282.csv,True,False,False,1751928396.9543343,2905577.6648521423
161329,1751925491.3768525,1751927837.5958304,batch_consumer-sts-0_20250707_223729_672282.csv,True,False,False,1751928396.9543343,2905577.4817466736
161339,1751925491.377028,1751927837.617371,batch_consumer-sts-0_20250707_223729_672282.csv,True,False,False,1751928396.9543343,2905577.3062705994
161349,1751925491.377205,1751927837.639621,batch_consumer-sts-0_20250707_223729_672282.csv,True,False,False,1751928396.9543343,2905577.1293640137
161359,1751925491.3773875,1751927837.6615052,batch_consumer-sts-0_20250707_223729_672282.csv,True,False,False,1751928396.9543343,2905576.946735382
161369,1751925491.3775704,1751927837.6837702,batch_consumer-sts-0_20250707_223729_672282.csv,True,False,False,1751928396.9543343,2905576.763868332
161379,1751925491.3777528,1751927837.7077398,batch_consumer-sts-0_20250707_223729_672282.csv,True,False,False,1751928396.9543343,2905576.581478119
161389,1751925491.377929,1751927837.7298102,batch_consumer-sts-0_20250707_223729_672282.csv,True,False,False,1751928396.9543343,2905576.405286789
161399,1751925491.378112,1751927837.7521682,batch_consumer-sts-0_20250707_223729_672282.csv,True,False,False,1751928396.9543343,2905576.22218132
161409,1751925491.378304,1751927837.7749686,batch_consumer-sts-0_20250707_223729_672282.csv,True,False,False,1751928396.9543343,2905576.030254364
161419,1751925491.3785205,1751927837.797359,batch_consumer-sts-0_20250707_223729_672282.csv,True,False,False,1751928396.9543343,2905575.813770294
161429,1751925491.3787062,1751927837.8190906,batch_consumer-sts-0_20250707_223729_672282.csv,True,False,False,1751928396.9543343,2905575.628042221
161439,1751925491.3789265,1751927837.8411224,batch_consumer-sts-0_20250707_223729_672282.csv,True,False,False,1751928396.9543343,2905575.407743454
161449,1751925491.3791466,1751927837.863376,batch_consumer-sts-0_20250707_223729_672282.csv,True,False,False,1751928396.9543343,2905575.1876831055
161459,1751925491.3793595,1751927837.884205,batch_consumer-sts-0_20250707_223729_672282.csv,True,False,False,1751928396.9543343,2905574.9747753143
161469,1751925491.3795712,1751927837.9057336,batch_consumer-sts-0_20250707_223729_672282.csv,True,False,False,1751928396.9543343,2905574.763059616
161479,1751925491.3797925,1751927837.9277525,batch_consumer-sts-0_20250707_223729_672282.csv,True,False,False,1751928396.9543343,2905574.5418071747
161489,1751925491.3799863,1751927837.9499657,batch_consumer-sts-0_20250707_223729_672282.csv,True,False,False,1751928396.9543343,2905574.34797287
161499,1751925491.380176,1751927837.9729812,batch_consumer-sts-0_20250707_223729_672282.csv,True,False,False,1751928396.9543343,2905574.158191681
161509,1751925491.3803833,1751927837.9956083,batch_consumer-sts-0_20250707_223729_672282.csv,True,False,False,1751928396.9543343,2905573.9510059357
161519,1751925491.3805623,1751927838.017283,batch_consumer-sts-0_20250707_223729_672282.csv,True,False,False,1751928396.9543343,2905573.7719535828
161529,1751925491.3807445,1751927838.0403728,batch_consumer-sts-0_20250707_223729_672282.csv,True,False,False,1751928396.9543343,2905573.5898017883
161539,1751925491.3809323,1751927838.0649498,batch_consumer-sts-0_20250707_223729_672282.csv,True,False,False,1751928396.9543343,2905573.401927948
161549,1751925491.3811166,1751927838.0871534,batch_consumer-sts-0_20250707_223729_672282.csv,True,False,False,1751928396.9543343,2905573.2176303864
161559,1751925491.381297,1751927838.1075273,batch_consumer-sts-0_20250707_223729_672282.csv,True,False,False,1751928396.9543343,2905573.037147522
161569,1751925491.3814828,1751927838.1317573,batch_consumer-sts-0_20250707_223729_672282.csv,True,False,False,1751928396.9543343,2905572.851419449
161579,1751925491.381664,1751927838.153683,batch_consumer-sts-0_20250707_223729_672282.csv,True,False,False,1751928396.9543343,2905572.6702213287
161589,1751925491.3818498,1751927838.176379,batch_consumer-sts-0_20250707_223729_672282.csv,True,False,False,1751928396.9543343,2905572.4844932556
161599,1751925491.382038,1751927838.1984265,batch_consumer-sts-0_20250707_223729_672282.csv,True,False,False,1751928396.9543343,2905572.296142578
161609,1751925491.3822484,1751927838.220144,batch_consumer-sts-0_20250707_223729_672282.csv,True,False,False,1751928396.9543343,2905572.0858573914
161619,1751925491.382446,1751927838.2421882,batch_consumer-sts-0_20250707_223729_672282.csv,True,False,False,1751928396.9543343,2905571.8882083893
161629,1751925491.3826456,1751927838.2632253,batch_consumer-sts-0_20250707_223729_672282.csv,True,False,False,1751928396.9543343,2905571.6886520386
161639,1751925491.3828323,1751927838.284139,batch_consumer-sts-0_20250707_223729_672282.csv,True,False,False,1751928396.9543343,2905571.501970291
161649,1751925491.3830276,1751927838.3049252,batch_consumer-sts-0_20250707_223729_672282.csv,True,False,False,1751928396.9543343,2905571.306705475
161659,1751925491.3832722,1751927838.3270774,batch_consumer-sts-0_20250707_223729_672282.csv,True,False,False,1751928396.9543343,2905571.0620880127
161669,1751925491.3835282,1751927838.3493748,batch_consumer-sts-0_20250707_223729_672282.csv,True,False,False,1751928396.9543343,2905570.8060264587
161679,1751925491.383802,1751927838.372022,batch_consumer-sts-0_20250707_223729_672282.csv,True,False,False,1751928396.9543343,2905570.53232193
161689,1751925491.384061,1751927838.3948114,batch_consumer-sts-0_20250707_223729_672282.csv,True,False,False,1751928396.9543343,2905570.2731609344
161699,1751925491.3843071,1751927838.4166255,batch_consumer-sts-0_20250707_223729_672282.csv,True,False,False,1751928396.9543343,2905570.027112961
161709,1751925491.3845336,1751927838.4386668,batch_consumer-sts-0_20250707_223729_672282.csv,True,False,False,1751928396.9543343,2905569.8006153107
161719,1751925491.3847578,1751927838.4604535,batch_consumer-sts-0_20250707_223729_672282.csv,True,False,False,1751928396.9543343,2905569.5765018463
161729,1751925491.385074,1751927838.482641,batch_consumer-sts-0_20250707_223729_672282.csv,True,False,False,1751928396.9543343,2905569.2603588104
161739,1751925491.3853166,1751927838.5046666,batch_consumer-sts-0_20250707_223729_672282.csv,True,False,False,1751928396.9543343,2905569.017648697
161749,1751925491.385553,1751927838.5266075,batch_consumer-sts-0_20250707_223729_672282.csv,True,False,False,1751928396.9543343,2905568.781375885
163009,1751925491.416022,1751927838.548571,batch_consumer-sts-0_20250707_223729_672282.csv,True,False,False,1751928396.9543343,2905538.3121967316
163019,1751925491.4162562,1751927838.5711987,batch_consumer-sts-0_20250707_223729_672282.csv,True,False,False,1751928396.9543343,2905538.078069687
163029,1751925491.4164803,1751927838.5928977,batch_consumer-sts-0_20250707_223729_672282.csv,True,False,False,1751928396.9543343,2905537.8539562225
163039,1751925491.416709,1751927838.614381,batch_consumer-sts-0_20250707_223729_672282.csv,True,False,False,1751928396.9543343,2905537.625312805
163049,1751925491.4169405,1751927838.6365497,batch_consumer-sts-0_20250707_223729_672282.csv,True,False,False,1751928396.9543343,2905537.393808365
163059,1751925491.4171658,1751927838.6617184,batch_consumer-sts-0_20250707_223729_672282.csv,True,False,False,1751928396.9543343,2905537.1685028076
163069,1751925491.4173958,1751927838.7877057,batch_consumer-sts-0_20250707_223729_672282.csv,True,False,False,1751928396.9543343,2905536.938428879
163079,1751925491.4176235,1751927838.8099484,batch_consumer-sts-0_20250707_223729_672282.csv,True,False,False,1751928396.9543343,2905536.7107391357
163089,1751925491.4178498,1751927838.835678,batch_consumer-sts-0_20250707_223729_672282.csv,True,False,False,1751928396.9543343,2905536.484479904
163099,1751925491.4180818,1751927838.8579292,batch_consumer-sts-0_20250707_223729_672282.csv,True,False,False,1751928396.9543343,2905536.2524986267
163109,1751925491.4183233,1751927838.8807049,batch_consumer-sts-0_20250707_223729_672282.csv,True,False,False,1751928396.9543343,2905536.010980606
163119,1751925491.418557,1751927838.903173,batch_consumer-sts-0_20250707_223729_672282.csv,True,False,False,1751928396.9543343,2905535.7773303986
163129,1751925491.4187822,1751927839.0031617,batch_consumer-sts-0_20250707_223729_672282.csv,True,False,False,1751928396.9543343,2905535.5520248413
163139,1751925491.419013,1751927839.024036,batch_consumer-sts-0_20250707_223729_672282.csv,True,False,False,1751928396.9543343,2905535.3212356567
163149,1751925491.4192326,1751927839.0462694,batch_consumer-sts-0_20250707_223729_672282.csv,True,False,False,1751928396.9543343,2905535.1016521454
163159,1751925491.4194522,1751927839.068354,batch_consumer-sts-0_20250707_223729_672282.csv,True,False,False,1751928396.9543343,2905534.882068634
163169,1751925491.4196906,1751927839.0905557,batch_consumer-sts-0_20250707_223729_672282.csv,True,False,False,1751928396.9543343,2905534.643650055
163179,1751925491.4199193,1751927839.1118317,batch_consumer-sts-0_20250707_223729_672282.csv,True,False,False,1751928396.9543343,2905534.4150066376
163189,1751925491.4201517,1751927839.1377065,batch_consumer-sts-0_20250707_223729_672282.csv,True,False,False,1751928396.9543343,2905534.182548523
163199,1751925491.4203858,1751927839.1598508,batch_consumer-sts-0_20250707_223729_672282.csv,True,False,False,1751928396.9543343,2905533.9484214783
163209,1751925491.420613,1751927839.182029,batch_consumer-sts-0_20250707_223729_672282.csv,True,False,False,1751928396.9543343,2905533.7212085724
163219,1751925491.4208436,1751927839.2043655,batch_consumer-sts-0_20250707_223729_672282.csv,True,False,False,1751928396.9543343,2905533.4906578064
163229,1751925491.4210775,1751927839.2266126,batch_consumer-sts-0_20250707_223729_672282.csv,True,False,False,1751928396.9543343,2905533.2567691803
163239,1751925491.4213104,1751927839.248909,batch_consumer-sts-0_20250707_223729_672282.csv,True,False,False,1751928396.9543343,2905533.0238342285
163249,1751925491.421549,1751927839.2713156,batch_consumer-sts-0_20250707_223729_672282.csv,True,False,False,1751928396.9543343,2905532.785177231
163259,1751925491.4217863,1751927839.2935147,batch_consumer-sts-0_20250707_223729_672282.csv,True,False,False,1751928396.9543343,2905532.5479507446
163269,1751925491.422012,1751927839.3152578,batch_consumer-sts-0_20250707_223729_672282.csv,True,False,False,1751928396.9543343,2905532.32216835
163279,1751925491.4222453,1751927839.3364449,batch_consumer-sts-0_20250707_223729_672282.csv,True,False,False,1751928396.9543343,2905532.08899498
163289,1751925491.4224732,1751927839.3595734,batch_consumer-sts-0_20250707_223729_672282.csv,True,False,False,1751928396.9543343,2905531.8610668182
163299,1751925491.4227102,1751927839.3826137,batch_consumer-sts-0_20250707_223729_672282.csv,True,False,False,1751928396.9543343,2905531.6240787506
163309,1751925491.4229343,1751927839.4043136,batch_consumer-sts-0_20250707_223729_672282.csv,True,False,False,1751928396.9543343,2905531.3999652863
163319,1751925491.4231665,1751927839.425532,batch_consumer-sts-0_20250707_223729_672282.csv,True,False,False,1751928396.9543343,2905531.16774559
163329,1751925491.423392,1751927839.4479542,batch_consumer-sts-0_20250707_223729_672282.csv,True,False,False,1751928396.9543343,2905530.9422016144
163339,1751925491.4236162,1751927839.4702876,batch_consumer-sts-0_20250707_223729_672282.csv,True,False,False,1751928396.9543343,2905530.71808815
163349,1751925491.4238446,1751927839.498852,batch_consumer-sts-0_20250707_223729_672282.csv,True,False,False,1751928396.9543343,2905530.4896831512
163359,1751925491.4240744,1751927839.524105,batch_consumer-sts-0_20250707_223729_672282.csv,True,False,False,1751928396.9543343,2905530.259847641
163369,1751925491.4243124,1751927839.5454118,batch_consumer-sts-0_20250707_223729_672282.csv,True,False,False,1751928396.9543343,2905530.021905899
163379,1751925491.4245458,1751927839.5676785,batch_consumer-sts-0_20250707_223729_672282.csv,True,False,False,1751928396.9543343,2905529.78849411
163389,1751925491.4247742,1751927839.590081,batch_consumer-sts-0_20250707_223729_672282.csv,True,False,False,1751928396.9543343,2905529.5600891113
165679,1751925491.5957482,1751927839.6117682,batch_consumer-sts-0_20250707_223729_672282.csv,True,False,False,1751928396.9543343,2905358.5860729218
165689,1751925491.5959966,1751927839.6339183,batch_consumer-sts-0_20250707_223729_672282.csv,True,False,False,1751928396.9543343,2905358.3376407623
165699,1751925491.5962298,1751927839.656967,batch_consumer-sts-0_20250707_223729_672282.csv,True,False,False,1751928396.9543343,2905358.104467392
165709,1751925491.5964656,1751927839.6798525,batch_consumer-sts-0_20250707_223729_672282.csv,True,False,False,1751928396.9543343,2905357.8686714172
165719,1751925491.5967004,1751927839.7019994,batch_consumer-sts-0_20250707_223729_672282.csv,True,False,False,1751928396.9543343,2905357.633829117
165729,1751925491.59694,1751927839.7239964,batch_consumer-sts-0_20250707_223729_672282.csv,True,False,False,1751928396.9543343,2905357.394218445
165739,1751925491.59718,1751927839.746455,batch_consumer-sts-0_20250707_223729_672282.csv,True,False,False,1751928396.9543343,2905357.1543693542
165749,1751925491.597413,1751927839.7683156,batch_consumer-sts-0_20250707_223729_672282.csv,True,False,False,1751928396.9543343,2905356.921195984
165759,1751925491.5976372,1751927839.7905698,batch_consumer-sts-0_20250707_223729_672282.csv,True,False,False,1751928396.9543343,2905356.6970825195
165769,1751925491.597872,1751927839.8118298,batch_consumer-sts-0_20250707_223729_672282.csv,True,False,False,1751928396.9543343,2905356.462240219
165779,1751925491.5980954,1751927839.8383198,batch_consumer-sts-0_20250707_223729_672282.csv,True,False,False,1751928396.9543343,2905356.2388420105
165789,1751925491.5983336,1751927839.8591845,batch_consumer-sts-0_20250707_223729_672282.csv,True,False,False,1751928396.9543343,2905356.00066185
165799,1751925491.59856,1751927839.8811517,batch_consumer-sts-0_20250707_223729_672282.csv,True,False,False,1751928396.9543343,2905355.7741642
165809,1751925491.5987935,1751927839.9030566,batch_consumer-sts-0_20250707_223729_672282.csv,True,False,False,1751928396.9543343,2905355.540752411
165819,1751925491.599027,1751927839.9284172,batch_consumer-sts-0_20250707_223729_672282.csv,True,False,False,1751928396.9543343,2905355.307340622
165829,1751925491.5992622,1751927839.9502192,batch_consumer-sts-0_20250707_223729_672282.csv,True,False,False,1751928396.9543343,2905355.0720214844
165839,1751925491.5994933,1751927839.9735472,batch_consumer-sts-0_20250707_223729_672282.csv,True,False,False,1751928396.9543343,2905354.840993881
165849,1751925491.5997195,1751927839.9957166,batch_consumer-sts-0_20250707_223729_672282.csv,True,False,False,1751928396.9543343,2905354.6147346497
165859,1751925491.599951,1751927840.0173192,batch_consumer-sts-0_20250707_223729_672282.csv,True,False,False,1751928396.9543343,2905354.3832302094
165869,1751925491.600184,1751927840.0395453,batch_consumer-sts-0_20250707_223729_672282.csv,True,False,False,1751928396.9543343,2905354.1502952576
165879,1751925491.6004229,1751927840.0617363,batch_consumer-sts-0_20250707_223729_672282.csv,True,False,False,1751928396.9543343,2905353.9113998413
165889,1751925491.6006646,1751927840.0836508,batch_consumer-sts-0_20250707_223729_672282.csv,True,False,False,1751928396.9543343,2905353.669643402
165899,1751925491.6008973,1751927840.105647,batch_consumer-sts-0_20250707_223729_672282.csv,True,False,False,1751928396.9543343,2905353.436946869
165909,1751925491.6011307,1751927840.1388423,batch_consumer-sts-0_20250707_223729_672282.csv,True,False,False,1751928396.9543343,2905353.20353508
165919,1751925491.6013694,1751927840.1607108,batch_consumer-sts-0_20250707_223729_672282.csv,True,False,False,1751928396.9543343,2905352.9648780823
165929,1751925491.6016064,1751927840.182913,batch_consumer-sts-0_20250707_223729_672282.csv,True,False,False,1751928396.9543343,2905352.7278900146
165939,1751925491.6018412,1751927840.2048757,batch_consumer-sts-0_20250707_223729_672282.csv,True,False,False,1751928396.9543343,2905352.4930477142
165949,1751925491.6020908,1751927840.2268736,batch_consumer-sts-0_20250707_223729_672282.csv,True,False,False,1751928396.9543343,2905352.243423462
165959,1751925491.6023345,1751927840.248996,batch_consumer-sts-0_20250707_223729_672282.csv,True,False,False,1751928396.9543343,2905351.999759674
165969,1751925491.602574,1751927840.2711017,batch_consumer-sts-0_20250707_223729_672282.csv,True,False,False,1751928396.9543343,2905351.760149002
165979,1751925491.6028042,1751927840.2933128,batch_consumer-sts-0_20250707_223729_672282.csv,True,False,False,1751928396.9543343,2905351.5300750732
165989,1751925491.603056,1751927840.315137,batch_consumer-sts-0_20250707_223729_672282.csv,True,False,False,1751928396.9543343,2905351.2783050537
165999,1751925491.6033034,1751927840.3363445,batch_consumer-sts-0_20250707_223729_672282.csv,True,False,False,1751928396.9543343,2905351.0308265686
166009,1751925491.603547,1751927840.3571112,batch_consumer-sts-0_20250707_223729_672282.csv,True,False,False,1751928396.9543343,2905350.7871627808
166019,1751925491.6037776,1751927840.3791914,batch_consumer-sts-0_20250707_223729_672282.csv,True,False,False,1751928396.9543343,2905350.556612015
166029,1751925491.6040192,1751927840.4014528,batch_consumer-sts-0_20250707_223729_672282.csv,True,False,False,1751928396.9543343,2905350.315093994
166039,1751925491.6042511,1751927840.4233987,batch_consumer-sts-0_20250707_223729_672282.csv,True,False,False,1751928396.9543343,2905350.0831127167
166049,1751925491.6044817,1751927840.4472888,batch_consumer-sts-0_20250707_223729_672282.csv,True,False,False,1751928396.9543343,2905349.8525619507
166059,1751925491.6047063,1751927840.4693944,batch_consumer-sts-0_20250707_223729_672282.csv,True,False,False,1751928396.9543343,2905349.627971649
166069,1751925491.60494,1751927840.4916382,batch_consumer-sts-0_20250707_223729_672282.csv,True,False,False,1751928396.9543343,2905349.3943214417
166079,1751925491.6051784,1751927840.5133312,batch_consumer-sts-0_20250707_223729_672282.csv,True,False,False,1751928396.9543343,2905349.1559028625
166089,1751925491.605424,1751927840.5352762,batch_consumer-sts-0_20250707_223729_672282.csv,True,False,False,1751928396.9543343,2905348.910331726
166099,1751925491.605668,1751927840.557305,batch_consumer-sts-0_20250707_223729_672282.csv,True,False,False,1751928396.9543343,2905348.666191101
167609,1751925491.646684,1751927840.5793629,batch_consumer-sts-0_20250707_223729_672282.csv,True,False,False,1751928396.9543343,2905307.6503276825
167619,1751925491.6469207,1751927840.6010375,batch_consumer-sts-0_20250707_223729_672282.csv,True,False,False,1751928396.9543343,2905307.4135780334
167629,1751925491.6471505,1751927840.622394,batch_consumer-sts-0_20250707_223729_672282.csv,True,False,False,1751928396.9543343,2905307.183742523
167639,1751925491.6473808,1751927840.6444492,batch_consumer-sts-0_20250707_223729_672282.csv,True,False,False,1751928396.9543343,2905306.953430176
167649,1751925491.6476128,1751927840.666713,batch_consumer-sts-0_20250707_223729_672282.csv,True,False,False,1751928396.9543343,2905306.7214488983
167659,1751925491.6478398,1751927840.688906,batch_consumer-sts-0_20250707_223729_672282.csv,True,False,False,1751928396.9543343,2905306.494474411
167669,1751925491.6480644,1751927840.7101629,batch_consumer-sts-0_20250707_223729_672282.csv,True,False,False,1751928396.9543343,2905306.2698841095
167679,1751925491.6483016,1751927841.734114,batch_consumer-sts-0_20250707_223729_672282.csv,True,False,False,1751928396.9543343,2905306.0326576233
167689,1751925491.648533,1751927841.8214736,batch_consumer-sts-0_20250707_223729_672282.csv,True,False,False,1751928396.9543343,2905305.801153183
167699,1751925491.648776,1751927841.8438065,batch_consumer-sts-0_20250707_223729_672282.csv,True,False,False,1751928396.9543343,2905305.558204651
167709,1751925491.6490164,1751927841.8656826,batch_consumer-sts-0_20250707_223729_672282.csv,True,False,False,1751928396.9543343,2905305.317878723
167719,1751925491.649254,1751927841.8876953,batch_consumer-sts-0_20250707_223729_672282.csv,True,False,False,1751928396.9543343,2905305.0801754
167729,1751925491.6494808,1751927841.9095774,batch_consumer-sts-0_20250707_223729_672282.csv,True,False,False,1751928396.9543343,2905304.853439331
167739,1751925491.6497047,1751927841.9315217,batch_consumer-sts-0_20250707_223729_672282.csv,True,False,False,1751928396.9543343,2905304.6295642853
167749,1751925491.6499383,1751927841.9533775,batch_consumer-sts-0_20250707_223729_672282.csv,True,False,False,1751928396.9543343,2905304.3959140778
167759,1751925491.650177,1751927841.9754393,batch_consumer-sts-0_20250707_223729_672282.csv,True,False,False,1751928396.9543343,2905304.15725708
167769,1751925491.6504085,1751927841.997506,batch_consumer-sts-0_20250707_223729_672282.csv,True,False,False,1751928396.9543343,2905303.92575264
167779,1751925491.650638,1751927842.019018,batch_consumer-sts-0_20250707_223729_672282.csv,True,False,False,1751928396.9543343,2905303.696155548
167789,1751925491.650875,1751927842.0410552,batch_consumer-sts-0_20250707_223729_672282.csv,True,False,False,1751928396.9543343,2905303.4591674805
167799,1751925491.6511142,1751927842.0631142,batch_consumer-sts-0_20250707_223729_672282.csv,True,False,False,1751928396.9543343,2905303.2200336456
167809,1751925491.6513498,1751927842.0863488,batch_consumer-sts-0_20250707_223729_672282.csv,True,False,False,1751928396.9543343,2905302.9844760895
167819,1751925491.6515822,1751927842.1081665,batch_consumer-sts-0_20250707_223729_672282.csv,True,False,False,1751928396.9543343,2905302.752017975
167829,1751925491.6518142,1751927842.1303933,batch_consumer-sts-0_20250707_223729_672282.csv,True,False,False,1751928396.9543343,2905302.5200366974
167839,1751925491.6520424,1751927842.1530151,batch_consumer-sts-0_20250707_223729_672282.csv,True,False,False,1751928396.9543343,2905302.291870117
167849,1751925491.6522746,1751927842.179391,batch_consumer-sts-0_20250707_223729_672282.csv,True,False,False,1751928396.9543343,2905302.059650421
167859,1751925491.652508,1751927842.2015908,batch_consumer-sts-0_20250707_223729_672282.csv,True,False,False,1751928396.9543343,2905301.826238632
167869,1751925491.6527407,1751927842.224624,batch_consumer-sts-0_20250707_223729_672282.csv,True,False,False,1751928396.9543343,2905301.593542099
167879,1751925491.6529913,1751927842.2470047,batch_consumer-sts-0_20250707_223729_672282.csv,True,False,False,1751928396.9543343,2905301.3429641724
167889,1751925491.653224,1751927842.2695272,batch_consumer-sts-0_20250707_223729_672282.csv,True,False,False,1751928396.9543343,2905301.110267639
167899,1751925491.653458,1751927842.2921183,batch_consumer-sts-0_20250707_223729_672282.csv,True,False,False,1751928396.9543343,2905300.8761405945
167909,1751925491.653694,1751927842.313946,batch_consumer-sts-0_20250707_223729_672282.csv,True,False,False,1751928396.9543343,2905300.6403446198
167919,1751925491.6539264,1751927842.3367803,batch_consumer-sts-0_20250707_223729_672282.csv,True,False,False,1751928396.9543343,2905300.407886505
167929,1751925491.654167,1751927842.4571402,batch_consumer-sts-0_20250707_223729_672282.csv,True,False,False,1751928396.9543343,2905300.167322159
167939,1751925491.654399,1751927842.4794166,batch_consumer-sts-0_20250707_223729_672282.csv,True,False,False,1751928396.9543343,2905299.9353408813
167949,1751925491.6546197,1751927842.501274,batch_consumer-sts-0_20250707_223729_672282.csv,True,False,False,1751928396.9543343,2905299.714565277
167959,1751925491.6548529,1751927842.8292985,batch_consumer-sts-0_20250707_223729_672282.csv,True,False,False,1751928396.9543343,2905299.4813919067
167969,1751925491.6550815,1751927842.8523128,batch_consumer-sts-0_20250707_223729_672282.csv,True,False,False,1751928396.9543343,2905299.2527484894
167979,1751925491.6553135,1751927842.8733952,batch_consumer-sts-0_20250707_223729_672282.csv,True,False,False,1751928396.9543343,2905299.020767212
167989,1751925491.655547,1751927842.896495,batch_consumer-sts-0_20250707_223729_672282.csv,True,False,False,1751928396.9543343,2905298.787355423
167999,1751925491.6557698,1751927842.918127,batch_consumer-sts-0_20250707_223729_672282.csv,True,False,False,1751928396.9543343,2905298.5644340515
168009,1751925491.6559997,1751927842.9402254,batch_consumer-sts-0_20250707_223729_672282.csv,True,False,False,1751928396.9543343,2905298.3345985413
168019,1751925491.6562288,1751927842.962485,batch_consumer-sts-0_20250707_223729_672282.csv,True,False,False,1751928396.9543343,2905298.1054782867
168029,1751925491.656454,1751927842.984708,batch_consumer-sts-0_20250707_223729_672282.csv,True,False,False,1751928396.9543343,2905297.8801727295
170039,1751925491.707592,1751927843.0064766,batch_consumer-sts-0_20250707_223729_672282.csv,True,False,False,1751928396.9543343,2905246.742248535
170049,1751925491.7078326,1751927843.0284462,batch_consumer-sts-0_20250707_223729_672282.csv,True,False,False,1751928396.9543343,2905246.501684189
170059,1751925491.7080617,1751927843.0506384,batch_consumer-sts-0_20250707_223729_672282.csv,True,False,False,1751928396.9543343,2905246.2725639343
170069,1751925491.7082863,1751927843.072713,batch_consumer-sts-0_20250707_223729_672282.csv,True,False,False,1751928396.9543343,2905246.047973633
170079,1751925491.708513,1751927843.0944903,batch_consumer-sts-0_20250707_223729_672282.csv,True,False,False,1751928396.9543343,2905245.821237564
170089,1751925491.708744,1751927843.115631,batch_consumer-sts-0_20250707_223729_672282.csv,True,False,False,1751928396.9543343,2905245.590209961
170099,1751925491.7089753,1751927843.137507,batch_consumer-sts-0_20250707_223729_672282.csv,True,False,False,1751928396.9543343,2905245.358943939
170109,1751925491.7092009,1751927843.1592765,batch_consumer-sts-0_20250707_223729_672282.csv,True,False,False,1751928396.9543343,2905245.1333999634
170119,1751925491.7094283,1751927843.1816306,batch_consumer-sts-0_20250707_223729_672282.csv,True,False,False,1751928396.9543343,2905244.905948639
170129,1751925491.7096677,1751927843.2056687,batch_consumer-sts-0_20250707_223729_672282.csv,True,False,False,1751928396.9543343,2905244.6665763855
170139,1751925491.7099016,1751927843.228781,batch_consumer-sts-0_20250707_223729_672282.csv,True,False,False,1751928396.9543343,2905244.4326877594
170149,1751925491.7101383,1751927843.25108,batch_consumer-sts-0_20250707_223729_672282.csv,True,False,False,1751928396.9543343,2905244.1959381104
170159,1751925491.710384,1751927843.2741785,batch_consumer-sts-0_20250707_223729_672282.csv,True,False,False,1751928396.9543343,2905243.950366974
170169,1751925491.7106156,1751927843.2957835,batch_consumer-sts-0_20250707_223729_672282.csv,True,False,False,1751928396.9543343,2905243.718624115
170179,1751925491.7108426,1751927843.3174946,batch_consumer-sts-0_20250707_223729_672282.csv,True,False,False,1751928396.9543343,2905243.4916496277
170189,1751925491.7110653,1751927843.3402307,batch_consumer-sts-0_20250707_223729_672282.csv,True,False,False,1751928396.9543343,2905243.268966675
170199,1751925491.711295,1751927843.3626964,batch_consumer-sts-0_20250707_223729_672282.csv,True,False,False,1751928396.9543343,2905243.039369583
170209,1751925491.7115357,1751927843.3850071,batch_consumer-sts-0_20250707_223729_672282.csv,True,False,False,1751928396.9543343,2905242.7985668182
170219,1751925491.7117558,1751927843.4075458,batch_consumer-sts-0_20250707_223729_672282.csv,True,False,False,1751928396.9543343,2905242.5785064697
170229,1751925491.7119782,1751927843.4301765,batch_consumer-sts-0_20250707_223729_672282.csv,True,False,False,1751928396.9543343,2905242.3560619354
170239,1751925491.712216,1751927843.4534788,batch_consumer-sts-0_20250707_223729_672282.csv,True,False,False,1751928396.9543343,2905242.118358612
170249,1751925491.712447,1751927843.4766755,batch_consumer-sts-0_20250707_223729_672282.csv,True,False,False,1751928396.9543343,2905241.887331009
170259,1751925491.71268,1751927843.498848,batch_consumer-sts-0_20250707_223729_672282.csv,True,False,False,1751928396.9543343,2905241.6541576385
170269,1751925491.7129176,1751927843.5217588,batch_consumer-sts-0_20250707_223729_672282.csv,True,False,False,1751928396.9543343,2905241.4166927338
170279,1751925491.7131467,1751927843.5437,batch_consumer-sts-0_20250707_223729_672282.csv,True,False,False,1751928396.9543343,2905241.1875724792
170289,1751925491.713371,1751927843.565586,batch_consumer-sts-0_20250707_223729_672282.csv,True,False,False,1751928396.9543343,2905240.9632205963
170299,1751925491.713599,1751927843.5876863,batch_consumer-sts-0_20250707_223729_672282.csv,True,False,False,1751928396.9543343,2905240.7352924347
170309,1751925491.7138417,1751927843.6090837,batch_consumer-sts-0_20250707_223729_672282.csv,True,False,False,1751928396.9543343,2905240.492582321
170319,1751925491.7140672,1751927843.630846,batch_consumer-sts-0_20250707_223729_672282.csv,True,False,False,1751928396.9543343,2905240.2670383453
170329,1751925491.7143111,1751927843.6525767,batch_consumer-sts-0_20250707_223729_672282.csv,True,False,False,1751928396.9543343,2905240.023136139
170339,1751925491.7145493,1751927843.6743696,batch_consumer-sts-0_20250707_223729_672282.csv,True,False,False,1751928396.9543343,2905239.7849559784
170349,1751925491.714785,1751927843.6964152,batch_consumer-sts-0_20250707_223729_672282.csv,True,False,False,1751928396.9543343,2905239.5491600037
170359,1751925491.7150228,1751927843.7167568,batch_consumer-sts-0_20250707_223729_672282.csv,True,False,False,1751928396.9543343,2905239.3114566803
170369,1751925491.7152605,1751927843.7387304,batch_consumer-sts-0_20250707_223729_672282.csv,True,False,False,1751928396.9543343,2905239.073753357
170379,1751925491.7154918,1751927843.7604964,batch_consumer-sts-0_20250707_223729_672282.csv,True,False,False,1751928396.9543343,2905238.842487335
170389,1751925491.71573,1751927843.7823842,batch_consumer-sts-0_20250707_223729_672282.csv,True,False,False,1751928396.9543343,2905238.6043071747
170399,1751925491.7159586,1751927843.962088,batch_consumer-sts-0_20250707_223729_672282.csv,True,False,False,1751928396.9543343,2905238.3756637573
170409,1751925491.7161925,1751927843.9838705,batch_consumer-sts-0_20250707_223729_672282.csv,True,False,False,1751928396.9543343,2905238.141775131
170419,1751925491.7164116,1751927844.0053976,batch_consumer-sts-0_20250707_223729_672282.csv,True,False,False,1751928396.9543343,2905237.922668457
170429,1751925491.716639,1751927844.0272312,batch_consumer-sts-0_20250707_223729_672282.csv,True,False,False,1751928396.9543343,2905237.6952171326
170439,1751925491.716872,1751927844.049195,batch_consumer-sts-0_20250707_223729_672282.csv,True,False,False,1751928396.9543343,2905237.462282181
170449,1751925491.7171023,1751927844.070856,batch_consumer-sts-0_20250707_223729_672282.csv,True,False,False,1751928396.9543343,2905237.2319698334
170459,1751925491.717334,1751927844.0929306,batch_consumer-sts-0_20250707_223729_672282.csv,True,False,False,1751928396.9543343,2905237.0002269745
170469,1751925491.7175648,1751927844.1146235,batch_consumer-sts-0_20250707_223729_672282.csv,True,False,False,1751928396.9543343,2905236.76943779
173019,1751925491.7786047,1751927844.1365218,batch_consumer-sts-0_20250707_223729_672282.csv,True,False,False,1751928396.9543343,2905175.7295131683
173029,1751925491.778849,1751927844.1585011,batch_consumer-sts-0_20250707_223729_672282.csv,True,False,False,1751928396.9543343,2905175.4853725433
173039,1751925491.7790897,1751927844.1839664,batch_consumer-sts-0_20250707_223729_672282.csv,True,False,False,1751928396.9543343,2905175.2445697784
173049,1751925491.7793338,1751927844.205764,batch_consumer-sts-0_20250707_223729_672282.csv,True,False,False,1751928396.9543343,2905175.0004291534
173059,1751925491.7795477,1751927844.2277822,batch_consumer-sts-0_20250707_223729_672282.csv,True,False,False,1751928396.9543343,2905174.786567688
173069,1751925491.779739,1751927844.250013,batch_consumer-sts-0_20250707_223729_672282.csv,True,False,False,1751928396.9543343,2905174.5953559875
173079,1751925491.7799246,1751927844.272437,batch_consumer-sts-0_20250707_223729_672282.csv,True,False,False,1751928396.9543343,2905174.4096279144
173089,1751925491.78011,1751927844.294763,batch_consumer-sts-0_20250707_223729_672282.csv,True,False,False,1751928396.9543343,2905174.2243766785
173099,1751925491.780285,1751927844.3159437,batch_consumer-sts-0_20250707_223729_672282.csv,True,False,False,1751928396.9543343,2905174.0493774414
173109,1751925491.7804675,1751927844.3380518,batch_consumer-sts-0_20250707_223729_672282.csv,True,False,False,1751928396.9543343,2905173.86674881
173119,1751925491.7806523,1751927844.3608446,batch_consumer-sts-0_20250707_223729_672282.csv,True,False,False,1751928396.9543343,2905173.681974411
173129,1751925491.7808368,1751927844.3836288,batch_consumer-sts-0_20250707_223729_672282.csv,True,False,False,1751928396.9543343,2905173.497438431
173139,1751925491.7810147,1751927844.40561,batch_consumer-sts-0_20250707_223729_672282.csv,True,False,False,1751928396.9543343,2905173.319578171
173149,1751925491.7812014,1751927844.4276662,batch_consumer-sts-0_20250707_223729_672282.csv,True,False,False,1751928396.9543343,2905173.1328964233
173159,1751925491.7813888,1751927844.4497004,batch_consumer-sts-0_20250707_223729_672282.csv,True,False,False,1751928396.9543343,2905172.94549942
173169,1751925491.7815695,1751927844.4719665,batch_consumer-sts-0_20250707_223729_672282.csv,True,False,False,1751928396.9543343,2905172.764778137
173179,1751925491.781748,1751927844.4943724,batch_consumer-sts-0_20250707_223729_672282.csv,True,False,False,1751928396.9543343,2905172.5862026215
173189,1751925491.7819242,1751927844.5160272,batch_consumer-sts-0_20250707_223729_672282.csv,True,False,False,1751928396.9543343,2905172.4100112915
173199,1751925491.782102,1751927844.544067,batch_consumer-sts-0_20250707_223729_672282.csv,True,False,False,1751928396.9543343,2905172.2321510315
173209,1751925491.782337,1751927844.5662136,batch_consumer-sts-0_20250707_223729_672282.csv,True,False,False,1751928396.9543343,2905171.997308731
173219,1751925491.7825725,1751927844.5871096,batch_consumer-sts-0_20250707_223729_672282.csv,True,False,False,1751928396.9543343,2905171.761751175
173229,1751925491.782807,1751927844.608781,batch_consumer-sts-0_20250707_223729_672282.csv,True,False,False,1751928396.9543343,2905171.527147293
173239,1751925491.783043,1751927844.6356957,batch_consumer-sts-0_20250707_223729_672282.csv,True,False,False,1751928396.9543343,2905171.2913513184
173249,1751925491.7833383,1751927844.6575682,batch_consumer-sts-0_20250707_223729_672282.csv,True,False,False,1751928396.9543343,2905170.995950699
173259,1751925491.783561,1751927844.6796105,batch_consumer-sts-0_20250707_223729_672282.csv,True,False,False,1751928396.9543343,2905170.773267746
173269,1751925491.7837627,1751927844.70161,batch_consumer-sts-0_20250707_223729_672282.csv,True,False,False,1751928396.9543343,2905170.571565628
173279,1751925491.783961,1751927844.725075,batch_consumer-sts-0_20250707_223729_672282.csv,True,False,False,1751928396.9543343,2905170.3732013702
173289,1751925491.7841651,1751927844.747653,batch_consumer-sts-0_20250707_223729_672282.csv,True,False,False,1751928396.9543343,2905170.1691150665
173299,1751925491.7843633,1751927844.7698402,batch_consumer-sts-0_20250707_223729_672282.csv,True,False,False,1751928396.9543343,2905169.9709892273
173309,1751925491.7845683,1751927844.7918851,batch_consumer-sts-0_20250707_223729_672282.csv,True,False,False,1751928396.9543343,2905169.7659492493
173319,1751925491.7847552,1751927844.813294,batch_consumer-sts-0_20250707_223729_672282.csv,True,False,False,1751928396.9543343,2905169.5790290833
173329,1751925491.7849443,1751927844.8401778,batch_consumer-sts-0_20250707_223729_672282.csv,True,False,False,1751928396.9543343,2905169.38996315
173339,1751925491.7851286,1751927844.862103,batch_consumer-sts-0_20250707_223729_672282.csv,True,False,False,1751928396.9543343,2905169.2056655884
173349,1751925491.785312,1751927844.8843942,batch_consumer-sts-0_20250707_223729_672282.csv,True,False,False,1751928396.9543343,2905169.022321701
173359,1751925491.7854996,1751927844.9059727,batch_consumer-sts-0_20250707_223729_672282.csv,True,False,False,1751928396.9543343,2905168.8346862793
173369,1751925491.7856834,1751927844.927453,batch_consumer-sts-0_20250707_223729_672282.csv,True,False,False,1751928396.9543343,2905168.650865555
173379,1751925491.785865,1751927844.9493256,batch_consumer-sts-0_20250707_223729_672282.csv,True,False,False,1751928396.9543343,2905168.4691905975
173389,1751925491.786047,1751927844.9701023,batch_consumer-sts-0_20250707_223729_672282.csv,True,False,False,1751928396.9543343,2905168.2872772217
173399,1751925491.786263,1751927844.9921272,batch_consumer-sts-0_20250707_223729_672282.csv,True,False,False,1751928396.9543343,2905168.071269989
173409,1751925491.786489,1751927845.0136602,batch_consumer-sts-0_20250707_223729_672282.csv,True,False,False,1751928396.9543343,2905167.845249176
173419,1751925491.7867131,1751927845.035751,batch_consumer-sts-0_20250707_223729_672282.csv,True,False,False,1751928396.9543343,2905167.6211357117
173429,1751925491.786935,1751927845.0579054,batch_consumer-sts-0_20250707_223729_672282.csv,True,False,False,1751928396.9543343,2905167.3991680145
173439,1751925491.7871463,1751927845.0802395,batch_consumer-sts-0_20250707_223729_672282.csv,True,False,False,1751928396.9543343,2905167.1879291534
173449,1751925491.7873764,1751927845.103775,batch_consumer-sts-0_20250707_223729_672282.csv,True,False,False,1751928396.9543343,2905166.9578552246
173459,1751925491.7875726,1751927845.125443,batch_consumer-sts-0_20250707_223729_672282.csv,True,False,False,1751928396.9543343,2905166.761636734
173469,1751925491.7877598,1751927845.1474369,batch_consumer-sts-0_20250707_223729_672282.csv,True,False,False,1751928396.9543343,2905166.5744781494
173479,1751925491.7879496,1751927845.1690502,batch_consumer-sts-0_20250707_223729_672282.csv,True,False,False,1751928396.9543343,2905166.3846969604
173489,1751925491.7881436,1751927845.1906943,batch_consumer-sts-0_20250707_223729_672282.csv,True,False,False,1751928396.9543343,2905166.190624237
173499,1751925491.7883253,1751927845.211872,batch_consumer-sts-0_20250707_223729_672282.csv,True,False,False,1751928396.9543343,2905166.00894928
173509,1751925491.788509,1751927845.2339048,batch_consumer-sts-0_20250707_223729_672282.csv,True,False,False,1751928396.9543343,2905165.825366974
174039,1751925491.7987113,1751927845.2559936,batch_consumer-sts-0_20250707_223729_672282.csv,True,False,False,1751928396.9543343,2905155.622959137
174049,1751925491.7988954,1751927845.2778208,batch_consumer-sts-0_20250707_223729_672282.csv,True,False,False,1751928396.9543343,2905155.438899994
174059,1751925491.7990856,1751927845.299406,batch_consumer-sts-0_20250707_223729_672282.csv,True,False,False,1751928396.9543343,2905155.248641968
174069,1751925491.7992766,1751927845.326279,batch_consumer-sts-0_20250707_223729_672282.csv,True,False,False,1751928396.9543343,2905155.057668686
174079,1751925491.799476,1751927845.3479304,batch_consumer-sts-0_20250707_223729_672282.csv,True,False,False,1751928396.9543343,2905154.858350754
174089,1751925491.7996554,1751927845.3695874,batch_consumer-sts-0_20250707_223729_672282.csv,True,False,False,1751928396.9543343,2905154.6788215637
174099,1751925491.799837,1751927845.393227,batch_consumer-sts-0_20250707_223729_672282.csv,True,False,False,1751928396.9543343,2905154.4971466064
174109,1751925491.8000154,1751927845.4144084,batch_consumer-sts-0_20250707_223729_672282.csv,True,False,False,1751928396.9543343,2905154.3188095093
174119,1751925491.800202,1751927845.440319,batch_consumer-sts-0_20250707_223729_672282.csv,True,False,False,1751928396.9543343,2905154.1323661804
174129,1751925491.8003757,1751927845.4622908,batch_consumer-sts-0_20250707_223729_672282.csv,True,False,False,1751928396.9543343,2905153.9585590363
174139,1751925491.8005614,1751927845.4856038,batch_consumer-sts-0_20250707_223729_672282.csv,True,False,False,1751928396.9543343,2905153.772830963
174149,1751925491.8007429,1751927845.5073388,batch_consumer-sts-0_20250707_223729_672282.csv,True,False,False,1751928396.9543343,2905153.5913944244
174159,1751925491.800925,1751927845.5300508,batch_consumer-sts-0_20250707_223729_672282.csv,True,False,False,1751928396.9543343,2905153.40924263
174169,1751925491.801128,1751927845.5522647,batch_consumer-sts-0_20250707_223729_672282.csv,True,False,False,1751928396.9543343,2905153.206348419
174179,1751925491.8013122,1751927845.5759358,batch_consumer-sts-0_20250707_223729_672282.csv,True,False,False,1751928396.9543343,2905153.0220508575
174189,1751925491.80149,1751927845.5982652,batch_consumer-sts-0_20250707_223729_672282.csv,True,False,False,1751928396.9543343,2905152.8441905975
174199,1751925491.8016677,1751927845.6197534,batch_consumer-sts-0_20250707_223729_672282.csv,True,False,False,1751928396.9543343,2905152.666568756
174209,1751925491.8023207,1751927845.6419656,batch_consumer-sts-0_20250707_223729_672282.csv,True,False,False,1751928396.9543343,2905152.013540268
174219,1751925491.8025029,1751927845.6643877,batch_consumer-sts-0_20250707_223729_672282.csv,True,False,False,1751928396.9543343,2905151.8313884735
174229,1751925491.802684,1751927845.687152,batch_consumer-sts-0_20250707_223729_672282.csv,True,False,False,1751928396.9543343,2905151.6501903534
174239,1751925491.802866,1751927845.7090764,batch_consumer-sts-0_20250707_223729_672282.csv,True,False,False,1751928396.9543343,2905151.4682769775
174249,1751925491.803052,1751927845.731264,batch_consumer-sts-0_20250707_223729_672282.csv,True,False,False,1751928396.9543343,2905151.282310486
174259,1751925491.8032334,1751927845.7534468,batch_consumer-sts-0_20250707_223729_672282.csv,True,False,False,1751928396.9543343,2905151.100873947
174269,1751925491.80343,1751927845.775719,batch_consumer-sts-0_20250707_223729_672282.csv,True,False,False,1751928396.9543343,2905150.9041786194
174279,1751925491.8036132,1751927845.7991345,batch_consumer-sts-0_20250707_223729_672282.csv,True,False,False,1751928396.9543343,2905150.7210731506
174289,1751925491.8037822,1751927845.8206682,batch_consumer-sts-0_20250707_223729_672282.csv,True,False,False,1751928396.9543343,2905150.552034378
174299,1751925491.803957,1751927845.842638,batch_consumer-sts-0_20250707_223729_672282.csv,True,False,False,1751928396.9543343,2905150.3772735596
174309,1751925491.804134,1751927845.8647254,batch_consumer-sts-0_20250707_223729_672282.csv,True,False,False,1751928396.9543343,2905150.200366974
174319,1751925491.8043053,1751927845.8867562,batch_consumer-sts-0_20250707_223729_672282.csv,True,False,False,1751928396.9543343,2905150.0289440155
174329,1751925491.8044877,1751927845.908419,batch_consumer-sts-0_20250707_223729_672282.csv,True,False,False,1751928396.9543343,2905149.8465538025
174339,1751925491.804662,1751927846.9323833,batch_consumer-sts-0_20250707_223729_672282.csv,True,False,False,1751928396.9543343,2905149.672269821
174349,1751925491.8048377,1751927847.034614,batch_consumer-sts-0_20250707_223729_672282.csv,True,False,False,1751928396.9543343,2905149.4965553284
174359,1751925491.805015,1751927847.0563493,batch_consumer-sts-0_20250707_223729_672282.csv,True,False,False,1751928396.9543343,2905149.3191719055
174369,1751925491.8051925,1751927847.077108,batch_consumer-sts-0_20250707_223729_672282.csv,True,False,False,1751928396.9543343,2905149.1417884827
174379,1751925491.805369,1751927847.1037002,batch_consumer-sts-0_20250707_223729_672282.csv,True,False,False,1751928396.9543343,2905148.965358734
174389,1751925491.8055508,1751927847.1254375,batch_consumer-sts-0_20250707_223729_672282.csv,True,False,False,1751928396.9543343,2905148.7834453583
174399,1751925491.8057268,1751927847.1482058,batch_consumer-sts-0_20250707_223729_672282.csv,True,False,False,1751928396.9543343,2905148.607492447
174409,1751925491.8059037,1751927847.1699991,batch_consumer-sts-0_20250707_223729_672282.csv,True,False,False,1751928396.9543343,2905148.430585861
174419,1751925491.8060837,1751927847.19119,batch_consumer-sts-0_20250707_223729_672282.csv,True,False,False,1751928396.9543343,2905148.250579834
174429,1751925491.8063357,1751927847.2131402,batch_consumer-sts-0_20250707_223729_672282.csv,True,False,False,1751928396.9543343,2905147.998571396
174439,1751925491.8065283,1751927847.2349904,batch_consumer-sts-0_20250707_223729_672282.csv,True,False,False,1751928396.9543343,2905147.805929184
174449,1751925491.8067162,1751927847.2569227,batch_consumer-sts-0_20250707_223729_672282.csv,True,False,False,1751928396.9543343,2905147.6180553436
174459,1751925491.8069065,1751927847.2801943,batch_consumer-sts-0_20250707_223729_672282.csv,True,False,False,1751928396.9543343,2905147.4277973175
174469,1751925491.8070962,1751927847.3018107,batch_consumer-sts-0_20250707_223729_672282.csv,True,False,False,1751928396.9543343,2905147.2380161285
174479,1751925491.8072903,1751927847.3240345,batch_consumer-sts-0_20250707_223729_672282.csv,True,False,False,1751928396.9543343,2905147.043943405
174489,1751925491.807481,1751927847.3461616,batch_consumer-sts-0_20250707_223729_672282.csv,True,False,False,1751928396.9543343,2905146.853208542
174499,1751925491.807658,1751927847.372426,batch_consumer-sts-0_20250707_223729_672282.csv,True,False,False,1751928396.9543343,2905146.676301956
174509,1751925491.807834,1751927847.395486,batch_consumer-sts-0_20250707_223729_672282.csv,True,False,False,1751928396.9543343,2905146.500349045
174519,1751925491.8080144,1751927847.4169748,batch_consumer-sts-0_20250707_223729_672282.csv,True,False,False,1751928396.9543343,2905146.3198661804
174529,1751925491.8081925,1751927847.4400945,batch_consumer-sts-0_20250707_223729_672282.csv,True,False,False,1751928396.9543343,2905146.141767502
174539,1751925491.8083756,1751927847.4622295,batch_consumer-sts-0_20250707_223729_672282.csv,True,False,False,1751928396.9543343,2905145.958662033
174549,1751925491.8085628,1751927847.4875898,batch_consumer-sts-0_20250707_223729_672282.csv,True,False,False,1751928396.9543343,2905145.7715034485
175929,1751925491.83913,1751927847.5096529,batch_consumer-sts-0_20250707_223729_672282.csv,True,False,False,1751928396.9543343,2905115.204334259
175939,1751925491.8393157,1751927847.5320103,batch_consumer-sts-0_20250707_223729_672282.csv,True,False,False,1751928396.9543343,2905115.018606186
175949,1751925491.8394945,1751927847.5543826,batch_consumer-sts-0_20250707_223729_672282.csv,True,False,False,1751928396.9543343,2905114.8397922516
175959,1751925491.8396778,1751927847.5769067,batch_consumer-sts-0_20250707_223729_672282.csv,True,False,False,1751928396.9543343,2905114.6564483643
175969,1751925491.8398626,1751927847.599229,batch_consumer-sts-0_20250707_223729_672282.csv,True,False,False,1751928396.9543343,2905114.4716739655
175979,1751925491.840057,1751927847.6213417,batch_consumer-sts-0_20250707_223729_672282.csv,True,False,False,1751928396.9543343,2905114.2773628235
175989,1751925491.840243,1751927848.2819507,batch_consumer-sts-0_20250707_223729_672282.csv,True,False,False,1751928396.9543343,2905114.091157913
175999,1751925491.8404307,1751927848.3038816,batch_consumer-sts-0_20250707_223729_672282.csv,True,False,False,1751928396.9543343,2905113.9035224915
176009,1751925491.8406155,1751927848.3276234,batch_consumer-sts-0_20250707_223729_672282.csv,True,False,False,1751928396.9543343,2905113.7187480927
176019,1751925491.8407974,1751927848.350058,batch_consumer-sts-0_20250707_223729_672282.csv,True,False,False,1751928396.9543343,2905113.536834717
176029,1751925491.840987,1751927848.375413,batch_consumer-sts-0_20250707_223729_672282.csv,True,False,False,1751928396.9543343,2905113.3472919464
176039,1751925491.8411744,1751927848.397781,batch_consumer-sts-0_20250707_223729_672282.csv,True,False,False,1751928396.9543343,2905113.1598949432
176049,1751925491.8413513,1751927848.4189837,batch_consumer-sts-0_20250707_223729_672282.csv,True,False,False,1751928396.9543343,2905112.9829883575
176059,1751925491.8415306,1751927848.440919,batch_consumer-sts-0_20250707_223729_672282.csv,True,False,False,1751928396.9543343,2905112.803697586
176069,1751925491.8417137,1751927848.4628692,batch_consumer-sts-0_20250707_223729_672282.csv,True,False,False,1751928396.9543343,2905112.6205921173
176079,1751925491.841899,1751927848.484903,batch_consumer-sts-0_20250707_223729_672282.csv,True,False,False,1751928396.9543343,2905112.4353408813
176089,1751925491.842076,1751927848.506653,batch_consumer-sts-0_20250707_223729_672282.csv,True,False,False,1751928396.9543343,2905112.258195877
176099,1751925491.8422875,1751927848.52852,batch_consumer-sts-0_20250707_223729_672282.csv,True,False,False,1751928396.9543343,2905112.0467185974
176109,1751925491.8424828,1751927848.550633,batch_consumer-sts-0_20250707_223729_672282.csv,True,False,False,1751928396.9543343,2905111.851453781
176119,1751925491.8426726,1751927848.574102,batch_consumer-sts-0_20250707_223729_672282.csv,True,False,False,1751928396.9543343,2905111.661672592
176129,1751925491.8428662,1751927848.5961611,batch_consumer-sts-0_20250707_223729_672282.csv,True,False,False,1751928396.9543343,2905111.468076706
176139,1751925491.8430636,1751927848.6172953,batch_consumer-sts-0_20250707_223729_672282.csv,True,False,False,1751928396.9543343,2905111.2706661224
176149,1751925491.843259,1751927848.638527,batch_consumer-sts-0_20250707_223729_672282.csv,True,False,False,1751928396.9543343,2905111.0751628876
176159,1751925491.8434691,1751927848.6601224,batch_consumer-sts-0_20250707_223729_672282.csv,True,False,False,1751928396.9543343,2905110.8651161194
176169,1751925491.8436668,1751927848.68175,batch_consumer-sts-0_20250707_223729_672282.csv,True,False,False,1751928396.9543343,2905110.6674671173
176179,1751925491.8438485,1751927848.7033184,batch_consumer-sts-0_20250707_223729_672282.csv,True,False,False,1751928396.9543343,2905110.48579216
176189,1751925491.8440297,1751927848.7251966,batch_consumer-sts-0_20250707_223729_672282.csv,True,False,False,1751928396.9543343,2905110.30459404
176199,1751925491.845786,1751927848.7469203,batch_consumer-sts-0_20250707_223729_672282.csv,True,False,False,1751928396.9543343,2905108.5481643677
176209,1751925491.8459704,1751927848.7688549,batch_consumer-sts-0_20250707_223729_672282.csv,True,False,False,1751928396.9543343,2905108.363866806
176219,1751925491.8461633,1751927848.7905774,batch_consumer-sts-0_20250707_223729_672282.csv,True,False,False,1751928396.9543343,2905108.1709861755
176229,1751925491.846349,1751927848.8123434,batch_consumer-sts-0_20250707_223729_672282.csv,True,False,False,1751928396.9543343,2905107.9852581024
176239,1751925491.8465345,1751927848.8333888,batch_consumer-sts-0_20250707_223729_672282.csv,True,False,False,1751928396.9543343,2905107.799768448
176249,1751925491.846722,1751927848.8557568,batch_consumer-sts-0_20250707_223729_672282.csv,True,False,False,1751928396.9543343,2905107.6123714447
176259,1751925491.8469012,1751927848.8783488,batch_consumer-sts-0_20250707_223729_672282.csv,True,False,False,1751928396.9543343,2905107.433080673
176269,1751925491.8470883,1751927848.899439,batch_consumer-sts-0_20250707_223729_672282.csv,True,False,False,1751928396.9543343,2905107.2459220886
176279,1751925491.847272,1751927849.1558409,batch_consumer-sts-0_20250707_223729_672282.csv,True,False,False,1751928396.9543343,2905107.0623397827
176289,1751925491.8474593,1751927849.1792476,batch_consumer-sts-0_20250707_223729_672282.csv,True,False,False,1751928396.9543343,2905106.8749427795
176299,1751925491.8476453,1751927849.201467,batch_consumer-sts-0_20250707_223729_672282.csv,True,False,False,1751928396.9543343,2905106.688976288
176309,1751925491.8478303,1751927849.2239003,batch_consumer-sts-0_20250707_223729_672282.csv,True,False,False,1751928396.9543343,2905106.5039634705
176319,1751925491.8480146,1751927849.2461205,batch_consumer-sts-0_20250707_223729_672282.csv,True,False,False,1751928396.9543343,2905106.319665909
176329,1751925491.848201,1751927849.2688365,batch_consumer-sts-0_20250707_223729_672282.csv,True,False,False,1751928396.9543343,2905106.13322258
176339,1751925491.848385,1751927849.2911825,batch_consumer-sts-0_20250707_223729_672282.csv,True,False,False,1751928396.9543343,2905105.949163437
176349,1751925491.8485658,1751927849.31241,batch_consumer-sts-0_20250707_223729_672282.csv,True,False,False,1751928396.9543343,2905105.768442154
176359,1751925491.8487556,1751927849.3348217,batch_consumer-sts-0_20250707_223729_672282.csv,True,False,False,1751928396.9543343,2905105.578660965
176369,1751925491.8489437,1751927849.356581,batch_consumer-sts-0_20250707_223729_672282.csv,True,False,False,1751928396.9543343,2905105.390548706
176379,1751925491.8491328,1751927849.3786244,batch_consumer-sts-0_20250707_223729_672282.csv,True,False,False,1751928396.9543343,2905105.201482773
176389,1751925491.8493116,1751927849.4012437,batch_consumer-sts-0_20250707_223729_672282.csv,True,False,False,1751928396.9543343,2905105.0226688385
176399,1751925491.849489,1751927849.4260082,batch_consumer-sts-0_20250707_223729_672282.csv,True,False,False,1751928396.9543343,2905104.8452854156
176409,1751925491.8496668,1751927849.4522388,batch_consumer-sts-0_20250707_223729_672282.csv,True,False,False,1751928396.9543343,2905104.6674251556
176419,1751925491.8498569,1751927849.4743772,batch_consumer-sts-0_20250707_223729_672282.csv,True,False,False,1751928396.9543343,2905104.477405548
176429,1751925491.8500423,1751927849.496806,batch_consumer-sts-0_20250707_223729_672282.csv,True,False,False,1751928396.9543343,2905104.2919158936
176439,1751925491.8502629,1751927849.518212,batch_consumer-sts-0_20250707_223729_672282.csv,True,False,False,1751928396.9543343,2905104.071378708
176449,1751925491.850454,1751927849.5403504,batch_consumer-sts-0_20250707_223729_672282.csv,True,False,False,1751928396.9543343,2905103.8801670074
176459,1751925491.8506482,1751927849.562399,batch_consumer-sts-0_20250707_223729_672282.csv,True,False,False,1751928396.9543343,2905103.686094284
176469,1751925491.85084,1751927849.5841737,batch_consumer-sts-0_20250707_223729_672282.csv,True,False,False,1751928396.9543343,2905103.494167328
176479,1751925491.8510234,1751927849.605815,batch_consumer-sts-0_20250707_223729_672282.csv,True,False,False,1751928396.9543343,2905103.3108234406
176489,1751925491.851207,1751927849.6277747,batch_consumer-sts-0_20250707_223729_672282.csv,True,False,False,1751928396.9543343,2905103.1272411346
176499,1751925491.851396,1751927849.64982,batch_consumer-sts-0_20250707_223729_672282.csv,True,False,False,1751928396.9543343,2905102.9381752014
176509,1751925491.8515768,1751927849.8663514,batch_consumer-sts-0_20250707_223746_502997.csv,True,False,False,1751928396.9543343,2905102.7574539185
176519,1751925491.8517597,1751927849.88898,batch_consumer-sts-0_20250707_223746_502997.csv,True,False,False,1751928396.9543343,2905102.5745868683
176529,1751925491.8519433,1751927849.9106247,batch_consumer-sts-0_20250707_223746_502997.csv,True,False,False,1751928396.9543343,2905102.3910045624
176539,1751925491.852119,1751927849.9325964,batch_consumer-sts-0_20250707_223746_502997.csv,True,False,False,1751928396.9543343,2905102.2152900696
176549,1751925491.8523016,1751927849.9576445,batch_consumer-sts-0_20250707_223746_502997.csv,True,False,False,1751928396.9543343,2905102.032661438
176559,1751925491.852489,1751927849.9800484,batch_consumer-sts-0_20250707_223746_502997.csv,True,False,False,1751928396.9543343,2905101.845264435
176569,1751925491.8526735,1751927850.0020497,batch_consumer-sts-0_20250707_223746_502997.csv,True,False,False,1751928396.9543343,2905101.6607284546
176579,1751925491.8528652,1751927850.0240524,batch_consumer-sts-0_20250707_223746_502997.csv,True,False,False,1751928396.9543343,2905101.469039917
176589,1751925491.8530543,1751927850.0465074,batch_consumer-sts-0_20250707_223746_502997.csv,True,False,False,1751928396.9543343,2905101.2799739838
176599,1751925491.8532383,1751927850.0692973,batch_consumer-sts-0_20250707_223746_502997.csv,True,False,False,1751928396.9543343,2905101.0959148407
176609,1751925491.853421,1751927850.0918603,batch_consumer-sts-0_20250707_223746_502997.csv,True,False,False,1751928396.9543343,2905100.913286209
176619,1751925491.853598,1751927850.113471,batch_consumer-sts-0_20250707_223746_502997.csv,True,False,False,1751928396.9543343,2905100.736141205
176629,1751925491.8537762,1751927850.135604,batch_consumer-sts-0_20250707_223746_502997.csv,True,False,False,1751928396.9543343,2905100.5580425262
176639,1751925491.853953,1751927850.1581223,batch_consumer-sts-0_20250707_223746_502997.csv,True,False,False,1751928396.9543343,2905100.381374359
176649,1751925491.8541288,1751927850.1804926,batch_consumer-sts-0_20250707_223746_502997.csv,True,False,False,1751928396.9543343,2905100.2054214478
176659,1751925491.854349,1751927850.203837,batch_consumer-sts-0_20250707_223746_502997.csv,True,False,False,1751928396.9543343,2905099.9853610992
176669,1751925491.854534,1751927850.2327127,batch_consumer-sts-0_20250707_223746_502997.csv,True,False,False,1751928396.9543343,2905099.800348282
176679,1751925491.8547125,1751927850.255146,batch_consumer-sts-0_20250707_223746_502997.csv,True,False,False,1751928396.9543343,2905099.621772766
176689,1751925491.854895,1751927850.2779615,batch_consumer-sts-0_20250707_223746_502997.csv,True,False,False,1751928396.9543343,2905099.4391441345
176699,1751925491.855071,1751927850.3003874,batch_consumer-sts-0_20250707_223746_502997.csv,True,False,False,1751928396.9543343,2905099.263191223
176709,1751925491.8552516,1751927850.3227978,batch_consumer-sts-0_20250707_223746_502997.csv,True,False,False,1751928396.9543343,2905099.0827083588
176719,1751925491.8554332,1751927850.3448913,batch_consumer-sts-0_20250707_223746_502997.csv,True,False,False,1751928396.9543343,2905098.9010334015
186589,1751925492.2061744,1751927850.366839,batch_consumer-sts-0_20250707_223746_502997.csv,True,False,False,1751928396.9543343,2904748.1598854065
186599,1751925492.206579,1751927850.388739,batch_consumer-sts-0_20250707_223746_502997.csv,True,False,False,1751928396.9543343,2904747.7552890778
186609,1751925492.2068722,1751927850.4103465,batch_consumer-sts-0_20250707_223746_502997.csv,True,False,False,1751928396.9543343,2904747.4620342255
186619,1751925492.2071047,1751927850.4322703,batch_consumer-sts-0_20250707_223746_502997.csv,True,False,False,1751928396.9543343,2904747.229576111
186629,1751925492.2073476,1751927850.4544845,batch_consumer-sts-0_20250707_223746_502997.csv,True,False,False,1751928396.9543343,2904746.9866275787
186639,1751925492.2075984,1751927850.476722,batch_consumer-sts-0_20250707_223746_502997.csv,True,False,False,1751928396.9543343,2904746.7358112335
186649,1751925492.2078407,1751927850.4985306,batch_consumer-sts-0_20250707_223746_502997.csv,True,False,False,1751928396.9543343,2904746.493577957
186659,1751925492.2080824,1751927850.5201757,batch_consumer-sts-0_20250707_223746_502997.csv,True,False,False,1751928396.9543343,2904746.251821518
186669,1751925492.2083185,1751927850.54225,batch_consumer-sts-0_20250707_223746_502997.csv,True,False,False,1751928396.9543343,2904746.0157871246
186679,1751925492.2085488,1751927850.5640328,batch_consumer-sts-0_20250707_223746_502997.csv,True,False,False,1751928396.9543343,2904745.785474777
186689,1751925492.208779,1751927850.5860822,batch_consumer-sts-0_20250707_223746_502997.csv,True,False,False,1751928396.9543343,2904745.55516243
186699,1751925492.2090178,1751927850.608197,batch_consumer-sts-0_20250707_223746_502997.csv,True,False,False,1751928396.9543343,2904745.316505432
186709,1751925492.2092454,1751927850.633026,batch_consumer-sts-0_20250707_223746_502997.csv,True,False,False,1751928396.9543343,2904745.088815689
186719,1751925492.209472,1751927850.6565323,batch_consumer-sts-0_20250707_223746_502997.csv,True,False,False,1751928396.9543343,2904744.862318039
186729,1751925492.209713,1751927850.6793685,batch_consumer-sts-0_20250707_223746_502997.csv,True,False,False,1751928396.9543343,2904744.6212768555
186739,1751925492.209957,1751927850.7016227,batch_consumer-sts-0_20250707_223746_502997.csv,True,False,False,1751928396.9543343,2904744.377374649
186749,1751925492.2102065,1751927850.724017,batch_consumer-sts-0_20250707_223746_502997.csv,True,False,False,1751928396.9543343,2904744.1277503967
186759,1751925492.2104456,1751927850.746183,batch_consumer-sts-0_20250707_223746_502997.csv,True,False,False,1751928396.9543343,2904743.888616562
186769,1751925492.2106874,1751927850.7682855,batch_consumer-sts-0_20250707_223746_502997.csv,True,False,False,1751928396.9543343,2904743.6468601227
186779,1751925492.2109284,1751927850.790624,batch_consumer-sts-0_20250707_223746_502997.csv,True,False,False,1751928396.9543343,2904743.405818939
186789,1751925492.211165,1751927850.8121903,batch_consumer-sts-0_20250707_223746_502997.csv,True,False,False,1751928396.9543343,2904743.1693077087
186799,1751925492.211398,1751927850.83441,batch_consumer-sts-0_20250707_223746_502997.csv,True,False,False,1751928396.9543343,2904742.936372757
186809,1751925492.2116363,1751927850.8588748,batch_consumer-sts-0_20250707_223746_502997.csv,True,False,False,1751928396.9543343,2904742.697954178
186819,1751925492.2118762,1751927850.881571,batch_consumer-sts-0_20250707_223746_502997.csv,True,False,False,1751928396.9543343,2904742.4581050873
186829,1751925492.2121146,1751927850.903339,batch_consumer-sts-0_20250707_223746_502997.csv,True,False,False,1751928396.9543343,2904742.219686508
186839,1751925492.21235,1751927850.9269466,batch_consumer-sts-0_20250707_223746_502997.csv,True,False,False,1751928396.9543343,2904741.9843673706
186849,1751925492.2125928,1751927850.9493012,batch_consumer-sts-0_20250707_223746_502997.csv,True,False,False,1751928396.9543343,2904741.7414188385
186859,1751925492.2128491,1751927850.971676,batch_consumer-sts-0_20250707_223746_502997.csv,True,False,False,1751928396.9543343,2904741.485118866
186869,1751925492.2130964,1751927850.994103,batch_consumer-sts-0_20250707_223746_502997.csv,True,False,False,1751928396.9543343,2904741.2378787994
186879,1751925492.2133462,1751927851.0155602,batch_consumer-sts-0_20250707_223746_502997.csv,True,False,False,1751928396.9543343,2904740.9880161285
186889,1751925492.2135904,1751927851.0377493,batch_consumer-sts-0_20250707_223746_502997.csv,True,False,False,1751928396.9543343,2904740.7438755035
186899,1751925492.213848,1751927851.0596373,batch_consumer-sts-0_20250707_223746_502997.csv,True,False,False,1751928396.9543343,2904740.4861450195
186909,1751925492.214084,1751927851.0824213,batch_consumer-sts-0_20250707_223746_502997.csv,True,False,False,1751928396.9543343,2904740.250349045
186919,1751925492.214334,1751927851.103968,batch_consumer-sts-0_20250707_223746_502997.csv,True,False,False,1751928396.9543343,2904740.0002479553
186929,1751925492.214579,1751927851.125574,batch_consumer-sts-0_20250707_223746_502997.csv,True,False,False,1751928396.9543343,2904739.755153656
186939,1751925492.214826,1751927851.1477046,batch_consumer-sts-0_20250707_223746_502997.csv,True,False,False,1751928396.9543343,2904739.508152008
186949,1751925492.2150748,1751927851.1694062,batch_consumer-sts-0_20250707_223746_502997.csv,True,False,False,1751928396.9543343,2904739.25948143
186959,1751925492.215325,1751927851.191199,batch_consumer-sts-0_20250707_223746_502997.csv,True,False,False,1751928396.9543343,2904739.009141922
186969,1751925492.215573,1751927852.2142303,batch_consumer-sts-0_20250707_223746_502997.csv,True,False,False,1751928396.9543343,2904738.7611865997
186979,1751925492.215822,1751927852.2350223,batch_consumer-sts-0_20250707_223746_502997.csv,True,False,False,1751928396.9543343,2904738.512277603
186989,1751925492.216071,1751927852.256641,batch_consumer-sts-0_20250707_223746_502997.csv,True,False,False,1751928396.9543343,2904738.2633686066
188519,1751925492.2568676,1751927852.278699,batch_consumer-sts-0_20250707_223746_502997.csv,True,False,False,1751928396.9543343,2904697.466611862
188529,1751925492.2571025,1751927852.3007407,batch_consumer-sts-0_20250707_223746_502997.csv,True,False,False,1751928396.9543343,2904697.231769562
188539,1751925492.2573855,1751927852.3224132,batch_consumer-sts-0_20250707_223746_502997.csv,True,False,False,1751928396.9543343,2904696.9487667084
188549,1751925492.2578995,1751927852.3442266,batch_consumer-sts-0_20250707_223746_502997.csv,True,False,False,1751928396.9543343,2904696.434736252
188559,1751925492.2581358,1751927852.3658967,batch_consumer-sts-0_20250707_223746_502997.csv,True,False,False,1751928396.9543343,2904696.19846344
188569,1751925492.2583823,1751927852.3880806,batch_consumer-sts-0_20250707_223746_502997.csv,True,False,False,1751928396.9543343,2904695.951938629
188579,1751925492.2587605,1751927852.409398,batch_consumer-sts-0_20250707_223746_502997.csv,True,False,False,1751928396.9543343,2904695.5738067627
188589,1751925492.2591152,1751927852.4359064,batch_consumer-sts-0_20250707_223746_502997.csv,True,False,False,1751928396.9543343,2904695.219039917
188599,1751925492.2594724,1751927852.4577525,batch_consumer-sts-0_20250707_223746_502997.csv,True,False,False,1751928396.9543343,2904694.8618888855
188609,1751925492.25976,1751927852.4798665,batch_consumer-sts-0_20250707_223746_502997.csv,True,False,False,1751928396.9543343,2904694.574356079
188619,1751925492.260214,1751927852.5019538,batch_consumer-sts-0_20250707_223746_502997.csv,True,False,False,1751928396.9543343,2904694.120168686
188629,1751925492.2604358,1751927852.5337782,batch_consumer-sts-0_20250707_223746_502997.csv,True,False,False,1751928396.9543343,2904693.8984394073
188639,1751925492.2606635,1751927852.5561855,batch_consumer-sts-0_20250707_223746_502997.csv,True,False,False,1751928396.9543343,2904693.6707496643
188649,1751925492.260893,1751927852.57846,batch_consumer-sts-0_20250707_223746_502997.csv,True,False,False,1751928396.9543343,2904693.4411525726
188659,1751925492.2612083,1751927852.6011295,batch_consumer-sts-0_20250707_223746_502997.csv,True,False,False,1751928396.9543343,2904693.125963211
188669,1751925492.2615883,1751927852.6231031,batch_consumer-sts-0_20250707_223746_502997.csv,True,False,False,1751928396.9543343,2904692.745923996
188679,1751925492.2628975,1751927852.6456728,batch_consumer-sts-0_20250707_223746_502997.csv,True,False,False,1751928396.9543343,2904691.436767578
188689,1751925492.2638812,1751927852.668194,batch_consumer-sts-0_20250707_223746_502997.csv,True,False,False,1751928396.9543343,2904690.4530525208
188699,1751925492.2641082,1751927852.6894984,batch_consumer-sts-0_20250707_223746_502997.csv,True,False,False,1751928396.9543343,2904690.2260780334
188709,1751925492.2643447,1751927852.711559,batch_consumer-sts-0_20250707_223746_502997.csv,True,False,False,1751928396.9543343,2904689.989566803
188719,1751925492.2645743,1751927852.7338254,batch_consumer-sts-0_20250707_223746_502997.csv,True,False,False,1751928396.9543343,2904689.7599697113
188729,1751925492.2648013,1751927852.9520917,batch_consumer-sts-0_20250707_223746_502997.csv,True,False,False,1751928396.9543343,2904689.532995224
188739,1751925492.2650352,1751927852.9740222,batch_consumer-sts-0_20250707_223746_502997.csv,True,False,False,1751928396.9543343,2904689.299106598
188749,1751925492.2652724,1751927852.996496,batch_consumer-sts-0_20250707_223746_502997.csv,True,False,False,1751928396.9543343,2904689.0618801117
188759,1751925492.2655008,1751927853.0180025,batch_consumer-sts-0_20250707_223746_502997.csv,True,False,False,1751928396.9543343,2904688.833475113
188769,1751925492.265732,1751927853.040684,batch_consumer-sts-0_20250707_223746_502997.csv,True,False,False,1751928396.9543343,2904688.602209091
188779,1751925492.2662218,1751927853.0683544,batch_consumer-sts-0_20250707_223746_502997.csv,True,False,False,1751928396.9543343,2904688.1124973297
188789,1751925492.266711,1751927853.0893626,batch_consumer-sts-0_20250707_223746_502997.csv,True,False,False,1751928396.9543343,2904687.6232624054
193909,1751925492.4420505,1751927853.1112769,batch_consumer-sts-0_20250707_223746_502997.csv,True,False,False,1751928396.9543343,2904512.2838020325
193919,1751925492.442297,1751927853.1330404,batch_consumer-sts-0_20250707_223746_502997.csv,True,False,False,1751928396.9543343,2904512.0372772217
193929,1751925492.4425302,1751927853.1556866,batch_consumer-sts-0_20250707_223746_502997.csv,True,False,False,1751928396.9543343,2904511.8041038513
193939,1751925492.4427612,1751927853.1770785,batch_consumer-sts-0_20250707_223746_502997.csv,True,False,False,1751928396.9543343,2904511.573076248
193949,1751925492.4429913,1751927853.1989098,batch_consumer-sts-0_20250707_223746_502997.csv,True,False,False,1751928396.9543343,2904511.3430023193
193959,1751925492.4432228,1751927853.2201183,batch_consumer-sts-0_20250707_223746_502997.csv,True,False,False,1751928396.9543343,2904511.111497879
193969,1751925492.443463,1751927853.2416537,batch_consumer-sts-0_20250707_223746_502997.csv,True,False,False,1751928396.9543343,2904510.8711719513
193979,1751925492.4436903,1751927853.2636125,batch_consumer-sts-0_20250707_223746_502997.csv,True,False,False,1751928396.9543343,2904510.6439590454
193989,1751925492.4439187,1751927853.2855818,batch_consumer-sts-0_20250707_223746_502997.csv,True,False,False,1751928396.9543343,2904510.4155540466
193999,1751925492.4441502,1751927853.3073149,batch_consumer-sts-0_20250707_223746_502997.csv,True,False,False,1751928396.9543343,2904510.1840496063
194009,1751925492.4443812,1751927853.3315103,batch_consumer-sts-0_20250707_223746_502997.csv,True,False,False,1751928396.9543343,2904509.953022003
194019,1751925492.444613,1751927853.35335,batch_consumer-sts-0_20250707_223746_502997.csv,True,False,False,1751928396.9543343,2904509.7212791443
194029,1751925492.4448464,1751927853.3774736,batch_consumer-sts-0_20250707_223746_502997.csv,True,False,False,1751928396.9543343,2904509.4878673553
194039,1751925492.445076,1751927853.3999712,batch_consumer-sts-0_20250707_223746_502997.csv,True,False,False,1751928396.9543343,2904509.2582702637
194049,1751925492.4453082,1751927853.4216037,batch_consumer-sts-0_20250707_223746_502997.csv,True,False,False,1751928396.9543343,2904509.0260505676
194059,1751925492.4455388,1751927853.4436555,batch_consumer-sts-0_20250707_223746_502997.csv,True,False,False,1751928396.9543343,2904508.7954998016
194069,1751925492.4457629,1751927853.465608,batch_consumer-sts-0_20250707_223746_502997.csv,True,False,False,1751928396.9543343,2904508.5713863373
194079,1751925492.4459865,1751927853.4878492,batch_consumer-sts-0_20250707_223746_502997.csv,True,False,False,1751928396.9543343,2904508.34774971
194089,1751925492.44624,1751927853.5093217,batch_consumer-sts-0_20250707_223746_502997.csv,True,False,False,1751928396.9543343,2904508.0943107605
194099,1751925492.4464753,1751927853.531448,batch_consumer-sts-0_20250707_223746_502997.csv,True,False,False,1751928396.9543343,2904507.858991623
194109,1751925492.44671,1751927853.5535712,batch_consumer-sts-0_20250707_223746_502997.csv,True,False,False,1751928396.9543343,2904507.6241493225
194119,1751925492.4469469,1751927853.5762627,batch_consumer-sts-0_20250707_223746_502997.csv,True,False,False,1751928396.9543343,2904507.3873996735
194129,1751925492.447181,1751927853.5990784,batch_consumer-sts-0_20250707_223746_502997.csv,True,False,False,1751928396.9543343,2904507.153272629
194139,1751925492.4474168,1751927853.6218932,batch_consumer-sts-0_20250707_223746_502997.csv,True,False,False,1751928396.9543343,2904506.917476654
194149,1751925492.4476457,1751927853.6440265,batch_consumer-sts-0_20250707_223746_502997.csv,True,False,False,1751928396.9543343,2904506.688594818
194159,1751925492.447881,1751927853.6661656,batch_consumer-sts-0_20250707_223746_502997.csv,True,False,False,1751928396.9543343,2904506.4532756805
194169,1751925492.448115,1751927853.6883166,batch_consumer-sts-0_20250707_223746_502997.csv,True,False,False,1751928396.9543343,2904506.219148636
194179,1751925492.4483452,1751927853.7100964,batch_consumer-sts-0_20250707_223746_502997.csv,True,False,False,1751928396.9543343,2904505.989074707
194189,1751925492.448579,1751927853.7364347,batch_consumer-sts-0_20250707_223746_502997.csv,True,False,False,1751928396.9543343,2904505.755186081
194199,1751925492.448814,1751927853.7585988,batch_consumer-sts-0_20250707_223746_502997.csv,True,False,False,1751928396.9543343,2904505.5203437805
194209,1751925492.4490504,1751927853.7807634,batch_consumer-sts-0_20250707_223746_502997.csv,True,False,False,1751928396.9543343,2904505.28383255
194219,1751925492.449277,1751927853.8024447,batch_consumer-sts-0_20250707_223746_502997.csv,True,False,False,1751928396.9543343,2904505.0573349
194229,1751925492.44951,1751927853.8248503,batch_consumer-sts-0_20250707_223746_502997.csv,True,False,False,1751928396.9543343,2904504.8241615295
194239,1751925492.4497378,1751927853.8465016,batch_consumer-sts-0_20250707_223746_502997.csv,True,False,False,1751928396.9543343,2904504.5964717865
194249,1751925492.4499598,1751927853.8690066,batch_consumer-sts-0_20250707_223746_502997.csv,True,False,False,1751928396.9543343,2904504.3745040894
194259,1751925492.4501948,1751927853.8912325,batch_consumer-sts-0_20250707_223746_502997.csv,True,False,False,1751928396.9543343,2904504.1394233704
194269,1751925492.4505358,1751927853.9120271,batch_consumer-sts-0_20250707_223746_502997.csv,True,False,False,1751928396.9543343,2904503.7984848022
194279,1751925492.4508202,1751927853.934456,batch_consumer-sts-0_20250707_223746_502997.csv,True,False,False,1751928396.9543343,2904503.5140514374
194289,1751925492.4510453,1751927853.9575326,batch_consumer-sts-0_20250707_223746_502997.csv,True,False,False,1751928396.9543343,2904503.2889842987
194299,1751925492.4515457,1751927853.9796147,batch_consumer-sts-0_20250707_223746_502997.csv,True,False,False,1751928396.9543343,2904502.788543701
194309,1751925492.4577043,1751927854.0013828,batch_consumer-sts-0_20250707_223746_502997.csv,True,False,False,1751928396.9543343,2904496.6299533844
194319,1751925492.458573,1751927854.0223567,batch_consumer-sts-0_20250707_223746_502997.csv,True,False,False,1751928396.9543343,2904495.761156082
194329,1751925492.4588215,1751927854.4036248,batch_consumer-sts-0_20250707_223746_502997.csv,True,False,False,1751928396.9543343,2904495.5127239227
194339,1751925492.4593508,1751927854.4323192,batch_consumer-sts-0_20250707_223746_502997.csv,True,False,False,1751928396.9543343,2904494.983434677
194349,1751925492.459588,1751927854.4542484,batch_consumer-sts-0_20250707_223746_502997.csv,True,False,False,1751928396.9543343,2904494.746208191
194359,1751925492.4598234,1751927854.476492,batch_consumer-sts-0_20250707_223746_502997.csv,True,False,False,1751928396.9543343,2904494.5108890533
194369,1751925492.460055,1751927854.4986336,batch_consumer-sts-0_20250707_223746_502997.csv,True,False,False,1751928396.9543343,2904494.2791461945
194379,1751925492.4602845,1751927854.5221395,batch_consumer-sts-0_20250707_223746_502997.csv,True,False,False,1751928396.9543343,2904494.0497875214
194389,1751925492.4605186,1751927854.5470848,batch_consumer-sts-0_20250707_223746_502997.csv,True,False,False,1751928396.9543343,2904493.8156604767
194399,1751925492.4607508,1751927854.569714,batch_consumer-sts-0_20250707_223746_502997.csv,True,False,False,1751928396.9543343,2904493.5834407806
194409,1751925492.4609928,1751927854.5932214,batch_consumer-sts-0_20250707_223746_502997.csv,True,False,False,1751928396.9543343,2904493.341445923
194419,1751925492.461227,1751927854.6140938,batch_consumer-sts-0_20250707_223746_502997.csv,True,False,False,1751928396.9543343,2904493.107318878
194429,1751925492.4618428,1751927854.6360755,batch_consumer-sts-0_20250707_223746_502997.csv,True,False,False,1751928396.9543343,2904492.4914836884
194439,1751925492.4623263,1751927854.659087,batch_consumer-sts-0_20250707_223746_502997.csv,True,False,False,1751928396.9543343,2904492.00797081
194449,1751925492.4627266,1751927854.681863,batch_consumer-sts-0_20250707_223746_502997.csv,True,False,False,1751928396.9543343,2904491.6076660156
194459,1751925492.4632497,1751927854.7039676,batch_consumer-sts-0_20250707_223746_502997.csv,True,False,False,1751928396.9543343,2904491.084575653
194469,1751925492.4635162,1751927854.7254655,batch_consumer-sts-0_20250707_223746_502997.csv,True,False,False,1751928396.9543343,2904490.8180236816
194479,1751925492.463785,1751927854.7477973,batch_consumer-sts-0_20250707_223746_502997.csv,True,False,False,1751928396.9543343,2904490.549325943
194489,1751925492.464049,1751927854.7726598,batch_consumer-sts-0_20250707_223746_502997.csv,True,False,False,1751928396.9543343,2904490.2851581573
194499,1751925492.464318,1751927854.7955763,batch_consumer-sts-0_20250707_223746_502997.csv,True,False,False,1751928396.9543343,2904490.016222
194509,1751925492.4645824,1751927854.8177693,batch_consumer-sts-0_20250707_223746_502997.csv,True,False,False,1751928396.9543343,2904489.751815796
194519,1751925492.464844,1751927854.8401036,batch_consumer-sts-0_20250707_223746_502997.csv,True,False,False,1751928396.9543343,2904489.4902706146
194529,1751925492.4651017,1751927854.8621097,batch_consumer-sts-0_20250707_223746_502997.csv,True,False,False,1751928396.9543343,2904489.2325401306
194539,1751925492.4653645,1751927854.8848212,batch_consumer-sts-0_20250707_223746_502997.csv,True,False,False,1751928396.9543343,2904488.9698028564
194549,1751925492.4656205,1751927854.9069033,batch_consumer-sts-0_20250707_223746_502997.csv,True,False,False,1751928396.9543343,2904488.7137413025
194559,1751925492.4658847,1751927854.9289732,batch_consumer-sts-0_20250707_223746_502997.csv,True,False,False,1751928396.9543343,2904488.449573517
194569,1751925492.4661684,1751927854.9514248,batch_consumer-sts-0_20250707_223746_502997.csv,True,False,False,1751928396.9543343,2904488.1658554077
194579,1751925492.466434,1751927854.9735482,batch_consumer-sts-0_20250707_223746_502997.csv,True,False,False,1751928396.9543343,2904487.9002571106
194589,1751925492.4666634,1751927854.9955935,batch_consumer-sts-0_20250707_223746_502997.csv,True,False,False,1751928396.9543343,2904487.6708984375
194599,1751925492.4668903,1751927855.0174246,batch_consumer-sts-0_20250707_223746_502997.csv,True,False,False,1751928396.9543343,2904487.44392395
194609,1751925492.467131,1751927855.0394578,batch_consumer-sts-0_20250707_223746_502997.csv,True,False,False,1751928396.9543343,2904487.203359604
194619,1751925492.4673662,1751927855.063621,batch_consumer-sts-0_20250707_223746_502997.csv,True,False,False,1751928396.9543343,2904486.9680404663
194629,1751925492.467602,1751927855.086031,batch_consumer-sts-0_20250707_223746_502997.csv,True,False,False,1751928396.9543343,2904486.7322444916
195909,1751925492.4982667,1751927855.1079583,batch_consumer-sts-0_20250707_223746_502997.csv,True,False,False,1751928396.9543343,2904456.0675621033
195919,1751925492.4984958,1751927855.1303763,batch_consumer-sts-0_20250707_223746_502997.csv,True,False,False,1751928396.9543343,2904455.8384418488
195929,1751925492.498726,1751927855.1525643,batch_consumer-sts-0_20250707_223746_502997.csv,True,False,False,1751928396.9543343,2904455.60836792
195939,1751925492.4989593,1751927855.174652,batch_consumer-sts-0_20250707_223746_502997.csv,True,False,False,1751928396.9543343,2904455.374956131
195949,1751925492.4991913,1751927855.1967826,batch_consumer-sts-0_20250707_223746_502997.csv,True,False,False,1751928396.9543343,2904455.1429748535
195959,1751925492.4994178,1751927855.2183127,batch_consumer-sts-0_20250707_223746_502997.csv,True,False,False,1751928396.9543343,2904454.9164772034
195969,1751925492.499648,1751927855.2403564,batch_consumer-sts-0_20250707_223746_502997.csv,True,False,False,1751928396.9543343,2904454.686164856
195979,1751925492.499874,1751927855.2624853,batch_consumer-sts-0_20250707_223746_502997.csv,True,False,False,1751928396.9543343,2904454.460144043
195989,1751925492.5001023,1751927855.2844477,batch_consumer-sts-0_20250707_223746_502997.csv,True,False,False,1751928396.9543343,2904454.231977463
195999,1751925492.5003304,1751927855.3057516,batch_consumer-sts-0_20250707_223746_502997.csv,True,False,False,1751928396.9543343,2904454.0038108826
196009,1751925492.500566,1751927855.327382,batch_consumer-sts-0_20250707_223746_502997.csv,True,False,False,1751928396.9543343,2904453.7682533264
196019,1751925492.5008132,1751927855.3480644,batch_consumer-sts-0_20250707_223746_502997.csv,True,False,False,1751928396.9543343,2904453.52101326
196029,1751925492.5010557,1751927855.369685,batch_consumer-sts-0_20250707_223746_502997.csv,True,False,False,1751928396.9543343,2904453.278541565
196039,1751925492.5012937,1751927855.3914468,batch_consumer-sts-0_20250707_223746_502997.csv,True,False,False,1751928396.9543343,2904453.040599823
196049,1751925492.501533,1751927855.4127328,batch_consumer-sts-0_20250707_223746_502997.csv,True,False,False,1751928396.9543343,2904452.8012275696
196059,1751925492.5017765,1751927855.4380686,batch_consumer-sts-0_20250707_223746_502997.csv,True,False,False,1751928396.9543343,2904452.5578022003
196069,1751925492.502009,1751927855.4606802,batch_consumer-sts-0_20250707_223746_502997.csv,True,False,False,1751928396.9543343,2904452.3253440857
196079,1751925492.502252,1751927855.4832382,batch_consumer-sts-0_20250707_223746_502997.csv,True,False,False,1751928396.9543343,2904452.082157135
196089,1751925492.5024917,1751927855.5043275,batch_consumer-sts-0_20250707_223746_502997.csv,True,False,False,1751928396.9543343,2904451.842546463
196099,1751925492.5027273,1751927855.5252955,batch_consumer-sts-0_20250707_223746_502997.csv,True,False,False,1751928396.9543343,2904451.606988907
196109,1751925492.502956,1751927855.5475786,batch_consumer-sts-0_20250707_223746_502997.csv,True,False,False,1751928396.9543343,2904451.3783454895
196119,1751925492.5031848,1751927855.5698297,batch_consumer-sts-0_20250707_223746_502997.csv,True,False,False,1751928396.9543343,2904451.1494636536
196129,1751925492.5034196,1751927855.592059,batch_consumer-sts-0_20250707_223746_502997.csv,True,False,False,1751928396.9543343,2904450.914621353
196139,1751925492.503648,1751927855.6134098,batch_consumer-sts-0_20250707_223746_502997.csv,True,False,False,1751928396.9543343,2904450.6862163544
196149,1751925492.5038843,1751927855.6355271,batch_consumer-sts-0_20250707_223746_502997.csv,True,False,False,1751928396.9543343,2904450.4499435425
196159,1751925492.5041213,1751927855.6578004,batch_consumer-sts-0_20250707_223746_502997.csv,True,False,False,1751928396.9543343,2904450.212955475
196169,1751925492.504359,1751927855.6818943,batch_consumer-sts-0_20250707_223746_502997.csv,True,False,False,1751928396.9543343,2904449.9752521515
196179,1751925492.5045917,1751927855.7055314,batch_consumer-sts-0_20250707_223746_502997.csv,True,False,False,1751928396.9543343,2904449.7425556183
196189,1751925492.5048256,1751927855.7320514,batch_consumer-sts-0_20250707_223746_502997.csv,True,False,False,1751928396.9543343,2904449.508666992
196199,1751925492.5050623,1751927855.7566504,batch_consumer-sts-0_20250707_223746_502997.csv,True,False,False,1751928396.9543343,2904449.271917343
196209,1751925492.505304,1751927855.7790706,batch_consumer-sts-0_20250707_223746_502997.csv,True,False,False,1751928396.9543343,2904449.030160904
196219,1751925492.5055397,1751927855.8023992,batch_consumer-sts-0_20250707_223746_502997.csv,True,False,False,1751928396.9543343,2904448.794603348
196229,1751925492.5057738,1751927855.8247342,batch_consumer-sts-0_20250707_223746_502997.csv,True,False,False,1751928396.9543343,2904448.560476303
196239,1751925492.506005,1751927855.8468063,batch_consumer-sts-0_20250707_223746_502997.csv,True,False,False,1751928396.9543343,2904448.3292102814
196249,1751925492.5062528,1751927855.8690052,batch_consumer-sts-0_20250707_223746_502997.csv,True,False,False,1751928396.9543343,2904448.0814933777
196259,1751925492.5064895,1751927855.8914309,batch_consumer-sts-0_20250707_223746_502997.csv,True,False,False,1751928396.9543343,2904447.8447437286
196269,1751925492.506729,1751927855.91271,batch_consumer-sts-0_20250707_223746_502997.csv,True,False,False,1751928396.9543343,2904447.605371475
196279,1751925492.5069606,1751927855.937986,batch_consumer-sts-0_20250707_223746_502997.csv,True,False,False,1751928396.9543343,2904447.3736286163
196289,1751925492.507193,1751927855.9602537,batch_consumer-sts-0_20250707_223746_502997.csv,True,False,False,1751928396.9543343,2904447.1411705017
196299,1751925492.5074272,1751927855.9824588,batch_consumer-sts-0_20250707_223746_502997.csv,True,False,False,1751928396.9543343,2904446.907043457
196309,1751925492.5076592,1751927856.004035,batch_consumer-sts-0_20250707_223746_502997.csv,True,False,False,1751928396.9543343,2904446.6750621796
196319,1751925492.5078928,1751927856.025906,batch_consumer-sts-0_20250707_223746_502997.csv,True,False,False,1751928396.9543343,2904446.441411972
196329,1751925492.5081294,1751927856.0480902,batch_consumer-sts-0_20250707_223746_502997.csv,True,False,False,1751928396.9543343,2904446.2049007416
196339,1751925492.5083623,1751927856.0701685,batch_consumer-sts-0_20250707_223746_502997.csv,True,False,False,1751928396.9543343,2904445.97196579
196349,1751925492.5085902,1751927856.092302,batch_consumer-sts-0_20250707_223746_502997.csv,True,False,False,1751928396.9543343,2904445.744037628
196359,1751925492.5088265,1751927856.114312,batch_consumer-sts-0_20250707_223746_502997.csv,True,False,False,1751928396.9543343,2904445.5077648163
196369,1751925492.509049,1751927856.1363008,batch_consumer-sts-0_20250707_223746_502997.csv,True,False,False,1751928396.9543343,2904445.285320282
196379,1751925492.5092883,1751927856.1582413,batch_consumer-sts-0_20250707_223746_502997.csv,True,False,False,1751928396.9543343,2904445.0459480286
196389,1751925492.5095246,1751927856.1803188,batch_consumer-sts-0_20250707_223746_502997.csv,True,False,False,1751928396.9543343,2904444.8096752167
196399,1751925492.5097525,1751927856.2024102,batch_consumer-sts-0_20250707_223746_502997.csv,True,False,False,1751928396.9543343,2904444.581747055
196409,1751925492.5099804,1751927856.2249565,batch_consumer-sts-0_20250707_223746_502997.csv,True,False,False,1751928396.9543343,2904444.3538188934
196419,1751925492.510209,1751927856.2468767,batch_consumer-sts-0_20250707_223746_502997.csv,True,False,False,1751928396.9543343,2904444.125175476
196429,1751925492.5104418,1751927856.2692,batch_consumer-sts-0_20250707_223746_502997.csv,True,False,False,1751928396.9543343,2904443.892478943
196439,1751925492.5106702,1751927856.2917647,batch_consumer-sts-0_20250707_223746_502997.csv,True,False,False,1751928396.9543343,2904443.664073944
196449,1751925492.5109034,1751927856.313377,batch_consumer-sts-0_20250707_223746_502997.csv,True,False,False,1751928396.9543343,2904443.4309005737
196459,1751925492.5111363,1751927856.335582,batch_consumer-sts-0_20250707_223746_502997.csv,True,False,False,1751928396.9543343,2904443.197965622
196469,1751925492.5113738,1751927857.3596132,batch_consumer-sts-0_20250707_223746_502997.csv,True,False,False,1751928396.9543343,2904442.960500717
196479,1751925492.5116117,1751927857.6478796,batch_consumer-sts-0_20250707_223746_502997.csv,True,False,False,1751928396.9543343,2904442.722558975
196489,1751925492.5118449,1751927857.6703908,batch_consumer-sts-0_20250707_223746_502997.csv,True,False,False,1751928396.9543343,2904442.489385605
196499,1751925492.5120788,1751927857.694333,batch_consumer-sts-0_20250707_223746_502997.csv,True,False,False,1751928396.9543343,2904442.2554969788
196509,1751925492.5123117,1751927857.84634,batch_consumer-sts-0_20250707_223746_502997.csv,True,False,False,1751928396.9543343,2904442.022562027
196519,1751925492.5125427,1751927857.8687236,batch_consumer-sts-0_20250707_223746_502997.csv,True,False,False,1751928396.9543343,2904441.791534424
196529,1751925492.5127742,1751927858.1378098,batch_consumer-sts-0_20250707_223746_502997.csv,True,False,False,1751928396.9543343,2904441.5600299835
196539,1751925492.513085,1751927858.1595466,batch_consumer-sts-0_20250707_223746_502997.csv,True,False,False,1751928396.9543343,2904441.249370575
196549,1751925492.51346,1751927858.1813776,batch_consumer-sts-0_20250707_223746_502997.csv,True,False,False,1751928396.9543343,2904440.87433815
196559,1751925492.5136917,1751927858.2039106,batch_consumer-sts-0_20250707_223746_502997.csv,True,False,False,1751928396.9543343,2904440.642595291
196569,1751925492.513929,1751927858.2260108,batch_consumer-sts-0_20250707_223746_502997.csv,True,False,False,1751928396.9543343,2904440.405368805
196579,1751925492.514188,1751927858.2483168,batch_consumer-sts-0_20250707_223746_502997.csv,True,False,False,1751928396.9543343,2904440.1462078094
196589,1751925492.514435,1751927858.2712567,batch_consumer-sts-0_20250707_223746_502997.csv,True,False,False,1751928396.9543343,2904439.8992061615
196599,1751925492.5147202,1751927858.292846,batch_consumer-sts-0_20250707_223746_502997.csv,True,False,False,1751928396.9543343,2904439.614057541
196609,1751925492.515676,1751927858.31612,batch_consumer-sts-0_20250707_223746_502997.csv,True,False,False,1751928396.9543343,2904438.6582374573
196619,1751925492.5165262,1751927858.3383508,batch_consumer-sts-0_20250707_223746_502997.csv,True,False,False,1751928396.9543343,2904437.808036804
196629,1751925492.5170262,1751927858.360464,batch_consumer-sts-0_20250707_223746_502997.csv,True,False,False,1751928396.9543343,2904437.308073044
199269,1751925492.594301,1751927858.382386,batch_consumer-sts-0_20250707_223746_502997.csv,True,False,False,1751928396.9543343,2904360.033273697
199279,1751925492.5945354,1751927858.404129,batch_consumer-sts-0_20250707_223746_502997.csv,True,False,False,1751928396.9543343,2904359.7989082336
199289,1751925492.5947704,1751927858.4266927,batch_consumer-sts-0_20250707_223746_502997.csv,True,False,False,1751928396.9543343,2904359.5638275146
199299,1751925492.595011,1751927858.4492662,batch_consumer-sts-0_20250707_223746_502997.csv,True,False,False,1751928396.9543343,2904359.3232631683
199309,1751925492.5952537,1751927858.4720583,batch_consumer-sts-0_20250707_223746_502997.csv,True,False,False,1751928396.9543343,2904359.080553055
199319,1751925492.5954916,1751927858.49415,batch_consumer-sts-0_20250707_223746_502997.csv,True,False,False,1751928396.9543343,2904358.842611313
199329,1751925492.5957243,1751927858.5157263,batch_consumer-sts-0_20250707_223746_502997.csv,True,False,False,1751928396.9543343,2904358.6099147797
199339,1751925492.595975,1751927858.5387657,batch_consumer-sts-0_20250707_223746_502997.csv,True,False,False,1751928396.9543343,2904358.359336853
199349,1751925492.596218,1751927858.5616734,batch_consumer-sts-0_20250707_223746_502997.csv,True,False,False,1751928396.9543343,2904358.1161499023
199359,1751925492.5964572,1751927858.584299,batch_consumer-sts-0_20250707_223746_502997.csv,True,False,False,1751928396.9543343,2904357.8770160675
199369,1751925492.5966935,1751927858.6074774,batch_consumer-sts-0_20250707_223746_502997.csv,True,False,False,1751928396.9543343,2904357.6407432556
199379,1751925492.596936,1751927858.6295826,batch_consumer-sts-0_20250707_223746_502997.csv,True,False,False,1751928396.9543343,2904357.3982715607
199389,1751925492.597181,1751927858.6516483,batch_consumer-sts-0_20250707_223746_502997.csv,True,False,False,1751928396.9543343,2904357.1531772614
199399,1751925492.5974169,1751927858.6734023,batch_consumer-sts-0_20250707_223746_502997.csv,True,False,False,1751928396.9543343,2904356.9173812866
199409,1751925492.5976489,1751927858.6958451,batch_consumer-sts-0_20250707_223746_502997.csv,True,False,False,1751928396.9543343,2904356.685400009
199419,1751925492.597882,1751927858.7174947,batch_consumer-sts-0_20250707_223746_502997.csv,True,False,False,1751928396.9543343,2904356.452226639
199429,1751925492.5981202,1751927858.7395377,batch_consumer-sts-0_20250707_223746_502997.csv,True,False,False,1751928396.9543343,2904356.2140464783
199439,1751925492.5983577,1751927858.761393,batch_consumer-sts-0_20250707_223746_502997.csv,True,False,False,1751928396.9543343,2904355.9765815735
199449,1751925492.5985928,1751927858.7840335,batch_consumer-sts-0_20250707_223746_502997.csv,True,False,False,1751928396.9543343,2904355.7415008545
199459,1751925492.5988326,1751927858.8061416,batch_consumer-sts-0_20250707_223746_502997.csv,True,False,False,1751928396.9543343,2904355.501651764
199469,1751925492.5990684,1751927858.8279643,batch_consumer-sts-0_20250707_223746_502997.csv,True,False,False,1751928396.9543343,2904355.265855789
199479,1751925492.5993,1751927858.8494508,batch_consumer-sts-0_20250707_223746_502997.csv,True,False,False,1751928396.9543343,2904355.034351349
199489,1751925492.5995646,1751927858.871444,batch_consumer-sts-0_20250707_223746_502997.csv,True,False,False,1751928396.9543343,2904354.769706726
199499,1751925492.5997994,1751927858.8936288,batch_consumer-sts-0_20250707_223746_502997.csv,True,False,False,1751928396.9543343,2904354.5348644257
199509,1751925492.6000366,1751927858.9153955,batch_consumer-sts-0_20250707_223746_502997.csv,True,False,False,1751928396.9543343,2904354.2976379395
199519,1751925492.6002665,1751927858.9373205,batch_consumer-sts-0_20250707_223746_502997.csv,True,False,False,1751928396.9543343,2904354.067802429
199529,1751925492.6004925,1751927858.9597356,batch_consumer-sts-0_20250707_223746_502997.csv,True,False,False,1751928396.9543343,2904353.841781616
199539,1751925492.6007187,1751927858.9817326,batch_consumer-sts-0_20250707_223746_502997.csv,True,False,False,1751928396.9543343,2904353.6155223846
199549,1751925492.60095,1751927859.003859,batch_consumer-sts-0_20250707_223746_502997.csv,True,False,False,1751928396.9543343,2904353.384256363
199559,1751925492.6011884,1751927859.028869,batch_consumer-sts-0_20250707_223746_502997.csv,True,False,False,1751928396.9543343,2904353.145837784
199569,1751925492.6014214,1751927859.050914,batch_consumer-sts-0_20250707_223746_502997.csv,True,False,False,1751928396.9543343,2904352.912902832
199579,1751925492.6016614,1751927859.0746584,batch_consumer-sts-0_20250707_223746_502997.csv,True,False,False,1751928396.9543343,2904352.672815323
199589,1751925492.6019015,1751927859.096658,batch_consumer-sts-0_20250707_223746_502997.csv,True,False,False,1751928396.9543343,2904352.4327278137
199599,1751925492.6021347,1751927859.1182983,batch_consumer-sts-0_20250707_223746_502997.csv,True,False,False,1751928396.9543343,2904352.1995544434
199609,1751925492.6023912,1751927859.1406467,batch_consumer-sts-0_20250707_223746_502997.csv,True,False,False,1751928396.9543343,2904351.9430160522
199619,1751925492.602651,1751927859.4551537,batch_consumer-sts-0_20250707_223746_502997.csv,True,False,False,1751928396.9543343,2904351.6833782196
199629,1751925492.6029058,1751927859.477635,batch_consumer-sts-0_20250707_223746_502997.csv,True,False,False,1751928396.9543343,2904351.4285087585
199639,1751925492.6032882,1751927859.4999652,batch_consumer-sts-0_20250707_223746_502997.csv,True,False,False,1751928396.9543343,2904351.0460853577
199649,1751925492.6035202,1751927859.5226011,batch_consumer-sts-0_20250707_223746_502997.csv,True,False,False,1751928396.9543343,2904350.81410408
199659,1751925492.6037493,1751927859.5448265,batch_consumer-sts-0_20250707_223746_502997.csv,True,False,False,1751928396.9543343,2904350.5849838257
199669,1751925492.6039782,1751927859.5673137,batch_consumer-sts-0_20250707_223746_502997.csv,True,False,False,1751928396.9543343,2904350.3561019897
199679,1751925492.6042137,1751927859.5896094,batch_consumer-sts-0_20250707_223746_502997.csv,True,False,False,1751928396.9543343,2904350.1205444336
208199,1751925492.8287437,1751927859.611869,batch_consumer-sts-0_20250707_223746_502997.csv,True,False,False,1751928396.9543343,2904125.5905628204
208209,1751925492.8289814,1751927859.6382763,batch_consumer-sts-0_20250707_223746_502997.csv,True,False,False,1751928396.9543343,2904125.352859497
208219,1751925492.829225,1751927859.6597116,batch_consumer-sts-0_20250707_223746_502997.csv,True,False,False,1751928396.9543343,2904125.109195709
208229,1751925492.8294616,1751927859.68222,batch_consumer-sts-0_20250707_223746_502997.csv,True,False,False,1751928396.9543343,2904124.8726844788
208239,1751925492.829707,1751927859.7047536,batch_consumer-sts-0_20250707_223746_502997.csv,True,False,False,1751928396.9543343,2904124.627351761
208249,1751925492.8299522,1751927859.7274034,batch_consumer-sts-0_20250707_223746_502997.csv,True,False,False,1751928396.9543343,2904124.382019043
208259,1751925492.830195,1751927859.749679,batch_consumer-sts-0_20250707_223746_502997.csv,True,False,False,1751928396.9543343,2904124.1393089294
208269,1751925492.8304334,1751927859.772249,batch_consumer-sts-0_20250707_223746_502997.csv,True,False,False,1751928396.9543343,2904123.9008903503
208279,1751925492.8306675,1751927859.7936487,batch_consumer-sts-0_20250707_223746_502997.csv,True,False,False,1751928396.9543343,2904123.6667633057
208289,1751925492.830907,1751927859.8151376,batch_consumer-sts-0_20250707_223746_502997.csv,True,False,False,1751928396.9543343,2904123.4271526337
208299,1751925492.8311486,1751927859.837579,batch_consumer-sts-0_20250707_223746_502997.csv,True,False,False,1751928396.9543343,2904123.185634613
208309,1751925492.8313856,1751927859.859897,batch_consumer-sts-0_20250707_223746_502997.csv,True,False,False,1751928396.9543343,2904122.9486465454
208319,1751925492.8316312,1751927859.88143,batch_consumer-sts-0_20250707_223746_502997.csv,True,False,False,1751928396.9543343,2904122.703075409
208329,1751925492.8318713,1751927859.903206,batch_consumer-sts-0_20250707_223746_502997.csv,True,False,False,1751928396.9543343,2904122.4629879
208339,1751925492.8340068,1751927859.925346,batch_consumer-sts-0_20250707_223746_502997.csv,True,False,False,1751928396.9543343,2904120.327472687
208349,1751925492.8342602,1751927859.9475243,batch_consumer-sts-0_20250707_223746_502997.csv,True,False,False,1751928396.9543343,2904120.074033737
208359,1751925492.8345966,1751927859.9698231,batch_consumer-sts-0_20250707_223746_502997.csv,True,False,False,1751928396.9543343,2904119.737625122
208369,1751925492.83483,1751927859.991938,batch_consumer-sts-0_20250707_223746_502997.csv,True,False,False,1751928396.9543343,2904119.504213333
208379,1751925492.835209,1751927860.013344,batch_consumer-sts-0_20250707_223746_502997.csv,True,False,False,1751928396.9543343,2904119.125366211
208389,1751925492.8355663,1751927860.034725,batch_consumer-sts-0_20250707_223746_502997.csv,True,False,False,1751928396.9543343,2904118.767976761
208399,1751925492.8361616,1751927860.057802,batch_consumer-sts-0_20250707_223746_502997.csv,True,False,False,1751928396.9543343,2904118.172645569
208409,1751925492.8367586,1751927860.0804038,batch_consumer-sts-0_20250707_223746_502997.csv,True,False,False,1751928396.9543343,2904117.575645447
208419,1751925492.8372922,1751927860.102933,batch_consumer-sts-0_20250707_223746_502997.csv,True,False,False,1751928396.9543343,2904117.0420646667
208429,1751925492.8379004,1751927860.1249166,batch_consumer-sts-0_20250707_223746_502997.csv,True,False,False,1751928396.9543343,2904116.4338588715
208439,1751925492.8386798,1751927860.147082,batch_consumer-sts-0_20250707_223746_502997.csv,True,False,False,1751928396.9543343,2904115.6544685364
209119,1751925492.8596463,1751927860.169735,batch_consumer-sts-0_20250707_223746_502997.csv,True,False,False,1751928396.9543343,2904094.68793869
209129,1751925492.8599102,1751927860.1928475,batch_consumer-sts-0_20250707_223746_502997.csv,True,False,False,1751928396.9543343,2904094.424009323
209139,1751925492.8601794,1751927860.2144716,batch_consumer-sts-0_20250707_223746_502997.csv,True,False,False,1751928396.9543343,2904094.1548347473
209149,1751925492.8604422,1751927860.2368214,batch_consumer-sts-0_20250707_223746_502997.csv,True,False,False,1751928396.9543343,2904093.892097473
209159,1751925492.8606954,1751927860.25887,batch_consumer-sts-0_20250707_223746_502997.csv,True,False,False,1751928396.9543343,2904093.638896942
209169,1751925492.8609395,1751927860.2809725,batch_consumer-sts-0_20250707_223746_502997.csv,True,False,False,1751928396.9543343,2904093.394756317
209179,1751925492.8611765,1751927860.3028653,batch_consumer-sts-0_20250707_223746_502997.csv,True,False,False,1751928396.9543343,2904093.1577682495
209189,1751925492.8614144,1751927860.3278444,batch_consumer-sts-0_20250707_223746_502997.csv,True,False,False,1751928396.9543343,2904092.9198265076
209199,1751925492.8616557,1751927860.3503451,batch_consumer-sts-0_20250707_223746_502997.csv,True,False,False,1751928396.9543343,2904092.6785469055
209209,1751925492.8618968,1751927860.3725858,batch_consumer-sts-0_20250707_223746_502997.csv,True,False,False,1751928396.9543343,2904092.437505722
209219,1751925492.86214,1751927860.3947637,batch_consumer-sts-0_20250707_223746_502997.csv,True,False,False,1751928396.9543343,2904092.1943187714
209229,1751925492.8623996,1751927860.4167926,batch_consumer-sts-0_20250707_223746_502997.csv,True,False,False,1751928396.9543343,2904091.9346809387
209239,1751925492.862631,1751927860.4399483,batch_consumer-sts-0_20250707_223746_502997.csv,True,False,False,1751928396.9543343,2904091.7031764984
209249,1751925492.8628695,1751927860.4629543,batch_consumer-sts-0_20250707_223746_502997.csv,True,False,False,1751928396.9543343,2904091.4647579193
209259,1751925492.863102,1751927860.4855435,batch_consumer-sts-0_20250707_223746_502997.csv,True,False,False,1751928396.9543343,2904091.2322998047
209269,1751925492.8633325,1751927860.5076356,batch_consumer-sts-0_20250707_223746_502997.csv,True,False,False,1751928396.9543343,2904091.0017490387
209279,1751925492.8635695,1751927860.5300171,batch_consumer-sts-0_20250707_223746_502997.csv,True,False,False,1751928396.9543343,2904090.764760971
209289,1751925492.8638036,1751927860.552141,batch_consumer-sts-0_20250707_223746_502997.csv,True,False,False,1751928396.9543343,2904090.5306339264
209299,1751925492.864037,1751927860.5742972,batch_consumer-sts-0_20250707_223746_502997.csv,True,False,False,1751928396.9543343,2904090.2972221375
209309,1751925492.8642642,1751927860.5958126,batch_consumer-sts-0_20250707_223746_502997.csv,True,False,False,1751928396.9543343,2904090.0700092316
209319,1751925492.8645034,1751927860.617504,batch_consumer-sts-0_20250707_223746_502997.csv,True,False,False,1751928396.9543343,2904089.8308753967
209329,1751925492.864737,1751927860.6395502,batch_consumer-sts-0_20250707_223746_502997.csv,True,False,False,1751928396.9543343,2904089.597225189
209339,1751925492.8649688,1751927860.6614482,batch_consumer-sts-0_20250707_223746_502997.csv,True,False,False,1751928396.9543343,2904089.3654823303
209349,1751925492.865202,1751927860.6830432,batch_consumer-sts-0_20250707_223746_502997.csv,True,False,False,1751928396.9543343,2904089.13230896
209359,1751925492.865446,1751927860.7048092,batch_consumer-sts-0_20250707_223746_502997.csv,True,False,False,1751928396.9543343,2904088.888168335
209369,1751925492.8656807,1751927860.726449,batch_consumer-sts-0_20250707_223746_502997.csv,True,False,False,1751928396.9543343,2904088.653564453
209379,1751925492.865916,1751927860.748668,batch_consumer-sts-0_20250707_223746_502997.csv,True,False,False,1751928396.9543343,2904088.4182453156
209389,1751925492.8661416,1751927860.770789,batch_consumer-sts-0_20250707_223746_502997.csv,True,False,False,1751928396.9543343,2904088.1927013397
209399,1751925492.866398,1751927860.7928834,batch_consumer-sts-0_20250707_223746_502997.csv,True,False,False,1751928396.9543343,2904087.9361629486
209409,1751925492.866639,1751927860.8147688,batch_consumer-sts-0_20250707_223746_502997.csv,True,False,False,1751928396.9543343,2904087.6953601837
209419,1751925492.86688,1751927860.836978,batch_consumer-sts-0_20250707_223746_502997.csv,True,False,False,1751928396.9543343,2904087.4543190002
209429,1751925492.8671174,1751927860.8625534,batch_consumer-sts-0_20250707_223746_502997.csv,True,False,False,1751928396.9543343,2904087.2168540955
209439,1751925492.867345,1751927860.8846292,batch_consumer-sts-0_20250707_223746_502997.csv,True,False,False,1751928396.9543343,2904086.9891643524
209449,1751925492.867576,1751927860.906474,batch_consumer-sts-0_20250707_223746_502997.csv,True,False,False,1751928396.9543343,2904086.758375168
209459,1751925492.8678198,1751927860.9286776,batch_consumer-sts-0_20250707_223746_502997.csv,True,False,False,1751928396.9543343,2904086.5144729614
209469,1751925492.8680606,1751927860.9520812,batch_consumer-sts-0_20250707_223746_502997.csv,True,False,False,1751928396.9543343,2904086.2736701965
209479,1751925492.8683012,1751927860.9745986,batch_consumer-sts-0_20250707_223746_502997.csv,True,False,False,1751928396.9543343,2904086.03310585
209489,1751925492.868539,1751927860.9971392,batch_consumer-sts-0_20250707_223746_502997.csv,True,False,False,1751928396.9543343,2904085.7951641083
209499,1751925492.8687766,1751927861.01872,batch_consumer-sts-0_20250707_223746_502997.csv,True,False,False,1751928396.9543343,2904085.5576992035
209509,1751925492.8690095,1751927861.0406003,batch_consumer-sts-0_20250707_223746_502997.csv,True,False,False,1751928396.9543343,2904085.3247642517
209519,1751925492.869256,1751927861.0626929,batch_consumer-sts-0_20250707_223746_502997.csv,True,False,False,1751928396.9543343,2904085.078239441
209529,1751925492.8694825,1751927861.085249,batch_consumer-sts-0_20250707_223746_502997.csv,True,False,False,1751928396.9543343,2904084.851741791
213039,1751925492.9609823,1751927861.1078744,batch_consumer-sts-0_20250707_223746_502997.csv,True,False,False,1751928396.9543343,2903993.3519363403
213049,1751925492.961178,1751927861.1299577,batch_consumer-sts-0_20250707_223746_502997.csv,True,False,False,1751928396.9543343,2903993.156194687
213059,1751925492.9613593,1751927861.1525512,batch_consumer-sts-0_20250707_223746_502997.csv,True,False,False,1751928396.9543343,2903992.974996567
213069,1751925492.961551,1751927861.174718,batch_consumer-sts-0_20250707_223746_502997.csv,True,False,False,1751928396.9543343,2903992.783308029
213079,1751925492.961742,1751927861.196972,batch_consumer-sts-0_20250707_223746_502997.csv,True,False,False,1751928396.9543343,2903992.5923347473
213089,1751925492.9619462,1751927861.2188995,batch_consumer-sts-0_20250707_223746_502997.csv,True,False,False,1751928396.9543343,2903992.388010025
213099,1751925492.9621432,1751927861.2413187,batch_consumer-sts-0_20250707_223746_502997.csv,True,False,False,1751928396.9543343,2903992.1910762787
221269,1751925493.1564755,1751927861.262662,batch_consumer-sts-0_20250707_223746_502997.csv,True,False,False,1751928396.9543343,2903797.8587150574
221279,1751925493.1567743,1751927861.2851458,batch_consumer-sts-0_20250707_223746_502997.csv,True,False,False,1751928396.9543343,2903797.5599765778
221289,1751925493.15723,1751927861.3073244,batch_consumer-sts-0_20250707_223746_502997.csv,True,False,False,1751928396.9543343,2903797.104358673
221299,1751925493.1575613,1751927861.330112,batch_consumer-sts-0_20250707_223746_502997.csv,True,False,False,1751928396.9543343,2903796.772956848
221309,1751925493.1579883,1751927861.351954,batch_consumer-sts-0_20250707_223746_502997.csv,True,False,False,1751928396.9543343,2903796.345949173
221319,1751925493.1582265,1751927861.3742225,batch_consumer-sts-0_20250707_223746_502997.csv,True,False,False,1751928396.9543343,2903796.1077690125
221329,1751925493.1584551,1751927861.396382,batch_consumer-sts-0_20250707_223746_502997.csv,True,False,False,1751928396.9543343,2903795.879125595
221339,1751925493.1586895,1751927862.4197786,batch_consumer-sts-0_20250707_223746_502997.csv,True,False,False,1751928396.9543343,2903795.644760132
221349,1751925493.1589196,1751927862.442068,batch_consumer-sts-0_20250707_223746_502997.csv,True,False,False,1751928396.9543343,2903795.414686203
221359,1751925493.1592224,1751927862.46427,batch_consumer-sts-0_20250707_223746_502997.csv,True,False,False,1751928396.9543343,2903795.1118946075
221369,1751925493.159487,1751927862.533009,batch_consumer-sts-0_20250707_223746_502997.csv,True,False,False,1751928396.9543343,2903794.8472499847
221379,1751925493.159748,1751927862.555267,batch_consumer-sts-0_20250707_223746_502997.csv,True,False,False,1751928396.9543343,2903794.5861816406
221389,1751925493.1600833,1751927862.5775363,batch_consumer-sts-0_20250707_223746_502997.csv,True,False,False,1751928396.9543343,2903794.2509651184
221399,1751925493.1607275,1751927862.5995207,batch_consumer-sts-0_20250707_223746_502997.csv,True,False,False,1751928396.9543343,2903793.6067581177
221409,1751925493.161203,1751927862.622249,batch_consumer-sts-0_20250707_223746_502997.csv,True,False,False,1751928396.9543343,2903793.131351471
221419,1751925493.1616254,1751927862.6447227,batch_consumer-sts-0_20250707_223746_502997.csv,True,False,False,1751928396.9543343,2903792.708873749
221429,1751925493.1621134,1751927862.666726,batch_consumer-sts-0_20250707_223746_502997.csv,True,False,False,1751928396.9543343,2903792.2208309174
221439,1751925493.162437,1751927862.6889927,batch_consumer-sts-0_20250707_223746_502997.csv,True,False,False,1751928396.9543343,2903791.8972969055
221449,1751925493.162719,1751927862.712327,batch_consumer-sts-0_20250707_223746_502997.csv,True,False,False,1751928396.9543343,2903791.6152477264
221459,1751925493.162987,1751927862.7346442,batch_consumer-sts-0_20250707_223746_502997.csv,True,False,False,1751928396.9543343,2903791.3472652435
221469,1751925493.163283,1751927862.7579448,batch_consumer-sts-0_20250707_223746_502997.csv,True,False,False,1751928396.9543343,2903791.0511493683
221479,1751925493.1635587,1751927862.7805295,batch_consumer-sts-0_20250707_223746_502997.csv,True,False,False,1751928396.9543343,2903790.775537491
221489,1751925493.1638155,1751927862.8033483,batch_consumer-sts-0_20250707_223746_502997.csv,True,False,False,1751928396.9543343,2903790.518760681
221499,1751925493.1640327,1751927862.829539,batch_consumer-sts-0_20250707_223746_502997.csv,True,False,False,1751928396.9543343,2903790.3015613556
221509,1751925493.1644275,1751927862.852323,batch_consumer-sts-0_20250707_223746_502997.csv,True,False,False,1751928396.9543343,2903789.9067401886
221519,1751925493.1647344,1751927862.8745744,batch_consumer-sts-0_20250707_223746_502997.csv,True,False,False,1751928396.9543343,2903789.5998954773
221529,1751925493.165126,1751927862.907884,batch_consumer-sts-0_20250707_223746_502997.csv,True,False,False,1751928396.9543343,2903789.208173752
221539,1751925493.1653974,1751927862.930621,batch_consumer-sts-0_20250707_223746_502997.csv,True,False,False,1751928396.9543343,2903788.936853409
221549,1751925493.1657836,1751927862.9528708,batch_consumer-sts-0_20250707_223746_502997.csv,True,False,False,1751928396.9543343,2903788.5506153107
221559,1751925493.1660433,1751927862.9753358,batch_consumer-sts-0_20250707_223746_502997.csv,True,False,False,1751928396.9543343,2903788.290977478
221569,1751925493.1663988,1751927863.4078984,batch_consumer-sts-0_20250707_223746_502997.csv,True,False,False,1751928396.9543343,2903787.9354953766
224239,1751925493.2276082,1751927863.4299357,batch_consumer-sts-0_20250707_223746_502997.csv,True,False,False,1751928396.9543343,2903726.7260551453
224249,1751925493.2281797,1751927863.4528885,batch_consumer-sts-0_20250707_223746_502997.csv,True,False,False,1751928396.9543343,2903726.154565811
224259,1751925493.2289598,1751927863.4753685,batch_consumer-sts-0_20250707_223746_502997.csv,True,False,False,1751928396.9543343,2903725.3744602203
224269,1751925493.2293348,1751927863.4982903,batch_consumer-sts-0_20250707_223746_502997.csv,True,False,False,1751928396.9543343,2903724.9994277954
224279,1751925493.2296588,1751927863.518813,batch_consumer-sts-0_20250707_223746_502997.csv,True,False,False,1751928396.9543343,2903724.6754169464
224289,1751925493.23003,1751927863.5413,batch_consumer-sts-0_20250707_223746_502997.csv,True,False,False,1751928396.9543343,2903724.3041992188
224299,1751925493.2304237,1751927863.5646648,batch_consumer-sts-0_20250707_223746_502997.csv,True,False,False,1751928396.9543343,2903723.9105701447
224309,1751925493.2306466,1751927863.5873978,batch_consumer-sts-0_20250707_223746_502997.csv,True,False,False,1751928396.9543343,2903723.687648773
224319,1751925493.2308848,1751927863.6092148,batch_consumer-sts-0_20250707_223746_502997.csv,True,False,False,1751928396.9543343,2903723.4494686127
224329,1751925493.2311132,1751927863.6317358,batch_consumer-sts-0_20250707_223746_502997.csv,True,False,False,1751928396.9543343,2903723.221063614
224339,1751925493.2313626,1751927863.6542542,batch_consumer-sts-0_20250707_223746_502997.csv,True,False,False,1751928396.9543343,2903722.97167778
224349,1751925493.2315657,1751927863.6764216,batch_consumer-sts-0_20250707_223746_502997.csv,True,False,False,1751928396.9543343,2903722.7685451508
224359,1751925493.231746,1751927863.6987677,batch_consumer-sts-0_20250707_223746_502997.csv,True,False,False,1751928396.9543343,2903722.588300705
224369,1751925493.231921,1751927863.719998,batch_consumer-sts-0_20250707_223746_502997.csv,True,False,False,1751928396.9543343,2903722.413301468
224379,1751925493.2321024,1751927863.742158,batch_consumer-sts-0_20250707_223746_502997.csv,True,False,False,1751928396.9543343,2903722.231864929
224389,1751925493.232299,1751927863.7630498,batch_consumer-sts-0_20250707_223746_502997.csv,True,False,False,1751928396.9543343,2903722.0351696014
224399,1751925493.2324877,1751927863.785241,batch_consumer-sts-0_20250707_223746_502997.csv,True,False,False,1751928396.9543343,2903721.8465805054
224409,1751925493.2326834,1751927863.8058128,batch_consumer-sts-0_20250707_223746_502997.csv,True,False,False,1751928396.9543343,2903721.650838852
224419,1751925493.2328768,1751927863.8297222,batch_consumer-sts-0_20250707_223746_502997.csv,True,False,False,1751928396.9543343,2903721.4574813843
224429,1751925493.2330694,1751927863.8516588,batch_consumer-sts-0_20250707_223746_502997.csv,True,False,False,1751928396.9543343,2903721.2648391724
224439,1751925493.2332618,1751927863.873891,batch_consumer-sts-0_20250707_223746_502997.csv,True,False,False,1751928396.9543343,2903721.072435379
224449,1751925493.233457,1751927863.8960652,batch_consumer-sts-0_20250707_223746_502997.csv,True,False,False,1751928396.9543343,2903720.8771705627
224459,1751925493.2336488,1751927863.9173903,batch_consumer-sts-0_20250707_223746_502997.csv,True,False,False,1751928396.9543343,2903720.685482025
224469,1751925493.233844,1751927863.9396372,batch_consumer-sts-0_20250707_223746_502997.csv,True,False,False,1751928396.9543343,2903720.490217209
224479,1751925493.234046,1751927863.961728,batch_consumer-sts-0_20250707_223746_502997.csv,True,False,False,1751928396.9543343,2903720.2882766724
224489,1751925493.2342978,1751927863.9847045,batch_consumer-sts-0_20250707_223746_502997.csv,True,False,False,1751928396.9543343,2903720.036506653
224499,1751925493.234532,1751927864.0064218,batch_consumer-sts-0_20250707_223746_502997.csv,True,False,False,1751928396.9543343,2903719.8021411896
224509,1751925493.2347653,1751927864.0286467,batch_consumer-sts-0_20250707_223746_502997.csv,True,False,False,1751928396.9543343,2903719.568967819
224519,1751925493.235001,1751927864.0510235,batch_consumer-sts-0_20250707_223746_502997.csv,True,False,False,1751928396.9543343,2903719.3331718445
224529,1751925493.2352407,1751927864.0735483,batch_consumer-sts-0_20250707_223746_502997.csv,True,False,False,1751928396.9543343,2903719.0935611725
224539,1751925493.2354822,1751927864.0954993,batch_consumer-sts-0_20250707_223746_502997.csv,True,False,False,1751928396.9543343,2903718.852043152
224549,1751925493.235675,1751927864.1167972,batch_consumer-sts-0_20250707_223746_502997.csv,True,False,False,1751928396.9543343,2903718.6591625214
224559,1751925493.235869,1751927864.1387885,batch_consumer-sts-0_20250707_223746_502997.csv,True,False,False,1751928396.9543343,2903718.4653282166
224569,1751925493.2360718,1751927864.1651556,batch_consumer-sts-0_20250707_223746_502997.csv,True,False,False,1751928396.9543343,2903718.2624340057
224579,1751925493.236272,1751927864.1897488,batch_consumer-sts-0_20250707_223746_502997.csv,True,False,False,1751928396.9543343,2903718.0621623993
224589,1751925493.2364745,1751927864.2113545,batch_consumer-sts-0_20250707_223746_502997.csv,True,False,False,1751928396.9543343,2903717.8597450256
224599,1751925493.2366738,1751927864.2326095,batch_consumer-sts-0_20250707_223746_502997.csv,True,False,False,1751928396.9543343,2903717.6604270935
224609,1751925493.2368872,1751927864.2547927,batch_consumer-sts-0_20250707_223746_502997.csv,True,False,False,1751928396.9543343,2903717.447042465
224619,1751925493.237111,1751927864.5322516,batch_consumer-sts-0_20250707_223746_502997.csv,True,False,False,1751928396.9543343,2903717.2231674194
224629,1751925493.2373345,1751927864.5546265,batch_consumer-sts-0_20250707_223746_502997.csv,True,False,False,1751928396.9543343,2903716.999769211
224639,1751925493.23759,1751927864.580155,batch_consumer-sts-0_20250707_223746_502997.csv,True,False,False,1751928396.9543343,2903716.744184494
225009,1751925493.2478478,1751927864.6043134,batch_consumer-sts-0_20250707_223746_502997.csv,True,False,False,1751928396.9543343,2903706.4864635468
225019,1751925493.2480917,1751927864.630327,batch_consumer-sts-0_20250707_223746_502997.csv,True,False,False,1751928396.9543343,2903706.2425613403
225029,1751925493.2483306,1751927864.654337,batch_consumer-sts-0_20250707_223746_502997.csv,True,False,False,1751928396.9543343,2903706.003665924
225039,1751925493.2485647,1751927864.6780975,batch_consumer-sts-0_20250707_223746_502997.csv,True,False,False,1751928396.9543343,2903705.7695388794
225049,1751925493.248818,1751927864.7035017,batch_consumer-sts-0_20250707_223746_502997.csv,True,False,False,1751928396.9543343,2903705.5163383484
225059,1751925493.2490327,1751927864.7256238,batch_consumer-sts-0_20250707_223746_502997.csv,True,False,False,1751928396.9543343,2903705.3015232086
225069,1751925493.2492528,1751927864.7527857,batch_consumer-sts-0_20250707_223746_502997.csv,True,False,False,1751928396.9543343,2903705.08146286
225079,1751925493.249473,1751927864.7754452,batch_consumer-sts-0_20250707_223746_502997.csv,True,False,False,1751928396.9543343,2903704.861164093
225089,1751925493.249693,1751927864.797582,batch_consumer-sts-0_20250707_223746_502997.csv,True,False,False,1751928396.9543343,2903704.641342163
225099,1751925493.2499318,1751927864.819055,batch_consumer-sts-0_20250707_223746_502997.csv,True,False,False,1751928396.9543343,2903704.402446747
225109,1751925493.2501502,1751927864.842235,batch_consumer-sts-0_20250707_223746_502997.csv,True,False,False,1751928396.9543343,2903704.1840553284
225119,1751925493.2504103,1751927864.8703988,batch_consumer-sts-0_20250707_223746_502997.csv,True,False,False,1751928396.9543343,2903703.9239406586
225129,1751925493.2506578,1751927864.8935878,batch_consumer-sts-0_20250707_223746_502997.csv,True,False,False,1751928396.9543343,2903703.6764621735
225139,1751925493.2508984,1751927864.9150825,batch_consumer-sts-0_20250707_223746_502997.csv,True,False,False,1751928396.9543343,2903703.435897827
225149,1751925493.2511487,1751927864.939378,batch_consumer-sts-0_20250707_223746_502997.csv,True,False,False,1751928396.9543343,2903703.185558319
225159,1751925493.2514155,1751927864.962944,batch_consumer-sts-0_20250707_223746_502997.csv,True,False,False,1751928396.9543343,2903702.918767929
225169,1751925493.2516568,1751927864.9993184,batch_consumer-sts-0_20250707_223746_502997.csv,True,False,False,1751928396.9543343,2903702.677488327
225179,1751925493.251891,1751927865.0226982,batch_consumer-sts-0_20250707_223746_502997.csv,True,False,False,1751928396.9543343,2903702.4433612823
225189,1751925493.2521324,1751927865.050105,batch_consumer-sts-0_20250707_223746_502997.csv,True,False,False,1751928396.9543343,2903702.2018432617
225199,1751925493.2523496,1751927865.0754504,batch_consumer-sts-0_20250707_223746_502997.csv,True,False,False,1751928396.9543343,2903701.984643936
225209,1751925493.2525773,1751927865.101533,batch_consumer-sts-0_20250707_223746_502997.csv,True,False,False,1751928396.9543343,2903701.756954193
225219,1751925493.2528093,1751927865.1276774,batch_consumer-sts-0_20250707_223746_502997.csv,True,False,False,1751928396.9543343,2903701.5249729156
225229,1751925493.2530384,1751927865.1550808,batch_consumer-sts-0_20250707_223746_502997.csv,True,False,False,1751928396.9543343,2903701.295852661
225239,1751925493.2532928,1751927865.1779597,batch_consumer-sts-0_20250707_223746_502997.csv,True,False,False,1751928396.9543343,2903701.041460037
225249,1751925493.253536,1751927865.199995,batch_consumer-sts-0_20250707_223746_502997.csv,True,False,False,1751928396.9543343,2903700.7982730865
225259,1751925493.2537694,1751927865.22867,batch_consumer-sts-0_20250707_223746_502997.csv,True,False,False,1751928396.9543343,2903700.5648612976
225269,1751925493.2540228,1751927865.2511463,batch_consumer-sts-0_20250707_223746_502997.csv,True,False,False,1751928396.9543343,2903700.311422348
225279,1751925493.2542725,1751927865.2753634,batch_consumer-sts-0_20250707_223746_502997.csv,True,False,False,1751928396.9543343,2903700.0617980957
225289,1751925493.2545156,1751927865.3010902,batch_consumer-sts-0_20250707_223746_502997.csv,True,False,False,1751928396.9543343,2903699.818611145
225299,1751925493.2547507,1751927865.3259225,batch_consumer-sts-0_20250707_223746_502997.csv,True,False,False,1751928396.9543343,2903699.583530426
225309,1751925493.2549932,1751927865.3546555,batch_consumer-sts-0_20250707_223746_502997.csv,True,False,False,1751928396.9543343,2903699.341058731
225319,1751925493.2552245,1751927865.379506,batch_consumer-sts-0_20250707_223746_502997.csv,True,False,False,1751928396.9543343,2903699.1097927094
225329,1751925493.2554646,1751927865.4028203,batch_consumer-sts-0_20250707_223746_502997.csv,True,False,False,1751928396.9543343,2903698.8697052
225339,1751925493.2556956,1751927865.4249802,batch_consumer-sts-0_20250707_223746_502997.csv,True,False,False,1751928396.9543343,2903698.638677597
225349,1751925493.2559166,1751927865.447678,batch_consumer-sts-0_20250707_223746_502997.csv,True,False,False,1751928396.9543343,2903698.417663574
225359,1751925493.256142,1751927865.470196,batch_consumer-sts-0_20250707_223746_502997.csv,True,False,False,1751928396.9543343,2903698.192358017
225369,1751925493.256363,1751927865.492217,batch_consumer-sts-0_20250707_223746_502997.csv,True,False,False,1751928396.9543343,2903697.971343994
225379,1751925493.2566109,1751927865.514695,batch_consumer-sts-0_20250707_223746_502997.csv,True,False,False,1751928396.9543343,2903697.723388672
225389,1751925493.2568429,1751927865.5376222,batch_consumer-sts-0_20250707_223746_502997.csv,True,False,False,1751928396.9543343,2903697.4914073944
225399,1751925493.2570949,1751927865.5599847,batch_consumer-sts-0_20250707_223746_502997.csv,True,False,False,1751928396.9543343,2903697.2393989563
225409,1751925493.257316,1751927865.5851278,batch_consumer-sts-0_20250707_223746_502997.csv,True,False,False,1751928396.9543343,2903697.018146515
225419,1751925493.257528,1751927865.6110506,batch_consumer-sts-0_20250707_223746_502997.csv,True,False,False,1751928396.9543343,2903696.806192398
225429,1751925493.2577488,1751927865.6407857,batch_consumer-sts-0_20250707_223746_502997.csv,True,False,False,1751928396.9543343,2903696.585416794
230389,1751925493.3691783,1751927865.6685157,batch_consumer-sts-0_20250707_223746_502997.csv,True,False,False,1751928396.9543343,2903585.1559638977
230399,1751925493.369378,1751927865.6967952,batch_consumer-sts-0_20250707_223746_502997.csv,True,False,False,1751928396.9543343,2903584.9561691284
230409,1751925493.369576,1751927865.7228966,batch_consumer-sts-0_20250707_223746_502997.csv,True,False,False,1751928396.9543343,2903584.7582817078
230419,1751925493.3697777,1751927865.7527986,batch_consumer-sts-0_20250707_223746_502997.csv,True,False,False,1751928396.9543343,2903584.55657959
230429,1751925493.3699646,1751927865.779676,batch_consumer-sts-0_20250707_223746_502997.csv,True,False,False,1751928396.9543343,2903584.369659424
230439,1751925493.3701496,1751927865.8058767,batch_consumer-sts-0_20250707_223746_502997.csv,True,False,False,1751928396.9543343,2903584.1846466064
230449,1751925493.3703897,1751927865.8316095,batch_consumer-sts-0_20250707_223746_502997.csv,True,False,False,1751928396.9543343,2903583.9445590973
230459,1751925493.3705842,1751927865.8591368,batch_consumer-sts-0_20250707_223746_502997.csv,True,False,False,1751928396.9543343,2903583.7500095367
230469,1751925493.370804,1751927865.8885708,batch_consumer-sts-0_20250707_223746_502997.csv,True,False,False,1751928396.9543343,2903583.530187607
230479,1751925493.3710246,1751927865.9175498,batch_consumer-sts-0_20250707_223746_502997.csv,True,False,False,1751928396.9543343,2903583.309650421
230489,1751925493.371237,1751927865.945288,batch_consumer-sts-0_20250707_223746_502997.csv,True,False,False,1751928396.9543343,2903583.097219467
230499,1751925493.371458,1751927865.9739692,batch_consumer-sts-0_20250707_223746_502997.csv,True,False,False,1751928396.9543343,2903582.8762054443
230509,1751925493.3716464,1751927866.002702,batch_consumer-sts-0_20250707_223746_502997.csv,True,False,False,1751928396.9543343,2903582.687854767
230519,1751925493.371854,1751927866.031448,batch_consumer-sts-0_20250707_223746_502997.csv,True,False,False,1751928396.9543343,2903582.4801921844
230529,1751925493.3720453,1751927866.0576644,batch_consumer-sts-0_20250707_223746_502997.csv,True,False,False,1751928396.9543343,2903582.288980484
230539,1751925493.372246,1751927866.082929,batch_consumer-sts-0_20250707_223746_502997.csv,True,False,False,1751928396.9543343,2903582.0882320404
230549,1751925493.3724556,1751927866.1080515,batch_consumer-sts-0_20250707_223746_502997.csv,True,False,False,1751928396.9543343,2903581.8786621094
230559,1751925493.3726487,1751927866.1364486,batch_consumer-sts-0_20250707_223746_502997.csv,True,False,False,1751928396.9543343,2903581.6855430603
230569,1751925493.3728428,1751927866.160222,batch_consumer-sts-0_20250707_223746_502997.csv,True,False,False,1751928396.9543343,2903581.491470337
230579,1751925493.373041,1751927866.186154,batch_consumer-sts-0_20250707_223746_502997.csv,True,False,False,1751928396.9543343,2903581.2933444977
230589,1751925493.3732383,1751927866.213255,batch_consumer-sts-0_20250707_223746_502997.csv,True,False,False,1751928396.9543343,2903581.095933914
230599,1751925493.3734384,1751927866.2473464,batch_consumer-sts-0_20250707_223746_502997.csv,True,False,False,1751928396.9543343,2903580.8959007263
230609,1751925493.373629,1751927866.2737858,batch_consumer-sts-0_20250707_223746_502997.csv,True,False,False,1751928396.9543343,2903580.705165863
230619,1751925493.3738203,1751927866.300297,batch_consumer-sts-0_20250707_223746_502997.csv,True,False,False,1751928396.9543343,2903580.5139541626
230629,1751925493.374019,1751927866.3243165,batch_consumer-sts-0_20250707_223746_502997.csv,True,False,False,1751928396.9543343,2903580.315351486
230639,1751925493.3742454,1751927866.3454971,batch_consumer-sts-0_20250707_223746_502997.csv,True,False,False,1751928396.9543343,2903580.088853836
230649,1751925493.3744702,1751927866.3673484,batch_consumer-sts-0_20250707_223746_502997.csv,True,False,False,1751928396.9543343,2903579.864025116
230659,1751925493.374687,1751927866.3902686,batch_consumer-sts-0_20250707_223746_502997.csv,True,False,False,1751928396.9543343,2903579.6473026276
230669,1751925493.3749025,1751927866.4118712,batch_consumer-sts-0_20250707_223746_502997.csv,True,False,False,1751928396.9543343,2903579.431772232
230679,1751925493.375122,1751927866.4338212,batch_consumer-sts-0_20250707_223746_502997.csv,True,False,False,1751928396.9543343,2903579.2121887207
230689,1751925493.3753457,1751927866.456526,batch_consumer-sts-0_20250707_223746_502997.csv,True,False,False,1751928396.9543343,2903578.9885520935
230699,1751925493.375569,1751927866.4786255,batch_consumer-sts-0_20250707_223746_502997.csv,True,False,False,1751928396.9543343,2903578.765153885
278079,1751925494.8922665,1751928370.8710184,batch_consumer-sts-0_20250707_224628_473246.csv,True,False,False,1751928396.9543343,2902062.067747116
278089,1751925494.8925598,1751928371.0316107,batch_consumer-sts-0_20250707_224628_473246.csv,True,False,False,1751928396.9543343,2902061.774492264
278099,1751925494.8927429,1751928371.054251,batch_consumer-sts-0_20250707_224628_473246.csv,True,False,False,1751928396.9543343,2902061.591386795
278109,1751925494.8929248,1751928371.0763252,batch_consumer-sts-0_20250707_224628_473246.csv,True,False,False,1751928396.9543343,2902061.409473419
278119,1751925494.893176,1751928371.0978627,batch_consumer-sts-0_20250707_224628_473246.csv,True,False,False,1751928396.9543343,2902061.158180237
278129,1751925494.89343,1751928371.119245,batch_consumer-sts-0_20250707_224628_473246.csv,True,False,False,1751928396.9543343,2902060.90426445
278139,1751925494.8936453,1751928371.141566,batch_consumer-sts-0_20250707_224628_473246.csv,True,False,False,1751928396.9543343,2902060.688972473
278149,1751925494.8938267,1751928371.163497,batch_consumer-sts-0_20250707_224628_473246.csv,True,False,False,1751928396.9543343,2902060.5075359344
278159,1751925494.8940108,1751928371.1860523,batch_consumer-sts-0_20250707_224628_473246.csv,True,False,False,1751928396.9543343,2902060.3234767914
278169,1751925494.8942308,1751928371.2074406,batch_consumer-sts-0_20250707_224628_473246.csv,True,False,False,1751928396.9543343,2902060.103416443
278179,1751925494.8944545,1751928371.229169,batch_consumer-sts-0_20250707_224628_473246.csv,True,False,False,1751928396.9543343,2902059.8797798157
278189,1751925494.894679,1751928371.251111,batch_consumer-sts-0_20250707_224628_473246.csv,True,False,False,1751928396.9543343,2902059.655189514
278199,1751925494.894904,1751928371.2731934,batch_consumer-sts-0_20250707_224628_473246.csv,True,False,False,1751928396.9543343,2902059.430360794
278209,1751925494.8951356,1751928371.2957778,batch_consumer-sts-0_20250707_224628_473246.csv,True,False,False,1751928396.9543343,2902059.198617935
278219,1751925494.895374,1751928371.3172078,batch_consumer-sts-0_20250707_224628_473246.csv,True,False,False,1751928396.9543343,2902058.960199356
278229,1751925494.8955772,1751928371.3394358,batch_consumer-sts-0_20250707_224628_473246.csv,True,False,False,1751928396.9543343,2902058.7570667267
278239,1751925494.8957708,1751928371.361306,batch_consumer-sts-0_20250707_224628_473246.csv,True,False,False,1751928396.9543343,2902058.5634708405
278249,1751925494.89596,1751928371.3830748,batch_consumer-sts-0_20250707_224628_473246.csv,True,False,False,1751928396.9543343,2902058.3741664886
278259,1751925494.896139,1751928371.4045143,batch_consumer-sts-0_20250707_224628_473246.csv,True,False,False,1751928396.9543343,2902058.1953525543
278269,1751925494.896344,1751928371.7227297,batch_consumer-sts-0_20250707_224628_473246.csv,True,False,False,1751928396.9543343,2902057.9903125763
278279,1751925494.8965418,1751928371.7450418,batch_consumer-sts-0_20250707_224628_473246.csv,True,False,False,1751928396.9543343,2902057.7924251556
278289,1751925494.8968031,1751928371.765932,batch_consumer-sts-0_20250707_224628_473246.csv,True,False,False,1751928396.9543343,2902057.531118393
278299,1751925494.897029,1751928371.789499,batch_consumer-sts-0_20250707_224628_473246.csv,True,False,False,1751928396.9543343,2902057.3053359985
278309,1751925494.897257,1751928371.8110828,batch_consumer-sts-0_20250707_224628_473246.csv,True,False,False,1751928396.9543343,2902057.0771694183
278319,1751925494.8974922,1751928371.8328998,batch_consumer-sts-0_20250707_224628_473246.csv,True,False,False,1751928396.9543343,2902056.8420886993
278329,1751925494.8977232,1751928371.855412,batch_consumer-sts-0_20250707_224628_473246.csv,True,False,False,1751928396.9543343,2902056.611061096
278339,1751925494.8979533,1751928371.8772447,batch_consumer-sts-0_20250707_224628_473246.csv,True,False,False,1751928396.9543343,2902056.3809871674
278349,1751925494.8981977,1751928371.8993676,batch_consumer-sts-0_20250707_224628_473246.csv,True,False,False,1751928396.9543343,2902056.136608124
278359,1751925494.8984356,1751928371.922685,batch_consumer-sts-0_20250707_224628_473246.csv,True,False,False,1751928396.9543343,2902055.898666382
278369,1751925494.8986676,1751928371.9450543,batch_consumer-sts-0_20250707_224628_473246.csv,True,False,False,1751928396.9543343,2902055.6666851044
278379,1751925494.898896,1751928371.9666784,batch_consumer-sts-0_20250707_224628_473246.csv,True,False,False,1751928396.9543343,2902055.4382801056
278389,1751925494.8991382,1751928371.9888673,batch_consumer-sts-0_20250707_224628_473246.csv,True,False,False,1751928396.9543343,2902055.196046829
278399,1751925494.8993742,1751928372.0101817,batch_consumer-sts-0_20250707_224628_473246.csv,True,False,False,1751928396.9543343,2902054.960012436
278409,1751925494.8996036,1751928372.0359037,batch_consumer-sts-0_20250707_224628_473246.csv,True,False,False,1751928396.9543343,2902054.730653763
278419,1751925494.8998446,1751928372.057981,batch_consumer-sts-0_20250707_224628_473246.csv,True,False,False,1751928396.9543343,2902054.4896125793
278429,1751925494.9000812,1751928372.0793087,batch_consumer-sts-0_20250707_224628_473246.csv,True,False,False,1751928396.9543343,2902054.253101349
281709,1751925494.9819334,1751928372.1009402,batch_consumer-sts-0_20250707_224628_473246.csv,True,False,False,1751928396.9543343,2901972.400903702
281719,1751925494.9821773,1751928372.1224017,batch_consumer-sts-0_20250707_224628_473246.csv,True,False,False,1751928396.9543343,2901972.1570014954
281729,1751925494.9824836,1751928372.148439,batch_consumer-sts-0_20250707_224628_473246.csv,True,False,False,1751928396.9543343,2901971.850633621
281739,1751925494.9827173,1751928372.1815767,batch_consumer-sts-0_20250707_224628_473246.csv,True,False,False,1751928396.9543343,2901971.6169834137
281749,1751925494.9829414,1751928372.4913964,batch_consumer-sts-0_20250707_224628_473246.csv,True,False,False,1751928396.9543343,2901971.3928699493
281759,1751925494.9831674,1751928372.5127928,batch_consumer-sts-0_20250707_224628_473246.csv,True,False,False,1751928396.9543343,2901971.1668491364
281769,1751925494.983395,1751928372.5345516,batch_consumer-sts-0_20250707_224628_473246.csv,True,False,False,1751928396.9543343,2901970.9391593933
281779,1751925494.983695,1751928372.5565133,batch_consumer-sts-0_20250707_224628_473246.csv,True,False,False,1751928396.9543343,2901970.639228821
281789,1751925494.9839244,1751928372.578736,batch_consumer-sts-0_20250707_224628_473246.csv,True,False,False,1751928396.9543343,2901970.4098701477
281799,1751925494.9841535,1751928372.599995,batch_consumer-sts-0_20250707_224628_473246.csv,True,False,False,1751928396.9543343,2901970.180749893
281809,1751925494.984385,1751928372.6220562,batch_consumer-sts-0_20250707_224628_473246.csv,True,False,False,1751928396.9543343,2901969.949245453
281819,1751925494.9846902,1751928372.6431358,batch_consumer-sts-0_20250707_224628_473246.csv,True,False,False,1751928396.9543343,2901969.6440696716
281829,1751925494.98499,1751928372.6647117,batch_consumer-sts-0_20250707_224628_473246.csv,True,False,False,1751928396.9543343,2901969.3443775177
281839,1751925494.9852154,1751928372.6865945,batch_consumer-sts-0_20250707_224628_473246.csv,True,False,False,1751928396.9543343,2901969.118833542
281849,1751925494.9854436,1751928372.707616,batch_consumer-sts-0_20250707_224628_473246.csv,True,False,False,1751928396.9543343,2901968.8906669617
281859,1751925494.9856794,1751928372.728704,batch_consumer-sts-0_20250707_224628_473246.csv,True,False,False,1751928396.9543343,2901968.654870987
281869,1751925494.9859052,1751928372.75079,batch_consumer-sts-0_20250707_224628_473246.csv,True,False,False,1751928396.9543343,2901968.4290885925
281879,1751925494.9861302,1751928372.773043,batch_consumer-sts-0_20250707_224628_473246.csv,True,False,False,1751928396.9543343,2901968.204021454
281889,1751925494.9863677,1751928372.7950902,batch_consumer-sts-0_20250707_224628_473246.csv,True,False,False,1751928396.9543343,2901967.966556549
281899,1751925494.986597,1751928372.8164985,batch_consumer-sts-0_20250707_224628_473246.csv,True,False,False,1751928396.9543343,2901967.737197876
281909,1751925494.9868238,1751928372.8388808,batch_consumer-sts-0_20250707_224628_473246.csv,True,False,False,1751928396.9543343,2901967.5104618073
281919,1751925494.9870503,1751928372.8621368,batch_consumer-sts-0_20250707_224628_473246.csv,True,False,False,1751928396.9543343,2901967.283964157
281929,1751925494.9872782,1751928372.8840432,batch_consumer-sts-0_20250707_224628_473246.csv,True,False,False,1751928396.9543343,2901967.0560359955
281939,1751925494.9875104,1751928372.9045656,batch_consumer-sts-0_20250707_224628_473246.csv,True,False,False,1751928396.9543343,2901966.8238162994
281949,1751925494.9877365,1751928372.925768,batch_consumer-sts-0_20250707_224628_473246.csv,True,False,False,1751928396.9543343,2901966.5977954865
281959,1751925494.98797,1751928372.947467,batch_consumer-sts-0_20250707_224628_473246.csv,True,False,False,1751928396.9543343,2901966.364145279
281969,1751925494.9882028,1751928372.9692218,batch_consumer-sts-0_20250707_224628_473246.csv,True,False,False,1751928396.9543343,2901966.1314487457
281979,1751925494.9884374,1751928372.9888878,batch_consumer-sts-0_20250707_224628_473246.csv,True,False,False,1751928396.9543343,2901965.896844864
281989,1751925494.9886727,1751928373.0092711,batch_consumer-sts-0_20250707_224628_473246.csv,True,False,False,1751928396.9543343,2901965.6615257263
281999,1751925494.988906,1751928373.0298667,batch_consumer-sts-0_20250707_224628_473246.csv,True,False,False,1751928396.9543343,2901965.428352356
282009,1751925494.989132,1751928373.0517187,batch_consumer-sts-0_20250707_224628_473246.csv,True,False,False,1751928396.9543343,2901965.202331543
282019,1751925494.989365,1751928373.07253,batch_consumer-sts-0_20250707_224628_473246.csv,True,False,False,1751928396.9543343,2901964.9691581726
282029,1751925494.9896002,1751928373.094843,batch_consumer-sts-0_20250707_224628_473246.csv,True,False,False,1751928396.9543343,2901964.7340774536
282039,1751925494.9898353,1751928373.1470416,batch_consumer-sts-0_20250707_224628_473246.csv,True,False,False,1751928396.9543343,2901964.4989967346
282049,1751925494.9900637,1751928373.1691213,batch_consumer-sts-0_20250707_224628_473246.csv,True,False,False,1751928396.9543343,2901964.270591736
282059,1751925494.9902992,1751928373.1899302,batch_consumer-sts-0_20250707_224628_473246.csv,True,False,False,1751928396.9543343,2901964.0350341797
282069,1751925494.990536,1751928373.211121,batch_consumer-sts-0_20250707_224628_473246.csv,True,False,False,1751928396.9543343,2901963.7982845306
282079,1751925494.9909656,1751928373.232984,batch_consumer-sts-0_20250707_224628_473246.csv,True,False,False,1751928396.9543343,2901963.368654251
282089,1751925494.9912004,1751928373.2546208,batch_consumer-sts-0_20250707_224628_473246.csv,True,False,False,1751928396.9543343,2901963.1338119507
282099,1751925494.991429,1751928373.2751086,batch_consumer-sts-0_20250707_224628_473246.csv,True,False,False,1751928396.9543343,2901962.9051685333
282109,1751925494.9917364,1751928373.2971363,batch_consumer-sts-0_20250707_224628_473246.csv,True,False,False,1751928396.9543343,2901962.597846985
291919,1751925495.2402594,1751928373.3183022,batch_consumer-sts-0_20250707_224628_473246.csv,True,False,False,1751928396.9543343,2901714.0748500824
291929,1751925495.2404416,1751928373.340017,batch_consumer-sts-0_20250707_224628_473246.csv,True,False,False,1751928396.9543343,2901713.892698288
291939,1751925495.2406228,1751928373.3618698,batch_consumer-sts-0_20250707_224628_473246.csv,True,False,False,1751928396.9543343,2901713.711500168
291949,1751925495.2408085,1751928373.383339,batch_consumer-sts-0_20250707_224628_473246.csv,True,False,False,1751928396.9543343,2901713.5257720947
291959,1751925495.2409928,1751928373.405087,batch_consumer-sts-0_20250707_224628_473246.csv,True,False,False,1751928396.9543343,2901713.341474533
291969,1751925495.24118,1751928373.4264882,batch_consumer-sts-0_20250707_224628_473246.csv,True,False,False,1751928396.9543343,2901713.1543159485
291979,1751925495.2413695,1751928373.4479563,batch_consumer-sts-0_20250707_224628_473246.csv,True,False,False,1751928396.9543343,2901712.964773178
291989,1751925495.241556,1751928373.4702277,batch_consumer-sts-0_20250707_224628_473246.csv,True,False,False,1751928396.9543343,2901712.7783298492
291999,1751925495.2417436,1751928373.4920292,batch_consumer-sts-0_20250707_224628_473246.csv,True,False,False,1751928396.9543343,2901712.5906944275
292009,1751925495.241924,1751928373.5131986,batch_consumer-sts-0_20250707_224628_473246.csv,True,False,False,1751928396.9543343,2901712.410211563
292019,1751925495.2421076,1751928373.5336363,batch_consumer-sts-0_20250707_224628_473246.csv,True,False,False,1751928396.9543343,2901712.226629257
292029,1751925495.2423456,1751928373.5556445,batch_consumer-sts-0_20250707_224628_473246.csv,True,False,False,1751928396.9543343,2901711.9886875153
292039,1751925495.2425842,1751928373.5778012,batch_consumer-sts-0_20250707_224628_473246.csv,True,False,False,1751928396.9543343,2901711.7500305176
292049,1751925495.2428248,1751928373.5996168,batch_consumer-sts-0_20250707_224628_473246.csv,True,False,False,1751928396.9543343,2901711.5094661713
292059,1751925495.2430527,1751928373.6211176,batch_consumer-sts-0_20250707_224628_473246.csv,True,False,False,1751928396.9543343,2901711.2815380096
292069,1751925495.2432904,1751928373.6431422,batch_consumer-sts-0_20250707_224628_473246.csv,True,False,False,1751928396.9543343,2901711.0438346863
292079,1751925495.2435162,1751928373.6651666,batch_consumer-sts-0_20250707_224628_473246.csv,True,False,False,1751928396.9543343,2901710.818052292
292089,1751925495.2437131,1751928373.686035,batch_consumer-sts-0_20250707_224628_473246.csv,True,False,False,1751928396.9543343,2901710.6211185455
292099,1751925495.2439082,1751928373.7078435,batch_consumer-sts-0_20250707_224628_473246.csv,True,False,False,1751928396.9543343,2901710.426092148
292109,1751925495.2441363,1751928373.7298925,batch_consumer-sts-0_20250707_224628_473246.csv,True,False,False,1751928396.9543343,2901710.1979255676
292119,1751925495.244378,1751928373.7527628,batch_consumer-sts-0_20250707_224628_473246.csv,True,False,False,1751928396.9543343,2901709.9561691284
292129,1751925495.2446194,1751928373.773392,batch_consumer-sts-0_20250707_224628_473246.csv,True,False,False,1751928396.9543343,2901709.7148895264
292139,1751925495.244853,1751928373.7951598,batch_consumer-sts-0_20250707_224628_473246.csv,True,False,False,1751928396.9543343,2901709.481239319
292149,1751925495.2450943,1751928373.8166714,batch_consumer-sts-0_20250707_224628_473246.csv,True,False,False,1751928396.9543343,2901709.239959717
292159,1751925495.2453256,1751928373.8384635,batch_consumer-sts-0_20250707_224628_473246.csv,True,False,False,1751928396.9543343,2901709.008693695
292169,1751925495.2455688,1751928373.860489,batch_consumer-sts-0_20250707_224628_473246.csv,True,False,False,1751928396.9543343,2901708.7655067444
292179,1751925495.2458007,1751928373.8819623,batch_consumer-sts-0_20250707_224628_473246.csv,True,False,False,1751928396.9543343,2901708.533525467
292189,1751925495.246036,1751928373.9019427,batch_consumer-sts-0_20250707_224628_473246.csv,True,False,False,1751928396.9543343,2901708.2982063293
292199,1751925495.2462869,1751928373.9234872,batch_consumer-sts-0_20250707_224628_473246.csv,True,False,False,1751928396.9543343,2901708.047389984
292209,1751925495.2465248,1751928373.945166,batch_consumer-sts-0_20250707_224628_473246.csv,True,False,False,1751928396.9543343,2901707.809448242
292219,1751925495.246751,1751928373.968305,batch_consumer-sts-0_20250707_224628_473246.csv,True,False,False,1751928396.9543343,2901707.5831890106
292229,1751925495.2469835,1751928373.989943,batch_consumer-sts-0_20250707_224628_473246.csv,True,False,False,1751928396.9543343,2901707.350730896
292239,1751925495.2472186,1751928374.011041,batch_consumer-sts-0_20250707_224628_473246.csv,True,False,False,1751928396.9543343,2901707.115650177
292249,1751925495.2474575,1751928374.0329626,batch_consumer-sts-0_20250707_224628_473246.csv,True,False,False,1751928396.9543343,2901706.8767547607
292259,1751925495.2476976,1751928374.0540147,batch_consumer-sts-0_20250707_224628_473246.csv,True,False,False,1751928396.9543343,2901706.6366672516
292269,1751925495.2479854,1751928374.0757754,batch_consumer-sts-0_20250707_224628_473246.csv,True,False,False,1751928396.9543343,2901706.3488960266
292279,1751925495.2482831,1751928374.097689,batch_consumer-sts-0_20250707_224628_473246.csv,True,False,False,1751928396.9543343,2901706.0511112213
292289,1751925495.248571,1751928374.1185477,batch_consumer-sts-0_20250707_224628_473246.csv,True,False,False,1751928396.9543343,2901705.7633399963
292299,1751925495.248876,1751928374.1391902,batch_consumer-sts-0_20250707_224628_473246.csv,True,False,False,1751928396.9543343,2901705.458164215
292309,1751925495.249169,1751928374.161511,batch_consumer-sts-0_20250707_224628_473246.csv,True,False,False,1751928396.9543343,2901705.1651477814
292319,1751925495.249463,1751928374.1834211,batch_consumer-sts-0_20250707_224628_473246.csv,True,False,False,1751928396.9543343,2901704.8711776733
292329,1751925495.2497714,1751928374.2045543,batch_consumer-sts-0_20250707_224628_473246.csv,True,False,False,1751928396.9543343,2901704.5629024506
292339,1751925495.2499974,1751928374.2257764,batch_consumer-sts-0_20250707_224628_473246.csv,True,False,False,1751928396.9543343,2901704.3368816376
292349,1751925495.2502356,1751928374.247583,batch_consumer-sts-0_20250707_224628_473246.csv,True,False,False,1751928396.9543343,2901704.098701477
293339,1751925495.280783,1751928374.267929,batch_consumer-sts-0_20250707_224628_473246.csv,True,False,False,1751928396.9543343,2901673.5513210297
293349,1751925495.2810965,1751928374.289527,batch_consumer-sts-0_20250707_224628_473246.csv,True,False,False,1751928396.9543343,2901673.237800598
293359,1751925495.2813346,1751928374.3108437,batch_consumer-sts-0_20250707_224628_473246.csv,True,False,False,1751928396.9543343,2901672.9996204376
293369,1751925495.2815683,1751928374.332687,batch_consumer-sts-0_20250707_224628_473246.csv,True,False,False,1751928396.9543343,2901672.76597023
293379,1751925495.2818348,1751928374.354656,batch_consumer-sts-0_20250707_224628_473246.csv,True,False,False,1751928396.9543343,2901672.4994182587
293389,1751925495.2820714,1751928374.3766725,batch_consumer-sts-0_20250707_224628_473246.csv,True,False,False,1751928396.9543343,2901672.262907028
293399,1751925495.282388,1751928374.398133,batch_consumer-sts-0_20250707_224628_473246.csv,True,False,False,1751928396.9543343,2901671.946287155
293409,1751925495.2827318,1751928374.419443,batch_consumer-sts-0_20250707_224628_473246.csv,True,False,False,1751928396.9543343,2901671.602487564
293419,1751925495.2830796,1751928374.4413404,batch_consumer-sts-0_20250707_224628_473246.csv,True,False,False,1751928396.9543343,2901671.254634857
293429,1751925495.2834277,1751928374.4633954,batch_consumer-sts-0_20250707_224628_473246.csv,True,False,False,1751928396.9543343,2901670.9065437317
293439,1751925495.2838264,1751928374.485334,batch_consumer-sts-0_20250707_224628_473246.csv,True,False,False,1751928396.9543343,2901670.5079078674
293449,1751925495.2841263,1751928374.5064056,batch_consumer-sts-0_20250707_224628_473246.csv,True,False,False,1751928396.9543343,2901670.207977295
293459,1751925495.2843702,1751928374.5312831,batch_consumer-sts-0_20250707_224628_473246.csv,True,False,False,1751928396.9543343,2901669.9640750885
293469,1751925495.28461,1751928374.5534008,batch_consumer-sts-0_20250707_224628_473246.csv,True,False,False,1751928396.9543343,2901669.724225998
293479,1751925495.2848449,1751928374.5756772,batch_consumer-sts-0_20250707_224628_473246.csv,True,False,False,1751928396.9543343,2901669.4893836975
293489,1751925495.285076,1751928374.5974011,batch_consumer-sts-0_20250707_224628_473246.csv,True,False,False,1751928396.9543343,2901669.2583560944
293499,1751925495.2853055,1751928374.6174233,batch_consumer-sts-0_20250707_224628_473246.csv,True,False,False,1751928396.9543343,2901669.0287590027
293509,1751925495.2855492,1751928374.6389906,batch_consumer-sts-0_20250707_224628_473246.csv,True,False,False,1751928396.9543343,2901668.785095215
293519,1751925495.2857792,1751928374.661152,batch_consumer-sts-0_20250707_224628_473246.csv,True,False,False,1751928396.9543343,2901668.555021286
293529,1751925495.286015,1751928375.683421,batch_consumer-sts-0_20250707_224628_473246.csv,True,False,False,1751928396.9543343,2901668.3192253113
293539,1751925495.286265,1751928375.7048285,batch_consumer-sts-0_20250707_224628_473246.csv,True,False,False,1751928396.9543343,2901668.0693626404
293549,1751925495.2864964,1751928375.7260723,batch_consumer-sts-0_20250707_224628_473246.csv,True,False,False,1751928396.9543343,2901667.8378582
293559,1751925495.2867322,1751928375.7476768,batch_consumer-sts-0_20250707_224628_473246.csv,True,False,False,1751928396.9543343,2901667.6020622253
293569,1751925495.2869596,1751928376.2322814,batch_consumer-sts-0_20250707_224628_473246.csv,True,False,False,1751928396.9543343,2901667.374610901
293579,1751925495.287191,1751928376.253611,batch_consumer-sts-0_20250707_224628_473246.csv,True,False,False,1751928396.9543343,2901667.143344879
293589,1751925495.2874136,1751928376.2755072,batch_consumer-sts-0_20250707_224628_473246.csv,True,False,False,1751928396.9543343,2901666.9206619263
293599,1751925495.287644,1751928376.2980092,batch_consumer-sts-0_20250707_224628_473246.csv,True,False,False,1751928396.9543343,2901666.690349579
293609,1751925495.2878785,1751928376.318925,batch_consumer-sts-0_20250707_224628_473246.csv,True,False,False,1751928396.9543343,2901666.455745697
293619,1751925495.288119,1751928376.3402302,batch_consumer-sts-0_20250707_224628_473246.csv,True,False,False,1751928396.9543343,2901666.2151813507
293629,1751925495.2883427,1751928376.362667,batch_consumer-sts-0_20250707_224628_473246.csv,True,False,False,1751928396.9543343,2901665.9915447235
293639,1751925495.2885702,1751928376.38458,batch_consumer-sts-0_20250707_224628_473246.csv,True,False,False,1751928396.9543343,2901665.764093399
293649,1751925495.2888064,1751928376.4054692,batch_consumer-sts-0_20250707_224628_473246.csv,True,False,False,1751928396.9543343,2901665.527820587
293659,1751925495.2890365,1751928376.4268458,batch_consumer-sts-0_20250707_224628_473246.csv,True,False,False,1751928396.9543343,2901665.2977466583
293669,1751925495.2892709,1751928376.448528,batch_consumer-sts-0_20250707_224628_473246.csv,True,False,False,1751928396.9543343,2901665.063381195
293679,1751925495.2895005,1751928376.470347,batch_consumer-sts-0_20250707_224628_473246.csv,True,False,False,1751928396.9543343,2901664.8337841034
293689,1751925495.2897289,1751928376.492486,batch_consumer-sts-0_20250707_224628_473246.csv,True,False,False,1751928396.9543343,2901664.6053791046
293699,1751925495.2900467,1751928376.5136487,batch_consumer-sts-0_20250707_224628_473246.csv,True,False,False,1751928396.9543343,2901664.2875671387
293709,1751925495.2902913,1751928377.0355804,batch_consumer-sts-0_20250707_224628_473246.csv,True,False,False,1751928396.9543343,2901664.0429496765
293719,1751925495.2906706,1751928377.057395,batch_consumer-sts-0_20250707_224628_473246.csv,True,False,False,1751928396.9543343,2901663.663625717
294269,1751925495.3118691,1751928377.0793388,batch_consumer-sts-0_20250707_224628_473246.csv,True,False,False,1751928396.9543343,2901642.4651145935
294279,1751925495.3121605,1751928377.100911,batch_consumer-sts-0_20250707_224628_473246.csv,True,False,False,1751928396.9543343,2901642.17376709
294289,1751925495.3124716,1751928377.1223311,batch_consumer-sts-0_20250707_224628_473246.csv,True,False,False,1751928396.9543343,2901641.862630844
294299,1751925495.3126538,1751928377.1481576,batch_consumer-sts-0_20250707_224628_473246.csv,True,False,False,1751928396.9543343,2901641.6804790497
294309,1751925495.312912,1751928377.1691475,batch_consumer-sts-0_20250707_224628_473246.csv,True,False,False,1751928396.9543343,2901641.4222717285
294319,1751925495.3131697,1751928377.1912217,batch_consumer-sts-0_20250707_224628_473246.csv,True,False,False,1751928396.9543343,2901641.1645412445
294329,1751925495.3133557,1751928377.2116575,batch_consumer-sts-0_20250707_224628_473246.csv,True,False,False,1751928396.9543343,2901640.978574753
294339,1751925495.3135464,1751928377.2333453,batch_consumer-sts-0_20250707_224628_473246.csv,True,False,False,1751928396.9543343,2901640.7878398895
294349,1751925495.3137877,1751928377.255244,batch_consumer-sts-0_20250707_224628_473246.csv,True,False,False,1751928396.9543343,2901640.5465602875
294359,1751925495.3140423,1751928377.2770958,batch_consumer-sts-0_20250707_224628_473246.csv,True,False,False,1751928396.9543343,2901640.291929245
294369,1751925495.3142922,1751928377.4569268,batch_consumer-sts-0_20250707_224628_473246.csv,True,False,False,1751928396.9543343,2901640.042066574
294379,1751925495.3145175,1751928377.4782443,batch_consumer-sts-0_20250707_224628_473246.csv,True,False,False,1751928396.9543343,2901639.816761017
294389,1751925495.314746,1751928377.5013013,batch_consumer-sts-0_20250707_224628_473246.csv,True,False,False,1751928396.9543343,2901639.588356018
294399,1751925495.3149686,1751928377.5226798,batch_consumer-sts-0_20250707_224628_473246.csv,True,False,False,1751928396.9543343,2901639.365673065
294409,1751925495.3151944,1751928377.5446596,batch_consumer-sts-0_20250707_224628_473246.csv,True,False,False,1751928396.9543343,2901639.139890671
294419,1751925495.315431,1751928377.56331,batch_consumer-sts-0_20250707_224628_473246.csv,True,False,False,1751928396.9543343,2901638.9031410217
294429,1751925495.315605,1751928377.585398,batch_consumer-sts-0_20250707_224628_473246.csv,True,False,False,1751928396.9543343,2901638.7293338776
294439,1751925495.3157911,1751928377.606739,batch_consumer-sts-0_20250707_224628_473246.csv,True,False,False,1751928396.9543343,2901638.5431289673
294449,1751925495.3159714,1751928377.6287844,batch_consumer-sts-0_20250707_224628_473246.csv,True,False,False,1751928396.9543343,2901638.3628845215
294459,1751925495.3161511,1751928377.650074,batch_consumer-sts-0_20250707_224628_473246.csv,True,False,False,1751928396.9543343,2901638.183116913
294469,1751925495.3163342,1751928377.671592,batch_consumer-sts-0_20250707_224628_473246.csv,True,False,False,1751928396.9543343,2901638.000011444
294479,1751925495.3165176,1751928377.6935935,batch_consumer-sts-0_20250707_224628_473246.csv,True,False,False,1751928396.9543343,2901637.8166675568
294489,1751925495.3167026,1751928377.7149782,batch_consumer-sts-0_20250707_224628_473246.csv,True,False,False,1751928396.9543343,2901637.6316547394
294499,1751925495.316905,1751928377.7360806,batch_consumer-sts-0_20250707_224628_473246.csv,True,False,False,1751928396.9543343,2901637.4292373657
294509,1751925495.3170955,1751928377.7584827,batch_consumer-sts-0_20250707_224628_473246.csv,True,False,False,1751928396.9543343,2901637.238740921
294519,1751925495.317283,1751928377.780711,batch_consumer-sts-0_20250707_224628_473246.csv,True,False,False,1751928396.9543343,2901637.051343918
294529,1751925495.3174777,1751928377.8022366,batch_consumer-sts-0_20250707_224628_473246.csv,True,False,False,1751928396.9543343,2901636.8565559387
294539,1751925495.3176632,1751928377.8250804,batch_consumer-sts-0_20250707_224628_473246.csv,True,False,False,1751928396.9543343,2901636.671066284
294549,1751925495.3178556,1751928377.846971,batch_consumer-sts-0_20250707_224628_473246.csv,True,False,False,1751928396.9543343,2901636.478662491
294559,1751925495.3180482,1751928377.8690023,batch_consumer-sts-0_20250707_224628_473246.csv,True,False,False,1751928396.9543343,2901636.286020279
294569,1751925495.31834,1751928377.8901482,batch_consumer-sts-0_20250707_224628_473246.csv,True,False,False,1751928396.9543343,2901635.994195938
294579,1751925495.318662,1751928377.910429,batch_consumer-sts-0_20250707_224628_473246.csv,True,False,False,1751928396.9543343,2901635.6723308563
294589,1751925495.3191984,1751928377.9320412,batch_consumer-sts-0_20250707_224628_473246.csv,True,False,False,1751928396.9543343,2901635.1358890533
294599,1751925495.319698,1751928377.954162,batch_consumer-sts-0_20250707_224628_473246.csv,True,False,False,1751928396.9543343,2901634.6361637115
294609,1751925495.319949,1751928377.9762578,batch_consumer-sts-0_20250707_224628_473246.csv,True,False,False,1751928396.9543343,2901634.3853473663
294619,1751925495.3203695,1751928377.9981332,batch_consumer-sts-0_20250707_224628_473246.csv,True,False,False,1751928396.9543343,2901633.964776993
294629,1751925495.3209157,1751928378.0194705,batch_consumer-sts-0_20250707_224628_473246.csv,True,False,False,1751928396.9543343,2901633.418560028
294639,1751925495.3214197,1751928378.0415196,batch_consumer-sts-0_20250707_224628_473246.csv,True,False,False,1751928396.9543343,2901632.914543152
294649,1751925495.3218193,1751928378.0633838,batch_consumer-sts-0_20250707_224628_473246.csv,True,False,False,1751928396.9543343,2901632.5149536133
298829,1751925495.4436746,1751928378.085817,batch_consumer-sts-0_20250707_224628_473246.csv,True,False,False,1751928396.9543343,2901510.6596946716
298839,1751925495.4438994,1751928378.1069856,batch_consumer-sts-0_20250707_224628_473246.csv,True,False,False,1751928396.9543343,2901510.4348659515
298849,1751925495.44416,1751928378.1286187,batch_consumer-sts-0_20250707_224628_473246.csv,True,False,False,1751928396.9543343,2901510.1742744446
298859,1751925495.4443974,1751928378.1503758,batch_consumer-sts-0_20250707_224628_473246.csv,True,False,False,1751928396.9543343,2901509.93680954
298869,1751925495.4446323,1751928378.1715007,batch_consumer-sts-0_20250707_224628_473246.csv,True,False,False,1751928396.9543343,2901509.7019672394
298879,1751925495.4448647,1751928378.1934469,batch_consumer-sts-0_20250707_224628_473246.csv,True,False,False,1751928396.9543343,2901509.4695091248
298889,1751925495.4451032,1751928378.2145216,batch_consumer-sts-0_20250707_224628_473246.csv,True,False,False,1751928396.9543343,2901509.2310905457
298899,1751925495.4453335,1751928378.2361712,batch_consumer-sts-0_20250707_224628_473246.csv,True,False,False,1751928396.9543343,2901509.0007781982
298909,1751925495.4455702,1751928378.2570603,batch_consumer-sts-0_20250707_224628_473246.csv,True,False,False,1751928396.9543343,2901508.764028549
298919,1751925495.4458015,1751928378.2797313,batch_consumer-sts-0_20250707_224628_473246.csv,True,False,False,1751928396.9543343,2901508.5327625275
298929,1751925495.446035,1751928378.303422,batch_consumer-sts-0_20250707_224628_473246.csv,True,False,False,1751928396.9543343,2901508.2993507385
298939,1751925495.446282,1751928378.3251166,batch_consumer-sts-0_20250707_224628_473246.csv,True,False,False,1751928396.9543343,2901508.0523490906
298949,1751925495.4465144,1751928378.3465905,batch_consumer-sts-0_20250707_224628_473246.csv,True,False,False,1751928396.9543343,2901507.819890976
298959,1751925495.446833,1751928378.368091,batch_consumer-sts-0_20250707_224628_473246.csv,True,False,False,1751928396.9543343,2901507.5013637543
298969,1751925495.44724,1751928378.3920293,batch_consumer-sts-0_20250707_224628_473246.csv,True,False,False,1751928396.9543343,2901507.094144821
298979,1751925495.4476,1751928378.4129672,batch_consumer-sts-0_20250707_224628_473246.csv,True,False,False,1751928396.9543343,2901506.7343711853
298989,1751925495.4479046,1751928378.4302766,batch_consumer-sts-0_20250707_224628_473246.csv,True,False,False,1751928396.9543343,2901506.429672241
298999,1751925495.4482124,1751928378.4519873,batch_consumer-sts-0_20250707_224628_473246.csv,True,False,False,1751928396.9543343,2901506.1218738556
299009,1751925495.4484465,1751928378.4737625,batch_consumer-sts-0_20250707_224628_473246.csv,True,False,False,1751928396.9543343,2901505.887746811
299019,1751925495.4486723,1751928378.4955606,batch_consumer-sts-0_20250707_224628_473246.csv,True,False,False,1751928396.9543343,2901505.6619644165
299029,1751925495.4489045,1751928378.516852,batch_consumer-sts-0_20250707_224628_473246.csv,True,False,False,1751928396.9543343,2901505.4297447205
299039,1751925495.4491315,1751928378.5394332,batch_consumer-sts-0_20250707_224628_473246.csv,True,False,False,1751928396.9543343,2901505.202770233
299049,1751925495.449359,1751928378.5616322,batch_consumer-sts-0_20250707_224628_473246.csv,True,False,False,1751928396.9543343,2901504.9753189087
299059,1751925495.449588,1751928378.583902,batch_consumer-sts-0_20250707_224628_473246.csv,True,False,False,1751928396.9543343,2901504.746198654
299069,1751925495.449814,1751928378.6052854,batch_consumer-sts-0_20250707_224628_473246.csv,True,False,False,1751928396.9543343,2901504.520177841
299079,1751925495.4500427,1751928378.6266255,batch_consumer-sts-0_20250707_224628_473246.csv,True,False,False,1751928396.9543343,2901504.291534424
299089,1751925495.45031,1751928378.648566,batch_consumer-sts-0_20250707_224628_473246.csv,True,False,False,1751928396.9543343,2901504.0242671967
299099,1751925495.4505365,1751928378.6707106,batch_consumer-sts-0_20250707_224628_473246.csv,True,False,False,1751928396.9543343,2901503.7977695465
299109,1751925495.450769,1751928378.692592,batch_consumer-sts-0_20250707_224628_473246.csv,True,False,False,1751928396.9543343,2901503.565311432
299119,1751925495.4509978,1751928378.714166,batch_consumer-sts-0_20250707_224628_473246.csv,True,False,False,1751928396.9543343,2901503.336429596
299129,1751925495.4512253,1751928378.736213,batch_consumer-sts-0_20250707_224628_473246.csv,True,False,False,1751928396.9543343,2901503.1089782715
299139,1751925495.451456,1751928378.7604165,batch_consumer-sts-0_20250707_224628_473246.csv,True,False,False,1751928396.9543343,2901502.878189087
299149,1751925495.451682,1751928378.7829084,batch_consumer-sts-0_20250707_224628_473246.csv,True,False,False,1751928396.9543343,2901502.652168274
299159,1751925495.4519155,1751928378.804619,batch_consumer-sts-0_20250707_224628_473246.csv,True,False,False,1751928396.9543343,2901502.418756485
299169,1751925495.4521492,1751928378.831709,batch_consumer-sts-0_20250707_224628_473246.csv,True,False,False,1751928396.9543343,2901502.1851062775
299179,1751925495.4523797,1751928378.8533576,batch_consumer-sts-0_20250707_224628_473246.csv,True,False,False,1751928396.9543343,2901501.9545555115
299189,1751925495.4526088,1751928378.874875,batch_consumer-sts-0_20250707_224628_473246.csv,True,False,False,1751928396.9543343,2901501.725435257
299199,1751925495.4528449,1751928378.8966987,batch_consumer-sts-0_20250707_224628_473246.csv,True,False,False,1751928396.9543343,2901501.4894008636
299209,1751925495.453072,1751928378.91783,batch_consumer-sts-0_20250707_224628_473246.csv,True,False,False,1751928396.9543343,2901501.2621879578
299219,1751925495.4533007,1751928378.9403365,batch_consumer-sts-0_20250707_224628_473246.csv,True,False,False,1751928396.9543343,2901501.0335445404
299229,1751925495.4535325,1751928378.962795,batch_consumer-sts-0_20250707_224628_473246.csv,True,False,False,1751928396.9543343,2901500.8018016815
300119,1751925495.484011,1751928378.985113,batch_consumer-sts-0_20250707_224628_473246.csv,True,False,False,1751928396.9543343,2901470.3233242035
300129,1751925495.4842503,1751928379.0073051,batch_consumer-sts-0_20250707_224628_473246.csv,True,False,False,1751928396.9543343,2901470.08395195
300139,1751925495.484486,1751928379.0306993,batch_consumer-sts-0_20250707_224628_473246.csv,True,False,False,1751928396.9543343,2901469.8481559753
300149,1751925495.4847252,1751928379.052605,batch_consumer-sts-0_20250707_224628_473246.csv,True,False,False,1751928396.9543343,2901469.6090221405
300159,1751925495.4849644,1751928379.0745268,batch_consumer-sts-0_20250707_224628_473246.csv,True,False,False,1751928396.9543343,2901469.3698883057
300169,1751925495.4852464,1751928379.0964153,batch_consumer-sts-0_20250707_224628_473246.csv,True,False,False,1751928396.9543343,2901469.0878391266
300179,1751925495.4855654,1751928379.1186197,batch_consumer-sts-0_20250707_224628_473246.csv,True,False,False,1751928396.9543343,2901468.7688350677
300189,1751925495.4859438,1751928379.1404195,batch_consumer-sts-0_20250707_224628_473246.csv,True,False,False,1751928396.9543343,2901468.3904647827
300199,1751925495.4862597,1751928379.1625688,batch_consumer-sts-0_20250707_224628_473246.csv,True,False,False,1751928396.9543343,2901468.0745601654
300209,1751925495.4865618,1751928379.1847878,batch_consumer-sts-0_20250707_224628_473246.csv,True,False,False,1751928396.9543343,2901467.7724838257
300219,1751925495.4867997,1751928379.2074883,batch_consumer-sts-0_20250707_224628_473246.csv,True,False,False,1751928396.9543343,2901467.5345420837
300229,1751925495.4870288,1751928379.229777,batch_consumer-sts-0_20250707_224628_473246.csv,True,False,False,1751928396.9543343,2901467.305421829
300239,1751925495.4872527,1751928379.251933,batch_consumer-sts-0_20250707_224628_473246.csv,True,False,False,1751928396.9543343,2901467.0815467834
300249,1751925495.4874818,1751928379.2755876,batch_consumer-sts-0_20250707_224628_473246.csv,True,False,False,1751928396.9543343,2901466.852426529
300259,1751925495.487715,1751928379.2977126,batch_consumer-sts-0_20250707_224628_473246.csv,True,False,False,1751928396.9543343,2901466.6192531586
300269,1751925495.4879456,1751928379.3189363,batch_consumer-sts-0_20250707_224628_473246.csv,True,False,False,1751928396.9543343,2901466.3887023926
300279,1751925495.4881804,1751928379.3405294,batch_consumer-sts-0_20250707_224628_473246.csv,True,False,False,1751928396.9543343,2901466.153860092
300289,1751925495.488406,1751928379.359734,batch_consumer-sts-0_20250707_224628_473246.csv,True,False,False,1751928396.9543343,2901465.9283161163
300299,1751925495.4886386,1751928379.3839312,batch_consumer-sts-0_20250707_224628_473246.csv,True,False,False,1751928396.9543343,2901465.695619583
300309,1751925495.488875,1751928379.4064507,batch_consumer-sts-0_20250707_224628_473246.csv,True,False,False,1751928396.9543343,2901465.4593467712
300319,1751925495.4891047,1751928379.4286916,batch_consumer-sts-0_20250707_224628_473246.csv,True,False,False,1751928396.9543343,2901465.229511261
300329,1751925495.4893427,1751928379.451408,batch_consumer-sts-0_20250707_224628_473246.csv,True,False,False,1751928396.9543343,2901464.991569519
300339,1751925495.489575,1751928379.4738705,batch_consumer-sts-0_20250707_224628_473246.csv,True,False,False,1751928396.9543343,2901464.759349823
300349,1751925495.489802,1751928379.4960558,batch_consumer-sts-0_20250707_224628_473246.csv,True,False,False,1751928396.9543343,2901464.5323753357
300359,1751925495.490035,1751928379.5165975,batch_consumer-sts-0_20250707_224628_473246.csv,True,False,False,1751928396.9543343,2901464.2992019653
300369,1751925495.490275,1751928379.5386455,batch_consumer-sts-0_20250707_224628_473246.csv,True,False,False,1751928396.9543343,2901464.0593528748
300379,1751925495.4905064,1751928379.5612772,batch_consumer-sts-0_20250707_224628_473246.csv,True,False,False,1751928396.9543343,2901463.8278484344
300389,1751925495.4907448,1751928379.582605,batch_consumer-sts-0_20250707_224628_473246.csv,True,False,False,1751928396.9543343,2901463.5894298553
300399,1751925495.4909818,1751928379.6039448,batch_consumer-sts-0_20250707_224628_473246.csv,True,False,False,1751928396.9543343,2901463.3524417877
300409,1751925495.4912124,1751928379.626531,batch_consumer-sts-0_20250707_224628_473246.csv,True,False,False,1751928396.9543343,2901463.1218910217
300419,1751925495.4914565,1751928379.6491408,batch_consumer-sts-0_20250707_224628_473246.csv,True,False,False,1751928396.9543343,2901462.8777503967
300429,1751925495.491698,1751928379.671337,batch_consumer-sts-0_20250707_224628_473246.csv,True,False,False,1751928396.9543343,2901462.636232376
300439,1751925495.491939,1751928379.69356,batch_consumer-sts-0_20250707_224628_473246.csv,True,False,False,1751928396.9543343,2901462.3951911926
300449,1751925495.4922569,1751928379.7153268,batch_consumer-sts-0_20250707_224628_473246.csv,True,False,False,1751928396.9543343,2901462.0773792267
300459,1751925495.4925697,1751928379.7374072,batch_consumer-sts-0_20250707_224628_473246.csv,True,False,False,1751928396.9543343,2901461.764574051
300469,1751925495.4928007,1751928379.758466,batch_consumer-sts-0_20250707_224628_473246.csv,True,False,False,1751928396.9543343,2901461.5335464478
300479,1751925495.4931016,1751928379.781138,batch_consumer-sts-0_20250707_224628_473246.csv,True,False,False,1751928396.9543343,2901461.232662201
300489,1751925495.4933238,1751928379.8029263,batch_consumer-sts-0_20250707_224628_473246.csv,True,False,False,1751928396.9543343,2901461.010456085
300499,1751925495.493543,1751928379.8242877,batch_consumer-sts-0_20250707_224628_473246.csv,True,False,False,1751928396.9543343,2901460.791349411
300509,1751925495.4937685,1751928379.8463583,batch_consumer-sts-0_20250707_224628_473246.csv,True,False,False,1751928396.9543343,2901460.565805435
304139,1751925495.606875,1751928380.870118,batch_consumer-sts-0_20250707_224628_473246.csv,True,False,False,1751928396.9543343,2901347.4593162537
304149,1751925495.6072354,1751928381.063197,batch_consumer-sts-0_20250707_224628_473246.csv,True,False,False,1751928396.9543343,2901347.098827362
304159,1751925495.607599,1751928381.0830524,batch_consumer-sts-0_20250707_224628_473246.csv,True,False,False,1751928396.9543343,2901346.735239029
304169,1751925495.6079478,1751928381.1143656,batch_consumer-sts-0_20250707_224628_473246.csv,True,False,False,1751928396.9543343,2901346.3864326477
304179,1751925495.608291,1751928381.1358564,batch_consumer-sts-0_20250707_224628_473246.csv,True,False,False,1751928396.9543343,2901346.0433483124
304189,1751925495.608651,1751928381.1580155,batch_consumer-sts-0_20250707_224628_473246.csv,True,False,False,1751928396.9543343,2901345.683336258
304199,1751925495.6089911,1751928381.1807578,batch_consumer-sts-0_20250707_224628_473246.csv,True,False,False,1751928396.9543343,2901345.3431129456
304209,1751925495.6093252,1751928381.2030983,batch_consumer-sts-0_20250707_224628_473246.csv,True,False,False,1751928396.9543343,2901345.0090885162
304219,1751925495.60978,1751928381.225325,batch_consumer-sts-0_20250707_224628_473246.csv,True,False,False,1751928396.9543343,2901344.5541858673
304229,1751925495.610258,1751928381.247867,batch_consumer-sts-0_20250707_224628_473246.csv,True,False,False,1751928396.9543343,2901344.076156616
304239,1751925495.6109805,1751928381.269775,batch_consumer-sts-0_20250707_224628_473246.csv,True,False,False,1751928396.9543343,2901343.3537483215
304249,1751925495.6113858,1751928381.2917662,batch_consumer-sts-0_20250707_224628_473246.csv,True,False,False,1751928396.9543343,2901342.948436737
304259,1751925495.6120863,1751928381.3132057,batch_consumer-sts-0_20250707_224628_473246.csv,True,False,False,1751928396.9543343,2901342.2479629517
304269,1751925495.6126354,1751928381.334095,batch_consumer-sts-0_20250707_224628_473246.csv,True,False,False,1751928396.9543343,2901341.698884964
304279,1751925495.613076,1751928381.356361,batch_consumer-sts-0_20250707_224628_473246.csv,True,False,False,1751928396.9543343,2901341.25828743
304289,1751925495.6135018,1751928381.3784196,batch_consumer-sts-0_20250707_224628_473246.csv,True,False,False,1751928396.9543343,2901340.8324718475
304299,1751925495.6139302,1751928381.4000022,batch_consumer-sts-0_20250707_224628_473246.csv,True,False,False,1751928396.9543343,2901340.404033661
304309,1751925495.614372,1751928381.418987,batch_consumer-sts-0_20250707_224628_473246.csv,True,False,False,1751928396.9543343,2901339.962244034
304319,1751925495.6147904,1751928381.4406824,batch_consumer-sts-0_20250707_224628_473246.csv,True,False,False,1751928396.9543343,2901339.5438194275
304329,1751925495.6152158,1751928381.4624934,batch_consumer-sts-0_20250707_224628_473246.csv,True,False,False,1751928396.9543343,2901339.1184806824
304339,1751925495.6156034,1751928381.4844744,batch_consumer-sts-0_20250707_224628_473246.csv,True,False,False,1751928396.9543343,2901338.7308120728
304349,1751925495.616037,1751928381.5062754,batch_consumer-sts-0_20250707_224628_473246.csv,True,False,False,1751928396.9543343,2901338.297367096
304359,1751925495.6164842,1751928381.5289118,batch_consumer-sts-0_20250707_224628_473246.csv,True,False,False,1751928396.9543343,2901337.8500938416
306079,1751925495.6959598,1751928381.5512712,batch_consumer-sts-0_20250707_224628_473246.csv,True,False,False,1751928396.9543343,2901258.374452591
306089,1751925495.6962,1751928381.5739276,batch_consumer-sts-0_20250707_224628_473246.csv,True,False,False,1751928396.9543343,2901258.134365082
306099,1751925495.6964445,1751928381.596403,batch_consumer-sts-0_20250707_224628_473246.csv,True,False,False,1751928396.9543343,2901257.8897476196
306109,1751925495.696692,1751928381.6180215,batch_consumer-sts-0_20250707_224628_473246.csv,True,False,False,1751928396.9543343,2901257.6422691345
306119,1751925495.696931,1751928381.6394622,batch_consumer-sts-0_20250707_224628_473246.csv,True,False,False,1751928396.9543343,2901257.4033737183
306129,1751925495.6971688,1751928381.7632992,batch_consumer-sts-0_20250707_224628_473246.csv,True,False,False,1751928396.9543343,2901257.1654319763
306139,1751925495.6975543,1751928381.788462,batch_consumer-sts-0_20250707_224628_473246.csv,True,False,False,1751928396.9543343,2901256.779909134
306149,1751925495.6979833,1751928381.8102489,batch_consumer-sts-0_20250707_224628_473246.csv,True,False,False,1751928396.9543343,2901256.35099411
306159,1751925495.6982296,1751928381.8322651,batch_consumer-sts-0_20250707_224628_473246.csv,True,False,False,1751928396.9543343,2901256.104707718
306169,1751925495.6987412,1751928381.8553605,batch_consumer-sts-0_20250707_224628_473246.csv,True,False,False,1751928396.9543343,2901255.593061447
306179,1751925495.6992233,1751928381.8774605,batch_consumer-sts-0_20250707_224628_473246.csv,True,False,False,1751928396.9543343,2901255.11097908
306189,1751925495.6995158,1751928381.9000435,batch_consumer-sts-0_20250707_224628_473246.csv,True,False,False,1751928396.9543343,2901254.8184394836
306199,1751925495.6998596,1751928381.922061,batch_consumer-sts-0_20250707_224628_473246.csv,True,False,False,1751928396.9543343,2901254.4746398926
306209,1751925495.7005367,1751928381.944594,batch_consumer-sts-0_20250707_224628_473246.csv,True,False,False,1751928396.9543343,2901253.797531128
306219,1751925495.7007987,1751928381.9678245,batch_consumer-sts-0_20250707_224628_473246.csv,True,False,False,1751928396.9543343,2901253.5355091095
306229,1751925495.7010329,1751928381.989474,batch_consumer-sts-0_20250707_224628_473246.csv,True,False,False,1751928396.9543343,2901253.301382065
306239,1751925495.7012742,1751928382.0110505,batch_consumer-sts-0_20250707_224628_473246.csv,True,False,False,1751928396.9543343,2901253.060102463
306249,1751925495.7015064,1751928382.033073,batch_consumer-sts-0_20250707_224628_473246.csv,True,False,False,1751928396.9543343,2901252.8278827667
306259,1751925495.7017164,1751928382.0548751,batch_consumer-sts-0_20250707_224628_473246.csv,True,False,False,1751928396.9543343,2901252.6178359985
306269,1751925495.7019196,1751928382.1586716,batch_consumer-sts-0_20250707_224628_473246.csv,True,False,False,1751928396.9543343,2901252.414703369
306279,1751925495.7021122,1751928382.1824076,batch_consumer-sts-0_20250707_224628_473246.csv,True,False,False,1751928396.9543343,2901252.222061157
306289,1751925495.7023644,1751928382.203828,batch_consumer-sts-0_20250707_224628_473246.csv,True,False,False,1751928396.9543343,2901251.9698143005
306299,1751925495.7026262,1751928382.2329028,batch_consumer-sts-0_20250707_224628_473246.csv,True,False,False,1751928396.9543343,2901251.7080307007
306309,1751925495.7033725,1751928382.2547154,batch_consumer-sts-0_20250707_224628_473246.csv,True,False,False,1751928396.9543343,2901250.961780548
306319,1751925495.7037911,1751928382.2763555,batch_consumer-sts-0_20250707_224628_473246.csv,True,False,False,1751928396.9543343,2901250.543117523
306329,1751925495.704315,1751928382.2977912,batch_consumer-sts-0_20250707_224628_473246.csv,True,False,False,1751928396.9543343,2901250.019311905
306339,1751925495.7046938,1751928382.3189309,batch_consumer-sts-0_20250707_224628_473246.csv,True,False,False,1751928396.9543343,2901249.6404647827
306349,1751925495.705011,1751928382.342028,batch_consumer-sts-0_20250707_224628_473246.csv,True,False,False,1751928396.9543343,2901249.3233680725
306359,1751925495.7054057,1751928382.3634846,batch_consumer-sts-0_20250707_224628_473246.csv,True,False,False,1751928396.9543343,2901248.9285469055
306369,1751925495.7056377,1751928382.3851562,batch_consumer-sts-0_20250707_224628_473246.csv,True,False,False,1751928396.9543343,2901248.696565628
306379,1751925495.7058277,1751928382.406204,batch_consumer-sts-0_20250707_224628_473246.csv,True,False,False,1751928396.9543343,2901248.5065460205
309349,1751925495.7972803,1751928382.6581333,batch_consumer-sts-0_20250707_224628_473246.csv,True,False,False,1751928396.9543343,2901157.0539474487
309359,1751925495.797515,1751928382.680528,batch_consumer-sts-0_20250707_224628_473246.csv,True,False,False,1751928396.9543343,2901156.819343567
309369,1751925495.7977548,1751928382.704448,batch_consumer-sts-0_20250707_224628_473246.csv,True,False,False,1751928396.9543343,2901156.5794944763
309379,1751925495.79799,1751928382.728502,batch_consumer-sts-0_20250707_224628_473246.csv,True,False,False,1751928396.9543343,2901156.3441753387
309389,1751925495.7982242,1751928382.7503846,batch_consumer-sts-0_20250707_224628_473246.csv,True,False,False,1751928396.9543343,2901156.110048294
309399,1751925495.798459,1751928382.7722845,batch_consumer-sts-0_20250707_224628_473246.csv,True,False,False,1751928396.9543343,2901155.8752059937
309409,1751925495.798687,1751928382.793142,batch_consumer-sts-0_20250707_224628_473246.csv,True,False,False,1751928396.9543343,2901155.647277832
309419,1751925495.7989266,1751928382.81364,batch_consumer-sts-0_20250707_224628_473246.csv,True,False,False,1751928396.9543343,2901155.40766716
309429,1751925495.7991543,1751928382.8357575,batch_consumer-sts-0_20250707_224628_473246.csv,True,False,False,1751928396.9543343,2901155.179977417
309439,1751925495.7993834,1751928382.857609,batch_consumer-sts-0_20250707_224628_473246.csv,True,False,False,1751928396.9543343,2901154.9508571625
309449,1751925495.7996154,1751928382.87948,batch_consumer-sts-0_20250707_224628_473246.csv,True,False,False,1751928396.9543343,2901154.718875885
309459,1751925495.799847,1751928382.8999653,batch_consumer-sts-0_20250707_224628_473246.csv,True,False,False,1751928396.9543343,2901154.4873714447
309469,1751925495.8000827,1751928382.9228563,batch_consumer-sts-0_20250707_224628_473246.csv,True,False,False,1751928396.9543343,2901154.25157547
309479,1751925495.800308,1751928382.9450026,batch_consumer-sts-0_20250707_224628_473246.csv,True,False,False,1751928396.9543343,2901154.0262699127
309489,1751925495.8005428,1751928382.9668958,batch_consumer-sts-0_20250707_224628_473246.csv,True,False,False,1751928396.9543343,2901153.7914276123
309499,1751925495.8007796,1751928382.9888704,batch_consumer-sts-0_20250707_224628_473246.csv,True,False,False,1751928396.9543343,2901153.5546779633
309509,1751925495.8010082,1751928383.0103798,batch_consumer-sts-0_20250707_224628_473246.csv,True,False,False,1751928396.9543343,2901153.326034546
309519,1751925495.8012447,1751928383.0338025,batch_consumer-sts-0_20250707_224628_473246.csv,True,False,False,1751928396.9543343,2901153.0895233154
309529,1751925495.8015256,1751928383.0554252,batch_consumer-sts-0_20250707_224628_473246.csv,True,False,False,1751928396.9543343,2901152.8086662292
309539,1751925495.8017657,1751928383.0771968,batch_consumer-sts-0_20250707_224628_473246.csv,True,False,False,1751928396.9543343,2901152.56857872
309549,1751925495.8020935,1751928383.0989318,batch_consumer-sts-0_20250707_224628_473246.csv,True,False,False,1751928396.9543343,2901152.240753174
309559,1751925495.8023937,1751928383.1199312,batch_consumer-sts-0_20250707_224628_473246.csv,True,False,False,1751928396.9543343,2901151.9405841827
309569,1751925495.8027723,1751928383.1454248,batch_consumer-sts-0_20250707_224628_473246.csv,True,False,False,1751928396.9543343,2901151.561975479
309579,1751925495.803062,1751928383.1674423,batch_consumer-sts-0_20250707_224628_473246.csv,True,False,False,1751928396.9543343,2901151.2722969055
309589,1751925495.8033314,1751928383.1896386,batch_consumer-sts-0_20250707_224628_473246.csv,True,False,False,1751928396.9543343,2901151.002883911
309599,1751925495.8037136,1751928383.212299,batch_consumer-sts-0_20250707_224628_473246.csv,True,False,False,1751928396.9543343,2901150.620698929
309609,1751925495.804011,1751928383.2344823,batch_consumer-sts-0_20250707_224628_473246.csv,True,False,False,1751928396.9543343,2901150.323152542
309619,1751925495.804312,1751928383.2563057,batch_consumer-sts-0_20250707_224628_473246.csv,True,False,False,1751928396.9543343,2901150.0222682953
309629,1751925495.8045342,1751928383.2759814,batch_consumer-sts-0_20250707_224628_473246.csv,True,False,False,1751928396.9543343,2901149.8000621796
309639,1751925495.8047566,1751928383.2983162,batch_consumer-sts-0_20250707_224628_473246.csv,True,False,False,1751928396.9543343,2901149.5776176453
309649,1751925495.8049798,1751928383.319738,batch_consumer-sts-0_20250707_224628_473246.csv,True,False,False,1751928396.9543343,2901149.354457855
309659,1751925495.8052027,1751928383.341752,batch_consumer-sts-0_20250707_224628_473246.csv,True,False,False,1751928396.9543343,2901149.1315364838
309669,1751925495.805428,1751928383.3637805,batch_consumer-sts-0_20250707_224628_473246.csv,True,False,False,1751928396.9543343,2901148.9062309265
309679,1751925495.805656,1751928383.385881,batch_consumer-sts-0_20250707_224628_473246.csv,True,False,False,1751928396.9543343,2901148.678302765
309689,1751925495.8058846,1751928383.4074783,batch_consumer-sts-0_20250707_224628_473246.csv,True,False,False,1751928396.9543343,2901148.4496593475
309699,1751925495.8061142,1751928383.429223,batch_consumer-sts-0_20250707_224628_473246.csv,True,False,False,1751928396.9543343,2901148.220062256
309709,1751925495.8063684,1751928383.4510508,batch_consumer-sts-0_20250707_224628_473246.csv,True,False,False,1751928396.9543343,2901147.9659080505
309719,1751925495.8066225,1751928383.4726136,batch_consumer-sts-0_20250707_224628_473246.csv,True,False,False,1751928396.9543343,2901147.711753845
309729,1751925495.8068545,1751928383.4943404,batch_consumer-sts-0_20250707_224628_473246.csv,True,False,False,1751928396.9543343,2901147.4797725677
309739,1751925495.807083,1751928383.515514,batch_consumer-sts-0_20250707_224628_473246.csv,True,False,False,1751928396.9543343,2901147.251367569
310079,1751925495.817624,1751928383.5410888,batch_consumer-sts-0_20250707_224628_473246.csv,True,False,False,1751928396.9543343,2901136.710166931
310089,1751925495.8179023,1751928383.5629735,batch_consumer-sts-0_20250707_224628_473246.csv,True,False,False,1751928396.9543343,2901136.4319324493
310099,1751925495.8182118,1751928383.5852916,batch_consumer-sts-0_20250707_224628_473246.csv,True,False,False,1751928396.9543343,2901136.1224651337
310109,1751925495.81855,1751928383.6061804,batch_consumer-sts-0_20250707_224628_473246.csv,True,False,False,1751928396.9543343,2901135.78414917
310119,1751925495.8189046,1751928383.6276631,batch_consumer-sts-0_20250707_224628_473246.csv,True,False,False,1751928396.9543343,2901135.429620743
310129,1751925495.8192482,1751928383.649603,batch_consumer-sts-0_20250707_224628_473246.csv,True,False,False,1751928396.9543343,2901135.0860595703
310139,1751925495.8195798,1751928383.6717775,batch_consumer-sts-0_20250707_224628_473246.csv,True,False,False,1751928396.9543343,2901134.754419327
310149,1751925495.819859,1751928383.694208,batch_consumer-sts-0_20250707_224628_473246.csv,True,False,False,1751928396.9543343,2901134.4752311707
310159,1751925495.8201497,1751928383.712692,batch_consumer-sts-0_20250707_224628_473246.csv,True,False,False,1751928396.9543343,2901134.1845989227
310169,1751925495.820409,1751928383.7345018,batch_consumer-sts-0_20250707_224628_473246.csv,True,False,False,1751928396.9543343,2901133.9251995087
310179,1751925495.8206854,1751928383.756259,batch_consumer-sts-0_20250707_224628_473246.csv,True,False,False,1751928396.9543343,2901133.6488723755
310189,1751925495.8209531,1751928383.7780738,batch_consumer-sts-0_20250707_224628_473246.csv,True,False,False,1751928396.9543343,2901133.381128311
310199,1751925495.821219,1751928383.799827,batch_consumer-sts-0_20250707_224628_473246.csv,True,False,False,1751928396.9543343,2901133.1152915955
310209,1751925495.8214874,1751928383.8195384,batch_consumer-sts-0_20250707_224628_473246.csv,True,False,False,1751928396.9543343,2901132.8468322754
310219,1751925495.8217528,1751928383.8412602,batch_consumer-sts-0_20250707_224628_473246.csv,True,False,False,1751928396.9543343,2901132.581472397
310229,1751925495.8220203,1751928383.8634555,batch_consumer-sts-0_20250707_224628_473246.csv,True,False,False,1751928396.9543343,2901132.313966751
310239,1751925495.822361,1751928383.8852422,batch_consumer-sts-0_20250707_224628_473246.csv,True,False,False,1751928396.9543343,2901131.9732666016
310249,1751925495.8227134,1751928383.9068117,batch_consumer-sts-0_20250707_224628_473246.csv,True,False,False,1751928396.9543343,2901131.6208839417
310259,1751925495.8238423,1751928383.9318292,batch_consumer-sts-0_20250707_224628_473246.csv,True,False,False,1751928396.9543343,2901130.4919719696
310269,1751925495.8247476,1751928383.9543362,batch_consumer-sts-0_20250707_224628_473246.csv,True,False,False,1751928396.9543343,2901129.5866966248
310279,1751925495.8258605,1751928383.9759088,batch_consumer-sts-0_20250707_224628_473246.csv,True,False,False,1751928396.9543343,2901128.4737586975
310289,1751925495.8263848,1751928384.0065055,batch_consumer-sts-0_20250707_224628_473246.csv,True,False,False,1751928396.9543343,2901127.949476242
310299,1751925495.826923,1751928384.0280678,batch_consumer-sts-0_20250707_224628_473246.csv,True,False,False,1751928396.9543343,2901127.411365509
310309,1751925495.8274674,1751928384.04932,batch_consumer-sts-0_20250707_224628_473246.csv,True,False,False,1751928396.9543343,2901126.8668174744
313229,1751925495.9090345,1751928384.066265,batch_consumer-sts-0_20250707_224628_473246.csv,True,False,False,1751928396.9543343,2901045.299768448
313239,1751925495.9095733,1751928384.088009,batch_consumer-sts-0_20250707_224628_473246.csv,True,False,False,1751928396.9543343,2901044.760942459
313249,1751925495.9101615,1751928384.1090112,batch_consumer-sts-0_20250707_224628_473246.csv,True,False,False,1751928396.9543343,2901044.1727638245
313259,1751925495.9107063,1751928384.1305785,batch_consumer-sts-0_20250707_224628_473246.csv,True,False,False,1751928396.9543343,2901043.627977371
313269,1751925495.911672,1751928384.1524792,batch_consumer-sts-0_20250707_224628_473246.csv,True,False,False,1751928396.9543343,2901042.6621437073
313279,1751925495.912124,1751928384.1747522,batch_consumer-sts-0_20250707_224628_473246.csv,True,False,False,1751928396.9543343,2901042.2103405
313289,1751925495.912468,1751928384.1964934,batch_consumer-sts-0_20250707_224628_473246.csv,True,False,False,1751928396.9543343,2901041.8663024902
313299,1751925495.9128191,1751928384.2172294,batch_consumer-sts-0_20250707_224628_473246.csv,True,False,False,1751928396.9543343,2901041.515111923
313309,1751925495.9132743,1751928384.2391047,batch_consumer-sts-0_20250707_224628_473246.csv,True,False,False,1751928396.9543343,2901041.0599708557
313319,1751925495.913818,1751928384.2611167,batch_consumer-sts-0_20250707_224628_473246.csv,True,False,False,1751928396.9543343,2901040.5163764954
313329,1751925495.915223,1751928384.28326,batch_consumer-sts-0_20250707_224628_473246.csv,True,False,False,1751928396.9543343,2901039.1113758087
313339,1751925495.9156995,1751928384.3049626,batch_consumer-sts-0_20250707_224628_473246.csv,True,False,False,1751928396.9543343,2901038.634777069
313349,1751925495.916042,1751928384.3267648,batch_consumer-sts-0_20250707_224628_473246.csv,True,False,False,1751928396.9543343,2901038.292169571
313359,1751925495.9163835,1751928384.3489926,batch_consumer-sts-0_20250707_224628_473246.csv,True,False,False,1751928396.9543343,2901037.9507541656
313369,1751925495.916717,1751928384.3706682,batch_consumer-sts-0_20250707_224628_473246.csv,True,False,False,1751928396.9543343,2901037.6172065735
313379,1751925495.9170578,1751928384.3919313,batch_consumer-sts-0_20250707_224628_473246.csv,True,False,False,1751928396.9543343,2901037.276506424
313389,1751925495.9174037,1751928384.412599,batch_consumer-sts-0_20250707_224628_473246.csv,True,False,False,1751928396.9543343,2901036.9305610657
313399,1751925495.9176426,1751928384.434116,batch_consumer-sts-0_20250707_224628_473246.csv,True,False,False,1751928396.9543343,2901036.6916656494
313409,1751925495.9178689,1751928384.4564557,batch_consumer-sts-0_20250707_224628_473246.csv,True,False,False,1751928396.9543343,2901036.465406418
313419,1751925495.918098,1751928384.4786656,batch_consumer-sts-0_20250707_224628_473246.csv,True,False,False,1751928396.9543343,2901036.2362861633
313429,1751925495.9183571,1751928384.500275,batch_consumer-sts-0_20250707_224628_473246.csv,True,False,False,1751928396.9543343,2901035.977125168
313439,1751925495.9185872,1751928384.525279,batch_consumer-sts-0_20250707_224628_473246.csv,True,False,False,1751928396.9543343,2901035.747051239
313449,1751925495.9188206,1751928384.5469186,batch_consumer-sts-0_20250707_224628_473246.csv,True,False,False,1751928396.9543343,2901035.51363945
313889,1751925495.929112,1751928384.569107,batch_consumer-sts-0_20250707_224628_473246.csv,True,False,False,1751928396.9543343,2901025.222301483
313899,1751925495.9294915,1751928384.5907805,batch_consumer-sts-0_20250707_224628_473246.csv,True,False,False,1751928396.9543343,2901024.842739105
313909,1751925495.9298694,1751928384.6118588,batch_consumer-sts-0_20250707_224628_473246.csv,True,False,False,1751928396.9543343,2901024.4648456573
313919,1751925495.9302351,1751928384.635919,batch_consumer-sts-0_20250707_224628_473246.csv,True,False,False,1751928396.9543343,2901024.099111557
313929,1751925495.9306,1751928384.6575568,batch_consumer-sts-0_20250707_224628_473246.csv,True,False,False,1751928396.9543343,2901023.734331131
313939,1751925495.9310238,1751928384.6793578,batch_consumer-sts-0_20250707_224628_473246.csv,True,False,False,1751928396.9543343,2901023.3104228973
313949,1751925495.931393,1751928384.7003942,batch_consumer-sts-0_20250707_224628_473246.csv,True,False,False,1751928396.9543343,2901022.941350937
313959,1751925495.9316168,1751928384.7216604,batch_consumer-sts-0_20250707_224628_473246.csv,True,False,False,1751928396.9543343,2901022.717475891
313969,1751925495.931843,1751928384.743242,batch_consumer-sts-0_20250707_224628_473246.csv,True,False,False,1751928396.9543343,2901022.4912166595
313979,1751925495.932068,1751928384.7650552,batch_consumer-sts-0_20250707_224628_473246.csv,True,False,False,1751928396.9543343,2901022.266149521
313989,1751925495.932295,1751928384.7862914,batch_consumer-sts-0_20250707_224628_473246.csv,True,False,False,1751928396.9543343,2901022.0391750336
313999,1751925495.932518,1751928384.8073606,batch_consumer-sts-0_20250707_224628_473246.csv,True,False,False,1751928396.9543343,2901021.816253662
314009,1751925495.932748,1751928384.8291538,batch_consumer-sts-0_20250707_224628_473246.csv,True,False,False,1751928396.9543343,2901021.5861797333
314019,1751925495.9329703,1751928384.8504982,batch_consumer-sts-0_20250707_224628_473246.csv,True,False,False,1751928396.9543343,2901021.3639736176
314029,1751925495.9332027,1751928384.870226,batch_consumer-sts-0_20250707_224628_473246.csv,True,False,False,1751928396.9543343,2901021.131515503
314039,1751925495.9334316,1751928384.8917985,batch_consumer-sts-0_20250707_224628_473246.csv,True,False,False,1751928396.9543343,2901020.902633667
314049,1751925495.9336605,1751928384.9125087,batch_consumer-sts-0_20250707_224628_473246.csv,True,False,False,1751928396.9543343,2901020.673751831
314059,1751925495.933886,1751928384.9338782,batch_consumer-sts-0_20250707_224628_473246.csv,True,False,False,1751928396.9543343,2901020.448207855
314069,1751925495.9341156,1751928384.9553623,batch_consumer-sts-0_20250707_224628_473246.csv,True,False,False,1751928396.9543343,2901020.2186107635
314079,1751925495.9343517,1751928385.9785988,batch_consumer-sts-0_20250707_224628_473246.csv,True,False,False,1751928396.9543343,2901019.9825763702
314089,1751925495.9345825,1751928386.3339806,batch_consumer-sts-0_20250707_224628_473246.csv,True,False,False,1751928396.9543343,2901019.7517871857
314099,1751925495.9348145,1751928386.3564212,batch_consumer-sts-0_20250707_224628_473246.csv,True,False,False,1751928396.9543343,2901019.519805908
314109,1751925495.9350393,1751928386.3782213,batch_consumer-sts-0_20250707_224628_473246.csv,True,False,False,1751928396.9543343,2901019.294977188
314119,1751925495.9352655,1751928386.4004054,batch_consumer-sts-0_20250707_224628_473246.csv,True,False,False,1751928396.9543343,2901019.0687179565
314129,1751925495.9354916,1751928386.419416,batch_consumer-sts-0_20250707_224628_473246.csv,True,False,False,1751928396.9543343,2901018.8426971436
314139,1751925495.9357195,1751928386.4417112,batch_consumer-sts-0_20250707_224628_473246.csv,True,False,False,1751928396.9543343,2901018.614768982
314149,1751925495.9359546,1751928386.4658103,batch_consumer-sts-0_20250707_224628_473246.csv,True,False,False,1751928396.9543343,2901018.379688263
314159,1751925495.9361794,1751928386.4880905,batch_consumer-sts-0_20250707_224628_473246.csv,True,False,False,1751928396.9543343,2901018.154859543
314169,1751925495.936414,1751928386.5110855,batch_consumer-sts-0_20250707_224628_473246.csv,True,False,False,1751928396.9543343,2901017.920255661
314179,1751925495.936654,1751928386.533569,batch_consumer-sts-0_20250707_224628_473246.csv,True,False,False,1751928396.9543343,2901017.680168152
314189,1751925495.9368844,1751928386.5567532,batch_consumer-sts-0_20250707_224628_473246.csv,True,False,False,1751928396.9543343,2901017.4498558044
314199,1751925495.9371114,1751928386.5792675,batch_consumer-sts-0_20250707_224628_473246.csv,True,False,False,1751928396.9543343,2901017.222881317
314209,1751925495.9373462,1751928386.601664,batch_consumer-sts-0_20250707_224628_473246.csv,True,False,False,1751928396.9543343,2901016.9880390167
314219,1751925495.9375732,1751928386.6235816,batch_consumer-sts-0_20250707_224628_473246.csv,True,False,False,1751928396.9543343,2901016.7610645294
314229,1751925495.9377725,1751928386.645594,batch_consumer-sts-0_20250707_224628_473246.csv,True,False,False,1751928396.9543343,2901016.5617465973
314239,1751925495.9379528,1751928386.6678565,batch_consumer-sts-0_20250707_224628_473246.csv,True,False,False,1751928396.9543343,2901016.3815021515
314249,1751925495.9381368,1751928386.690513,batch_consumer-sts-0_20250707_224628_473246.csv,True,False,False,1751928396.9543343,2901016.1974430084
314259,1751925495.938382,1751928386.7128997,batch_consumer-sts-0_20250707_224628_473246.csv,True,False,False,1751928396.9543343,2901015.952348709
314269,1751925495.9386144,1751928386.7352328,batch_consumer-sts-0_20250707_224628_473246.csv,True,False,False,1751928396.9543343,2901015.7198905945
314279,1751925495.9388468,1751928386.7580826,batch_consumer-sts-0_20250707_224628_473246.csv,True,False,False,1751928396.9543343,2901015.48743248
314289,1751925495.9390783,1751928387.2435076,batch_consumer-sts-0_20250707_224628_473246.csv,True,False,False,1751928396.9543343,2901015.2559280396
317419,1751925496.031248,1751928387.2669208,batch_consumer-sts-0_20250707_224628_473246.csv,True,False,False,1751928396.9543343,2900923.086166382
317429,1751925496.0316153,1751928387.2885494,batch_consumer-sts-0_20250707_224628_473246.csv,True,False,False,1751928396.9543343,2900922.71900177
317439,1751925496.031964,1751928387.3109665,batch_consumer-sts-0_20250707_224628_473246.csv,True,False,False,1751928396.9543343,2900922.370195389
317449,1751925496.032382,1751928387.3337924,batch_consumer-sts-0_20250707_224628_473246.csv,True,False,False,1751928396.9543343,2900921.9522476196
317459,1751925496.0327785,1751928387.3562422,batch_consumer-sts-0_20250707_224628_473246.csv,True,False,False,1751928396.9543343,2900921.5557575226
317469,1751925496.0330565,1751928387.3789282,batch_consumer-sts-0_20250707_224628_473246.csv,True,False,False,1751928396.9543343,2900921.2777614594
317479,1751925496.033372,1751928387.4012184,batch_consumer-sts-0_20250707_224628_473246.csv,True,False,False,1751928396.9543343,2900920.962333679
317489,1751925496.0335531,1751928387.4238317,batch_consumer-sts-0_20250707_224628_473246.csv,True,False,False,1751928396.9543343,2900920.781135559
317499,1751925496.0337534,1751928387.4466395,batch_consumer-sts-0_20250707_224628_473246.csv,True,False,False,1751928396.9543343,2900920.5808639526
317509,1751925496.033942,1751928387.4696646,batch_consumer-sts-0_20250707_224628_473246.csv,True,False,False,1751928396.9543343,2900920.3922748566
317519,1751925496.0341384,1751928387.4921129,batch_consumer-sts-0_20250707_224628_473246.csv,True,False,False,1751928396.9543343,2900920.1958179474
317529,1751925496.0343754,1751928387.5149157,batch_consumer-sts-0_20250707_224628_473246.csv,True,False,False,1751928396.9543343,2900919.9588298798
317539,1751925496.0346005,1751928387.7081864,batch_consumer-sts-0_20250707_224628_473246.csv,True,False,False,1751928396.9543343,2900919.733762741
317549,1751925496.0348244,1751928387.7306385,batch_consumer-sts-0_20250707_224628_473246.csv,True,False,False,1751928396.9543343,2900919.5098876953
317559,1751925496.0350463,1751928387.753605,batch_consumer-sts-0_20250707_224628_473246.csv,True,False,False,1751928396.9543343,2900919.287919998
317569,1751925496.035273,1751928387.7760117,batch_consumer-sts-0_20250707_224628_473246.csv,True,False,False,1751928396.9543343,2900919.0611839294
317579,1751925496.0354836,1751928387.7986305,batch_consumer-sts-0_20250707_224628_473246.csv,True,False,False,1751928396.9543343,2900918.850660324
317589,1751925496.0357077,1751928387.82171,batch_consumer-sts-0_20250707_224628_473246.csv,True,False,False,1751928396.9543343,2900918.6265468597
317599,1751925496.0359583,1751928388.0226889,batch_consumer-sts-0_20250707_224628_473246.csv,True,False,False,1751928396.9543343,2900918.375968933
317609,1751925496.0361822,1751928388.0449338,batch_consumer-sts-0_20250707_224628_473246.csv,True,False,False,1751928396.9543343,2900918.1520938873
317619,1751925496.0364108,1751928388.067502,batch_consumer-sts-0_20250707_224628_473246.csv,True,False,False,1751928396.9543343,2900917.92345047
317629,1751925496.0367792,1751928388.0901182,batch_consumer-sts-0_20250707_224628_473246.csv,True,False,False,1751928396.9543343,2900917.5550937653
317639,1751925496.0369987,1751928388.1137676,batch_consumer-sts-0_20250707_224628_473246.csv,True,False,False,1751928396.9543343,2900917.335510254
317649,1751925496.037377,1751928388.1358454,batch_consumer-sts-0_20250707_224628_473246.csv,True,False,False,1751928396.9543343,2900916.957139969
317659,1751925496.0378983,1751928388.15797,batch_consumer-sts-0_20250707_224628_473246.csv,True,False,False,1751928396.9543343,2900916.435956955
317669,1751925496.0383527,1751928388.180191,batch_consumer-sts-0_20250707_224628_473246.csv,True,False,False,1751928396.9543343,2900915.981531143
317679,1751925496.038576,1751928388.2030866,batch_consumer-sts-0_20250707_224628_473246.csv,True,False,False,1751928396.9543343,2900915.758371353
317689,1751925496.038808,1751928388.2263372,batch_consumer-sts-0_20250707_224628_473246.csv,True,False,False,1751928396.9543343,2900915.526151657
317699,1751925496.0391097,1751928388.2490542,batch_consumer-sts-0_20250707_224628_473246.csv,True,False,False,1751928396.9543343,2900915.2245521545
317709,1751925496.0395968,1751928388.2721026,batch_consumer-sts-0_20250707_224628_473246.csv,True,False,False,1751928396.9543343,2900914.7374629974
317719,1751925496.0399015,1751928388.2949743,batch_consumer-sts-0_20250707_224628_473246.csv,True,False,False,1751928396.9543343,2900914.4327640533
317729,1751925496.0402384,1751928388.3172996,batch_consumer-sts-0_20250707_224628_473246.csv,True,False,False,1751928396.9543343,2900914.095878601
317739,1751925496.0406868,1751928388.3399124,batch_consumer-sts-0_20250707_224628_473246.csv,True,False,False,1751928396.9543343,2900913.647413254
318339,1751925496.0616982,1751928388.3613794,batch_consumer-sts-0_20250707_224628_473246.csv,True,False,False,1751928396.9543343,2900892.6360607147
318349,1751925496.0619905,1751928388.3833728,batch_consumer-sts-0_20250707_224628_473246.csv,True,False,False,1751928396.9543343,2900892.3437595367
318359,1751925496.0623047,1751928388.4047291,batch_consumer-sts-0_20250707_224628_473246.csv,True,False,False,1751928396.9543343,2900892.0295238495
318369,1751925496.0626051,1751928388.4274104,batch_consumer-sts-0_20250707_224628_473246.csv,True,False,False,1751928396.9543343,2900891.72911644
318379,1751925496.0628304,1751928388.449755,batch_consumer-sts-0_20250707_224628_473246.csv,False,False,False,1751928396.9543343,2900891.5038108826
32739,1751925461.3639133,1751928371.9917471,batch_consumer-sts-1_20250707_224629_303748.csv,True,True,False,1751928396.9543343,2935590.42096138
32749,1751925461.3640935,1751928372.0137062,batch_consumer-sts-1_20250707_224629_303748.csv,True,False,False,1751928396.9543343,2935590.240716934
32759,1751925461.364272,1751928372.0455773,batch_consumer-sts-1_20250707_224629_303748.csv,True,False,False,1751928396.9543343,2935590.0621414185
32769,1751925461.3644512,1751928372.0719802,batch_consumer-sts-1_20250707_224629_303748.csv,True,False,False,1751928396.9543343,2935589.8830890656
32779,1751925461.3646271,1751928372.099222,batch_consumer-sts-1_20250707_224629_303748.csv,True,False,False,1751928396.9543343,2935589.707136154
32789,1751925461.3648252,1751928372.1273034,batch_consumer-sts-1_20250707_224629_303748.csv,True,False,False,1751928396.9543343,2935589.509010315
32799,1751925461.3651292,1751928372.170223,batch_consumer-sts-1_20250707_224629_303748.csv,True,False,False,1751928396.9543343,2935589.2050266266
32809,1751925461.365439,1751928372.4937549,batch_consumer-sts-1_20250707_224629_303748.csv,True,False,False,1751928396.9543343,2935588.8953208923
32819,1751925461.3657682,1751928372.5162337,batch_consumer-sts-1_20250707_224629_303748.csv,True,False,False,1751928396.9543343,2935588.5660648346
32829,1751925461.3661385,1751928372.5380557,batch_consumer-sts-1_20250707_224629_303748.csv,True,False,False,1751928396.9543343,2935588.1958007812
32839,1751925461.3664773,1751928372.5599926,batch_consumer-sts-1_20250707_224629_303748.csv,True,False,False,1751928396.9543343,2935587.8570079803
32849,1751925461.3668013,1751928372.58226,batch_consumer-sts-1_20250707_224629_303748.csv,True,False,False,1751928396.9543343,2935587.5329971313
32859,1751925461.367138,1751928372.6035454,batch_consumer-sts-1_20250707_224629_303748.csv,True,False,False,1751928396.9543343,2935587.1963500977
32869,1751925461.367333,1751928372.6255815,batch_consumer-sts-1_20250707_224629_303748.csv,True,False,False,1751928396.9543343,2935587.0013237
32879,1751925461.367524,1751928372.6518157,batch_consumer-sts-1_20250707_224629_303748.csv,True,False,False,1751928396.9543343,2935586.810350418
32889,1751925461.3677132,1751928372.6789703,batch_consumer-sts-1_20250707_224629_303748.csv,True,False,False,1751928396.9543343,2935586.6210460663
32899,1751925461.3679454,1751928372.7059107,batch_consumer-sts-1_20250707_224629_303748.csv,True,False,False,1751928396.9543343,2935586.3888263702
32909,1751925461.3682594,1751928372.732309,batch_consumer-sts-1_20250707_224629_303748.csv,True,False,False,1751928396.9543343,2935586.0748291016
32919,1751925461.3685744,1751928372.7543502,batch_consumer-sts-1_20250707_224629_303748.csv,True,False,False,1751928396.9543343,2935585.7598781586
32929,1751925461.3688717,1751928372.7765906,batch_consumer-sts-1_20250707_224629_303748.csv,True,False,False,1751928396.9543343,2935585.4625701904
32939,1751925461.3691745,1751928372.798673,batch_consumer-sts-1_20250707_224629_303748.csv,True,False,False,1751928396.9543343,2935585.159778595
32949,1751925461.3694644,1751928372.8199615,batch_consumer-sts-1_20250707_224629_303748.csv,True,False,False,1751928396.9543343,2935584.869861603
32959,1751925461.3696742,1751928372.8423836,batch_consumer-sts-1_20250707_224629_303748.csv,True,False,False,1751928396.9543343,2935584.660053253
32969,1751925461.369853,1751928372.86545,batch_consumer-sts-1_20250707_224629_303748.csv,True,False,False,1751928396.9543343,2935584.481239319
32979,1751925461.3700318,1751928372.8874264,batch_consumer-sts-1_20250707_224629_303748.csv,True,False,False,1751928396.9543343,2935584.3024253845
32989,1751925461.3702433,1751928372.9132638,batch_consumer-sts-1_20250707_224629_303748.csv,True,False,False,1751928396.9543343,2935584.090948105
32999,1751925461.370434,1751928372.9393516,batch_consumer-sts-1_20250707_224629_303748.csv,True,False,False,1751928396.9543343,2935583.9002132416
33009,1751925461.3706615,1751928372.965672,batch_consumer-sts-1_20250707_224629_303748.csv,True,False,False,1751928396.9543343,2935583.672761917
33019,1751925461.3708832,1751928372.9923985,batch_consumer-sts-1_20250707_224629_303748.csv,True,False,False,1751928396.9543343,2935583.4510326385
33029,1751925461.3711064,1751928373.0181775,batch_consumer-sts-1_20250707_224629_303748.csv,True,False,False,1751928396.9543343,2935583.2278728485
33039,1751925461.3713195,1751928373.0449646,batch_consumer-sts-1_20250707_224629_303748.csv,True,False,False,1751928396.9543343,2935583.014726639
33049,1751925461.3715343,1751928373.0717976,batch_consumer-sts-1_20250707_224629_303748.csv,True,False,False,1751928396.9543343,2935582.799911499
33059,1751925461.3717246,1751928373.0985374,batch_consumer-sts-1_20250707_224629_303748.csv,True,False,False,1751928396.9543343,2935582.609653473
12879,1751925460.9385796,1751928373.1509056,batch_consumer-sts-1_20250707_224629_303748.csv,True,True,False,1751928396.9543343,2936015.754699707
12889,1751925460.938825,1751928373.1727498,batch_consumer-sts-1_20250707_224629_303748.csv,True,False,False,1751928396.9543343,2936015.509366989
12899,1751925460.9390378,1751928373.19868,batch_consumer-sts-1_20250707_224629_303748.csv,True,False,False,1751928396.9543343,2936015.296459198
12909,1751925460.9392505,1751928373.2249408,batch_consumer-sts-1_20250707_224629_303748.csv,True,False,False,1751928396.9543343,2936015.0837898254
12919,1751925460.9394658,1751928373.251644,batch_consumer-sts-1_20250707_224629_303748.csv,True,False,False,1751928396.9543343,2936014.8684978485
12929,1751925460.9396684,1751928373.2783818,batch_consumer-sts-1_20250707_224629_303748.csv,True,False,False,1751928396.9543343,2936014.6658420563
12939,1751925460.9398685,1751928373.3006208,batch_consumer-sts-1_20250707_224629_303748.csv,True,False,False,1751928396.9543343,2936014.4658088684
12949,1751925460.940067,1751928373.3217564,batch_consumer-sts-1_20250707_224629_303748.csv,True,False,False,1751928396.9543343,2936014.267206192
12959,1751925460.9402657,1751928373.3432314,batch_consumer-sts-1_20250707_224629_303748.csv,True,False,False,1751928396.9543343,2936014.0686035156
12969,1751925460.9404876,1751928373.3653548,batch_consumer-sts-1_20250707_224629_303748.csv,True,False,False,1751928396.9543343,2936013.8466358185
12979,1751925460.9406972,1751928373.3868403,batch_consumer-sts-1_20250707_224629_303748.csv,True,False,False,1751928396.9543343,2936013.6370658875
12989,1751925460.9409058,1751928373.4083571,batch_consumer-sts-1_20250707_224629_303748.csv,True,False,False,1751928396.9543343,2936013.4284496307
12999,1751925460.9411316,1751928373.430261,batch_consumer-sts-1_20250707_224629_303748.csv,True,False,False,1751928396.9543343,2936013.2026672363
13009,1751925460.941342,1751928373.4571216,batch_consumer-sts-1_20250707_224629_303748.csv,True,False,False,1751928396.9543343,2936012.992143631
13019,1751925460.941552,1751928373.4840262,batch_consumer-sts-1_20250707_224629_303748.csv,True,False,False,1751928396.9543343,2936012.7823352814
13029,1751925460.9417613,1751928373.510223,batch_consumer-sts-1_20250707_224629_303748.csv,True,False,False,1751928396.9543343,2936012.573003769
13039,1751925460.9419658,1751928373.5374436,batch_consumer-sts-1_20250707_224629_303748.csv,True,False,False,1751928396.9543343,2936012.368440628
13049,1751925460.9421833,1751928373.5591924,batch_consumer-sts-1_20250707_224629_303748.csv,True,False,False,1751928396.9543343,2936012.151002884
13059,1751925460.9424047,1751928373.5813067,batch_consumer-sts-1_20250707_224629_303748.csv,True,False,False,1751928396.9543343,2936011.929512024
13069,1751925460.9426172,1751928373.6032412,batch_consumer-sts-1_20250707_224629_303748.csv,True,False,False,1751928396.9543343,2936011.71708107
13079,1751925460.9428246,1751928373.6246283,batch_consumer-sts-1_20250707_224629_303748.csv,True,False,False,1751928396.9543343,2936011.509656906
13089,1751925460.943039,1751928373.6467245,batch_consumer-sts-1_20250707_224629_303748.csv,True,False,False,1751928396.9543343,2936011.2953186035
13099,1751925460.9432464,1751928373.6687424,batch_consumer-sts-1_20250707_224629_303748.csv,True,False,False,1751928396.9543343,2936011.0878944397
13109,1751925460.94345,1751928373.6944816,batch_consumer-sts-1_20250707_224629_303748.csv,True,False,False,1751928396.9543343,2936010.884284973
13119,1751925460.9436595,1751928373.7205102,batch_consumer-sts-1_20250707_224629_303748.csv,True,False,False,1751928396.9543343,2936010.674715042
13129,1751925460.9438672,1751928373.7496195,batch_consumer-sts-1_20250707_224629_303748.csv,True,False,False,1751928396.9543343,2936010.4670524597
13139,1751925460.9440725,1751928373.7769835,batch_consumer-sts-1_20250707_224629_303748.csv,True,False,False,1751928396.9543343,2936010.261774063
13149,1751925460.9442816,1751928373.799125,batch_consumer-sts-1_20250707_224629_303748.csv,True,False,False,1751928396.9543343,2936010.0526809692
13159,1751925460.9444962,1751928373.825487,batch_consumer-sts-1_20250707_224629_303748.csv,True,False,False,1751928396.9543343,2936009.838104248
13639,1751925460.9547112,1751928373.8522809,batch_consumer-sts-1_20250707_224629_303748.csv,True,False,False,1751928396.9543343,2935999.6230602264
13649,1751925460.9549842,1751928373.8788433,batch_consumer-sts-1_20250707_224629_303748.csv,True,False,False,1751928396.9543343,2935999.3500709534
13659,1751925460.955221,1751928373.9052594,batch_consumer-sts-1_20250707_224629_303748.csv,True,False,False,1751928396.9543343,2935999.1133213043
13669,1751925460.9554598,1751928373.9273658,batch_consumer-sts-1_20250707_224629_303748.csv,True,False,False,1751928396.9543343,2935998.874425888
13679,1751925460.9556718,1751928373.9486012,batch_consumer-sts-1_20250707_224629_303748.csv,True,False,False,1751928396.9543343,2935998.6624717712
13689,1751925460.9558804,1751928373.9718592,batch_consumer-sts-1_20250707_224629_303748.csv,True,False,False,1751928396.9543343,2935998.4538555145
13699,1751925460.956104,1751928373.9933949,batch_consumer-sts-1_20250707_224629_303748.csv,True,False,False,1751928396.9543343,2935998.2302188873
13709,1751925460.956311,1751928374.0145977,batch_consumer-sts-1_20250707_224629_303748.csv,True,False,False,1751928396.9543343,2935998.0232715607
13719,1751925460.9565158,1751928374.036543,batch_consumer-sts-1_20250707_224629_303748.csv,True,False,False,1751928396.9543343,2935997.818470001
13729,1751925460.9567242,1751928374.0631163,batch_consumer-sts-1_20250707_224629_303748.csv,True,False,False,1751928396.9543343,2935997.610092163
13739,1751925460.9569294,1751928374.0897944,batch_consumer-sts-1_20250707_224629_303748.csv,True,False,False,1751928396.9543343,2935997.4048137665
13749,1751925460.9571428,1751928374.11605,batch_consumer-sts-1_20250707_224629_303748.csv,True,False,False,1751928396.9543343,2935997.191429138
13759,1751925460.9573622,1751928374.1426551,batch_consumer-sts-1_20250707_224629_303748.csv,True,False,False,1751928396.9543343,2935996.9720840454
13769,1751925460.9575703,1751928374.1650867,batch_consumer-sts-1_20250707_224629_303748.csv,True,False,False,1751928396.9543343,2935996.763944626
13779,1751925460.9577796,1751928374.1927788,batch_consumer-sts-1_20250707_224629_303748.csv,True,False,False,1751928396.9543343,2935996.5546131134
13789,1751925460.9580014,1751928374.218589,batch_consumer-sts-1_20250707_224629_303748.csv,True,False,False,1751928396.9543343,2935996.332883835
13799,1751925460.958227,1751928374.2449622,batch_consumer-sts-1_20250707_224629_303748.csv,True,False,False,1751928396.9543343,2935996.107339859
13809,1751925460.9584382,1751928374.271374,batch_consumer-sts-1_20250707_224629_303748.csv,True,False,False,1751928396.9543343,2935995.896100998
13819,1751925460.9586532,1751928374.293218,batch_consumer-sts-1_20250707_224629_303748.csv,True,False,False,1751928396.9543343,2935995.6810474396
13829,1751925460.9588544,1751928374.3141694,batch_consumer-sts-1_20250707_224629_303748.csv,True,False,False,1751928396.9543343,2935995.479822159
13839,1751925460.95906,1751928374.3362584,batch_consumer-sts-1_20250707_224629_303748.csv,True,False,False,1751928396.9543343,2935995.2743053436
13849,1751925460.9592612,1751928374.3581636,batch_consumer-sts-1_20250707_224629_303748.csv,True,False,False,1751928396.9543343,2935995.073080063
13859,1751925460.959478,1751928374.3802972,batch_consumer-sts-1_20250707_224629_303748.csv,True,False,False,1751928396.9543343,2935994.8563575745
13869,1751925460.9596713,1751928374.4019003,batch_consumer-sts-1_20250707_224629_303748.csv,True,False,False,1751928396.9543343,2935994.663000107
13879,1751925460.9598646,1751928374.4227607,batch_consumer-sts-1_20250707_224629_303748.csv,True,False,False,1751928396.9543343,2935994.469642639
13889,1751925460.9601026,1751928374.444746,batch_consumer-sts-1_20250707_224629_303748.csv,True,False,False,1751928396.9543343,2935994.231700897
13899,1751925460.960312,1751928374.4668434,batch_consumer-sts-1_20250707_224629_303748.csv,True,False,False,1751928396.9543343,2935994.0223693848
13909,1751925460.9605155,1751928374.488745,batch_consumer-sts-1_20250707_224629_303748.csv,True,False,False,1751928396.9543343,2935993.818759918
13919,1751925460.9607215,1751928374.509978,batch_consumer-sts-1_20250707_224629_303748.csv,True,False,False,1751928396.9543343,2935993.612766266
13929,1751925460.9609284,1751928374.541009,batch_consumer-sts-1_20250707_224629_303748.csv,True,False,False,1751928396.9543343,2935993.405818939
13939,1751925460.9611378,1751928374.567692,batch_consumer-sts-1_20250707_224629_303748.csv,True,False,False,1751928396.9543343,2935993.1964874268
13949,1751925460.961349,1751928374.594452,batch_consumer-sts-1_20250707_224629_303748.csv,True,False,False,1751928396.9543343,2935992.9852485657
13959,1751925460.9615648,1751928374.620885,batch_consumer-sts-1_20250707_224629_303748.csv,True,False,False,1751928396.9543343,2935992.7694797516
13969,1751925460.9617684,1751928374.6426227,batch_consumer-sts-1_20250707_224629_303748.csv,True,False,False,1751928396.9543343,2935992.565870285
13979,1751925460.961973,1751928374.6642962,batch_consumer-sts-1_20250707_224629_303748.csv,True,False,False,1751928396.9543343,2935992.361307144
13989,1751925460.9621818,1751928374.6913943,batch_consumer-sts-1_20250707_224629_303748.csv,True,False,False,1751928396.9543343,2935992.152452469
13999,1751925460.9624104,1751928374.7173486,batch_consumer-sts-1_20250707_224629_303748.csv,True,False,False,1751928396.9543343,2935991.9238090515
14009,1751925460.962617,1751928374.744676,batch_consumer-sts-1_20250707_224629_303748.csv,True,False,False,1751928396.9543343,2935991.717338562
14019,1751925460.9629004,1751928374.7715812,batch_consumer-sts-1_20250707_224629_303748.csv,True,False,False,1751928396.9543343,2935991.4338588715
11729,1751925460.9143052,1751928374.7984636,batch_consumer-sts-1_20250707_224629_303748.csv,True,True,False,1751928396.9543343,2936040.0290489197
11739,1751925460.9145644,1751928374.8251922,batch_consumer-sts-1_20250707_224629_303748.csv,True,False,False,1751928396.9543343,2936039.769887924
11749,1751925460.914773,1751928374.8518436,batch_consumer-sts-1_20250707_224629_303748.csv,True,False,False,1751928396.9543343,2936039.5612716675
11759,1751925460.914976,1751928374.8783717,batch_consumer-sts-1_20250707_224629_303748.csv,True,False,False,1751928396.9543343,2936039.3583774567
11769,1751925460.915184,1751928374.9047177,batch_consumer-sts-1_20250707_224629_303748.csv,True,False,False,1751928396.9543343,2936039.150238037
11779,1751925460.9154117,1751928374.9311483,batch_consumer-sts-1_20250707_224629_303748.csv,True,False,False,1751928396.9543343,2936038.922548294
11789,1751925460.9156103,1751928374.9591467,batch_consumer-sts-1_20250707_224629_303748.csv,True,False,False,1751928396.9543343,2936038.7239456177
11799,1751925460.9158142,1751928374.9861562,batch_consumer-sts-1_20250707_224629_303748.csv,True,False,False,1751928396.9543343,2936038.5200977325
11809,1751925460.916016,1751928375.0128372,batch_consumer-sts-1_20250707_224629_303748.csv,True,False,False,1751928396.9543343,2936038.318157196
11819,1751925460.9162214,1751928375.03996,batch_consumer-sts-1_20250707_224629_303748.csv,True,False,False,1751928396.9543343,2936038.1128787994
11829,1751925460.9164212,1751928375.067466,batch_consumer-sts-1_20250707_224629_303748.csv,True,False,False,1751928396.9543343,2936037.91308403
11839,1751925460.9166255,1751928375.0942328,batch_consumer-sts-1_20250707_224629_303748.csv,True,False,False,1751928396.9543343,2936037.708759308
11849,1751925460.9168234,1751928375.1202366,batch_consumer-sts-1_20250707_224629_303748.csv,True,False,False,1751928396.9543343,2936037.510871887
11859,1751925460.9170306,1751928375.1469789,batch_consumer-sts-1_20250707_224629_303748.csv,True,False,False,1751928396.9543343,2936037.303686142
11869,1751925460.9172306,1751928375.1740222,batch_consumer-sts-1_20250707_224629_303748.csv,True,False,False,1751928396.9543343,2936037.103652954
11879,1751925460.917433,1751928375.200876,batch_consumer-sts-1_20250707_224629_303748.csv,True,False,False,1751928396.9543343,2936036.9012355804
11889,1751925460.9176342,1751928375.227609,batch_consumer-sts-1_20250707_224629_303748.csv,True,False,False,1751928396.9543343,2936036.7000102997
11899,1751925460.9178305,1751928375.2543893,batch_consumer-sts-1_20250707_224629_303748.csv,True,False,False,1751928396.9543343,2936036.503791809
11909,1751925460.9180386,1751928375.2815533,batch_consumer-sts-1_20250707_224629_303748.csv,True,False,False,1751928396.9543343,2936036.2956523895
11919,1751925460.9182744,1751928375.3080175,batch_consumer-sts-1_20250707_224629_303748.csv,True,False,False,1751928396.9543343,2936036.059856415
11929,1751925460.9184897,1751928375.335087,batch_consumer-sts-1_20250707_224629_303748.csv,True,False,False,1751928396.9543343,2936035.844564438
11939,1751925460.9187002,1751928375.361849,batch_consumer-sts-1_20250707_224629_303748.csv,True,False,False,1751928396.9543343,2936035.6340408325
11949,1751925460.9189107,1751928375.3885407,batch_consumer-sts-1_20250707_224629_303748.csv,True,False,False,1751928396.9543343,2936035.423517227
11959,1751925460.9191165,1751928375.4147694,batch_consumer-sts-1_20250707_224629_303748.csv,True,False,False,1751928396.9543343,2936035.2177619934
11969,1751925460.9193285,1751928375.441875,batch_consumer-sts-1_20250707_224629_303748.csv,True,False,False,1751928396.9543343,2936035.0058078766
11979,1751925460.9195604,1751928375.4689283,batch_consumer-sts-1_20250707_224629_303748.csv,True,False,False,1751928396.9543343,2936034.773826599
11989,1751925460.9197547,1751928375.4959602,batch_consumer-sts-1_20250707_224629_303748.csv,True,False,False,1751928396.9543343,2936034.579515457
11999,1751925460.919954,1751928375.5219402,batch_consumer-sts-1_20250707_224629_303748.csv,True,False,False,1751928396.9543343,2936034.380197525
12009,1751925460.920146,1751928375.5489666,batch_consumer-sts-1_20250707_224629_303748.csv,True,False,False,1751928396.9543343,2936034.188270569
12019,1751925460.920339,1751928375.5757787,batch_consumer-sts-1_20250707_224629_303748.csv,True,False,False,1751928396.9543343,2936033.99515152
12029,1751925460.9205332,1751928375.6019251,batch_consumer-sts-1_20250707_224629_303748.csv,True,False,False,1751928396.9543343,2936033.8010787964
12039,1751925460.920745,1751928375.632128,batch_consumer-sts-1_20250707_224629_303748.csv,True,False,False,1751928396.9543343,2936033.589363098
12049,1751925460.920942,1751928375.6590607,batch_consumer-sts-1_20250707_224629_303748.csv,True,False,False,1751928396.9543343,2936033.392190933
12059,1751925460.9211354,1751928375.687739,batch_consumer-sts-1_20250707_224629_303748.csv,True,False,False,1751928396.9543343,2936033.1988334656
12069,1751925460.9213371,1751928375.713655,batch_consumer-sts-1_20250707_224629_303748.csv,True,False,False,1751928396.9543343,2936032.9971313477
12079,1751925460.9215388,1751928375.7399907,batch_consumer-sts-1_20250707_224629_303748.csv,True,False,False,1751928396.9543343,2936032.7954292297
12089,1751925460.921743,1751928376.230388,batch_consumer-sts-1_20250707_224629_303748.csv,True,False,False,1751928396.9543343,2936032.591342926
12099,1751925460.9219418,1751928376.2572205,batch_consumer-sts-1_20250707_224629_303748.csv,True,False,False,1751928396.9543343,2936032.392501831
12109,1751925460.9221392,1751928376.2789128,batch_consumer-sts-1_20250707_224629_303748.csv,True,False,False,1751928396.9543343,2936032.1950912476
12119,1751925460.9223864,1751928377.302745,batch_consumer-sts-1_20250707_224629_303748.csv,True,False,False,1751928396.9543343,2936031.947851181
12129,1751925460.9225893,1751928377.4611902,batch_consumer-sts-1_20250707_224629_303748.csv,True,False,False,1751928396.9543343,2936031.74495697
12139,1751925460.9227982,1751928377.4878502,batch_consumer-sts-1_20250707_224629_303748.csv,True,False,False,1751928396.9543343,2936031.536102295
12149,1751925460.923008,1751928377.5135565,batch_consumer-sts-1_20250707_224629_303748.csv,True,False,False,1751928396.9543343,2936031.3262939453
12159,1751925460.9232166,1751928377.5399208,batch_consumer-sts-1_20250707_224629_303748.csv,True,False,False,1751928396.9543343,2936031.1176776886
12169,1751925460.9234283,1751928377.5667908,batch_consumer-sts-1_20250707_224629_303748.csv,True,False,False,1751928396.9543343,2936030.9059619904
12179,1751925460.92364,1751928377.5889368,batch_consumer-sts-1_20250707_224629_303748.csv,True,False,False,1751928396.9543343,2936030.694246292
12189,1751925460.9238372,1751928377.6100907,batch_consumer-sts-1_20250707_224629_303748.csv,True,False,False,1751928396.9543343,2936030.497074127
12199,1751925460.9240308,1751928377.632257,batch_consumer-sts-1_20250707_224629_303748.csv,True,False,False,1751928396.9543343,2936030.303478241
12209,1751925460.9242334,1751928377.6592226,batch_consumer-sts-1_20250707_224629_303748.csv,True,False,False,1751928396.9543343,2936030.1008224487
12709,1751925460.9346266,1751928377.6859715,batch_consumer-sts-1_20250707_224629_303748.csv,True,False,False,1751928396.9543343,2936019.7076797485
12719,1751925460.934885,1751928377.7124453,batch_consumer-sts-1_20250707_224629_303748.csv,True,False,False,1751928396.9543343,2936019.449234009
12729,1751925460.935137,1751928377.7393906,batch_consumer-sts-1_20250707_224629_303748.csv,True,False,False,1751928396.9543343,2936019.1972255707
12739,1751925460.9353862,1751928377.7619002,batch_consumer-sts-1_20250707_224629_303748.csv,True,False,False,1751928396.9543343,2936018.9480781555
12749,1751925460.9356482,1751928377.784123,batch_consumer-sts-1_20250707_224629_303748.csv,True,False,False,1751928396.9543343,2936018.686056137
12759,1751925460.9358585,1751928377.8058383,batch_consumer-sts-1_20250707_224629_303748.csv,True,False,False,1751928396.9543343,2936018.4757709503
12769,1751925460.9360714,1751928377.828641,batch_consumer-sts-1_20250707_224629_303748.csv,True,False,False,1751928396.9543343,2936018.262863159
12779,1751925460.9362752,1751928377.8555875,batch_consumer-sts-1_20250707_224629_303748.csv,True,False,False,1751928396.9543343,2936018.059015274
12789,1751925460.93649,1751928377.8823776,batch_consumer-sts-1_20250707_224629_303748.csv,True,False,False,1751928396.9543343,2936017.8442001343
12799,1751925460.9367025,1751928377.908921,batch_consumer-sts-1_20250707_224629_303748.csv,True,False,False,1751928396.9543343,2936017.6317691803
12809,1751925460.9369085,1751928377.9355931,batch_consumer-sts-1_20250707_224629_303748.csv,True,False,False,1751928396.9543343,2936017.425775528
12819,1751925460.9371202,1751928377.9577692,batch_consumer-sts-1_20250707_224629_303748.csv,True,False,False,1751928396.9543343,2936017.2140598297
12829,1751925460.937325,1751928377.9797225,batch_consumer-sts-1_20250707_224629_303748.csv,True,False,False,1751928396.9543343,2936017.0092582703
12839,1751925460.937554,1751928378.0015724,batch_consumer-sts-1_20250707_224629_303748.csv,True,False,False,1751928396.9543343,2936016.7803764343
12849,1751925460.9378102,1751928378.0231838,batch_consumer-sts-1_20250707_224629_303748.csv,True,False,False,1751928396.9543343,2936016.524076462
12859,1751925460.9380715,1751928378.0448766,batch_consumer-sts-1_20250707_224629_303748.csv,True,False,False,1751928396.9543343,2936016.262769699
12869,1751925460.9383285,1751928378.0683088,batch_consumer-sts-1_20250707_224629_303748.csv,True,False,False,1751928396.9543343,2936016.005754471
14029,1751925460.9630997,1751928378.095354,batch_consumer-sts-1_20250707_224629_303748.csv,True,False,False,1751928396.9543343,2935991.2345409393
14039,1751925460.9632928,1751928378.1214676,batch_consumer-sts-1_20250707_224629_303748.csv,True,False,False,1751928396.9543343,2935991.0414218903
14049,1751925460.9634817,1751928378.1482306,batch_consumer-sts-1_20250707_224629_303748.csv,True,False,False,1751928396.9543343,2935990.8525943756
14059,1751925460.9636726,1751928378.175918,batch_consumer-sts-1_20250707_224629_303748.csv,True,False,False,1751928396.9543343,2935990.6616210938
14069,1751925460.9638584,1751928378.2024992,batch_consumer-sts-1_20250707_224629_303748.csv,True,False,False,1751928396.9543343,2935990.4758930206
14079,1751925460.9640422,1751928378.2287498,batch_consumer-sts-1_20250707_224629_303748.csv,True,False,False,1751928396.9543343,2935990.292072296
14089,1751925460.9642384,1751928378.255653,batch_consumer-sts-1_20250707_224629_303748.csv,True,False,False,1751928396.9543343,2935990.0958538055
14099,1751925460.9644177,1751928378.2833989,batch_consumer-sts-1_20250707_224629_303748.csv,True,False,False,1751928396.9543343,2935989.916563034
14109,1751925460.9646003,1751928378.3070936,batch_consumer-sts-1_20250707_224629_303748.csv,True,False,False,1751928396.9543343,2935989.7339344025
30069,1751925461.311278,1751928378.3287385,batch_consumer-sts-1_20250707_224629_303748.csv,True,False,False,1751928396.9543343,2935643.056154251
30079,1751925461.3115408,1751928378.3554487,batch_consumer-sts-1_20250707_224629_303748.csv,True,False,False,1751928396.9543343,2935642.793416977
30089,1751925461.3117387,1751928378.3816657,batch_consumer-sts-1_20250707_224629_303748.csv,True,False,False,1751928396.9543343,2935642.5955295563
30099,1751925461.3119345,1751928378.4074745,batch_consumer-sts-1_20250707_224629_303748.csv,True,False,False,1751928396.9543343,2935642.399787903
30109,1751925461.3121269,1751928378.4338014,batch_consumer-sts-1_20250707_224629_303748.csv,True,False,False,1751928396.9543343,2935642.2073841095
30119,1751925461.3123145,1751928378.4556065,batch_consumer-sts-1_20250707_224629_303748.csv,True,False,False,1751928396.9543343,2935642.0197486877
30129,1751925461.3125048,1751928378.477408,batch_consumer-sts-1_20250707_224629_303748.csv,True,False,False,1751928396.9543343,2935641.8294906616
30139,1751925461.3126905,1751928378.4990225,batch_consumer-sts-1_20250707_224629_303748.csv,True,False,False,1751928396.9543343,2935641.6437625885
30149,1751925461.312887,1751928378.5203233,batch_consumer-sts-1_20250707_224629_303748.csv,True,False,False,1751928396.9543343,2935641.4473056793
30159,1751925461.3130748,1751928378.5429163,batch_consumer-sts-1_20250707_224629_303748.csv,True,False,False,1751928396.9543343,2935641.259431839
30169,1751925461.3132997,1751928378.5650742,batch_consumer-sts-1_20250707_224629_303748.csv,True,False,False,1751928396.9543343,2935641.034603119
30179,1751925461.3135154,1751928378.5874016,batch_consumer-sts-1_20250707_224629_303748.csv,True,False,False,1751928396.9543343,2935640.818834305
30189,1751925461.3137264,1751928378.6087954,batch_consumer-sts-1_20250707_224629_303748.csv,True,False,False,1751928396.9543343,2935640.6078338623
30199,1751925461.313941,1751928378.6302593,batch_consumer-sts-1_20250707_224629_303748.csv,True,False,False,1751928396.9543343,2935640.393257141
30209,1751925461.3141608,1751928378.6520123,batch_consumer-sts-1_20250707_224629_303748.csv,True,False,False,1751928396.9543343,2935640.173435211
30219,1751925461.3144038,1751928378.6739607,batch_consumer-sts-1_20250707_224629_303748.csv,True,False,False,1751928396.9543343,2935639.930486679
30229,1751925461.3146362,1751928378.6962202,batch_consumer-sts-1_20250707_224629_303748.csv,True,False,False,1751928396.9543343,2935639.6980285645
30239,1751925461.3149066,1751928378.717513,batch_consumer-sts-1_20250707_224629_303748.csv,True,False,False,1751928396.9543343,2935639.4276618958
30249,1751925461.3151157,1751928378.739741,batch_consumer-sts-1_20250707_224629_303748.csv,True,False,False,1751928396.9543343,2935639.218568802
30259,1751925461.3153467,1751928378.764033,batch_consumer-sts-1_20250707_224629_303748.csv,True,False,False,1751928396.9543343,2935638.9875411987
30269,1751925461.3156378,1751928378.7864552,batch_consumer-sts-1_20250707_224629_303748.csv,True,False,False,1751928396.9543343,2935638.6964321136
30279,1751925461.3158576,1751928378.8081343,batch_consumer-sts-1_20250707_224629_303748.csv,True,False,False,1751928396.9543343,2935638.4766101837
30289,1751925461.3160472,1751928378.841692,batch_consumer-sts-1_20250707_224629_303748.csv,True,False,False,1751928396.9543343,2935638.2870674133
30299,1751925461.3162422,1751928378.8684886,batch_consumer-sts-1_20250707_224629_303748.csv,True,False,False,1751928396.9543343,2935638.0920410156
30309,1751925461.316446,1751928378.8949063,batch_consumer-sts-1_20250707_224629_303748.csv,True,False,False,1751928396.9543343,2935637.8881931305
30319,1751925461.3167884,1751928378.9213488,batch_consumer-sts-1_20250707_224629_303748.csv,True,False,False,1751928396.9543343,2935637.545824051
30329,1751925461.3170006,1751928378.943956,batch_consumer-sts-1_20250707_224629_303748.csv,True,False,False,1751928396.9543343,2935637.3336315155
30339,1751925461.3171964,1751928378.9663174,batch_consumer-sts-1_20250707_224629_303748.csv,True,False,False,1751928396.9543343,2935637.137889862
30349,1751925461.317391,1751928378.988577,batch_consumer-sts-1_20250707_224629_303748.csv,True,False,False,1751928396.9543343,2935636.9433403015
30359,1751925461.3175862,1751928379.0109365,batch_consumer-sts-1_20250707_224629_303748.csv,True,False,False,1751928396.9543343,2935636.748075485
30369,1751925461.3177788,1751928379.034164,batch_consumer-sts-1_20250707_224629_303748.csv,True,False,False,1751928396.9543343,2935636.5554332733
30379,1751925461.317968,1751928379.0561929,batch_consumer-sts-1_20250707_224629_303748.csv,True,False,False,1751928396.9543343,2935636.36636734
30389,1751925461.3181658,1751928379.077828,batch_consumer-sts-1_20250707_224629_303748.csv,True,False,False,1751928396.9543343,2935636.1684799194
30399,1751925461.318362,1751928379.0999112,batch_consumer-sts-1_20250707_224629_303748.csv,True,False,False,1751928396.9543343,2935635.972261429
30409,1751925461.3185556,1751928379.1220877,batch_consumer-sts-1_20250707_224629_303748.csv,True,False,False,1751928396.9543343,2935635.7786655426
30419,1751925461.318749,1751928379.1439755,batch_consumer-sts-1_20250707_224629_303748.csv,True,False,False,1751928396.9543343,2935635.585308075
30429,1751925461.318951,1751928379.1660657,batch_consumer-sts-1_20250707_224629_303748.csv,True,False,False,1751928396.9543343,2935635.3833675385
30439,1751925461.3191404,1751928379.1882176,batch_consumer-sts-1_20250707_224629_303748.csv,True,False,False,1751928396.9543343,2935635.193824768
30449,1751925461.319332,1751928379.211148,batch_consumer-sts-1_20250707_224629_303748.csv,True,False,False,1751928396.9543343,2935635.002374649
30459,1751925461.319529,1751928379.2333302,batch_consumer-sts-1_20250707_224629_303748.csv,True,False,False,1751928396.9543343,2935634.805202484
30469,1751925461.3197083,1751928379.2557566,batch_consumer-sts-1_20250707_224629_303748.csv,True,False,False,1751928396.9543343,2935634.6259117126
30479,1751925461.3198874,1751928379.283579,batch_consumer-sts-1_20250707_224629_303748.csv,True,False,False,1751928396.9543343,2935634.4468593597
30489,1751925461.320064,1751928379.309919,batch_consumer-sts-1_20250707_224629_303748.csv,True,False,False,1751928396.9543343,2935634.2701911926
30499,1751925461.3202412,1751928379.3364694,batch_consumer-sts-1_20250707_224629_303748.csv,True,False,False,1751928396.9543343,2935634.0930461884
30509,1751925461.3204198,1751928379.3633025,batch_consumer-sts-1_20250707_224629_303748.csv,True,False,False,1751928396.9543343,2935633.9144706726
30519,1751925461.3206224,1751928379.3875525,batch_consumer-sts-1_20250707_224629_303748.csv,True,False,False,1751928396.9543343,2935633.7118148804
30529,1751925461.3208015,1751928379.4100842,batch_consumer-sts-1_20250707_224629_303748.csv,True,False,False,1751928396.9543343,2935633.5327625275
30539,1751925461.3209858,1751928379.4321375,batch_consumer-sts-1_20250707_224629_303748.csv,True,False,False,1751928396.9543343,2935633.348464966
30549,1751925461.3211691,1751928379.4549088,batch_consumer-sts-1_20250707_224629_303748.csv,True,False,False,1751928396.9543343,2935633.1651210785
32649,1751925461.3617237,1751928379.4771109,batch_consumer-sts-1_20250707_224629_303748.csv,True,False,False,1751928396.9543343,2935592.6105976105
32659,1751925461.3619225,1751928379.49957,batch_consumer-sts-1_20250707_224629_303748.csv,True,False,False,1751928396.9543343,2935592.4117565155
32669,1751925461.362111,1751928379.5263107,batch_consumer-sts-1_20250707_224629_303748.csv,True,False,False,1751928396.9543343,2935592.2231674194
32679,1751925461.3623097,1751928379.5530212,batch_consumer-sts-1_20250707_224629_303748.csv,True,False,False,1751928396.9543343,2935592.024564743
32689,1751925461.3626354,1751928379.5803947,batch_consumer-sts-1_20250707_224629_303748.csv,True,False,False,1751928396.9543343,2935591.698884964
32699,1751925461.3629522,1751928379.607598,batch_consumer-sts-1_20250707_224629_303748.csv,True,False,False,1751928396.9543343,2935591.3820266724
32709,1751925461.363254,1751928379.6300347,batch_consumer-sts-1_20250707_224629_303748.csv,True,False,False,1751928396.9543343,2935591.080188751
32719,1751925461.3634777,1751928379.6532466,batch_consumer-sts-1_20250707_224629_303748.csv,True,False,False,1751928396.9543343,2935590.856552124
32729,1751925461.363719,1751928379.6799288,batch_consumer-sts-1_20250707_224629_303748.csv,True,False,False,1751928396.9543343,2935590.615272522
33069,1751925461.3719163,1751928379.7068925,batch_consumer-sts-1_20250707_224629_303748.csv,True,False,False,1751928396.9543343,2935582.4179649353
33079,1751925461.372106,1751928379.734323,batch_consumer-sts-1_20250707_224629_303748.csv,True,False,False,1751928396.9543343,2935582.2281837463
33089,1751925461.3722982,1751928379.762057,batch_consumer-sts-1_20250707_224629_303748.csv,True,False,False,1751928396.9543343,2935582.0360183716
33099,1751925461.3724897,1751928379.784599,batch_consumer-sts-1_20250707_224629_303748.csv,True,False,False,1751928396.9543343,2935581.8445682526
33109,1751925461.3726742,1751928379.80656,batch_consumer-sts-1_20250707_224629_303748.csv,True,False,False,1751928396.9543343,2935581.6600322723
33119,1751925461.3728592,1751928379.8331082,batch_consumer-sts-1_20250707_224629_303748.csv,True,False,False,1751928396.9543343,2935581.475019455
33129,1751925461.3730805,1751928379.8599086,batch_consumer-sts-1_20250707_224629_303748.csv,True,False,False,1751928396.9543343,2935581.2537670135
33139,1751925461.3732734,1751928379.886377,batch_consumer-sts-1_20250707_224629_303748.csv,True,False,False,1751928396.9543343,2935581.060886383
33149,1751925461.3734603,1751928379.9128633,batch_consumer-sts-1_20250707_224629_303748.csv,True,False,False,1751928396.9543343,2935580.873966217
33159,1751925461.373678,1751928379.9397085,batch_consumer-sts-1_20250707_224629_303748.csv,True,False,False,1751928396.9543343,2935580.6562900543
33169,1751925461.3738878,1751928379.9653606,batch_consumer-sts-1_20250707_224629_303748.csv,True,False,False,1751928396.9543343,2935580.4464817047
33179,1751925461.3741014,1751928379.9933302,batch_consumer-sts-1_20250707_224629_303748.csv,True,False,False,1751928396.9543343,2935580.232858658
33189,1751925461.374354,1751928380.0196962,batch_consumer-sts-1_20250707_224629_303748.csv,True,False,False,1751928396.9543343,2935579.9803733826
33199,1751925461.3746223,1751928380.0475116,batch_consumer-sts-1_20250707_224629_303748.csv,True,False,False,1751928396.9543343,2935579.7119140625
33209,1751925461.3749945,1751928380.0741236,batch_consumer-sts-1_20250707_224629_303748.csv,True,False,False,1751928396.9543343,2935579.3397426605
33219,1751925461.3753483,1751928380.1011844,batch_consumer-sts-1_20250707_224629_303748.csv,True,False,False,1751928396.9543343,2935578.985929489
33229,1751925461.3756905,1751928380.129581,batch_consumer-sts-1_20250707_224629_303748.csv,True,False,False,1751928396.9543343,2935578.643798828
33239,1751925461.376062,1751928380.1565845,batch_consumer-sts-1_20250707_224629_303748.csv,True,False,False,1751928396.9543343,2935578.272342682
33249,1751925461.3764086,1751928380.1833882,batch_consumer-sts-1_20250707_224629_303748.csv,True,False,False,1751928396.9543343,2935577.925682068
33259,1751925461.3768291,1751928380.210326,batch_consumer-sts-1_20250707_224629_303748.csv,True,False,False,1751928396.9543343,2935577.5051116943
33269,1751925461.37726,1751928380.2368412,batch_consumer-sts-1_20250707_224629_303748.csv,True,False,False,1751928396.9543343,2935577.074289322
33279,1751925461.377675,1751928380.2639947,batch_consumer-sts-1_20250707_224629_303748.csv,True,False,False,1751928396.9543343,2935576.6592025757
33289,1751925461.3780077,1751928380.290464,batch_consumer-sts-1_20250707_224629_303748.csv,True,False,False,1751928396.9543343,2935576.326608658
33299,1751925461.3782566,1751928380.3171728,batch_consumer-sts-1_20250707_224629_303748.csv,True,False,False,1751928396.9543343,2935576.0776996613
33309,1751925461.378494,1751928380.3444538,batch_consumer-sts-1_20250707_224629_303748.csv,True,False,False,1751928396.9543343,2935575.8402347565
33319,1751925461.3787344,1751928380.3714745,batch_consumer-sts-1_20250707_224629_303748.csv,True,False,False,1751928396.9543343,2935575.5999088287
33329,1751925461.378966,1751928380.398625,batch_consumer-sts-1_20250707_224629_303748.csv,True,False,False,1751928396.9543343,2935575.36816597
33339,1751925461.3792,1751928380.4253175,batch_consumer-sts-1_20250707_224629_303748.csv,True,False,False,1751928396.9543343,2935575.1342773438
33349,1751925461.37943,1751928380.4523928,batch_consumer-sts-1_20250707_224629_303748.csv,True,False,False,1751928396.9543343,2935574.904203415
33359,1751925461.3796108,1751928380.4797952,batch_consumer-sts-1_20250707_224629_303748.csv,True,False,False,1751928396.9543343,2935574.723482132
33369,1751925461.3797932,1751928380.506677,batch_consumer-sts-1_20250707_224629_303748.csv,True,False,False,1751928396.9543343,2935574.541091919
33379,1751925461.3799727,1751928380.5331028,batch_consumer-sts-1_20250707_224629_303748.csv,True,False,False,1751928396.9543343,2935574.361562729
33389,1751925461.3801484,1751928380.5594764,batch_consumer-sts-1_20250707_224629_303748.csv,True,False,False,1751928396.9543343,2935574.185848236
33399,1751925461.380325,1751928380.5860765,batch_consumer-sts-1_20250707_224629_303748.csv,True,False,False,1751928396.9543343,2935574.009180069
33409,1751925461.3805065,1751928380.61206,batch_consumer-sts-1_20250707_224629_303748.csv,True,False,False,1751928396.9543343,2935573.8277435303
33419,1751925461.3806834,1751928380.6391094,batch_consumer-sts-1_20250707_224629_303748.csv,True,False,False,1751928396.9543343,2935573.6508369446
33429,1751925461.3808746,1751928380.666157,batch_consumer-sts-1_20250707_224629_303748.csv,True,False,False,1751928396.9543343,2935573.459625244
33439,1751925461.3810496,1751928380.6930254,batch_consumer-sts-1_20250707_224629_303748.csv,True,False,False,1751928396.9543343,2935573.284626007
33449,1751925461.381233,1751928380.7191029,batch_consumer-sts-1_20250707_224629_303748.csv,True,False,False,1751928396.9543343,2935573.1012821198
33459,1751925461.381413,1751928380.746056,batch_consumer-sts-1_20250707_224629_303748.csv,True,False,False,1751928396.9543343,2935572.9212760925
33469,1751925461.381587,1751928380.7730129,batch_consumer-sts-1_20250707_224629_303748.csv,True,False,False,1751928396.9543343,2935572.74723053
40879,1751925461.5333245,1751928380.8001966,batch_consumer-sts-1_20250707_224629_303748.csv,True,False,False,1751928396.9543343,2935421.0097789764
40889,1751925461.5335543,1751928380.827146,batch_consumer-sts-1_20250707_224629_303748.csv,True,False,False,1751928396.9543343,2935420.779943466
40899,1751925461.5337822,1751928380.8543518,batch_consumer-sts-1_20250707_224629_303748.csv,True,False,False,1751928396.9543343,2935420.5520153046
40909,1751925461.534012,1751928381.05979,batch_consumer-sts-1_20250707_224629_303748.csv,True,False,False,1751928396.9543343,2935420.3221797943
40919,1751925461.534247,1751928381.0864766,batch_consumer-sts-1_20250707_224629_303748.csv,True,False,False,1751928396.9543343,2935420.087337494
40929,1751925461.534476,1751928381.1128097,batch_consumer-sts-1_20250707_224629_303748.csv,True,False,False,1751928396.9543343,2935419.8582172394
40939,1751925461.534706,1751928381.1393683,batch_consumer-sts-1_20250707_224629_303748.csv,True,False,False,1751928396.9543343,2935419.6281433105
40949,1751925461.5349329,1751928381.1615307,batch_consumer-sts-1_20250707_224629_303748.csv,True,False,False,1751928396.9543343,2935419.401407242
40959,1751925461.535165,1751928381.1840649,batch_consumer-sts-1_20250707_224629_303748.csv,True,False,False,1751928396.9543343,2935419.169187546
40969,1751925461.5353906,1751928381.2066166,batch_consumer-sts-1_20250707_224629_303748.csv,True,False,False,1751928396.9543343,2935418.94364357
40979,1751925461.5356226,1751928381.2287335,batch_consumer-sts-1_20250707_224629_303748.csv,True,False,False,1751928396.9543343,2935418.7116622925
40989,1751925461.5358508,1751928381.2513762,batch_consumer-sts-1_20250707_224629_303748.csv,True,False,False,1751928396.9543343,2935418.4834957123
40999,1751925461.5360804,1751928381.273235,batch_consumer-sts-1_20250707_224629_303748.csv,True,False,False,1751928396.9543343,2935418.2538986206
41009,1751925461.5363102,1751928381.2951777,batch_consumer-sts-1_20250707_224629_303748.csv,True,False,False,1751928396.9543343,2935418.0240631104
41019,1751925461.536537,1751928381.3166738,batch_consumer-sts-1_20250707_224629_303748.csv,True,False,False,1751928396.9543343,2935417.7973270416
41029,1751925461.536763,1751928381.3428037,batch_consumer-sts-1_20250707_224629_303748.csv,True,False,False,1751928396.9543343,2935417.5713062286
41039,1751925461.536988,1751928381.369556,batch_consumer-sts-1_20250707_224629_303748.csv,True,False,False,1751928396.9543343,2935417.34623909
41049,1751925461.5372226,1751928381.3965726,batch_consumer-sts-1_20250707_224629_303748.csv,True,False,False,1751928396.9543343,2935417.111635208
41059,1751925461.5374577,1751928381.422551,batch_consumer-sts-1_20250707_224629_303748.csv,True,False,False,1751928396.9543343,2935416.876554489
41069,1751925461.5376875,1751928381.4442346,batch_consumer-sts-1_20250707_224629_303748.csv,True,False,False,1751928396.9543343,2935416.646718979
41079,1751925461.5379171,1751928381.4660008,batch_consumer-sts-1_20250707_224629_303748.csv,True,False,False,1751928396.9543343,2935416.417121887
41089,1751925461.538136,1751928381.4879167,batch_consumer-sts-1_20250707_224629_303748.csv,True,False,False,1751928396.9543343,2935416.1982536316
41099,1751925461.5383716,1751928381.5098453,batch_consumer-sts-1_20250707_224629_303748.csv,True,False,False,1751928396.9543343,2935415.9626960754
41109,1751925461.5385993,1751928381.532462,batch_consumer-sts-1_20250707_224629_303748.csv,True,False,False,1751928396.9543343,2935415.7350063324
41119,1751925461.538832,1751928381.5547411,batch_consumer-sts-1_20250707_224629_303748.csv,True,False,False,1751928396.9543343,2935415.502309799
41129,1751925461.5390563,1751928382.5790188,batch_consumer-sts-1_20250707_224629_303748.csv,True,False,False,1751928396.9543343,2935415.2779579163
41139,1751925461.5392854,1751928382.662444,batch_consumer-sts-1_20250707_224629_303748.csv,True,False,False,1751928396.9543343,2935415.0488376617
41149,1751925461.539513,1751928382.6893995,batch_consumer-sts-1_20250707_224629_303748.csv,True,False,False,1751928396.9543343,2935414.8211479187
41159,1751925461.539746,1751928382.717515,batch_consumer-sts-1_20250707_224629_303748.csv,True,False,False,1751928396.9543343,2935414.588212967
41169,1751925461.5399733,1751928382.7439864,batch_consumer-sts-1_20250707_224629_303748.csv,True,False,False,1751928396.9543343,2935414.361000061
41179,1751925461.540202,1751928382.7700884,batch_consumer-sts-1_20250707_224629_303748.csv,True,False,False,1751928396.9543343,2935414.1323566437
41189,1751925461.5404298,1751928382.7966118,batch_consumer-sts-1_20250707_224629_303748.csv,True,False,False,1751928396.9543343,2935413.904428482
41199,1751925461.5406556,1751928382.8225842,batch_consumer-sts-1_20250707_224629_303748.csv,True,False,False,1751928396.9543343,2935413.6786460876
41209,1751925461.5408814,1751928382.849025,batch_consumer-sts-1_20250707_224629_303748.csv,True,False,False,1751928396.9543343,2935413.4528636932
41219,1751925461.541111,1751928382.8762884,batch_consumer-sts-1_20250707_224629_303748.csv,True,False,False,1751928396.9543343,2935413.2232666016
41229,1751925461.541338,1751928382.9046686,batch_consumer-sts-1_20250707_224629_303748.csv,True,False,False,1751928396.9543343,2935412.9962921143
41239,1751925461.5415685,1751928382.9319413,batch_consumer-sts-1_20250707_224629_303748.csv,True,False,False,1751928396.9543343,2935412.7657413483
41249,1751925461.5418005,1751928382.958953,batch_consumer-sts-1_20250707_224629_303748.csv,True,False,False,1751928396.9543343,2935412.533760071
41259,1751925461.5420272,1751928382.98561,batch_consumer-sts-1_20250707_224629_303748.csv,True,False,False,1751928396.9543343,2935412.307024002
41269,1751925461.5422642,1751928383.011583,batch_consumer-sts-1_20250707_224629_303748.csv,True,False,False,1751928396.9543343,2935412.0700359344
41279,1751925461.5425098,1751928383.0372634,batch_consumer-sts-1_20250707_224629_303748.csv,True,False,False,1751928396.9543343,2935411.824464798
41289,1751925461.542735,1751928383.0588946,batch_consumer-sts-1_20250707_224629_303748.csv,True,False,False,1751928396.9543343,2935411.5991592407
41299,1751925461.5429652,1751928383.0806355,batch_consumer-sts-1_20250707_224629_303748.csv,True,False,False,1751928396.9543343,2935411.369085312
41309,1751925461.543197,1751928383.102405,batch_consumer-sts-1_20250707_224629_303748.csv,True,False,False,1751928396.9543343,2935411.137342453
43889,1751925461.6039565,1751928383.123528,batch_consumer-sts-1_20250707_224629_303748.csv,True,False,False,1751928396.9543343,2935350.3777980804
43899,1751925461.6041846,1751928383.144858,batch_consumer-sts-1_20250707_224629_303748.csv,True,False,False,1751928396.9543343,2935350.1496315002
43909,1751925461.604413,1751928383.171174,batch_consumer-sts-1_20250707_224629_303748.csv,True,False,False,1751928396.9543343,2935349.9212265015
43919,1751925461.6046352,1751928383.1984236,batch_consumer-sts-1_20250707_224629_303748.csv,True,False,False,1751928396.9543343,2935349.6990203857
43929,1751925461.6048598,1751928383.2245543,batch_consumer-sts-1_20250707_224629_303748.csv,True,False,False,1751928396.9543343,2935349.474430084
43939,1751925461.6050887,1751928383.2515254,batch_consumer-sts-1_20250707_224629_303748.csv,True,False,False,1751928396.9543343,2935349.2455482483
43949,1751925461.605313,1751928383.279457,batch_consumer-sts-1_20250707_224629_303748.csv,True,False,False,1751928396.9543343,2935349.0211963654
43959,1751925461.605535,1751928383.301767,batch_consumer-sts-1_20250707_224629_303748.csv,True,False,False,1751928396.9543343,2935348.799228668
43969,1751925461.6057634,1751928383.3232684,batch_consumer-sts-1_20250707_224629_303748.csv,True,False,False,1751928396.9543343,2935348.5708236694
43979,1751925461.6059847,1751928383.3452446,batch_consumer-sts-1_20250707_224629_303748.csv,True,False,False,1751928396.9543343,2935348.349571228
43989,1751925461.6062162,1751928383.3672202,batch_consumer-sts-1_20250707_224629_303748.csv,True,False,False,1751928396.9543343,2935348.1180667877
43999,1751925461.6064396,1751928383.3892832,batch_consumer-sts-1_20250707_224629_303748.csv,True,False,False,1751928396.9543343,2935347.894668579
44009,1751925461.6066682,1751928383.4106755,batch_consumer-sts-1_20250707_224629_303748.csv,True,False,False,1751928396.9543343,2935347.6660251617
44019,1751925461.606889,1751928383.432673,batch_consumer-sts-1_20250707_224629_303748.csv,True,False,False,1751928396.9543343,2935347.4452495575
44029,1751925461.6071131,1751928383.4544866,batch_consumer-sts-1_20250707_224629_303748.csv,True,False,False,1751928396.9543343,2935347.221136093
44039,1751925461.60734,1751928383.4761968,batch_consumer-sts-1_20250707_224629_303748.csv,True,False,False,1751928396.9543343,2935346.994161606
44049,1751925461.6075633,1751928383.4978502,batch_consumer-sts-1_20250707_224629_303748.csv,True,False,False,1751928396.9543343,2935346.771001816
44059,1751925461.6077847,1751928383.5191252,batch_consumer-sts-1_20250707_224629_303748.csv,True,False,False,1751928396.9543343,2935346.549510956
44069,1751925461.608012,1751928383.5412445,batch_consumer-sts-1_20250707_224629_303748.csv,True,False,False,1751928396.9543343,2935346.32229805
44079,1751925461.6082363,1751928383.5665812,batch_consumer-sts-1_20250707_224629_303748.csv,True,False,False,1751928396.9543343,2935346.097946167
44089,1751925461.6084588,1751928383.588924,batch_consumer-sts-1_20250707_224629_303748.csv,True,False,False,1751928396.9543343,2935345.8755016327
44099,1751925461.6086764,1751928383.6099606,batch_consumer-sts-1_20250707_224629_303748.csv,True,False,False,1751928396.9543343,2935345.65782547
44109,1751925461.608909,1751928383.636611,batch_consumer-sts-1_20250707_224629_303748.csv,True,False,False,1751928396.9543343,2935345.4253673553
44119,1751925461.609141,1751928383.663387,batch_consumer-sts-1_20250707_224629_303748.csv,True,False,False,1751928396.9543343,2935345.1931476593
44129,1751925461.6093726,1751928383.6904874,batch_consumer-sts-1_20250707_224629_303748.csv,True,False,False,1751928396.9543343,2935344.961643219
44139,1751925461.6095982,1751928383.7165215,batch_consumer-sts-1_20250707_224629_303748.csv,True,False,False,1751928396.9543343,2935344.736099243
44149,1751925461.6098251,1751928383.743827,batch_consumer-sts-1_20250707_224629_303748.csv,True,False,False,1751928396.9543343,2935344.509124756
44159,1751925461.6100512,1751928383.770327,batch_consumer-sts-1_20250707_224629_303748.csv,True,False,False,1751928396.9543343,2935344.283103943
44169,1751925461.6102862,1751928383.796973,batch_consumer-sts-1_20250707_224629_303748.csv,True,False,False,1751928396.9543343,2935344.048023224
44179,1751925461.61051,1751928383.8229766,batch_consumer-sts-1_20250707_224629_303748.csv,True,False,False,1751928396.9543343,2935343.824148178
44189,1751925461.6107388,1751928383.8449206,batch_consumer-sts-1_20250707_224629_303748.csv,True,False,False,1751928396.9543343,2935343.5955047607
44199,1751925461.610972,1751928383.8669896,batch_consumer-sts-1_20250707_224629_303748.csv,True,False,False,1751928396.9543343,2935343.3623313904
44209,1751925461.611204,1751928383.8886616,batch_consumer-sts-1_20250707_224629_303748.csv,True,False,False,1751928396.9543343,2935343.130350113
44219,1751925461.6114285,1751928383.910346,batch_consumer-sts-1_20250707_224629_303748.csv,True,False,False,1751928396.9543343,2935342.9057598114
44229,1751925461.6116576,1751928383.9355123,batch_consumer-sts-1_20250707_224629_303748.csv,True,False,False,1751928396.9543343,2935342.676639557
44239,1751925461.6118772,1751928383.9570796,batch_consumer-sts-1_20250707_224629_303748.csv,True,False,False,1751928396.9543343,2935342.4570560455
44249,1751925461.612105,1751928383.979542,batch_consumer-sts-1_20250707_224629_303748.csv,True,False,False,1751928396.9543343,2935342.2293663025
44259,1751925461.6123247,1751928384.0150075,batch_consumer-sts-1_20250707_224629_303748.csv,True,False,False,1751928396.9543343,2935342.0095443726
44269,1751925461.6125548,1751928384.043161,batch_consumer-sts-1_20250707_224629_303748.csv,True,False,False,1751928396.9543343,2935341.7794704437
44279,1751925461.6127844,1751928384.0698874,batch_consumer-sts-1_20250707_224629_303748.csv,True,False,False,1751928396.9543343,2935341.549873352
44289,1751925461.6130197,1751928384.0915313,batch_consumer-sts-1_20250707_224629_303748.csv,True,False,False,1751928396.9543343,2935341.3145542145
44299,1751925461.613253,1751928384.112651,batch_consumer-sts-1_20250707_224629_303748.csv,True,False,False,1751928396.9543343,2935341.0811424255
44309,1751925461.6134803,1751928384.134099,batch_consumer-sts-1_20250707_224629_303748.csv,True,False,False,1751928396.9543343,2935340.8539295197
44319,1751925461.6137035,1751928384.1561491,batch_consumer-sts-1_20250707_224629_303748.csv,True,False,False,1751928396.9543343,2935340.6307697296
44329,1751925461.6139302,1751928384.1783414,batch_consumer-sts-1_20250707_224629_303748.csv,True,False,False,1751928396.9543343,2935340.404033661
60299,1751925461.9776986,1751928384.2001634,batch_consumer-sts-1_20250707_224629_303748.csv,True,False,False,1751928396.9543343,2934976.635694504
60309,1751925461.9779215,1751928384.220903,batch_consumer-sts-1_20250707_224629_303748.csv,True,False,False,1751928396.9543343,2934976.4127731323
60319,1751925461.9781451,1751928384.2427344,batch_consumer-sts-1_20250707_224629_303748.csv,True,False,False,1751928396.9543343,2934976.189136505
60329,1751925461.9783788,1751928384.2647102,batch_consumer-sts-1_20250707_224629_303748.csv,True,False,False,1751928396.9543343,2934975.9554862976
60339,1751925461.978623,1751928384.2867808,batch_consumer-sts-1_20250707_224629_303748.csv,True,False,False,1751928396.9543343,2934975.7113456726
60349,1751925461.9788463,1751928384.3084445,batch_consumer-sts-1_20250707_224629_303748.csv,True,False,False,1751928396.9543343,2934975.487947464
60359,1751925461.9790692,1751928384.3303015,batch_consumer-sts-1_20250707_224629_303748.csv,True,False,False,1751928396.9543343,2934975.2650260925
60369,1751925461.9792943,1751928384.352438,batch_consumer-sts-1_20250707_224629_303748.csv,True,False,False,1751928396.9543343,2934975.039958954
60379,1751925461.9795227,1751928384.374221,batch_consumer-sts-1_20250707_224629_303748.csv,True,False,False,1751928396.9543343,2934974.811553955
60389,1751925461.9797533,1751928384.3956351,batch_consumer-sts-1_20250707_224629_303748.csv,True,False,False,1751928396.9543343,2934974.581003189
60399,1751925461.9799814,1751928384.416094,batch_consumer-sts-1_20250707_224629_303748.csv,True,False,False,1751928396.9543343,2934974.352836609
60409,1751925461.9802077,1751928384.43781,batch_consumer-sts-1_20250707_224629_303748.csv,True,False,False,1751928396.9543343,2934974.1265773773
60419,1751925461.9804382,1751928384.4600785,batch_consumer-sts-1_20250707_224629_303748.csv,True,False,False,1751928396.9543343,2934973.8960266113
60429,1751925461.9806707,1751928384.4822772,batch_consumer-sts-1_20250707_224629_303748.csv,True,False,False,1751928396.9543343,2934973.6635684967
60439,1751925461.9809003,1751928384.503835,batch_consumer-sts-1_20250707_224629_303748.csv,True,False,False,1751928396.9543343,2934973.433971405
60449,1751925461.9811313,1751928384.5287576,batch_consumer-sts-1_20250707_224629_303748.csv,True,False,False,1751928396.9543343,2934973.202943802
60459,1751925461.981362,1751928384.5505598,batch_consumer-sts-1_20250707_224629_303748.csv,True,False,False,1751928396.9543343,2934972.9721546173
60469,1751925461.981586,1751928384.5726423,batch_consumer-sts-1_20250707_224629_303748.csv,True,False,False,1751928396.9543343,2934972.7482795715
60479,1751925461.9818113,1751928384.5943186,batch_consumer-sts-1_20250707_224629_303748.csv,True,False,False,1751928396.9543343,2934972.5229740143
60489,1751925461.9820375,1751928384.6154108,batch_consumer-sts-1_20250707_224629_303748.csv,True,False,False,1751928396.9543343,2934972.2967147827
60499,1751925461.9822748,1751928384.639459,batch_consumer-sts-1_20250707_224629_303748.csv,True,False,False,1751928396.9543343,2934972.0594882965
60509,1751925461.982501,1751928384.6610465,batch_consumer-sts-1_20250707_224629_303748.csv,True,False,False,1751928396.9543343,2934971.833229065
60519,1751925461.9827323,1751928384.6826923,batch_consumer-sts-1_20250707_224629_303748.csv,True,False,False,1751928396.9543343,2934971.601963043
60529,1751925461.9829686,1751928384.703909,batch_consumer-sts-1_20250707_224629_303748.csv,True,False,False,1751928396.9543343,2934971.3656902313
60539,1751925461.9831882,1751928384.7251084,batch_consumer-sts-1_20250707_224629_303748.csv,True,False,False,1751928396.9543343,2934971.14610672
60549,1751925461.9834194,1751928384.746794,batch_consumer-sts-1_20250707_224629_303748.csv,True,False,False,1751928396.9543343,2934970.9148406982
60559,1751925461.9836514,1751928384.7684343,batch_consumer-sts-1_20250707_224629_303748.csv,True,False,False,1751928396.9543343,2934970.682859421
60569,1751925461.9838853,1751928384.7951229,batch_consumer-sts-1_20250707_224629_303748.csv,True,False,False,1751928396.9543343,2934970.4489707947
60579,1751925461.9841125,1751928384.820577,batch_consumer-sts-1_20250707_224629_303748.csv,True,False,False,1751928396.9543343,2934970.221757889
60589,1751925461.984341,1751928384.8472853,batch_consumer-sts-1_20250707_224629_303748.csv,True,False,False,1751928396.9543343,2934969.99335289
60599,1751925461.984567,1751928384.8737235,batch_consumer-sts-1_20250707_224629_303748.csv,True,False,False,1751928396.9543343,2934969.767332077
60609,1751925461.9847898,1751928384.8953283,batch_consumer-sts-1_20250707_224629_303748.csv,True,False,False,1751928396.9543343,2934969.5444107056
60619,1751925461.9850187,1751928384.916126,batch_consumer-sts-1_20250707_224629_303748.csv,True,False,False,1751928396.9543343,2934969.3155288696
60629,1751925461.9852417,1751928384.937519,batch_consumer-sts-1_20250707_224629_303748.csv,True,False,False,1751928396.9543343,2934969.092607498
60639,1751925461.9854658,1751928384.9589238,batch_consumer-sts-1_20250707_224629_303748.csv,True,False,False,1751928396.9543343,2934968.868494034
60649,1751925461.9856915,1751928384.9804385,batch_consumer-sts-1_20250707_224629_303748.csv,True,False,False,1751928396.9543343,2934968.6427116394
60659,1751925461.985918,1751928385.0067534,batch_consumer-sts-1_20250707_224629_303748.csv,True,False,False,1751928396.9543343,2934968.4162139893
60669,1751925461.9861405,1751928385.033139,batch_consumer-sts-1_20250707_224629_303748.csv,True,False,False,1751928396.9543343,2934968.193769455
60679,1751925461.9863708,1751928385.0599935,batch_consumer-sts-1_20250707_224629_303748.csv,True,False,False,1751928396.9543343,2934967.9634571075
60689,1751925461.9865935,1751928385.0875878,batch_consumer-sts-1_20250707_224629_303748.csv,True,False,False,1751928396.9543343,2934967.7407741547
60699,1751925461.9868286,1751928385.1135736,batch_consumer-sts-1_20250707_224629_303748.csv,True,False,False,1751928396.9543343,2934967.5056934357
60709,1751925461.9870584,1751928385.140248,batch_consumer-sts-1_20250707_224629_303748.csv,True,False,False,1751928396.9543343,2934967.2758579254
60719,1751925461.987274,1751928385.1671145,batch_consumer-sts-1_20250707_224629_303748.csv,True,False,False,1751928396.9543343,2934967.06032753
60729,1751925461.987502,1751928385.1936886,batch_consumer-sts-1_20250707_224629_303748.csv,True,False,False,1751928396.9543343,2934966.8321609497
61229,1751925461.9978912,1751928385.224528,batch_consumer-sts-1_20250707_224629_303748.csv,True,False,False,1751928396.9543343,2934956.4430713654
61239,1751925461.9981265,1751928385.2515676,batch_consumer-sts-1_20250707_224629_303748.csv,True,False,False,1751928396.9543343,2934956.207752228
61249,1751925461.9983609,1751928385.2781155,batch_consumer-sts-1_20250707_224629_303748.csv,True,False,False,1751928396.9543343,2934955.9733867645
61259,1751925461.9985886,1751928385.3043656,batch_consumer-sts-1_20250707_224629_303748.csv,True,False,False,1751928396.9543343,2934955.7456970215
61269,1751925461.9988034,1751928385.3308868,batch_consumer-sts-1_20250707_224629_303748.csv,True,False,False,1751928396.9543343,2934955.5308818817
61279,1751925461.9990315,1751928385.3578336,batch_consumer-sts-1_20250707_224629_303748.csv,True,False,False,1751928396.9543343,2934955.3027153015
61289,1751925461.9992616,1751928385.384563,batch_consumer-sts-1_20250707_224629_303748.csv,True,False,False,1751928396.9543343,2934955.0726413727
61299,1751925461.9994876,1751928385.4107974,batch_consumer-sts-1_20250707_224629_303748.csv,True,False,False,1751928396.9543343,2934954.8466205597
61309,1751925461.999715,1751928385.437588,batch_consumer-sts-1_20250707_224629_303748.csv,True,False,False,1751928396.9543343,2934954.619169235
61319,1751925461.9999542,1751928385.464115,batch_consumer-sts-1_20250707_224629_303748.csv,True,False,False,1751928396.9543343,2934954.3800354004
61329,1751925462.000191,1751928385.491225,batch_consumer-sts-1_20250707_224629_303748.csv,True,False,False,1751928396.9543343,2934954.1432857513
61339,1751925462.000421,1751928385.517199,batch_consumer-sts-1_20250707_224629_303748.csv,True,False,False,1751928396.9543343,2934953.9132118225
61349,1751925462.000655,1751928385.544156,batch_consumer-sts-1_20250707_224629_303748.csv,True,False,False,1751928396.9543343,2934953.6793231964
61359,1751925462.0008852,1751928385.5715451,batch_consumer-sts-1_20250707_224629_303748.csv,True,False,False,1751928396.9543343,2934953.449010849
61369,1751925462.0011194,1751928385.599134,batch_consumer-sts-1_20250707_224629_303748.csv,True,False,False,1751928396.9543343,2934953.2148838043
61379,1751925462.0013478,1751928385.6255744,batch_consumer-sts-1_20250707_224629_303748.csv,True,False,False,1751928396.9543343,2934952.9864788055
61389,1751925462.0015728,1751928385.652072,batch_consumer-sts-1_20250707_224629_303748.csv,True,False,False,1751928396.9543343,2934952.761411667
61399,1751925462.0017989,1751928385.6789672,batch_consumer-sts-1_20250707_224629_303748.csv,True,False,False,1751928396.9543343,2934952.535390854
61409,1751925462.0020266,1751928385.7052288,batch_consumer-sts-1_20250707_224629_303748.csv,True,False,False,1751928396.9543343,2934952.307701111
61419,1751925462.0022666,1751928385.7315185,batch_consumer-sts-1_20250707_224629_303748.csv,True,False,False,1751928396.9543343,2934952.0676136017
61429,1751925462.002499,1751928385.758141,batch_consumer-sts-1_20250707_224629_303748.csv,True,False,False,1751928396.9543343,2934951.835155487
61439,1751925462.0027275,1751928385.7848957,batch_consumer-sts-1_20250707_224629_303748.csv,True,False,False,1751928396.9543343,2934951.6067504883
61449,1751925462.00296,1751928385.8109322,batch_consumer-sts-1_20250707_224629_303748.csv,True,False,False,1751928396.9543343,2934951.3742923737
61459,1751925462.003192,1751928385.8374157,batch_consumer-sts-1_20250707_224629_303748.csv,True,False,False,1751928396.9543343,2934951.142311096
61469,1751925462.0034237,1751928385.8641927,batch_consumer-sts-1_20250707_224629_303748.csv,True,False,False,1751928396.9543343,2934950.9105682373
61479,1751925462.003651,1751928385.8910046,batch_consumer-sts-1_20250707_224629_303748.csv,True,False,False,1751928396.9543343,2934950.6833553314
61489,1751925462.003879,1751928385.9171298,batch_consumer-sts-1_20250707_224629_303748.csv,True,False,False,1751928396.9543343,2934950.455188751
61499,1751925462.004115,1751928385.9439852,batch_consumer-sts-1_20250707_224629_303748.csv,True,False,False,1751928396.9543343,2934950.219154358
61509,1751925462.004343,1751928385.9706316,batch_consumer-sts-1_20250707_224629_303748.csv,True,False,False,1751928396.9543343,2934949.9912261963
61519,1751925462.0045748,1751928385.9972875,batch_consumer-sts-1_20250707_224629_303748.csv,True,False,False,1751928396.9543343,2934949.7594833374
61529,1751925462.0048077,1751928386.343152,batch_consumer-sts-1_20250707_224629_303748.csv,True,False,False,1751928396.9543343,2934949.5265483856
61539,1751925462.0050375,1751928386.3697162,batch_consumer-sts-1_20250707_224629_303748.csv,True,False,False,1751928396.9543343,2934949.2967128754
61549,1751925462.0052698,1751928386.3966198,batch_consumer-sts-1_20250707_224629_303748.csv,True,False,False,1751928396.9543343,2934949.0644931793
61559,1751925462.0054998,1751928386.4229846,batch_consumer-sts-1_20250707_224629_303748.csv,True,False,False,1751928396.9543343,2934948.8344192505
61569,1751925462.0057352,1751928386.4451432,batch_consumer-sts-1_20250707_224629_303748.csv,True,False,False,1751928396.9543343,2934948.599100113
61579,1751925462.0059662,1751928386.4691842,batch_consumer-sts-1_20250707_224629_303748.csv,True,False,False,1751928396.9543343,2934948.3680725098
61589,1751925462.0062137,1751928386.491652,batch_consumer-sts-1_20250707_224629_303748.csv,True,False,False,1751928396.9543343,2934948.1205940247
61599,1751925462.006444,1751928386.514482,batch_consumer-sts-1_20250707_224629_303748.csv,True,False,False,1751928396.9543343,2934947.8902816772
61609,1751925462.0066712,1751928386.5369666,batch_consumer-sts-1_20250707_224629_303748.csv,True,False,False,1751928396.9543343,2934947.6630687714
61619,1751925462.006902,1751928386.560146,batch_consumer-sts-1_20250707_224629_303748.csv,True,False,False,1751928396.9543343,2934947.432279587
61629,1751925462.0071275,1751928386.582687,batch_consumer-sts-1_20250707_224629_303748.csv,True,False,False,1751928396.9543343,2934947.206735611
61639,1751925462.007362,1751928386.605172,batch_consumer-sts-1_20250707_224629_303748.csv,True,False,False,1751928396.9543343,2934946.9723701477
61649,1751925462.0075922,1751928386.6271117,batch_consumer-sts-1_20250707_224629_303748.csv,True,False,False,1751928396.9543343,2934946.7420578003
61659,1751925462.007821,1751928386.6492682,batch_consumer-sts-1_20250707_224629_303748.csv,True,False,False,1751928396.9543343,2934946.5131759644
70099,1751925462.1999416,1751928386.6714108,batch_consumer-sts-1_20250707_224629_303748.csv,True,False,False,1751928396.9543343,2934754.3926239014
70109,1751925462.2001712,1751928386.6941593,batch_consumer-sts-1_20250707_224629_303748.csv,True,False,False,1751928396.9543343,2934754.1630268097
70119,1751925462.2004042,1751928386.7165153,batch_consumer-sts-1_20250707_224629_303748.csv,True,False,False,1751928396.9543343,2934753.930091858
70129,1751925462.20064,1751928386.7387958,batch_consumer-sts-1_20250707_224629_303748.csv,True,False,False,1751928396.9543343,2934753.694295883
70139,1751925462.2008653,1751928386.7616754,batch_consumer-sts-1_20250707_224629_303748.csv,True,False,False,1751928396.9543343,2934753.468990326
70149,1751925462.2010968,1751928387.2470038,batch_consumer-sts-1_20250707_224629_303748.csv,True,False,False,1751928396.9543343,2934753.2374858856
70159,1751925462.2013235,1751928387.270347,batch_consumer-sts-1_20250707_224629_303748.csv,True,False,False,1751928396.9543343,2934753.010749817
70169,1751925462.2015498,1751928387.2978458,batch_consumer-sts-1_20250707_224629_303748.csv,True,False,False,1751928396.9543343,2934752.7844905853
70179,1751925462.201779,1751928388.3266442,batch_consumer-sts-1_20250707_224629_303748.csv,True,False,False,1751928396.9543343,2934752.555370331
70189,1751925462.202008,1751928388.3536031,batch_consumer-sts-1_20250707_224629_303748.csv,True,False,False,1751928396.9543343,2934752.3262500763
70199,1751925462.2022352,1751928388.3808424,batch_consumer-sts-1_20250707_224629_303748.csv,True,False,False,1751928396.9543343,2934752.0990371704
70209,1751925462.2024658,1751928388.4082818,batch_consumer-sts-1_20250707_224629_303748.csv,True,False,False,1751928396.9543343,2934751.8684864044
70219,1751925462.2026982,1751928388.4310453,batch_consumer-sts-1_20250707_224629_303748.csv,True,False,False,1751928396.9543343,2934751.63602829
70229,1751925462.2029312,1751928388.4531064,batch_consumer-sts-1_20250707_224629_303748.csv,True,False,False,1751928396.9543343,2934751.403093338
70239,1751925462.203159,1751928388.4758382,batch_consumer-sts-1_20250707_224629_303748.csv,True,False,False,1751928396.9543343,2934751.1751651764
70249,1751925462.2033894,1751928388.5032606,batch_consumer-sts-1_20250707_224629_303748.csv,True,False,False,1751928396.9543343,2934750.944852829
70259,1751925462.203615,1751928388.5334926,batch_consumer-sts-1_20250707_224629_303748.csv,True,False,False,1751928396.9543343,2934750.719308853
70269,1751925462.2038453,1751928388.5608397,batch_consumer-sts-1_20250707_224629_303748.csv,True,False,False,1751928396.9543343,2934750.4889965057
70279,1751925462.2040696,1751928388.5882485,batch_consumer-sts-1_20250707_224629_303748.csv,True,False,False,1751928396.9543343,2934750.264644623
70289,1751925462.2042944,1751928388.6151288,batch_consumer-sts-1_20250707_224629_303748.csv,True,False,False,1751928396.9543343,2934750.0398159027
70299,1751925462.2045195,1751928388.6423793,batch_consumer-sts-1_20250707_224629_303748.csv,True,False,False,1751928396.9543343,2934749.814748764
70309,1751925462.2047455,1751928388.67005,batch_consumer-sts-1_20250707_224629_303748.csv,True,False,False,1751928396.9543343,2934749.588727951
70319,1751925462.2049742,1751928388.6972623,batch_consumer-sts-1_20250707_224629_303748.csv,True,False,False,1751928396.9543343,2934749.3600845337
70329,1751925462.205197,1751928388.7298408,batch_consumer-sts-1_20250707_224629_303748.csv,True,False,False,1751928396.9543343,2934749.137163162
70339,1751925462.2054243,1751928388.756617,batch_consumer-sts-1_20250707_224629_303748.csv,True,False,False,1751928396.9543343,2934748.9099502563
70349,1751925462.2056503,1751928388.7834704,batch_consumer-sts-1_20250707_224629_303748.csv,True,False,False,1751928396.9543343,2934748.6839294434
70359,1751925462.205876,1751928388.8056097,batch_consumer-sts-1_20250707_224629_303748.csv,True,False,False,1751928396.9543343,2934748.458147049
70369,1751925462.2061007,1751928388.8312106,batch_consumer-sts-1_20250707_224629_303748.csv,True,False,False,1751928396.9543343,2934748.2335567474
70379,1751925462.2063372,1751928388.8537946,batch_consumer-sts-1_20250707_224629_303748.csv,True,False,False,1751928396.9543343,2934747.997045517
70389,1751925462.206566,1751928388.8765826,batch_consumer-sts-1_20250707_224629_303748.csv,True,False,False,1751928396.9543343,2934747.768163681
70399,1751925462.2067957,1751928388.8989067,batch_consumer-sts-1_20250707_224629_303748.csv,True,False,False,1751928396.9543343,2934747.5385665894
70409,1751925462.2070296,1751928388.920792,batch_consumer-sts-1_20250707_224629_303748.csv,True,False,False,1751928396.9543343,2934747.3046779633
70419,1751925462.2072504,1751928388.9428751,batch_consumer-sts-1_20250707_224629_303748.csv,True,False,False,1751928396.9543343,2934747.083902359
70429,1751925462.2074792,1751928388.9650383,batch_consumer-sts-1_20250707_224629_303748.csv,True,False,False,1751928396.9543343,2934746.855020523
70439,1751925462.2077117,1751928388.9875498,batch_consumer-sts-1_20250707_224629_303748.csv,True,False,False,1751928396.9543343,2934746.6225624084
70449,1751925462.207937,1751928389.0101886,batch_consumer-sts-1_20250707_224629_303748.csv,True,False,False,1751928396.9543343,2934746.397256851
70459,1751925462.2081652,1751928389.0319169,batch_consumer-sts-1_20250707_224629_303748.csv,True,False,False,1751928396.9543343,2934746.169090271
70469,1751925462.2083907,1751928389.053682,batch_consumer-sts-1_20250707_224629_303748.csv,True,False,False,1751928396.9543343,2934745.943546295
70479,1751925462.2086174,1751928389.0760972,batch_consumer-sts-1_20250707_224629_303748.csv,True,False,False,1751928396.9543343,2934745.7168102264
70489,1751925462.2088425,1751928389.1013727,batch_consumer-sts-1_20250707_224629_303748.csv,True,False,False,1751928396.9543343,2934745.491743088
70499,1751925462.2090676,1751928389.123546,batch_consumer-sts-1_20250707_224629_303748.csv,True,False,False,1751928396.9543343,2934745.266675949
70509,1751925462.2092893,1751928389.1457045,batch_consumer-sts-1_20250707_224629_303748.csv,True,False,False,1751928396.9543343,2934745.0449466705
70519,1751925462.209521,1751928389.1677656,batch_consumer-sts-1_20250707_224629_303748.csv,True,False,False,1751928396.9543343,2934744.8132038116
70529,1751925462.2097464,1751928389.1911309,batch_consumer-sts-1_20250707_224629_303748.csv,True,False,False,1751928396.9543343,2934744.5878982544
71849,1751925462.2402935,1751928389.2134233,batch_consumer-sts-1_20250707_224629_303748.csv,True,False,False,1751928396.9543343,2934714.0407562256
71859,1751925462.2406108,1751928389.235769,batch_consumer-sts-1_20250707_224629_303748.csv,True,False,False,1751928396.9543343,2934713.723421097
71869,1751925462.240909,1751928389.2576392,batch_consumer-sts-1_20250707_224629_303748.csv,True,False,False,1751928396.9543343,2934713.4251594543
71879,1751925462.2412038,1751928389.2795458,batch_consumer-sts-1_20250707_224629_303748.csv,True,False,False,1751928396.9543343,2934713.1304740906
