index,producer_timestamp,consumer_receive_timestamp,source_file,is_late,is_out_of_order,is_duplicate,merge_timestamp,end_to_end_delay_ms
39,1751924720.8773851,1751924732.3040826,batch_consumer-sts-0_20250707_214536_828236.csv,True,False,False,1751924909.8894963,189012.1111869812
49,1751924720.877929,1751924732.3326974,batch_consumer-sts-0_20250707_214536_828236.csv,True,False,False,1751924909.8894963,189011.56735420227
59,1751924720.8784103,1751924732.361015,batch_consumer-sts-0_20250707_214536_828236.csv,True,False,False,1751924909.8894963,189011.08598709106
69,1751924720.8788671,1751924732.389465,batch_consumer-sts-0_20250707_214536_828236.csv,True,False,False,1751924909.8894963,189010.6291770935
79,1751924720.879315,1751924732.416911,batch_consumer-sts-0_20250707_214536_828236.csv,True,False,False,1751924909.8894963,189010.18142700195
89,1751924720.8797617,1751924732.445302,batch_consumer-sts-0_20250707_214536_828236.csv,True,False,False,1751924909.8894963,189009.73463058472
99,1751924720.8802123,1751924733.1350431,batch_consumer-sts-0_20250707_214536_828236.csv,True,False,False,1751924909.8894963,189009.28401947021
109,1751924720.880655,1751924733.1631565,batch_consumer-sts-0_20250707_214536_828236.csv,True,False,False,1751924909.8894963,189008.84127616882
119,1751924720.881091,1751924733.1910355,batch_consumer-sts-0_20250707_214536_828236.csv,True,False,False,1751924909.8894963,189008.40520858765
129,1751924720.8815367,1751924733.2181363,batch_consumer-sts-0_20250707_214536_828236.csv,True,False,False,1751924909.8894963,189007.9596042633
139,1751924720.8819883,1751924733.2458591,batch_consumer-sts-0_20250707_214536_828236.csv,True,False,False,1751924909.8894963,189007.5080394745
149,1751924720.8824651,1751924733.2740326,batch_consumer-sts-0_20250707_214536_828236.csv,True,False,False,1751924909.8894963,189007.03120231628
159,1751924720.8829362,1751924733.3022652,batch_consumer-sts-0_20250707_214536_828236.csv,True,False,False,1751924909.8894963,189006.56008720398
169,1751924720.8833945,1751924733.330495,batch_consumer-sts-0_20250707_214536_828236.csv,True,False,False,1751924909.8894963,189006.10184669495
179,1751924720.8838384,1751924733.3584676,batch_consumer-sts-0_20250707_214536_828236.csv,True,False,False,1751924909.8894963,189005.65791130066
189,1751924720.884313,1751924733.3866775,batch_consumer-sts-0_20250707_214536_828236.csv,True,False,False,1751924909.8894963,189005.18321990967
199,1751924720.8847828,1751924733.41428,batch_consumer-sts-0_20250707_214536_828236.csv,True,False,False,1751924909.8894963,189004.71353530884
209,1751924720.885234,1751924733.4465065,batch_consumer-sts-0_20250707_214536_828236.csv,True,False,False,1751924909.8894963,189004.2622089386
219,1751924720.885698,1751924733.4755754,batch_consumer-sts-0_20250707_214536_828236.csv,True,False,False,1751924909.8894963,189003.79824638367
229,1751924720.8861885,1751924733.5049467,batch_consumer-sts-0_20250707_214536_828236.csv,True,False,False,1751924909.8894963,189003.30781936646
239,1751924720.886656,1751924733.5351632,batch_consumer-sts-0_20250707_214536_828236.csv,True,False,False,1751924909.8894963,189002.84028053284
249,1751924720.8871083,1751924733.5642302,batch_consumer-sts-0_20250707_214536_828236.csv,True,False,False,1751924909.8894963,189002.38800048828
259,1751924720.8875692,1751924733.5925727,batch_consumer-sts-0_20250707_214536_828236.csv,True,False,False,1751924909.8894963,189001.92713737488
269,1751924720.8880122,1751924733.620182,batch_consumer-sts-0_20250707_214536_828236.csv,True,False,False,1751924909.8894963,189001.4841556549
279,1751924720.8884616,1751924733.6475172,batch_consumer-sts-0_20250707_214536_828236.csv,True,False,False,1751924909.8894963,189001.0347366333
289,1751924720.888888,1751924733.6757064,batch_consumer-sts-0_20250707_214536_828236.csv,True,False,False,1751924909.8894963,189000.60844421387
299,1751924720.8892555,1751924733.7037847,batch_consumer-sts-0_20250707_214536_828236.csv,True,False,False,1751924909.8894963,189000.2408027649
309,1751924720.8896246,1751924733.7322416,batch_consumer-sts-0_20250707_214536_828236.csv,True,False,False,1751924909.8894963,188999.87173080444
319,1751924720.89003,1751924733.759358,batch_consumer-sts-0_20250707_214536_828236.csv,True,False,False,1751924909.8894963,188999.46641921997
329,1751924720.890531,1751924733.7864375,batch_consumer-sts-0_20250707_214536_828236.csv,True,False,False,1751924909.8894963,188998.9652633667
339,1751924720.8909938,1751924733.8140724,batch_consumer-sts-0_20250707_214536_828236.csv,True,False,False,1751924909.8894963,188998.50249290466
349,1751924720.8914926,1751924733.8425586,batch_consumer-sts-0_20250707_214536_828236.csv,True,False,False,1751924909.8894963,188998.00372123718
359,1751924720.8919363,1751924733.8704352,batch_consumer-sts-0_20250707_214536_828236.csv,True,False,False,1751924909.8894963,188997.56002426147
369,1751924720.892378,1751924733.8987317,batch_consumer-sts-0_20250707_214536_828236.csv,True,False,False,1751924909.8894963,188997.1182346344
379,1751924720.892849,1751924733.9269223,batch_consumer-sts-0_20250707_214536_828236.csv,True,False,False,1751924909.8894963,188996.64735794067
389,1751924720.8933115,1751924733.9557347,batch_consumer-sts-0_20250707_214536_828236.csv,True,False,False,1751924909.8894963,188996.18482589722
399,1751924720.8937633,1751924733.9842038,batch_consumer-sts-0_20250707_214536_828236.csv,True,False,False,1751924909.8894963,188995.73302268982
409,1751924720.8942392,1751924734.011375,batch_consumer-sts-0_20250707_214536_828236.csv,True,False,False,1751924909.8894963,188995.25713920593
419,1751924720.894676,1751924734.041005,batch_consumer-sts-0_20250707_214536_828236.csv,True,False,False,1751924909.8894963,188994.82035636902
429,1751924720.8951302,1751924734.0699558,batch_consumer-sts-0_20250707_214536_828236.csv,True,False,False,1751924909.8894963,188994.36616897583
439,1751924720.895581,1751924734.0983295,batch_consumer-sts-0_20250707_214536_828236.csv,True,False,False,1751924909.8894963,188993.91531944275
449,1751924720.8960357,1751924734.1264338,batch_consumer-sts-0_20250707_214536_828236.csv,True,False,False,1751924909.8894963,188993.4606552124
459,1751924720.8964732,1751924734.1544237,batch_consumer-sts-0_20250707_214536_828236.csv,True,False,False,1751924909.8894963,188993.02315711975
469,1751924720.896946,1751924734.687453,batch_consumer-sts-0_20250707_214536_828236.csv,True,False,False,1751924909.8894963,188992.5503730774
479,1751924720.897395,1751924734.7146196,batch_consumer-sts-0_20250707_214536_828236.csv,True,False,False,1751924909.8894963,188992.10143089294
489,1751924720.8978295,1751924734.7425857,batch_consumer-sts-0_20250707_214536_828236.csv,True,False,False,1751924909.8894963,188991.66679382324
499,1751924720.8982751,1751924734.7711265,batch_consumer-sts-0_20250707_214536_828236.csv,True,False,False,1751924909.8894963,188991.2211894989
509,1751924720.8987298,1751924734.7994294,batch_consumer-sts-0_20250707_214536_828236.csv,True,False,False,1751924909.8894963,188990.76652526855
519,1751924720.899167,1751924734.8273754,batch_consumer-sts-0_20250707_214536_828236.csv,True,False,False,1751924909.8894963,188990.32926559448
529,1751924720.8996086,1751924734.85567,batch_consumer-sts-0_20250707_214536_828236.csv,True,False,False,1751924909.8894963,188989.887714386
539,1751924720.900081,1751924734.8840492,batch_consumer-sts-0_20250707_214536_828236.csv,True,False,False,1751924909.8894963,188989.4154071808
549,1751924720.9005277,1751924734.9116435,batch_consumer-sts-0_20250707_214536_828236.csv,True,False,False,1751924909.8894963,188988.96861076355
559,1751924720.9009852,1751924734.9400873,batch_consumer-sts-0_20250707_214536_828236.csv,True,False,False,1751924909.8894963,188988.51108551025
569,1751924720.901436,1751924734.9672089,batch_consumer-sts-0_20250707_214536_828236.csv,True,False,False,1751924909.8894963,188988.06023597717
579,1751924720.9018989,1751924734.995082,batch_consumer-sts-0_20250707_214536_828236.csv,True,False,False,1751924909.8894963,188987.59746551514
589,1751924720.9024734,1751924735.0225108,batch_consumer-sts-0_20250707_214536_828236.csv,True,False,False,1751924909.8894963,188987.0228767395
599,1751924720.902933,1751924735.052651,batch_consumer-sts-0_20250707_214536_828236.csv,True,False,False,1751924909.8894963,188986.56344413757
609,1751924720.9034183,1751924735.0807998,batch_consumer-sts-0_20250707_214536_828236.csv,True,False,False,1751924909.8894963,188986.07802391052
619,1751924720.903854,1751924735.1088824,batch_consumer-sts-0_20250707_214536_828236.csv,True,False,False,1751924909.8894963,188985.6424331665
629,1751924720.9042287,1751924735.136587,batch_consumer-sts-0_20250707_214536_828236.csv,True,False,False,1751924909.8894963,188985.26763916016
639,1751924720.9045916,1751924735.1650734,batch_consumer-sts-0_20250707_214536_828236.csv,True,False,False,1751924909.8894963,188984.90476608276
649,1751924720.9049592,1751924735.191979,batch_consumer-sts-0_20250707_214536_828236.csv,True,False,False,1751924909.8894963,188984.5371246338
659,1751924720.9053383,1751924735.219176,batch_consumer-sts-0_20250707_214536_828236.csv,True,False,False,1751924909.8894963,188984.15803909302
669,1751924720.9058614,1751924735.246646,batch_consumer-sts-0_20250707_214536_828236.csv,True,False,False,1751924909.8894963,188983.63494873047
679,1751924720.9063427,1751924735.275056,batch_consumer-sts-0_20250707_214536_828236.csv,True,False,False,1751924909.8894963,188983.15358161926
689,1751924720.9067774,1751924735.303275,batch_consumer-sts-0_20250707_214536_828236.csv,True,False,False,1751924909.8894963,188982.71894454956
699,1751924720.9072227,1751924735.331946,batch_consumer-sts-0_20250707_214536_828236.csv,True,False,False,1751924909.8894963,188982.2735786438
709,1751924720.907658,1751924735.360361,batch_consumer-sts-0_20250707_214536_828236.csv,True,False,False,1751924909.8894963,188981.83822631836
719,1751924720.908084,1751924735.3890305,batch_consumer-sts-0_20250707_214536_828236.csv,True,False,False,1751924909.8894963,188981.41241073608
729,1751924720.9085386,1751924735.4163342,batch_consumer-sts-0_20250707_214536_828236.csv,True,False,False,1751924909.8894963,188980.95774650574
739,1751924720.9089978,1751924735.444288,batch_consumer-sts-0_20250707_214536_828236.csv,True,False,False,1751924909.8894963,188980.4985523224
749,1751924720.9094436,1751924735.4726293,batch_consumer-sts-0_20250707_214536_828236.csv,True,False,False,1751924909.8894963,188980.05270957947
759,1751924720.9098957,1751924735.50078,batch_consumer-sts-0_20250707_214536_828236.csv,True,False,False,1751924909.8894963,188979.6006679535
769,1751924720.910343,1751924735.528898,batch_consumer-sts-0_20250707_214536_828236.csv,True,False,False,1751924909.8894963,188979.1533946991
779,1751924720.9107969,1751924735.5567477,batch_consumer-sts-0_20250707_214536_828236.csv,True,False,False,1751924909.8894963,188978.6994457245
789,1751924720.9112484,1751924735.584856,batch_consumer-sts-0_20250707_214536_828236.csv,True,False,False,1751924909.8894963,188978.24788093567
799,1751924720.9116902,1751924735.61229,batch_consumer-sts-0_20250707_214536_828236.csv,True,False,False,1751924909.8894963,188977.8060913086
809,1751924720.912137,1751924735.640609,batch_consumer-sts-0_20250707_214536_828236.csv,True,False,False,1751924909.8894963,188977.35929489136
819,1751924720.9125743,1751924735.669192,batch_consumer-sts-0_20250707_214536_828236.csv,True,False,False,1751924909.8894963,188976.92203521729
829,1751924720.9130187,1751924735.697342,batch_consumer-sts-0_20250707_214536_828236.csv,True,False,False,1751924909.8894963,188976.47762298584
839,1751924720.913468,1751924735.728105,batch_consumer-sts-0_20250707_214536_828236.csv,True,False,False,1751924909.8894963,188976.0284423828
849,1751924720.9139264,1751924735.7552156,batch_consumer-sts-0_20250707_214536_828236.csv,True,False,False,1751924909.8894963,188975.5699634552
859,1751924720.9144094,1751924735.7869227,batch_consumer-sts-0_20250707_214536_828236.csv,True,False,False,1751924909.8894963,188975.08692741394
869,1751924720.9148688,1751924735.8147712,batch_consumer-sts-0_20250707_214536_828236.csv,True,False,False,1751924909.8894963,188974.627494812
879,1751924720.9153166,1751924735.8430758,batch_consumer-sts-0_20250707_214536_828236.csv,True,False,False,1751924909.8894963,188974.17974472046
889,1751924720.915777,1751924735.8722427,batch_consumer-sts-0_20250707_214536_828236.csv,True,False,False,1751924909.8894963,188973.7193584442
899,1751924720.9162295,1751924735.900382,batch_consumer-sts-0_20250707_214536_828236.csv,True,False,False,1751924909.8894963,188973.26683998108
909,1751924720.916672,1751924735.9306056,batch_consumer-sts-0_20250707_214536_828236.csv,True,False,False,1751924909.8894963,188972.82433509827
919,1751924720.9171124,1751924735.9637964,batch_consumer-sts-0_20250707_214536_828236.csv,True,False,False,1751924909.8894963,188972.38397598267
929,1751924720.9175706,1751924735.9922044,batch_consumer-sts-0_20250707_214536_828236.csv,True,False,False,1751924909.8894963,188971.92573547363
939,1751924720.9179342,1751924736.0195596,batch_consumer-sts-0_20250707_214536_828236.csv,True,False,False,1751924909.8894963,188971.5621471405
949,1751924720.918379,1751924736.0477118,batch_consumer-sts-0_20250707_214536_828236.csv,True,False,False,1751924909.8894963,188971.1172580719
959,1751924720.9188356,1751924736.0755548,batch_consumer-sts-0_20250707_214536_828236.csv,True,False,False,1751924909.8894963,188970.66068649292
969,1751924720.9192896,1751924736.1034074,batch_consumer-sts-0_20250707_214536_828236.csv,True,False,False,1751924909.8894963,188970.2067375183
979,1751924720.9197228,1751924736.1316028,batch_consumer-sts-0_20250707_214536_828236.csv,True,False,False,1751924909.8894963,188969.77353096008
989,1751924720.9201748,1751924736.1597178,batch_consumer-sts-0_20250707_214536_828236.csv,True,False,False,1751924909.8894963,188969.3214893341
999,1751924720.9206202,1751924736.1883883,batch_consumer-sts-0_20250707_214536_828236.csv,True,False,False,1751924909.8894963,188968.87612342834
1009,1751924720.9210918,1751924736.7397766,batch_consumer-sts-0_20250707_214536_828236.csv,True,False,False,1751924909.8894963,188968.40453147888
1019,1751924720.921538,1751924736.7717438,batch_consumer-sts-0_20250707_214536_828236.csv,True,False,False,1751924909.8894963,188967.9582118988
1029,1751924720.9219787,1751924736.8000124,batch_consumer-sts-0_20250707_214536_828236.csv,True,False,False,1751924909.8894963,188967.51761436462
1039,1751924720.922429,1751924738.022957,batch_consumer-sts-0_20250707_214541_131386.csv,True,False,False,1751924909.8894963,188967.0672416687
1049,1751924720.9228604,1751924738.0512154,batch_consumer-sts-0_20250707_214541_131386.csv,True,False,False,1751924909.8894963,188966.6359424591
1059,1751924720.9233017,1751924738.0793734,batch_consumer-sts-0_20250707_214541_131386.csv,True,False,False,1751924909.8894963,188966.1946296692
1069,1751924720.9237309,1751924738.10717,batch_consumer-sts-0_20250707_214541_131386.csv,True,False,False,1751924909.8894963,188965.7654762268
1079,1751924720.9241543,1751924738.17113,batch_consumer-sts-0_20250707_214541_131386.csv,True,False,False,1751924909.8894963,188965.34204483032
1089,1751924720.924569,1751924738.1999545,batch_consumer-sts-0_20250707_214541_131386.csv,True,False,False,1751924909.8894963,188964.92743492126
1099,1751924720.9250154,1751924738.2278693,batch_consumer-sts-0_20250707_214541_131386.csv,True,False,False,1751924909.8894963,188964.4808769226
1109,1751924720.925472,1751924738.256017,batch_consumer-sts-0_20250707_214541_131386.csv,True,False,False,1751924909.8894963,188964.02430534363
1119,1751924720.9258995,1751924738.2840428,batch_consumer-sts-0_20250707_214541_131386.csv,True,False,False,1751924909.8894963,188963.5968208313
1129,1751924720.9263425,1751924738.3117275,batch_consumer-sts-0_20250707_214541_131386.csv,True,False,False,1751924909.8894963,188963.15383911133
1139,1751924720.926774,1751924738.339558,batch_consumer-sts-0_20250707_214541_131386.csv,True,False,False,1751924909.8894963,188962.72230148315
1149,1751924720.9271965,1751924738.367667,batch_consumer-sts-0_20250707_214541_131386.csv,True,False,False,1751924909.8894963,188962.299823761
1159,1751924720.9276335,1751924738.3980129,batch_consumer-sts-0_20250707_214541_131386.csv,True,False,False,1751924909.8894963,188961.8628025055
1169,1751924720.9280908,1751924738.4258184,batch_consumer-sts-0_20250707_214541_131386.csv,True,False,False,1751924909.8894963,188961.40551567078
1179,1751924720.9285426,1751924738.4539046,batch_consumer-sts-0_20250707_214541_131386.csv,True,False,False,1751924909.8894963,188960.95371246338
1189,1751924720.9289775,1751924738.4818623,batch_consumer-sts-0_20250707_214541_131386.csv,True,False,False,1751924909.8894963,188960.5188369751
1199,1751924720.9294186,1751924738.5092714,batch_consumer-sts-0_20250707_214541_131386.csv,True,False,False,1751924909.8894963,188960.07776260376
1209,1751924720.929853,1751924738.537192,batch_consumer-sts-0_20250707_214541_131386.csv,True,False,False,1751924909.8894963,188959.64336395264
1219,1751924720.930304,1751924738.566308,batch_consumer-sts-0_20250707_214541_131386.csv,True,False,False,1751924909.8894963,188959.19227600098
1229,1751924720.9307518,1751924738.594784,batch_consumer-sts-0_20250707_214541_131386.csv,True,False,False,1751924909.8894963,188958.74452590942
1239,1751924720.9311836,1751924738.6218448,batch_consumer-sts-0_20250707_214541_131386.csv,True,False,False,1751924909.8894963,188958.31274986267
1249,1751924720.9318492,1751924738.6497295,batch_consumer-sts-0_20250707_214541_131386.csv,True,False,False,1751924909.8894963,188957.64708518982
1259,1751924720.932303,1751924738.677661,batch_consumer-sts-0_20250707_214541_131386.csv,True,False,False,1751924909.8894963,188957.1933746338
1269,1751924720.932755,1751924738.7048595,batch_consumer-sts-0_20250707_214541_131386.csv,True,False,False,1751924909.8894963,188956.7413330078
1279,1751924720.9332068,1751924738.7338178,batch_consumer-sts-0_20250707_214541_131386.csv,True,False,False,1751924909.8894963,188956.28952980042
1289,1751924720.9336452,1751924738.7620213,batch_consumer-sts-0_20250707_214541_131386.csv,True,False,False,1751924909.8894963,188955.85107803345
1299,1751924720.934086,1751924738.790963,batch_consumer-sts-0_20250707_214541_131386.csv,True,False,False,1751924909.8894963,188955.4102420807
1309,1751924720.9345436,1751924738.8185587,batch_consumer-sts-0_20250707_214541_131386.csv,True,False,False,1751924909.8894963,188954.9527168274
1319,1751924720.9350028,1751924738.8475225,batch_consumer-sts-0_20250707_214541_131386.csv,True,False,False,1751924909.8894963,188954.49352264404
1329,1751924720.9355054,1751924738.875877,batch_consumer-sts-0_20250707_214541_131386.csv,True,False,False,1751924909.8894963,188953.9909362793
1339,1751924720.935944,1751924738.9036305,batch_consumer-sts-0_20250707_214541_131386.csv,True,False,False,1751924909.8894963,188953.55224609375
1349,1751924720.936397,1751924738.9320314,batch_consumer-sts-0_20250707_214541_131386.csv,True,False,False,1751924909.8894963,188953.09925079346
1359,1751924720.9368348,1751924738.9601564,batch_consumer-sts-0_20250707_214541_131386.csv,True,False,False,1751924909.8894963,188952.66151428223
1369,1751924720.9373033,1751924738.9873035,batch_consumer-sts-0_20250707_214541_131386.csv,True,False,False,1751924909.8894963,188952.1930217743
1379,1751924720.9377472,1751924739.0147784,batch_consumer-sts-0_20250707_214541_131386.csv,True,False,False,1751924909.8894963,188951.74908638
1389,1751924720.9384255,1751924739.04293,batch_consumer-sts-0_20250707_214541_131386.csv,True,False,False,1751924909.8894963,188951.07078552246
1399,1751924720.9388602,1751924739.0733397,batch_consumer-sts-0_20250707_214541_131386.csv,True,False,False,1751924909.8894963,188950.63614845276
1409,1751924720.9393003,1751924739.1013582,batch_consumer-sts-0_20250707_214541_131386.csv,True,False,False,1751924909.8894963,188950.19602775574
1419,1751924720.939733,1751924739.129274,batch_consumer-sts-0_20250707_214541_131386.csv,True,False,False,1751924909.8894963,188949.76329803467
1429,1751924720.940181,1751924739.1572587,batch_consumer-sts-0_20250707_214541_131386.csv,True,False,False,1751924909.8894963,188949.31530952454
1439,1751924720.9406238,1751924739.1838171,batch_consumer-sts-0_20250707_214541_131386.csv,True,False,False,1751924909.8894963,188948.87256622314
1449,1751924720.941065,1751924739.211495,batch_consumer-sts-0_20250707_214541_131386.csv,True,False,False,1751924909.8894963,188948.43125343323
1459,1751924720.941506,1751924739.238858,batch_consumer-sts-0_20250707_214541_131386.csv,True,False,False,1751924909.8894963,188947.99041748047
1469,1751924720.9419675,1751924739.2665555,batch_consumer-sts-0_20250707_214541_131386.csv,True,False,False,1751924909.8894963,188947.52883911133
1479,1751924720.9424393,1751924739.406253,batch_consumer-sts-0_20250707_214541_131386.csv,True,False,False,1751924909.8894963,188947.0570087433
1489,1751924720.9428868,1751924739.434161,batch_consumer-sts-0_20250707_214541_131386.csv,True,False,False,1751924909.8894963,188946.6094970703
1499,1751924720.9433296,1751924739.463902,batch_consumer-sts-0_20250707_214541_131386.csv,True,False,False,1751924909.8894963,188946.16675376892
1509,1751924720.943741,1751924739.491879,batch_consumer-sts-0_20250707_214541_131386.csv,True,False,False,1751924909.8894963,188945.7552433014
1519,1751924720.9440832,1751924739.5191984,batch_consumer-sts-0_20250707_214541_131386.csv,True,False,False,1751924909.8894963,188945.41311264038
1529,1751924720.9444818,1751924739.5471957,batch_consumer-sts-0_20250707_214541_131386.csv,True,False,False,1751924909.8894963,188945.01447677612
1539,1751924720.9449832,1751924739.575094,batch_consumer-sts-0_20250707_214541_131386.csv,True,False,False,1751924909.8894963,188944.51308250427
1549,1751924720.9454055,1751924739.603168,batch_consumer-sts-0_20250707_214541_131386.csv,True,False,False,1751924909.8894963,188944.09084320068
1559,1751924720.9458463,1751924739.631304,batch_consumer-sts-0_20250707_214541_131386.csv,True,False,False,1751924909.8894963,188943.65000724792
1569,1751924720.946302,1751924739.6591878,batch_consumer-sts-0_20250707_214541_131386.csv,True,False,False,1751924909.8894963,188943.19438934326
1579,1751924720.9467344,1751924739.6901238,batch_consumer-sts-0_20250707_214541_131386.csv,True,False,False,1751924909.8894963,188942.76189804077
1589,1751924720.9471753,1751924739.7171924,batch_consumer-sts-0_20250707_214541_131386.csv,True,False,False,1751924909.8894963,188942.321062088
1599,1751924720.9476287,1751924739.7451482,batch_consumer-sts-0_20250707_214541_131386.csv,True,False,False,1751924909.8894963,188941.86758995056
1609,1751924720.9480689,1751924739.7729132,batch_consumer-sts-0_20250707_214541_131386.csv,True,False,False,1751924909.8894963,188941.42746925354
1619,1751924720.9485035,1751924739.801695,batch_consumer-sts-0_20250707_214541_131386.csv,True,False,False,1751924909.8894963,188940.99283218384
1629,1751924720.9489465,1751924739.8303862,batch_consumer-sts-0_20250707_214541_131386.csv,True,False,False,1751924909.8894963,188940.54985046387
1639,1751924720.949407,1751924739.8590496,batch_consumer-sts-0_20250707_214541_131386.csv,True,False,False,1751924909.8894963,188940.08922576904
1649,1751924720.9498324,1751924739.891909,batch_consumer-sts-0_20250707_214541_131386.csv,True,False,False,1751924909.8894963,188939.66388702393
1659,1751924720.9502916,1751924739.919419,batch_consumer-sts-0_20250707_214541_131386.csv,True,False,False,1751924909.8894963,188939.20469284058
1669,1751924720.95071,1751924739.9476953,batch_consumer-sts-0_20250707_214541_131386.csv,True,False,False,1751924909.8894963,188938.78626823425
1679,1751924720.95114,1751924739.9760988,batch_consumer-sts-0_20250707_214541_131386.csv,True,False,False,1751924909.8894963,188938.35639953613
1689,1751924720.95158,1751924740.0053253,batch_consumer-sts-0_20250707_214541_131386.csv,True,False,False,1751924909.8894963,188937.9162788391
1699,1751924720.9520097,1751924740.0364766,batch_consumer-sts-0_20250707_214541_131386.csv,True,False,False,1751924909.8894963,188937.48664855957
1709,1751924720.9524405,1751924740.0648637,batch_consumer-sts-0_20250707_214541_131386.csv,True,False,False,1751924909.8894963,188937.05582618713
1719,1751924720.95286,1751924740.092672,batch_consumer-sts-0_20250707_214541_131386.csv,True,False,False,1751924909.8894963,188936.63620948792
1729,1751924720.953282,1751924740.1202786,batch_consumer-sts-0_20250707_214541_131386.csv,True,False,False,1751924909.8894963,188936.2142086029
1739,1751924720.9537346,1751924740.148646,batch_consumer-sts-0_20250707_214541_131386.csv,True,False,False,1751924909.8894963,188935.76169013977
1749,1751924720.9541788,1751924740.1769855,batch_consumer-sts-0_20250707_214541_131386.csv,True,False,False,1751924909.8894963,188935.3175163269
1759,1751924720.954612,1751924740.20468,batch_consumer-sts-0_20250707_214541_131386.csv,True,False,False,1751924909.8894963,188934.88430976868
1769,1751924720.955037,1751924740.23236,batch_consumer-sts-0_20250707_214541_131386.csv,True,False,False,1751924909.8894963,188934.45920944214
1779,1751924720.9554744,1751924740.260455,batch_consumer-sts-0_20250707_214541_131386.csv,True,False,False,1751924909.8894963,188934.02194976807
1789,1751924720.955897,1751924740.2884145,batch_consumer-sts-0_20250707_214541_131386.csv,True,False,False,1751924909.8894963,188933.59923362732
1799,1751924720.9562964,1751924740.3155131,batch_consumer-sts-0_20250707_214541_131386.csv,True,False,False,1751924909.8894963,188933.19988250732
1809,1751924720.956655,1751924740.3434358,batch_consumer-sts-0_20250707_214541_131386.csv,True,False,False,1751924909.8894963,188932.84130096436
1819,1751924720.9570072,1751924740.3714004,batch_consumer-sts-0_20250707_214541_131386.csv,True,False,False,1751924909.8894963,188932.48915672302
1829,1751924720.957401,1751924740.3998692,batch_consumer-sts-0_20250707_214541_131386.csv,True,False,False,1751924909.8894963,188932.09528923035
1839,1751924720.9578369,1751924740.4315186,batch_consumer-sts-0_20250707_214541_131386.csv,True,False,False,1751924909.8894963,188931.65946006775
1849,1751924720.9582758,1751924740.4593754,batch_consumer-sts-0_20250707_214541_131386.csv,True,False,False,1751924909.8894963,188931.22053146362
1859,1751924720.958702,1751924740.4873335,batch_consumer-sts-0_20250707_214541_131386.csv,True,False,False,1751924909.8894963,188930.7942390442
1869,1751924720.959147,1751924740.5146048,batch_consumer-sts-0_20250707_214541_131386.csv,True,False,False,1751924909.8894963,188930.3493499756
1879,1751924720.9595954,1751924740.5423045,batch_consumer-sts-0_20250707_214541_131386.csv,True,False,False,1751924909.8894963,188929.9008846283
1889,1751924720.9600325,1751924740.5722325,batch_consumer-sts-0_20250707_214541_131386.csv,True,False,False,1751924909.8894963,188929.4638633728
1899,1751924720.9604638,1751924740.6001737,batch_consumer-sts-0_20250707_214541_131386.csv,True,False,False,1751924909.8894963,188929.0325641632
1909,1751924720.960897,1751924740.62721,batch_consumer-sts-0_20250707_214541_131386.csv,True,False,False,1751924909.8894963,188928.59935760498
1919,1751924720.9613478,1751924740.6543896,batch_consumer-sts-0_20250707_214541_131386.csv,True,False,False,1751924909.8894963,188928.1485080719
1929,1751924720.9617903,1751924740.6827352,batch_consumer-sts-0_20250707_214541_131386.csv,True,False,False,1751924909.8894963,188927.7060031891
1939,1751924720.9623687,1751924740.7101142,batch_consumer-sts-0_20250707_214541_131386.csv,True,False,False,1751924909.8894963,188927.1275997162
1949,1751924720.9628294,1751924740.7412286,batch_consumer-sts-0_20250707_214541_131386.csv,True,False,False,1751924909.8894963,188926.66697502136
1959,1751924720.9632645,1751924740.7707677,batch_consumer-sts-0_20250707_214541_131386.csv,True,False,False,1751924909.8894963,188926.2318611145
1969,1751924720.963695,1751924740.8000112,batch_consumer-sts-0_20250707_214541_131386.csv,True,False,False,1751924909.8894963,188925.80127716064
1979,1751924720.9641497,1751924740.8281777,batch_consumer-sts-0_20250707_214541_131386.csv,True,False,False,1751924909.8894963,188925.3466129303
1989,1751924720.9646084,1751924740.85492,batch_consumer-sts-0_20250707_214541_131386.csv,True,False,False,1751924909.8894963,188924.8878955841
1999,1751924720.965075,1751924741.0211103,batch_consumer-sts-0_20250707_214541_131386.csv,True,False,False,1751924909.8894963,188924.4213104248
2009,1751924720.9655254,1751924741.0478077,batch_consumer-sts-0_20250707_214541_131386.csv,True,False,False,1751924909.8894963,188923.97093772888
2019,1751924720.9659524,1751924741.0754132,batch_consumer-sts-0_20250707_214541_131386.csv,True,False,False,1751924909.8894963,188923.5439300537
2029,1751924720.9663904,1751924741.103204,batch_consumer-sts-0_20250707_214541_131386.csv,True,False,False,1751924909.8894963,188923.1059551239
2039,1751924720.9668384,1751924741.3862226,batch_consumer-sts-0_20250707_214545_599575.csv,True,False,False,1751924909.8894963,188922.65796661377
2049,1751924720.9672737,1751924741.499268,batch_consumer-sts-0_20250707_214545_599575.csv,True,False,False,1751924909.8894963,188922.22261428833
2059,1751924720.9677055,1751924741.5297165,batch_consumer-sts-0_20250707_214545_599575.csv,True,False,False,1751924909.8894963,188921.79083824158
2069,1751924720.968125,1751924741.5587096,batch_consumer-sts-0_20250707_214545_599575.csv,True,False,False,1751924909.8894963,188921.37122154236
2079,1751924720.968569,1751924741.5869117,batch_consumer-sts-0_20250707_214545_599575.csv,True,False,False,1751924909.8894963,188920.92728614807
2089,1751924720.9690044,1751924741.615513,batch_consumer-sts-0_20250707_214545_599575.csv,True,False,False,1751924909.8894963,188920.49193382263
2099,1751924720.9694324,1751924741.646885,batch_consumer-sts-0_20250707_214545_599575.csv,True,False,False,1751924909.8894963,188920.06397247314
2109,1751924720.9698694,1751924741.6749582,batch_consumer-sts-0_20250707_214545_599575.csv,True,False,False,1751924909.8894963,188919.62695121765
2119,1751924720.970312,1751924741.7028232,batch_consumer-sts-0_20250707_214545_599575.csv,True,False,False,1751924909.8894963,188919.18420791626
2129,1751924720.970743,1751924741.7307427,batch_consumer-sts-0_20250707_214545_599575.csv,True,False,False,1751924909.8894963,188918.75338554382
2139,1751924720.9712162,1751924741.7584517,batch_consumer-sts-0_20250707_214545_599575.csv,True,False,False,1751924909.8894963,188918.2801246643
2149,1751924720.9716084,1751924741.7865613,batch_consumer-sts-0_20250707_214545_599575.csv,True,False,False,1751924909.8894963,188917.88792610168
2159,1751924720.971956,1751924741.8140185,batch_consumer-sts-0_20250707_214545_599575.csv,True,False,False,1751924909.8894963,188917.54031181335
2169,1751924720.9723454,1751924741.8425283,batch_consumer-sts-0_20250707_214545_599575.csv,True,False,False,1751924909.8894963,188917.15097427368
2179,1751924720.97287,1751924741.8700256,batch_consumer-sts-0_20250707_214545_599575.csv,True,False,False,1751924909.8894963,188916.62621498108
2189,1751924720.9732902,1751924741.897274,batch_consumer-sts-0_20250707_214545_599575.csv,True,False,False,1751924909.8894963,188916.2061214447
2199,1751924720.9737177,1751924741.924642,batch_consumer-sts-0_20250707_214545_599575.csv,True,False,False,1751924909.8894963,188915.77863693237
2209,1751924720.974189,1751924741.9521513,batch_consumer-sts-0_20250707_214545_599575.csv,True,False,False,1751924909.8894963,188915.3072834015
2219,1751924720.974637,1751924741.9795475,batch_consumer-sts-0_20250707_214545_599575.csv,True,False,False,1751924909.8894963,188914.85929489136
2229,1751924720.975067,1751924742.0069425,batch_consumer-sts-0_20250707_214545_599575.csv,True,False,False,1751924909.8894963,188914.42942619324
2239,1751924720.9755073,1751924743.038298,batch_consumer-sts-0_20250707_214545_599575.csv,True,False,False,1751924909.8894963,188913.98906707764
2249,1751924720.9759526,1751924743.0661323,batch_consumer-sts-0_20250707_214545_599575.csv,True,False,False,1751924909.8894963,188913.54370117188
2259,1751924720.9764185,1751924743.0938609,batch_consumer-sts-0_20250707_214545_599575.csv,True,False,False,1751924909.8894963,188913.0778312683
2269,1751924720.9768815,1751924743.1205494,batch_consumer-sts-0_20250707_214545_599575.csv,True,False,False,1751924909.8894963,188912.6148223877
2279,1751924720.9773252,1751924743.1480613,batch_consumer-sts-0_20250707_214545_599575.csv,True,False,False,1751924909.8894963,188912.171125412
2289,1751924720.977783,1751924743.1757157,batch_consumer-sts-0_20250707_214545_599575.csv,True,False,False,1751924909.8894963,188911.7133617401
2299,1751924720.978236,1751924743.2037897,batch_consumer-sts-0_20250707_214545_599575.csv,True,False,False,1751924909.8894963,188911.26036643982
2309,1751924720.9787586,1751924743.2311687,batch_consumer-sts-0_20250707_214545_599575.csv,True,False,False,1751924909.8894963,188910.73775291443
2319,1751924720.9792285,1751924743.2587893,batch_consumer-sts-0_20250707_214545_599575.csv,True,False,False,1751924909.8894963,188910.26782989502
2329,1751924720.979702,1751924743.2868092,batch_consumer-sts-0_20250707_214545_599575.csv,True,False,False,1751924909.8894963,188909.79433059692
2339,1751924720.9801486,1751924743.3138063,batch_consumer-sts-0_20250707_214545_599575.csv,True,False,False,1751924909.8894963,188909.34777259827
2349,1751924720.9805892,1751924743.3412845,batch_consumer-sts-0_20250707_214545_599575.csv,True,False,False,1751924909.8894963,188908.9071750641
2359,1751924720.9813375,1751924743.371683,batch_consumer-sts-0_20250707_214545_599575.csv,True,False,False,1751924909.8894963,188908.1587791443
2369,1751924720.981788,1751924743.399385,batch_consumer-sts-0_20250707_214545_599575.csv,True,False,False,1751924909.8894963,188907.70840644836
2379,1751924720.982339,1751924743.427936,batch_consumer-sts-0_20250707_214545_599575.csv,True,False,False,1751924909.8894963,188907.15742111206
2389,1751924720.9829495,1751924743.45599,batch_consumer-sts-0_20250707_214545_599575.csv,True,False,False,1751924909.8894963,188906.54683113098
2399,1751924720.983416,1751924743.484275,batch_consumer-sts-0_20250707_214545_599575.csv,True,False,False,1751924909.8894963,188906.08024597168
2409,1751924720.9838629,1751924743.5105937,batch_consumer-sts-0_20250707_214545_599575.csv,True,False,False,1751924909.8894963,188905.63344955444
2419,1751924720.9842987,1751924743.5385623,batch_consumer-sts-0_20250707_214545_599575.csv,True,False,False,1751924909.8894963,188905.19762039185
2429,1751924720.9848096,1751924743.5663085,batch_consumer-sts-0_20250707_214545_599575.csv,True,False,False,1751924909.8894963,188904.68668937683
2439,1751924720.985315,1751924743.593838,batch_consumer-sts-0_20250707_214545_599575.csv,True,False,False,1751924909.8894963,188904.18124198914
2449,1751924720.985978,1751924743.6208112,batch_consumer-sts-0_20250707_214545_599575.csv,True,False,False,1751924909.8894963,188903.51843833923
2459,1751924720.9864447,1751924743.6483283,batch_consumer-sts-0_20250707_214545_599575.csv,True,False,False,1751924909.8894963,188903.05161476135
2469,1751924720.9869273,1751924743.675889,batch_consumer-sts-0_20250707_214545_599575.csv,True,False,False,1751924909.8894963,188902.56905555725
2479,1751924720.9873898,1751924743.703459,batch_consumer-sts-0_20250707_214545_599575.csv,True,False,False,1751924909.8894963,188902.1065235138
2489,1751924720.9881177,1751924743.7308831,batch_consumer-sts-0_20250707_214545_599575.csv,True,False,False,1751924909.8894963,188901.3786315918
2499,1751924720.9886043,1751924743.759755,batch_consumer-sts-0_20250707_214545_599575.csv,True,False,False,1751924909.8894963,188900.89201927185
2509,1751924720.989091,1751924743.7879066,batch_consumer-sts-0_20250707_214545_599575.csv,True,False,False,1751924909.8894963,188900.4054069519
2519,1751924720.989545,1751924743.815055,batch_consumer-sts-0_20250707_214545_599575.csv,True,False,False,1751924909.8894963,188899.95121955872
2529,1751924720.9899929,1751924743.842801,batch_consumer-sts-0_20250707_214545_599575.csv,True,False,False,1751924909.8894963,188899.50346946716
2539,1751924720.9904883,1751924743.8705978,batch_consumer-sts-0_20250707_214545_599575.csv,True,False,False,1751924909.8894963,188899.0080356598
2549,1751924720.9909594,1751924743.8984606,batch_consumer-sts-0_20250707_214545_599575.csv,True,False,False,1751924909.8894963,188898.53692054749
2559,1751924720.991418,1751924743.9259684,batch_consumer-sts-0_20250707_214545_599575.csv,True,False,False,1751924909.8894963,188898.07844161987
2569,1751924720.9918883,1751924743.9541082,batch_consumer-sts-0_20250707_214545_599575.csv,True,False,False,1751924909.8894963,188897.6080417633
2579,1751924720.9923337,1751924743.9819152,batch_consumer-sts-0_20250707_214545_599575.csv,True,False,False,1751924909.8894963,188897.16267585754
2589,1751924720.992794,1751924744.0092652,batch_consumer-sts-0_20250707_214545_599575.csv,True,False,False,1751924909.8894963,188896.7022895813
2599,1751924720.9932618,1751924744.0381684,batch_consumer-sts-0_20250707_214545_599575.csv,True,False,False,1751924909.8894963,188896.2345123291
2609,1751924720.9937308,1751924744.0650582,batch_consumer-sts-0_20250707_214545_599575.csv,True,False,False,1751924909.8894963,188895.765542984
2619,1751924720.9942107,1751924744.0930076,batch_consumer-sts-0_20250707_214545_599575.csv,True,False,False,1751924909.8894963,188895.28560638428
2629,1751924720.9946623,1751924744.1208975,batch_consumer-sts-0_20250707_214545_599575.csv,True,False,False,1751924909.8894963,188894.83404159546
2639,1751924720.9951792,1751924744.1485405,batch_consumer-sts-0_20250707_214545_599575.csv,True,False,False,1751924909.8894963,188894.31715011597
2649,1751924720.9956374,1751924744.177635,batch_consumer-sts-0_20250707_214545_599575.csv,True,False,False,1751924909.8894963,188893.85890960693
2659,1751924720.9960904,1751924744.2056837,batch_consumer-sts-0_20250707_214545_599575.csv,True,False,False,1751924909.8894963,188893.40591430664
2669,1751924720.996532,1751924744.2344725,batch_consumer-sts-0_20250707_214545_599575.csv,True,False,False,1751924909.8894963,188892.96436309814
2679,1751924720.996976,1751924744.2686446,batch_consumer-sts-0_20250707_214545_599575.csv,True,False,False,1751924909.8894963,188892.52042770386
2689,1751924720.9974236,1751924744.308554,batch_consumer-sts-0_20250707_214545_599575.csv,True,False,False,1751924909.8894963,188892.0726776123
2699,1751924720.9978547,1751924744.3388352,batch_consumer-sts-0_20250707_214545_599575.csv,True,False,False,1751924909.8894963,188891.6416168213
2709,1751924720.9983337,1751924744.3673973,batch_consumer-sts-0_20250707_214545_599575.csv,True,False,False,1751924909.8894963,188891.16263389587
2719,1751924720.9987786,1751924744.3963852,batch_consumer-sts-0_20250707_214545_599575.csv,True,False,False,1751924909.8894963,188890.71774482727
2729,1751924720.9992266,1751924744.709025,batch_consumer-sts-0_20250707_214545_599575.csv,True,False,False,1751924909.8894963,188890.26975631714
2739,1751924720.9996777,1751924744.7388637,batch_consumer-sts-0_20250707_214545_599575.csv,True,False,False,1751924909.8894963,188889.81866836548
2749,1751924721.0001657,1751924744.77204,batch_consumer-sts-0_20250707_214545_599575.csv,True,False,False,1751924909.8894963,188889.33062553406
2759,1751924721.0006142,1751924744.8012116,batch_consumer-sts-0_20250707_214545_599575.csv,True,False,False,1751924909.8894963,188888.88216018677
2769,1751924721.0010877,1751924744.829119,batch_consumer-sts-0_20250707_214545_599575.csv,True,False,False,1751924909.8894963,188888.40866088867
2779,1751924721.0014946,1751924744.8610826,batch_consumer-sts-0_20250707_214545_599575.csv,True,False,False,1751924909.8894963,188888.00168037415
2789,1751924721.001943,1751924744.8898249,batch_consumer-sts-0_20250707_214545_599575.csv,True,False,False,1751924909.8894963,188887.55321502686
2799,1751924721.0024323,1751924744.918257,batch_consumer-sts-0_20250707_214545_599575.csv,True,False,False,1751924909.8894963,188887.06398010254
2809,1751924721.0028782,1751924744.9456797,batch_consumer-sts-0_20250707_214545_599575.csv,True,False,False,1751924909.8894963,188886.61813735962
2819,1751924721.0051365,1751924744.974957,batch_consumer-sts-0_20250707_214545_599575.csv,True,False,False,1751924909.8894963,188884.35983657837
2829,1751924721.00564,1751924745.00346,batch_consumer-sts-0_20250707_214545_599575.csv,True,False,False,1751924909.8894963,188883.8562965393
2839,1751924721.0061193,1751924745.031384,batch_consumer-sts-0_20250707_214545_599575.csv,True,False,False,1751924909.8894963,188883.3770751953
2849,1751924721.0066128,1751924745.0589745,batch_consumer-sts-0_20250707_214545_599575.csv,True,False,False,1751924909.8894963,188882.88354873657
2859,1751924721.0070808,1751924745.0876186,batch_consumer-sts-0_20250707_214545_599575.csv,True,False,False,1751924909.8894963,188882.4155330658
2869,1751924721.0075366,1751924745.115893,batch_consumer-sts-0_20250707_214545_599575.csv,True,False,False,1751924909.8894963,188881.95967674255
2879,1751924721.0079746,1751924745.1464903,batch_consumer-sts-0_20250707_214545_599575.csv,True,False,False,1751924909.8894963,188881.52170181274
2889,1751924721.0084531,1751924745.177506,batch_consumer-sts-0_20250707_214545_599575.csv,True,False,False,1751924909.8894963,188881.0431957245
2899,1751924721.008914,1751924745.2067034,batch_consumer-sts-0_20250707_214545_599575.csv,True,False,False,1751924909.8894963,188880.58233261108
2909,1751924721.0093796,1751924745.2359283,batch_consumer-sts-0_20250707_214545_599575.csv,True,False,False,1751924909.8894963,188880.1167011261
2919,1751924721.0098224,1751924745.2637036,batch_consumer-sts-0_20250707_214545_599575.csv,True,False,False,1751924909.8894963,188879.6739578247
2929,1751924721.0102766,1751924745.2943432,batch_consumer-sts-0_20250707_214545_599575.csv,True,False,False,1751924909.8894963,188879.21977043152
2939,1751924721.010738,1751924745.321488,batch_consumer-sts-0_20250707_214545_599575.csv,True,False,False,1751924909.8894963,188878.75843048096
2949,1751924721.0111957,1751924745.3489215,batch_consumer-sts-0_20250707_214545_599575.csv,True,False,False,1751924909.8894963,188878.30066680908
2959,1751924721.0116403,1751924745.3767972,batch_consumer-sts-0_20250707_214545_599575.csv,True,False,False,1751924909.8894963,188877.85601615906
2969,1751924721.0120893,1751924745.4045804,batch_consumer-sts-0_20250707_214545_599575.csv,True,False,False,1751924909.8894963,188877.4070739746
2979,1751924721.0125425,1751924745.4329789,batch_consumer-sts-0_20250707_214545_599575.csv,True,False,False,1751924909.8894963,188876.95384025574
2989,1751924721.012981,1751924745.4604735,batch_consumer-sts-0_20250707_214545_599575.csv,True,False,False,1751924909.8894963,188876.51538848877
2999,1751924721.0134416,1751924745.4880164,batch_consumer-sts-0_20250707_214545_599575.csv,True,False,False,1751924909.8894963,188876.05476379395
3009,1751924721.013904,1751924745.5153103,batch_consumer-sts-0_20250707_214545_599575.csv,True,False,False,1751924909.8894963,188875.5922317505
3019,1751924721.014452,1751924745.5431068,batch_consumer-sts-0_20250707_214545_599575.csv,True,False,False,1751924909.8894963,188875.0443458557
3029,1751924721.0148282,1751924745.5711544,batch_consumer-sts-0_20250707_214545_599575.csv,True,False,False,1751924909.8894963,188874.6681213379
3039,1751924721.015059,1751924745.7918105,batch_consumer-sts-0_20250707_214550_629736.csv,True,False,False,1751924909.8894963,188874.43733215332
3049,1751924721.0152862,1751924745.8194191,batch_consumer-sts-0_20250707_214550_629736.csv,True,False,False,1751924909.8894963,188874.21011924744
3059,1751924721.0155113,1751924745.8473794,batch_consumer-sts-0_20250707_214550_629736.csv,True,False,False,1751924909.8894963,188873.98505210876
3069,1751924721.0157256,1751924745.8760543,batch_consumer-sts-0_20250707_214550_629736.csv,True,False,False,1751924909.8894963,188873.77071380615
3079,1751924721.015977,1751924745.904104,batch_consumer-sts-0_20250707_214550_629736.csv,True,False,False,1751924909.8894963,188873.51942062378
3089,1751924721.0162082,1751924745.9324667,batch_consumer-sts-0_20250707_214550_629736.csv,True,False,False,1751924909.8894963,188873.28815460205
3099,1751924721.01643,1751924745.9631758,batch_consumer-sts-0_20250707_214550_629736.csv,True,False,False,1751924909.8894963,188873.0664253235
3109,1751924721.0166628,1751924745.9921222,batch_consumer-sts-0_20250707_214550_629736.csv,True,False,False,1751924909.8894963,188872.8334903717
3119,1751924721.0168922,1751924746.0197992,batch_consumer-sts-0_20250707_214550_629736.csv,True,False,False,1751924909.8894963,188872.6041316986
3129,1751924721.0171118,1751924746.0474746,batch_consumer-sts-0_20250707_214550_629736.csv,True,False,False,1751924909.8894963,188872.38454818726
3139,1751924721.0173452,1751924746.0738137,batch_consumer-sts-0_20250707_214550_629736.csv,True,False,False,1751924909.8894963,188872.15113639832
3149,1751924721.017568,1751924746.1011703,batch_consumer-sts-0_20250707_214550_629736.csv,True,False,False,1751924909.8894963,188871.92821502686
3159,1751924721.0178173,1751924746.1294196,batch_consumer-sts-0_20250707_214550_629736.csv,True,False,False,1751924909.8894963,188871.6790676117
3169,1751924721.018047,1751924746.1583157,batch_consumer-sts-0_20250707_214550_629736.csv,True,False,False,1751924909.8894963,188871.44923210144
3179,1751924721.0183008,1751924746.1860733,batch_consumer-sts-0_20250707_214550_629736.csv,True,False,False,1751924909.8894963,188871.19555473328
3189,1751924721.018529,1751924746.2132964,batch_consumer-sts-0_20250707_214550_629736.csv,True,False,False,1751924909.8894963,188870.96738815308
3199,1751924721.018751,1751924746.2400484,batch_consumer-sts-0_20250707_214550_629736.csv,True,False,False,1751924909.8894963,188870.74542045593
3209,1751924721.0189767,1751924746.2672875,batch_consumer-sts-0_20250707_214550_629736.csv,True,False,False,1751924909.8894963,188870.51963806152
3219,1751924721.019198,1751924746.2963047,batch_consumer-sts-0_20250707_214550_629736.csv,True,False,False,1751924909.8894963,188870.29838562012
3229,1751924721.019424,1751924746.32365,batch_consumer-sts-0_20250707_214550_629736.csv,True,False,False,1751924909.8894963,188870.07236480713
3239,1751924721.0196416,1751924746.351781,batch_consumer-sts-0_20250707_214550_629736.csv,True,False,False,1751924909.8894963,188869.8546886444
3249,1751924721.0198622,1751924746.3800292,batch_consumer-sts-0_20250707_214550_629736.csv,True,False,False,1751924909.8894963,188869.63415145874
3259,1751924721.0200806,1751924746.4069223,batch_consumer-sts-0_20250707_214550_629736.csv,True,False,False,1751924909.8894963,188869.41576004028
3269,1751924721.0202975,1751924746.4348638,batch_consumer-sts-0_20250707_214550_629736.csv,True,False,False,1751924909.8894963,188869.1987991333
3279,1751924721.0205257,1751924746.8828676,batch_consumer-sts-0_20250707_214550_629736.csv,True,False,False,1751924909.8894963,188868.9706325531
3289,1751924721.0207994,1751924746.910696,batch_consumer-sts-0_20250707_214550_629736.csv,True,False,False,1751924909.8894963,188868.6969280243
3299,1751924721.0210278,1751924746.939816,batch_consumer-sts-0_20250707_214550_629736.csv,True,False,False,1751924909.8894963,188868.4685230255
3309,1751924721.0212493,1751924746.9679334,batch_consumer-sts-0_20250707_214550_629736.csv,True,False,False,1751924909.8894963,188868.24703216553
3319,1751924721.0214696,1751924746.995608,batch_consumer-sts-0_20250707_214550_629736.csv,True,False,False,1751924909.8894963,188868.02673339844
3329,1751924721.0216925,1751924747.02344,batch_consumer-sts-0_20250707_214550_629736.csv,True,False,False,1751924909.8894963,188867.80381202698
3339,1751924721.021924,1751924747.0512435,batch_consumer-sts-0_20250707_214550_629736.csv,True,False,False,1751924909.8894963,188867.57230758667
3349,1751924721.022158,1751924747.0777848,batch_consumer-sts-0_20250707_214550_629736.csv,True,False,False,1751924909.8894963,188867.33841896057
3359,1751924721.0223904,1751924747.1054466,batch_consumer-sts-0_20250707_214550_629736.csv,True,False,False,1751924909.8894963,188867.10596084595
3369,1751924721.0226152,1751924747.1333487,batch_consumer-sts-0_20250707_214550_629736.csv,True,False,False,1751924909.8894963,188866.88113212585
3379,1751924721.022838,1751924747.1598346,batch_consumer-sts-0_20250707_214550_629736.csv,True,False,False,1751924909.8894963,188866.6582107544
3389,1751924721.0230627,1751924747.1878135,batch_consumer-sts-0_20250707_214550_629736.csv,True,False,False,1751924909.8894963,188866.43362045288
3399,1751924721.023286,1751924747.2152166,batch_consumer-sts-0_20250707_214550_629736.csv,True,False,False,1751924909.8894963,188866.21022224426
3409,1751924721.0235066,1751924747.243005,batch_consumer-sts-0_20250707_214550_629736.csv,True,False,False,1751924909.8894963,188865.9896850586
3419,1751924721.023741,1751924747.2711158,batch_consumer-sts-0_20250707_214550_629736.csv,True,False,False,1751924909.8894963,188865.75531959534
3429,1751924721.0239675,1751924747.2989726,batch_consumer-sts-0_20250707_214550_629736.csv,True,False,False,1751924909.8894963,188865.5288219452
3439,1751924721.02419,1751924748.3289056,batch_consumer-sts-0_20250707_214550_629736.csv,True,False,False,1751924909.8894963,188865.3063774109
3449,1751924721.0244086,1751924748.35895,batch_consumer-sts-0_20250707_214550_629736.csv,True,False,False,1751924909.8894963,188865.08774757385
3459,1751924721.0246294,1751924748.3868513,batch_consumer-sts-0_20250707_214550_629736.csv,True,False,False,1751924909.8894963,188864.8669719696
3469,1751924721.0248563,1751924748.414025,batch_consumer-sts-0_20250707_214550_629736.csv,True,False,False,1751924909.8894963,188864.6399974823
3479,1751924721.025077,1751924748.444416,batch_consumer-sts-0_20250707_214550_629736.csv,True,False,False,1751924909.8894963,188864.41922187805
3489,1751924721.025298,1751924748.4720328,batch_consumer-sts-0_20250707_214550_629736.csv,True,False,False,1751924909.8894963,188864.19820785522
3499,1751924721.025524,1751924748.4994397,batch_consumer-sts-0_20250707_214550_629736.csv,True,False,False,1751924909.8894963,188863.97242546082
3509,1751924721.0257466,1751924748.527051,batch_consumer-sts-0_20250707_214550_629736.csv,True,False,False,1751924909.8894963,188863.74974250793
3519,1751924721.0259688,1751924748.5552006,batch_consumer-sts-0_20250707_214550_629736.csv,True,False,False,1751924909.8894963,188863.5275363922
3529,1751924721.0262003,1751924748.5829537,batch_consumer-sts-0_20250707_214550_629736.csv,True,False,False,1751924909.8894963,188863.2960319519
3539,1751924721.026415,1751924748.61103,batch_consumer-sts-0_20250707_214550_629736.csv,True,False,False,1751924909.8894963,188863.08121681213
3549,1751924721.0266418,1751924748.6386094,batch_consumer-sts-0_20250707_214550_629736.csv,True,False,False,1751924909.8894963,188862.8544807434
3559,1751924721.026868,1751924748.6664715,batch_consumer-sts-0_20250707_214550_629736.csv,True,False,False,1751924909.8894963,188862.62822151184
3569,1751924721.0270922,1751924748.6941838,batch_consumer-sts-0_20250707_214550_629736.csv,True,False,False,1751924909.8894963,188862.40410804749
3579,1751924721.0273175,1751924748.7211497,batch_consumer-sts-0_20250707_214550_629736.csv,True,False,False,1751924909.8894963,188862.17880249023
3589,1751924721.0275433,1751924748.748589,batch_consumer-sts-0_20250707_214550_629736.csv,True,False,False,1751924909.8894963,188861.95302009583
3599,1751924721.0277765,1751924748.7760594,batch_consumer-sts-0_20250707_214550_629736.csv,True,False,False,1751924909.8894963,188861.71984672546
3609,1751924721.028003,1751924748.8040504,batch_consumer-sts-0_20250707_214550_629736.csv,True,False,False,1751924909.8894963,188861.49334907532
3619,1751924721.028228,1751924748.8319266,batch_consumer-sts-0_20250707_214550_629736.csv,True,False,False,1751924909.8894963,188861.26828193665
3629,1751924721.02845,1751924748.8596098,batch_consumer-sts-0_20250707_214550_629736.csv,True,False,False,1751924909.8894963,188861.0463142395
3639,1751924721.0286715,1751924748.8875916,batch_consumer-sts-0_20250707_214550_629736.csv,True,False,False,1751924909.8894963,188860.82482337952
3649,1751924721.0288987,1751924748.9168673,batch_consumer-sts-0_20250707_214550_629736.csv,True,False,False,1751924909.8894963,188860.59761047363
3659,1751924721.0291278,1751924748.945171,batch_consumer-sts-0_20250707_214550_629736.csv,True,False,False,1751924909.8894963,188860.36849021912
3669,1751924721.0293458,1751924748.9737344,batch_consumer-sts-0_20250707_214550_629736.csv,True,False,False,1751924909.8894963,188860.15057563782
3679,1751924721.0295677,1751924749.0019484,batch_consumer-sts-0_20250707_214550_629736.csv,True,False,False,1751924909.8894963,188859.92860794067
3689,1751924721.0297534,1751924749.0365143,batch_consumer-sts-0_20250707_214550_629736.csv,True,False,False,1751924909.8894963,188859.74287986755
3699,1751924721.0299408,1751924749.067695,batch_consumer-sts-0_20250707_214550_629736.csv,True,False,False,1751924909.8894963,188859.55548286438
3709,1751924721.030123,1751924749.0953689,batch_consumer-sts-0_20250707_214550_629736.csv,True,False,False,1751924909.8894963,188859.37333106995
3719,1751924721.0303617,1751924749.1223092,batch_consumer-sts-0_20250707_214550_629736.csv,True,False,False,1751924909.8894963,188859.13467407227
3729,1751924721.030578,1751924749.1489248,batch_consumer-sts-0_20250707_214550_629736.csv,True,False,False,1751924909.8894963,188858.91842842102
3739,1751924721.030805,1751924749.1769564,batch_consumer-sts-0_20250707_214550_629736.csv,True,False,False,1751924909.8894963,188858.69121551514
3749,1751924721.0310233,1751924749.2053792,batch_consumer-sts-0_20250707_214550_629736.csv,True,False,False,1751924909.8894963,188858.47306251526
3759,1751924721.031249,1751924749.2344942,batch_consumer-sts-0_20250707_214550_629736.csv,True,False,False,1751924909.8894963,188858.24728012085
3769,1751924721.031469,1751924749.2627835,batch_consumer-sts-0_20250707_214550_629736.csv,True,False,False,1751924909.8894963,188858.02721977234
3779,1751924721.0318055,1751924749.2909946,batch_consumer-sts-0_20250707_214550_629736.csv,True,False,False,1751924909.8894963,188857.69081115723
3789,1751924721.0320334,1751924749.3182306,batch_consumer-sts-0_20250707_214550_629736.csv,True,False,False,1751924909.8894963,188857.4628829956
3799,1751924721.032296,1751924749.346648,batch_consumer-sts-0_20250707_214550_629736.csv,True,False,False,1751924909.8894963,188857.20038414001
3809,1751924721.0325248,1751924749.3743153,batch_consumer-sts-0_20250707_214550_629736.csv,True,False,False,1751924909.8894963,188856.97150230408
3819,1751924721.0327551,1751924749.402022,batch_consumer-sts-0_20250707_214550_629736.csv,True,False,False,1751924909.8894963,188856.74118995667
3829,1751924721.032981,1751924749.42983,batch_consumer-sts-0_20250707_214550_629736.csv,True,False,False,1751924909.8894963,188856.51540756226
3839,1751924721.033205,1751924749.4581945,batch_consumer-sts-0_20250707_214550_629736.csv,True,False,False,1751924909.8894963,188856.2912940979
3849,1751924721.0334368,1751924749.4850333,batch_consumer-sts-0_20250707_214550_629736.csv,True,False,False,1751924909.8894963,188856.059551239
3859,1751924721.0336714,1751924749.511963,batch_consumer-sts-0_20250707_214550_629736.csv,True,False,False,1751924909.8894963,188855.82494735718
3869,1751924721.033898,1751924750.1520534,batch_consumer-sts-0_20250707_214550_629736.csv,True,False,False,1751924909.8894963,188855.59821128845
3879,1751924721.0341208,1751924750.1791024,batch_consumer-sts-0_20250707_214550_629736.csv,True,False,False,1751924909.8894963,188855.37552833557
3889,1751924721.0343623,1751924750.2067735,batch_consumer-sts-0_20250707_214550_629736.csv,True,False,False,1751924909.8894963,188855.13401031494
3899,1751924721.0345848,1751924750.2347436,batch_consumer-sts-0_20250707_214550_629736.csv,True,False,False,1751924909.8894963,188854.91156578064
3909,1751924721.03482,1751924750.2643926,batch_consumer-sts-0_20250707_214550_629736.csv,True,False,False,1751924909.8894963,188854.67624664307
3919,1751924721.0350456,1751924750.2927182,batch_consumer-sts-0_20250707_214550_629736.csv,True,False,False,1751924909.8894963,188854.45070266724
3929,1751924721.0352802,1751924750.3199022,batch_consumer-sts-0_20250707_214550_629736.csv,True,False,False,1751924909.8894963,188854.2160987854
3939,1751924721.0355084,1751924750.3479917,batch_consumer-sts-0_20250707_214550_629736.csv,True,False,False,1751924909.8894963,188853.9879322052
3949,1751924721.0357409,1751924750.3760662,batch_consumer-sts-0_20250707_214550_629736.csv,True,False,False,1751924909.8894963,188853.75547409058
3959,1751924721.035961,1751924750.4037957,batch_consumer-sts-0_20250707_214550_629736.csv,True,False,False,1751924909.8894963,188853.53541374207
3969,1751924721.036197,1751924750.4317234,batch_consumer-sts-0_20250707_214550_629736.csv,True,False,False,1751924909.8894963,188853.29937934875
3979,1751924721.0364456,1751924750.4598591,batch_consumer-sts-0_20250707_214550_629736.csv,True,False,False,1751924909.8894963,188853.05070877075
3989,1751924721.036667,1751924750.4881876,batch_consumer-sts-0_20250707_214550_629736.csv,True,False,False,1751924909.8894963,188852.82921791077
3999,1751924721.0368905,1751924750.5153563,batch_consumer-sts-0_20250707_214550_629736.csv,True,False,False,1751924909.8894963,188852.60581970215
4009,1751924721.0371175,1751924750.5434809,batch_consumer-sts-0_20250707_214550_629736.csv,True,False,False,1751924909.8894963,188852.37884521484
4019,1751924721.0373456,1751924750.573565,batch_consumer-sts-0_20250707_214550_629736.csv,True,False,False,1751924909.8894963,188852.15067863464
4029,1751924721.037577,1751924750.6014974,batch_consumer-sts-0_20250707_214550_629736.csv,True,False,False,1751924909.8894963,188851.91941261292
4039,1751924721.0378058,1751924750.8687563,batch_consumer-sts-0_20250707_214555_845608.csv,True,False,False,1751924909.8894963,188851.69053077698
4049,1751924721.038033,1751924750.8971555,batch_consumer-sts-0_20250707_214555_845608.csv,True,False,False,1751924909.8894963,188851.4633178711
4059,1751924721.0382676,1751924750.9260032,batch_consumer-sts-0_20250707_214555_845608.csv,True,False,False,1751924909.8894963,188851.22871398926
4069,1751924721.0384843,1751924750.9540975,batch_consumer-sts-0_20250707_214555_845608.csv,True,False,False,1751924909.8894963,188851.01199150085
4079,1751924721.0387084,1751924750.98237,batch_consumer-sts-0_20250707_214555_845608.csv,True,False,False,1751924909.8894963,188850.7878780365
4089,1751924721.0389345,1751924751.0098293,batch_consumer-sts-0_20250707_214555_845608.csv,True,False,False,1751924909.8894963,188850.5618572235
4099,1751924721.0391686,1751924751.037431,batch_consumer-sts-0_20250707_214555_845608.csv,True,False,False,1751924909.8894963,188850.32773017883
4109,1751924721.0393991,1751924751.0653255,batch_consumer-sts-0_20250707_214555_845608.csv,True,False,False,1751924909.8894963,188850.09717941284
4119,1751924721.0396273,1751924751.0922096,batch_consumer-sts-0_20250707_214555_845608.csv,True,False,False,1751924909.8894963,188849.86901283264
4129,1751924721.0398495,1751924751.119853,batch_consumer-sts-0_20250707_214555_845608.csv,True,False,False,1751924909.8894963,188849.64680671692
4139,1751924721.0400927,1751924751.147514,batch_consumer-sts-0_20250707_214555_845608.csv,True,False,False,1751924909.8894963,188849.40361976624
4149,1751924721.040335,1751924751.1754444,batch_consumer-sts-0_20250707_214555_845608.csv,True,False,False,1751924909.8894963,188849.16138648987
4159,1751924721.040578,1751924751.203873,batch_consumer-sts-0_20250707_214555_845608.csv,True,False,False,1751924909.8894963,188848.91843795776
4169,1751924721.0408068,1751924751.236729,batch_consumer-sts-0_20250707_214555_845608.csv,True,False,False,1751924909.8894963,188848.68955612183
4179,1751924721.0410347,1751924751.264439,batch_consumer-sts-0_20250707_214555_845608.csv,True,False,False,1751924909.8894963,188848.4616279602
4189,1751924721.04126,1751924751.292406,batch_consumer-sts-0_20250707_214555_845608.csv,True,False,False,1751924909.8894963,188848.23632240295
4199,1751924721.0414832,1751924751.3194823,batch_consumer-sts-0_20250707_214555_845608.csv,True,False,False,1751924909.8894963,188848.01316261292
4209,1751924721.0417116,1751924751.347119,batch_consumer-sts-0_20250707_214555_845608.csv,True,False,False,1751924909.8894963,188847.78475761414
4219,1751924721.0419323,1751924751.3741152,batch_consumer-sts-0_20250707_214555_845608.csv,True,False,False,1751924909.8894963,188847.5639820099
4229,1751924721.0421636,1751924751.400981,batch_consumer-sts-0_20250707_214555_845608.csv,True,False,False,1751924909.8894963,188847.33271598816
4239,1751924721.0423863,1751924751.429284,batch_consumer-sts-0_20250707_214555_845608.csv,True,False,False,1751924909.8894963,188847.11003303528
4249,1751924721.0426145,1751924751.4576943,batch_consumer-sts-0_20250707_214555_845608.csv,True,False,False,1751924909.8894963,188846.88186645508
4259,1751924721.0428448,1751924751.48586,batch_consumer-sts-0_20250707_214555_845608.csv,True,False,False,1751924909.8894963,188846.65155410767
4269,1751924721.0430777,1751924751.5134034,batch_consumer-sts-0_20250707_214555_845608.csv,True,False,False,1751924909.8894963,188846.41861915588
4279,1751924721.0433018,1751924751.541814,batch_consumer-sts-0_20250707_214555_845608.csv,True,False,False,1751924909.8894963,188846.19450569153
4289,1751924721.043526,1751924751.7465842,batch_consumer-sts-0_20250707_214555_845608.csv,True,False,False,1751924909.8894963,188845.97039222717
4299,1751924721.0437517,1751924751.775133,batch_consumer-sts-0_20250707_214555_845608.csv,True,False,False,1751924909.8894963,188845.74460983276
4309,1751924721.0439782,1751924751.8029113,batch_consumer-sts-0_20250707_214555_845608.csv,True,False,False,1751924909.8894963,188845.51811218262
4319,1751924721.0441637,1751924752.2608092,batch_consumer-sts-0_20250707_214555_845608.csv,True,False,False,1751924909.8894963,188845.33262252808
4329,1751924721.04435,1751924752.2888532,batch_consumer-sts-0_20250707_214555_845608.csv,True,False,False,1751924909.8894963,188845.1464176178
4339,1751924721.0445328,1751924752.315988,batch_consumer-sts-0_20250707_214555_845608.csv,True,False,False,1751924909.8894963,188844.96355056763
4349,1751924721.0447197,1751924752.344626,batch_consumer-sts-0_20250707_214555_845608.csv,True,False,False,1751924909.8894963,188844.7766304016
4359,1751924721.0449092,1751924752.372174,batch_consumer-sts-0_20250707_214555_845608.csv,True,False,False,1751924909.8894963,188844.58708763123
4369,1751924721.0450978,1751924752.4000905,batch_consumer-sts-0_20250707_214555_845608.csv,True,False,False,1751924909.8894963,188844.39849853516
4379,1751924721.045286,1751924752.4278674,batch_consumer-sts-0_20250707_214555_845608.csv,True,False,False,1751924909.8894963,188844.21038627625
4389,1751924721.0454671,1751924752.4587831,batch_consumer-sts-0_20250707_214555_845608.csv,True,False,False,1751924909.8894963,188844.02918815613
4399,1751924721.0456512,1751924752.4868238,batch_consumer-sts-0_20250707_214555_845608.csv,True,False,False,1751924909.8894963,188843.84512901306
4409,1751924721.0458312,1751924752.5140758,batch_consumer-sts-0_20250707_214555_845608.csv,True,False,False,1751924909.8894963,188843.66512298584
4419,1751924721.0460207,1751924752.5418892,batch_consumer-sts-0_20250707_214555_845608.csv,True,False,False,1751924909.8894963,188843.47558021545
4429,1751924721.046237,1751924752.5700753,batch_consumer-sts-0_20250707_214555_845608.csv,True,False,False,1751924909.8894963,188843.2593345642
4439,1751924721.046463,1751924753.5996103,batch_consumer-sts-0_20250707_214555_845608.csv,True,False,False,1751924909.8894963,188843.03331375122
4449,1751924721.0466857,1751924753.6277106,batch_consumer-sts-0_20250707_214555_845608.csv,True,False,False,1751924909.8894963,188842.81063079834
4459,1751924721.046913,1751924753.655662,batch_consumer-sts-0_20250707_214555_845608.csv,True,False,False,1751924909.8894963,188842.58341789246
4469,1751924721.047133,1751924753.6834989,batch_consumer-sts-0_20250707_214555_845608.csv,True,False,False,1751924909.8894963,188842.36335754395
4479,1751924721.0473557,1751924753.710838,batch_consumer-sts-0_20250707_214555_845608.csv,True,False,False,1751924909.8894963,188842.14067459106
4489,1751924721.0475824,1751924753.738064,batch_consumer-sts-0_20250707_214555_845608.csv,True,False,False,1751924909.8894963,188841.91393852234
4499,1751924721.0478077,1751924753.7665794,batch_consumer-sts-0_20250707_214555_845608.csv,True,False,False,1751924909.8894963,188841.6886329651
4509,1751924721.0480332,1751924753.793732,batch_consumer-sts-0_20250707_214555_845608.csv,True,False,False,1751924909.8894963,188841.46308898926
4519,1751924721.0482602,1751924753.8204298,batch_consumer-sts-0_20250707_214555_845608.csv,True,False,False,1751924909.8894963,188841.23611450195
4529,1751924721.0484796,1751924753.8477676,batch_consumer-sts-0_20250707_214555_845608.csv,True,False,False,1751924909.8894963,188841.01676940918
4539,1751924721.0486956,1751924753.8749611,batch_consumer-sts-0_20250707_214555_845608.csv,True,False,False,1751924909.8894963,188840.8007621765
4549,1751924721.0489192,1751924753.9023273,batch_consumer-sts-0_20250707_214555_845608.csv,True,False,False,1751924909.8894963,188840.57712554932
4559,1751924721.04915,1751924753.9296024,batch_consumer-sts-0_20250707_214555_845608.csv,True,False,False,1751924909.8894963,188840.34633636475
4569,1751924721.0493815,1751924753.9571288,batch_consumer-sts-0_20250707_214555_845608.csv,True,False,False,1751924909.8894963,188840.11483192444
4579,1751924721.0496018,1751924753.9845722,batch_consumer-sts-0_20250707_214555_845608.csv,True,False,False,1751924909.8894963,188839.89453315735
4589,1751924721.0498278,1751924754.0113857,batch_consumer-sts-0_20250707_214555_845608.csv,True,False,False,1751924909.8894963,188839.66851234436
4599,1751924721.0500553,1751924754.03911,batch_consumer-sts-0_20250707_214555_845608.csv,True,False,False,1751924909.8894963,188839.4410610199
4609,1751924721.0503004,1751924754.0665574,batch_consumer-sts-0_20250707_214555_845608.csv,True,False,False,1751924909.8894963,188839.19596672058
4619,1751924721.050532,1751924754.095812,batch_consumer-sts-0_20250707_214555_845608.csv,True,False,False,1751924909.8894963,188838.9642238617
4629,1751924721.0507593,1751924754.1228623,batch_consumer-sts-0_20250707_214555_845608.csv,True,False,False,1751924909.8894963,188838.7370109558
4639,1751924721.050979,1751924754.150371,batch_consumer-sts-0_20250707_214555_845608.csv,True,False,False,1751924909.8894963,188838.51742744446
4649,1751924721.0511985,1751924754.178025,batch_consumer-sts-0_20250707_214555_845608.csv,True,False,False,1751924909.8894963,188838.2978439331
4659,1751924721.0514233,1751924754.2051828,batch_consumer-sts-0_20250707_214555_845608.csv,True,False,False,1751924909.8894963,188838.073015213
4669,1751924721.051648,1751924754.2326307,batch_consumer-sts-0_20250707_214555_845608.csv,True,False,False,1751924909.8894963,188837.8484249115
4679,1751924721.0518942,1751924754.2604403,batch_consumer-sts-0_20250707_214555_845608.csv,True,False,False,1751924909.8894963,188837.6021385193
4689,1751924721.0521264,1751924754.2887304,batch_consumer-sts-0_20250707_214555_845608.csv,True,False,False,1751924909.8894963,188837.36991882324
4699,1751924721.052349,1751924754.316162,batch_consumer-sts-0_20250707_214555_845608.csv,True,False,False,1751924909.8894963,188837.14723587036
4709,1751924721.0525768,1751924754.3442929,batch_consumer-sts-0_20250707_214555_845608.csv,True,False,False,1751924909.8894963,188836.91954612732
4719,1751924721.0527923,1751924754.370893,batch_consumer-sts-0_20250707_214555_845608.csv,True,False,False,1751924909.8894963,188836.7040157318
4729,1751924721.0530157,1751924754.3985217,batch_consumer-sts-0_20250707_214555_845608.csv,True,False,False,1751924909.8894963,188836.4806175232
4739,1751924721.053247,1751924754.4258604,batch_consumer-sts-0_20250707_214555_845608.csv,True,False,False,1751924909.8894963,188836.24935150146
4749,1751924721.0534651,1751924754.4550192,batch_consumer-sts-0_20250707_214555_845608.csv,True,False,False,1751924909.8894963,188836.0311985016
4759,1751924721.053692,1751924754.4830132,batch_consumer-sts-0_20250707_214555_845608.csv,True,False,False,1751924909.8894963,188835.80422401428
4769,1751924721.053917,1751924754.51053,batch_consumer-sts-0_20250707_214555_845608.csv,True,False,False,1751924909.8894963,188835.5793952942
4779,1751924721.0541434,1751924754.5383823,batch_consumer-sts-0_20250707_214555_845608.csv,True,False,False,1751924909.8894963,188835.35289764404
4789,1751924721.054383,1751924754.5663092,batch_consumer-sts-0_20250707_214555_845608.csv,True,False,False,1751924909.8894963,188835.11328697205
4799,1751924721.0546117,1751924754.5939553,batch_consumer-sts-0_20250707_214555_845608.csv,True,False,False,1751924909.8894963,188834.8846435547
4809,1751924721.0548334,1751924754.6211374,batch_consumer-sts-0_20250707_214555_845608.csv,True,False,False,1751924909.8894963,188834.66291427612
4819,1751924721.0550575,1751924755.2229395,batch_consumer-sts-0_20250707_214555_845608.csv,True,False,False,1751924909.8894963,188834.43880081177
4829,1751924721.0552852,1751924755.2511587,batch_consumer-sts-0_20250707_214555_845608.csv,True,False,False,1751924909.8894963,188834.21111106873
4839,1751924721.055513,1751924755.279116,batch_consumer-sts-0_20250707_214555_845608.csv,True,False,False,1751924909.8894963,188833.98342132568
4849,1751924721.0557315,1751924755.3075397,batch_consumer-sts-0_20250707_214555_845608.csv,True,False,False,1751924909.8894963,188833.76479148865
4859,1751924721.0559776,1751924755.3363006,batch_consumer-sts-0_20250707_214555_845608.csv,True,False,False,1751924909.8894963,188833.51874351501
4869,1751924721.0562072,1751924755.3626409,batch_consumer-sts-0_20250707_214555_845608.csv,True,False,False,1751924909.8894963,188833.28914642334
4879,1751924721.0564332,1751924755.3908908,batch_consumer-sts-0_20250707_214555_845608.csv,True,False,False,1751924909.8894963,188833.06312561035
4889,1751924721.0566533,1751924755.4184444,batch_consumer-sts-0_20250707_214555_845608.csv,True,False,False,1751924909.8894963,188832.84306526184
4899,1751924721.056882,1751924755.446665,batch_consumer-sts-0_20250707_214555_845608.csv,True,False,False,1751924909.8894963,188832.61442184448
4909,1751924721.0571113,1751924755.4771168,batch_consumer-sts-0_20250707_214555_845608.csv,True,False,False,1751924909.8894963,188832.3850631714
4919,1751924721.0573332,1751924755.5045707,batch_consumer-sts-0_20250707_214555_845608.csv,True,False,False,1751924909.8894963,188832.16309547424
4929,1751924721.0575612,1751924755.5323565,batch_consumer-sts-0_20250707_214555_845608.csv,True,False,False,1751924909.8894963,188831.93516731262
4939,1751924721.0577843,1751924755.5647266,batch_consumer-sts-0_20250707_214555_845608.csv,True,False,False,1751924909.8894963,188831.71200752258
4949,1751924721.058009,1751924755.593204,batch_consumer-sts-0_20250707_214555_845608.csv,True,False,False,1751924909.8894963,188831.48741722107
4959,1751924721.058238,1751924755.6193318,batch_consumer-sts-0_20250707_214555_845608.csv,True,False,False,1751924909.8894963,188831.25829696655
4969,1751924721.0584607,1751924755.6474998,batch_consumer-sts-0_20250707_214555_845608.csv,True,False,False,1751924909.8894963,188831.03561401367
4979,1751924721.0586913,1751924755.6793132,batch_consumer-sts-0_20250707_214555_845608.csv,True,False,False,1751924909.8894963,188830.80506324768
4989,1751924721.0589168,1751924755.7075262,batch_consumer-sts-0_20250707_214555_845608.csv,True,False,False,1751924909.8894963,188830.57951927185
4999,1751924721.0591457,1751924755.7352536,batch_consumer-sts-0_20250707_214555_845608.csv,True,False,False,1751924909.8894963,188830.3506374359
5009,1751924721.0593686,1751924755.7629106,batch_consumer-sts-0_20250707_214555_845608.csv,True,False,False,1751924909.8894963,188830.12771606445
5019,1751924721.0595975,1751924755.7909274,batch_consumer-sts-0_20250707_214555_845608.csv,True,False,False,1751924909.8894963,188829.89883422852
5029,1751924721.0597785,1751924755.8181922,batch_consumer-sts-0_20250707_214555_845608.csv,True,False,False,1751924909.8894963,188829.71787452698
5039,1751924721.0599575,1751924756.107902,batch_consumer-sts-0_20250707_214601_189466.csv,True,False,False,1751924909.8894963,188829.53882217407
5049,1751924721.060142,1751924756.1358483,batch_consumer-sts-0_20250707_214601_189466.csv,True,False,False,1751924909.8894963,188829.35428619385
5059,1751924721.0603287,1751924756.163622,batch_consumer-sts-0_20250707_214601_189466.csv,True,False,False,1751924909.8894963,188829.1676044464
5069,1751924721.060512,1751924756.191571,batch_consumer-sts-0_20250707_214601_189466.csv,True,False,False,1751924909.8894963,188828.98426055908
5079,1751924721.0606928,1751924756.2186377,batch_consumer-sts-0_20250707_214601_189466.csv,True,False,False,1751924909.8894963,188828.80353927612
5089,1751924721.060872,1751924756.247965,batch_consumer-sts-0_20250707_214601_189466.csv,True,False,False,1751924909.8894963,188828.62424850464
5099,1751924721.0610807,1751924756.2763171,batch_consumer-sts-0_20250707_214601_189466.csv,True,False,False,1751924909.8894963,188828.41563224792
5109,1751924721.0612876,1751924756.3041048,batch_consumer-sts-0_20250707_214601_189466.csv,True,False,False,1751924909.8894963,188828.20868492126
5119,1751924721.0615368,1751924756.3319116,batch_consumer-sts-0_20250707_214601_189466.csv,True,False,False,1751924909.8894963,188827.9595375061
5129,1751924721.061771,1751924756.359713,batch_consumer-sts-0_20250707_214601_189466.csv,True,False,False,1751924909.8894963,188827.72541046143
5139,1751924721.061998,1751924756.387854,batch_consumer-sts-0_20250707_214601_189466.csv,True,False,False,1751924909.8894963,188827.49843597412
5149,1751924721.062235,1751924756.4153252,batch_consumer-sts-0_20250707_214601_189466.csv,True,False,False,1751924909.8894963,188827.26120948792
5159,1751924721.062456,1751924756.443242,batch_consumer-sts-0_20250707_214601_189466.csv,True,False,False,1751924909.8894963,188827.04043388367
5169,1751924721.062672,1751924756.4709349,batch_consumer-sts-0_20250707_214601_189466.csv,True,False,False,1751924909.8894963,188826.824426651
5179,1751924721.0628903,1751924756.4983406,batch_consumer-sts-0_20250707_214601_189466.csv,True,False,False,1751924909.8894963,188826.60603523254
5189,1751924721.0631094,1751924756.525907,batch_consumer-sts-0_20250707_214601_189466.csv,True,False,False,1751924909.8894963,188826.38692855835
5199,1751924721.063334,1751924756.5535305,batch_consumer-sts-0_20250707_214601_189466.csv,True,False,False,1751924909.8894963,188826.16233825684
5209,1751924721.063553,1751924756.5808809,batch_consumer-sts-0_20250707_214601_189466.csv,True,False,False,1751924909.8894963,188825.94323158264
5219,1751924721.0637777,1751924756.6075804,batch_consumer-sts-0_20250707_214601_189466.csv,True,False,False,1751924909.8894963,188825.71864128113
5229,1751924721.0640016,1751924756.634831,batch_consumer-sts-0_20250707_214601_189466.csv,True,False,False,1751924909.8894963,188825.49476623535
5239,1751924721.064223,1751924756.6626828,batch_consumer-sts-0_20250707_214601_189466.csv,True,False,False,1751924909.8894963,188825.27327537537
5249,1751924721.064444,1751924756.9877834,batch_consumer-sts-0_20250707_214601_189466.csv,True,False,False,1751924909.8894963,188825.05226135254
5259,1751924721.0646665,1751924757.015074,batch_consumer-sts-0_20250707_214601_189466.csv,True,False,False,1751924909.8894963,188824.82981681824
5269,1751924721.0648956,1751924757.3342264,batch_consumer-sts-0_20250707_214601_189466.csv,True,False,False,1751924909.8894963,188824.60069656372
5279,1751924721.0651162,1751924757.363163,batch_consumer-sts-0_20250707_214601_189466.csv,True,False,False,1751924909.8894963,188824.38015937805
5289,1751924721.065339,1751924757.3915749,batch_consumer-sts-0_20250707_214601_189466.csv,True,False,False,1751924909.8894963,188824.1572380066
5299,1751924721.0655684,1751924757.4191694,batch_consumer-sts-0_20250707_214601_189466.csv,True,False,False,1751924909.8894963,188823.9278793335
5309,1751924721.0657868,1751924757.4472752,batch_consumer-sts-0_20250707_214601_189466.csv,True,False,False,1751924909.8894963,188823.70948791504
5319,1751924721.066012,1751924757.4760897,batch_consumer-sts-0_20250707_214601_189466.csv,True,False,False,1751924909.8894963,188823.48442077637
5329,1751924721.0662389,1751924757.5037763,batch_consumer-sts-0_20250707_214601_189466.csv,True,False,False,1751924909.8894963,188823.25744628906
5339,1751924721.0664506,1751924757.5316565,batch_consumer-sts-0_20250707_214601_189466.csv,True,False,False,1751924909.8894963,188823.04573059082
5349,1751924721.0666678,1751924757.5594776,batch_consumer-sts-0_20250707_214601_189466.csv,True,False,False,1751924909.8894963,188822.82853126526
5359,1751924721.0668893,1751924757.5879147,batch_consumer-sts-0_20250707_214601_189466.csv,True,False,False,1751924909.8894963,188822.60704040527
5369,1751924721.0671089,1751924757.6165075,batch_consumer-sts-0_20250707_214601_189466.csv,True,False,False,1751924909.8894963,188822.38745689392
5379,1751924721.0673552,1751924757.6442547,batch_consumer-sts-0_20250707_214601_189466.csv,True,False,False,1751924909.8894963,188822.1411705017
5389,1751924721.067572,1751924757.6731105,batch_consumer-sts-0_20250707_214601_189466.csv,True,False,False,1751924909.8894963,188821.92420959473
5399,1751924721.0677922,1751924757.700844,batch_consumer-sts-0_20250707_214601_189466.csv,True,False,False,1751924909.8894963,188821.70414924622
5409,1751924721.0680113,1751924757.7285707,batch_consumer-sts-0_20250707_214601_189466.csv,True,False,False,1751924909.8894963,188821.48504257202
5419,1751924721.0682364,1751924757.75637,batch_consumer-sts-0_20250707_214601_189466.csv,True,False,False,1751924909.8894963,188821.25997543335
5429,1751924721.068455,1751924757.7849312,batch_consumer-sts-0_20250707_214601_189466.csv,True,False,False,1751924909.8894963,188821.0413455963
5439,1751924721.0686777,1751924758.814631,batch_consumer-sts-0_20250707_214601_189466.csv,True,False,False,1751924909.8894963,188820.81866264343
5449,1751924721.0689042,1751924758.8708851,batch_consumer-sts-0_20250707_214601_189466.csv,True,False,False,1751924909.8894963,188820.5921649933
5459,1751924721.0691214,1751924758.8998022,batch_consumer-sts-0_20250707_214601_189466.csv,True,False,False,1751924909.8894963,188820.37496566772
5469,1751924721.069347,1751924758.9280949,batch_consumer-sts-0_20250707_214601_189466.csv,True,False,False,1751924909.8894963,188820.1494216919
5479,1751924721.0695655,1751924758.9564617,batch_consumer-sts-0_20250707_214601_189466.csv,True,False,False,1751924909.8894963,188819.93079185486
5489,1751924721.0697894,1751924758.9848487,batch_consumer-sts-0_20250707_214601_189466.csv,True,False,False,1751924909.8894963,188819.70691680908
5499,1751924721.0700138,1751924759.0123515,batch_consumer-sts-0_20250707_214601_189466.csv,True,False,False,1751924909.8894963,188819.48256492615
5509,1751924721.0702417,1751924759.043348,batch_consumer-sts-0_20250707_214601_189466.csv,True,False,False,1751924909.8894963,188819.25463676453
5519,1751924721.070461,1751924759.0714748,batch_consumer-sts-0_20250707_214601_189466.csv,True,False,False,1751924909.8894963,188819.03529167175
5529,1751924721.0706773,1751924759.0994267,batch_consumer-sts-0_20250707_214601_189466.csv,True,False,False,1751924909.8894963,188818.8190460205
5539,1751924721.0708983,1751924759.127172,batch_consumer-sts-0_20250707_214601_189466.csv,True,False,False,1751924909.8894963,188818.59803199768
5549,1751924721.0711243,1751924759.1552217,batch_consumer-sts-0_20250707_214601_189466.csv,True,False,False,1751924909.8894963,188818.3720111847
5559,1751924721.0713503,1751924759.187709,batch_consumer-sts-0_20250707_214601_189466.csv,True,False,False,1751924909.8894963,188818.1459903717
5569,1751924721.0715816,1751924759.2148778,batch_consumer-sts-0_20250707_214601_189466.csv,True,False,False,1751924909.8894963,188817.91472434998
5579,1751924721.071844,1751924759.242868,batch_consumer-sts-0_20250707_214601_189466.csv,True,False,False,1751924909.8894963,188817.65222549438
5589,1751924721.0720654,1751924759.2705588,batch_consumer-sts-0_20250707_214601_189466.csv,True,False,False,1751924909.8894963,188817.43097305298
5599,1751924721.0722935,1751924759.2982278,batch_consumer-sts-0_20250707_214601_189466.csv,True,False,False,1751924909.8894963,188817.20280647278
5609,1751924721.0725336,1751924759.4611778,batch_consumer-sts-0_20250707_214601_189466.csv,True,False,False,1751924909.8894963,188816.96271896362
5619,1751924721.0727806,1751924759.4890597,batch_consumer-sts-0_20250707_214601_189466.csv,True,False,False,1751924909.8894963,188816.71571731567
5629,1751924721.0730257,1751924759.5165205,batch_consumer-sts-0_20250707_214601_189466.csv,True,False,False,1751924909.8894963,188816.47062301636
5639,1751924721.073266,1751924759.544567,batch_consumer-sts-0_20250707_214601_189466.csv,True,False,False,1751924909.8894963,188816.23029708862
5649,1751924721.0735085,1751924759.5725317,batch_consumer-sts-0_20250707_214601_189466.csv,True,False,False,1751924909.8894963,188815.98782539368
5659,1751924721.073741,1751924759.600499,batch_consumer-sts-0_20250707_214601_189466.csv,True,False,False,1751924909.8894963,188815.75536727905
5669,1751924721.0739925,1751924759.6283767,batch_consumer-sts-0_20250707_214601_189466.csv,True,False,False,1751924909.8894963,188815.5038356781
5679,1751924721.0742123,1751924759.656249,batch_consumer-sts-0_20250707_214601_189466.csv,True,False,False,1751924909.8894963,188815.28401374817
5689,1751924721.07445,1751924759.6860292,batch_consumer-sts-0_20250707_214601_189466.csv,True,False,False,1751924909.8894963,188815.0463104248
5699,1751924721.0746903,1751924759.7131884,batch_consumer-sts-0_20250707_214601_189466.csv,True,False,False,1751924909.8894963,188814.80598449707
5709,1751924721.074913,1751924759.7416358,batch_consumer-sts-0_20250707_214601_189466.csv,True,False,False,1751924909.8894963,188814.5833015442
5719,1751924721.075148,1751924760.2859936,batch_consumer-sts-0_20250707_214601_189466.csv,True,False,False,1751924909.8894963,188814.3482208252
5729,1751924721.0754066,1751924760.3133714,batch_consumer-sts-0_20250707_214601_189466.csv,True,False,False,1751924909.8894963,188814.08977508545
5739,1751924721.0756128,1751924760.3419316,batch_consumer-sts-0_20250707_214601_189466.csv,True,False,False,1751924909.8894963,188813.88354301453
5749,1751924721.0758169,1751924760.3701413,batch_consumer-sts-0_20250707_214601_189466.csv,True,False,False,1751924909.8894963,188813.67945671082
5759,1751924721.0760078,1751924760.3974853,batch_consumer-sts-0_20250707_214601_189466.csv,True,False,False,1751924909.8894963,188813.48848342896
5769,1751924721.076229,1751924760.4258373,batch_consumer-sts-0_20250707_214601_189466.csv,True,False,False,1751924909.8894963,188813.26723098755
5779,1751924721.076474,1751924760.454786,batch_consumer-sts-0_20250707_214601_189466.csv,True,False,False,1751924909.8894963,188813.0223751068
5789,1751924721.076701,1751924760.4834156,batch_consumer-sts-0_20250707_214601_189466.csv,True,False,False,1751924909.8894963,188812.7954006195
5799,1751924721.0769398,1751924760.5112803,batch_consumer-sts-0_20250707_214601_189466.csv,True,False,False,1751924909.8894963,188812.55650520325
5809,1751924721.0771716,1751924760.5393865,batch_consumer-sts-0_20250707_214601_189466.csv,True,False,False,1751924909.8894963,188812.32476234436
5819,1751924721.0774107,1751924760.567757,batch_consumer-sts-0_20250707_214601_189466.csv,True,False,False,1751924909.8894963,188812.08562850952
5829,1751924721.077655,1751924760.596277,batch_consumer-sts-0_20250707_214601_189466.csv,True,False,False,1751924909.8894963,188811.84124946594
5839,1751924721.077894,1751924760.6246028,batch_consumer-sts-0_20250707_214601_189466.csv,True,False,False,1751924909.8894963,188811.60235404968
5849,1751924721.0781312,1751924760.6521451,batch_consumer-sts-0_20250707_214601_189466.csv,True,False,False,1751924909.8894963,188811.36512756348
5859,1751924721.0783908,1751924760.6800723,batch_consumer-sts-0_20250707_214601_189466.csv,True,False,False,1751924909.8894963,188811.10548973083
5869,1751924721.0786211,1751924760.707852,batch_consumer-sts-0_20250707_214601_189466.csv,True,False,False,1751924909.8894963,188810.87517738342
5879,1751924721.0788548,1751924760.7361135,batch_consumer-sts-0_20250707_214601_189466.csv,True,False,False,1751924909.8894963,188810.6415271759
5889,1751924721.0790904,1751924760.7640283,batch_consumer-sts-0_20250707_214601_189466.csv,True,False,False,1751924909.8894963,188810.40596961975
5899,1751924721.0793216,1751924760.7917137,batch_consumer-sts-0_20250707_214601_189466.csv,True,False,False,1751924909.8894963,188810.17470359802
5909,1751924721.0795436,1751924760.818617,batch_consumer-sts-0_20250707_214601_189466.csv,True,False,False,1751924909.8894963,188809.95273590088
5919,1751924721.079769,1751924760.8472028,batch_consumer-sts-0_20250707_214601_189466.csv,True,False,False,1751924909.8894963,188809.72743034363
5929,1751924721.079995,1751924760.8750184,batch_consumer-sts-0_20250707_214601_189466.csv,True,False,False,1751924909.8894963,188809.50140953064
5939,1751924721.080221,1751924760.9032478,batch_consumer-sts-0_20250707_214601_189466.csv,True,False,False,1751924909.8894963,188809.27538871765
5949,1751924721.0804577,1751924760.9306335,batch_consumer-sts-0_20250707_214601_189466.csv,True,False,False,1751924909.8894963,188809.0386390686
5959,1751924721.0806854,1751924760.966491,batch_consumer-sts-0_20250707_214601_189466.csv,True,False,False,1751924909.8894963,188808.81094932556
5969,1751924721.0809083,1751924760.9941857,batch_consumer-sts-0_20250707_214601_189466.csv,True,False,False,1751924909.8894963,188808.5880279541
5979,1751924721.0811338,1751924761.0211396,batch_consumer-sts-0_20250707_214601_189466.csv,True,False,False,1751924909.8894963,188808.36248397827
5989,1751924721.0813568,1751924761.0499697,batch_consumer-sts-0_20250707_214601_189466.csv,True,False,False,1751924909.8894963,188808.1395626068
5999,1751924721.081584,1751924761.0775106,batch_consumer-sts-0_20250707_214601_189466.csv,True,False,False,1751924909.8894963,188807.91234970093
6009,1751924721.0818126,1751924761.105333,batch_consumer-sts-0_20250707_214601_189466.csv,True,False,False,1751924909.8894963,188807.68370628357
6019,1751924721.08204,1751924761.1330302,batch_consumer-sts-0_20250707_214601_189466.csv,True,False,False,1751924909.8894963,188807.4562549591
6029,1751924721.0822835,1751924761.1606157,batch_consumer-sts-0_20250707_214601_189466.csv,True,False,False,1751924909.8894963,188807.21282958984
6039,1751924721.0825088,1751924761.4388268,batch_consumer-sts-0_20250707_214605_663215.csv,True,False,False,1751924909.8894963,188806.9875240326
6049,1751924721.0827413,1751924761.4676704,batch_consumer-sts-0_20250707_214605_663215.csv,True,False,False,1751924909.8894963,188806.75506591797
6059,1751924721.082972,1751924761.4954364,batch_consumer-sts-0_20250707_214605_663215.csv,True,False,False,1751924909.8894963,188806.5242767334
6069,1751924721.083215,1751924761.523169,batch_consumer-sts-0_20250707_214605_663215.csv,True,False,False,1751924909.8894963,188806.2813282013
6079,1751924721.0834382,1751924761.5511324,batch_consumer-sts-0_20250707_214605_663215.csv,True,False,False,1751924909.8894963,188806.05816841125
6089,1751924721.0836654,1751924761.5779562,batch_consumer-sts-0_20250707_214605_663215.csv,True,False,False,1751924909.8894963,188805.83095550537
6099,1751924721.0838945,1751924761.6060967,batch_consumer-sts-0_20250707_214605_663215.csv,True,False,False,1751924909.8894963,188805.60183525085
6109,1751924721.084123,1751924761.6342185,batch_consumer-sts-0_20250707_214605_663215.csv,True,False,False,1751924909.8894963,188805.37343025208
6119,1751924721.0843492,1751924761.6626737,batch_consumer-sts-0_20250707_214605_663215.csv,True,False,False,1751924909.8894963,188805.1471710205
6129,1751924721.0845742,1751924761.6908882,batch_consumer-sts-0_20250707_214605_663215.csv,True,False,False,1751924909.8894963,188804.92210388184
6139,1751924721.0848093,1751924761.7183263,batch_consumer-sts-0_20250707_214605_663215.csv,True,False,False,1751924909.8894963,188804.68702316284
6149,1751924721.0850406,1751924761.7466617,batch_consumer-sts-0_20250707_214605_663215.csv,True,False,False,1751924909.8894963,188804.4557571411
6159,1751924721.0852642,1751924761.7746265,batch_consumer-sts-0_20250707_214605_663215.csv,True,False,False,1751924909.8894963,188804.23212051392
6169,1751924721.085492,1751924761.8022163,batch_consumer-sts-0_20250707_214605_663215.csv,True,False,False,1751924909.8894963,188804.00443077087
6179,1751924721.0857153,1751924761.9072402,batch_consumer-sts-0_20250707_214605_663215.csv,True,False,False,1751924909.8894963,188803.78103256226
6189,1751924721.0859468,1751924761.933939,batch_consumer-sts-0_20250707_214605_663215.csv,True,False,False,1751924909.8894963,188803.54952812195
6199,1751924721.0861804,1751924761.9617534,batch_consumer-sts-0_20250707_214605_663215.csv,True,False,False,1751924909.8894963,188803.31587791443
6209,1751924721.0864155,1751924761.9900427,batch_consumer-sts-0_20250707_214605_663215.csv,True,False,False,1751924909.8894963,188803.08079719543
6219,1751924721.0866404,1751924762.0173357,batch_consumer-sts-0_20250707_214605_663215.csv,True,False,False,1751924909.8894963,188802.85596847534
6229,1751924721.086869,1751924762.0455356,batch_consumer-sts-0_20250707_214605_663215.csv,True,False,False,1751924909.8894963,188802.62732505798
6239,1751924721.0870934,1751924762.0728674,batch_consumer-sts-0_20250707_214605_663215.csv,True,False,False,1751924909.8894963,188802.40297317505
6249,1751924721.0873206,1751924762.100282,batch_consumer-sts-0_20250707_214605_663215.csv,True,False,False,1751924909.8894963,188802.17576026917
6259,1751924721.0875404,1751924762.1277275,batch_consumer-sts-0_20250707_214605_663215.csv,True,False,False,1751924909.8894963,188801.95593833923
6269,1751924721.0877714,1751924762.1630716,batch_consumer-sts-0_20250707_214605_663215.csv,True,False,False,1751924909.8894963,188801.72491073608
6279,1751924721.0879996,1751924762.1996794,batch_consumer-sts-0_20250707_214605_663215.csv,True,False,False,1751924909.8894963,188801.49674415588
6289,1751924721.0882246,1751924762.2269711,batch_consumer-sts-0_20250707_214605_663215.csv,True,False,False,1751924909.8894963,188801.2716770172
6299,1751924721.088448,1751924762.255396,batch_consumer-sts-0_20250707_214605_663215.csv,True,False,False,1751924909.8894963,188801.0482788086
6309,1751924721.088683,1751924762.2831168,batch_consumer-sts-0_20250707_214605_663215.csv,True,False,False,1751924909.8894963,188800.81343650818
6319,1751924721.088905,1751924762.310387,batch_consumer-sts-0_20250707_214605_663215.csv,True,False,False,1751924909.8894963,188800.59123039246
6329,1751924721.0891304,1751924762.3381624,batch_consumer-sts-0_20250707_214605_663215.csv,True,False,False,1751924909.8894963,188800.3659248352
6339,1751924721.089358,1751924762.3648934,batch_consumer-sts-0_20250707_214605_663215.csv,True,False,False,1751924909.8894963,188800.13823509216
6349,1751924721.0895824,1751924762.392831,batch_consumer-sts-0_20250707_214605_663215.csv,True,False,False,1751924909.8894963,188799.91388320923
6359,1751924721.0898302,1751924762.420122,batch_consumer-sts-0_20250707_214605_663215.csv,True,False,False,1751924909.8894963,188799.66616630554
6369,1751924721.090026,1751924762.4479222,batch_consumer-sts-0_20250707_214605_663215.csv,True,False,False,1751924909.8894963,188799.4704246521
6379,1751924721.0902402,1751924762.475805,batch_consumer-sts-0_20250707_214605_663215.csv,True,False,False,1751924909.8894963,188799.2560863495
6389,1751924721.0904713,1751924762.5039945,batch_consumer-sts-0_20250707_214605_663215.csv,True,False,False,1751924909.8894963,188799.02505874634
6399,1751924721.0907054,1751924762.5327978,batch_consumer-sts-0_20250707_214605_663215.csv,True,False,False,1751924909.8894963,188798.79093170166
6409,1751924721.090945,1751924762.5605838,batch_consumer-sts-0_20250707_214605_663215.csv,True,False,False,1751924909.8894963,188798.55132102966
6419,1751924721.091174,1751924762.5891943,batch_consumer-sts-0_20250707_214605_663215.csv,True,False,False,1751924909.8894963,188798.32243919373
6429,1751924721.091406,1751924762.6167858,batch_consumer-sts-0_20250707_214605_663215.csv,True,False,False,1751924909.8894963,188798.09021949768
6439,1751924721.091661,1751924762.645033,batch_consumer-sts-0_20250707_214605_663215.csv,True,False,False,1751924909.8894963,188797.83535003662
6449,1751924721.0918818,1751924762.6736038,batch_consumer-sts-0_20250707_214605_663215.csv,True,False,False,1751924909.8894963,188797.61457443237
6459,1751924721.092112,1751924762.7017703,batch_consumer-sts-0_20250707_214605_663215.csv,True,False,False,1751924909.8894963,188797.38426208496
6469,1751924721.092344,1751924762.729946,batch_consumer-sts-0_20250707_214605_663215.csv,True,False,False,1751924909.8894963,188797.1522808075
6479,1751924721.0925665,1751924762.75843,batch_consumer-sts-0_20250707_214605_663215.csv,True,False,False,1751924909.8894963,188796.9298362732
6489,1751924721.0927937,1751924762.7872496,batch_consumer-sts-0_20250707_214605_663215.csv,True,False,False,1751924909.8894963,188796.7026233673
6499,1751924721.0930264,1751924762.8146544,batch_consumer-sts-0_20250707_214605_663215.csv,True,False,False,1751924909.8894963,188796.4699268341
6509,1751924721.0932522,1751924762.8425894,batch_consumer-sts-0_20250707_214605_663215.csv,True,False,False,1751924909.8894963,188796.2441444397
6519,1751924721.0934763,1751924762.870596,batch_consumer-sts-0_20250707_214605_663215.csv,True,False,False,1751924909.8894963,188796.02003097534
6529,1751924721.0937011,1751924762.898393,batch_consumer-sts-0_20250707_214605_663215.csv,True,False,False,1751924909.8894963,188795.79520225525
6539,1751924721.093924,1751924762.925944,batch_consumer-sts-0_20250707_214605_663215.csv,True,False,False,1751924909.8894963,188795.5722808838
6549,1751924721.0941603,1751924762.9537067,batch_consumer-sts-0_20250707_214605_663215.csv,True,False,False,1751924909.8894963,188795.3360080719
6559,1751924721.0943902,1751924762.9816148,batch_consumer-sts-0_20250707_214605_663215.csv,True,False,False,1751924909.8894963,188795.10617256165
6569,1751924721.0946138,1751924763.0322466,batch_consumer-sts-0_20250707_214605_663215.csv,True,False,False,1751924909.8894963,188794.88253593445
6579,1751924721.0948417,1751924763.0599618,batch_consumer-sts-0_20250707_214605_663215.csv,True,False,False,1751924909.8894963,188794.65460777283
6589,1751924721.095076,1751924763.0879314,batch_consumer-sts-0_20250707_214605_663215.csv,True,False,False,1751924909.8894963,188794.42024230957
6599,1751924721.0952992,1751924763.1149714,batch_consumer-sts-0_20250707_214605_663215.csv,True,False,False,1751924909.8894963,188794.19708251953
6609,1751924721.095523,1751924763.142005,batch_consumer-sts-0_20250707_214605_663215.csv,True,False,False,1751924909.8894963,188793.97320747375
6619,1751924721.0957484,1751924763.169697,batch_consumer-sts-0_20250707_214605_663215.csv,True,False,False,1751924909.8894963,188793.7479019165
6629,1751924721.0959716,1751924763.197858,batch_consumer-sts-0_20250707_214605_663215.csv,True,False,False,1751924909.8894963,188793.52474212646
6639,1751924721.0961998,1751924764.2279196,batch_consumer-sts-0_20250707_214605_663215.csv,True,False,False,1751924909.8894963,188793.29657554626
6649,1751924721.0964508,1751924764.2558668,batch_consumer-sts-0_20250707_214605_663215.csv,True,False,False,1751924909.8894963,188793.04552078247
6659,1751924721.0966802,1751924764.2835784,batch_consumer-sts-0_20250707_214605_663215.csv,True,False,False,1751924909.8894963,188792.81616210938
6669,1751924721.096907,1751924764.3113203,batch_consumer-sts-0_20250707_214605_663215.csv,True,False,False,1751924909.8894963,188792.58942604065
6679,1751924721.097128,1751924764.338273,batch_consumer-sts-0_20250707_214605_663215.csv,True,False,False,1751924909.8894963,188792.36841201782
6689,1751924721.0973518,1751924764.366338,batch_consumer-sts-0_20250707_214605_663215.csv,True,False,False,1751924909.8894963,188792.14453697205
6699,1751924721.0975728,1751924764.394312,batch_consumer-sts-0_20250707_214605_663215.csv,True,False,False,1751924909.8894963,188791.92352294922
6709,1751924721.0977974,1751924764.4217968,batch_consumer-sts-0_20250707_214605_663215.csv,True,False,False,1751924909.8894963,188791.6989326477
6719,1751924721.098027,1751924764.450021,batch_consumer-sts-0_20250707_214605_663215.csv,True,False,False,1751924909.8894963,188791.46933555603
6729,1751924721.0982614,1751924764.478071,batch_consumer-sts-0_20250707_214605_663215.csv,True,False,False,1751924909.8894963,188791.23497009277
6739,1751924721.0984848,1751924764.5062346,batch_consumer-sts-0_20250707_214605_663215.csv,True,False,False,1751924909.8894963,188791.01157188416
6749,1751924721.0987082,1751924764.533366,batch_consumer-sts-0_20250707_214605_663215.csv,True,False,False,1751924909.8894963,188790.78817367554
6759,1751924721.098935,1751924764.561239,batch_consumer-sts-0_20250707_214605_663215.csv,True,False,False,1751924909.8894963,188790.5614376068
6769,1751924721.0996652,1751924764.5885224,batch_consumer-sts-0_20250707_214605_663215.csv,True,False,False,1751924909.8894963,188789.83116149902
6779,1751924721.0999024,1751924764.6159306,batch_consumer-sts-0_20250707_214605_663215.csv,True,False,False,1751924909.8894963,188789.59393501282
6789,1751924721.100127,1751924764.6437602,batch_consumer-sts-0_20250707_214605_663215.csv,True,False,False,1751924909.8894963,188789.3693447113
6799,1751924721.1003747,1751924764.6723669,batch_consumer-sts-0_20250707_214605_663215.csv,True,False,False,1751924909.8894963,188789.12162780762
6809,1751924721.1006043,1751924764.700574,batch_consumer-sts-0_20250707_214605_663215.csv,True,False,False,1751924909.8894963,188788.89203071594
6819,1751924721.100842,1751924764.7282689,batch_consumer-sts-0_20250707_214605_663215.csv,True,False,False,1751924909.8894963,188788.65432739258
6829,1751924721.1010714,1751924764.7557957,batch_consumer-sts-0_20250707_214605_663215.csv,True,False,False,1751924909.8894963,188788.42496871948
6839,1751924721.1013074,1751924764.785329,batch_consumer-sts-0_20250707_214605_663215.csv,True,False,False,1751924909.8894963,188788.18893432617
6849,1751924721.1015377,1751924764.8125978,batch_consumer-sts-0_20250707_214605_663215.csv,True,False,False,1751924909.8894963,188787.95862197876
6859,1751924721.1017678,1751924764.8401475,batch_consumer-sts-0_20250707_214605_663215.csv,True,False,False,1751924909.8894963,188787.72854804993
6869,1751924721.1020038,1751924764.867993,batch_consumer-sts-0_20250707_214605_663215.csv,True,False,False,1751924909.8894963,188787.49251365662
6879,1751924721.102249,1751924765.216383,batch_consumer-sts-0_20250707_214605_663215.csv,True,False,False,1751924909.8894963,188787.2474193573
6889,1751924721.1024818,1751924765.244363,batch_consumer-sts-0_20250707_214605_663215.csv,True,False,False,1751924909.8894963,188787.01448440552
6899,1751924721.102721,1751924765.2720432,batch_consumer-sts-0_20250707_214605_663215.csv,True,False,False,1751924909.8894963,188786.77535057068
6909,1751924721.1029544,1751924765.2997637,batch_consumer-sts-0_20250707_214605_663215.csv,True,False,False,1751924909.8894963,188786.54193878174
6919,1751924721.1031806,1751924765.3276644,batch_consumer-sts-0_20250707_214605_663215.csv,True,False,False,1751924909.8894963,188786.31567955017
6929,1751924721.1034088,1751924765.355498,batch_consumer-sts-0_20250707_214605_663215.csv,True,False,False,1751924909.8894963,188786.08751296997
6939,1751924721.1036372,1751924765.3837953,batch_consumer-sts-0_20250707_214605_663215.csv,True,False,False,1751924909.8894963,188785.8591079712
6949,1751924721.103865,1751924765.411325,batch_consumer-sts-0_20250707_214605_663215.csv,True,False,False,1751924909.8894963,188785.63141822815
6959,1751924721.1040912,1751924765.439692,batch_consumer-sts-0_20250707_214605_663215.csv,True,False,False,1751924909.8894963,188785.40515899658
6969,1751924721.1043231,1751924765.4676342,batch_consumer-sts-0_20250707_214605_663215.csv,True,False,False,1751924909.8894963,188785.17317771912
6979,1751924721.1045468,1751924765.4953132,batch_consumer-sts-0_20250707_214605_663215.csv,True,False,False,1751924909.8894963,188784.94954109192
6989,1751924721.1047814,1751924765.5234685,batch_consumer-sts-0_20250707_214605_663215.csv,True,False,False,1751924909.8894963,188784.71493721008
6999,1751924721.1050143,1751924765.5515213,batch_consumer-sts-0_20250707_214605_663215.csv,True,False,False,1751924909.8894963,188784.4820022583
7009,1751924721.1052065,1751924765.57945,batch_consumer-sts-0_20250707_214605_663215.csv,True,False,False,1751924909.8894963,188784.28983688354
7019,1751924721.1053922,1751924765.6066396,batch_consumer-sts-0_20250707_214605_663215.csv,True,False,False,1751924909.8894963,188784.10410881042
7029,1751924721.105578,1751924765.6345994,batch_consumer-sts-0_20250707_214605_663215.csv,True,False,False,1751924909.8894963,188783.9183807373
7039,1751924721.105762,1751924765.9026885,batch_consumer-sts-0_20250707_214610_931586.csv,True,False,False,1751924909.8894963,188783.73432159424
7049,1751924721.10596,1751924765.9307086,batch_consumer-sts-0_20250707_214610_931586.csv,True,False,False,1751924909.8894963,188783.53643417358
7059,1751924721.1061487,1751924765.9679751,batch_consumer-sts-0_20250707_214610_931586.csv,True,False,False,1751924909.8894963,188783.34760665894
7069,1751924721.106389,1751924765.9966855,batch_consumer-sts-0_20250707_214610_931586.csv,True,False,False,1751924909.8894963,188783.1072807312
7079,1751924721.1066098,1751924766.0245245,batch_consumer-sts-0_20250707_214610_931586.csv,True,False,False,1751924909.8894963,188782.88650512695
7089,1751924721.1068363,1751924766.052547,batch_consumer-sts-0_20250707_214610_931586.csv,True,False,False,1751924909.8894963,188782.6600074768
7099,1751924721.1070735,1751924766.0802984,batch_consumer-sts-0_20250707_214610_931586.csv,True,False,False,1751924909.8894963,188782.4227809906
7109,1751924721.1073031,1751924766.1077423,batch_consumer-sts-0_20250707_214610_931586.csv,True,False,False,1751924909.8894963,188782.19318389893
7119,1751924721.107533,1751924766.135735,batch_consumer-sts-0_20250707_214610_931586.csv,True,False,False,1751924909.8894963,188781.96334838867
7129,1751924721.107761,1751924766.1639926,batch_consumer-sts-0_20250707_214610_931586.csv,True,False,False,1751924909.8894963,188781.73542022705
7139,1751924721.107986,1751924766.1919782,batch_consumer-sts-0_20250707_214610_931586.csv,True,False,False,1751924909.8894963,188781.51035308838
7149,1751924721.1082156,1751924766.2192042,batch_consumer-sts-0_20250707_214610_931586.csv,True,False,False,1751924909.8894963,188781.2807559967
7159,1751924721.1084464,1751924766.2476754,batch_consumer-sts-0_20250707_214610_931586.csv,True,False,False,1751924909.8894963,188781.04996681213
7169,1751924721.108673,1751924766.2754364,batch_consumer-sts-0_20250707_214610_931586.csv,True,False,False,1751924909.8894963,188780.8232307434
7179,1751924721.108904,1751924766.3029668,batch_consumer-sts-0_20250707_214610_931586.csv,True,False,False,1751924909.8894963,188780.59244155884
7189,1751924721.109172,1751924766.3332424,batch_consumer-sts-0_20250707_214610_931586.csv,True,False,False,1751924909.8894963,188780.32422065735
7199,1751924721.1094162,1751924766.360801,batch_consumer-sts-0_20250707_214610_931586.csv,True,False,False,1751924909.8894963,188780.08008003235
7209,1751924721.1096616,1751924766.3884523,batch_consumer-sts-0_20250707_214610_931586.csv,True,False,False,1751924909.8894963,188779.83474731445
7219,1751924721.1098907,1751924766.4158351,batch_consumer-sts-0_20250707_214610_931586.csv,True,False,False,1751924909.8894963,188779.60562705994
7229,1751924721.1101303,1751924766.443791,batch_consumer-sts-0_20250707_214610_931586.csv,True,False,False,1751924909.8894963,188779.36601638794
7239,1751924721.1104002,1751924766.4724832,batch_consumer-sts-0_20250707_214610_931586.csv,True,False,False,1751924909.8894963,188779.0961265564
7249,1751924721.1106277,1751924766.5002851,batch_consumer-sts-0_20250707_214610_931586.csv,True,False,False,1751924909.8894963,188778.86867523193
7259,1751924721.1108496,1751924766.5279958,batch_consumer-sts-0_20250707_214610_931586.csv,True,False,False,1751924909.8894963,188778.6467075348
7269,1751924721.1110797,1751924766.5550976,batch_consumer-sts-0_20250707_214610_931586.csv,True,False,False,1751924909.8894963,188778.41663360596
7279,1751924721.1113122,1751924766.5824687,batch_consumer-sts-0_20250707_214610_931586.csv,True,False,False,1751924909.8894963,188778.18417549133
7289,1751924721.1115437,1751924766.6097236,batch_consumer-sts-0_20250707_214610_931586.csv,True,False,False,1751924909.8894963,188777.95267105103
7299,1751924721.1117744,1751924766.6375842,batch_consumer-sts-0_20250707_214610_931586.csv,True,False,False,1751924909.8894963,188777.72188186646
7309,1751924721.112003,1751924766.665482,batch_consumer-sts-0_20250707_214610_931586.csv,True,False,False,1751924909.8894963,188777.4932384491
7319,1751924721.1122289,1751924766.693637,batch_consumer-sts-0_20250707_214610_931586.csv,True,False,False,1751924909.8894963,188777.2674560547
7329,1751924721.1124575,1751924766.7209303,batch_consumer-sts-0_20250707_214610_931586.csv,True,False,False,1751924909.8894963,188777.03881263733
7339,1751924721.1126838,1751924766.7499104,batch_consumer-sts-0_20250707_214610_931586.csv,True,False,False,1751924909.8894963,188776.81255340576
7349,1751924721.112909,1751924766.7776806,batch_consumer-sts-0_20250707_214610_931586.csv,True,False,False,1751924909.8894963,188776.5872478485
7359,1751924721.1131408,1751924766.8050568,batch_consumer-sts-0_20250707_214610_931586.csv,True,False,False,1751924909.8894963,188776.35550498962
7369,1751924721.1133714,1751924766.832693,batch_consumer-sts-0_20250707_214610_931586.csv,True,False,False,1751924909.8894963,188776.12495422363
7379,1751924721.113591,1751924766.8605022,batch_consumer-sts-0_20250707_214610_931586.csv,True,False,False,1751924909.8894963,188775.90537071228
7389,1751924721.1138144,1751924766.8885405,batch_consumer-sts-0_20250707_214610_931586.csv,True,False,False,1751924909.8894963,188775.68197250366
7399,1751924721.1140454,1751924766.9158163,batch_consumer-sts-0_20250707_214610_931586.csv,True,False,False,1751924909.8894963,188775.4509449005
7409,1751924721.1144905,1751924767.408244,batch_consumer-sts-0_20250707_214610_931586.csv,True,False,False,1751924909.8894963,188775.00581741333
7419,1751924721.1147285,1751924767.4360914,batch_consumer-sts-0_20250707_214610_931586.csv,True,False,False,1751924909.8894963,188774.7678756714
7429,1751924721.1149566,1751924767.4638643,batch_consumer-sts-0_20250707_214610_931586.csv,True,False,False,1751924909.8894963,188774.5397090912
7439,1751924721.1151805,1751924767.492028,batch_consumer-sts-0_20250707_214610_931586.csv,True,False,False,1751924909.8894963,188774.3158340454
7449,1751924721.115412,1751924767.5191271,batch_consumer-sts-0_20250707_214610_931586.csv,True,False,False,1751924909.8894963,188774.0843296051
7459,1751924721.1156662,1751924767.546822,batch_consumer-sts-0_20250707_214610_931586.csv,True,False,False,1751924909.8894963,188773.83017539978
7469,1751924721.115896,1751924767.575883,batch_consumer-sts-0_20250707_214610_931586.csv,True,False,False,1751924909.8894963,188773.60033988953
7479,1751924721.1161325,1751924767.6050196,batch_consumer-sts-0_20250707_214610_931586.csv,True,False,False,1751924909.8894963,188773.36382865906
7489,1751924721.116357,1751924767.636355,batch_consumer-sts-0_20250707_214610_931586.csv,True,False,False,1751924909.8894963,188773.13923835754
7499,1751924721.1165826,1751924767.664314,batch_consumer-sts-0_20250707_214610_931586.csv,True,False,False,1751924909.8894963,188772.9136943817
7509,1751924721.1168067,1751924767.6946447,batch_consumer-sts-0_20250707_214610_931586.csv,True,False,False,1751924909.8894963,188772.68958091736
7519,1751924721.1170316,1751924767.7770996,batch_consumer-sts-0_20250707_214610_931586.csv,True,False,False,1751924909.8894963,188772.46475219727
7529,1751924721.1172664,1751924767.805391,batch_consumer-sts-0_20250707_214610_931586.csv,True,False,False,1751924909.8894963,188772.22990989685
7539,1751924721.1174955,1751924767.8362155,batch_consumer-sts-0_20250707_214610_931586.csv,True,False,False,1751924909.8894963,188772.00078964233
7549,1751924721.1177237,1751924767.864358,batch_consumer-sts-0_20250707_214610_931586.csv,True,False,False,1751924909.8894963,188771.77262306213
7559,1751924721.1179495,1751924767.8918731,batch_consumer-sts-0_20250707_214610_931586.csv,True,False,False,1751924909.8894963,188771.54684066772
7569,1751924721.118183,1751924767.9192123,batch_consumer-sts-0_20250707_214610_931586.csv,True,False,False,1751924909.8894963,188771.31342887878
7579,1751924721.1184142,1751924767.9468286,batch_consumer-sts-0_20250707_214610_931586.csv,True,False,False,1751924909.8894963,188771.08216285706
7589,1751924721.1186483,1751924767.9748096,batch_consumer-sts-0_20250707_214610_931586.csv,True,False,False,1751924909.8894963,188770.84803581238
7599,1751924721.1188743,1751924768.0028627,batch_consumer-sts-0_20250707_214610_931586.csv,True,False,False,1751924909.8894963,188770.6220149994
7609,1751924721.119105,1751924768.0306249,batch_consumer-sts-0_20250707_214610_931586.csv,True,False,False,1751924909.8894963,188770.39122581482
7619,1751924721.119335,1751924768.058654,batch_consumer-sts-0_20250707_214610_931586.csv,True,False,False,1751924909.8894963,188770.16139030457
7629,1751924721.1195605,1751924768.0865586,batch_consumer-sts-0_20250707_214610_931586.csv,True,False,False,1751924909.8894963,188769.93584632874
7639,1751924721.11981,1751924768.1139984,batch_consumer-sts-0_20250707_214610_931586.csv,True,False,False,1751924909.8894963,188769.68622207642
7649,1751924721.1199818,1751924768.1428592,batch_consumer-sts-0_20250707_214610_931586.csv,True,False,False,1751924909.8894963,188769.51456069946
7659,1751924721.1201582,1751924768.170745,batch_consumer-sts-0_20250707_214610_931586.csv,True,False,False,1751924909.8894963,188769.33813095093
7669,1751924721.120354,1751924768.1984513,batch_consumer-sts-0_20250707_214610_931586.csv,True,False,False,1751924909.8894963,188769.14238929749
7679,1751924721.1205535,1751924768.2261624,batch_consumer-sts-0_20250707_214610_931586.csv,True,False,False,1751924909.8894963,188768.94283294678
7689,1751924721.1207314,1751924768.2542193,batch_consumer-sts-0_20250707_214610_931586.csv,True,False,False,1751924909.8894963,188768.76497268677
7699,1751924721.1209111,1751924768.2830317,batch_consumer-sts-0_20250707_214610_931586.csv,True,False,False,1751924909.8894963,188768.58520507812
7709,1751924721.121117,1751924768.3103604,batch_consumer-sts-0_20250707_214610_931586.csv,True,False,False,1751924909.8894963,188768.37921142578
7719,1751924721.12131,1751924768.338177,batch_consumer-sts-0_20250707_214610_931586.csv,True,False,False,1751924909.8894963,188768.1863307953
7729,1751924721.1214926,1751924768.366324,batch_consumer-sts-0_20250707_214610_931586.csv,True,False,False,1751924909.8894963,188768.0037021637
7739,1751924721.12168,1751924768.3940918,batch_consumer-sts-0_20250707_214610_931586.csv,True,False,False,1751924909.8894963,188767.81630516052
7749,1751924721.1219008,1751924768.4230423,batch_consumer-sts-0_20250707_214610_931586.csv,True,False,False,1751924909.8894963,188767.59552955627
7759,1751924721.1221452,1751924768.450659,batch_consumer-sts-0_20250707_214610_931586.csv,True,False,False,1751924909.8894963,188767.3511505127
7769,1751924721.1223817,1751924768.4781592,batch_consumer-sts-0_20250707_214610_931586.csv,True,False,False,1751924909.8894963,188767.11463928223
7779,1751924721.1226082,1751924768.505208,batch_consumer-sts-0_20250707_214610_931586.csv,True,False,False,1751924909.8894963,188766.88814163208
7789,1751924721.122833,1751924768.5319557,batch_consumer-sts-0_20250707_214610_931586.csv,True,False,False,1751924909.8894963,188766.663312912
7799,1751924721.1230664,1751924768.560017,batch_consumer-sts-0_20250707_214610_931586.csv,True,False,False,1751924909.8894963,188766.42990112305
7809,1751924721.1232872,1751924768.5879753,batch_consumer-sts-0_20250707_214610_931586.csv,True,False,False,1751924909.8894963,188766.2091255188
7819,1751924721.1235228,1751924768.6154668,batch_consumer-sts-0_20250707_214610_931586.csv,True,False,False,1751924909.8894963,188765.97356796265
7829,1751924721.1237514,1751924768.643293,batch_consumer-sts-0_20250707_214610_931586.csv,True,False,False,1751924909.8894963,188765.7449245453
7839,1751924721.1239824,1751924769.6739223,batch_consumer-sts-0_20250707_214610_931586.csv,True,False,False,1751924909.8894963,188765.51389694214
7849,1751924721.1242046,1751924769.702051,batch_consumer-sts-0_20250707_214610_931586.csv,True,False,False,1751924909.8894963,188765.29169082642
7859,1751924721.124437,1751924769.7398012,batch_consumer-sts-0_20250707_214610_931586.csv,True,False,False,1751924909.8894963,188765.0592327118
7869,1751924721.124662,1751924769.7674568,batch_consumer-sts-0_20250707_214610_931586.csv,True,False,False,1751924909.8894963,188764.8344039917
7879,1751924721.1248882,1751924769.7950048,batch_consumer-sts-0_20250707_214610_931586.csv,True,False,False,1751924909.8894963,188764.60814476013
7889,1751924721.1251216,1751924769.822292,batch_consumer-sts-0_20250707_214610_931586.csv,True,False,False,1751924909.8894963,188764.3747329712
7899,1751924721.125352,1751924769.8510394,batch_consumer-sts-0_20250707_214610_931586.csv,True,False,False,1751924909.8894963,188764.14442062378
7909,1751924721.125577,1751924769.8790357,batch_consumer-sts-0_20250707_214610_931586.csv,True,False,False,1751924909.8894963,188763.9193534851
7919,1751924721.1258004,1751924769.9058475,batch_consumer-sts-0_20250707_214610_931586.csv,True,False,False,1751924909.8894963,188763.6959552765
7929,1751924721.126035,1751924769.9332995,batch_consumer-sts-0_20250707_214610_931586.csv,True,False,False,1751924909.8894963,188763.46135139465
7939,1751924721.1262674,1751924769.960868,batch_consumer-sts-0_20250707_214610_931586.csv,True,False,False,1751924909.8894963,188763.22889328003
7949,1751924721.1264925,1751924769.989756,batch_consumer-sts-0_20250707_214610_931586.csv,True,False,False,1751924909.8894963,188763.00382614136
7959,1751924721.1267216,1751924770.7095456,batch_consumer-sts-0_20250707_214610_931586.csv,True,False,False,1751924909.8894963,188762.77470588684
7969,1751924721.1269472,1751924770.7372963,batch_consumer-sts-0_20250707_214610_931586.csv,True,False,False,1751924909.8894963,188762.549161911
7979,1751924721.1271656,1751924770.7642574,batch_consumer-sts-0_20250707_214610_931586.csv,True,False,False,1751924909.8894963,188762.33077049255
7989,1751924721.127396,1751924770.7920628,batch_consumer-sts-0_20250707_214610_931586.csv,True,False,False,1751924909.8894963,188762.10021972656
7999,1751924721.1276257,1751924770.8195016,batch_consumer-sts-0_20250707_214610_931586.csv,True,False,False,1751924909.8894963,188761.8706226349
8009,1751924721.1278515,1751924770.8471842,batch_consumer-sts-0_20250707_214610_931586.csv,True,False,False,1751924909.8894963,188761.64484024048
8019,1751924721.1280844,1751924770.8762732,batch_consumer-sts-0_20250707_214610_931586.csv,True,False,False,1751924909.8894963,188761.4119052887
8029,1751924721.1283104,1751924770.9030852,batch_consumer-sts-0_20250707_214610_931586.csv,True,False,False,1751924909.8894963,188761.1858844757
8039,1751924721.1285448,1751924771.140561,batch_consumer-sts-0_20250707_214614_023826.csv,True,False,False,1751924909.8894963,188760.95151901245
8049,1751924721.1287713,1751924771.1682837,batch_consumer-sts-0_20250707_214614_023826.csv,True,False,False,1751924909.8894963,188760.7250213623
8059,1751924721.1290004,1751924771.194944,batch_consumer-sts-0_20250707_214614_023826.csv,True,False,False,1751924909.8894963,188760.4959011078
8069,1751924721.129228,1751924771.222104,batch_consumer-sts-0_20250707_214614_023826.csv,True,False,False,1751924909.8894963,188760.26821136475
8079,1751924721.1294525,1751924771.2499657,batch_consumer-sts-0_20250707_214614_023826.csv,True,False,False,1751924909.8894963,188760.0438594818
8089,1751924721.1296773,1751924771.2779572,batch_consumer-sts-0_20250707_214614_023826.csv,True,False,False,1751924909.8894963,188759.81903076172
8099,1751924721.129902,1751924771.306199,batch_consumer-sts-0_20250707_214614_023826.csv,True,False,False,1751924909.8894963,188759.5944404602
8109,1751924721.1301332,1751924771.3375306,batch_consumer-sts-0_20250707_214614_023826.csv,True,False,False,1751924909.8894963,188759.36317443848
8119,1751924721.1303768,1751924771.3654006,batch_consumer-sts-0_20250707_214614_023826.csv,True,False,False,1751924909.8894963,188759.11951065063
8129,1751924721.1306028,1751924771.39325,batch_consumer-sts-0_20250707_214614_023826.csv,True,False,False,1751924909.8894963,188758.89348983765
8139,1751924721.1308358,1751924771.4202373,batch_consumer-sts-0_20250707_214614_023826.csv,True,False,False,1751924909.8894963,188758.66055488586
8149,1751924721.1310568,1751924771.448115,batch_consumer-sts-0_20250707_214614_023826.csv,True,False,False,1751924909.8894963,188758.43954086304
8159,1751924721.1313012,1751924771.475783,batch_consumer-sts-0_20250707_214614_023826.csv,True,False,False,1751924909.8894963,188758.19516181946
8169,1751924721.131528,1751924771.50352,batch_consumer-sts-0_20250707_214614_023826.csv,True,False,False,1751924909.8894963,188757.96842575073
8179,1751924721.131758,1751924771.5387044,batch_consumer-sts-0_20250707_214614_023826.csv,True,False,False,1751924909.8894963,188757.7383518219
8189,1751924721.1319814,1751924771.568064,batch_consumer-sts-0_20250707_214614_023826.csv,True,False,False,1751924909.8894963,188757.51495361328
8199,1751924721.1322112,1751924771.5964217,batch_consumer-sts-0_20250707_214614_023826.csv,True,False,False,1751924909.8894963,188757.28511810303
8209,1751924721.132437,1751924771.6237934,batch_consumer-sts-0_20250707_214614_023826.csv,True,False,False,1751924909.8894963,188757.05933570862
8219,1751924721.132666,1751924771.651906,batch_consumer-sts-0_20250707_214614_023826.csv,True,False,False,1751924909.8894963,188756.8302154541
8229,1751924721.1328945,1751924771.679953,batch_consumer-sts-0_20250707_214614_023826.csv,True,False,False,1751924909.8894963,188756.60181045532
8239,1751924721.13312,1751924771.7076092,batch_consumer-sts-0_20250707_214614_023826.csv,True,False,False,1751924909.8894963,188756.3762664795
8249,1751924721.133352,1751924771.738519,batch_consumer-sts-0_20250707_214614_023826.csv,True,False,False,1751924909.8894963,188756.14428520203
8259,1751924721.1335776,1751924771.7661605,batch_consumer-sts-0_20250707_214614_023826.csv,True,False,False,1751924909.8894963,188755.9187412262
8269,1751924721.1338043,1751924771.7943137,batch_consumer-sts-0_20250707_214614_023826.csv,True,False,False,1751924909.8894963,188755.69200515747
8279,1751924721.1340263,1751924771.8202186,batch_consumer-sts-0_20250707_214614_023826.csv,True,False,False,1751924909.8894963,188755.47003746033
8289,1751924721.1342585,1751924771.8503742,batch_consumer-sts-0_20250707_214614_023826.csv,True,False,False,1751924909.8894963,188755.23781776428
8299,1751924721.1344793,1751924771.8782496,batch_consumer-sts-0_20250707_214614_023826.csv,True,False,False,1751924909.8894963,188755.01704216003
8309,1751924721.134706,1751924771.9056892,batch_consumer-sts-0_20250707_214614_023826.csv,True,False,False,1751924909.8894963,188754.7903060913
8319,1751924721.134941,1751924771.9330404,batch_consumer-sts-0_20250707_214614_023826.csv,True,False,False,1751924909.8894963,188754.5552253723
8329,1751924721.1351736,1751924771.9609215,batch_consumer-sts-0_20250707_214614_023826.csv,True,False,False,1751924909.8894963,188754.3227672577
8339,1751924721.1353984,1751924771.98915,batch_consumer-sts-0_20250707_214614_023826.csv,True,False,False,1751924909.8894963,188754.0979385376
8349,1751924721.1355965,1751924772.016173,batch_consumer-sts-0_20250707_214614_023826.csv,True,False,False,1751924909.8894963,188753.89981269836
8359,1751924721.1357756,1751924772.0440502,batch_consumer-sts-0_20250707_214614_023826.csv,True,False,False,1751924909.8894963,188753.72076034546
8369,1751924721.1359525,1751924772.1125329,batch_consumer-sts-0_20250707_214614_023826.csv,True,False,False,1751924909.8894963,188753.54385375977
8379,1751924721.1361585,1751924772.1406968,batch_consumer-sts-0_20250707_214614_023826.csv,True,False,False,1751924909.8894963,188753.33786010742
8389,1751924721.136344,1751924772.1822598,batch_consumer-sts-0_20250707_214614_023826.csv,True,False,False,1751924909.8894963,188753.15237045288
8399,1751924721.1365292,1751924772.2095573,batch_consumer-sts-0_20250707_214614_023826.csv,True,False,False,1751924909.8894963,188752.96711921692
8409,1751924721.136715,1751924772.2374854,batch_consumer-sts-0_20250707_214614_023826.csv,True,False,False,1751924909.8894963,188752.7813911438
8419,1751924721.136914,1751924772.2657256,batch_consumer-sts-0_20250707_214614_023826.csv,True,False,False,1751924909.8894963,188752.58231163025
8429,1751924721.1371384,1751924772.2943835,batch_consumer-sts-0_20250707_214614_023826.csv,True,False,False,1751924909.8894963,188752.3579597473
8439,1751924721.1373725,1751924772.3216562,batch_consumer-sts-0_20250707_214614_023826.csv,True,False,False,1751924909.8894963,188752.12383270264
8449,1751924721.137597,1751924772.3500395,batch_consumer-sts-0_20250707_214614_023826.csv,True,False,False,1751924909.8894963,188751.89924240112
8459,1751924721.1378176,1751924772.3783307,batch_consumer-sts-0_20250707_214614_023826.csv,True,False,False,1751924909.8894963,188751.67870521545
8469,1751924721.1380455,1751924772.4084845,batch_consumer-sts-0_20250707_214614_023826.csv,True,False,False,1751924909.8894963,188751.45077705383
8479,1751924721.1382806,1751924772.4361825,batch_consumer-sts-0_20250707_214614_023826.csv,True,False,False,1751924909.8894963,188751.21569633484
8489,1751924721.1385157,1751924772.4637542,batch_consumer-sts-0_20250707_214614_023826.csv,True,False,False,1751924909.8894963,188750.98061561584
8499,1751924721.1387424,1751924772.4916172,batch_consumer-sts-0_20250707_214614_023826.csv,True,False,False,1751924909.8894963,188750.75387954712
8509,1751924721.1389678,1751924772.5186317,batch_consumer-sts-0_20250707_214614_023826.csv,True,False,False,1751924909.8894963,188750.52857398987
8519,1751924721.1391988,1751924772.5465815,batch_consumer-sts-0_20250707_214614_023826.csv,True,False,False,1751924909.8894963,188750.29754638672
8529,1751924721.1394224,1751924772.5740008,batch_consumer-sts-0_20250707_214614_023826.csv,True,False,False,1751924909.8894963,188750.07390975952
8539,1751924721.1396475,1751924772.6047676,batch_consumer-sts-0_20250707_214614_023826.csv,True,False,False,1751924909.8894963,188749.84884262085
8549,1751924721.1398754,1751924772.6513677,batch_consumer-sts-0_20250707_214614_023826.csv,True,False,False,1751924909.8894963,188749.62091445923
8559,1751924721.1401024,1751924772.679616,batch_consumer-sts-0_20250707_214614_023826.csv,True,False,False,1751924909.8894963,188749.39393997192
8569,1751924721.1403244,1751924772.7073853,batch_consumer-sts-0_20250707_214614_023826.csv,True,False,False,1751924909.8894963,188749.17197227478
8579,1751924721.1405542,1751924772.7356856,batch_consumer-sts-0_20250707_214614_023826.csv,True,False,False,1751924909.8894963,188748.94213676453
8589,1751924721.1407802,1751924772.763049,batch_consumer-sts-0_20250707_214614_023826.csv,True,False,False,1751924909.8894963,188748.71611595154
8599,1751924721.141008,1751924772.7914631,batch_consumer-sts-0_20250707_214614_023826.csv,True,False,False,1751924909.8894963,188748.4884262085
8609,1751924721.141235,1751924772.8186903,batch_consumer-sts-0_20250707_214614_023826.csv,True,False,False,1751924909.8894963,188748.2612133026
8619,1751924721.1414597,1751924772.846154,batch_consumer-sts-0_20250707_214614_023826.csv,True,False,False,1751924909.8894963,188748.0366230011
8629,1751924721.1417005,1751924772.8735256,batch_consumer-sts-0_20250707_214614_023826.csv,True,False,False,1751924909.8894963,188747.7958202362
8639,1751924721.1419263,1751924772.9012375,batch_consumer-sts-0_20250707_214614_023826.csv,True,False,False,1751924909.8894963,188747.5700378418
8649,1751924721.1421628,1751924772.933467,batch_consumer-sts-0_20250707_214614_023826.csv,True,False,False,1751924909.8894963,188747.33352661133
8659,1751924721.142388,1751924772.9609227,batch_consumer-sts-0_20250707_214614_023826.csv,True,False,False,1751924909.8894963,188747.10822105408
8669,1751924721.1426167,1751924772.9885552,batch_consumer-sts-0_20250707_214614_023826.csv,True,False,False,1751924909.8894963,188746.87957763672
8679,1751924721.1428418,1751924773.0155344,batch_consumer-sts-0_20250707_214614_023826.csv,True,False,False,1751924909.8894963,188746.65451049805
8689,1751924721.1430676,1751924773.043532,batch_consumer-sts-0_20250707_214614_023826.csv,True,False,False,1751924909.8894963,188746.42872810364
8699,1751924721.1433034,1751924773.0713782,batch_consumer-sts-0_20250707_214614_023826.csv,True,False,False,1751924909.8894963,188746.1929321289
8709,1751924721.143532,1751924773.0989442,batch_consumer-sts-0_20250707_214614_023826.csv,True,False,False,1751924909.8894963,188745.96428871155
8719,1751924721.1437616,1751924773.1305184,batch_consumer-sts-0_20250707_214614_023826.csv,True,False,False,1751924909.8894963,188745.73469161987
8729,1751924721.1439888,1751924773.1578026,batch_consumer-sts-0_20250707_214614_023826.csv,True,False,False,1751924909.8894963,188745.507478714
8739,1751924721.1442611,1751924773.1850295,batch_consumer-sts-0_20250707_214614_023826.csv,True,False,False,1751924909.8894963,188745.23520469666
8749,1751924721.1444857,1751924773.212318,batch_consumer-sts-0_20250707_214614_023826.csv,True,False,False,1751924909.8894963,188745.01061439514
8759,1751924721.1447113,1751924773.2416131,batch_consumer-sts-0_20250707_214614_023826.csv,True,False,False,1751924909.8894963,188744.7850704193
8769,1751924721.144938,1751924773.2692957,batch_consumer-sts-0_20250707_214614_023826.csv,True,False,False,1751924909.8894963,188744.5583343506
8779,1751924721.1451666,1751924773.2968109,batch_consumer-sts-0_20250707_214614_023826.csv,True,False,False,1751924909.8894963,188744.32969093323
8789,1751924721.145393,1751924773.3245058,batch_consumer-sts-0_20250707_214614_023826.csv,True,False,False,1751924909.8894963,188744.10343170166
8799,1751924721.1456206,1751924773.352632,batch_consumer-sts-0_20250707_214614_023826.csv,True,False,False,1751924909.8894963,188743.87574195862
8809,1751924721.1458468,1751924773.3801758,batch_consumer-sts-0_20250707_214614_023826.csv,True,False,False,1751924909.8894963,188743.64948272705
8819,1751924721.1460729,1751924773.408745,batch_consumer-sts-0_20250707_214614_023826.csv,True,False,False,1751924909.8894963,188743.42346191406
8829,1751924721.1463034,1751924773.4402862,batch_consumer-sts-0_20250707_214614_023826.csv,True,False,False,1751924909.8894963,188743.19291114807
8839,1751924721.1465266,1751924773.4685464,batch_consumer-sts-0_20250707_214614_023826.csv,True,False,False,1751924909.8894963,188742.96975135803
8849,1751924721.146756,1751924773.4965172,batch_consumer-sts-0_20250707_214614_023826.csv,True,False,False,1751924909.8894963,188742.74039268494
8859,1751924721.1470065,1751924773.5242035,batch_consumer-sts-0_20250707_214614_023826.csv,True,False,False,1751924909.8894963,188742.4898147583
8869,1751924721.1472402,1751924773.5517256,batch_consumer-sts-0_20250707_214614_023826.csv,True,False,False,1751924909.8894963,188742.25616455078
8879,1751924721.1474624,1751924773.579699,batch_consumer-sts-0_20250707_214614_023826.csv,True,False,False,1751924909.8894963,188742.03395843506
8889,1751924721.147695,1751924773.607587,batch_consumer-sts-0_20250707_214614_023826.csv,True,False,False,1751924909.8894963,188741.80126190186
8899,1751924721.147916,1751924773.634981,batch_consumer-sts-0_20250707_214614_023826.csv,True,False,False,1751924909.8894963,188741.58024787903
8909,1751924721.148143,1751924773.6624177,batch_consumer-sts-0_20250707_214614_023826.csv,True,False,False,1751924909.8894963,188741.35327339172
8919,1751924721.148367,1751924773.69011,batch_consumer-sts-0_20250707_214614_023826.csv,True,False,False,1751924909.8894963,188741.12939834595
8929,1751924721.148605,1751924773.7172627,batch_consumer-sts-0_20250707_214614_023826.csv,True,False,False,1751924909.8894963,188740.89121818542
8939,1751924721.1488342,1751924773.7451203,batch_consumer-sts-0_20250707_214614_023826.csv,True,False,False,1751924909.8894963,188740.6620979309
8949,1751924721.1490755,1751924773.772385,batch_consumer-sts-0_20250707_214614_023826.csv,True,False,False,1751924909.8894963,188740.42081832886
8959,1751924721.1493084,1751924773.7996068,batch_consumer-sts-0_20250707_214614_023826.csv,True,False,False,1751924909.8894963,188740.18788337708
8969,1751924721.1495523,1751924773.827989,batch_consumer-sts-0_20250707_214614_023826.csv,True,False,False,1751924909.8894963,188739.94398117065
8979,1751924721.1497858,1751924773.8554423,batch_consumer-sts-0_20250707_214614_023826.csv,True,False,False,1751924909.8894963,188739.7105693817
8989,1751924721.1500285,1751924773.8835971,batch_consumer-sts-0_20250707_214614_023826.csv,True,False,False,1751924909.8894963,188739.4678592682
8999,1751924721.1503298,1751924773.9106967,batch_consumer-sts-0_20250707_214614_023826.csv,True,False,False,1751924909.8894963,188739.1664981842
9009,1751924721.1505623,1751924773.9385157,batch_consumer-sts-0_20250707_214614_023826.csv,True,False,False,1751924909.8894963,188738.93404006958
9019,1751924721.150808,1751924773.9677217,batch_consumer-sts-0_20250707_214614_023826.csv,True,False,False,1751924909.8894963,188738.68823051453
9029,1751924721.1511211,1751924773.9957602,batch_consumer-sts-0_20250707_214614_023826.csv,True,False,False,1751924909.8894963,188738.37518692017
9039,1751924721.1513984,1751924775.2696686,batch_consumer-sts-0_20250707_214618_368510.csv,True,False,False,1751924909.8894963,188738.09790611267
9049,1751924721.151696,1751924775.3742106,batch_consumer-sts-0_20250707_214618_368510.csv,True,False,False,1751924909.8894963,188737.80035972595
9059,1751924721.1519513,1751924775.4018283,batch_consumer-sts-0_20250707_214618_368510.csv,True,False,False,1751924909.8894963,188737.54501342773
9069,1751924721.1521976,1751924775.4298444,batch_consumer-sts-0_20250707_214618_368510.csv,True,False,False,1751924909.8894963,188737.29872703552
9079,1751924721.1524756,1751924775.4576874,batch_consumer-sts-0_20250707_214618_368510.csv,True,False,False,1751924909.8894963,188737.0207309723
9089,1751924721.1527312,1751924775.4859118,batch_consumer-sts-0_20250707_214618_368510.csv,True,False,False,1751924909.8894963,188736.7651462555
9099,1751924721.152959,1751924775.513682,batch_consumer-sts-0_20250707_214618_368510.csv,True,False,False,1751924909.8894963,188736.53721809387
9109,1751924721.1531909,1751924775.541878,batch_consumer-sts-0_20250707_214618_368510.csv,True,False,False,1751924909.8894963,188736.30547523499
9119,1751924721.15342,1751924775.5701923,batch_consumer-sts-0_20250707_214618_368510.csv,True,False,False,1751924909.8894963,188736.07635498047
9129,1751924721.1536517,1751924775.598418,batch_consumer-sts-0_20250707_214618_368510.csv,True,False,False,1751924909.8894963,188735.84461212158
9139,1751924721.153881,1751924775.6283832,batch_consumer-sts-0_20250707_214618_368510.csv,True,False,False,1751924909.8894963,188735.6152534485
9149,1751924721.1541092,1751924775.656618,batch_consumer-sts-0_20250707_214618_368510.csv,True,False,False,1751924909.8894963,188735.3870868683
9159,1751924721.1543505,1751924775.684455,batch_consumer-sts-0_20250707_214618_368510.csv,True,False,False,1751924909.8894963,188735.14580726624
9169,1751924721.1545846,1751924775.711563,batch_consumer-sts-0_20250707_214618_368510.csv,True,False,False,1751924909.8894963,188734.91168022156
9179,1751924721.1549015,1751924775.739711,batch_consumer-sts-0_20250707_214618_368510.csv,True,False,False,1751924909.8894963,188734.59482192993
9189,1751924721.155146,1751924775.7678976,batch_consumer-sts-0_20250707_214618_368510.csv,True,False,False,1751924909.8894963,188734.35044288635
9199,1751924721.155414,1751924775.7954595,batch_consumer-sts-0_20250707_214618_368510.csv,True,False,False,1751924909.8894963,188734.08222198486
9209,1751924721.1556416,1751924775.8221242,batch_consumer-sts-0_20250707_214618_368510.csv,True,False,False,1751924909.8894963,188733.8547706604
9219,1751924721.1559155,1751924775.8497782,batch_consumer-sts-0_20250707_214618_368510.csv,True,False,False,1751924909.8894963,188733.580827713
9229,1751924721.1562088,1751924775.877011,batch_consumer-sts-0_20250707_214618_368510.csv,True,False,False,1751924909.8894963,188733.28757286072
9239,1751924721.156459,1751924775.9063413,batch_consumer-sts-0_20250707_214618_368510.csv,True,False,False,1751924909.8894963,188733.03723335266
9249,1751924721.156681,1751924775.934501,batch_consumer-sts-0_20250707_214618_368510.csv,True,False,False,1751924909.8894963,188732.81526565552
9259,1751924721.1569092,1751924775.9646297,batch_consumer-sts-0_20250707_214618_368510.csv,True,False,False,1751924909.8894963,188732.58709907532
9269,1751924721.1571455,1751924775.9923673,batch_consumer-sts-0_20250707_214618_368510.csv,True,False,False,1751924909.8894963,188732.35082626343
9279,1751924721.1573792,1751924776.0194006,batch_consumer-sts-0_20250707_214618_368510.csv,True,False,False,1751924909.8894963,188732.1171760559
9289,1751924721.1576097,1751924776.0466912,batch_consumer-sts-0_20250707_214618_368510.csv,True,False,False,1751924909.8894963,188731.88662528992
9299,1751924721.1578884,1751924776.0746214,batch_consumer-sts-0_20250707_214618_368510.csv,True,False,False,1751924909.8894963,188731.60791397095
9309,1751924721.1581511,1751924776.102807,batch_consumer-sts-0_20250707_214618_368510.csv,True,False,False,1751924909.8894963,188731.34517669678
9319,1751924721.1584177,1751924776.1320922,batch_consumer-sts-0_20250707_214618_368510.csv,True,False,False,1751924909.8894963,188731.07862472534
9329,1751924721.1587002,1751924776.1595542,batch_consumer-sts-0_20250707_214618_368510.csv,True,False,False,1751924909.8894963,188730.7960987091
9339,1751924721.1589365,1751924776.1869926,batch_consumer-sts-0_20250707_214618_368510.csv,True,False,False,1751924909.8894963,188730.55982589722
9349,1751924721.1591706,1751924776.21426,batch_consumer-sts-0_20250707_214618_368510.csv,True,False,False,1751924909.8894963,188730.32569885254
9359,1751924721.1594,1751924776.2419384,batch_consumer-sts-0_20250707_214618_368510.csv,True,False,False,1751924909.8894963,188730.09634017944
9369,1751924721.1596353,1751924776.2693572,batch_consumer-sts-0_20250707_214618_368510.csv,True,False,False,1751924909.8894963,188729.86102104187
9379,1751924721.159866,1751924776.2969098,batch_consumer-sts-0_20250707_214618_368510.csv,True,False,False,1751924909.8894963,188729.6302318573
9389,1751924721.1601157,1751924776.3239317,batch_consumer-sts-0_20250707_214618_368510.csv,True,False,False,1751924909.8894963,188729.38060760498
9399,1751924721.160439,1751924776.3515975,batch_consumer-sts-0_20250707_214618_368510.csv,True,False,False,1751924909.8894963,188729.05731201172
9409,1751924721.1608076,1751924776.3793466,batch_consumer-sts-0_20250707_214618_368510.csv,True,False,False,1751924909.8894963,188728.68871688843
9419,1751924721.1610923,1751924776.4068244,batch_consumer-sts-0_20250707_214618_368510.csv,True,False,False,1751924909.8894963,188728.40404510498
9429,1751924721.161415,1751924776.4343784,batch_consumer-sts-0_20250707_214618_368510.csv,True,False,False,1751924909.8894963,188728.08122634888
9439,1751924721.161682,1751924776.4636347,batch_consumer-sts-0_20250707_214618_368510.csv,True,False,False,1751924909.8894963,188727.81443595886
9449,1751924721.1619291,1751924776.4913528,batch_consumer-sts-0_20250707_214618_368510.csv,True,False,False,1751924909.8894963,188727.56719589233
9459,1751924721.162181,1751924776.5184584,batch_consumer-sts-0_20250707_214618_368510.csv,True,False,False,1751924909.8894963,188727.3154258728
9469,1751924721.1624098,1751924776.5508442,batch_consumer-sts-0_20250707_214618_368510.csv,True,False,False,1751924909.8894963,188727.08654403687
9479,1751924721.1627252,1751924776.5788696,batch_consumer-sts-0_20250707_214618_368510.csv,True,False,False,1751924909.8894963,188726.7711162567
9489,1751924721.1629577,1751924776.6066222,batch_consumer-sts-0_20250707_214618_368510.csv,True,False,False,1751924909.8894963,188726.5386581421
9499,1751924721.1631894,1751924776.6378555,batch_consumer-sts-0_20250707_214618_368510.csv,True,False,False,1751924909.8894963,188726.3069152832
9509,1751924721.1634152,1751924776.6659815,batch_consumer-sts-0_20250707_214618_368510.csv,True,False,False,1751924909.8894963,188726.0811328888
9519,1751924721.163674,1751924776.6944623,batch_consumer-sts-0_20250707_214618_368510.csv,True,False,False,1751924909.8894963,188725.8222103119
9529,1751924721.163918,1751924776.7215724,batch_consumer-sts-0_20250707_214618_368510.csv,True,False,False,1751924909.8894963,188725.57830810547
9539,1751924721.1641755,1751924776.7492628,batch_consumer-sts-0_20250707_214618_368510.csv,True,False,False,1751924909.8894963,188725.32081604004
9549,1751924721.164452,1751924776.7765548,batch_consumer-sts-0_20250707_214618_368510.csv,True,False,False,1751924909.8894963,188725.04425048828
9559,1751924721.1647096,1751924776.8038807,batch_consumer-sts-0_20250707_214618_368510.csv,True,False,False,1751924909.8894963,188724.78675842285
9569,1751924721.164962,1751924776.8317878,batch_consumer-sts-0_20250707_214618_368510.csv,True,False,False,1751924909.8894963,188724.53427314758
9579,1751924721.165192,1751924776.859578,batch_consumer-sts-0_20250707_214618_368510.csv,True,False,False,1751924909.8894963,188724.30443763733
9589,1751924721.1654177,1751924776.8893874,batch_consumer-sts-0_20250707_214618_368510.csv,True,False,False,1751924909.8894963,188724.07865524292
9599,1751924721.1656418,1751924776.9165947,batch_consumer-sts-0_20250707_214618_368510.csv,True,False,False,1751924909.8894963,188723.85454177856
9609,1751924721.165879,1751924776.9442878,batch_consumer-sts-0_20250707_214618_368510.csv,True,False,False,1751924909.8894963,188723.61731529236
9619,1751924721.1661077,1751924776.9714217,batch_consumer-sts-0_20250707_214618_368510.csv,True,False,False,1751924909.8894963,188723.388671875
9629,1751924721.1663496,1751924776.999346,batch_consumer-sts-0_20250707_214618_368510.csv,True,False,False,1751924909.8894963,188723.1466770172
9639,1751924721.1665778,1751924777.0266032,batch_consumer-sts-0_20250707_214618_368510.csv,True,False,False,1751924909.8894963,188722.918510437
9649,1751924721.166809,1751924777.054361,batch_consumer-sts-0_20250707_214618_368510.csv,True,False,False,1751924909.8894963,188722.68724441528
9659,1751924721.1670349,1751924777.082311,batch_consumer-sts-0_20250707_214618_368510.csv,True,False,False,1751924909.8894963,188722.46146202087
9669,1751924721.1672645,1751924777.1084552,batch_consumer-sts-0_20250707_214618_368510.csv,True,False,False,1751924909.8894963,188722.2318649292
9679,1751924721.1674974,1751924777.1363456,batch_consumer-sts-0_20250707_214618_368510.csv,True,False,False,1751924909.8894963,188721.99892997742
9689,1751924721.1677313,1751924777.1638098,batch_consumer-sts-0_20250707_214618_368510.csv,True,False,False,1751924909.8894963,188721.76504135132
9699,1751924721.1679533,1751924777.4172606,batch_consumer-sts-0_20250707_214618_368510.csv,True,False,False,1751924909.8894963,188721.54307365417
9709,1751924721.1681871,1751924777.4458344,batch_consumer-sts-0_20250707_214618_368510.csv,True,False,False,1751924909.8894963,188721.30918502808
9719,1751924721.168424,1751924777.4742804,batch_consumer-sts-0_20250707_214618_368510.csv,True,False,False,1751924909.8894963,188721.07243537903
9729,1751924721.168654,1751924777.5026855,batch_consumer-sts-0_20250707_214618_368510.csv,True,False,False,1751924909.8894963,188720.8423614502
9739,1751924721.1688805,1751924777.5324354,batch_consumer-sts-0_20250707_214618_368510.csv,True,False,False,1751924909.8894963,188720.61586380005
9749,1751924721.169109,1751924777.5606022,batch_consumer-sts-0_20250707_214618_368510.csv,True,False,False,1751924909.8894963,188720.3872203827
9759,1751924721.1693466,1751924777.5886574,batch_consumer-sts-0_20250707_214618_368510.csv,True,False,False,1751924909.8894963,188720.1497554779
9769,1751924721.1695774,1751924777.6156995,batch_consumer-sts-0_20250707_214618_368510.csv,True,False,False,1751924909.8894963,188719.91896629333
9779,1751924721.1698124,1751924777.644667,batch_consumer-sts-0_20250707_214618_368510.csv,True,False,False,1751924909.8894963,188719.68388557434
9789,1751924721.1700342,1751924777.6726823,batch_consumer-sts-0_20250707_214618_368510.csv,True,False,False,1751924909.8894963,188719.46215629578
9799,1751924721.1702738,1751924777.7004788,batch_consumer-sts-0_20250707_214618_368510.csv,True,False,False,1751924909.8894963,188719.22254562378
9809,1751924721.170497,1751924777.728675,batch_consumer-sts-0_20250707_214618_368510.csv,True,False,False,1751924909.8894963,188718.99938583374
9819,1751924721.1707242,1751924777.7565868,batch_consumer-sts-0_20250707_214618_368510.csv,True,False,False,1751924909.8894963,188718.77217292786
9829,1751924721.1709554,1751924777.7856667,batch_consumer-sts-0_20250707_214618_368510.csv,True,False,False,1751924909.8894963,188718.54090690613
9839,1751924721.1712031,1751924777.813916,batch_consumer-sts-0_20250707_214618_368510.csv,True,False,False,1751924909.8894963,188718.29319000244
9849,1751924721.1714387,1751924777.8416774,batch_consumer-sts-0_20250707_214618_368510.csv,True,False,False,1751924909.8894963,188718.0576324463
9859,1751924721.171661,1751924777.8699076,batch_consumer-sts-0_20250707_214618_368510.csv,True,False,False,1751924909.8894963,188717.83542633057
9869,1751924721.171893,1751924777.8977027,batch_consumer-sts-0_20250707_214618_368510.csv,True,False,False,1751924909.8894963,188717.6034450531
9879,1751924721.1721194,1751924777.9251728,batch_consumer-sts-0_20250707_214618_368510.csv,True,False,False,1751924909.8894963,188717.37694740295
9889,1751924721.1723456,1751924777.952817,batch_consumer-sts-0_20250707_214618_368510.csv,True,False,False,1751924909.8894963,188717.1506881714
9899,1751924721.172581,1751924777.9800484,batch_consumer-sts-0_20250707_214618_368510.csv,True,False,False,1751924909.8894963,188716.9153690338
9909,1751924721.1728091,1751924778.0070777,batch_consumer-sts-0_20250707_214618_368510.csv,True,False,False,1751924909.8894963,188716.6872024536
9919,1751924721.1730402,1751924778.034913,batch_consumer-sts-0_20250707_214618_368510.csv,True,False,False,1751924909.8894963,188716.45617485046
9929,1751924721.1732726,1751924778.0625892,batch_consumer-sts-0_20250707_214618_368510.csv,True,False,False,1751924909.8894963,188716.22371673584
9939,1751924721.1734946,1751924778.0899582,batch_consumer-sts-0_20250707_214618_368510.csv,True,False,False,1751924909.8894963,188716.0017490387
9949,1751924721.1737213,1751924778.1165557,batch_consumer-sts-0_20250707_214618_368510.csv,True,False,False,1751924909.8894963,188715.77501296997
9959,1751924721.173951,1751924778.1445286,batch_consumer-sts-0_20250707_214618_368510.csv,True,False,False,1751924909.8894963,188715.5454158783
9969,1751924721.1741989,1751924778.1732805,batch_consumer-sts-0_20250707_214618_368510.csv,True,False,False,1751924909.8894963,188715.29746055603
9979,1751924721.1744318,1751924778.200782,batch_consumer-sts-0_20250707_214618_368510.csv,True,False,False,1751924909.8894963,188715.06452560425
9989,1751924721.174655,1751924778.2281015,batch_consumer-sts-0_20250707_214618_368510.csv,True,False,False,1751924909.8894963,188714.8413658142
9999,1751924721.1748838,1751924778.2558343,batch_consumer-sts-0_20250707_214618_368510.csv,True,False,False,1751924909.8894963,188714.61248397827
10009,1751924721.1751122,1751924778.2841182,batch_consumer-sts-0_20250707_214618_368510.csv,True,False,False,1751924909.8894963,188714.3840789795
10019,1751924721.1753397,1751924778.3115053,batch_consumer-sts-0_20250707_214618_368510.csv,True,False,False,1751924909.8894963,188714.15662765503
10029,1751924721.1755707,1751924778.340489,batch_consumer-sts-0_20250707_214618_368510.csv,True,False,False,1751924909.8894963,188713.92560005188
10039,1751924721.175796,1751924778.56204,batch_consumer-sts-0_20250707_214623_458495.csv,True,False,False,1751924909.8894963,188713.70029449463
10049,1751924721.1760256,1751924778.5888548,batch_consumer-sts-0_20250707_214623_458495.csv,True,False,False,1751924909.8894963,188713.47069740295
10059,1751924721.176252,1751924778.6161692,batch_consumer-sts-0_20250707_214623_458495.csv,True,False,False,1751924909.8894963,188713.2444381714
10069,1751924721.1764772,1751924778.6432788,batch_consumer-sts-0_20250707_214623_458495.csv,True,False,False,1751924909.8894963,188713.01913261414
10079,1751924721.1766973,1751924778.6709352,batch_consumer-sts-0_20250707_214623_458495.csv,True,False,False,1751924909.8894963,188712.79907226562
10089,1751924721.176928,1751924778.6984994,batch_consumer-sts-0_20250707_214623_458495.csv,True,False,False,1751924909.8894963,188712.56828308105
10099,1751924721.1771553,1751924778.7295568,batch_consumer-sts-0_20250707_214623_458495.csv,True,False,False,1751924909.8894963,188712.34107017517
10109,1751924721.1773777,1751924778.7572565,batch_consumer-sts-0_20250707_214623_458495.csv,True,False,False,1751924909.8894963,188712.11862564087
10119,1751924721.1776023,1751924778.7844903,batch_consumer-sts-0_20250707_214623_458495.csv,True,False,False,1751924909.8894963,188711.89403533936
10129,1751924721.1778336,1751924778.8116772,batch_consumer-sts-0_20250707_214623_458495.csv,True,False,False,1751924909.8894963,188711.66276931763
10139,1751924721.1780686,1751924778.83972,batch_consumer-sts-0_20250707_214623_458495.csv,True,False,False,1751924909.8894963,188711.42768859863
10149,1751924721.1783135,1751924778.8673348,batch_consumer-sts-0_20250707_214623_458495.csv,True,False,False,1751924909.8894963,188711.1828327179
10159,1751924721.1785398,1751924778.8942044,batch_consumer-sts-0_20250707_214623_458495.csv,True,False,False,1751924909.8894963,188710.95657348633
10169,1751924721.178764,1751924778.9214137,batch_consumer-sts-0_20250707_214623_458495.csv,True,False,False,1751924909.8894963,188710.7322216034
10179,1751924721.1789927,1751924778.9492147,batch_consumer-sts-0_20250707_214623_458495.csv,True,False,False,1751924909.8894963,188710.50357818604
10189,1751924721.1792214,1751924778.9760983,batch_consumer-sts-0_20250707_214623_458495.csv,True,False,False,1751924909.8894963,188710.27493476868
10199,1751924721.179457,1751924779.0040488,batch_consumer-sts-0_20250707_214623_458495.csv,True,False,False,1751924909.8894963,188710.03937721252
10209,1751924721.1796882,1751924779.0358603,batch_consumer-sts-0_20250707_214623_458495.csv,True,False,False,1751924909.8894963,188709.8081111908
10219,1751924721.1799176,1751924779.0633757,batch_consumer-sts-0_20250707_214623_458495.csv,True,False,False,1751924909.8894963,188709.5787525177
10229,1751924721.1801493,1751924779.0912774,batch_consumer-sts-0_20250707_214623_458495.csv,True,False,False,1751924909.8894963,188709.3470096588
10239,1751924721.180373,1751924779.1175466,batch_consumer-sts-0_20250707_214623_458495.csv,True,False,False,1751924909.8894963,188709.12337303162
10249,1751924721.1806238,1751924779.145002,batch_consumer-sts-0_20250707_214623_458495.csv,True,False,False,1751924909.8894963,188708.8725566864
10259,1751924721.1808448,1751924779.1728876,batch_consumer-sts-0_20250707_214623_458495.csv,True,False,False,1751924909.8894963,188708.65154266357
10269,1751924721.1810231,1751924779.2005448,batch_consumer-sts-0_20250707_214623_458495.csv,True,False,False,1751924909.8894963,188708.4732055664
10279,1751924721.1812012,1751924779.2284513,batch_consumer-sts-0_20250707_214623_458495.csv,True,False,False,1751924909.8894963,188708.29510688782
10289,1751924721.1813817,1751924779.256182,batch_consumer-sts-0_20250707_214623_458495.csv,True,False,False,1751924909.8894963,188708.11462402344
10299,1751924721.181556,1751924779.2838042,batch_consumer-sts-0_20250707_214623_458495.csv,True,False,False,1751924909.8894963,188707.9403400421
10309,1751924721.1817346,1751924779.3111484,batch_consumer-sts-0_20250707_214623_458495.csv,True,False,False,1751924909.8894963,188707.76176452637
10319,1751924721.181914,1751924779.3398125,batch_consumer-sts-0_20250707_214623_458495.csv,True,False,False,1751924909.8894963,188707.5822353363
10329,1751924721.1821065,1751924779.368606,batch_consumer-sts-0_20250707_214623_458495.csv,True,False,False,1751924909.8894963,188707.38983154297
10339,1751924721.182334,1751924779.396036,batch_consumer-sts-0_20250707_214623_458495.csv,True,False,False,1751924909.8894963,188707.1623802185
10349,1751924721.182562,1751924779.4263475,batch_consumer-sts-0_20250707_214623_458495.csv,True,False,False,1751924909.8894963,188706.9342136383
10359,1751924721.1827917,1751924779.4538937,batch_consumer-sts-0_20250707_214623_458495.csv,True,False,False,1751924909.8894963,188706.70461654663
10369,1751924721.1830244,1751924780.0301645,batch_consumer-sts-0_20250707_214623_458495.csv,True,False,False,1751924909.8894963,188706.47192001343
10379,1751924721.1832447,1751924780.098031,batch_consumer-sts-0_20250707_214623_458495.csv,True,False,False,1751924909.8894963,188706.25162124634
10389,1751924721.183478,1751924780.1257985,batch_consumer-sts-0_20250707_214623_458495.csv,True,False,False,1751924909.8894963,188706.0182094574
10399,1751924721.183707,1751924780.156282,batch_consumer-sts-0_20250707_214623_458495.csv,True,False,False,1751924909.8894963,188705.78932762146
10409,1751924721.1839366,1751924780.1842215,batch_consumer-sts-0_20250707_214623_458495.csv,True,False,False,1751924909.8894963,188705.55973052979
10419,1751924721.184162,1751924780.2116656,batch_consumer-sts-0_20250707_214623_458495.csv,True,False,False,1751924909.8894963,188705.33442497253
10429,1751924721.1843882,1751924780.2395098,batch_consumer-sts-0_20250707_214623_458495.csv,True,False,False,1751924909.8894963,188705.10816574097
10439,1751924721.184618,1751924781.7102091,batch_consumer-sts-0_20250707_214623_458495.csv,True,False,False,1751924909.8894963,188704.8783302307
10449,1751924721.1848562,1751924781.738336,batch_consumer-sts-0_20250707_214623_458495.csv,True,False,False,1751924909.8894963,188704.6401500702
10459,1751924721.185078,1751924781.7663004,batch_consumer-sts-0_20250707_214623_458495.csv,True,False,False,1751924909.8894963,188704.41842079163
10469,1751924721.1853027,1751924781.7947683,batch_consumer-sts-0_20250707_214623_458495.csv,True,False,False,1751924909.8894963,188704.19359207153
10479,1751924721.185528,1751924781.8219318,batch_consumer-sts-0_20250707_214623_458495.csv,True,False,False,1751924909.8894963,188703.96828651428
10489,1751924721.185753,1751924781.8497255,batch_consumer-sts-0_20250707_214623_458495.csv,True,False,False,1751924909.8894963,188703.7432193756
10499,1751924721.185981,1751924781.8773825,batch_consumer-sts-0_20250707_214623_458495.csv,True,False,False,1751924909.8894963,188703.515291214
10509,1751924721.186217,1751924781.9053326,batch_consumer-sts-0_20250707_214623_458495.csv,True,False,False,1751924909.8894963,188703.27925682068
10519,1751924721.1864464,1751924781.9331062,batch_consumer-sts-0_20250707_214623_458495.csv,True,False,False,1751924909.8894963,188703.04989814758
10529,1751924721.1866703,1751924781.9611852,batch_consumer-sts-0_20250707_214623_458495.csv,True,False,False,1751924909.8894963,188702.8260231018
10539,1751924721.1869032,1751924781.989234,batch_consumer-sts-0_20250707_214623_458495.csv,True,False,False,1751924909.8894963,188702.59308815002
10549,1751924721.1872008,1751924782.0162833,batch_consumer-sts-0_20250707_214623_458495.csv,True,False,False,1751924909.8894963,188702.2955417633
10559,1751924721.18743,1751924782.0425472,batch_consumer-sts-0_20250707_214623_458495.csv,True,False,False,1751924909.8894963,188702.0664215088
10569,1751924721.1876583,1751924782.0697975,batch_consumer-sts-0_20250707_214623_458495.csv,True,False,False,1751924909.8894963,188701.83801651
10579,1751924721.1878862,1751924782.097596,batch_consumer-sts-0_20250707_214623_458495.csv,True,False,False,1751924909.8894963,188701.6100883484
10589,1751924721.1881185,1751924782.1247208,batch_consumer-sts-0_20250707_214623_458495.csv,True,False,False,1751924909.8894963,188701.37786865234
10599,1751924721.188354,1751924782.152037,batch_consumer-sts-0_20250707_214623_458495.csv,True,False,False,1751924909.8894963,188701.1423110962
10609,1751924721.188578,1751924782.1826074,batch_consumer-sts-0_20250707_214623_458495.csv,True,False,False,1751924909.8894963,188700.91843605042
10619,1751924721.1888096,1751924782.209927,batch_consumer-sts-0_20250707_214623_458495.csv,True,False,False,1751924909.8894963,188700.68669319153
10629,1751924721.1890376,1751924782.2371974,batch_consumer-sts-0_20250707_214623_458495.csv,True,False,False,1751924909.8894963,188700.4587650299
10639,1751924721.1892617,1751924782.2667892,batch_consumer-sts-0_20250707_214623_458495.csv,True,False,False,1751924909.8894963,188700.23465156555
10649,1751924721.1895514,1751924782.3682952,batch_consumer-sts-0_20250707_214623_458495.csv,True,False,False,1751924909.8894963,188699.94497299194
10659,1751924721.189785,1751924782.3964298,batch_consumer-sts-0_20250707_214623_458495.csv,True,False,False,1751924909.8894963,188699.71132278442
10669,1751924721.190025,1751924782.4246552,batch_consumer-sts-0_20250707_214623_458495.csv,True,False,False,1751924909.8894963,188699.47123527527
10679,1751924721.1916876,1751924782.4528775,batch_consumer-sts-0_20250707_214623_458495.csv,True,False,False,1751924909.8894963,188697.8087425232
10689,1751924721.1919298,1751924782.4801772,batch_consumer-sts-0_20250707_214623_458495.csv,True,False,False,1751924909.8894963,188697.56650924683
10699,1751924721.1921637,1751924782.507423,batch_consumer-sts-0_20250707_214623_458495.csv,True,False,False,1751924909.8894963,188697.33262062073
10709,1751924721.1923957,1751924782.5359993,batch_consumer-sts-0_20250707_214623_458495.csv,True,False,False,1751924909.8894963,188697.10063934326
10719,1751924721.192644,1751924782.5640478,batch_consumer-sts-0_20250707_214623_458495.csv,True,False,False,1751924909.8894963,188696.85244560242
10729,1751924721.192885,1751924782.591808,batch_consumer-sts-0_20250707_214623_458495.csv,True,False,False,1751924909.8894963,188696.61140441895
10739,1751924721.1931229,1751924782.6189222,batch_consumer-sts-0_20250707_214623_458495.csv,True,False,False,1751924909.8894963,188696.373462677
10749,1751924721.1933515,1751924782.6466088,batch_consumer-sts-0_20250707_214623_458495.csv,True,False,False,1751924909.8894963,188696.14481925964
10759,1751924721.1935914,1751924782.6740203,batch_consumer-sts-0_20250707_214623_458495.csv,True,False,False,1751924909.8894963,188695.90497016907
10769,1751924721.193825,1751924782.7014444,batch_consumer-sts-0_20250707_214623_458495.csv,True,False,False,1751924909.8894963,188695.67131996155
10779,1751924721.1940534,1751924782.7354724,batch_consumer-sts-0_20250707_214623_458495.csv,True,False,False,1751924909.8894963,188695.44291496277
10789,1751924721.1942897,1751924782.7632918,batch_consumer-sts-0_20250707_214623_458495.csv,True,False,False,1751924909.8894963,188695.20664215088
10799,1751924721.1945224,1751924782.7920914,batch_consumer-sts-0_20250707_214623_458495.csv,True,False,False,1751924909.8894963,188694.97394561768
10809,1751924721.194786,1751924782.8192,batch_consumer-sts-0_20250707_214623_458495.csv,True,False,False,1751924909.8894963,188694.7102546692
10819,1751924721.195022,1751924782.8465416,batch_consumer-sts-0_20250707_214623_458495.csv,True,False,False,1751924909.8894963,188694.47422027588
10829,1751924721.1952572,1751924782.8745089,batch_consumer-sts-0_20250707_214623_458495.csv,True,False,False,1751924909.8894963,188694.23913955688
10839,1751924721.1954758,1751924782.902842,batch_consumer-sts-0_20250707_214623_458495.csv,True,False,False,1751924909.8894963,188694.02050971985
10849,1751924721.1956637,1751924782.9312663,batch_consumer-sts-0_20250707_214623_458495.csv,True,False,False,1751924909.8894963,188693.83263587952
10859,1751924721.1958516,1751924782.9583406,batch_consumer-sts-0_20250707_214623_458495.csv,True,False,False,1751924909.8894963,188693.64476203918
10869,1751924721.1960435,1751924782.986302,batch_consumer-sts-0_20250707_214623_458495.csv,True,False,False,1751924909.8894963,188693.452835083
10879,1751924721.1962314,1751924783.0137444,batch_consumer-sts-0_20250707_214623_458495.csv,True,False,False,1751924909.8894963,188693.26496124268
10889,1751924721.1964104,1751924783.0413404,batch_consumer-sts-0_20250707_214623_458495.csv,True,False,False,1751924909.8894963,188693.08590888977
10899,1751924721.1965852,1751924783.0703285,batch_consumer-sts-0_20250707_214623_458495.csv,True,False,False,1751924909.8894963,188692.9111480713
10909,1751924721.1967652,1751924783.0979826,batch_consumer-sts-0_20250707_214623_458495.csv,True,False,False,1751924909.8894963,188692.73114204407
10919,1751924721.1969392,1751924783.1252573,batch_consumer-sts-0_20250707_214623_458495.csv,True,False,False,1751924909.8894963,188692.55709648132
10929,1751924721.1971376,1751924783.1520483,batch_consumer-sts-0_20250707_214623_458495.csv,True,False,False,1751924909.8894963,188692.3587322235
10939,1751924721.1973493,1751924783.1798072,batch_consumer-sts-0_20250707_214623_458495.csv,True,False,False,1751924909.8894963,188692.14701652527
10949,1751924721.1975944,1751924783.2078562,batch_consumer-sts-0_20250707_214623_458495.csv,True,False,False,1751924909.8894963,188691.90192222595
10959,1751924721.1978345,1751924783.2355835,batch_consumer-sts-0_20250707_214623_458495.csv,True,False,False,1751924909.8894963,188691.6618347168
10969,1751924721.198059,1751924783.2633626,batch_consumer-sts-0_20250707_214623_458495.csv,True,False,False,1751924909.8894963,188691.43724441528
10979,1751924721.1982956,1751924783.2913785,batch_consumer-sts-0_20250707_214623_458495.csv,True,False,False,1751924909.8894963,188691.2007331848
10989,1751924721.198536,1751924783.3183875,batch_consumer-sts-0_20250707_214623_458495.csv,True,False,False,1751924909.8894963,188690.96040725708
10999,1751924721.198767,1751924783.3459623,batch_consumer-sts-0_20250707_214623_458495.csv,True,False,False,1751924909.8894963,188690.72937965393
11009,1751924721.1989954,1751924783.3735552,batch_consumer-sts-0_20250707_214623_458495.csv,True,False,False,1751924909.8894963,188690.50097465515
11019,1751924721.1992228,1751924783.40131,batch_consumer-sts-0_20250707_214623_458495.csv,True,False,False,1751924909.8894963,188690.2735233307
11029,1751924721.1994543,1751924783.4298766,batch_consumer-sts-0_20250707_214623_458495.csv,True,False,False,1751924909.8894963,188690.04201889038
11039,1751924721.1996837,1751924783.737783,batch_consumer-sts-0_20250707_214627_801581.csv,True,False,False,1751924909.8894963,188689.81266021729
11049,1751924721.19992,1751924783.7661471,batch_consumer-sts-0_20250707_214627_801581.csv,True,False,False,1751924909.8894963,188689.5763874054
11059,1751924721.2001507,1751924783.794852,batch_consumer-sts-0_20250707_214627_801581.csv,True,False,False,1751924909.8894963,188689.34559822083
11069,1751924721.2003784,1751924783.8224564,batch_consumer-sts-0_20250707_214627_801581.csv,True,False,False,1751924909.8894963,188689.11790847778
11079,1751924721.2006063,1751924783.8501103,batch_consumer-sts-0_20250707_214627_801581.csv,True,False,False,1751924909.8894963,188688.88998031616
11089,1751924721.2008352,1751924783.8780372,batch_consumer-sts-0_20250707_214627_801581.csv,True,False,False,1751924909.8894963,188688.66109848022
11099,1751924721.2010589,1751924783.9044416,batch_consumer-sts-0_20250707_214627_801581.csv,True,False,False,1751924909.8894963,188688.43746185303
11109,1751924721.2012908,1751924783.933034,batch_consumer-sts-0_20250707_214627_801581.csv,True,False,False,1751924909.8894963,188688.20548057556
11119,1751924721.201521,1751924783.9607327,batch_consumer-sts-0_20250707_214627_801581.csv,True,False,False,1751924909.8894963,188687.97540664673
11129,1751924721.2017472,1751924783.9888177,batch_consumer-sts-0_20250707_214627_801581.csv,True,False,False,1751924909.8894963,188687.74914741516
11139,1751924721.2019763,1751924784.0160754,batch_consumer-sts-0_20250707_214627_801581.csv,True,False,False,1751924909.8894963,188687.52002716064
11149,1751924721.2022135,1751924784.0441134,batch_consumer-sts-0_20250707_214627_801581.csv,True,False,False,1751924909.8894963,188687.28280067444
11159,1751924721.2024455,1751924784.0720143,batch_consumer-sts-0_20250707_214627_801581.csv,True,False,False,1751924909.8894963,188687.05081939697
11169,1751924721.2026737,1751924784.0997624,batch_consumer-sts-0_20250707_214627_801581.csv,True,False,False,1751924909.8894963,188686.82265281677
11179,1751924721.202907,1751924784.1276696,batch_consumer-sts-0_20250707_214627_801581.csv,True,False,False,1751924909.8894963,188686.58924102783
11189,1751924721.2031395,1751924784.1568987,batch_consumer-sts-0_20250707_214627_801581.csv,True,False,False,1751924909.8894963,188686.3567829132
11199,1751924721.2033715,1751924784.1847332,batch_consumer-sts-0_20250707_214627_801581.csv,True,False,False,1751924909.8894963,188686.12480163574
11209,1751924721.2035935,1751924784.2118075,batch_consumer-sts-0_20250707_214627_801581.csv,True,False,False,1751924909.8894963,188685.9028339386
11219,1751924721.2038262,1751924784.239965,batch_consumer-sts-0_20250707_214627_801581.csv,True,False,False,1751924909.8894963,188685.6701374054
11229,1751924721.20406,1751924784.267557,batch_consumer-sts-0_20250707_214627_801581.csv,True,False,False,1751924909.8894963,188685.4362487793
11239,1751924721.204295,1751924784.29531,batch_consumer-sts-0_20250707_214627_801581.csv,True,False,False,1751924909.8894963,188685.20140647888
11249,1751924721.204527,1751924784.3224373,batch_consumer-sts-0_20250707_214627_801581.csv,True,False,False,1751924909.8894963,188684.96942520142
11259,1751924721.2047567,1751924784.3501613,batch_consumer-sts-0_20250707_214627_801581.csv,True,False,False,1751924909.8894963,188684.73958969116
11269,1751924721.2049825,1751924784.377489,batch_consumer-sts-0_20250707_214627_801581.csv,True,False,False,1751924909.8894963,188684.51380729675
11279,1751924721.2052088,1751924784.406525,batch_consumer-sts-0_20250707_214627_801581.csv,True,False,False,1751924909.8894963,188684.2875480652
11289,1751924721.2054448,1751924784.4339952,batch_consumer-sts-0_20250707_214627_801581.csv,True,False,False,1751924909.8894963,188684.05151367188
11299,1751924721.2056751,1751924784.4617932,batch_consumer-sts-0_20250707_214627_801581.csv,True,False,False,1751924909.8894963,188683.82120132446
11309,1751924721.20591,1751924784.4891942,batch_consumer-sts-0_20250707_214627_801581.csv,True,False,False,1751924909.8894963,188683.58635902405
11319,1751924721.2061772,1751924784.5162818,batch_consumer-sts-0_20250707_214627_801581.csv,True,False,False,1751924909.8894963,188683.31909179688
11329,1751924721.2064106,1751924784.5437946,batch_consumer-sts-0_20250707_214627_801581.csv,True,False,False,1751924909.8894963,188683.08568000793
11339,1751924721.2066364,1751924784.571388,batch_consumer-sts-0_20250707_214627_801581.csv,True,False,False,1751924909.8894963,188682.85989761353
11349,1751924721.2068682,1751924784.679677,batch_consumer-sts-0_20250707_214627_801581.csv,True,False,False,1751924909.8894963,188682.62815475464
11359,1751924721.2070937,1751924784.7085583,batch_consumer-sts-0_20250707_214627_801581.csv,True,False,False,1751924909.8894963,188682.4026107788
11369,1751924721.2073202,1751924784.7356992,batch_consumer-sts-0_20250707_214627_801581.csv,True,False,False,1751924909.8894963,188682.17611312866
11379,1751924721.2075498,1751924784.7631085,batch_consumer-sts-0_20250707_214627_801581.csv,True,False,False,1751924909.8894963,188681.946516037
11389,1751924721.2077804,1751924784.793259,batch_consumer-sts-0_20250707_214627_801581.csv,True,False,False,1751924909.8894963,188681.715965271
11399,1751924721.2080026,1751924784.8195288,batch_consumer-sts-0_20250707_214627_801581.csv,True,False,False,1751924909.8894963,188681.49375915527
11409,1751924721.2082293,1751924784.847272,batch_consumer-sts-0_20250707_214627_801581.csv,True,False,False,1751924909.8894963,188681.26702308655
11419,1751924721.208459,1751924784.8749232,batch_consumer-sts-0_20250707_214627_801581.csv,True,False,False,1751924909.8894963,188681.03742599487
11429,1751924721.208689,1751924784.902069,batch_consumer-sts-0_20250707_214627_801581.csv,True,False,False,1751924909.8894963,188680.80735206604
11439,1751924721.20891,1751924784.9296908,batch_consumer-sts-0_20250707_214627_801581.csv,True,False,False,1751924909.8894963,188680.5863380432
11449,1751924721.2091353,1751924784.9575543,batch_consumer-sts-0_20250707_214627_801581.csv,True,False,False,1751924909.8894963,188680.36103248596
11459,1751924721.209365,1751924784.9851184,batch_consumer-sts-0_20250707_214627_801581.csv,True,False,False,1751924909.8894963,188680.1314353943
11469,1751924721.2095954,1751924785.011963,batch_consumer-sts-0_20250707_214627_801581.csv,True,False,False,1751924909.8894963,188679.9008846283
11479,1751924721.2098186,1751924785.039691,batch_consumer-sts-0_20250707_214627_801581.csv,True,False,False,1751924909.8894963,188679.67772483826
11489,1751924721.210053,1751924785.0677116,batch_consumer-sts-0_20250707_214627_801581.csv,True,False,False,1751924909.8894963,188679.443359375
11499,1751924721.2102923,1751924785.0955417,batch_consumer-sts-0_20250707_214627_801581.csv,True,False,False,1751924909.8894963,188679.20398712158
11509,1751924721.2105153,1751924785.1227937,batch_consumer-sts-0_20250707_214627_801581.csv,True,False,False,1751924909.8894963,188678.98106575012
11519,1751924721.2107403,1751924785.15096,batch_consumer-sts-0_20250707_214627_801581.csv,True,False,False,1751924909.8894963,188678.75599861145
11529,1751924721.210967,1751924785.1780703,batch_consumer-sts-0_20250707_214627_801581.csv,True,False,False,1751924909.8894963,188678.52926254272
11539,1751924721.211196,1751924785.2056994,batch_consumer-sts-0_20250707_214627_801581.csv,True,False,False,1751924909.8894963,188678.3003807068
11549,1751924721.2114282,1751924785.2335377,batch_consumer-sts-0_20250707_214627_801581.csv,True,False,False,1751924909.8894963,188678.06816101074
11559,1751924721.2116446,1751924785.2615774,batch_consumer-sts-0_20250707_214627_801581.csv,True,False,False,1751924909.8894963,188677.85167694092
11569,1751924721.2118814,1751924785.2889175,batch_consumer-sts-0_20250707_214627_801581.csv,True,False,False,1751924909.8894963,188677.61492729187
11579,1751924721.2121046,1751924785.315945,batch_consumer-sts-0_20250707_214627_801581.csv,True,False,False,1751924909.8894963,188677.39176750183
11589,1751924721.212333,1751924785.343701,batch_consumer-sts-0_20250707_214627_801581.csv,True,False,False,1751924909.8894963,188677.16336250305
11599,1751924721.2125597,1751924785.5030007,batch_consumer-sts-0_20250707_214627_801581.csv,True,False,False,1751924909.8894963,188676.93662643433
11609,1751924721.212785,1751924785.530002,batch_consumer-sts-0_20250707_214627_801581.csv,True,False,False,1751924909.8894963,188676.71132087708
11619,1751924721.2130089,1751924785.557701,batch_consumer-sts-0_20250707_214627_801581.csv,True,False,False,1751924909.8894963,188676.4874458313
11629,1751924721.2132516,1751924785.5855885,batch_consumer-sts-0_20250707_214627_801581.csv,True,False,False,1751924909.8894963,188676.24473571777
11639,1751924721.2134988,1751924785.6128836,batch_consumer-sts-0_20250707_214627_801581.csv,True,False,False,1751924909.8894963,188675.99749565125
11649,1751924721.213724,1751924785.6414602,batch_consumer-sts-0_20250707_214627_801581.csv,True,False,False,1751924909.8894963,188675.77242851257
11659,1751924721.2139535,1751924785.6693058,batch_consumer-sts-0_20250707_214627_801581.csv,True,False,False,1751924909.8894963,188675.5428314209
11669,1751924721.214191,1751924785.6969998,batch_consumer-sts-0_20250707_214627_801581.csv,True,False,False,1751924909.8894963,188675.3053665161
11679,1751924721.2144184,1751924785.7242432,batch_consumer-sts-0_20250707_214627_801581.csv,True,False,False,1751924909.8894963,188675.07791519165
11689,1751924721.2146509,1751924785.752104,batch_consumer-sts-0_20250707_214627_801581.csv,True,False,False,1751924909.8894963,188674.84545707703
11699,1751924721.214882,1751924785.7796717,batch_consumer-sts-0_20250707_214627_801581.csv,True,False,False,1751924909.8894963,188674.61442947388
11709,1751924721.215108,1751924785.8070023,batch_consumer-sts-0_20250707_214627_801581.csv,True,False,False,1751924909.8894963,188674.3884086609
11719,1751924721.2153318,1751924785.8349397,batch_consumer-sts-0_20250707_214627_801581.csv,True,False,False,1751924909.8894963,188674.1645336151
11729,1751924721.215557,1751924785.86296,batch_consumer-sts-0_20250707_214627_801581.csv,True,False,False,1751924909.8894963,188673.93922805786
11739,1751924721.2157855,1751924785.8909929,batch_consumer-sts-0_20250707_214627_801581.csv,True,False,False,1751924909.8894963,188673.71082305908
11749,1751924721.216019,1751924785.9181554,batch_consumer-sts-0_20250707_214627_801581.csv,True,False,False,1751924909.8894963,188673.47741127014
11759,1751924721.2162406,1751924785.9443765,batch_consumer-sts-0_20250707_214627_801581.csv,True,False,False,1751924909.8894963,188673.25568199158
11769,1751924721.2164657,1751924785.9716756,batch_consumer-sts-0_20250707_214627_801581.csv,True,False,False,1751924909.8894963,188673.0306148529
11779,1751924721.216691,1751924785.999346,batch_consumer-sts-0_20250707_214627_801581.csv,True,False,False,1751924909.8894963,188672.80530929565
11789,1751924721.2169237,1751924786.0267634,batch_consumer-sts-0_20250707_214627_801581.csv,True,False,False,1751924909.8894963,188672.57261276245
11799,1751924721.2171524,1751924786.0574453,batch_consumer-sts-0_20250707_214627_801581.csv,True,False,False,1751924909.8894963,188672.3439693451
11809,1751924721.2173786,1751924786.0855477,batch_consumer-sts-0_20250707_214627_801581.csv,True,False,False,1751924909.8894963,188672.11771011353
11819,1751924721.2176106,1751924786.1126275,batch_consumer-sts-0_20250707_214627_801581.csv,True,False,False,1751924909.8894963,188671.88572883606
11829,1751924721.2178392,1751924786.1403034,batch_consumer-sts-0_20250707_214627_801581.csv,True,False,False,1751924909.8894963,188671.6570854187
11839,1751924721.2180722,1751924787.1686954,batch_consumer-sts-0_20250707_214627_801581.csv,True,False,False,1751924909.8894963,188671.42415046692
11849,1751924721.2183096,1751924787.1963036,batch_consumer-sts-0_20250707_214627_801581.csv,True,False,False,1751924909.8894963,188671.18668556213
11859,1751924721.218531,1751924787.2240956,batch_consumer-sts-0_20250707_214627_801581.csv,True,False,False,1751924909.8894963,188670.96543312073
11869,1751924721.2187555,1751924787.2519732,batch_consumer-sts-0_20250707_214627_801581.csv,True,False,False,1751924909.8894963,188670.7408428192
11879,1751924721.2189832,1751924787.2803278,batch_consumer-sts-0_20250707_214627_801581.csv,True,False,False,1751924909.8894963,188670.51315307617
11889,1751924721.21921,1751924787.307787,batch_consumer-sts-0_20250707_214627_801581.csv,True,False,False,1751924909.8894963,188670.28641700745
11899,1751924721.219438,1751924787.3354926,batch_consumer-sts-0_20250707_214627_801581.csv,True,False,False,1751924909.8894963,188670.05825042725
11909,1751924721.219668,1751924787.3633058,batch_consumer-sts-0_20250707_214627_801581.csv,True,False,False,1751924909.8894963,188669.828414917
11919,1751924721.2199025,1751924787.3920696,batch_consumer-sts-0_20250707_214627_801581.csv,True,False,False,1751924909.8894963,188669.59381103516
11929,1751924721.2201345,1751924787.4968953,batch_consumer-sts-0_20250707_214627_801581.csv,True,False,False,1751924909.8894963,188669.3618297577
11939,1751924721.2203703,1751924787.5239532,batch_consumer-sts-0_20250707_214627_801581.csv,True,False,False,1751924909.8894963,188669.12603378296
11949,1751924721.2205966,1751924787.5513592,batch_consumer-sts-0_20250707_214627_801581.csv,True,False,False,1751924909.8894963,188668.8997745514
11959,1751924721.2208295,1751924787.5789318,batch_consumer-sts-0_20250707_214627_801581.csv,True,False,False,1751924909.8894963,188668.6668395996
11969,1751924721.2210507,1751924787.608512,batch_consumer-sts-0_20250707_214627_801581.csv,True,False,False,1751924909.8894963,188668.4455871582
11979,1751924721.2212818,1751924787.6361272,batch_consumer-sts-0_20250707_214627_801581.csv,True,False,False,1751924909.8894963,188668.21455955505
11989,1751924721.221508,1751924787.6638455,batch_consumer-sts-0_20250707_214627_801581.csv,True,False,False,1751924909.8894963,188667.9883003235
11999,1751924721.2217462,1751924787.6915128,batch_consumer-sts-0_20250707_214627_801581.csv,True,False,False,1751924909.8894963,188667.75012016296
12009,1751924721.222013,1751924787.7185717,batch_consumer-sts-0_20250707_214627_801581.csv,True,False,False,1751924909.8894963,188667.48332977295
12019,1751924721.2222617,1751924787.7460277,batch_consumer-sts-0_20250707_214627_801581.csv,True,False,False,1751924909.8894963,188667.23465919495
12029,1751924721.2224944,1751924787.773439,batch_consumer-sts-0_20250707_214627_801581.csv,True,False,False,1751924909.8894963,188667.00196266174
12039,1751924721.2227218,1751924788.0996883,batch_consumer-sts-0_20250707_214631_439606.csv,True,False,False,1751924909.8894963,188666.77451133728
12049,1751924721.2229528,1751924788.1315484,batch_consumer-sts-0_20250707_214631_439606.csv,True,False,False,1751924909.8894963,188666.54348373413
12059,1751924721.2231808,1751924788.1591868,batch_consumer-sts-0_20250707_214631_439606.csv,True,False,False,1751924909.8894963,188666.3155555725
12069,1751924721.2234106,1751924788.1869774,batch_consumer-sts-0_20250707_214631_439606.csv,True,False,False,1751924909.8894963,188666.08572006226
12079,1751924721.2236388,1751924788.2143075,batch_consumer-sts-0_20250707_214631_439606.csv,True,False,False,1751924909.8894963,188665.85755348206
12089,1751924721.2238655,1751924788.2407014,batch_consumer-sts-0_20250707_214631_439606.csv,True,False,False,1751924909.8894963,188665.63081741333
12099,1751924721.2240913,1751924788.2685535,batch_consumer-sts-0_20250707_214631_439606.csv,True,False,False,1751924909.8894963,188665.40503501892
12109,1751924721.2243156,1751924788.296518,batch_consumer-sts-0_20250707_214631_439606.csv,True,False,False,1751924909.8894963,188665.180683136
12119,1751924721.2245238,1751924788.32365,batch_consumer-sts-0_20250707_214631_439606.csv,True,False,False,1751924909.8894963,188664.97254371643
12129,1751924721.2247093,1751924788.3513958,batch_consumer-sts-0_20250707_214631_439606.csv,True,False,False,1751924909.8894963,188664.7870540619
12139,1751924721.2249403,1751924788.3791978,batch_consumer-sts-0_20250707_214631_439606.csv,True,False,False,1751924909.8894963,188664.55602645874
12149,1751924721.225185,1751924788.4061978,batch_consumer-sts-0_20250707_214631_439606.csv,True,False,False,1751924909.8894963,188664.31140899658
12159,1751924721.2254076,1751924788.433425,batch_consumer-sts-0_20250707_214631_439606.csv,True,False,False,1751924909.8894963,188664.0887260437
12169,1751924721.2256377,1751924788.461094,batch_consumer-sts-0_20250707_214631_439606.csv,True,False,False,1751924909.8894963,188663.85865211487
12179,1751924721.225875,1751924788.4886613,batch_consumer-sts-0_20250707_214631_439606.csv,True,False,False,1751924909.8894963,188663.62142562866
12189,1751924721.2261035,1751924788.515745,batch_consumer-sts-0_20250707_214631_439606.csv,True,False,False,1751924909.8894963,188663.3927822113
12199,1751924721.2263453,1751924788.5445683,batch_consumer-sts-0_20250707_214631_439606.csv,True,False,False,1751924909.8894963,188663.1510257721
12209,1751924721.22657,1751924788.57258,batch_consumer-sts-0_20250707_214631_439606.csv,True,False,False,1751924909.8894963,188662.92643547058
12219,1751924721.226799,1751924788.6005352,batch_consumer-sts-0_20250707_214631_439606.csv,True,False,False,1751924909.8894963,188662.69731521606
12229,1751924721.2270353,1751924788.628473,batch_consumer-sts-0_20250707_214631_439606.csv,True,False,False,1751924909.8894963,188662.46104240417
12239,1751924721.2272592,1751924788.6564858,batch_consumer-sts-0_20250707_214631_439606.csv,True,False,False,1751924909.8894963,188662.2371673584
12249,1751924721.2274835,1751924788.683643,batch_consumer-sts-0_20250707_214631_439606.csv,True,False,False,1751924909.8894963,188662.01281547546
12259,1751924721.2277164,1751924788.710538,batch_consumer-sts-0_20250707_214631_439606.csv,True,False,False,1751924909.8894963,188661.77988052368
12269,1751924721.227937,1751924788.7378173,batch_consumer-sts-0_20250707_214631_439606.csv,True,False,False,1751924909.8894963,188661.559343338
12279,1751924721.2281628,1751924788.7643647,batch_consumer-sts-0_20250707_214631_439606.csv,True,False,False,1751924909.8894963,188661.3335609436
12289,1751924721.2283845,1751924788.7906542,batch_consumer-sts-0_20250707_214631_439606.csv,True,False,False,1751924909.8894963,188661.11183166504
12299,1751924721.2286148,1751924788.8171215,batch_consumer-sts-0_20250707_214631_439606.csv,True,False,False,1751924909.8894963,188660.88151931763
12309,1751924721.228837,1751924788.8447366,batch_consumer-sts-0_20250707_214631_439606.csv,True,False,False,1751924909.8894963,188660.6593132019
12319,1751924721.2290645,1751924788.872396,batch_consumer-sts-0_20250707_214631_439606.csv,True,False,False,1751924909.8894963,188660.43186187744
12329,1751924721.229292,1751924788.8996708,batch_consumer-sts-0_20250707_214631_439606.csv,True,False,False,1751924909.8894963,188660.20441055298
12339,1751924721.229544,1751924788.9267387,batch_consumer-sts-0_20250707_214631_439606.csv,True,False,False,1751924909.8894963,188659.95240211487
12349,1751924721.2297752,1751924788.9538572,batch_consumer-sts-0_20250707_214631_439606.csv,True,False,False,1751924909.8894963,188659.72113609314
12359,1751924721.230004,1751924788.981007,batch_consumer-sts-0_20250707_214631_439606.csv,True,False,False,1751924909.8894963,188659.4922542572
12369,1751924721.230245,1751924789.0077813,batch_consumer-sts-0_20250707_214631_439606.csv,True,False,False,1751924909.8894963,188659.25121307373
12379,1751924721.2304742,1751924789.0353005,batch_consumer-sts-0_20250707_214631_439606.csv,True,False,False,1751924909.8894963,188659.0220928192
12389,1751924721.2306998,1751924789.0618527,batch_consumer-sts-0_20250707_214631_439606.csv,True,False,False,1751924909.8894963,188658.79654884338
12399,1751924721.230926,1751924789.0894454,batch_consumer-sts-0_20250707_214631_439606.csv,True,False,False,1751924909.8894963,188658.57028961182
12409,1751924721.231151,1751924789.1164677,batch_consumer-sts-0_20250707_214631_439606.csv,True,False,False,1751924909.8894963,188658.34522247314
12419,1751924721.231395,1751924789.1444864,batch_consumer-sts-0_20250707_214631_439606.csv,True,False,False,1751924909.8894963,188658.10132026672
12429,1751924721.2316194,1751924789.1719632,batch_consumer-sts-0_20250707_214631_439606.csv,True,False,False,1751924909.8894963,188657.8769683838
12439,1751924721.231911,1751924789.199427,batch_consumer-sts-0_20250707_214631_439606.csv,True,False,False,1751924909.8894963,188657.58538246155
12449,1751924721.2322795,1751924789.2273023,batch_consumer-sts-0_20250707_214631_439606.csv,True,False,False,1751924909.8894963,188657.21678733826
12459,1751924721.2326782,1751924789.255012,batch_consumer-sts-0_20250707_214631_439606.csv,True,False,False,1751924909.8894963,188656.818151474
12469,1751924721.2330627,1751924789.2828405,batch_consumer-sts-0_20250707_214631_439606.csv,True,False,False,1751924909.8894963,188656.4335823059
12479,1751924721.233523,1751924789.3099704,batch_consumer-sts-0_20250707_214631_439606.csv,True,False,False,1751924909.8894963,188655.97343444824
12489,1751924721.2339845,1751924789.338954,batch_consumer-sts-0_20250707_214631_439606.csv,True,False,False,1751924909.8894963,188655.5118560791
12499,1751924721.2344546,1751924789.3670704,batch_consumer-sts-0_20250707_214631_439606.csv,True,False,False,1751924909.8894963,188655.0416946411
12509,1751924721.2348294,1751924789.3948326,batch_consumer-sts-0_20250707_214631_439606.csv,True,False,False,1751924909.8894963,188654.66690063477
12519,1751924721.2350948,1751924789.4218016,batch_consumer-sts-0_20250707_214631_439606.csv,True,False,False,1751924909.8894963,188654.40154075623
12529,1751924721.2353392,1751924789.449802,batch_consumer-sts-0_20250707_214631_439606.csv,True,False,False,1751924909.8894963,188654.15716171265
12539,1751924721.2355857,1751924789.4776812,batch_consumer-sts-0_20250707_214631_439606.csv,True,False,False,1751924909.8894963,188653.91063690186
12549,1751924721.235818,1751924789.5062528,batch_consumer-sts-0_20250707_214631_439606.csv,True,False,False,1751924909.8894963,188653.6784172058
12559,1751924721.236051,1751924789.5341651,batch_consumer-sts-0_20250707_214631_439606.csv,True,False,False,1751924909.8894963,188653.44524383545
12569,1751924721.2362795,1751924789.5619037,batch_consumer-sts-0_20250707_214631_439606.csv,True,False,False,1751924909.8894963,188653.21683883667
12579,1751924721.2365167,1751924789.5924363,batch_consumer-sts-0_20250707_214631_439606.csv,True,False,False,1751924909.8894963,188652.97961235046
12589,1751924721.2367463,1751924789.6191146,batch_consumer-sts-0_20250707_214631_439606.csv,True,False,False,1751924909.8894963,188652.7500152588
12599,1751924721.2369742,1751924789.647178,batch_consumer-sts-0_20250707_214631_439606.csv,True,False,False,1751924909.8894963,188652.52208709717
12609,1751924721.2372012,1751924789.6743228,batch_consumer-sts-0_20250707_214631_439606.csv,True,False,False,1751924909.8894963,188652.29511260986
12619,1751924721.2374232,1751924789.7010906,batch_consumer-sts-0_20250707_214631_439606.csv,True,False,False,1751924909.8894963,188652.07314491272
12629,1751924721.237646,1751924789.8648386,batch_consumer-sts-0_20250707_214631_439606.csv,True,False,False,1751924909.8894963,188651.85022354126
12639,1751924721.237885,1751924789.8922272,batch_consumer-sts-0_20250707_214631_439606.csv,True,False,False,1751924909.8894963,188651.611328125
12649,1751924721.2380884,1751924789.9186585,batch_consumer-sts-0_20250707_214631_439606.csv,True,False,False,1751924909.8894963,188651.40795707703
12659,1751924721.2383244,1751924789.9459648,batch_consumer-sts-0_20250707_214631_439606.csv,True,False,False,1751924909.8894963,188651.17192268372
12669,1751924721.238588,1751924789.97512,batch_consumer-sts-0_20250707_214631_439606.csv,True,False,False,1751924909.8894963,188650.90823173523
12679,1751924721.2388277,1751924790.0024574,batch_consumer-sts-0_20250707_214631_439606.csv,True,False,False,1751924909.8894963,188650.66862106323
12689,1751924721.239058,1751924790.0299363,batch_consumer-sts-0_20250707_214631_439606.csv,True,False,False,1751924909.8894963,188650.43830871582
12699,1751924721.2392826,1751924790.057681,batch_consumer-sts-0_20250707_214631_439606.csv,True,False,False,1751924909.8894963,188650.2137184143
12709,1751924721.2395177,1751924790.085294,batch_consumer-sts-0_20250707_214631_439606.csv,True,False,False,1751924909.8894963,188649.9786376953
12719,1751924721.2397532,1751924790.1121051,batch_consumer-sts-0_20250707_214631_439606.csv,True,False,False,1751924909.8894963,188649.74308013916
12729,1751924721.2399752,1751924790.139856,batch_consumer-sts-0_20250707_214631_439606.csv,True,False,False,1751924909.8894963,188649.52111244202
12739,1751924721.2402017,1751924790.1673636,batch_consumer-sts-0_20250707_214631_439606.csv,True,False,False,1751924909.8894963,188649.29461479187
12749,1751924721.2404342,1751924790.1948156,batch_consumer-sts-0_20250707_214631_439606.csv,True,False,False,1751924909.8894963,188649.06215667725
12759,1751924721.2406664,1751924790.221625,batch_consumer-sts-0_20250707_214631_439606.csv,True,False,False,1751924909.8894963,188648.8299369812
12769,1751924721.240904,1751924790.2496524,batch_consumer-sts-0_20250707_214631_439606.csv,True,False,False,1751924909.8894963,188648.59223365784
12779,1751924721.2411294,1751924790.2770972,batch_consumer-sts-0_20250707_214631_439606.csv,True,False,False,1751924909.8894963,188648.3669281006
12789,1751924721.2413688,1751924790.3040757,batch_consumer-sts-0_20250707_214631_439606.csv,True,False,False,1751924909.8894963,188648.12755584717
12799,1751924721.2415931,1751924790.331699,batch_consumer-sts-0_20250707_214631_439606.csv,True,False,False,1751924909.8894963,188647.90320396423
12809,1751924721.2418218,1751924790.3594866,batch_consumer-sts-0_20250707_214631_439606.csv,True,False,False,1751924909.8894963,188647.67456054688
12819,1751924721.2420492,1751924790.3875637,batch_consumer-sts-0_20250707_214631_439606.csv,True,False,False,1751924909.8894963,188647.4471092224
12829,1751924721.2422955,1751924790.414764,batch_consumer-sts-0_20250707_214631_439606.csv,True,False,False,1751924909.8894963,188647.2008228302
12839,1751924721.2425363,1751924790.44272,batch_consumer-sts-0_20250707_214631_439606.csv,True,False,False,1751924909.8894963,188646.9600200653
12849,1751924721.2427616,1751924790.470747,batch_consumer-sts-0_20250707_214631_439606.csv,True,False,False,1751924909.8894963,188646.73471450806
12859,1751924721.2429929,1751924790.9350977,batch_consumer-sts-0_20250707_214631_439606.csv,True,False,False,1751924909.8894963,188646.50344848633
12869,1751924721.243223,1751924790.9683638,batch_consumer-sts-0_20250707_214631_439606.csv,True,False,False,1751924909.8894963,188646.2733745575
12879,1751924721.2434485,1751924790.996269,batch_consumer-sts-0_20250707_214631_439606.csv,True,False,False,1751924909.8894963,188646.04783058167
12889,1751924721.2436693,1751924791.0234363,batch_consumer-sts-0_20250707_214631_439606.csv,True,False,False,1751924909.8894963,188645.82705497742
12899,1751924721.2438955,1751924791.0509608,batch_consumer-sts-0_20250707_214631_439606.csv,True,False,False,1751924909.8894963,188645.60079574585
12909,1751924721.2441282,1751924791.078586,batch_consumer-sts-0_20250707_214631_439606.csv,True,False,False,1751924909.8894963,188645.36809921265
12919,1751924721.2443569,1751924791.1055615,batch_consumer-sts-0_20250707_214631_439606.csv,True,False,False,1751924909.8894963,188645.1394557953
12929,1751924721.2445922,1751924791.1329384,batch_consumer-sts-0_20250707_214631_439606.csv,True,False,False,1751924909.8894963,188644.90413665771
12939,1751924721.244819,1751924791.1606936,batch_consumer-sts-0_20250707_214631_439606.csv,True,False,False,1751924909.8894963,188644.677400589
12949,1751924721.2450483,1751924791.1887355,batch_consumer-sts-0_20250707_214631_439606.csv,True,False,False,1751924909.8894963,188644.4480419159
12959,1751924721.245273,1751924791.215432,batch_consumer-sts-0_20250707_214631_439606.csv,True,False,False,1751924909.8894963,188644.2232131958
12969,1751924721.245505,1751924791.242846,batch_consumer-sts-0_20250707_214631_439606.csv,True,False,False,1751924909.8894963,188643.99123191833
12979,1751924721.245726,1751924791.2704346,batch_consumer-sts-0_20250707_214631_439606.csv,True,False,False,1751924909.8894963,188643.7702178955
12989,1751924721.2459495,1751924791.2983966,batch_consumer-sts-0_20250707_214631_439606.csv,True,False,False,1751924909.8894963,188643.5468196869
12999,1751924721.2461846,1751924791.3240726,batch_consumer-sts-0_20250707_214631_439606.csv,True,False,False,1751924909.8894963,188643.3117389679
13009,1751924721.2464166,1751924791.3515906,batch_consumer-sts-0_20250707_214631_439606.csv,True,False,False,1751924909.8894963,188643.07975769043
13019,1751924721.2466395,1751924791.384688,batch_consumer-sts-0_20250707_214631_439606.csv,True,False,False,1751924909.8894963,188642.85683631897
13029,1751924721.2469,1751924791.4113584,batch_consumer-sts-0_20250707_214631_439606.csv,True,False,False,1751924909.8894963,188642.596244812
13039,1751924721.247131,1751924792.6950293,batch_consumer-sts-0_20250707_214635_755380.csv,True,False,False,1751924909.8894963,188642.36521720886
13049,1751924721.247363,1751924792.7681434,batch_consumer-sts-0_20250707_214635_755380.csv,True,False,False,1751924909.8894963,188642.1332359314
13059,1751924721.2475948,1751924792.7957616,batch_consumer-sts-0_20250707_214635_755380.csv,True,False,False,1751924909.8894963,188641.9014930725
13069,1751924721.247816,1751924792.830493,batch_consumer-sts-0_20250707_214635_755380.csv,True,False,False,1751924909.8894963,188641.6802406311
13079,1751924721.2480392,1751924792.858,batch_consumer-sts-0_20250707_214635_755380.csv,True,False,False,1751924909.8894963,188641.45708084106
13089,1751924721.2482696,1751924792.8856907,batch_consumer-sts-0_20250707_214635_755380.csv,True,False,False,1751924909.8894963,188641.22676849365
13099,1751924721.2484956,1751924792.9126348,batch_consumer-sts-0_20250707_214635_755380.csv,True,False,False,1751924909.8894963,188641.00074768066
13109,1751924721.2487233,1751924792.9402652,batch_consumer-sts-0_20250707_214635_755380.csv,True,False,False,1751924909.8894963,188640.77305793762
13119,1751924721.2489548,1751924792.9668996,batch_consumer-sts-0_20250707_214635_755380.csv,True,False,False,1751924909.8894963,188640.5415534973
13129,1751924721.2491777,1751924792.994403,batch_consumer-sts-0_20250707_214635_755380.csv,True,False,False,1751924909.8894963,188640.31863212585
13139,1751924721.2494066,1751924793.0210087,batch_consumer-sts-0_20250707_214635_755380.csv,True,False,False,1751924909.8894963,188640.08975028992
13149,1751924721.2496395,1751924793.048763,batch_consumer-sts-0_20250707_214635_755380.csv,True,False,False,1751924909.8894963,188639.85681533813
13159,1751924721.2498727,1751924793.0764031,batch_consumer-sts-0_20250707_214635_755380.csv,True,False,False,1751924909.8894963,188639.62364196777
13169,1751924721.250098,1751924793.1034403,batch_consumer-sts-0_20250707_214635_755380.csv,True,False,False,1751924909.8894963,188639.39833641052
13179,1751924721.250335,1751924793.132805,batch_consumer-sts-0_20250707_214635_755380.csv,True,False,False,1751924909.8894963,188639.1613483429
13189,1751924721.2505646,1751924793.1604838,batch_consumer-sts-0_20250707_214635_755380.csv,True,False,False,1751924909.8894963,188638.93175125122
13199,1751924721.250794,1751924793.188449,batch_consumer-sts-0_20250707_214635_755380.csv,True,False,False,1751924909.8894963,188638.70239257812
13209,1751924721.2510176,1751924793.2152903,batch_consumer-sts-0_20250707_214635_755380.csv,True,False,False,1751924909.8894963,188638.47875595093
13219,1751924721.251245,1751924793.242839,batch_consumer-sts-0_20250707_214635_755380.csv,True,False,False,1751924909.8894963,188638.25130462646
13229,1751924721.2514777,1751924793.2707157,batch_consumer-sts-0_20250707_214635_755380.csv,True,False,False,1751924909.8894963,188638.01860809326
13239,1751924721.2517056,1751924793.2986996,batch_consumer-sts-0_20250707_214635_755380.csv,True,False,False,1751924909.8894963,188637.79067993164
13249,1751924721.2519388,1751924793.3254778,batch_consumer-sts-0_20250707_214635_755380.csv,True,False,False,1751924909.8894963,188637.55750656128
13259,1751924721.25217,1751924793.3526847,batch_consumer-sts-0_20250707_214635_755380.csv,True,False,False,1751924909.8894963,188637.32624053955
13269,1751924721.25239,1751924793.3811257,batch_consumer-sts-0_20250707_214635_755380.csv,True,False,False,1751924909.8894963,188637.10641860962
13279,1751924721.2525702,1751924793.408218,batch_consumer-sts-0_20250707_214635_755380.csv,True,False,False,1751924909.8894963,188636.92617416382
13289,1751924721.2527554,1751924793.4346445,batch_consumer-sts-0_20250707_214635_755380.csv,True,False,False,1751924909.8894963,188636.74092292786
13299,1751924721.252925,1751924793.462355,batch_consumer-sts-0_20250707_214635_755380.csv,True,False,False,1751924909.8894963,188636.57140731812
13309,1751924721.253101,1751924793.490405,batch_consumer-sts-0_20250707_214635_755380.csv,True,False,False,1751924909.8894963,188636.39521598816
13319,1751924721.253278,1751924793.5175316,batch_consumer-sts-0_20250707_214635_755380.csv,True,False,False,1751924909.8894963,188636.21830940247
13329,1751924721.253455,1751924793.5452466,batch_consumer-sts-0_20250707_214635_755380.csv,True,False,False,1751924909.8894963,188636.04140281677
13339,1751924721.2536256,1751924793.5734024,batch_consumer-sts-0_20250707_214635_755380.csv,True,False,False,1751924909.8894963,188635.87069511414
13349,1751924721.253827,1751924793.6010673,batch_consumer-sts-0_20250707_214635_755380.csv,True,False,False,1751924909.8894963,188635.6692314148
13359,1751924721.25401,1751924793.6288528,batch_consumer-sts-0_20250707_214635_755380.csv,True,False,False,1751924909.8894963,188635.48636436462
13369,1751924721.254228,1751924793.6567168,batch_consumer-sts-0_20250707_214635_755380.csv,True,False,False,1751924909.8894963,188635.26821136475
13379,1751924721.2544615,1751924793.6843565,batch_consumer-sts-0_20250707_214635_755380.csv,True,False,False,1751924909.8894963,188635.0347995758
13389,1751924721.2546873,1751924793.7102966,batch_consumer-sts-0_20250707_214635_755380.csv,True,False,False,1751924909.8894963,188634.8090171814
13399,1751924721.2549138,1751924793.738211,batch_consumer-sts-0_20250707_214635_755380.csv,True,False,False,1751924909.8894963,188634.58251953125
13409,1751924721.2551432,1751924793.764923,batch_consumer-sts-0_20250707_214635_755380.csv,True,False,False,1751924909.8894963,188634.35316085815
13419,1751924721.255371,1751924793.792318,batch_consumer-sts-0_20250707_214635_755380.csv,True,False,False,1751924909.8894963,188634.12523269653
13429,1751924721.255601,1751924793.818146,batch_consumer-sts-0_20250707_214635_755380.csv,True,False,False,1751924909.8894963,188633.89539718628
13439,1751924721.2558303,1751924793.846077,batch_consumer-sts-0_20250707_214635_755380.csv,True,False,False,1751924909.8894963,188633.66603851318
13449,1751924721.2560608,1751924793.8738818,batch_consumer-sts-0_20250707_214635_755380.csv,True,False,False,1751924909.8894963,188633.4354877472
13459,1751924721.256305,1751924793.9015875,batch_consumer-sts-0_20250707_214635_755380.csv,True,False,False,1751924909.8894963,188633.1913471222
13469,1751924721.2565324,1751924793.9292188,batch_consumer-sts-0_20250707_214635_755380.csv,True,False,False,1751924909.8894963,188632.96389579773
13479,1751924721.25676,1751924793.9573894,batch_consumer-sts-0_20250707_214635_755380.csv,True,False,False,1751924909.8894963,188632.73644447327
13489,1751924721.2569864,1751924793.9852636,batch_consumer-sts-0_20250707_214635_755380.csv,True,False,False,1751924909.8894963,188632.50994682312
13499,1751924721.2572117,1751924794.0115108,batch_consumer-sts-0_20250707_214635_755380.csv,True,False,False,1751924909.8894963,188632.28464126587
13509,1751924721.257435,1751924794.0389516,batch_consumer-sts-0_20250707_214635_755380.csv,True,False,False,1751924909.8894963,188632.06124305725
13519,1751924721.2576578,1751924794.0671482,batch_consumer-sts-0_20250707_214635_755380.csv,True,False,False,1751924909.8894963,188631.83856010437
13529,1751924721.257879,1751924794.0949037,batch_consumer-sts-0_20250707_214635_755380.csv,True,False,False,1751924909.8894963,188631.61730766296
13539,1751924721.258114,1751924794.1216784,batch_consumer-sts-0_20250707_214635_755380.csv,True,False,False,1751924909.8894963,188631.38222694397
13549,1751924721.2583582,1751924794.149397,batch_consumer-sts-0_20250707_214635_755380.csv,True,False,False,1751924909.8894963,188631.13808631897
13559,1751924721.258588,1751924794.1768413,batch_consumer-sts-0_20250707_214635_755380.csv,True,False,False,1751924909.8894963,188630.90825080872
13569,1751924721.2588158,1751924794.20402,batch_consumer-sts-0_20250707_214635_755380.csv,True,False,False,1751924909.8894963,188630.68056106567
13579,1751924721.2590368,1751924794.2311869,batch_consumer-sts-0_20250707_214635_755380.csv,True,False,False,1751924909.8894963,188630.45954704285
13589,1751924721.2592669,1751924794.258257,batch_consumer-sts-0_20250707_214635_755380.csv,True,False,False,1751924909.8894963,188630.229473114
13599,1751924721.259498,1751924794.284567,batch_consumer-sts-0_20250707_214635_755380.csv,True,False,False,1751924909.8894963,188629.99844551086
13609,1751924721.2597263,1751924794.3110068,batch_consumer-sts-0_20250707_214635_755380.csv,True,False,False,1751924909.8894963,188629.77004051208
13619,1751924721.259957,1751924794.3380098,batch_consumer-sts-0_20250707_214635_755380.csv,True,False,False,1751924909.8894963,188629.53925132751
13629,1751924721.2601826,1751924794.365343,batch_consumer-sts-0_20250707_214635_755380.csv,True,False,False,1751924909.8894963,188629.31370735168
13639,1751924721.260405,1751924794.3922763,batch_consumer-sts-0_20250707_214635_755380.csv,True,False,False,1751924909.8894963,188629.09126281738
13649,1751924721.260631,1751924794.418483,batch_consumer-sts-0_20250707_214635_755380.csv,True,False,False,1751924909.8894963,188628.8652420044
13659,1751924721.2608554,1751924794.4459095,batch_consumer-sts-0_20250707_214635_755380.csv,True,False,False,1751924909.8894963,188628.64089012146
13669,1751924721.2610872,1751924794.473824,batch_consumer-sts-0_20250707_214635_755380.csv,True,False,False,1751924909.8894963,188628.40914726257
13679,1751924721.2613106,1751924794.5012867,batch_consumer-sts-0_20250707_214635_755380.csv,True,False,False,1751924909.8894963,188628.18574905396
13689,1751924721.2615428,1751924794.5287402,batch_consumer-sts-0_20250707_214635_755380.csv,True,False,False,1751924909.8894963,188627.9535293579
13699,1751924721.2617755,1751924794.5564778,batch_consumer-sts-0_20250707_214635_755380.csv,True,False,False,1751924909.8894963,188627.7208328247
13709,1751924721.2620025,1751924794.5839193,batch_consumer-sts-0_20250707_214635_755380.csv,True,False,False,1751924909.8894963,188627.4938583374
13719,1751924721.2734056,1751924794.6109755,batch_consumer-sts-0_20250707_214635_755380.csv,True,False,False,1751924909.8894963,188616.09077453613
13729,1751924721.2737932,1751924794.6386728,batch_consumer-sts-0_20250707_214635_755380.csv,True,False,False,1751924909.8894963,188615.7031059265
13739,1751924721.2740724,1751924794.6666305,batch_consumer-sts-0_20250707_214635_755380.csv,True,False,False,1751924909.8894963,188615.4239177704
13749,1751924721.2744148,1751924794.6944036,batch_consumer-sts-0_20250707_214635_755380.csv,True,False,False,1751924909.8894963,188615.0815486908
13759,1751924721.274757,1751924794.7207546,batch_consumer-sts-0_20250707_214635_755380.csv,True,False,False,1751924909.8894963,188614.73941802979
13769,1751924721.2750907,1751924794.748098,batch_consumer-sts-0_20250707_214635_755380.csv,True,False,False,1751924909.8894963,188614.40563201904
13779,1751924721.275324,1751924794.7755177,batch_consumer-sts-0_20250707_214635_755380.csv,True,False,False,1751924909.8894963,188614.1722202301
13789,1751924721.2756107,1751924794.80327,batch_consumer-sts-0_20250707_214635_755380.csv,True,False,False,1751924909.8894963,188613.88564109802
13799,1751924721.2759497,1751924794.8304307,batch_consumer-sts-0_20250707_214635_755380.csv,True,False,False,1751924909.8894963,188613.54660987854
13809,1751924721.2762597,1751924794.9129314,batch_consumer-sts-0_20250707_214635_755380.csv,True,False,False,1751924909.8894963,188613.2366657257
13819,1751924721.2766025,1751924794.9404352,batch_consumer-sts-0_20250707_214635_755380.csv,True,False,False,1751924909.8894963,188612.89381980896
17539,1751924721.421436,1751924794.967962,batch_consumer-sts-0_20250707_214635_755380.csv,True,False,False,1751924909.8894963,188468.06025505066
17549,1751924721.4216676,1751924794.9956765,batch_consumer-sts-0_20250707_214635_755380.csv,True,False,False,1751924909.8894963,188467.82875061035
17559,1751924721.421906,1751924795.022512,batch_consumer-sts-0_20250707_214635_755380.csv,True,False,False,1751924909.8894963,188467.59033203125
17569,1751924721.4221442,1751924795.05042,batch_consumer-sts-0_20250707_214635_755380.csv,True,False,False,1751924909.8894963,188467.35215187073
17579,1751924721.4223783,1751924795.0781076,batch_consumer-sts-0_20250707_214635_755380.csv,True,False,False,1751924909.8894963,188467.11802482605
17589,1751924721.4226196,1751924795.1052394,batch_consumer-sts-0_20250707_214635_755380.csv,True,False,False,1751924909.8894963,188466.876745224
17599,1751924721.42285,1751924795.132857,batch_consumer-sts-0_20250707_214635_755380.csv,True,False,False,1751924909.8894963,188466.6464328766
17609,1751924721.4230738,1751924795.1606898,batch_consumer-sts-0_20250707_214635_755380.csv,True,False,False,1751924909.8894963,188466.4225578308
17619,1751924721.4233067,1751924795.18834,batch_consumer-sts-0_20250707_214635_755380.csv,True,False,False,1751924909.8894963,188466.18962287903
17629,1751924721.4235375,1751924795.2153656,batch_consumer-sts-0_20250707_214635_755380.csv,True,False,False,1751924909.8894963,188465.95883369446
17639,1751924721.423769,1751924795.3090365,batch_consumer-sts-0_20250707_214635_755380.csv,True,False,False,1751924909.8894963,188465.72732925415
17649,1751924721.4240005,1751924795.3364367,batch_consumer-sts-0_20250707_214635_755380.csv,True,False,False,1751924909.8894963,188465.49582481384
17659,1751924721.4242363,1751924795.3636,batch_consumer-sts-0_20250707_214635_755380.csv,True,False,False,1751924909.8894963,188465.2600288391
17669,1751924721.4244657,1751924795.3910112,batch_consumer-sts-0_20250707_214635_755380.csv,True,False,False,1751924909.8894963,188465.03067016602
17679,1751924721.4246976,1751924795.417342,batch_consumer-sts-0_20250707_214635_755380.csv,True,False,False,1751924909.8894963,188464.79868888855
17689,1751924721.4249363,1751924795.4448192,batch_consumer-sts-0_20250707_214635_755380.csv,True,False,False,1751924909.8894963,188464.56003189087
17699,1751924721.425173,1751924795.4728355,batch_consumer-sts-0_20250707_214635_755380.csv,True,False,False,1751924909.8894963,188464.32328224182
17709,1751924721.4254053,1751924795.5004816,batch_consumer-sts-0_20250707_214635_755380.csv,True,False,False,1751924909.8894963,188464.09106254578
17719,1751924721.425638,1751924795.527584,batch_consumer-sts-0_20250707_214635_755380.csv,True,False,False,1751924909.8894963,188463.85836601257
17729,1751924721.4258692,1751924795.5549655,batch_consumer-sts-0_20250707_214635_755380.csv,True,False,False,1751924909.8894963,188463.62709999084
17739,1751924721.4260948,1751924795.5825343,batch_consumer-sts-0_20250707_214635_755380.csv,True,False,False,1751924909.8894963,188463.40155601501
17749,1751924721.4263394,1751924795.9957666,batch_consumer-sts-0_20250707_214639_735669.csv,True,False,False,1751924909.8894963,188463.15693855286
17759,1751924721.4265654,1751924796.02321,batch_consumer-sts-0_20250707_214639_735669.csv,True,False,False,1751924909.8894963,188462.93091773987
17769,1751924721.4267983,1751924796.0506742,batch_consumer-sts-0_20250707_214639_735669.csv,True,False,False,1751924909.8894963,188462.6979827881
17779,1751924721.4270315,1751924796.0780742,batch_consumer-sts-0_20250707_214639_735669.csv,True,False,False,1751924909.8894963,188462.46480941772
17789,1751924721.4272652,1751924796.1051004,batch_consumer-sts-0_20250707_214639_735669.csv,True,False,False,1751924909.8894963,188462.2311592102
17799,1751924721.427503,1751924796.132537,batch_consumer-sts-0_20250707_214639_735669.csv,True,False,False,1751924909.8894963,188461.99321746826
17809,1751924721.4277356,1751924796.159909,batch_consumer-sts-0_20250707_214639_735669.csv,True,False,False,1751924909.8894963,188461.76075935364
17819,1751924721.4279635,1751924796.187498,batch_consumer-sts-0_20250707_214639_735669.csv,True,False,False,1751924909.8894963,188461.53283119202
17829,1751924721.4281995,1751924796.214264,batch_consumer-sts-0_20250707_214639_735669.csv,True,False,False,1751924909.8894963,188461.2967967987
17839,1751924721.4284303,1751924796.2409549,batch_consumer-sts-0_20250707_214639_735669.csv,True,False,False,1751924909.8894963,188461.06600761414
17849,1751924721.4286623,1751924796.2685745,batch_consumer-sts-0_20250707_214639_735669.csv,True,False,False,1751924909.8894963,188460.83402633667
17859,1751924721.4288917,1751924796.2963238,batch_consumer-sts-0_20250707_214639_735669.csv,True,False,False,1751924909.8894963,188460.60466766357
17869,1751924721.4291255,1751924796.3240464,batch_consumer-sts-0_20250707_214639_735669.csv,True,False,False,1751924909.8894963,188460.37077903748
17879,1751924721.4293592,1751924796.3516634,batch_consumer-sts-0_20250707_214639_735669.csv,True,False,False,1751924909.8894963,188460.13712882996
17889,1751924721.4295895,1751924796.379413,batch_consumer-sts-0_20250707_214639_735669.csv,True,False,False,1751924909.8894963,188459.90681648254
17899,1751924721.429844,1751924796.406637,batch_consumer-sts-0_20250707_214639_735669.csv,True,False,False,1751924909.8894963,188459.65242385864
17909,1751924721.4300754,1751924796.433798,batch_consumer-sts-0_20250707_214639_735669.csv,True,False,False,1751924909.8894963,188459.42091941833
17919,1751924721.4303143,1751924796.4613342,batch_consumer-sts-0_20250707_214639_735669.csv,True,False,False,1751924909.8894963,188459.18202400208
17929,1751924721.4305482,1751924796.4879017,batch_consumer-sts-0_20250707_214639_735669.csv,True,False,False,1751924909.8894963,188458.94813537598
17939,1751924721.430787,1751924796.5145514,batch_consumer-sts-0_20250707_214639_735669.csv,True,False,False,1751924909.8894963,188458.70923995972
17949,1751924721.431018,1751924796.542137,batch_consumer-sts-0_20250707_214639_735669.csv,True,False,False,1751924909.8894963,188458.47821235657
17959,1751924721.4312468,1751924796.5697508,batch_consumer-sts-0_20250707_214639_735669.csv,True,False,False,1751924909.8894963,188458.2495689392
17969,1751924721.4314723,1751924796.5971107,batch_consumer-sts-0_20250707_214639_735669.csv,True,False,False,1751924909.8894963,188458.02402496338
17979,1751924721.431704,1751924796.6242647,batch_consumer-sts-0_20250707_214639_735669.csv,True,False,False,1751924909.8894963,188457.7922821045
17989,1751924721.431924,1751924796.650577,batch_consumer-sts-0_20250707_214639_735669.csv,True,False,False,1751924909.8894963,188457.57222175598
17999,1751924721.432154,1751924796.677745,batch_consumer-sts-0_20250707_214639_735669.csv,True,False,False,1751924909.8894963,188457.34238624573
18009,1751924721.4323428,1751924796.7043705,batch_consumer-sts-0_20250707_214639_735669.csv,True,False,False,1751924909.8894963,188457.15355873108
18019,1751924721.4325366,1751924796.7324378,batch_consumer-sts-0_20250707_214639_735669.csv,True,False,False,1751924909.8894963,188456.95972442627
18029,1751924721.4327266,1751924796.7635553,batch_consumer-sts-0_20250707_214639_735669.csv,True,False,False,1751924909.8894963,188456.76970481873
18039,1751924721.4329827,1751924796.7910948,batch_consumer-sts-0_20250707_214639_735669.csv,True,False,False,1751924909.8894963,188456.51364326477
18049,1751924721.4331985,1751924796.8181107,batch_consumer-sts-0_20250707_214639_735669.csv,True,False,False,1751924909.8894963,188456.29787445068
18059,1751924721.433391,1751924796.8452916,batch_consumer-sts-0_20250707_214639_735669.csv,True,False,False,1751924909.8894963,188456.10523223877
18069,1751924721.433616,1751924796.8732677,batch_consumer-sts-0_20250707_214639_735669.csv,True,False,False,1751924909.8894963,188455.88040351868
18079,1751924721.4338317,1751924796.8998995,batch_consumer-sts-0_20250707_214639_735669.csv,True,False,False,1751924909.8894963,188455.6646347046
18089,1751924721.4340434,1751924796.9273188,batch_consumer-sts-0_20250707_214639_735669.csv,True,False,False,1751924909.8894963,188455.45291900635
18099,1751924721.4342551,1751924796.954824,batch_consumer-sts-0_20250707_214639_735669.csv,True,False,False,1751924909.8894963,188455.2412033081
18109,1751924721.4344914,1751924796.9826603,batch_consumer-sts-0_20250707_214639_735669.csv,True,False,False,1751924909.8894963,188455.00493049622
18119,1751924721.4347234,1751924797.0097158,batch_consumer-sts-0_20250707_214639_735669.csv,True,False,False,1751924909.8894963,188454.77294921875
18129,1751924721.4349637,1751924797.037284,batch_consumer-sts-0_20250707_214639_735669.csv,True,False,False,1751924909.8894963,188454.53262329102
18139,1751924721.435198,1751924797.0636992,batch_consumer-sts-0_20250707_214639_735669.csv,True,False,False,1751924909.8894963,188454.29825782776
18149,1751924721.4354334,1751924798.092944,batch_consumer-sts-0_20250707_214639_735669.csv,True,False,False,1751924909.8894963,188454.0629386902
18159,1751924721.4356709,1751924798.1196332,batch_consumer-sts-0_20250707_214639_735669.csv,True,False,False,1751924909.8894963,188453.8254737854
18169,1751924721.4359007,1751924798.1472745,batch_consumer-sts-0_20250707_214639_735669.csv,True,False,False,1751924909.8894963,188453.59563827515
18179,1751924721.4361348,1751924798.1744275,batch_consumer-sts-0_20250707_214639_735669.csv,True,False,False,1751924909.8894963,188453.36151123047
18189,1751924721.4363708,1751924798.2008064,batch_consumer-sts-0_20250707_214639_735669.csv,True,False,False,1751924909.8894963,188453.12547683716
18199,1751924721.436601,1751924798.2278302,batch_consumer-sts-0_20250707_214639_735669.csv,True,False,False,1751924909.8894963,188452.89540290833
18209,1751924721.4368303,1751924798.2556372,batch_consumer-sts-0_20250707_214639_735669.csv,True,False,False,1751924909.8894963,188452.66604423523
18219,1751924721.4370632,1751924798.2834432,batch_consumer-sts-0_20250707_214639_735669.csv,True,False,False,1751924909.8894963,188452.43310928345
18229,1751924721.4372976,1751924798.3104472,batch_consumer-sts-0_20250707_214639_735669.csv,True,False,False,1751924909.8894963,188452.1987438202
18239,1751924721.4375243,1751924798.338101,batch_consumer-sts-0_20250707_214639_735669.csv,True,False,False,1751924909.8894963,188451.97200775146
18249,1751924721.4377513,1751924798.365563,batch_consumer-sts-0_20250707_214639_735669.csv,True,False,False,1751924909.8894963,188451.74503326416
18259,1751924721.437983,1751924798.3937535,batch_consumer-sts-0_20250707_214639_735669.csv,True,False,False,1751924909.8894963,188451.51329040527
18269,1751924721.43823,1751924798.420646,batch_consumer-sts-0_20250707_214639_735669.csv,True,False,False,1751924909.8894963,188451.26628875732
18279,1751924721.4384644,1751924798.4484725,batch_consumer-sts-0_20250707_214639_735669.csv,True,False,False,1751924909.8894963,188451.03192329407
18289,1751924721.438692,1751924798.4764884,batch_consumer-sts-0_20250707_214639_735669.csv,True,False,False,1751924909.8894963,188450.80423355103
18299,1751924721.4389253,1751924798.5037646,batch_consumer-sts-0_20250707_214639_735669.csv,True,False,False,1751924909.8894963,188450.57106018066
18309,1751924721.4391563,1751924798.53139,batch_consumer-sts-0_20250707_214639_735669.csv,True,False,False,1751924909.8894963,188450.34003257751
18319,1751924721.439393,1751924798.558756,batch_consumer-sts-0_20250707_214639_735669.csv,True,False,False,1751924909.8894963,188450.10328292847
18329,1751924721.4396253,1751924798.5862768,batch_consumer-sts-0_20250707_214639_735669.csv,True,False,False,1751924909.8894963,188449.87106323242
18339,1751924721.4398522,1751924798.613037,batch_consumer-sts-0_20250707_214639_735669.csv,True,False,False,1751924909.8894963,188449.64408874512
18349,1751924721.4400797,1751924798.6402512,batch_consumer-sts-0_20250707_214639_735669.csv,True,False,False,1751924909.8894963,188449.41663742065
18359,1751924721.4403074,1751924798.666719,batch_consumer-sts-0_20250707_214639_735669.csv,True,False,False,1751924909.8894963,188449.1889476776
18369,1751924721.4405384,1751924798.6945622,batch_consumer-sts-0_20250707_214639_735669.csv,True,False,False,1751924909.8894963,188448.95792007446
18379,1751924721.4407766,1751924798.7213678,batch_consumer-sts-0_20250707_214639_735669.csv,True,False,False,1751924909.8894963,188448.71973991394
18389,1751924721.4410112,1751924798.7485936,batch_consumer-sts-0_20250707_214639_735669.csv,True,False,False,1751924909.8894963,188448.4851360321
18399,1751924721.4412446,1751924798.7763522,batch_consumer-sts-0_20250707_214639_735669.csv,True,False,False,1751924909.8894963,188448.25172424316
18409,1751924721.441487,1751924798.803738,batch_consumer-sts-0_20250707_214639_735669.csv,True,False,False,1751924909.8894963,188448.00925254822
18419,1751924721.4417272,1751924798.8312438,batch_consumer-sts-0_20250707_214639_735669.csv,True,False,False,1751924909.8894963,188447.76916503906
18429,1751924721.441962,1751924798.8578904,batch_consumer-sts-0_20250707_214639_735669.csv,True,False,False,1751924909.8894963,188447.53432273865
18439,1751924721.44221,1751924798.885764,batch_consumer-sts-0_20250707_214639_735669.csv,True,False,False,1751924909.8894963,188447.28636741638
18449,1751924721.4424438,1751924798.9126723,batch_consumer-sts-0_20250707_214639_735669.csv,True,False,False,1751924909.8894963,188447.05247879028
18459,1751924721.4426713,1751924798.939959,batch_consumer-sts-0_20250707_214639_735669.csv,True,False,False,1751924909.8894963,188446.82502746582
18469,1751924721.4429045,1751924798.9675453,batch_consumer-sts-0_20250707_214639_735669.csv,True,False,False,1751924909.8894963,188446.59185409546
18479,1751924721.4431396,1751924798.9949856,batch_consumer-sts-0_20250707_214639_735669.csv,True,False,False,1751924909.8894963,188446.35677337646
18489,1751924721.4433675,1751924799.0217707,batch_consumer-sts-0_20250707_214639_735669.csv,True,False,False,1751924909.8894963,188446.12884521484
18499,1751924721.4435964,1751924799.0494728,batch_consumer-sts-0_20250707_214639_735669.csv,True,False,False,1751924909.8894963,188445.8999633789
18509,1751924721.443838,1751924799.0769186,batch_consumer-sts-0_20250707_214639_735669.csv,True,False,False,1751924909.8894963,188445.65844535828
18519,1751924721.4440682,1751924799.1042216,batch_consumer-sts-0_20250707_214639_735669.csv,True,False,False,1751924909.8894963,188445.42813301086
18529,1751924721.4442987,1751924799.1313934,batch_consumer-sts-0_20250707_214639_735669.csv,True,False,False,1751924909.8894963,188445.19758224487
18539,1751924721.444528,1751924799.159593,batch_consumer-sts-0_20250707_214639_735669.csv,True,False,False,1751924909.8894963,188444.96822357178
18549,1751924721.4447622,1751924799.1877933,batch_consumer-sts-0_20250707_214639_735669.csv,True,False,False,1751924909.8894963,188444.7340965271
18559,1751924721.4449863,1751924799.2147331,batch_consumer-sts-0_20250707_214639_735669.csv,True,False,False,1751924909.8894963,188444.50998306274
18569,1751924721.4452126,1751924799.2422714,batch_consumer-sts-0_20250707_214639_735669.csv,True,False,False,1751924909.8894963,188444.28372383118
18579,1751924721.445442,1751924799.26973,batch_consumer-sts-0_20250707_214639_735669.csv,True,False,False,1751924909.8894963,188444.05436515808
18589,1751924721.4456744,1751924799.2976344,batch_consumer-sts-0_20250707_214639_735669.csv,True,False,False,1751924909.8894963,188443.82190704346
18599,1751924721.4459274,1751924799.3246834,batch_consumer-sts-0_20250707_214639_735669.csv,True,False,False,1751924909.8894963,188443.56894493103
18609,1751924721.446167,1751924799.352369,batch_consumer-sts-0_20250707_214639_735669.csv,True,False,False,1751924909.8894963,188443.32933425903
18619,1751924721.4463992,1751924799.3802102,batch_consumer-sts-0_20250707_214639_735669.csv,True,False,False,1751924909.8894963,188443.097114563
18629,1751924721.4466257,1751924799.4073384,batch_consumer-sts-0_20250707_214639_735669.csv,True,False,False,1751924909.8894963,188442.87061691284
18639,1751924721.446863,1751924799.435609,batch_consumer-sts-0_20250707_214639_735669.csv,True,False,False,1751924909.8894963,188442.63339042664
18649,1751924721.4470932,1751924799.463735,batch_consumer-sts-0_20250707_214639_735669.csv,True,False,False,1751924909.8894963,188442.40307807922
18659,1751924721.447323,1751924799.4913864,batch_consumer-sts-0_20250707_214639_735669.csv,True,False,False,1751924909.8894963,188442.17324256897
18669,1751924721.4475503,1751924799.5181055,batch_consumer-sts-0_20250707_214639_735669.csv,True,False,False,1751924909.8894963,188441.9460296631
18679,1751924721.447795,1751924799.5455844,batch_consumer-sts-0_20250707_214639_735669.csv,True,False,False,1751924909.8894963,188441.70141220093
18689,1751924721.4480162,1751924799.572796,batch_consumer-sts-0_20250707_214639_735669.csv,True,False,False,1751924909.8894963,188441.48015975952
18699,1751924721.448202,1751924799.600055,batch_consumer-sts-0_20250707_214639_735669.csv,True,False,False,1751924909.8894963,188441.2944316864
18709,1751924721.448401,1751924799.62777,batch_consumer-sts-0_20250707_214639_735669.csv,True,False,False,1751924909.8894963,188441.09535217285
18719,1751924721.4485917,1751924799.6554115,batch_consumer-sts-0_20250707_214639_735669.csv,True,False,False,1751924909.8894963,188440.90461730957
18729,1751924721.4487836,1751924799.6814494,batch_consumer-sts-0_20250707_214639_735669.csv,True,False,False,1751924909.8894963,188440.7126903534
18739,1751924721.4489725,1751924799.707985,batch_consumer-sts-0_20250707_214639_735669.csv,True,False,False,1751924909.8894963,188440.52386283875
18749,1751924721.4491656,1751924799.9747548,batch_consumer-sts-0_20250707_214644_128331.csv,True,False,False,1751924909.8894963,188440.33074378967
18759,1751924721.4493582,1751924800.1703494,batch_consumer-sts-0_20250707_214644_128331.csv,True,False,False,1751924909.8894963,188440.13810157776
18769,1751924721.4495835,1751924800.1981523,batch_consumer-sts-0_20250707_214644_128331.csv,True,False,False,1751924909.8894963,188439.9127960205
18779,1751924721.4498346,1751924800.2250676,batch_consumer-sts-0_20250707_214644_128331.csv,True,False,False,1751924909.8894963,188439.6617412567
18789,1751924721.450062,1751924800.252282,batch_consumer-sts-0_20250707_214644_128331.csv,True,False,False,1751924909.8894963,188439.43428993225
18799,1751924721.4503014,1751924800.2796106,batch_consumer-sts-0_20250707_214644_128331.csv,True,False,False,1751924909.8894963,188439.19491767883
18809,1751924721.4505262,1751924800.3064432,batch_consumer-sts-0_20250707_214644_128331.csv,True,False,False,1751924909.8894963,188438.97008895874
18819,1751924721.4507608,1751924800.3338082,batch_consumer-sts-0_20250707_214644_128331.csv,True,False,False,1751924909.8894963,188438.7354850769
18829,1751924721.4509878,1751924800.3613584,batch_consumer-sts-0_20250707_214644_128331.csv,True,False,False,1751924909.8894963,188438.5085105896
18839,1751924721.4512231,1751924800.388889,batch_consumer-sts-0_20250707_214644_128331.csv,True,False,False,1751924909.8894963,188438.27319145203
18849,1751924721.451445,1751924800.4157114,batch_consumer-sts-0_20250707_214644_128331.csv,True,False,False,1751924909.8894963,188438.05122375488
18859,1751924721.4516747,1751924800.443296,batch_consumer-sts-0_20250707_214644_128331.csv,True,False,False,1751924909.8894963,188437.8216266632
18869,1751924721.4519055,1751924800.4712584,batch_consumer-sts-0_20250707_214644_128331.csv,True,False,False,1751924909.8894963,188437.59083747864
18879,1751924721.4521377,1751924800.499092,batch_consumer-sts-0_20250707_214644_128331.csv,True,False,False,1751924909.8894963,188437.3586177826
18889,1751924721.4523673,1751924800.5268204,batch_consumer-sts-0_20250707_214644_128331.csv,True,False,False,1751924909.8894963,188437.12902069092
18899,1751924721.4526055,1751924800.5546098,batch_consumer-sts-0_20250707_214644_128331.csv,True,False,False,1751924909.8894963,188436.8908405304
18909,1751924721.452839,1751924800.5822282,batch_consumer-sts-0_20250707_214644_128331.csv,True,False,False,1751924909.8894963,188436.65742874146
18919,1751924721.4530735,1751924800.609006,batch_consumer-sts-0_20250707_214644_128331.csv,True,False,False,1751924909.8894963,188436.42282485962
18929,1751924721.4533,1751924800.636624,batch_consumer-sts-0_20250707_214644_128331.csv,True,False,False,1751924909.8894963,188436.19632720947
18939,1751924721.4535272,1751924800.664378,batch_consumer-sts-0_20250707_214644_128331.csv,True,False,False,1751924909.8894963,188435.9691143036
18949,1751924721.4537644,1751924800.6921804,batch_consumer-sts-0_20250707_214644_128331.csv,True,False,False,1751924909.8894963,188435.73188781738
18959,1751924721.4539983,1751924800.719462,batch_consumer-sts-0_20250707_214644_128331.csv,True,False,False,1751924909.8894963,188435.49799919128
18969,1751924721.4542294,1751924800.9719214,batch_consumer-sts-0_20250707_214644_128331.csv,True,False,False,1751924909.8894963,188435.26697158813
18979,1751924721.4544585,1751924800.9995885,batch_consumer-sts-0_20250707_214644_128331.csv,True,False,False,1751924909.8894963,188435.03785133362
18989,1751924721.45469,1751924801.0275156,batch_consumer-sts-0_20250707_214644_128331.csv,True,False,False,1751924909.8894963,188434.8063468933
18999,1751924721.454926,1751924801.0548818,batch_consumer-sts-0_20250707_214644_128331.csv,True,False,False,1751924909.8894963,188434.5703125
19009,1751924721.4551632,1751924801.0825346,batch_consumer-sts-0_20250707_214644_128331.csv,True,False,False,1751924909.8894963,188434.3330860138
19019,1751924721.4554026,1751924801.1092932,batch_consumer-sts-0_20250707_214644_128331.csv,True,False,False,1751924909.8894963,188434.09371376038
19029,1751924721.4556296,1751924801.136765,batch_consumer-sts-0_20250707_214644_128331.csv,True,False,False,1751924909.8894963,188433.86673927307
19039,1751924721.4558578,1751924801.1644957,batch_consumer-sts-0_20250707_214644_128331.csv,True,False,False,1751924909.8894963,188433.63857269287
19049,1751924721.4561355,1751924801.192514,batch_consumer-sts-0_20250707_214644_128331.csv,True,False,False,1751924909.8894963,188433.36081504822
19059,1751924721.456391,1751924801.2194157,batch_consumer-sts-0_20250707_214644_128331.csv,True,False,False,1751924909.8894963,188433.10523033142
19069,1751924721.4566407,1751924801.247439,batch_consumer-sts-0_20250707_214644_128331.csv,True,False,False,1751924909.8894963,188432.8556060791
19079,1751924721.4568748,1751924801.275036,batch_consumer-sts-0_20250707_214644_128331.csv,True,False,False,1751924909.8894963,188432.62147903442
19089,1751924721.4571106,1751924801.3026688,batch_consumer-sts-0_20250707_214644_128331.csv,True,False,False,1751924909.8894963,188432.3856830597
19099,1751924721.4573455,1751924801.3303654,batch_consumer-sts-0_20250707_214644_128331.csv,True,False,False,1751924909.8894963,188432.15084075928
19109,1751924721.4575746,1751924801.3582845,batch_consumer-sts-0_20250707_214644_128331.csv,True,False,False,1751924909.8894963,188431.92172050476
19119,1751924721.4578023,1751924801.3861935,batch_consumer-sts-0_20250707_214644_128331.csv,True,False,False,1751924909.8894963,188431.69403076172
19129,1751924721.458037,1751924801.4134214,batch_consumer-sts-0_20250707_214644_128331.csv,True,False,False,1751924909.8894963,188431.45942687988
19139,1751924721.4582753,1751924801.4417548,batch_consumer-sts-0_20250707_214644_128331.csv,True,False,False,1751924909.8894963,188431.22100830078
19149,1751924721.4585092,1751924801.470384,batch_consumer-sts-0_20250707_214644_128331.csv,True,False,False,1751924909.8894963,188430.98711967468
19159,1751924721.4587495,1751924801.4990048,batch_consumer-sts-0_20250707_214644_128331.csv,True,False,False,1751924909.8894963,188430.74679374695
19169,1751924721.4589736,1751924801.5339596,batch_consumer-sts-0_20250707_214644_128331.csv,True,False,False,1751924909.8894963,188430.5226802826
19179,1751924721.4592066,1751924801.5628965,batch_consumer-sts-0_20250707_214644_128331.csv,True,False,False,1751924909.8894963,188430.2897453308
19189,1751924721.4594393,1751924801.5903242,batch_consumer-sts-0_20250707_214644_128331.csv,True,False,False,1751924909.8894963,188430.0570487976
19199,1751924721.459667,1751924801.616371,batch_consumer-sts-0_20250707_214644_128331.csv,True,False,False,1751924909.8894963,188429.82935905457
19209,1751924721.4598992,1751924801.64446,batch_consumer-sts-0_20250707_214644_128331.csv,True,False,False,1751924909.8894963,188429.59713935852
19219,1751924721.4601338,1751924801.672266,batch_consumer-sts-0_20250707_214644_128331.csv,True,False,False,1751924909.8894963,188429.36253547668
19229,1751924721.460368,1751924801.6998775,batch_consumer-sts-0_20250707_214644_128331.csv,True,False,False,1751924909.8894963,188429.128408432
19239,1751924721.4605985,1751924801.7277648,batch_consumer-sts-0_20250707_214644_128331.csv,True,False,False,1751924909.8894963,188428.89785766602
19249,1751924721.4608235,1751924801.7552538,batch_consumer-sts-0_20250707_214644_128331.csv,True,False,False,1751924909.8894963,188428.67279052734
19259,1751924721.4610608,1751924801.7831683,batch_consumer-sts-0_20250707_214644_128331.csv,True,False,False,1751924909.8894963,188428.43556404114
19269,1751924721.4612966,1751924801.810113,batch_consumer-sts-0_20250707_214644_128331.csv,True,False,False,1751924909.8894963,188428.1997680664
29539,1751924721.702214,1751924801.8377235,batch_consumer-sts-0_20250707_214644_128331.csv,True,False,False,1751924909.8894963,188187.28232383728
29549,1751924721.7024577,1751924801.865322,batch_consumer-sts-0_20250707_214644_128331.csv,True,False,False,1751924909.8894963,188187.03866004944
29559,1751924721.70269,1751924801.892167,batch_consumer-sts-0_20250707_214644_128331.csv,True,False,False,1751924909.8894963,188186.8064403534
29569,1751924721.7029352,1751924801.919587,batch_consumer-sts-0_20250707_214644_128331.csv,True,False,False,1751924909.8894963,188186.5611076355
29579,1751924721.70317,1751924801.9477572,batch_consumer-sts-0_20250707_214644_128331.csv,True,False,False,1751924909.8894963,188186.32626533508
29589,1751924721.7033954,1751924801.9752464,batch_consumer-sts-0_20250707_214644_128331.csv,True,False,False,1751924909.8894963,188186.10095977783
29599,1751924721.70363,1751924802.0016365,batch_consumer-sts-0_20250707_214644_128331.csv,True,False,False,1751924909.8894963,188185.866355896
29609,1751924721.703867,1751924802.029084,batch_consumer-sts-0_20250707_214644_128331.csv,True,False,False,1751924909.8894963,188185.62936782837
29619,1751924721.7040997,1751924802.0562956,batch_consumer-sts-0_20250707_214644_128331.csv,True,False,False,1751924909.8894963,188185.39667129517
29629,1751924721.7043352,1751924802.0836737,batch_consumer-sts-0_20250707_214644_128331.csv,True,False,False,1751924909.8894963,188185.161113739
29639,1751924721.7045653,1751924802.1103306,batch_consumer-sts-0_20250707_214644_128331.csv,True,False,False,1751924909.8894963,188184.93103981018
29649,1751924721.7047968,1751924802.1377802,batch_consumer-sts-0_20250707_214644_128331.csv,True,False,False,1751924909.8894963,188184.69953536987
29659,1751924721.7050247,1751924802.1712725,batch_consumer-sts-0_20250707_214644_128331.csv,True,False,False,1751924909.8894963,188184.47160720825
29669,1751924721.705267,1751924802.1983583,batch_consumer-sts-0_20250707_214644_128331.csv,True,False,False,1751924909.8894963,188184.22937393188
29679,1751924721.7054975,1751924802.2252705,batch_consumer-sts-0_20250707_214644_128331.csv,True,False,False,1751924909.8894963,188183.9988231659
29689,1751924721.7057288,1751924802.2522483,batch_consumer-sts-0_20250707_214644_128331.csv,True,False,False,1751924909.8894963,188183.76755714417
29699,1751924721.705963,1751924802.2797844,batch_consumer-sts-0_20250707_214644_128331.csv,True,False,False,1751924909.8894963,188183.5334300995
29709,1751924721.706204,1751924802.3071036,batch_consumer-sts-0_20250707_214644_128331.csv,True,False,False,1751924909.8894963,188183.29238891602
29719,1751924721.7064357,1751924802.334764,batch_consumer-sts-0_20250707_214644_128331.csv,True,False,False,1751924909.8894963,188183.06064605713
29729,1751924721.7066936,1751924802.3623097,batch_consumer-sts-0_20250707_214644_128331.csv,True,False,False,1751924909.8894963,188182.80267715454
29739,1751924721.7069335,1751924802.389387,batch_consumer-sts-0_20250707_214644_128331.csv,True,False,False,1751924909.8894963,188182.56282806396
29749,1751924721.707164,1751924802.4165337,batch_consumer-sts-0_20250707_214644_128331.csv,True,False,False,1751924909.8894963,188182.33227729797
29759,1751924721.7073915,1751924802.4440491,batch_consumer-sts-0_20250707_214644_128331.csv,True,False,False,1751924909.8894963,188182.1048259735
29769,1751924721.7076244,1751924802.4716728,batch_consumer-sts-0_20250707_214644_128331.csv,True,False,False,1751924909.8894963,188181.87189102173
29779,1751924721.7078528,1751924802.4993532,batch_consumer-sts-0_20250707_214644_128331.csv,True,False,False,1751924909.8894963,188181.64348602295
29789,1751924721.70809,1751924802.5274622,batch_consumer-sts-0_20250707_214644_128331.csv,True,False,False,1751924909.8894963,188181.40625953674
29799,1751924721.7083218,1751924802.5555356,batch_consumer-sts-0_20250707_214644_128331.csv,True,False,False,1751924909.8894963,188181.17451667786
29809,1751924721.7085454,1751924803.5848176,batch_consumer-sts-0_20250707_214644_128331.csv,True,False,False,1751924909.8894963,188180.95088005066
29819,1751924721.708777,1751924803.6117544,batch_consumer-sts-0_20250707_214644_128331.csv,True,False,False,1751924909.8894963,188180.71937561035
29829,1751924721.7090013,1751924803.6393583,batch_consumer-sts-0_20250707_214644_128331.csv,True,False,False,1751924909.8894963,188180.49502372742
29839,1751924721.7092347,1751924803.6668153,batch_consumer-sts-0_20250707_214644_128331.csv,True,False,False,1751924909.8894963,188180.26161193848
29849,1751924721.7094746,1751924803.694664,batch_consumer-sts-0_20250707_214644_128331.csv,True,False,False,1751924909.8894963,188180.0217628479
29859,1751924721.7097163,1751924803.721223,batch_consumer-sts-0_20250707_214644_128331.csv,True,False,False,1751924909.8894963,188179.7800064087
29869,1751924721.709947,1751924803.7485392,batch_consumer-sts-0_20250707_214644_128331.csv,True,False,False,1751924909.8894963,188179.54921722412
29879,1751924721.710184,1751924803.7759671,batch_consumer-sts-0_20250707_214644_128331.csv,True,False,False,1751924909.8894963,188179.3122291565
29889,1751924721.710418,1751924803.8029287,batch_consumer-sts-0_20250707_214644_128331.csv,True,False,False,1751924909.8894963,188179.0783405304
29899,1751924721.7106514,1751924803.829821,batch_consumer-sts-0_20250707_214644_128331.csv,True,False,False,1751924909.8894963,188178.84492874146
29909,1751924721.710883,1751924803.8572035,batch_consumer-sts-0_20250707_214644_128331.csv,True,False,False,1751924909.8894963,188178.61342430115
29919,1751924721.711216,1751924803.8847516,batch_consumer-sts-0_20250707_214644_128331.csv,True,False,False,1751924909.8894963,188178.28035354614
29929,1751924721.71146,1751924803.9115238,batch_consumer-sts-0_20250707_214644_128331.csv,True,False,False,1751924909.8894963,188178.03621292114
29939,1751924721.7116857,1751924803.9386263,batch_consumer-sts-0_20250707_214644_128331.csv,True,False,False,1751924909.8894963,188177.8106689453
29949,1751924721.7119198,1751924803.9662588,batch_consumer-sts-0_20250707_214644_128331.csv,True,False,False,1751924909.8894963,188177.57654190063
29959,1751924721.712149,1751924803.9936357,batch_consumer-sts-0_20250707_214644_128331.csv,True,False,False,1751924909.8894963,188177.34742164612
29969,1751924721.7123754,1751924804.0202725,batch_consumer-sts-0_20250707_214644_128331.csv,True,False,False,1751924909.8894963,188177.12092399597
29979,1751924721.7126026,1751924804.0466034,batch_consumer-sts-0_20250707_214644_128331.csv,True,False,False,1751924909.8894963,188176.8937110901
29989,1751924721.7128365,1751924804.073783,batch_consumer-sts-0_20250707_214644_128331.csv,True,False,False,1751924909.8894963,188176.659822464
29999,1751924721.7130823,1751924804.1008222,batch_consumer-sts-0_20250707_214644_128331.csv,True,False,False,1751924909.8894963,188176.41401290894
30009,1751924721.7133114,1751924804.3210137,batch_consumer-sts-0_20250707_214647_540084.csv,True,False,False,1751924909.8894963,188176.18489265442
30019,1751924721.713542,1751924804.348284,batch_consumer-sts-0_20250707_214647_540084.csv,True,False,False,1751924909.8894963,188175.95434188843
30029,1751924721.7137747,1751924804.3756769,batch_consumer-sts-0_20250707_214647_540084.csv,True,False,False,1751924909.8894963,188175.72164535522
30039,1751924721.7140076,1751924804.4029975,batch_consumer-sts-0_20250707_214647_540084.csv,True,False,False,1751924909.8894963,188175.48871040344
30049,1751924721.7142506,1751924804.4312148,batch_consumer-sts-0_20250707_214647_540084.csv,True,False,False,1751924909.8894963,188175.24576187134
30059,1751924721.7144835,1751924804.4588108,batch_consumer-sts-0_20250707_214647_540084.csv,True,False,False,1751924909.8894963,188175.01282691956
30069,1751924721.7147286,1751924804.4876325,batch_consumer-sts-0_20250707_214647_540084.csv,True,False,False,1751924909.8894963,188174.76773262024
30079,1751924721.7149572,1751924804.514781,batch_consumer-sts-0_20250707_214647_540084.csv,True,False,False,1751924909.8894963,188174.53908920288
30089,1751924721.715186,1751924804.5425313,batch_consumer-sts-0_20250707_214647_540084.csv,True,False,False,1751924909.8894963,188174.31020736694
30099,1751924721.71542,1751924804.5702062,batch_consumer-sts-0_20250707_214647_540084.csv,True,False,False,1751924909.8894963,188174.07631874084
30109,1751924721.7156937,1751924804.5981095,batch_consumer-sts-0_20250707_214647_540084.csv,True,False,False,1751924909.8894963,188173.80261421204
30119,1751924721.716118,1751924804.624654,batch_consumer-sts-0_20250707_214647_540084.csv,True,False,False,1751924909.8894963,188173.37822914124
30129,1751924721.7165427,1751924804.6524544,batch_consumer-sts-0_20250707_214647_540084.csv,True,False,False,1751924909.8894963,188172.95360565186
30139,1751924721.7169447,1751924804.6803105,batch_consumer-sts-0_20250707_214647_540084.csv,True,False,False,1751924909.8894963,188172.5516319275
30149,1751924721.717303,1751924804.7076766,batch_consumer-sts-0_20250707_214647_540084.csv,True,False,False,1751924909.8894963,188172.1932888031
30159,1751924721.7176647,1751924804.735194,batch_consumer-sts-0_20250707_214647_540084.csv,True,False,False,1751924909.8894963,188171.8316078186
30169,1751924721.718044,1751924804.7631414,batch_consumer-sts-0_20250707_214647_540084.csv,True,False,False,1751924909.8894963,188171.45228385925
30179,1751924721.7185245,1751924804.79136,batch_consumer-sts-0_20250707_214647_540084.csv,True,False,False,1751924909.8894963,188170.97187042236
30189,1751924721.7187607,1751924804.818248,batch_consumer-sts-0_20250707_214647_540084.csv,True,False,False,1751924909.8894963,188170.73559761047
30199,1751924721.71901,1751924804.8461564,batch_consumer-sts-0_20250707_214647_540084.csv,True,False,False,1751924909.8894963,188170.48621177673
30209,1751924721.7192478,1751924804.872922,batch_consumer-sts-0_20250707_214647_540084.csv,True,False,False,1751924909.8894963,188170.24850845337
30219,1751924721.7194858,1751924804.9005811,batch_consumer-sts-0_20250707_214647_540084.csv,True,False,False,1751924909.8894963,188170.01056671143
30229,1751924721.71972,1751924804.9283297,batch_consumer-sts-0_20250707_214647_540084.csv,True,False,False,1751924909.8894963,188169.77643966675
30239,1751924721.7199657,1751924804.9557283,batch_consumer-sts-0_20250707_214647_540084.csv,True,False,False,1751924909.8894963,188169.5306301117
30249,1751924721.7201972,1751924804.9834516,batch_consumer-sts-0_20250707_214647_540084.csv,True,False,False,1751924909.8894963,188169.2991256714
30259,1751924721.72043,1751924805.010734,batch_consumer-sts-0_20250707_214647_540084.csv,True,False,False,1751924909.8894963,188169.06642913818
30269,1751924721.720661,1751924805.0383587,batch_consumer-sts-0_20250707_214647_540084.csv,True,False,False,1751924909.8894963,188168.83540153503
30279,1751924721.7208898,1751924805.0655518,batch_consumer-sts-0_20250707_214647_540084.csv,True,False,False,1751924909.8894963,188168.6065196991
30289,1751924721.721118,1751924805.27782,batch_consumer-sts-0_20250707_214647_540084.csv,True,False,False,1751924909.8894963,188168.3783531189
30299,1751924721.7213502,1751924805.3055065,batch_consumer-sts-0_20250707_214647_540084.csv,True,False,False,1751924909.8894963,188168.14613342285
30309,1751924721.7215896,1751924805.3331656,batch_consumer-sts-0_20250707_214647_540084.csv,True,False,False,1751924909.8894963,188167.90676116943
30319,1751924721.7218175,1751924805.360577,batch_consumer-sts-0_20250707_214647_540084.csv,True,False,False,1751924909.8894963,188167.6788330078
30329,1751924721.7220497,1751924805.388114,batch_consumer-sts-0_20250707_214647_540084.csv,True,False,False,1751924909.8894963,188167.44661331177
30339,1751924721.7223673,1751924805.4150083,batch_consumer-sts-0_20250707_214647_540084.csv,True,False,False,1751924909.8894963,188167.1290397644
30349,1751924721.7226782,1751924805.4425066,batch_consumer-sts-0_20250707_214647_540084.csv,True,False,False,1751924909.8894963,188166.81814193726
30359,1751924721.7229931,1751924805.4702444,batch_consumer-sts-0_20250707_214647_540084.csv,True,False,False,1751924909.8894963,188166.50319099426
30369,1751924721.7233362,1751924805.4981923,batch_consumer-sts-0_20250707_214647_540084.csv,True,False,False,1751924909.8894963,188166.16010665894
30379,1751924721.7236865,1751924805.5244672,batch_consumer-sts-0_20250707_214647_540084.csv,True,False,False,1751924909.8894963,188165.80986976624
30389,1751924721.7240026,1751924805.55218,batch_consumer-sts-0_20250707_214647_540084.csv,True,False,False,1751924909.8894963,188165.49372673035
30399,1751924721.7243106,1751924805.5797522,batch_consumer-sts-0_20250707_214647_540084.csv,True,False,False,1751924909.8894963,188165.18568992615
30409,1751924721.7246697,1751924805.607099,batch_consumer-sts-0_20250707_214647_540084.csv,True,False,False,1751924909.8894963,188164.82663154602
30419,1751924721.7250175,1751924805.633745,batch_consumer-sts-0_20250707_214647_540084.csv,True,False,False,1751924909.8894963,188164.4787788391
30429,1751924721.725387,1751924805.6613884,batch_consumer-sts-0_20250707_214647_540084.csv,True,False,False,1751924909.8894963,188164.1092300415
30439,1751924721.7257235,1751924805.6905909,batch_consumer-sts-0_20250707_214647_540084.csv,True,False,False,1751924909.8894963,188163.7728214264
30449,1751924721.726043,1751924805.7173278,batch_consumer-sts-0_20250707_214647_540084.csv,True,False,False,1751924909.8894963,188163.4533405304
30459,1751924721.726368,1751924805.7450848,batch_consumer-sts-0_20250707_214647_540084.csv,True,False,False,1751924909.8894963,188163.12837600708
30469,1751924721.7266903,1751924805.7728815,batch_consumer-sts-0_20250707_214647_540084.csv,True,False,False,1751924909.8894963,188162.80603408813
30479,1751924721.7270238,1751924805.8005006,batch_consumer-sts-0_20250707_214647_540084.csv,True,False,False,1751924909.8894963,188162.47248649597
30489,1751924721.7273452,1751924805.8288803,batch_consumer-sts-0_20250707_214647_540084.csv,True,False,False,1751924909.8894963,188162.15109825134
30499,1751924721.727677,1751924806.0142562,batch_consumer-sts-0_20250707_214647_540084.csv,True,False,False,1751924909.8894963,188161.81921958923
30509,1751924721.7280085,1751924806.0420492,batch_consumer-sts-0_20250707_214647_540084.csv,True,False,False,1751924909.8894963,188161.48781776428
17178,1751924721.413015,1751924806.0697443,batch_consumer-sts-0_20250707_214647_540084.csv,True,True,False,1751924909.8894963,188476.4814376831
17188,1751924721.4132533,1751924806.0977497,batch_consumer-sts-0_20250707_214647_540084.csv,True,False,False,1751924909.8894963,188476.243019104
17198,1751924721.413483,1751924806.125369,batch_consumer-sts-0_20250707_214647_540084.csv,True,False,False,1751924909.8894963,188476.01342201233
17208,1751924721.4137363,1751924806.1533878,batch_consumer-sts-0_20250707_214647_540084.csv,True,False,False,1751924909.8894963,188475.75998306274
17218,1751924721.4139605,1751924806.181317,batch_consumer-sts-0_20250707_214647_540084.csv,True,False,False,1751924909.8894963,188475.5358695984
17228,1751924721.4141972,1751924806.2088363,batch_consumer-sts-0_20250707_214647_540084.csv,True,False,False,1751924909.8894963,188475.29911994934
17238,1751924721.414435,1751924806.2364955,batch_consumer-sts-0_20250707_214647_540084.csv,True,False,False,1751924909.8894963,188475.06141662598
17248,1751924721.414666,1751924806.2655902,batch_consumer-sts-0_20250707_214647_540084.csv,True,False,False,1751924909.8894963,188474.83038902283
17258,1751924721.414899,1751924806.2935476,batch_consumer-sts-0_20250707_214647_540084.csv,True,False,False,1751924909.8894963,188474.59721565247
17268,1751924721.41513,1751924806.4414165,batch_consumer-sts-0_20250707_214647_540084.csv,True,False,False,1751924909.8894963,188474.3664264679
17278,1751924721.415362,1751924806.4690695,batch_consumer-sts-0_20250707_214647_540084.csv,True,False,False,1751924909.8894963,188474.13444519043
17288,1751924721.4155948,1751924806.496569,batch_consumer-sts-0_20250707_214647_540084.csv,True,False,False,1751924909.8894963,188473.90151023865
17298,1751924721.4158213,1751924806.523738,batch_consumer-sts-0_20250707_214647_540084.csv,True,False,False,1751924909.8894963,188473.6750125885
17308,1751924721.4160514,1751924806.551382,batch_consumer-sts-0_20250707_214647_540084.csv,True,False,False,1751924909.8894963,188473.44493865967
17318,1751924721.416284,1751924806.5790088,batch_consumer-sts-0_20250707_214647_540084.csv,True,False,False,1751924909.8894963,188473.21224212646
17328,1751924721.4165237,1751924806.6062188,batch_consumer-sts-0_20250707_214647_540084.csv,True,False,False,1751924909.8894963,188472.97263145447
17338,1751924721.416758,1751924806.63259,batch_consumer-sts-0_20250707_214647_540084.csv,True,False,False,1751924909.8894963,188472.7382659912
17348,1751924721.416983,1751924806.660285,batch_consumer-sts-0_20250707_214647_540084.csv,True,False,False,1751924909.8894963,188472.51343727112
17358,1751924721.4172108,1751924806.6881735,batch_consumer-sts-0_20250707_214647_540084.csv,True,False,False,1751924909.8894963,188472.2855091095
17368,1751924721.4174447,1751924806.715189,batch_consumer-sts-0_20250707_214647_540084.csv,True,False,False,1751924909.8894963,188472.0516204834
17378,1751924721.4176786,1751924806.742582,batch_consumer-sts-0_20250707_214647_540084.csv,True,False,False,1751924909.8894963,188471.8177318573
17388,1751924721.4179146,1751924806.7696562,batch_consumer-sts-0_20250707_214647_540084.csv,True,False,False,1751924909.8894963,188471.581697464
17398,1751924721.4181406,1751924806.797216,batch_consumer-sts-0_20250707_214647_540084.csv,True,False,False,1751924909.8894963,188471.355676651
17408,1751924721.418375,1751924806.8242488,batch_consumer-sts-0_20250707_214647_540084.csv,True,False,False,1751924909.8894963,188471.12131118774
17418,1751924721.4186082,1751924806.8515892,batch_consumer-sts-0_20250707_214647_540084.csv,True,False,False,1751924909.8894963,188470.88813781738
17428,1751924721.4188466,1751924806.8788302,batch_consumer-sts-0_20250707_214647_540084.csv,True,False,False,1751924909.8894963,188470.64971923828
17438,1751924721.4190805,1751924806.905911,batch_consumer-sts-0_20250707_214647_540084.csv,True,False,False,1751924909.8894963,188470.41583061218
17448,1751924721.4193103,1751924806.9336095,batch_consumer-sts-0_20250707_214647_540084.csv,True,False,False,1751924909.8894963,188470.18599510193
17458,1751924721.4195354,1751924806.9616568,batch_consumer-sts-0_20250707_214647_540084.csv,True,False,False,1751924909.8894963,188469.96092796326
17468,1751924721.4197593,1751924806.9895563,batch_consumer-sts-0_20250707_214647_540084.csv,True,False,False,1751924909.8894963,188469.73705291748
17478,1751924721.4199934,1751924807.0164163,batch_consumer-sts-0_20250707_214647_540084.csv,True,False,False,1751924909.8894963,188469.5029258728
17488,1751924721.4202302,1751924807.04423,batch_consumer-sts-0_20250707_214647_540084.csv,True,False,False,1751924909.8894963,188469.26617622375
17498,1751924721.4204657,1751924807.0719545,batch_consumer-sts-0_20250707_214647_540084.csv,True,False,False,1751924909.8894963,188469.0306186676
17508,1751924721.420697,1751924807.0990522,batch_consumer-sts-0_20250707_214647_540084.csv,True,False,False,1751924909.8894963,188468.79935264587
17518,1751924721.420928,1751924807.126502,batch_consumer-sts-0_20250707_214647_540084.csv,True,False,False,1751924909.8894963,188468.56832504272
17528,1751924721.4211695,1751924807.1550975,batch_consumer-sts-0_20250707_214647_540084.csv,True,False,False,1751924909.8894963,188468.3268070221
19278,1751924721.4615157,1751924807.1833618,batch_consumer-sts-0_20250707_214647_540084.csv,True,False,False,1751924909.8894963,188427.9806613922
19288,1751924721.4617665,1751924807.210251,batch_consumer-sts-0_20250707_214647_540084.csv,True,False,False,1751924909.8894963,188427.729845047
19298,1751924721.4620118,1751924807.2382252,batch_consumer-sts-0_20250707_214647_540084.csv,True,False,False,1751924909.8894963,188427.4845123291
19308,1751924721.4622571,1751924807.2663095,batch_consumer-sts-0_20250707_214647_540084.csv,True,False,False,1751924909.8894963,188427.2391796112
19318,1751924721.4625,1751924807.2943263,batch_consumer-sts-0_20250707_214647_540084.csv,True,False,False,1751924909.8894963,188426.9962310791
19328,1751924721.462736,1751924807.3212628,batch_consumer-sts-0_20250707_214647_540084.csv,True,False,False,1751924909.8894963,188426.76043510437
19338,1751924721.4629724,1751924807.347443,batch_consumer-sts-0_20250707_214647_540084.csv,True,False,False,1751924909.8894963,188426.5239238739
19348,1751924721.4632206,1751924807.375177,batch_consumer-sts-0_20250707_214647_540084.csv,True,False,False,1751924909.8894963,188426.27573013306
19358,1751924721.4634428,1751924807.4025283,batch_consumer-sts-0_20250707_214647_540084.csv,True,False,False,1751924909.8894963,188426.05352401733
19368,1751924721.4636364,1751924807.4297762,batch_consumer-sts-0_20250707_214647_540084.csv,True,False,False,1751924909.8894963,188425.8599281311
19378,1751924721.46383,1751924807.4577289,batch_consumer-sts-0_20250707_214647_540084.csv,True,False,False,1751924909.8894963,188425.66633224487
19388,1751924721.4640195,1751924807.4857285,batch_consumer-sts-0_20250707_214647_540084.csv,True,False,False,1751924909.8894963,188425.4767894745
19398,1751924721.4642117,1751924807.5125048,batch_consumer-sts-0_20250707_214647_540084.csv,True,False,False,1751924909.8894963,188425.28462409973
19408,1751924721.464434,1751924809.3143778,batch_consumer-sts-0_20250707_214652_351247.csv,True,False,False,1751924909.8894963,188425.062417984
19418,1751924721.4646814,1751924809.3419857,batch_consumer-sts-0_20250707_214652_351247.csv,True,False,False,1751924909.8894963,188424.8149394989
19428,1751924721.4649155,1751924809.369399,batch_consumer-sts-0_20250707_214652_351247.csv,True,False,False,1751924909.8894963,188424.58081245422
19438,1751924721.4651458,1751924809.3967314,batch_consumer-sts-0_20250707_214652_351247.csv,True,False,False,1751924909.8894963,188424.3505001068
19448,1751924721.4653788,1751924809.4301653,batch_consumer-sts-0_20250707_214652_351247.csv,True,False,False,1751924909.8894963,188424.11756515503
19458,1751924721.4656131,1751924809.4580016,batch_consumer-sts-0_20250707_214652_351247.csv,True,False,False,1751924909.8894963,188423.88319969177
19468,1751924721.465845,1751924809.48543,batch_consumer-sts-0_20250707_214652_351247.csv,True,False,False,1751924909.8894963,188423.6512184143
19478,1751924721.4660797,1751924809.511022,batch_consumer-sts-0_20250707_214652_351247.csv,True,False,False,1751924909.8894963,188423.41661453247
19488,1751924721.466315,1751924809.5385385,batch_consumer-sts-0_20250707_214652_351247.csv,True,False,False,1751924909.8894963,188423.1812953949
19498,1751924721.4665406,1751924809.566067,batch_consumer-sts-0_20250707_214652_351247.csv,True,False,False,1751924909.8894963,188422.95575141907
19508,1751924721.466776,1751924809.593608,batch_consumer-sts-0_20250707_214652_351247.csv,True,False,False,1751924909.8894963,188422.7204322815
19518,1751924721.4670095,1751924809.6199782,batch_consumer-sts-0_20250707_214652_351247.csv,True,False,False,1751924909.8894963,188422.48678207397
19528,1751924721.4672391,1751924809.6481109,batch_consumer-sts-0_20250707_214652_351247.csv,True,False,False,1751924909.8894963,188422.2571849823
19538,1751924721.4674678,1751924809.6756625,batch_consumer-sts-0_20250707_214652_351247.csv,True,False,False,1751924909.8894963,188422.02854156494
19548,1751924721.4676976,1751924809.7028654,batch_consumer-sts-0_20250707_214652_351247.csv,True,False,False,1751924909.8894963,188421.7987060547
19558,1751924721.4679322,1751924809.7298698,batch_consumer-sts-0_20250707_214652_351247.csv,True,False,False,1751924909.8894963,188421.56410217285
19568,1751924721.4681673,1751924809.7573695,batch_consumer-sts-0_20250707_214652_351247.csv,True,False,False,1751924909.8894963,188421.32902145386
19578,1751924721.4683957,1751924809.7851715,batch_consumer-sts-0_20250707_214652_351247.csv,True,False,False,1751924909.8894963,188421.10061645508
19588,1751924721.468625,1751924809.8118007,batch_consumer-sts-0_20250707_214652_351247.csv,True,False,False,1751924909.8894963,188420.87125778198
19598,1751924721.4688606,1751924809.8392591,batch_consumer-sts-0_20250707_214652_351247.csv,True,False,False,1751924909.8894963,188420.63570022583
19608,1751924721.4690895,1751924809.8667295,batch_consumer-sts-0_20250707_214652_351247.csv,True,False,False,1751924909.8894963,188420.4068183899
19618,1751924721.4693286,1751924809.8941069,batch_consumer-sts-0_20250707_214652_351247.csv,True,False,False,1751924909.8894963,188420.16768455505
19628,1751924721.4695623,1751924809.920525,batch_consumer-sts-0_20250707_214652_351247.csv,True,False,False,1751924909.8894963,188419.93403434753
19638,1751924721.4697995,1751924809.947882,batch_consumer-sts-0_20250707_214652_351247.csv,True,False,False,1751924909.8894963,188419.69680786133
19648,1751924721.4700303,1751924809.9752407,batch_consumer-sts-0_20250707_214652_351247.csv,True,False,False,1751924909.8894963,188419.46601867676
19658,1751924721.4702723,1751924810.0030031,batch_consumer-sts-0_20250707_214652_351247.csv,True,False,False,1751924909.8894963,188419.22402381897
19668,1751924721.4705057,1751924810.030554,batch_consumer-sts-0_20250707_214652_351247.csv,True,False,False,1751924909.8894963,188418.99061203003
19678,1751924721.470745,1751924810.0579166,batch_consumer-sts-0_20250707_214652_351247.csv,True,False,False,1751924909.8894963,188418.7512397766
19688,1751924721.4709792,1751924810.0851278,batch_consumer-sts-0_20250707_214652_351247.csv,True,False,False,1751924909.8894963,188418.51711273193
19698,1751924721.4712114,1751924810.1119204,batch_consumer-sts-0_20250707_214652_351247.csv,True,False,False,1751924909.8894963,188418.2848930359
19708,1751924721.471446,1751924810.139279,batch_consumer-sts-0_20250707_214652_351247.csv,True,False,False,1751924909.8894963,188418.05028915405
19718,1751924721.471688,1751924810.1673458,batch_consumer-sts-0_20250707_214652_351247.csv,True,False,False,1751924909.8894963,188417.80829429626
19728,1751924721.471918,1751924810.2258956,batch_consumer-sts-0_20250707_214652_351247.csv,True,False,False,1751924909.8894963,188417.57822036743
19738,1751924721.4721498,1751924810.2533956,batch_consumer-sts-0_20250707_214652_351247.csv,True,False,False,1751924909.8894963,188417.34647750854
19748,1751924721.4723833,1751924810.2809908,batch_consumer-sts-0_20250707_214652_351247.csv,True,False,False,1751924909.8894963,188417.1130657196
19758,1751924721.4726124,1751924810.3077662,batch_consumer-sts-0_20250707_214652_351247.csv,True,False,False,1751924909.8894963,188416.8839454651
19768,1751924721.4728415,1751924810.3347008,batch_consumer-sts-0_20250707_214652_351247.csv,True,False,False,1751924909.8894963,188416.65482521057
19778,1751924721.4730685,1751924810.362146,batch_consumer-sts-0_20250707_214652_351247.csv,True,False,False,1751924909.8894963,188416.42785072327
19788,1751924721.473303,1751924810.3895552,batch_consumer-sts-0_20250707_214652_351247.csv,True,False,False,1751924909.8894963,188416.19324684143
19798,1751924721.4735272,1751924810.4161663,batch_consumer-sts-0_20250707_214652_351247.csv,True,False,False,1751924909.8894963,188415.96913337708
19808,1751924721.473761,1751924810.443355,batch_consumer-sts-0_20250707_214652_351247.csv,True,False,False,1751924909.8894963,188415.73524475098
19818,1751924721.4739923,1751924810.4705718,batch_consumer-sts-0_20250707_214652_351247.csv,True,False,False,1751924909.8894963,188415.50397872925
19828,1751924721.4742286,1751924810.497756,batch_consumer-sts-0_20250707_214652_351247.csv,True,False,False,1751924909.8894963,188415.26770591736
19838,1751924721.4744616,1751924810.5273523,batch_consumer-sts-0_20250707_214652_351247.csv,True,False,False,1751924909.8894963,188415.03477096558
19848,1751924721.4746993,1751924810.5537698,batch_consumer-sts-0_20250707_214652_351247.csv,True,False,False,1751924909.8894963,188414.7970676422
19858,1751924721.4749343,1751924810.5814824,batch_consumer-sts-0_20250707_214652_351247.csv,True,False,False,1751924909.8894963,188414.56198692322
19868,1751924721.4751732,1751924810.6082044,batch_consumer-sts-0_20250707_214652_351247.csv,True,False,False,1751924909.8894963,188414.32309150696
19878,1751924721.4754076,1751924810.635911,batch_consumer-sts-0_20250707_214652_351247.csv,True,False,False,1751924909.8894963,188414.0887260437
19888,1751924721.4756355,1751924810.66373,batch_consumer-sts-0_20250707_214652_351247.csv,True,False,False,1751924909.8894963,188413.86079788208
19898,1751924721.475865,1751924810.6915357,batch_consumer-sts-0_20250707_214652_351247.csv,True,False,False,1751924909.8894963,188413.63143920898
19908,1751924721.476102,1751924810.7184224,batch_consumer-sts-0_20250707_214652_351247.csv,True,False,False,1751924909.8894963,188413.39421272278
19918,1751924721.4763455,1751924810.7464998,batch_consumer-sts-0_20250707_214652_351247.csv,True,False,False,1751924909.8894963,188413.15078735352
19928,1751924721.4765997,1751924810.774598,batch_consumer-sts-0_20250707_214652_351247.csv,True,False,False,1751924909.8894963,188412.8966331482
19938,1751924721.4768243,1751924810.8022673,batch_consumer-sts-0_20250707_214652_351247.csv,True,False,False,1751924909.8894963,188412.67204284668
19948,1751924721.4770625,1751924810.8297603,batch_consumer-sts-0_20250707_214652_351247.csv,True,False,False,1751924909.8894963,188412.43386268616
19958,1751924721.4772966,1751924810.8576438,batch_consumer-sts-0_20250707_214652_351247.csv,True,False,False,1751924909.8894963,188412.19973564148
19968,1751924721.4775305,1751924810.8861532,batch_consumer-sts-0_20250707_214652_351247.csv,True,False,False,1751924909.8894963,188411.96584701538
19978,1751924721.477806,1751924810.9135935,batch_consumer-sts-0_20250707_214652_351247.csv,True,False,False,1751924909.8894963,188411.69023513794
19988,1751924721.4780755,1751924810.9424288,batch_consumer-sts-0_20250707_214652_351247.csv,True,False,False,1751924909.8894963,188411.42082214355
19998,1751924721.4783244,1751924811.160328,batch_consumer-sts-0_20250707_214652_351247.csv,True,False,False,1751924909.8894963,188411.17191314697
20008,1751924721.4785569,1751924811.2401323,batch_consumer-sts-0_20250707_214652_351247.csv,True,False,False,1751924909.8894963,188410.93945503235
20018,1751924721.4787977,1751924811.2667358,batch_consumer-sts-0_20250707_214652_351247.csv,True,False,False,1751924909.8894963,188410.69865226746
20028,1751924721.4790232,1751924811.2948687,batch_consumer-sts-0_20250707_214652_351247.csv,True,False,False,1751924909.8894963,188410.47310829163
20038,1751924721.47926,1751924811.3220353,batch_consumer-sts-0_20250707_214652_351247.csv,True,False,False,1751924909.8894963,188410.23635864258
20048,1751924721.4794989,1751924811.349716,batch_consumer-sts-0_20250707_214652_351247.csv,True,False,False,1751924909.8894963,188409.99746322632
20058,1751924721.4797306,1751924811.3776624,batch_consumer-sts-0_20250707_214652_351247.csv,True,False,False,1751924909.8894963,188409.76572036743
20068,1751924721.479949,1751924811.4053671,batch_consumer-sts-0_20250707_214652_351247.csv,True,False,False,1751924909.8894963,188409.54732894897
20078,1751924721.480145,1751924811.4327822,batch_consumer-sts-0_20250707_214652_351247.csv,True,False,False,1751924909.8894963,188409.35134887695
20088,1751924721.480342,1751924811.4601753,batch_consumer-sts-0_20250707_214652_351247.csv,True,False,False,1751924909.8894963,188409.15441513062
20098,1751924721.4805448,1751924811.4875538,batch_consumer-sts-0_20250707_214652_351247.csv,True,False,False,1751924909.8894963,188408.9515209198
20108,1751924721.4807303,1751924811.5146525,batch_consumer-sts-0_20250707_214652_351247.csv,True,False,False,1751924909.8894963,188408.76603126526
20118,1751924721.480905,1751924811.5418956,batch_consumer-sts-0_20250707_214652_351247.csv,True,False,False,1751924909.8894963,188408.59127044678
20128,1751924721.4811032,1751924811.5694246,batch_consumer-sts-0_20250707_214652_351247.csv,True,False,False,1751924909.8894963,188408.39314460754
20138,1751924721.481296,1751924811.597065,batch_consumer-sts-0_20250707_214652_351247.csv,True,False,False,1751924909.8894963,188408.20026397705
20148,1751924721.481496,1751924811.6244564,batch_consumer-sts-0_20250707_214652_351247.csv,True,False,False,1751924909.8894963,188408.00023078918
20158,1751924721.481693,1751924811.6517828,batch_consumer-sts-0_20250707_214652_351247.csv,True,False,False,1751924909.8894963,188407.80329704285
20168,1751924721.481891,1751924811.6796262,batch_consumer-sts-0_20250707_214652_351247.csv,True,False,False,1751924909.8894963,188407.6054096222
20178,1751924721.482148,1751924811.7073946,batch_consumer-sts-0_20250707_214652_351247.csv,True,False,False,1751924909.8894963,188407.34839439392
20188,1751924721.482391,1751924811.7353685,batch_consumer-sts-0_20250707_214652_351247.csv,True,False,False,1751924909.8894963,188407.10520744324
20198,1751924721.4826224,1751924811.7631402,batch_consumer-sts-0_20250707_214652_351247.csv,True,False,False,1751924909.8894963,188406.8739414215
20208,1751924721.4828477,1751924811.7924466,batch_consumer-sts-0_20250707_214652_351247.csv,True,False,False,1751924909.8894963,188406.64863586426
20218,1751924721.4830766,1751924811.8205476,batch_consumer-sts-0_20250707_214652_351247.csv,True,False,False,1751924909.8894963,188406.41975402832
20228,1751924721.483306,1751924811.849404,batch_consumer-sts-0_20250707_214652_351247.csv,True,False,False,1751924909.8894963,188406.19039535522
20238,1751924721.4835458,1751924811.877967,batch_consumer-sts-0_20250707_214652_351247.csv,True,False,False,1751924909.8894963,188405.95054626465
20248,1751924721.4837809,1751924811.9061842,batch_consumer-sts-0_20250707_214652_351247.csv,True,False,False,1751924909.8894963,188405.71546554565
20258,1751924721.484019,1751924811.9340465,batch_consumer-sts-0_20250707_214652_351247.csv,True,False,False,1751924909.8894963,188405.47728538513
20268,1751924721.4842508,1751924811.9621568,batch_consumer-sts-0_20250707_214652_351247.csv,True,False,False,1751924909.8894963,188405.24554252625
20278,1751924721.484479,1751924811.9896405,batch_consumer-sts-0_20250707_214652_351247.csv,True,False,False,1751924909.8894963,188405.01737594604
20288,1751924721.4847076,1751924812.0168402,batch_consumer-sts-0_20250707_214652_351247.csv,True,False,False,1751924909.8894963,188404.7887325287
20298,1751924721.484946,1751924812.045267,batch_consumer-sts-0_20250707_214652_351247.csv,True,False,False,1751924909.8894963,188404.55031394958
20308,1751924721.4851792,1751924812.0718763,batch_consumer-sts-0_20250707_214652_351247.csv,True,False,False,1751924909.8894963,188404.31714057922
20318,1751924721.4854198,1751924812.0997128,batch_consumer-sts-0_20250707_214652_351247.csv,True,False,False,1751924909.8894963,188404.0765762329
20328,1751924721.4856458,1751924812.1275833,batch_consumer-sts-0_20250707_214652_351247.csv,True,False,False,1751924909.8894963,188403.85055541992
20338,1751924721.4858716,1751924812.1581173,batch_consumer-sts-0_20250707_214652_351247.csv,True,False,False,1751924909.8894963,188403.6247730255
20348,1751924721.4861047,1751924812.185709,batch_consumer-sts-0_20250707_214652_351247.csv,True,False,False,1751924909.8894963,188403.39159965515
20358,1751924721.486338,1751924812.2130284,batch_consumer-sts-0_20250707_214652_351247.csv,True,False,False,1751924909.8894963,188403.1584262848
20368,1751924721.4865682,1751924812.2407038,batch_consumer-sts-0_20250707_214652_351247.csv,True,False,False,1751924909.8894963,188402.92811393738
20378,1751924721.4867945,1751924812.26833,batch_consumer-sts-0_20250707_214652_351247.csv,True,False,False,1751924909.8894963,188402.7018547058
20388,1751924721.4870186,1751924812.2957668,batch_consumer-sts-0_20250707_214652_351247.csv,True,False,False,1751924909.8894963,188402.47774124146
20398,1751924721.487253,1751924812.3229349,batch_consumer-sts-0_20250707_214652_351247.csv,True,False,False,1751924909.8894963,188402.2433757782
13829,1751924721.2769318,1751924872.0865047,batch_consumer-sts-0_20250707_214822_658604.csv,True,True,False,1751924909.8894963,188612.56456375122
13839,1751924721.2772474,1751924872.1112354,batch_consumer-sts-0_20250707_214822_658604.csv,True,False,False,1751924909.8894963,188612.2488975525
13849,1751924721.277573,1751924872.1359413,batch_consumer-sts-0_20250707_214822_658604.csv,True,False,False,1751924909.8894963,188611.92321777344
13859,1751924721.2778778,1751924872.1639748,batch_consumer-sts-0_20250707_214822_658604.csv,True,False,False,1751924909.8894963,188611.61851882935
13869,1751924721.278226,1751924872.19002,batch_consumer-sts-0_20250707_214822_658604.csv,True,False,False,1751924909.8894963,188611.27042770386
13879,1751924721.2785454,1751924872.2137735,batch_consumer-sts-0_20250707_214822_658604.csv,True,False,False,1751924909.8894963,188610.95094680786
13889,1751924721.2788813,1751924872.2383173,batch_consumer-sts-0_20250707_214822_658604.csv,True,False,False,1751924909.8894963,188610.6150150299
13899,1751924721.279217,1751924872.262241,batch_consumer-sts-0_20250707_214822_658604.csv,True,False,False,1751924909.8894963,188610.27932167053
13909,1751924721.2795131,1751924872.2875805,batch_consumer-sts-0_20250707_214822_658604.csv,True,False,False,1751924909.8894963,188609.9832057953
13919,1751924721.2798698,1751924872.3119588,batch_consumer-sts-0_20250707_214822_658604.csv,True,False,False,1751924909.8894963,188609.62653160095
13929,1751924721.2801957,1751924872.33679,batch_consumer-sts-0_20250707_214822_658604.csv,True,False,False,1751924909.8894963,188609.30061340332
13939,1751924721.2805212,1751924872.3611984,batch_consumer-sts-0_20250707_214822_658604.csv,True,False,False,1751924909.8894963,188608.97517204285
13949,1751924721.2808547,1751924872.3857577,batch_consumer-sts-0_20250707_214822_658604.csv,True,False,False,1751924909.8894963,188608.64162445068
13959,1751924721.281201,1751924872.410171,batch_consumer-sts-0_20250707_214822_658604.csv,True,False,False,1751924909.8894963,188608.29544067383
13969,1751924721.28154,1751924872.436134,batch_consumer-sts-0_20250707_214822_658604.csv,True,False,False,1751924909.8894963,188607.95640945435
13979,1751924721.281836,1751924872.4605982,batch_consumer-sts-0_20250707_214822_658604.csv,True,False,False,1751924909.8894963,188607.6602935791
13989,1751924721.282198,1751924872.4851854,batch_consumer-sts-0_20250707_214822_658604.csv,True,False,False,1751924909.8894963,188607.29837417603
13999,1751924721.282522,1751924872.509699,batch_consumer-sts-0_20250707_214822_658604.csv,True,False,False,1751924909.8894963,188606.97436332703
14009,1751924721.2828336,1751924872.5342216,batch_consumer-sts-0_20250707_214822_658604.csv,True,False,False,1751924909.8894963,188606.66275024414
14019,1751924721.283161,1751924872.5594285,batch_consumer-sts-0_20250707_214822_658604.csv,True,False,False,1751924909.8894963,188606.33540153503
14029,1751924721.2834666,1751924872.5844083,batch_consumer-sts-0_20250707_214822_658604.csv,True,False,False,1751924909.8894963,188606.02974891663
14039,1751924721.283786,1751924872.6092725,batch_consumer-sts-0_20250707_214822_658604.csv,True,False,False,1751924909.8894963,188605.71026802063
14049,1751924721.2841475,1751924872.6355462,batch_consumer-sts-0_20250707_214822_658604.csv,True,False,False,1751924909.8894963,188605.3488254547
14059,1751924721.284475,1751924872.7194543,batch_consumer-sts-0_20250707_214822_658604.csv,True,False,False,1751924909.8894963,188605.02123832703
14069,1751924721.2847924,1751924872.744573,batch_consumer-sts-0_20250707_214822_658604.csv,True,False,False,1751924909.8894963,188604.70390319824
14079,1751924721.2850215,1751924872.7691026,batch_consumer-sts-0_20250707_214822_658604.csv,True,False,False,1751924909.8894963,188604.47478294373
14089,1751924721.2852588,1751924872.7939734,batch_consumer-sts-0_20250707_214822_658604.csv,True,False,False,1751924909.8894963,188604.23755645752
14099,1751924721.285488,1751924872.817829,batch_consumer-sts-0_20250707_214822_658604.csv,True,False,False,1751924909.8894963,188604.008436203
14109,1751924721.2857213,1751924872.8429196,batch_consumer-sts-0_20250707_214822_658604.csv,True,False,False,1751924909.8894963,188603.77502441406
14119,1751924721.285952,1751924872.8679447,batch_consumer-sts-0_20250707_214822_658604.csv,True,False,False,1751924909.8894963,188603.5442352295
14129,1751924721.2861388,1751924872.892985,batch_consumer-sts-0_20250707_214822_658604.csv,True,False,False,1751924909.8894963,188603.35755348206
14139,1751924721.2863889,1751924873.437372,batch_consumer-sts-0_20250707_214822_658604.csv,True,False,False,1751924909.8894963,188603.10745239258
14149,1751924721.2866142,1751924873.4626458,batch_consumer-sts-0_20250707_214822_658604.csv,True,False,False,1751924909.8894963,188602.88214683533
14159,1751924721.2868445,1751924873.4877353,batch_consumer-sts-0_20250707_214822_658604.csv,True,False,False,1751924909.8894963,188602.65183448792
14169,1751924721.2870803,1751924873.5123618,batch_consumer-sts-0_20250707_214822_658604.csv,True,False,False,1751924909.8894963,188602.41603851318
14179,1751924721.2873075,1751924873.5381792,batch_consumer-sts-0_20250707_214822_658604.csv,True,False,False,1751924909.8894963,188602.1888256073
14189,1751924721.2875357,1751924873.5630076,batch_consumer-sts-0_20250707_214822_658604.csv,True,False,False,1751924909.8894963,188601.9606590271
14199,1751924721.2877655,1751924873.5877578,batch_consumer-sts-0_20250707_214822_658604.csv,True,False,False,1751924909.8894963,188601.73082351685
14209,1751924721.2879984,1751924873.612372,batch_consumer-sts-0_20250707_214822_658604.csv,True,False,False,1751924909.8894963,188601.49788856506
14219,1751924721.288224,1751924873.6373756,batch_consumer-sts-0_20250707_214822_658604.csv,True,False,False,1751924909.8894963,188601.27234458923
14229,1751924721.288455,1751924874.6647234,batch_consumer-sts-0_20250707_214822_658604.csv,True,False,False,1751924909.8894963,188601.04131698608
14239,1751924721.2886937,1751924874.6896715,batch_consumer-sts-0_20250707_214822_658604.csv,True,False,False,1751924909.8894963,188600.8026599884
14249,1751924721.288922,1751924874.7137086,batch_consumer-sts-0_20250707_214822_658604.csv,True,False,False,1751924909.8894963,188600.57425498962
14259,1751924721.2891502,1751924874.7380877,batch_consumer-sts-0_20250707_214822_658604.csv,True,False,False,1751924909.8894963,188600.34608840942
14269,1751924721.289374,1751924874.762907,batch_consumer-sts-0_20250707_214822_658604.csv,True,False,False,1751924909.8894963,188600.12221336365
14279,1751924721.289606,1751924874.7874408,batch_consumer-sts-0_20250707_214822_658604.csv,True,False,False,1751924909.8894963,188599.89023208618
14289,1751924721.2898357,1751924874.8119187,batch_consumer-sts-0_20250707_214822_658604.csv,True,False,False,1751924909.8894963,188599.6606349945
14299,1751924721.290069,1751924874.839905,batch_consumer-sts-0_20250707_214822_658604.csv,True,False,False,1751924909.8894963,188599.42722320557
14309,1751924721.290315,1751924874.8664951,batch_consumer-sts-0_20250707_214822_658604.csv,True,False,False,1751924909.8894963,188599.1814136505
14319,1751924721.2905426,1751924874.891458,batch_consumer-sts-0_20250707_214822_658604.csv,True,False,False,1751924909.8894963,188598.95372390747
14329,1751924721.2907786,1751924874.9158044,batch_consumer-sts-0_20250707_214822_658604.csv,True,False,False,1751924909.8894963,188598.71768951416
14339,1751924721.2910075,1751924874.940703,batch_consumer-sts-0_20250707_214822_658604.csv,True,False,False,1751924909.8894963,188598.48880767822
14349,1751924721.291239,1751924874.967198,batch_consumer-sts-0_20250707_214822_658604.csv,True,False,False,1751924909.8894963,188598.25730323792
14359,1751924721.291474,1751924874.9922934,batch_consumer-sts-0_20250707_214822_658604.csv,True,False,False,1751924909.8894963,188598.02222251892
14369,1751924721.2917078,1751924875.016317,batch_consumer-sts-0_20250707_214822_658604.csv,True,False,False,1751924909.8894963,188597.7885723114
14379,1751924721.2919416,1751924875.039992,batch_consumer-sts-0_20250707_214822_658604.csv,True,False,False,1751924909.8894963,188597.5546836853
14389,1751924721.292169,1751924875.0661514,batch_consumer-sts-0_20250707_214822_658604.csv,True,False,False,1751924909.8894963,188597.32723236084
14399,1751924721.292403,1751924875.093406,batch_consumer-sts-0_20250707_214822_658604.csv,True,False,False,1751924909.8894963,188597.09334373474
14409,1751924721.2926383,1751924875.1173625,batch_consumer-sts-0_20250707_214822_658604.csv,True,False,False,1751924909.8894963,188596.85802459717
14419,1751924721.292884,1751924875.142754,batch_consumer-sts-0_20250707_214822_658604.csv,True,False,False,1751924909.8894963,188596.6122150421
14429,1751924721.2931194,1751924875.167818,batch_consumer-sts-0_20250707_214822_658604.csv,True,False,False,1751924909.8894963,188596.37689590454
14439,1751924721.293351,1751924875.1926806,batch_consumer-sts-0_20250707_214822_658604.csv,True,False,False,1751924909.8894963,188596.14539146423
14449,1751924721.2935936,1751924875.7443097,batch_consumer-sts-0_20250707_214822_658604.csv,True,False,False,1751924909.8894963,188595.9026813507
14459,1751924721.2938254,1751924875.8096373,batch_consumer-sts-0_20250707_214822_658604.csv,True,False,False,1751924909.8894963,188595.67093849182
14469,1751924721.294062,1751924875.8787827,batch_consumer-sts-0_20250707_214822_658604.csv,True,False,False,1751924909.8894963,188595.43442726135
14479,1751924721.2943065,1751924875.9505205,batch_consumer-sts-0_20250707_214822_658604.csv,True,False,False,1751924909.8894963,188595.1898097992
14489,1751924721.2945442,1751924876.0257971,batch_consumer-sts-0_20250707_214822_658604.csv,True,False,False,1751924909.8894963,188594.95210647583
14499,1751924721.294774,1751924876.1054494,batch_consumer-sts-0_20250707_214822_658604.csv,True,False,False,1751924909.8894963,188594.72227096558
14509,1751924721.295009,1751924876.1891596,batch_consumer-sts-0_20250707_214822_658604.csv,True,False,False,1751924909.8894963,188594.48742866516
14519,1751924721.2952907,1751924876.2763386,batch_consumer-sts-0_20250707_214822_658604.csv,True,False,False,1751924909.8894963,188594.20561790466
14529,1751924721.2955618,1751924876.367442,batch_consumer-sts-0_20250707_214822_658604.csv,True,False,False,1751924909.8894963,188593.93453598022
14539,1751924721.2957923,1751924876.4634058,batch_consumer-sts-0_20250707_214822_658604.csv,True,False,False,1751924909.8894963,188593.70398521423
14549,1751924721.2960224,1751924876.5640829,batch_consumer-sts-0_20250707_214822_658604.csv,True,False,False,1751924909.8894963,188593.4739112854
14559,1751924721.2962582,1751924876.6655354,batch_consumer-sts-0_20250707_214822_658604.csv,True,False,False,1751924909.8894963,188593.23811531067
14569,1751924721.2964935,1751924876.7735329,batch_consumer-sts-0_20250707_214822_658604.csv,True,False,False,1751924909.8894963,188593.0027961731
14579,1751924721.296729,1751924876.8899257,batch_consumer-sts-0_20250707_214822_658604.csv,True,False,False,1751924909.8894963,188592.76723861694
14589,1751924721.296959,1751924877.0116715,batch_consumer-sts-0_20250707_214822_658604.csv,True,False,False,1751924909.8894963,188592.5374031067
14599,1751924721.2971878,1751924877.134405,batch_consumer-sts-0_20250707_214822_658604.csv,True,False,False,1751924909.8894963,188592.30852127075
14609,1751924721.2974122,1751924877.2240925,batch_consumer-sts-0_20250707_214822_658604.csv,True,False,False,1751924909.8894963,188592.08416938782
14619,1751924721.2976477,1751924877.3151245,batch_consumer-sts-0_20250707_214822_658604.csv,True,False,False,1751924909.8894963,188591.84861183167
14629,1751924721.297884,1751924877.4077728,batch_consumer-sts-0_20250707_214822_658604.csv,True,False,False,1751924909.8894963,188591.61233901978
14639,1751924721.298117,1751924877.5013428,batch_consumer-sts-0_20250707_214822_658604.csv,True,False,False,1751924909.8894963,188591.379404068
14649,1751924721.298385,1751924877.5948522,batch_consumer-sts-0_20250707_214822_658604.csv,True,False,False,1751924909.8894963,188591.11142158508
14659,1751924721.2986352,1751924877.690527,batch_consumer-sts-0_20250707_214822_658604.csv,True,False,False,1751924909.8894963,188590.86108207703
14669,1751924721.2988546,1751924878.2556648,batch_consumer-sts-0_20250707_214822_658604.csv,True,False,False,1751924909.8894963,188590.64173698425
14679,1751924721.2990885,1751924878.549412,batch_consumer-sts-0_20250707_214822_658604.csv,True,False,False,1751924909.8894963,188590.40784835815
14689,1751924721.2993252,1751924878.6476705,batch_consumer-sts-0_20250707_214822_658604.csv,True,False,False,1751924909.8894963,188590.1710987091
14699,1751924721.2995543,1751924878.7474132,batch_consumer-sts-0_20250707_214822_658604.csv,True,False,False,1751924909.8894963,188589.9419784546
14709,1751924721.2997863,1751924878.847065,batch_consumer-sts-0_20250707_214822_658604.csv,True,False,False,1751924909.8894963,188589.70999717712
14719,1751924721.300019,1751924878.9482963,batch_consumer-sts-0_20250707_214822_658604.csv,True,False,False,1751924909.8894963,188589.47730064392
14729,1751924721.3002565,1751924879.0493886,batch_consumer-sts-0_20250707_214822_658604.csv,True,False,False,1751924909.8894963,188589.23983573914
14739,1751924721.3004875,1751924879.150823,batch_consumer-sts-0_20250707_214822_658604.csv,True,False,False,1751924909.8894963,188589.008808136
14749,1751924721.3007307,1751924879.2522528,batch_consumer-sts-0_20250707_214822_658604.csv,True,False,False,1751924909.8894963,188588.7656211853
14759,1751924721.3009243,1751924879.354203,batch_consumer-sts-0_20250707_214822_658604.csv,True,False,False,1751924909.8894963,188588.57202529907
14769,1751924721.3011055,1751924879.4563067,batch_consumer-sts-0_20250707_214822_658604.csv,True,False,False,1751924909.8894963,188588.39082717896
14779,1751924721.301288,1751924879.5576625,batch_consumer-sts-0_20250707_214822_658604.csv,True,False,False,1751924909.8894963,188588.20843696594
14789,1751924721.30147,1751924879.660742,batch_consumer-sts-0_20250707_214822_658604.csv,True,False,False,1751924909.8894963,188588.0262851715
14799,1751924721.3016589,1751924879.763806,batch_consumer-sts-0_20250707_214822_658604.csv,True,False,False,1751924909.8894963,188587.83745765686
14809,1751924721.301854,1751924879.867251,batch_consumer-sts-0_20250707_214822_658604.csv,True,False,False,1751924909.8894963,188587.64243125916
14819,1751924721.30204,1751924879.9715192,batch_consumer-sts-0_20250707_214822_658604.csv,True,False,False,1751924909.8894963,188587.45622634888
14829,1751924721.302258,1751924881.0782125,batch_consumer-sts-0_20250707_214822_658604.csv,True,False,False,1751924909.8894963,188587.23831176758
14839,1751924721.3025055,1751924881.1879165,batch_consumer-sts-0_20250707_214822_658604.csv,True,False,False,1751924909.8894963,188586.99083328247
14849,1751924721.3027358,1751924881.2955265,batch_consumer-sts-0_20250707_214822_658604.csv,True,False,False,1751924909.8894963,188586.76052093506
14859,1751924721.3029642,1751924881.405225,batch_consumer-sts-0_20250707_214822_658604.csv,True,False,False,1751924909.8894963,188586.53211593628
14869,1751924721.303196,1751924881.5138,batch_consumer-sts-0_20250707_214822_658604.csv,True,False,False,1751924909.8894963,188586.3003730774
14879,1751924721.303422,1751924881.6229427,batch_consumer-sts-0_20250707_214822_658604.csv,True,False,False,1751924909.8894963,188586.0743522644
14889,1751924721.3036509,1751924881.732672,batch_consumer-sts-0_20250707_214822_658604.csv,True,False,False,1751924909.8894963,188585.84547042847
14899,1751924721.303878,1751924881.8429732,batch_consumer-sts-0_20250707_214822_658604.csv,True,False,False,1751924909.8894963,188585.61825752258
14909,1751924721.3041036,1751924881.9539614,batch_consumer-sts-0_20250707_214822_658604.csv,True,False,False,1751924909.8894963,188585.39271354675
14919,1751924721.3043256,1751924882.0646868,batch_consumer-sts-0_20250707_214822_658604.csv,True,False,False,1751924909.8894963,188585.1707458496
14929,1751924721.304556,1751924882.1836035,batch_consumer-sts-0_20250707_214822_658604.csv,True,False,False,1751924909.8894963,188584.9404335022
14939,1751924721.304787,1751924882.2949977,batch_consumer-sts-0_20250707_214822_658604.csv,True,False,False,1751924909.8894963,188584.70940589905
14949,1751924721.3050172,1751924882.407271,batch_consumer-sts-0_20250707_214822_658604.csv,True,False,False,1751924909.8894963,188584.47909355164
14959,1751924721.305259,1751924882.5187044,batch_consumer-sts-0_20250707_214822_658604.csv,True,False,False,1751924909.8894963,188584.23733711243
14969,1751924721.3054864,1751924882.6313024,batch_consumer-sts-0_20250707_214822_658604.csv,True,False,False,1751924909.8894963,188584.00988578796
14979,1751924721.3057184,1751924882.7434375,batch_consumer-sts-0_20250707_214822_658604.csv,True,False,False,1751924909.8894963,188583.7779045105
14989,1751924721.305946,1751924882.8565414,batch_consumer-sts-0_20250707_214822_658604.csv,True,False,False,1751924909.8894963,188583.55021476746
14999,1751924721.306209,1751924883.0570595,batch_consumer-sts-0_20250707_214822_658604.csv,True,False,False,1751924909.8894963,188583.2872390747
15009,1751924721.3064485,1751924883.341035,batch_consumer-sts-0_20250707_214822_658604.csv,True,False,False,1751924909.8894963,188583.0478668213
15019,1751924721.306682,1751924883.4584482,batch_consumer-sts-0_20250707_214822_658604.csv,True,False,False,1751924909.8894963,188582.81421661377
15029,1751924721.306919,1751924883.573907,batch_consumer-sts-0_20250707_214822_658604.csv,True,False,False,1751924909.8894963,188582.57722854614
15039,1751924721.3071449,1751924883.6887105,batch_consumer-sts-0_20250707_214822_658604.csv,True,False,False,1751924909.8894963,188582.35144615173
15049,1751924721.307375,1751924883.8040967,batch_consumer-sts-0_20250707_214822_658604.csv,True,False,False,1751924909.8894963,188582.1213722229
15059,1751924721.3076062,1751924883.9192204,batch_consumer-sts-0_20250707_214822_658604.csv,True,False,False,1751924909.8894963,188581.89010620117
15069,1751924721.3078492,1751924884.034284,batch_consumer-sts-0_20250707_214822_658604.csv,True,False,False,1751924909.8894963,188581.64715766907
15079,1751924721.3080857,1751924884.1510627,batch_consumer-sts-0_20250707_214822_658604.csv,True,False,False,1751924909.8894963,188581.4106464386
15089,1751924721.3083177,1751924884.268017,batch_consumer-sts-0_20250707_214822_658604.csv,True,False,False,1751924909.8894963,188581.17866516113
15099,1751924721.3085508,1751924884.3858695,batch_consumer-sts-0_20250707_214822_658604.csv,True,False,False,1751924909.8894963,188580.94549179077
15109,1751924721.308782,1751924884.503549,batch_consumer-sts-0_20250707_214822_658604.csv,True,False,False,1751924909.8894963,188580.71422576904
15119,1751924721.3093104,1751924884.6206784,batch_consumer-sts-0_20250707_214822_658604.csv,True,False,False,1751924909.8894963,188580.18589019775
15129,1751924721.3095424,1751924884.738147,batch_consumer-sts-0_20250707_214822_658604.csv,True,False,False,1751924909.8894963,188579.9539089203
15139,1751924721.3097851,1751924884.8591182,batch_consumer-sts-0_20250707_214822_658604.csv,True,False,False,1751924909.8894963,188579.71119880676
15149,1751924721.3100097,1751924884.9773026,batch_consumer-sts-0_20250707_214822_658604.csv,True,False,False,1751924909.8894963,188579.48660850525
15159,1751924721.3102558,1751924885.0950296,batch_consumer-sts-0_20250707_214822_658604.csv,True,False,False,1751924909.8894963,188579.24056053162
15169,1751924721.3104832,1751924885.2124672,batch_consumer-sts-0_20250707_214822_658604.csv,True,False,False,1751924909.8894963,188579.01310920715
48649,1751924722.2642446,1751924885.3302057,batch_consumer-sts-0_20250707_214822_658604.csv,True,False,False,1751924909.8894963,187625.25177001953
48659,1751924722.2644875,1751924885.4494026,batch_consumer-sts-0_20250707_214822_658604.csv,True,False,False,1751924909.8894963,187625.00882148743
48669,1751924722.2647183,1751924885.5687103,batch_consumer-sts-0_20250707_214822_658604.csv,True,False,False,1751924909.8894963,187624.77803230286
48679,1751924722.2649388,1751924885.6873891,batch_consumer-sts-0_20250707_214822_658604.csv,True,False,False,1751924909.8894963,187624.5574951172
48689,1751924722.2651646,1751924886.0178983,batch_consumer-sts-0_20250707_214822_658604.csv,True,False,False,1751924909.8894963,187624.33171272278
48699,1751924722.2653935,1751924887.1427057,batch_consumer-sts-0_20250707_214822_658604.csv,True,False,False,1751924909.8894963,187624.10283088684
48709,1751924722.2656193,1751924887.2658467,batch_consumer-sts-0_20250707_214822_658604.csv,True,False,False,1751924909.8894963,187623.87704849243
48719,1751924722.265849,1751924887.3890843,batch_consumer-sts-0_20250707_214822_658604.csv,True,False,False,1751924909.8894963,187623.64721298218
48729,1751924722.2660837,1751924887.5107603,batch_consumer-sts-0_20250707_214822_658604.csv,True,False,False,1751924909.8894963,187623.41260910034
48739,1751924722.266324,1751924887.633839,batch_consumer-sts-0_20250707_214822_658604.csv,True,False,False,1751924909.8894963,187623.1722831726
48749,1751924722.2665577,1751924887.761462,batch_consumer-sts-0_20250707_214822_658604.csv,True,False,False,1751924909.8894963,187622.9386329651
48759,1751924722.2667933,1751924887.8846374,batch_consumer-sts-0_20250707_214822_658604.csv,True,False,False,1751924909.8894963,187622.70307540894
48769,1751924722.2670202,1751924887.9717748,batch_consumer-sts-0_20250707_214822_658604.csv,True,False,False,1751924909.8894963,187622.47610092163
48779,1751924722.267255,1751924888.583012,batch_consumer-sts-0_20250707_214822_658604.csv,True,False,False,1751924909.8894963,187622.24125862122
48789,1751924722.2674875,1751924888.6490924,batch_consumer-sts-0_20250707_214822_658604.csv,True,False,False,1751924909.8894963,187622.0088005066
48799,1751924722.2677133,1751924888.714251,batch_consumer-sts-0_20250707_214822_658604.csv,True,False,False,1751924909.8894963,187621.78301811218
48809,1751924722.2679472,1751924888.7808084,batch_consumer-sts-0_20250707_214822_658604.csv,True,False,False,1751924909.8894963,187621.54912948608
48819,1751924722.2681758,1751924888.8471932,batch_consumer-sts-0_20250707_214822_658604.csv,True,False,False,1751924909.8894963,187621.32048606873
48829,1751924722.268401,1751924888.9134955,batch_consumer-sts-0_20250707_214822_658604.csv,True,False,False,1751924909.8894963,187621.09541893005
48839,1751924722.268629,1751924888.9833884,batch_consumer-sts-0_20250707_214822_658604.csv,True,False,False,1751924909.8894963,187620.86725234985
48849,1751924722.2688558,1751924889.0513945,batch_consumer-sts-0_20250707_214822_658604.csv,True,False,False,1751924909.8894963,187620.64051628113
48859,1751924722.269083,1751924889.1166008,batch_consumer-sts-0_20250707_214822_658604.csv,True,False,False,1751924909.8894963,187620.41330337524
48869,1751924722.2693074,1751924889.184175,batch_consumer-sts-0_20250707_214822_658604.csv,True,False,False,1751924909.8894963,187620.1889514923
48879,1751924722.269534,1751924889.2511706,batch_consumer-sts-0_20250707_214822_658604.csv,True,False,False,1751924909.8894963,187619.96221542358
48889,1751924722.2697682,1751924889.3173244,batch_consumer-sts-0_20250707_214822_658604.csv,True,False,False,1751924909.8894963,187619.7280883789
48899,1751924722.269998,1751924889.3826735,batch_consumer-sts-0_20250707_214822_658604.csv,True,False,False,1751924909.8894963,187619.49825286865
48909,1751924722.2702284,1751924889.444373,batch_consumer-sts-0_20250707_214822_658604.csv,True,False,False,1751924909.8894963,187619.26794052124
48919,1751924722.2704582,1751924889.49296,batch_consumer-sts-0_20250707_214822_658604.csv,True,False,False,1751924909.8894963,187619.038105011
48929,1751924722.2706876,1751924889.5448606,batch_consumer-sts-0_20250707_214822_658604.csv,True,False,False,1751924909.8894963,187618.8087463379
48939,1751924722.2709098,1751924889.594989,batch_consumer-sts-0_20250707_214822_658604.csv,True,False,False,1751924909.8894963,187618.58654022217
48949,1751924722.2711415,1751924889.6463263,batch_consumer-sts-0_20250707_214822_658604.csv,True,False,False,1751924909.8894963,187618.35479736328
48959,1751924722.2713728,1751924889.696652,batch_consumer-sts-0_20250707_214822_658604.csv,True,False,False,1751924909.8894963,187618.12353134155
48969,1751924722.2716074,1751924889.7470949,batch_consumer-sts-0_20250707_214822_658604.csv,True,False,False,1751924909.8894963,187617.88892745972
48979,1751924722.2718515,1751924889.7979012,batch_consumer-sts-0_20250707_214822_658604.csv,True,False,False,1751924909.8894963,187617.64478683472
48989,1751924722.2720857,1751924889.8484912,batch_consumer-sts-0_20250707_214822_658604.csv,True,False,False,1751924909.8894963,187617.41065979004
48999,1751924722.2723143,1751924889.8986125,batch_consumer-sts-0_20250707_214822_658604.csv,True,False,False,1751924909.8894963,187617.18201637268
49009,1751924722.272544,1751924889.9518626,batch_consumer-sts-0_20250707_214822_658604.csv,True,False,False,1751924909.8894963,187616.952419281
49019,1751924722.272772,1751924890.0026374,batch_consumer-sts-0_20250707_214822_658604.csv,True,False,False,1751924909.8894963,187616.7242527008
49029,1751924722.2729986,1751924890.053012,batch_consumer-sts-0_20250707_214822_658604.csv,True,False,False,1751924909.8894963,187616.49775505066
49039,1751924722.273225,1751924890.1030908,batch_consumer-sts-0_20250707_214822_658604.csv,True,False,False,1751924909.8894963,187616.2712574005
49049,1751924722.2734623,1751924890.154861,batch_consumer-sts-0_20250707_214822_658604.csv,True,False,False,1751924909.8894963,187616.0340309143
49059,1751924722.2736976,1751924890.2065983,batch_consumer-sts-0_20250707_214822_658604.csv,True,False,False,1751924909.8894963,187615.79871177673
49069,1751924722.2739289,1751924890.251302,batch_consumer-sts-0_20250707_214822_658604.csv,True,False,False,1751924909.8894963,187615.567445755
49079,1751924722.2741733,1751924890.27825,batch_consumer-sts-0_20250707_214822_658604.csv,True,False,False,1751924909.8894963,187615.32306671143
49089,1751924722.2744012,1751924890.3018248,batch_consumer-sts-0_20250707_214822_658604.csv,True,False,False,1751924909.8894963,187615.0951385498
49099,1751924722.2746294,1751924890.3268368,batch_consumer-sts-0_20250707_214822_658604.csv,True,False,False,1751924909.8894963,187614.8669719696
49109,1751924722.274868,1751924890.3519137,batch_consumer-sts-0_20250707_214822_658604.csv,True,False,False,1751924909.8894963,187614.62831497192
49119,1751924722.2751043,1751924890.3783646,batch_consumer-sts-0_20250707_214822_658604.csv,True,False,False,1751924909.8894963,187614.39204216003
49129,1751924722.2753382,1751924890.4036224,batch_consumer-sts-0_20250707_214822_658604.csv,True,False,False,1751924909.8894963,187614.15815353394
49139,1751924722.2755806,1751924890.429526,batch_consumer-sts-0_20250707_214822_658604.csv,True,False,False,1751924909.8894963,187613.915681839
49149,1751924722.2758164,1751924890.4549606,batch_consumer-sts-0_20250707_214822_658604.csv,True,False,False,1751924909.8894963,187613.67988586426
49159,1751924722.2760444,1751924890.4812682,batch_consumer-sts-0_20250707_214822_658604.csv,True,False,False,1751924909.8894963,187613.45195770264
49169,1751924722.2762957,1751924890.5047483,batch_consumer-sts-0_20250707_214822_658604.csv,True,False,False,1751924909.8894963,187613.20066452026
49179,1751924722.276534,1751924890.5296488,batch_consumer-sts-0_20250707_214822_658604.csv,True,False,False,1751924909.8894963,187612.96224594116
49189,1751924722.276766,1751924890.554808,batch_consumer-sts-0_20250707_214822_658604.csv,True,False,False,1751924909.8894963,187612.7302646637
49199,1751924722.2772398,1751924890.5800495,batch_consumer-sts-0_20250707_214822_658604.csv,True,False,False,1751924909.8894963,187612.25652694702
49209,1751924722.2774794,1751924890.6045504,batch_consumer-sts-0_20250707_214822_658604.csv,True,False,False,1751924909.8894963,187612.01691627502
49219,1751924722.2777116,1751924890.6296673,batch_consumer-sts-0_20250707_214822_658604.csv,True,False,False,1751924909.8894963,187611.78469657898
49229,1751924722.2779431,1751924890.6549566,batch_consumer-sts-0_20250707_214822_658604.csv,True,False,False,1751924909.8894963,187611.55319213867
49239,1751924722.2781818,1751924890.680567,batch_consumer-sts-0_20250707_214822_658604.csv,True,False,False,1751924909.8894963,187611.314535141
49249,1751924722.2784324,1751924890.705175,batch_consumer-sts-0_20250707_214822_658604.csv,True,False,False,1751924909.8894963,187611.06395721436
49259,1751924722.2786603,1751924890.729874,batch_consumer-sts-0_20250707_214822_658604.csv,True,False,False,1751924909.8894963,187610.83602905273
49269,1751924722.2788968,1751924890.7548778,batch_consumer-sts-0_20250707_214822_658604.csv,True,False,False,1751924909.8894963,187610.59951782227
49279,1751924722.2791247,1751924890.7806327,batch_consumer-sts-0_20250707_214822_658604.csv,True,False,False,1751924909.8894963,187610.37158966064
49289,1751924722.2793634,1751924890.805419,batch_consumer-sts-0_20250707_214822_658604.csv,True,False,False,1751924909.8894963,187610.13293266296
49299,1751924722.2795968,1751924891.0249667,batch_consumer-sts-0_20250707_214822_658604.csv,True,False,False,1751924909.8894963,187609.89952087402
49309,1751924722.2798252,1751924891.0491743,batch_consumer-sts-0_20250707_214822_658604.csv,True,False,False,1751924909.8894963,187609.67111587524
49319,1751924722.2800589,1751924891.3973873,batch_consumer-sts-0_20250707_214822_658604.csv,True,False,False,1751924909.8894963,187609.43746566772
49329,1751924722.2802875,1751924891.4251914,batch_consumer-sts-0_20250707_214822_658604.csv,True,False,False,1751924909.8894963,187609.20882225037
49339,1751924722.280517,1751924891.4501407,batch_consumer-sts-0_20250707_214822_658604.csv,True,False,False,1751924909.8894963,187608.9792251587
49349,1751924722.2807522,1751924891.4741323,batch_consumer-sts-0_20250707_214822_658604.csv,True,False,False,1751924909.8894963,187608.7441444397
49359,1751924722.2809796,1751924891.4990313,batch_consumer-sts-0_20250707_214822_658604.csv,True,False,False,1751924909.8894963,187608.51669311523
49369,1751924722.2812145,1751924891.5291617,batch_consumer-sts-0_20250707_214822_658604.csv,True,False,False,1751924909.8894963,187608.28185081482
49379,1751924722.2814486,1751924891.5539136,batch_consumer-sts-0_20250707_214822_658604.csv,True,False,False,1751924909.8894963,187608.04772377014
49389,1751924722.281679,1751924891.5792742,batch_consumer-sts-0_20250707_214822_658604.csv,True,False,False,1751924909.8894963,187607.81741142273
49399,1751924722.2818992,1751924891.602869,batch_consumer-sts-0_20250707_214822_658604.csv,True,False,False,1751924909.8894963,187607.59711265564
49409,1751924722.2821305,1751924891.6327484,batch_consumer-sts-0_20250707_214822_658604.csv,True,False,False,1751924909.8894963,187607.3658466339
49419,1751924722.2823713,1751924891.6581163,batch_consumer-sts-0_20250707_214822_658604.csv,True,False,False,1751924909.8894963,187607.12504386902
49429,1751924722.2826188,1751924891.6826715,batch_consumer-sts-0_20250707_214822_658604.csv,True,False,False,1751924909.8894963,187606.8775653839
49439,1751924722.2830307,1751924891.7074046,batch_consumer-sts-0_20250707_214822_658604.csv,True,False,False,1751924909.8894963,187606.46557807922
49449,1751924722.283433,1751924891.732635,batch_consumer-sts-0_20250707_214822_658604.csv,True,False,False,1751924909.8894963,187606.06336593628
49459,1751924722.283841,1751924891.759634,batch_consumer-sts-0_20250707_214822_658604.csv,True,False,False,1751924909.8894963,187605.65543174744
49469,1751924722.2842767,1751924891.7845528,batch_consumer-sts-0_20250707_214822_658604.csv,True,False,False,1751924909.8894963,187605.21960258484
49479,1751924722.2846737,1751924891.8087234,batch_consumer-sts-0_20250707_214822_658604.csv,True,False,False,1751924909.8894963,187604.82263565063
49489,1751924722.2850845,1751924891.833518,batch_consumer-sts-0_20250707_214822_658604.csv,True,False,False,1751924909.8894963,187604.41184043884
49499,1751924722.2855034,1751924892.8603034,batch_consumer-sts-0_20250707_214822_658604.csv,True,False,False,1751924909.8894963,187603.99293899536
49509,1751924722.285913,1751924892.8914394,batch_consumer-sts-0_20250707_214822_658604.csv,True,False,False,1751924909.8894963,187603.58333587646
49519,1751924722.28634,1751924892.9156237,batch_consumer-sts-0_20250707_214822_658604.csv,True,False,False,1751924909.8894963,187603.1563282013
49529,1751924722.2867522,1751924892.9409995,batch_consumer-sts-0_20250707_214822_658604.csv,True,False,False,1751924909.8894963,187602.74410247803
49539,1751924722.2871592,1751924892.965972,batch_consumer-sts-0_20250707_214822_658604.csv,True,False,False,1751924909.8894963,187602.3371219635
49549,1751924722.2875657,1751924892.99109,batch_consumer-sts-0_20250707_214822_658604.csv,True,False,False,1751924909.8894963,187601.93061828613
49559,1751924722.2879992,1751924893.0154035,batch_consumer-sts-0_20250707_214822_658604.csv,True,False,False,1751924909.8894963,187601.49717330933
49569,1751924722.288422,1751924893.0431418,batch_consumer-sts-0_20250707_214822_658604.csv,True,False,False,1751924909.8894963,187601.07421875
49579,1751924722.2888317,1751924893.0681102,batch_consumer-sts-0_20250707_214822_658604.csv,True,False,False,1751924909.8894963,187600.6646156311
49589,1751924722.289243,1751924893.0927858,batch_consumer-sts-0_20250707_214822_658604.csv,True,False,False,1751924909.8894963,187600.25334358215
49599,1751924722.2896614,1751924893.1168587,batch_consumer-sts-0_20250707_214822_658604.csv,True,False,False,1751924909.8894963,187599.83491897583
49609,1751924722.2900777,1751924893.2489984,batch_consumer-sts-0_20250707_214822_658604.csv,True,False,False,1751924909.8894963,187599.41864013672
49619,1751924722.2905006,1751924893.2751424,batch_consumer-sts-0_20250707_214822_658604.csv,True,False,False,1751924909.8894963,187598.9956855774
49629,1751924722.2909105,1751924893.300798,batch_consumer-sts-0_20250707_214822_658604.csv,True,False,False,1751924909.8894963,187598.58584403992
49639,1751924722.2913263,1751924893.325563,batch_consumer-sts-0_20250707_214822_658604.csv,True,False,False,1751924909.8894963,187598.17004203796
49649,1751924722.2917292,1751924893.5212038,batch_consumer-sts-0_20250707_214822_658604.csv,True,False,False,1751924909.8894963,187597.76711463928
49659,1751924722.2921371,1751924893.546418,batch_consumer-sts-0_20250707_214822_658604.csv,True,False,False,1751924909.8894963,187597.35918045044
49669,1751924722.292562,1751924893.5717747,batch_consumer-sts-0_20250707_214822_658604.csv,True,False,False,1751924909.8894963,187596.93431854248
49679,1751924722.2929423,1751924893.596449,batch_consumer-sts-0_20250707_214822_658604.csv,True,False,False,1751924909.8894963,187596.5540409088
49689,1751924722.2932615,1751924893.620932,batch_consumer-sts-0_20250707_214822_658604.csv,True,False,False,1751924909.8894963,187596.2347984314
49699,1751924722.2935796,1751924894.0528593,batch_consumer-sts-0_20250707_214822_658604.csv,True,False,False,1751924909.8894963,187595.91674804688
49709,1751924722.2939343,1751924894.0775585,batch_consumer-sts-0_20250707_214822_658604.csv,True,False,False,1751924909.8894963,187595.56198120117
49719,1751924722.2943225,1751924894.1022613,batch_consumer-sts-0_20250707_214822_658604.csv,True,False,False,1751924909.8894963,187595.1738357544
49729,1751924722.2947288,1751924894.1310558,batch_consumer-sts-0_20250707_214822_658604.csv,True,False,False,1751924909.8894963,187594.7675704956
49739,1751924722.2951531,1751924894.1558156,batch_consumer-sts-0_20250707_214822_658604.csv,True,False,False,1751924909.8894963,187594.3431854248
49749,1751924722.2955751,1751924894.1813197,batch_consumer-sts-0_20250707_214822_658604.csv,True,False,False,1751924909.8894963,187593.9211845398
49759,1751924722.2959964,1751924894.2066016,batch_consumer-sts-0_20250707_214822_658604.csv,True,False,False,1751924909.8894963,187593.49989891052
49769,1751924722.2964234,1751924894.2336051,batch_consumer-sts-0_20250707_214822_658604.csv,True,False,False,1751924909.8894963,187593.07289123535
49779,1751924722.2968414,1751924894.2596407,batch_consumer-sts-0_20250707_214822_658604.csv,True,False,False,1751924909.8894963,187592.6549434662
49789,1751924722.2972584,1751924894.291397,batch_consumer-sts-0_20250707_214822_658604.csv,True,False,False,1751924909.8894963,187592.23794937134
49799,1751924722.2976663,1751924894.3163996,batch_consumer-sts-0_20250707_214822_658604.csv,True,False,False,1751924909.8894963,187591.8300151825
49809,1751924722.298086,1751924894.344502,batch_consumer-sts-0_20250707_214822_658604.csv,True,False,False,1751924909.8894963,187591.41039848328
49819,1751924722.2984989,1751924894.3705082,batch_consumer-sts-0_20250707_214822_658604.csv,True,False,False,1751924909.8894963,187590.99745750427
49829,1751924722.2989202,1751924894.3952837,batch_consumer-sts-0_20250707_214822_658604.csv,True,False,False,1751924909.8894963,187590.576171875
49839,1751924722.299332,1751924894.4190383,batch_consumer-sts-0_20250707_214822_658604.csv,True,False,False,1751924909.8894963,187590.1644229889
49849,1751924722.2997658,1751924894.443762,batch_consumer-sts-0_20250707_214822_658604.csv,True,False,False,1751924909.8894963,187589.73050117493
49859,1751924722.3001869,1751924894.4701674,batch_consumer-sts-0_20250707_214822_658604.csv,True,False,False,1751924909.8894963,187589.30945396423
49869,1751924722.3005986,1751924894.4962091,batch_consumer-sts-0_20250707_214822_658604.csv,True,False,False,1751924909.8894963,187588.89770507812
49879,1751924722.3010235,1751924894.5206902,batch_consumer-sts-0_20250707_214822_658604.csv,True,False,False,1751924909.8894963,187588.47284317017
49889,1751924722.3014412,1751924894.546161,batch_consumer-sts-0_20250707_214822_658604.csv,True,False,False,1751924909.8894963,187588.05513381958
49899,1751924722.301895,1751924894.5716918,batch_consumer-sts-0_20250707_214822_658604.csv,True,False,False,1751924909.8894963,187587.60142326355
49909,1751924722.3023174,1751924894.5970137,batch_consumer-sts-0_20250707_214822_658604.csv,True,False,False,1751924909.8894963,187587.17894554138
49919,1751924722.3027248,1751924894.6231863,batch_consumer-sts-0_20250707_214822_658604.csv,True,False,False,1751924909.8894963,187586.7714881897
49929,1751924722.303139,1751924894.6490068,batch_consumer-sts-0_20250707_214822_658604.csv,True,False,False,1751924909.8894963,187586.3573551178
49939,1751924722.3035576,1751924894.6743815,batch_consumer-sts-0_20250707_214822_658604.csv,True,False,False,1751924909.8894963,187585.9386920929
49949,1751924722.30397,1751924894.6992235,batch_consumer-sts-0_20250707_214822_658604.csv,True,False,False,1751924909.8894963,187585.52622795105
54519,1751924722.4652476,1751924894.7293236,batch_consumer-sts-0_20250707_214822_658604.csv,True,False,False,1751924909.8894963,187424.24869537354
54529,1751924722.465693,1751924894.7578416,batch_consumer-sts-0_20250707_214822_658604.csv,True,False,False,1751924909.8894963,187423.80332946777
54539,1751924722.4661078,1751924894.784258,batch_consumer-sts-0_20250707_214822_658604.csv,True,False,False,1751924909.8894963,187423.38848114014
54549,1751924722.4665246,1751924894.8106058,batch_consumer-sts-0_20250707_214822_658604.csv,True,False,False,1751924909.8894963,187422.97172546387
54559,1751924722.4669309,1751924894.8349872,batch_consumer-sts-0_20250707_214822_658604.csv,True,False,False,1751924909.8894963,187422.56546020508
54569,1751924722.467352,1751924894.8628397,batch_consumer-sts-0_20250707_214822_658604.csv,True,False,False,1751924909.8894963,187422.14441299438
54579,1751924722.4677677,1751924894.8875144,batch_consumer-sts-0_20250707_214822_658604.csv,True,False,False,1751924909.8894963,187421.72861099243
54589,1751924722.4681756,1751924894.914759,batch_consumer-sts-0_20250707_214822_658604.csv,True,False,False,1751924909.8894963,187421.3206768036
54599,1751924722.4685953,1751924894.9404328,batch_consumer-sts-0_20250707_214822_658604.csv,True,False,False,1751924909.8894963,187420.90106010437
54609,1751924722.4690282,1751924894.966359,batch_consumer-sts-0_20250707_214822_658604.csv,True,False,False,1751924909.8894963,187420.46809196472
54619,1751924722.4694035,1751924894.9912648,batch_consumer-sts-0_20250707_214822_658604.csv,True,False,False,1751924909.8894963,187420.09282112122
54629,1751924722.4697323,1751924895.015643,batch_consumer-sts-0_20250707_214822_658604.csv,True,False,False,1751924909.8894963,187419.76404190063
54639,1751924722.4700649,1751924895.0404766,batch_consumer-sts-0_20250707_214822_658604.csv,True,False,False,1751924909.8894963,187419.4314479828
54649,1751924722.4704635,1751924895.0662217,batch_consumer-sts-0_20250707_214822_658604.csv,True,False,False,1751924909.8894963,187419.03281211853
54659,1751924722.4709008,1751924895.0918565,batch_consumer-sts-0_20250707_214822_658604.csv,True,False,False,1751924909.8894963,187418.59555244446
54669,1751924722.4713032,1751924895.1162734,batch_consumer-sts-0_20250707_214822_658604.csv,True,False,False,1751924909.8894963,187418.19310188293
54679,1751924722.4716847,1751924895.1420002,batch_consumer-sts-0_20250707_214822_658604.csv,True,False,False,1751924909.8894963,187417.81163215637
54689,1751924722.4720354,1751924895.16861,batch_consumer-sts-0_20250707_214822_658604.csv,True,False,False,1751924909.8894963,187417.4609184265
54699,1751924722.4723382,1751924895.1934323,batch_consumer-sts-0_20250707_214822_658604.csv,True,False,False,1751924909.8894963,187417.15812683105
54709,1751924722.4726503,1751924895.218418,batch_consumer-sts-0_20250707_214822_658604.csv,True,False,False,1751924909.8894963,187416.846036911
54719,1751924722.4729636,1751924895.2419982,batch_consumer-sts-0_20250707_214822_658604.csv,True,False,False,1751924909.8894963,187416.53275489807
54729,1751924722.4732769,1751924895.2670562,batch_consumer-sts-0_20250707_214822_658604.csv,True,False,False,1751924909.8894963,187416.21947288513
54739,1751924722.4736009,1751924895.291873,batch_consumer-sts-0_20250707_214822_658604.csv,True,False,False,1751924909.8894963,187415.89546203613
54749,1751924722.47391,1751924895.3163805,batch_consumer-sts-0_20250707_214822_658604.csv,True,False,False,1751924909.8894963,187415.58623313904
54759,1751924722.474298,1751924895.342742,batch_consumer-sts-0_20250707_214822_658604.csv,True,False,False,1751924909.8894963,187415.19832611084
54769,1751924722.4747224,1751924895.36893,batch_consumer-sts-0_20250707_214822_658604.csv,True,False,False,1751924909.8894963,187414.77394104004
54779,1751924722.4753127,1751924895.394335,batch_consumer-sts-0_20250707_214822_658604.csv,True,False,False,1751924909.8894963,187414.18361663818
54789,1751924722.4757197,1751924895.4185295,batch_consumer-sts-0_20250707_214822_658604.csv,True,False,False,1751924909.8894963,187413.77663612366
54799,1751924722.476141,1751924895.4433303,batch_consumer-sts-0_20250707_214822_658604.csv,True,False,False,1751924909.8894963,187413.35535049438
54809,1751924722.4765422,1751924895.4683726,batch_consumer-sts-0_20250707_214822_658604.csv,True,False,False,1751924909.8894963,187412.95409202576
54819,1751924722.4769478,1751924895.4935565,batch_consumer-sts-0_20250707_214822_658604.csv,True,False,False,1751924909.8894963,187412.5485420227
54829,1751924722.4773557,1751924895.517892,batch_consumer-sts-0_20250707_214822_658604.csv,True,False,False,1751924909.8894963,187412.14060783386
54839,1751924722.477788,1751924895.5429697,batch_consumer-sts-0_20250707_214822_658604.csv,True,False,False,1751924909.8894963,187411.70835494995
54849,1751924722.4782135,1751924895.5702555,batch_consumer-sts-0_20250707_214822_658604.csv,True,False,False,1751924909.8894963,187411.28277778625
54859,1751924722.478742,1751924895.59638,batch_consumer-sts-0_20250707_214822_658604.csv,True,False,False,1751924909.8894963,187410.75444221497
54869,1751924722.4791558,1751924895.6214175,batch_consumer-sts-0_20250707_214822_658604.csv,True,False,False,1751924909.8894963,187410.34054756165
54879,1751924722.4795852,1751924895.6474426,batch_consumer-sts-0_20250707_214822_658604.csv,True,False,False,1751924909.8894963,187409.91115570068
54889,1751924722.4800808,1751924895.6728156,batch_consumer-sts-0_20250707_214822_658604.csv,True,False,False,1751924909.8894963,187409.41548347473
54899,1751924722.4805074,1751924895.6975496,batch_consumer-sts-0_20250707_214822_658604.csv,True,False,False,1751924909.8894963,187408.98895263672
54909,1751924722.4809277,1751924895.724385,batch_consumer-sts-0_20250707_214822_658604.csv,True,False,False,1751924909.8894963,187408.56862068176
54919,1751924722.4813497,1751924895.749134,batch_consumer-sts-0_20250707_214822_658604.csv,True,False,False,1751924909.8894963,187408.14661979675
54929,1751924722.4817731,1751924895.7739396,batch_consumer-sts-0_20250707_214822_658604.csv,True,False,False,1751924909.8894963,187407.72318840027
54939,1751924722.4822023,1751924895.798864,batch_consumer-sts-0_20250707_214822_658604.csv,True,False,False,1751924909.8894963,187407.2940349579
54949,1751924722.4826145,1751924895.8228168,batch_consumer-sts-0_20250707_214822_658604.csv,True,False,False,1751924909.8894963,187406.88180923462
54959,1751924722.4830122,1751924895.847819,batch_consumer-sts-0_20250707_214822_658604.csv,True,False,False,1751924909.8894963,187406.48412704468
54969,1751924722.4834037,1751924895.8723106,batch_consumer-sts-0_20250707_214822_658604.csv,True,False,False,1751924909.8894963,187406.0926437378
54979,1751924722.4838047,1751924895.8967514,batch_consumer-sts-0_20250707_214822_658604.csv,True,False,False,1751924909.8894963,187405.69162368774
54989,1751924722.4842055,1751924895.921158,batch_consumer-sts-0_20250707_214822_658604.csv,True,False,False,1751924909.8894963,187405.29084205627
54999,1751924722.4846072,1751924895.9458475,batch_consumer-sts-0_20250707_214822_658604.csv,True,False,False,1751924909.8894963,187404.8891067505
55009,1751924722.4850235,1751924896.1759057,batch_consumer-sts-0_20250707_214822_658604.csv,True,False,False,1751924909.8894963,187404.47282791138
55019,1751924722.4854307,1751924896.201262,batch_consumer-sts-0_20250707_214822_658604.csv,True,False,False,1751924909.8894963,187404.06560897827
55029,1751924722.4858582,1751924896.225304,batch_consumer-sts-0_20250707_214822_658604.csv,True,False,False,1751924909.8894963,187403.63812446594
55039,1751924722.4862072,1751924896.251349,batch_consumer-sts-0_20250707_214822_658604.csv,True,False,False,1751924909.8894963,187403.28907966614
55049,1751924722.4866266,1751924896.2771096,batch_consumer-sts-0_20250707_214822_658604.csv,True,False,False,1751924909.8894963,187402.8697013855
55059,1751924722.487036,1751924896.302182,batch_consumer-sts-0_20250707_214822_658604.csv,True,False,False,1751924909.8894963,187402.46033668518
55069,1751924722.4874668,1751924896.3261735,batch_consumer-sts-0_20250707_214822_658604.csv,True,False,False,1751924909.8894963,187402.02951431274
55079,1751924722.487783,1751924896.3511934,batch_consumer-sts-0_20250707_214822_658604.csv,True,False,False,1751924909.8894963,187401.71337127686
55089,1751924722.488106,1751924896.376226,batch_consumer-sts-0_20250707_214822_658604.csv,True,False,False,1751924909.8894963,187401.39031410217
55099,1751924722.4884157,1751924896.4012136,batch_consumer-sts-0_20250707_214822_658604.csv,True,False,False,1751924909.8894963,187401.08060836792
55109,1751924722.488742,1751924896.426264,batch_consumer-sts-0_20250707_214822_658604.csv,True,False,False,1751924909.8894963,187400.75421333313
55119,1751924722.4890635,1751924896.4512565,batch_consumer-sts-0_20250707_214822_658604.csv,True,False,False,1751924909.8894963,187400.4328250885
55129,1751924722.489385,1751924896.4774349,batch_consumer-sts-0_20250707_214822_658604.csv,True,False,False,1751924909.8894963,187400.11143684387
55139,1751924722.4896958,1751924896.5015666,batch_consumer-sts-0_20250707_214822_658604.csv,True,False,False,1751924909.8894963,187399.80053901672
55149,1751924722.4900074,1751924896.5270512,batch_consumer-sts-0_20250707_214822_658604.csv,True,False,False,1751924909.8894963,187399.48892593384
55159,1751924722.49038,1751924896.5521624,batch_consumer-sts-0_20250707_214822_658604.csv,True,False,False,1751924909.8894963,187399.1162776947
55169,1751924722.4907885,1751924896.5773056,batch_consumer-sts-0_20250707_214822_658604.csv,True,False,False,1751924909.8894963,187398.7078666687
55179,1751924722.4912071,1751924896.60244,batch_consumer-sts-0_20250707_214822_658604.csv,True,False,False,1751924909.8894963,187398.2892036438
55189,1751924722.491597,1751924896.628991,batch_consumer-sts-0_20250707_214822_658604.csv,True,False,False,1751924909.8894963,187397.89938926697
55199,1751924722.491897,1751924896.6543624,batch_consumer-sts-0_20250707_214822_658604.csv,True,False,False,1751924909.8894963,187397.59922027588
55209,1751924722.492232,1751924896.6792977,batch_consumer-sts-0_20250707_214822_658604.csv,True,False,False,1751924909.8894963,187397.26424217224
55219,1751924722.492651,1751924896.7051704,batch_consumer-sts-0_20250707_214822_658604.csv,True,False,False,1751924909.8894963,187396.84534072876
55229,1751924722.493065,1751924896.729482,batch_consumer-sts-0_20250707_214822_658604.csv,True,False,False,1751924909.8894963,187396.43120765686
55239,1751924722.4934738,1751924896.7548952,batch_consumer-sts-0_20250707_214822_658604.csv,True,False,False,1751924909.8894963,187396.02255821228
55249,1751924722.4938695,1751924896.779626,batch_consumer-sts-0_20250707_214822_658604.csv,True,False,False,1751924909.8894963,187395.62678337097
55259,1751924722.4942884,1751924896.804356,batch_consumer-sts-0_20250707_214822_658604.csv,True,False,False,1751924909.8894963,187395.2078819275
55269,1751924722.4947004,1751924896.8290155,batch_consumer-sts-0_20250707_214822_658604.csv,True,False,False,1751924909.8894963,187394.7958946228
55279,1751924722.495108,1751924896.854849,batch_consumer-sts-0_20250707_214822_658604.csv,True,False,False,1751924909.8894963,187394.38843727112
55289,1751924722.49555,1751924896.8796475,batch_consumer-sts-0_20250707_214822_658604.csv,True,False,False,1751924909.8894963,187393.94640922546
55299,1751924722.4959605,1751924896.9046254,batch_consumer-sts-0_20250707_214822_658604.csv,True,False,False,1751924909.8894963,187393.53585243225
55309,1751924722.496389,1751924896.9291337,batch_consumer-sts-0_20250707_214822_658604.csv,True,False,False,1751924909.8894963,187393.1074142456
55319,1751924722.496801,1751924896.953789,batch_consumer-sts-0_20250707_214822_658604.csv,True,False,False,1751924909.8894963,187392.69542694092
55329,1751924722.4972098,1751924896.9784348,batch_consumer-sts-0_20250707_214822_658604.csv,True,False,False,1751924909.8894963,187392.28653907776
55339,1751924722.4976208,1751924897.0021095,batch_consumer-sts-0_20250707_214822_658604.csv,True,False,False,1751924909.8894963,187391.8755054474
55349,1751924722.498022,1751924897.0271552,batch_consumer-sts-0_20250707_214822_658604.csv,True,False,False,1751924909.8894963,187391.47424697876
55359,1751924722.498445,1751924897.052016,batch_consumer-sts-0_20250707_214822_658604.csv,True,False,False,1751924909.8894963,187391.05129241943
55369,1751924722.498872,1751924897.076511,batch_consumer-sts-0_20250707_214822_658604.csv,True,False,False,1751924909.8894963,187390.62428474426
55379,1751924722.4992745,1751924897.1009011,batch_consumer-sts-0_20250707_214822_658604.csv,True,False,False,1751924909.8894963,187390.22183418274
55389,1751924722.4997082,1751924897.125232,batch_consumer-sts-0_20250707_214822_658604.csv,True,False,False,1751924909.8894963,187389.78815078735
55399,1751924722.5001168,1751924897.1488853,batch_consumer-sts-0_20250707_214822_658604.csv,True,False,False,1751924909.8894963,187389.37950134277
55409,1751924722.5005214,1751924897.1736553,batch_consumer-sts-0_20250707_214822_658604.csv,True,False,False,1751924909.8894963,187388.97490501404
55419,1751924722.5009212,1751924897.1984675,batch_consumer-sts-0_20250707_214822_658604.csv,True,False,False,1751924909.8894963,187388.57507705688
55429,1751924722.5013354,1751924897.2233455,batch_consumer-sts-0_20250707_214822_658604.csv,True,False,False,1751924909.8894963,187388.16094398499
55439,1751924722.5017676,1751924897.246951,batch_consumer-sts-0_20250707_214822_658604.csv,True,False,False,1751924909.8894963,187387.72869110107
55449,1751924722.5021863,1751924897.2717896,batch_consumer-sts-0_20250707_214822_658604.csv,True,False,False,1751924909.8894963,187387.31002807617
55459,1751924722.502587,1751924898.2987542,batch_consumer-sts-0_20250707_214822_658604.csv,True,False,False,1751924909.8894963,187386.9092464447
55469,1751924722.502983,1751924898.5092545,batch_consumer-sts-0_20250707_214822_658604.csv,True,False,False,1751924909.8894963,187386.5132331848
55479,1751924722.5034232,1751924898.5345824,batch_consumer-sts-0_20250707_214822_658604.csv,True,False,False,1751924909.8894963,187386.0731124878
55489,1751924722.5037448,1751924898.5594509,batch_consumer-sts-0_20250707_214822_658604.csv,True,False,False,1751924909.8894963,187385.75148582458
55499,1751924722.5040486,1751924898.5842824,batch_consumer-sts-0_20250707_214822_658604.csv,True,False,False,1751924909.8894963,187385.4477405548
55509,1751924722.5043652,1751924898.6084726,batch_consumer-sts-0_20250707_214822_658604.csv,True,False,False,1751924909.8894963,187385.13112068176
55519,1751924722.5046732,1751924898.63353,batch_consumer-sts-0_20250707_214822_658604.csv,True,False,False,1751924909.8894963,187384.82308387756
55529,1751924722.504986,1751924898.6592598,batch_consumer-sts-0_20250707_214822_658604.csv,True,False,False,1751924909.8894963,187384.51027870178
55539,1751924722.5053434,1751924898.6866596,batch_consumer-sts-0_20250707_214822_658604.csv,True,False,False,1751924909.8894963,187384.1528892517
55549,1751924722.505684,1751924898.7110858,batch_consumer-sts-0_20250707_214822_658604.csv,True,False,False,1751924909.8894963,187383.81242752075
55559,1751924722.5060227,1751924898.735902,batch_consumer-sts-0_20250707_214822_658604.csv,True,False,False,1751924909.8894963,187383.47363471985
55569,1751924722.5064182,1751924898.760711,batch_consumer-sts-0_20250707_214822_658604.csv,True,False,False,1751924909.8894963,187383.07809829712
55579,1751924722.5068388,1751924898.9926183,batch_consumer-sts-0_20250707_214822_658604.csv,True,False,False,1751924909.8894963,187382.65752792358
55589,1751924722.5072403,1751924899.016599,batch_consumer-sts-0_20250707_214822_658604.csv,True,False,False,1751924909.8894963,187382.25603103638
55599,1751924722.507615,1751924899.0414643,batch_consumer-sts-0_20250707_214822_658604.csv,True,False,False,1751924909.8894963,187381.88123703003
55609,1751924722.5079298,1751924899.0663934,batch_consumer-sts-0_20250707_214822_658604.csv,True,False,False,1751924909.8894963,187381.56652450562
55619,1751924722.50827,1751924899.090847,batch_consumer-sts-0_20250707_214822_658604.csv,True,False,False,1751924909.8894963,187381.22630119324
55629,1751924722.5087218,1751924899.1149714,batch_consumer-sts-0_20250707_214822_658604.csv,True,False,False,1751924909.8894963,187380.77449798584
55639,1751924722.5091386,1751924899.140863,batch_consumer-sts-0_20250707_214822_658604.csv,True,False,False,1751924909.8894963,187380.35774230957
55649,1751924722.5095458,1751924899.165709,batch_consumer-sts-0_20250707_214822_658604.csv,True,False,False,1751924909.8894963,187379.95052337646
55659,1751924722.5099597,1751924899.190885,batch_consumer-sts-0_20250707_214822_658604.csv,True,False,False,1751924909.8894963,187379.53662872314
55669,1751924722.5103798,1751924899.2154157,batch_consumer-sts-0_20250707_214822_658604.csv,True,False,False,1751924909.8894963,187379.11653518677
55679,1751924722.5107825,1751924899.240093,batch_consumer-sts-0_20250707_214822_658604.csv,True,False,False,1751924909.8894963,187378.71384620667
55689,1751924722.5111997,1751924899.264888,batch_consumer-sts-0_20250707_214822_658604.csv,True,False,False,1751924909.8894963,187378.29661369324
55699,1751924722.5116198,1751924899.2895803,batch_consumer-sts-0_20250707_214822_658604.csv,True,False,False,1751924909.8894963,187377.87652015686
55709,1751924722.5120382,1751924899.3135629,batch_consumer-sts-0_20250707_214822_658604.csv,True,False,False,1751924909.8894963,187377.45809555054
55719,1751924722.5124512,1751924899.338535,batch_consumer-sts-0_20250707_214822_658604.csv,True,False,False,1751924909.8894963,187377.04515457153
55729,1751924722.512867,1751924899.3646986,batch_consumer-sts-0_20250707_214822_658604.csv,True,False,False,1751924909.8894963,187376.62935256958
55739,1751924722.513287,1751924899.3894684,batch_consumer-sts-0_20250707_214822_658604.csv,True,False,False,1751924909.8894963,187376.2092590332
55749,1751924722.5136905,1751924899.4140346,batch_consumer-sts-0_20250707_214822_658604.csv,True,False,False,1751924909.8894963,187375.80585479736
55759,1751924722.5141108,1751924899.439355,batch_consumer-sts-0_20250707_214822_658604.csv,True,False,False,1751924909.8894963,187375.3855228424
55769,1751924722.5145347,1751924899.464548,batch_consumer-sts-0_20250707_214822_658604.csv,True,False,False,1751924909.8894963,187374.96161460876
55779,1751924722.5149488,1751924899.4890895,batch_consumer-sts-0_20250707_214822_658604.csv,True,False,False,1751924909.8894963,187374.54748153687
55789,1751924722.5153694,1751924899.5134668,batch_consumer-sts-0_20250707_214822_658604.csv,True,False,False,1751924909.8894963,187374.12691116333
55799,1751924722.5157857,1751924899.5381482,batch_consumer-sts-0_20250707_214822_658604.csv,True,False,False,1751924909.8894963,187373.71063232422
55809,1751924722.5162003,1751924899.5630543,batch_consumer-sts-0_20250707_214822_658604.csv,True,False,False,1751924909.8894963,187373.29602241516
55819,1751924722.516607,1751924899.5879412,batch_consumer-sts-0_20250707_214822_658604.csv,True,False,False,1751924909.8894963,187372.8892803192
55829,1751924722.5170095,1751924899.6119983,batch_consumer-sts-0_20250707_214822_658604.csv,True,False,False,1751924909.8894963,187372.4868297577
55839,1751924722.5174265,1751924899.63861,batch_consumer-sts-0_20250707_214822_658604.csv,True,False,False,1751924909.8894963,187372.06983566284
55849,1751924722.51784,1751924899.664053,batch_consumer-sts-0_20250707_214822_658604.csv,True,False,False,1751924909.8894963,187371.65641784668
55859,1751924722.5182643,1751924899.6897776,batch_consumer-sts-0_20250707_214822_658604.csv,True,False,False,1751924909.8894963,187371.23203277588
55869,1751924722.5186796,1751924899.7146857,batch_consumer-sts-0_20250707_214822_658604.csv,True,False,False,1751924909.8894963,187370.81670761108
55879,1751924722.5190835,1751924899.7401352,batch_consumer-sts-0_20250707_214822_658604.csv,True,False,False,1751924909.8894963,187370.4128265381
55889,1751924722.5194714,1751924899.7650335,batch_consumer-sts-0_20250707_214822_658604.csv,True,False,False,1751924909.8894963,187370.0249195099
55899,1751924722.5197918,1751924899.7899632,batch_consumer-sts-0_20250707_214822_658604.csv,True,False,False,1751924909.8894963,187369.70448493958
55909,1751924722.5201137,1751924899.9284887,batch_consumer-sts-0_20250707_214822_658604.csv,True,False,False,1751924909.8894963,187369.3826198578
55919,1751924722.5204282,1751924899.953017,batch_consumer-sts-0_20250707_214822_658604.csv,True,False,False,1751924909.8894963,187369.06814575195
55929,1751924722.5207376,1751924899.9782834,batch_consumer-sts-0_20250707_214822_658604.csv,True,False,False,1751924909.8894963,187368.75867843628
55939,1751924722.5210607,1751924900.0020747,batch_consumer-sts-0_20250707_214822_658604.csv,True,False,False,1751924909.8894963,187368.4356212616
55949,1751924722.5213714,1751924900.0266516,batch_consumer-sts-0_20250707_214822_658604.csv,True,False,False,1751924909.8894963,187368.12496185303
55959,1751924722.5216873,1751924900.0513444,batch_consumer-sts-0_20250707_214822_658604.csv,True,False,False,1751924909.8894963,187367.80905723572
55969,1751924722.5219953,1751924900.075374,batch_consumer-sts-0_20250707_214822_658604.csv,True,False,False,1751924909.8894963,187367.50102043152
55979,1751924722.522377,1751924900.0997438,batch_consumer-sts-0_20250707_214822_658604.csv,True,False,False,1751924909.8894963,187367.11931228638
55989,1751924722.5227911,1751924900.126228,batch_consumer-sts-0_20250707_214822_658604.csv,True,False,False,1751924909.8894963,187366.70517921448
55999,1751924722.5231886,1751924900.1512868,batch_consumer-sts-0_20250707_214822_658604.csv,True,False,False,1751924909.8894963,187366.30773544312
56009,1751924722.523563,1751924900.17638,batch_consumer-sts-0_20250707_214822_658604.csv,True,False,False,1751924909.8894963,187365.93341827393
56019,1751924722.5238729,1751924900.2015357,batch_consumer-sts-0_20250707_214822_658604.csv,True,False,False,1751924909.8894963,187365.6234741211
56029,1751924722.5242648,1751924900.2265863,batch_consumer-sts-0_20250707_214822_658604.csv,True,False,False,1751924909.8894963,187365.23151397705
56039,1751924722.5246887,1751924900.252814,batch_consumer-sts-0_20250707_214822_658604.csv,True,False,False,1751924909.8894963,187364.8076057434
56049,1751924722.5250936,1751924900.2775223,batch_consumer-sts-0_20250707_214822_658604.csv,True,False,False,1751924909.8894963,187364.4027709961
56059,1751924722.5255022,1751924900.302596,batch_consumer-sts-0_20250707_214822_658604.csv,True,False,False,1751924909.8894963,187363.9941215515
56069,1751924722.5258963,1751924900.3276768,batch_consumer-sts-0_20250707_214822_658604.csv,True,False,False,1751924909.8894963,187363.60001564026
56079,1751924722.5263278,1751924900.352487,batch_consumer-sts-0_20250707_214822_658604.csv,True,False,False,1751924909.8894963,187363.16847801208
56089,1751924722.5267894,1751924900.3776617,batch_consumer-sts-0_20250707_214822_658604.csv,True,False,False,1751924909.8894963,187362.70689964294
56099,1751924722.5272183,1751924900.4026818,batch_consumer-sts-0_20250707_214822_658604.csv,True,False,False,1751924909.8894963,187362.27798461914
56109,1751924722.527625,1751924900.4311693,batch_consumer-sts-0_20250707_214822_658604.csv,True,False,False,1751924909.8894963,187361.8712425232
56119,1751924722.5280578,1751924900.4563534,batch_consumer-sts-0_20250707_214822_658604.csv,True,False,False,1751924909.8894963,187361.43851280212
56129,1751924722.528463,1751924900.4811628,batch_consumer-sts-0_20250707_214822_658604.csv,True,False,False,1751924909.8894963,187361.03343963623
56139,1751924722.528874,1751924900.5056822,batch_consumer-sts-0_20250707_214822_658604.csv,True,False,False,1751924909.8894963,187360.62240600586
56149,1751924722.52931,1751924900.530903,batch_consumer-sts-0_20250707_214822_658604.csv,True,False,False,1751924909.8894963,187360.18633842468
56159,1751924722.529725,1751924900.5560656,batch_consumer-sts-0_20250707_214822_658604.csv,True,False,False,1751924909.8894963,187359.77125167847
56169,1751924722.53013,1751924900.5811346,batch_consumer-sts-0_20250707_214822_658604.csv,True,False,False,1751924909.8894963,187359.36641693115
56179,1751924722.5305922,1751924900.605963,batch_consumer-sts-0_20250707_214822_658604.csv,True,False,False,1751924909.8894963,187358.90412330627
56189,1751924722.5309908,1751924900.6317508,batch_consumer-sts-0_20250707_214822_658604.csv,True,False,False,1751924909.8894963,187358.50548744202
56199,1751924722.5314138,1751924900.656717,batch_consumer-sts-0_20250707_214822_658604.csv,True,False,False,1751924909.8894963,187358.0825328827
56209,1751924722.531833,1751924900.6822815,batch_consumer-sts-0_20250707_214822_658604.csv,True,False,False,1751924909.8894963,187357.66339302063
56219,1751924722.5322423,1751924900.7069564,batch_consumer-sts-0_20250707_214822_658604.csv,True,False,False,1751924909.8894963,187357.2540283203
56229,1751924722.5326538,1751924900.7323291,batch_consumer-sts-0_20250707_214822_658604.csv,True,False,False,1751924909.8894963,187356.84251785278
56239,1751924722.5330732,1751924900.755857,batch_consumer-sts-0_20250707_214822_658604.csv,True,False,False,1751924909.8894963,187356.42313957214
56249,1751924722.5334828,1751924900.7806003,batch_consumer-sts-0_20250707_214822_658604.csv,True,False,False,1751924909.8894963,187356.01353645325
56259,1751924722.5338967,1751924900.8050818,batch_consumer-sts-0_20250707_214822_658604.csv,True,False,False,1751924909.8894963,187355.59964179993
56269,1751924722.5343156,1751924900.829741,batch_consumer-sts-0_20250707_214822_658604.csv,True,False,False,1751924909.8894963,187355.18074035645
56279,1751924722.5347114,1751924900.854122,batch_consumer-sts-0_20250707_214822_658604.csv,True,False,False,1751924909.8894963,187354.78496551514
56289,1751924722.5351317,1751924900.8804257,batch_consumer-sts-0_20250707_214822_658604.csv,True,False,False,1751924909.8894963,187354.36463356018
56299,1751924722.5355234,1751924900.904973,batch_consumer-sts-0_20250707_214822_658604.csv,True,False,False,1751924909.8894963,187353.97291183472
56309,1751924722.5358863,1751924900.9298697,batch_consumer-sts-0_20250707_214822_658604.csv,True,False,False,1751924909.8894963,187353.61003875732
56319,1751924722.5362074,1751924900.9547062,batch_consumer-sts-0_20250707_214822_658604.csv,True,False,False,1751924909.8894963,187353.28888893127
56329,1751924722.536521,1751924900.9795558,batch_consumer-sts-0_20250707_214822_658604.csv,True,False,False,1751924909.8894963,187352.97536849976
56339,1751924722.5368335,1751924901.004533,batch_consumer-sts-0_20250707_214822_658604.csv,True,False,False,1751924909.8894963,187352.66280174255
56349,1751924722.5371542,1751924901.0297475,batch_consumer-sts-0_20250707_214822_658604.csv,True,False,False,1751924909.8894963,187352.34212875366
56359,1751924722.5374677,1751924901.0562952,batch_consumer-sts-0_20250707_214822_658604.csv,True,False,False,1751924909.8894963,187352.02860832214
56369,1751924722.5377753,1751924901.412974,batch_consumer-sts-0_20250707_214822_658604.csv,True,False,False,1751924909.8894963,187351.7210483551
56379,1751924722.5380974,1751924901.4378474,batch_consumer-sts-0_20250707_214822_658604.csv,True,False,False,1751924909.8894963,187351.39894485474
56389,1751924722.5385158,1751924901.4628863,batch_consumer-sts-0_20250707_214822_658604.csv,True,False,False,1751924909.8894963,187350.9805202484
56399,1751924722.538937,1751924901.488814,batch_consumer-sts-0_20250707_214822_658604.csv,True,False,False,1751924909.8894963,187350.55923461914
56409,1751924722.5393443,1751924901.513231,batch_consumer-sts-0_20250707_214822_658604.csv,True,False,False,1751924909.8894963,187350.15201568604
56419,1751924722.5397122,1751924901.53846,batch_consumer-sts-0_20250707_214822_658604.csv,True,False,False,1751924909.8894963,187349.78413581848
56429,1751924722.540023,1751924901.563472,batch_consumer-sts-0_20250707_214822_658604.csv,True,False,False,1751924909.8894963,187349.47323799133
56439,1751924722.5403292,1751924901.5881786,batch_consumer-sts-0_20250707_214822_658604.csv,True,False,False,1751924909.8894963,187349.16710853577
56449,1751924722.5406578,1751924901.6122751,batch_consumer-sts-0_20250707_214822_658604.csv,True,False,False,1751924909.8894963,187348.83856773376
56459,1751924722.540979,1751924901.6389277,batch_consumer-sts-0_20250707_214822_658604.csv,True,False,False,1751924909.8894963,187348.51741790771
56469,1751924722.541288,1751924901.6639931,batch_consumer-sts-0_20250707_214822_658604.csv,True,False,False,1751924909.8894963,187348.2084274292
56479,1751924722.5416296,1751924901.6886792,batch_consumer-sts-0_20250707_214822_658604.csv,True,False,False,1751924909.8894963,187347.86677360535
56489,1751924722.5420852,1751924901.7130065,batch_consumer-sts-0_20250707_214822_658604.csv,True,False,False,1751924909.8894963,187347.41115570068
56499,1751924722.5424917,1751924901.7377346,batch_consumer-sts-0_20250707_214822_658604.csv,True,False,False,1751924909.8894963,187347.00465202332
56509,1751924722.5429068,1751924901.7628846,batch_consumer-sts-0_20250707_214822_658604.csv,True,False,False,1751924909.8894963,187346.5895652771
56519,1751924722.543325,1751924901.787593,batch_consumer-sts-0_20250707_214822_658604.csv,True,False,False,1751924909.8894963,187346.17137908936
56529,1751924722.5437224,1751924901.8120346,batch_consumer-sts-0_20250707_214822_658604.csv,True,False,False,1751924909.8894963,187345.773935318
56539,1751924722.544135,1751924901.8370523,batch_consumer-sts-0_20250707_214822_658604.csv,True,False,False,1751924909.8894963,187345.36123275757
56549,1751924722.5445487,1751924901.8621233,batch_consumer-sts-0_20250707_214822_658604.csv,True,False,False,1751924909.8894963,187344.94757652283
56559,1751924722.5449984,1751924901.8870142,batch_consumer-sts-0_20250707_214822_658604.csv,True,False,False,1751924909.8894963,187344.49791908264
74319,1751924722.946602,1751924901.911723,batch_consumer-sts-0_20250707_214822_658604.csv,True,False,False,1751924909.8894963,186942.89422035217
74329,1751924722.9468577,1751924901.9367373,batch_consumer-sts-0_20250707_214822_658604.csv,True,False,False,1751924909.8894963,186942.63863563538
74339,1751924722.947091,1751924901.9615667,batch_consumer-sts-0_20250707_214822_658604.csv,True,False,False,1751924909.8894963,186942.40522384644
74349,1751924722.947326,1751924901.9862597,batch_consumer-sts-0_20250707_214822_658604.csv,True,False,False,1751924909.8894963,186942.17038154602
74359,1751924722.9475434,1751924902.0110075,batch_consumer-sts-0_20250707_214822_658604.csv,True,False,False,1751924909.8894963,186941.95294380188
74369,1751924722.947724,1751924902.0357652,batch_consumer-sts-0_20250707_214822_658604.csv,True,False,False,1751924909.8894963,186941.77222251892
74379,1751924722.9479053,1751924902.061647,batch_consumer-sts-0_20250707_214822_658604.csv,True,False,False,1751924909.8894963,186941.5910243988
74389,1751924722.948083,1751924902.0876362,batch_consumer-sts-0_20250707_214822_658604.csv,True,False,False,1751924909.8894963,186941.41340255737
74399,1751924722.9482622,1751924902.111988,batch_consumer-sts-0_20250707_214822_658604.csv,True,False,False,1751924909.8894963,186941.2341117859
74409,1751924722.948445,1751924902.136392,batch_consumer-sts-0_20250707_214822_658604.csv,True,False,False,1751924909.8894963,186941.05124473572
74419,1751924722.9486222,1751924902.1721032,batch_consumer-sts-0_20250707_214822_658604.csv,True,False,False,1751924909.8894963,186940.87409973145
74429,1751924722.94882,1751924902.1972785,batch_consumer-sts-0_20250707_214822_658604.csv,True,False,False,1751924909.8894963,186940.6762123108
74439,1751924722.9490068,1751924902.2274172,batch_consumer-sts-0_20250707_214822_658604.csv,True,False,False,1751924909.8894963,186940.48953056335
74449,1751924722.949402,1751924902.252385,batch_consumer-sts-0_20250707_214822_658604.csv,True,False,False,1751924909.8894963,186940.0942325592
74459,1751924722.9495883,1751924902.2774415,batch_consumer-sts-0_20250707_214822_658604.csv,True,False,False,1751924909.8894963,186939.90802764893
74469,1751924722.9497771,1751924902.30242,batch_consumer-sts-0_20250707_214822_658604.csv,True,False,False,1751924909.8894963,186939.71920013428
74479,1751924722.9499795,1751924902.327521,batch_consumer-sts-0_20250707_214822_658604.csv,True,False,False,1751924909.8894963,186939.51678276062
74489,1751924722.9501815,1751924902.3525932,batch_consumer-sts-0_20250707_214822_658604.csv,True,False,False,1751924909.8894963,186939.31484222412
74499,1751924722.9504228,1751924902.3775482,batch_consumer-sts-0_20250707_214822_658604.csv,True,False,False,1751924909.8894963,186939.07356262207
74509,1751924722.950652,1751924902.4029095,batch_consumer-sts-0_20250707_214822_658604.csv,True,False,False,1751924909.8894963,186938.84444236755
74519,1751924722.950883,1751924902.428444,batch_consumer-sts-0_20250707_214822_658604.csv,True,False,False,1751924909.8894963,186938.6134147644
74529,1751924722.9511132,1751924902.4536464,batch_consumer-sts-0_20250707_214822_658604.csv,True,False,False,1751924909.8894963,186938.383102417
74539,1751924722.9513576,1751924902.4805918,batch_consumer-sts-0_20250707_214822_658604.csv,True,False,False,1751924909.8894963,186938.1387233734
74549,1751924722.9515548,1751924902.505262,batch_consumer-sts-0_20250707_214822_658604.csv,True,False,False,1751924909.8894963,186937.9415512085
74559,1751924722.9517338,1751924902.530434,batch_consumer-sts-0_20250707_214822_658604.csv,True,False,False,1751924909.8894963,186937.7624988556
74569,1751924722.951937,1751924902.555488,batch_consumer-sts-0_20250707_214822_658604.csv,True,False,False,1751924909.8894963,186937.5593662262
74579,1751924722.9521992,1751924902.5808854,batch_consumer-sts-0_20250707_214822_658604.csv,True,False,False,1751924909.8894963,186937.29710578918
74589,1751924722.952438,1751924902.6078906,batch_consumer-sts-0_20250707_214822_658604.csv,True,False,False,1751924909.8894963,186937.05821037292
74599,1751924722.9526727,1751924902.6326268,batch_consumer-sts-0_20250707_214822_658604.csv,False,False,False,1751924909.8894963,186936.8236064911
