index,producer_timestamp,consumer_receive_timestamp,source_file,is_late,is_out_of_order,is_duplicate,merge_timestamp,end_to_end_delay_ms
20519,1751925461.1134338,1751927796.731116,batch_consumer-sts-0_20250707_223654_230735.csv,True,False,False,1751927869.441918,2408328.48405838
20529,1751925461.1136315,1751927797.3063166,batch_consumer-sts-0_20250707_223654_230735.csv,True,False,False,1751927869.441918,2408328.286409378
20539,1751925461.1138246,1751927797.3266785,batch_consumer-sts-0_20250707_223654_230735.csv,True,False,False,1751927869.441918,2408328.093290329
20549,1751925461.1140144,1751927797.3478162,batch_consumer-sts-0_20250707_223654_230735.csv,True,False,False,1751927869.441918,2408327.90350914
20559,1751925461.114215,1751927797.3689167,batch_consumer-sts-0_20250707_223654_230735.csv,True,False,False,1751927869.441918,2408327.702999115
20569,1751925461.1144023,1751927797.389972,batch_consumer-sts-0_20250707_223654_230735.csv,True,False,False,1751927869.441918,2408327.515602112
20579,1751925461.114586,1751927797.4110456,batch_consumer-sts-0_20250707_223654_230735.csv,True,False,False,1751927869.441918,2408327.3317813873
20589,1751925461.114776,1751927797.4324467,batch_consumer-sts-0_20250707_223654_230735.csv,True,False,False,1751927869.441918,2408327.1420001984
20599,1751925461.1149678,1751927797.453494,batch_consumer-sts-0_20250707_223654_230735.csv,True,False,False,1751927869.441918,2408326.950073242
20609,1751925461.115153,1751927797.4745047,batch_consumer-sts-0_20250707_223654_230735.csv,True,False,False,1751927869.441918,2408326.764822006
20619,1751925461.115352,1751927797.4955866,batch_consumer-sts-0_20250707_223654_230735.csv,True,False,False,1751927869.441918,2408326.5659809113
20629,1751925461.1155477,1751927797.5166745,batch_consumer-sts-0_20250707_223654_230735.csv,True,False,False,1751927869.441918,2408326.370239258
20639,1751925461.1157317,1751927797.5376005,batch_consumer-sts-0_20250707_223654_230735.csv,True,False,False,1751927869.441918,2408326.1861801147
20649,1751925461.115911,1751927797.5587742,batch_consumer-sts-0_20250707_223654_230735.csv,True,False,False,1751927869.441918,2408326.0068893433
20659,1751925461.1160862,1751927797.5797732,batch_consumer-sts-0_20250707_223654_230735.csv,True,False,False,1751927869.441918,2408325.8316516876
20669,1751925461.1162674,1751927797.6008074,batch_consumer-sts-0_20250707_223654_230735.csv,True,False,False,1751927869.441918,2408325.6504535675
20679,1751925461.1164613,1751927797.6218147,batch_consumer-sts-0_20250707_223654_230735.csv,True,False,False,1751927869.441918,2408325.4566192627
20689,1751925461.116635,1751927797.6428409,batch_consumer-sts-0_20250707_223654_230735.csv,True,False,False,1751927869.441918,2408325.2828121185
20699,1751925461.1168067,1751927797.6639037,batch_consumer-sts-0_20250707_223654_230735.csv,True,False,False,1751927869.441918,2408325.1111507416
20709,1751925461.116985,1751927797.6848023,batch_consumer-sts-0_20250707_223654_230735.csv,True,False,False,1751927869.441918,2408324.9328136444
20719,1751925461.1171694,1751927797.705797,batch_consumer-sts-0_20250707_223654_230735.csv,True,False,False,1751927869.441918,2408324.7485160828
20729,1751925461.117352,1751927798.0452948,batch_consumer-sts-0_20250707_223654_230735.csv,True,False,False,1751927869.441918,2408324.565887451
20739,1751925461.1175272,1751927798.066465,batch_consumer-sts-0_20250707_223654_230735.csv,True,False,False,1751927869.441918,2408324.3906497955
20749,1751925461.117708,1751927798.087625,batch_consumer-sts-0_20250707_223654_230735.csv,True,False,False,1751927869.441918,2408324.2099285126
20759,1751925461.117888,1751927798.1089747,batch_consumer-sts-0_20250707_223654_230735.csv,True,False,False,1751927869.441918,2408324.0299224854
20769,1751925461.118069,1751927798.129938,batch_consumer-sts-0_20250707_223654_230735.csv,True,False,False,1751927869.441918,2408323.848962784
20779,1751925461.11827,1751927798.150818,batch_consumer-sts-0_20250707_223654_230735.csv,True,False,False,1751927869.441918,2408323.6479759216
20789,1751925461.1184628,1751927798.171971,batch_consumer-sts-0_20250707_223654_230735.csv,True,False,False,1751927869.441918,2408323.455095291
20799,1751925461.1186478,1751927798.1930306,batch_consumer-sts-0_20250707_223654_230735.csv,True,False,False,1751927869.441918,2408323.2700824738
20809,1751925461.1188514,1751927798.2143264,batch_consumer-sts-0_20250707_223654_230735.csv,True,False,False,1751927869.441918,2408323.066473007
21839,1751925461.1393664,1751927798.2356482,batch_consumer-sts-0_20250707_223654_230735.csv,True,False,False,1751927869.441918,2408302.55150795
21849,1751925461.1395826,1751927798.2568655,batch_consumer-sts-0_20250707_223654_230735.csv,True,False,False,1751927869.441918,2408302.3352622986
21859,1751925461.1398582,1751927798.2782362,batch_consumer-sts-0_20250707_223654_230735.csv,True,False,False,1751927869.441918,2408302.059650421
21869,1751925461.1400735,1751927798.301172,batch_consumer-sts-0_20250707_223654_230735.csv,True,False,False,1751927869.441918,2408301.844358444
21879,1751925461.1402738,1751927798.322428,batch_consumer-sts-0_20250707_223654_230735.csv,True,False,False,1751927869.441918,2408301.644086838
21889,1751925461.1405163,1751927798.3433723,batch_consumer-sts-0_20250707_223654_230735.csv,True,False,False,1751927869.441918,2408301.401615143
21899,1751925461.1407492,1751927798.3635669,batch_consumer-sts-0_20250707_223654_230735.csv,True,False,False,1751927869.441918,2408301.168680191
21909,1751925461.1409798,1751927798.3846076,batch_consumer-sts-0_20250707_223654_230735.csv,True,False,False,1751927869.441918,2408300.938129425
21919,1751925461.1412065,1751927798.4055998,batch_consumer-sts-0_20250707_223654_230735.csv,True,False,False,1751927869.441918,2408300.7113933563
21929,1751925461.1414375,1751927798.4267287,batch_consumer-sts-0_20250707_223654_230735.csv,True,False,False,1751927869.441918,2408300.480365753
21939,1751925461.141664,1751927799.4495726,batch_consumer-sts-0_20250707_223654_230735.csv,True,False,False,1751927869.441918,2408300.253868103
21949,1751925461.141997,1751927799.4707365,batch_consumer-sts-0_20250707_223654_230735.csv,True,False,False,1751927869.441918,2408299.920797348
21959,1751925461.1423905,1751927799.4916482,batch_consumer-sts-0_20250707_223654_230735.csv,True,False,False,1751927869.441918,2408299.5274066925
21969,1751925461.1427643,1751927799.5123577,batch_consumer-sts-0_20250707_223654_230735.csv,True,False,False,1751927869.441918,2408299.1535663605
21979,1751925461.143142,1751927799.5332391,batch_consumer-sts-0_20250707_223654_230735.csv,True,False,False,1751927869.441918,2408298.775911331
21989,1751925461.1435025,1751927799.5543792,batch_consumer-sts-0_20250707_223654_230735.csv,True,False,False,1751927869.441918,2408298.4154224396
21999,1751925461.14384,1751927799.575421,batch_consumer-sts-0_20250707_223654_230735.csv,True,False,False,1751927869.441918,2408298.0778217316
22009,1751925461.14415,1751927799.5966237,batch_consumer-sts-0_20250707_223654_230735.csv,True,False,False,1751927869.441918,2408297.7678775787
22019,1751925461.1444983,1751927799.6176062,batch_consumer-sts-0_20250707_223654_230735.csv,True,False,False,1751927869.441918,2408297.4195480347
22029,1751925461.1448526,1751927799.638672,batch_consumer-sts-0_20250707_223654_230735.csv,True,False,False,1751927869.441918,2408297.065258026
22039,1751925461.145171,1751927799.6597853,batch_consumer-sts-0_20250707_223654_230735.csv,True,False,False,1751927869.441918,2408296.746969223
22049,1751925461.1454637,1751927799.6808054,batch_consumer-sts-0_20250707_223654_230735.csv,True,False,False,1751927869.441918,2408296.454191208
22059,1751925461.145752,1751927799.7018363,batch_consumer-sts-0_20250707_223654_230735.csv,True,False,False,1751927869.441918,2408296.1659431458
22069,1751925461.145932,1751927799.7228994,batch_consumer-sts-0_20250707_223654_230735.csv,True,False,False,1751927869.441918,2408295.9859371185
22079,1751925461.1461258,1751927799.7438984,batch_consumer-sts-0_20250707_223654_230735.csv,True,False,False,1751927869.441918,2408295.7921028137
22089,1751925461.1463397,1751927799.7649803,batch_consumer-sts-0_20250707_223654_230735.csv,True,False,False,1751927869.441918,2408295.5782413483
22099,1751925461.1465292,1751927799.7857304,batch_consumer-sts-0_20250707_223654_230735.csv,True,False,False,1751927869.441918,2408295.388698578
22109,1751925461.146719,1751927799.806489,batch_consumer-sts-0_20250707_223654_230735.csv,True,False,False,1751927869.441918,2408295.198917389
22119,1751925461.1469338,1751927799.827311,batch_consumer-sts-0_20250707_223654_230735.csv,True,False,False,1751927869.441918,2408294.984102249
22129,1751925461.1471262,1751927799.848498,batch_consumer-sts-0_20250707_223654_230735.csv,True,False,False,1751927869.441918,2408294.791698456
22139,1751925461.1473124,1751927799.8694148,batch_consumer-sts-0_20250707_223654_230735.csv,True,False,False,1751927869.441918,2408294.6054935455
22149,1751925461.147509,1751927799.8906748,batch_consumer-sts-0_20250707_223654_230735.csv,True,False,False,1751927869.441918,2408294.408798218
22159,1751925461.1476877,1751927799.9119406,batch_consumer-sts-0_20250707_223654_230735.csv,True,False,False,1751927869.441918,2408294.230222702
22169,1751925461.1478815,1751927799.9328165,batch_consumer-sts-0_20250707_223654_230735.csv,True,False,False,1751927869.441918,2408294.036388397
22179,1751925461.1481748,1751927799.9537876,batch_consumer-sts-0_20250707_223654_230735.csv,True,False,False,1751927869.441918,2408293.743133545
22189,1751925461.1484537,1751927799.9748616,batch_consumer-sts-0_20250707_223654_230735.csv,True,False,False,1751927869.441918,2408293.4641838074
22199,1751925461.148636,1751927799.9961555,batch_consumer-sts-0_20250707_223654_230735.csv,True,False,False,1751927869.441918,2408293.2817935944
22209,1751925461.1488154,1751927800.017632,batch_consumer-sts-0_20250707_223654_230735.csv,True,False,False,1751927869.441918,2408293.102502823
22219,1751925461.1489992,1751927800.0385194,batch_consumer-sts-0_20250707_223654_230735.csv,True,False,False,1751927869.441918,2408292.9186820984
22229,1751925461.1491969,1751927800.0595405,batch_consumer-sts-0_20250707_223654_230735.csv,True,False,False,1751927869.441918,2408292.7210330963
22239,1751925461.1493754,1751927800.0806155,batch_consumer-sts-0_20250707_223654_230735.csv,True,False,False,1751927869.441918,2408292.5424575806
22249,1751925461.149556,1751927800.1017592,batch_consumer-sts-0_20250707_223654_230735.csv,True,False,False,1751927869.441918,2408292.361974716
22259,1751925461.1497557,1751927800.123,batch_consumer-sts-0_20250707_223654_230735.csv,True,False,False,1751927869.441918,2408292.162179947
22269,1751925461.1499436,1751927800.1438916,batch_consumer-sts-0_20250707_223654_230735.csv,True,False,False,1751927869.441918,2408291.9743061066
22279,1751925461.1501336,1751927800.164767,batch_consumer-sts-0_20250707_223654_230735.csv,True,False,False,1751927869.441918,2408291.784286499
22289,1751925461.1503372,1751927800.1854722,batch_consumer-sts-0_20250707_223654_230735.csv,True,False,False,1751927869.441918,2408291.5806770325
22299,1751925461.1505218,1751927800.206297,batch_consumer-sts-0_20250707_223654_230735.csv,True,False,False,1751927869.441918,2408291.3961410522
22309,1751925461.1507103,1751927800.2270167,batch_consumer-sts-0_20250707_223654_230735.csv,True,False,False,1751927869.441918,2408291.207551956
22319,1751925461.1509228,1751927800.247929,batch_consumer-sts-0_20250707_223654_230735.csv,True,False,False,1751927869.441918,2408290.995121002
22329,1751925461.1511345,1751927800.2686973,batch_consumer-sts-0_20250707_223654_230735.csv,True,False,False,1751927869.441918,2408290.783405304
22339,1751925461.1514685,1751927800.2893338,batch_consumer-sts-0_20250707_223654_230735.csv,True,False,False,1751927869.441918,2408290.4493808746
22349,1751925461.1517854,1751927800.3101776,batch_consumer-sts-0_20250707_223654_230735.csv,True,False,False,1751927869.441918,2408290.132522583
22359,1751925461.151985,1751927800.3310122,batch_consumer-sts-0_20250707_223654_230735.csv,True,False,False,1751927869.441918,2408289.9329662323
22369,1751925461.15218,1751927800.3520684,batch_consumer-sts-0_20250707_223654_230735.csv,True,False,False,1751927869.441918,2408289.7379398346
22379,1751925461.1523623,1751927800.3726938,batch_consumer-sts-0_20250707_223654_230735.csv,True,False,False,1751927869.441918,2408289.5555496216
22389,1751925461.152537,1751927800.3933969,batch_consumer-sts-0_20250707_223654_230735.csv,True,False,False,1751927869.441918,2408289.380788803
22399,1751925461.1527166,1751927800.4141152,batch_consumer-sts-0_20250707_223654_230735.csv,True,False,False,1751927869.441918,2408289.201259613
22409,1751925461.1529405,1751927800.4349003,batch_consumer-sts-0_20250707_223654_230735.csv,True,False,False,1751927869.441918,2408288.9773845673
22419,1751925461.1532283,1751927800.455793,batch_consumer-sts-0_20250707_223654_230735.csv,True,False,False,1751927869.441918,2408288.6896133423
22429,1751925461.1534784,1751927800.4766772,batch_consumer-sts-0_20250707_223654_230735.csv,True,False,False,1751927869.441918,2408288.439512253
22439,1751925461.1536572,1751927800.4976072,batch_consumer-sts-0_20250707_223654_230735.csv,True,False,False,1751927869.441918,2408288.2606983185
22449,1751925461.1538398,1751927800.5183065,batch_consumer-sts-0_20250707_223654_230735.csv,True,False,False,1751927869.441918,2408288.078069687
22459,1751925461.1540256,1751927800.5392666,batch_consumer-sts-0_20250707_223654_230735.csv,True,False,False,1751927869.441918,2408287.892341614
22469,1751925461.1543255,1751927800.5601976,batch_consumer-sts-0_20250707_223654_230735.csv,True,False,False,1751927869.441918,2408287.5924110413
22479,1751925461.1546528,1751927800.581254,batch_consumer-sts-0_20250707_223654_230735.csv,True,False,False,1751927869.441918,2408287.265062332
22489,1751925461.1548991,1751927800.602375,batch_consumer-sts-0_20250707_223654_230735.csv,True,False,False,1751927869.441918,2408287.01877594
22499,1751925461.1550903,1751927800.6226006,batch_consumer-sts-0_20250707_223654_230735.csv,True,False,False,1751927869.441918,2408286.8275642395
22509,1751925461.1552825,1751927800.6436293,batch_consumer-sts-0_20250707_223654_230735.csv,True,False,False,1751927869.441918,2408286.6353988647
22519,1751925461.1554666,1751927800.6645224,batch_consumer-sts-0_20250707_223654_230735.csv,True,False,False,1751927869.441918,2408286.4513397217
22529,1751925461.1556573,1751927800.6855185,batch_consumer-sts-0_20250707_223654_230735.csv,True,False,False,1751927869.441918,2408286.2606048584
22539,1751925461.1558588,1751927800.7067463,batch_consumer-sts-0_20250707_223654_230735.csv,True,False,False,1751927869.441918,2408286.059141159
22549,1751925461.1560354,1751927800.7280097,batch_consumer-sts-0_20250707_223654_230735.csv,True,False,False,1751927869.441918,2408285.882472992
22559,1751925461.1562088,1751927800.748835,batch_consumer-sts-0_20250707_223654_230735.csv,True,False,False,1751927869.441918,2408285.709142685
22569,1751925461.1563904,1751927800.7696233,batch_consumer-sts-0_20250707_223654_230735.csv,True,False,False,1751927869.441918,2408285.5274677277
22579,1751925461.156567,1751927801.125952,batch_consumer-sts-0_20250707_223654_230735.csv,True,False,False,1751927869.441918,2408285.3507995605
22589,1751925461.156742,1751927801.147375,batch_consumer-sts-0_20250707_223654_230735.csv,True,False,False,1751927869.441918,2408285.1758003235
22599,1751925461.156916,1751927801.168313,batch_consumer-sts-0_20250707_223654_230735.csv,True,False,False,1751927869.441918,2408285.0019931793
22609,1751925461.1570976,1751927801.1893682,batch_consumer-sts-0_20250707_223654_230735.csv,True,False,False,1751927869.441918,2408284.820318222
22619,1751925461.1573026,1751927801.2102177,batch_consumer-sts-0_20250707_223654_230735.csv,True,False,False,1751927869.441918,2408284.615278244
22629,1751925461.1574914,1751927801.2311027,batch_consumer-sts-0_20250707_223654_230735.csv,True,False,False,1751927869.441918,2408284.4264507294
22639,1751925461.1576774,1751927801.2521043,batch_consumer-sts-0_20250707_223654_230735.csv,True,False,False,1751927869.441918,2408284.2404842377
22649,1751925461.1578658,1751927801.2730403,batch_consumer-sts-0_20250707_223654_230735.csv,True,False,False,1751927869.441918,2408284.05213356
22659,1751925461.1580598,1751927801.2939515,batch_consumer-sts-0_20250707_223654_230735.csv,True,False,False,1751927869.441918,2408283.858060837
22669,1751925461.158314,1751927801.3148775,batch_consumer-sts-0_20250707_223654_230735.csv,True,False,False,1751927869.441918,2408283.6039066315
22679,1751925461.1585944,1751927801.3358111,batch_consumer-sts-0_20250707_223654_230735.csv,True,False,False,1751927869.441918,2408283.3235263824
22689,1751925461.15882,1751927801.3565843,batch_consumer-sts-0_20250707_223654_230735.csv,True,False,False,1751927869.441918,2408283.0979824066
22699,1751925461.159042,1751927801.3774295,batch_consumer-sts-0_20250707_223654_230735.csv,True,False,False,1751927869.441918,2408282.8760147095
22709,1751925461.1592643,1751927801.397284,batch_consumer-sts-0_20250707_223654_230735.csv,True,False,False,1751927869.441918,2408282.653570175
24749,1751925461.199937,1751927801.4180567,batch_consumer-sts-0_20250707_223654_230735.csv,True,False,False,1751927869.441918,2408241.980791092
24759,1751925461.200251,1751927801.4388227,batch_consumer-sts-0_20250707_223654_230735.csv,True,False,False,1751927869.441918,2408241.6667938232
24769,1751925461.200462,1751927801.4596963,batch_consumer-sts-0_20250707_223654_230735.csv,True,False,False,1751927869.441918,2408241.4557933807
24779,1751925461.2006545,1751927801.480487,batch_consumer-sts-0_20250707_223654_230735.csv,True,False,False,1751927869.441918,2408241.2633895874
24789,1751925461.2008417,1751927801.5012836,batch_consumer-sts-0_20250707_223654_230735.csv,True,False,False,1751927869.441918,2408241.076231003
24799,1751925461.2010367,1751927801.522256,batch_consumer-sts-0_20250707_223654_230735.csv,True,False,False,1751927869.441918,2408240.881204605
24809,1751925461.201222,1751927801.5433283,batch_consumer-sts-0_20250707_223654_230735.csv,True,False,False,1751927869.441918,2408240.695953369
24819,1751925461.201413,1751927801.6945968,batch_consumer-sts-0_20250707_223654_230735.csv,True,False,False,1751927869.441918,2408240.5049800873
24829,1751925461.201605,1751927801.7154136,batch_consumer-sts-0_20250707_223654_230735.csv,True,False,False,1751927869.441918,2408240.3128147125
24839,1751925461.2017825,1751927801.7352538,batch_consumer-sts-0_20250707_223654_230735.csv,True,False,False,1751927869.441918,2408240.1354312897
24849,1751925461.2019577,1751927801.7561083,batch_consumer-sts-0_20250707_223654_230735.csv,True,False,False,1751927869.441918,2408239.960193634
24859,1751925461.2021604,1751927801.7770953,batch_consumer-sts-0_20250707_223654_230735.csv,True,False,False,1751927869.441918,2408239.757537842
24869,1751925461.2023952,1751927801.798155,batch_consumer-sts-0_20250707_223654_230735.csv,True,False,False,1751927869.441918,2408239.5226955414
24879,1751925461.2026432,1751927801.8190007,batch_consumer-sts-0_20250707_223654_230735.csv,True,False,False,1751927869.441918,2408239.274740219
24889,1751925461.202831,1751927801.8399465,batch_consumer-sts-0_20250707_223654_230735.csv,True,False,False,1751927869.441918,2408239.086866379
24899,1751925461.2030177,1751927801.860779,batch_consumer-sts-0_20250707_223654_230735.csv,True,False,False,1751927869.441918,2408238.9001846313
24909,1751925461.203202,1751927801.881676,batch_consumer-sts-0_20250707_223654_230735.csv,True,False,False,1751927869.441918,2408238.7158870697
33609,1751925461.384224,1751927801.902678,batch_consumer-sts-0_20250707_223654_230735.csv,True,False,False,1751927869.441918,2408057.6939582825
33619,1751925461.3844044,1751927802.0138595,batch_consumer-sts-0_20250707_223654_230735.csv,True,False,False,1751927869.441918,2408057.513475418
33629,1751925461.3845804,1751927802.0354328,batch_consumer-sts-0_20250707_223654_230735.csv,True,False,False,1751927869.441918,2408057.3375225067
33639,1751925461.3847604,1751927802.0562823,batch_consumer-sts-0_20250707_223654_230735.csv,True,False,False,1751927869.441918,2408057.1575164795
33649,1751925461.384936,1751927802.0771604,batch_consumer-sts-0_20250707_223654_230735.csv,True,False,False,1751927869.441918,2408056.9818019867
33659,1751925461.385115,1751927802.0978258,batch_consumer-sts-0_20250707_223654_230735.csv,True,False,False,1751927869.441918,2408056.8029880524
33669,1751925461.3852942,1751927802.1188288,batch_consumer-sts-0_20250707_223654_230735.csv,True,False,False,1751927869.441918,2408056.623697281
33679,1751925461.385471,1751927802.1399286,batch_consumer-sts-0_20250707_223654_230735.csv,True,False,False,1751927869.441918,2408056.446790695
33689,1751925461.385651,1751927802.1609926,batch_consumer-sts-0_20250707_223654_230735.csv,True,False,False,1751927869.441918,2408056.266784668
33699,1751925461.385824,1751927802.1820772,batch_consumer-sts-0_20250707_223654_230735.csv,True,False,False,1751927869.441918,2408056.093931198
33709,1751925461.3860052,1751927802.2028615,batch_consumer-sts-0_20250707_223654_230735.csv,True,False,False,1751927869.441918,2408055.912733078
33719,1751925461.386217,1751927802.223868,batch_consumer-sts-0_20250707_223654_230735.csv,True,False,False,1751927869.441918,2408055.700778961
33729,1751925461.3864057,1751927802.244723,batch_consumer-sts-0_20250707_223654_230735.csv,True,False,False,1751927869.441918,2408055.512189865
33739,1751925461.386598,1751927802.2658226,batch_consumer-sts-0_20250707_223654_230735.csv,True,False,False,1751927869.441918,2408055.319786072
33749,1751925461.3867905,1751927802.2868135,batch_consumer-sts-0_20250707_223654_230735.csv,True,False,False,1751927869.441918,2408055.1273822784
33759,1751925461.3869865,1751927802.3077576,batch_consumer-sts-0_20250707_223654_230735.csv,True,False,False,1751927869.441918,2408054.9314022064
33769,1751925461.3871891,1751927802.328744,batch_consumer-sts-0_20250707_223654_230735.csv,True,False,False,1751927869.441918,2408054.728746414
33779,1751925461.38738,1751927802.349634,batch_consumer-sts-0_20250707_223654_230735.csv,True,False,False,1751927869.441918,2408054.538011551
33789,1751925461.387575,1751927802.3704762,batch_consumer-sts-0_20250707_223654_230735.csv,True,False,False,1751927869.441918,2408054.342985153
33799,1751925461.387756,1751927802.3914287,batch_consumer-sts-0_20250707_223654_230735.csv,True,False,False,1751927869.441918,2408054.161787033
33809,1751925461.3879366,1751927802.412259,batch_consumer-sts-0_20250707_223654_230735.csv,True,False,False,1751927869.441918,2408053.9813041687
33819,1751925461.3881166,1751927802.433146,batch_consumer-sts-0_20250707_223654_230735.csv,True,False,False,1751927869.441918,2408053.8012981415
33829,1751925461.3882954,1751927802.4542842,batch_consumer-sts-0_20250707_223654_230735.csv,True,False,False,1751927869.441918,2408053.622484207
33839,1751925461.3884757,1751927802.4755056,batch_consumer-sts-0_20250707_223654_230735.csv,True,False,False,1751927869.441918,2408053.4422397614
33849,1751925461.388654,1751927802.4966257,batch_consumer-sts-0_20250707_223654_230735.csv,True,False,False,1751927869.441918,2408053.263902664
33859,1751925461.388832,1751927802.5177426,batch_consumer-sts-0_20250707_223654_230735.csv,True,False,False,1751927869.441918,2408053.0858039856
33869,1751925461.3890083,1751927802.5387492,batch_consumer-sts-0_20250707_223654_230735.csv,True,False,False,1751927869.441918,2408052.9096126556
33879,1751925461.389186,1751927802.5599496,batch_consumer-sts-0_20250707_223654_230735.csv,True,False,False,1751927869.441918,2408052.731990814
33889,1751925461.3893676,1751927802.5808132,batch_consumer-sts-0_20250707_223654_230735.csv,True,False,False,1751927869.441918,2408052.550315857
33899,1751925461.3895438,1751927802.6016357,batch_consumer-sts-0_20250707_223654_230735.csv,True,False,False,1751927869.441918,2408052.374124527
33909,1751925461.3897374,1751927802.6228454,batch_consumer-sts-0_20250707_223654_230735.csv,True,False,False,1751927869.441918,2408052.1805286407
33919,1751925461.3899193,1751927802.6438782,batch_consumer-sts-0_20250707_223654_230735.csv,True,False,False,1751927869.441918,2408051.998615265
33929,1751925461.390097,1751927802.665098,batch_consumer-sts-0_20250707_223654_230735.csv,True,False,False,1751927869.441918,2408051.8209934235
33939,1751925461.3903222,1751927802.6862612,batch_consumer-sts-0_20250707_223654_230735.csv,True,False,False,1751927869.441918,2408051.595687866
33949,1751925461.3905282,1751927802.7072449,batch_consumer-sts-0_20250707_223654_230735.csv,True,False,False,1751927869.441918,2408051.389694214
33959,1751925461.3907328,1751927802.7279804,batch_consumer-sts-0_20250707_223654_230735.csv,True,False,False,1751927869.441918,2408051.185131073
33969,1751925461.3909657,1751927802.748814,batch_consumer-sts-0_20250707_223654_230735.csv,True,False,False,1751927869.441918,2408050.952196121
33979,1751925461.3911817,1751927802.769462,batch_consumer-sts-0_20250707_223654_230735.csv,True,False,False,1751927869.441918,2408050.7361888885
33989,1751925461.391403,1751927802.7900434,batch_consumer-sts-0_20250707_223654_230735.csv,True,False,False,1751927869.441918,2408050.514936447
33999,1751925461.3915844,1751927802.810766,batch_consumer-sts-0_20250707_223654_230735.csv,True,False,False,1751927869.441918,2408050.3334999084
34499,1751925461.4019303,1751927802.831442,batch_consumer-sts-0_20250707_223654_230735.csv,True,False,False,1751927869.441918,2408039.987564087
34509,1751925461.4021757,1751927803.1256368,batch_consumer-sts-0_20250707_223654_230735.csv,True,False,False,1751927869.441918,2408039.742231369
34519,1751925461.4024024,1751927803.1471958,batch_consumer-sts-0_20250707_223654_230735.csv,True,False,False,1751927869.441918,2408039.5154953003
34529,1751925461.4026308,1751927803.1692376,batch_consumer-sts-0_20250707_223654_230735.csv,True,False,False,1751927869.441918,2408039.2870903015
34539,1751925461.4028609,1751927803.1901891,batch_consumer-sts-0_20250707_223654_230735.csv,True,False,False,1751927869.441918,2408039.0570163727
34549,1751925461.4030826,1751927803.2115874,batch_consumer-sts-0_20250707_223654_230735.csv,True,False,False,1751927869.441918,2408038.835287094
34559,1751925461.4033146,1751927803.2333102,batch_consumer-sts-0_20250707_223654_230735.csv,True,False,False,1751927869.441918,2408038.6033058167
34569,1751925461.4035437,1751927803.255272,batch_consumer-sts-0_20250707_223654_230735.csv,True,False,False,1751927869.441918,2408038.374185562
34579,1751925461.4037714,1751927803.277191,batch_consumer-sts-0_20250707_223654_230735.csv,True,False,False,1751927869.441918,2408038.146495819
34589,1751925461.4039965,1751927803.298622,batch_consumer-sts-0_20250707_223654_230735.csv,True,False,False,1751927869.441918,2408037.9214286804
34599,1751925461.4042442,1751927803.3195093,batch_consumer-sts-0_20250707_223654_230735.csv,True,False,False,1751927869.441918,2408037.6737117767
34609,1751925461.4044747,1751927803.3413172,batch_consumer-sts-0_20250707_223654_230735.csv,True,False,False,1751927869.441918,2408037.4431610107
34619,1751925461.4047055,1751927803.3630812,batch_consumer-sts-0_20250707_223654_230735.csv,True,False,False,1751927869.441918,2408037.212371826
34629,1751925461.4049375,1751927803.3853452,batch_consumer-sts-0_20250707_223654_230735.csv,True,False,False,1751927869.441918,2408036.9803905487
34639,1751925461.4051695,1751927803.406643,batch_consumer-sts-0_20250707_223654_230735.csv,True,False,False,1751927869.441918,2408036.7484092712
34649,1751925461.4054098,1751927803.4283335,batch_consumer-sts-0_20250707_223654_230735.csv,True,False,False,1751927869.441918,2408036.5080833435
34659,1751925461.4056363,1751927803.4500926,batch_consumer-sts-0_20250707_223654_230735.csv,True,False,False,1751927869.441918,2408036.2815856934
34669,1751925461.405866,1751927803.47173,batch_consumer-sts-0_20250707_223654_230735.csv,True,False,False,1751927869.441918,2408036.0519886017
34679,1751925461.406109,1751927803.493472,batch_consumer-sts-0_20250707_223654_230735.csv,True,False,False,1751927869.441918,2408035.808801651
34689,1751925461.4063554,1751927803.5146632,batch_consumer-sts-0_20250707_223654_230735.csv,True,False,False,1751927869.441918,2408035.562515259
34699,1751925461.4065807,1751927803.5367143,batch_consumer-sts-0_20250707_223654_230735.csv,True,False,False,1751927869.441918,2408035.3372097015
34709,1751925461.4068186,1751927803.55855,batch_consumer-sts-0_20250707_223654_230735.csv,True,False,False,1751927869.441918,2408035.0992679596
34719,1751925461.4070537,1751927803.5811002,batch_consumer-sts-0_20250707_223654_230735.csv,True,False,False,1751927869.441918,2408034.8641872406
34729,1751925461.407282,1751927803.6024172,batch_consumer-sts-0_20250707_223654_230735.csv,True,False,False,1751927869.441918,2408034.635782242
34739,1751925461.407519,1751927803.6240172,batch_consumer-sts-0_20250707_223654_230735.csv,True,False,False,1751927869.441918,2408034.398794174
34749,1751925461.4077487,1751927804.6470976,batch_consumer-sts-0_20250707_223654_230735.csv,True,False,False,1751927869.441918,2408034.1691970825
34759,1751925461.4079804,1751927804.6698442,batch_consumer-sts-0_20250707_223654_230735.csv,True,False,False,1751927869.441918,2408033.9374542236
34769,1751925461.408206,1751927804.691877,batch_consumer-sts-0_20250707_223654_230735.csv,True,False,False,1751927869.441918,2408033.711910248
34779,1751925461.4084334,1751927804.7126486,batch_consumer-sts-0_20250707_223654_230735.csv,True,False,False,1751927869.441918,2408033.4844589233
34789,1751925461.4086528,1751927804.734214,batch_consumer-sts-0_20250707_223654_230735.csv,True,False,False,1751927869.441918,2408033.2651138306
34799,1751925461.4088795,1751927804.7556984,batch_consumer-sts-0_20250707_223654_230735.csv,True,False,False,1751927869.441918,2408033.038377762
34809,1751925461.4091127,1751927804.7773654,batch_consumer-sts-0_20250707_223654_230735.csv,True,False,False,1751927869.441918,2408032.8052043915
34819,1751925461.4093366,1751927804.798592,batch_consumer-sts-0_20250707_223654_230735.csv,True,False,False,1751927869.441918,2408032.5813293457
34829,1751925461.4095683,1751927804.819271,batch_consumer-sts-0_20250707_223654_230735.csv,True,False,False,1751927869.441918,2408032.349586487
34839,1751925461.409802,1751927804.8405678,batch_consumer-sts-0_20250707_223654_230735.csv,True,False,False,1751927869.441918,2408032.1159362793
34849,1751925461.4100254,1751927804.8625305,batch_consumer-sts-0_20250707_223654_230735.csv,True,False,False,1751927869.441918,2408031.8925380707
34859,1751925461.4102595,1751927804.8848057,batch_consumer-sts-0_20250707_223654_230735.csv,True,False,False,1751927869.441918,2408031.658411026
34869,1751925461.4104917,1751927804.9061892,batch_consumer-sts-0_20250707_223654_230735.csv,True,False,False,1751927869.441918,2408031.42619133
34879,1751925461.4107163,1751927804.9276752,batch_consumer-sts-0_20250707_223654_230735.csv,True,False,False,1751927869.441918,2408031.2016010284
34889,1751925461.4109418,1751927804.9503753,batch_consumer-sts-0_20250707_223654_230735.csv,True,False,False,1751927869.441918,2408030.9760570526
34899,1751925461.4111674,1751927804.9718237,batch_consumer-sts-0_20250707_223654_230735.csv,True,False,False,1751927869.441918,2408030.750513077
34909,1751925461.4113932,1751927804.9932995,batch_consumer-sts-0_20250707_223654_230735.csv,True,False,False,1751927869.441918,2408030.5247306824
34919,1751925461.4115906,1751927805.0142016,batch_consumer-sts-0_20250707_223654_230735.csv,True,False,False,1751927869.441918,2408030.327320099
34929,1751925461.4117713,1751927805.0358436,batch_consumer-sts-0_20250707_223654_230735.csv,True,False,False,1751927869.441918,2408030.146598816
44749,1751925461.6243055,1751927805.0580487,batch_consumer-sts-0_20250707_223654_230735.csv,True,False,False,1751927869.441918,2407817.6124095917
44759,1751925461.624576,1751927805.0802689,batch_consumer-sts-0_20250707_223654_230735.csv,True,False,False,1751927869.441918,2407817.3418045044
44769,1751925461.624809,1751927805.101564,batch_consumer-sts-0_20250707_223654_230735.csv,True,False,False,1751927869.441918,2407817.1088695526
44779,1751925461.6250458,1751927805.1239712,batch_consumer-sts-0_20250707_223654_230735.csv,True,False,False,1751927869.441918,2407816.8721199036
44789,1751925461.6252854,1751927805.146026,batch_consumer-sts-0_20250707_223654_230735.csv,True,False,False,1751927869.441918,2407816.6325092316
44799,1751925461.6255355,1751927805.1682842,batch_consumer-sts-0_20250707_223654_230735.csv,True,False,False,1751927869.441918,2407816.382408142
44809,1751925461.6257722,1751927805.1904442,batch_consumer-sts-0_20250707_223654_230735.csv,True,False,False,1751927869.441918,2407816.145658493
44819,1751925461.6260142,1751927805.2117846,batch_consumer-sts-0_20250707_223654_230735.csv,True,False,False,1751927869.441918,2407815.9036636353
44829,1751925461.6262484,1751927805.2338543,batch_consumer-sts-0_20250707_223654_230735.csv,True,False,False,1751927869.441918,2407815.6695365906
44839,1751925461.6264834,1751927805.2562983,batch_consumer-sts-0_20250707_223654_230735.csv,True,False,False,1751927869.441918,2407815.4344558716
44849,1751925461.6267097,1751927805.277154,batch_consumer-sts-0_20250707_223654_230735.csv,True,False,False,1751927869.441918,2407815.20819664
44859,1751925461.6269283,1751927805.298937,batch_consumer-sts-0_20250707_223654_230735.csv,True,False,False,1751927869.441918,2407814.989566803
44869,1751925461.6271513,1751927805.32232,batch_consumer-sts-0_20250707_223654_230735.csv,True,False,False,1751927869.441918,2407814.7666454315
44879,1751925461.627389,1751927805.3436203,batch_consumer-sts-0_20250707_223654_230735.csv,True,False,False,1751927869.441918,2407814.528942108
44889,1751925461.627621,1751927805.365732,batch_consumer-sts-0_20250707_223654_230735.csv,True,False,False,1751927869.441918,2407814.2969608307
44899,1751925461.62785,1751927805.3882337,batch_consumer-sts-0_20250707_223654_230735.csv,True,False,False,1751927869.441918,2407814.067840576
44909,1751925461.628077,1751927805.4096386,batch_consumer-sts-0_20250707_223654_230735.csv,True,False,False,1751927869.441918,2407813.840866089
44919,1751925461.6283066,1751927805.4321823,batch_consumer-sts-0_20250707_223654_230735.csv,True,False,False,1751927869.441918,2407813.611268997
44929,1751925461.6285365,1751927805.454789,batch_consumer-sts-0_20250707_223654_230735.csv,True,False,False,1751927869.441918,2407813.381433487
44939,1751925461.6287668,1751927805.4769812,batch_consumer-sts-0_20250707_223654_230735.csv,True,False,False,1751927869.441918,2407813.1511211395
44949,1751925461.6289933,1751927805.4993234,batch_consumer-sts-0_20250707_223654_230735.csv,True,False,False,1751927869.441918,2407812.9246234894
44959,1751925461.629228,1751927805.5211728,batch_consumer-sts-0_20250707_223654_230735.csv,True,False,False,1751927869.441918,2407812.689781189
44969,1751925461.629454,1751927805.542622,batch_consumer-sts-0_20250707_223654_230735.csv,True,False,False,1751927869.441918,2407812.4639987946
44979,1751925461.629681,1751927805.5650642,batch_consumer-sts-0_20250707_223654_230735.csv,True,False,False,1751927869.441918,2407812.2367858887
44989,1751925461.6299074,1751927805.5864782,batch_consumer-sts-0_20250707_223654_230735.csv,True,False,False,1751927869.441918,2407812.010526657
44999,1751925461.6301365,1751927805.6083958,batch_consumer-sts-0_20250707_223654_230735.csv,True,False,False,1751927869.441918,2407811.7814064026
45009,1751925461.6303866,1751927805.6308138,batch_consumer-sts-0_20250707_223654_230735.csv,True,False,False,1751927869.441918,2407811.531305313
45019,1751925461.6306102,1751927805.652989,batch_consumer-sts-0_20250707_223654_230735.csv,True,False,False,1751927869.441918,2407811.307668686
45029,1751925461.630834,1751927805.675228,batch_consumer-sts-0_20250707_223654_230735.csv,True,False,False,1751927869.441918,2407811.08379364
45039,1751925461.6310706,1751927805.699832,batch_consumer-sts-0_20250707_223654_230735.csv,True,False,False,1751927869.441918,2407810.8472824097
45049,1751925461.631306,1751927805.72192,batch_consumer-sts-0_20250707_223654_230735.csv,True,False,False,1751927869.441918,2407810.611963272
45059,1751925461.6315303,1751927805.765777,batch_consumer-sts-0_20250707_223654_230735.csv,True,False,False,1751927869.441918,2407810.387611389
45069,1751925461.6317654,1751927805.788003,batch_consumer-sts-0_20250707_223654_230735.csv,True,False,False,1751927869.441918,2407810.15253067
45079,1751925461.6319964,1751927805.8094974,batch_consumer-sts-0_20250707_223654_230735.csv,True,False,False,1751927869.441918,2407809.921503067
45089,1751925461.6322246,1751927805.8316493,batch_consumer-sts-0_20250707_223654_230735.csv,True,False,False,1751927869.441918,2407809.693336487
45099,1751925461.632453,1751927805.8584366,batch_consumer-sts-0_20250707_223654_230735.csv,True,False,False,1751927869.441918,2407809.464931488
45109,1751925461.632683,1751927805.880519,batch_consumer-sts-0_20250707_223654_230735.csv,True,False,False,1751927869.441918,2407809.234857559
45119,1751925461.6329198,1751927805.9027934,batch_consumer-sts-0_20250707_223654_230735.csv,True,False,False,1751927869.441918,2407808.99810791
45129,1751925461.6331522,1751927806.1889596,batch_consumer-sts-0_20250707_223654_230735.csv,True,False,False,1751927869.441918,2407808.7656497955
45139,1751925461.6333842,1751927806.2104013,batch_consumer-sts-0_20250707_223654_230735.csv,True,False,False,1751927869.441918,2407808.533668518
45149,1751925461.6336193,1751927806.232715,batch_consumer-sts-0_20250707_223654_230735.csv,True,False,False,1751927869.441918,2407808.298587799
45159,1751925461.633852,1751927806.254811,batch_consumer-sts-0_20250707_223654_230735.csv,True,False,False,1751927869.441918,2407808.065891266
45169,1751925461.6340816,1751927806.2767563,batch_consumer-sts-0_20250707_223654_230735.csv,True,False,False,1751927869.441918,2407807.836294174
46059,1751925461.654505,1751927806.298758,batch_consumer-sts-0_20250707_223654_230735.csv,True,False,False,1751927869.441918,2407787.412881851
46069,1751925461.6547306,1751927806.3202677,batch_consumer-sts-0_20250707_223654_230735.csv,True,False,False,1751927869.441918,2407787.1873378754
46079,1751925461.654956,1751927806.3415277,batch_consumer-sts-0_20250707_223654_230735.csv,True,False,False,1751927869.441918,2407786.9617938995
46089,1751925461.655203,1751927806.3638897,batch_consumer-sts-0_20250707_223654_230735.csv,True,False,False,1751927869.441918,2407786.7147922516
46099,1751925461.6554267,1751927806.3864112,batch_consumer-sts-0_20250707_223654_230735.csv,True,False,False,1751927869.441918,2407786.4911556244
46109,1751925461.6556623,1751927806.408243,batch_consumer-sts-0_20250707_223654_230735.csv,True,False,False,1751927869.441918,2407786.2555980682
46119,1751925461.6558874,1751927806.430593,batch_consumer-sts-0_20250707_223654_230735.csv,True,False,False,1751927869.441918,2407786.0305309296
46129,1751925461.656113,1751927806.4527488,batch_consumer-sts-0_20250707_223654_230735.csv,True,False,False,1751927869.441918,2407785.8049869537
46139,1751925461.6563327,1751927806.4750254,batch_consumer-sts-0_20250707_223654_230735.csv,True,False,False,1751927869.441918,2407785.585165024
46149,1751925461.6565597,1751927806.4971328,batch_consumer-sts-0_20250707_223654_230735.csv,True,False,False,1751927869.441918,2407785.3581905365
46159,1751925461.6567855,1751927806.5182178,batch_consumer-sts-0_20250707_223654_230735.csv,True,False,False,1751927869.441918,2407785.132408142
46169,1751925461.657019,1751927806.5404084,batch_consumer-sts-0_20250707_223654_230735.csv,True,False,False,1751927869.441918,2407784.898996353
46179,1751925461.6572382,1751927806.5627131,batch_consumer-sts-0_20250707_223654_230735.csv,True,False,False,1751927869.441918,2407784.6796512604
46189,1751925461.6574686,1751927806.586571,batch_consumer-sts-0_20250707_223654_230735.csv,True,False,False,1751927869.441918,2407784.449338913
46199,1751925461.6576974,1751927806.6079838,batch_consumer-sts-0_20250707_223654_230735.csv,True,False,False,1751927869.441918,2407784.220457077
46209,1751925461.657922,1751927806.6297183,batch_consumer-sts-0_20250707_223654_230735.csv,True,False,False,1751927869.441918,2407783.9958667755
46219,1751925461.6581511,1751927806.6524343,batch_consumer-sts-0_20250707_223654_230735.csv,True,False,False,1751927869.441918,2407783.766746521
46229,1751925461.6583867,1751927807.2219026,batch_consumer-sts-0_20250707_223654_230735.csv,True,False,False,1751927869.441918,2407783.531188965
46239,1751925461.6586173,1751927807.2445216,batch_consumer-sts-0_20250707_223654_230735.csv,True,False,False,1751927869.441918,2407783.300638199
46249,1751925461.6588457,1751927807.266635,batch_consumer-sts-0_20250707_223654_230735.csv,True,False,False,1751927869.441918,2407783.0722332
46259,1751925461.6590734,1751927807.2887585,batch_consumer-sts-0_20250707_223654_230735.csv,True,False,False,1751927869.441918,2407782.844543457
46269,1751925461.6592991,1751927807.310298,batch_consumer-sts-0_20250707_223654_230735.csv,True,False,False,1751927869.441918,2407782.6187610626
46279,1751925461.6595356,1751927807.3320858,batch_consumer-sts-0_20250707_223654_230735.csv,True,False,False,1751927869.441918,2407782.382249832
46289,1751925461.6597583,1751927807.3542967,batch_consumer-sts-0_20250707_223654_230735.csv,True,False,False,1751927869.441918,2407782.1595668793
46299,1751925461.6599789,1751927807.3766513,batch_consumer-sts-0_20250707_223654_230735.csv,True,False,False,1751927869.441918,2407781.9390296936
46309,1751925461.6602118,1751927807.39858,batch_consumer-sts-0_20250707_223654_230735.csv,True,False,False,1751927869.441918,2407781.706094742
46319,1751925461.660442,1751927807.4294658,batch_consumer-sts-0_20250707_223654_230735.csv,True,False,False,1751927869.441918,2407781.4757823944
46329,1751925461.6606777,1751927807.4516213,batch_consumer-sts-0_20250707_223654_230735.csv,True,False,False,1751927869.441918,2407781.2402248383
46339,1751925461.6609054,1751927807.4735298,batch_consumer-sts-0_20250707_223654_230735.csv,True,False,False,1751927869.441918,2407781.012535095
46349,1751925461.6611326,1751927807.4957132,batch_consumer-sts-0_20250707_223654_230735.csv,True,False,False,1751927869.441918,2407780.7853221893
46359,1751925461.6613617,1751927807.5170565,batch_consumer-sts-0_20250707_223654_230735.csv,True,False,False,1751927869.441918,2407780.556201935
46369,1751925461.6615937,1751927807.5393295,batch_consumer-sts-0_20250707_223654_230735.csv,True,False,False,1751927869.441918,2407780.3242206573
46379,1751925461.6618278,1751927807.5614595,batch_consumer-sts-0_20250707_223654_230735.csv,True,False,False,1751927869.441918,2407780.0900936127
46389,1751925461.662059,1751927807.5835235,batch_consumer-sts-0_20250707_223654_230735.csv,True,False,False,1751927869.441918,2407779.858827591
46399,1751925461.6622956,1751927807.60507,batch_consumer-sts-0_20250707_223654_230735.csv,True,False,False,1751927869.441918,2407779.6223163605
46409,1751925461.662523,1751927807.6271384,batch_consumer-sts-0_20250707_223654_230735.csv,True,False,False,1751927869.441918,2407779.394865036
46419,1751925461.6627538,1751927807.649372,batch_consumer-sts-0_20250707_223654_230735.csv,True,False,False,1751927869.441918,2407779.1640758514
46429,1751925461.662979,1751927807.672121,batch_consumer-sts-0_20250707_223654_230735.csv,True,False,False,1751927869.441918,2407778.939008713
46439,1751925461.6632264,1751927807.6946118,batch_consumer-sts-0_20250707_223654_230735.csv,True,False,False,1751927869.441918,2407778.6915302277
46449,1751925461.6634605,1751927807.7158935,batch_consumer-sts-0_20250707_223654_230735.csv,True,False,False,1751927869.441918,2407778.457403183
46459,1751925461.6636877,1751927807.738091,batch_consumer-sts-0_20250707_223654_230735.csv,True,False,False,1751927869.441918,2407778.230190277
46469,1751925461.6639123,1751927807.7601788,batch_consumer-sts-0_20250707_223654_230735.csv,True,False,False,1751927869.441918,2407778.0055999756
46479,1751925461.6641405,1751927807.782118,batch_consumer-sts-0_20250707_223654_230735.csv,True,False,False,1751927869.441918,2407777.7774333954
46489,1751925461.6643682,1751927807.8032055,batch_consumer-sts-0_20250707_223654_230735.csv,True,False,False,1751927869.441918,2407777.5497436523
49619,1751925461.7353072,1751927807.8247168,batch_consumer-sts-0_20250707_223654_230735.csv,True,False,False,1751927869.441918,2407706.6106796265
49629,1751925461.7355423,1751927807.846366,batch_consumer-sts-0_20250707_223654_230735.csv,True,False,False,1751927869.441918,2407706.3755989075
49639,1751925461.735769,1751927807.8683753,batch_consumer-sts-0_20250707_223654_230735.csv,True,False,False,1751927869.441918,2407706.1488628387
49649,1751925461.736004,1751927807.8903975,batch_consumer-sts-0_20250707_223654_230735.csv,True,False,False,1751927869.441918,2407705.9137821198
49659,1751925461.7362342,1751927807.911801,batch_consumer-sts-0_20250707_223654_230735.csv,True,False,False,1751927869.441918,2407705.683708191
49669,1751925461.736472,1751927807.9338803,batch_consumer-sts-0_20250707_223654_230735.csv,True,False,False,1751927869.441918,2407705.4460048676
49679,1751925461.736704,1751927808.2008998,batch_consumer-sts-0_20250707_223654_230735.csv,True,False,False,1751927869.441918,2407705.2137851715
49689,1751925461.7369332,1751927808.2234488,batch_consumer-sts-0_20250707_223654_230735.csv,True,False,False,1751927869.441918,2407704.984664917
49699,1751925461.737159,1751927808.2461429,batch_consumer-sts-0_20250707_223654_230735.csv,True,False,False,1751927869.441918,2407704.7588825226
49709,1751925461.7373905,1751927808.268587,batch_consumer-sts-0_20250707_223654_230735.csv,True,False,False,1751927869.441918,2407704.5273780823
49719,1751925461.7376268,1751927808.2903895,batch_consumer-sts-0_20250707_223654_230735.csv,True,False,False,1751927869.441918,2407704.2911052704
49729,1751925461.7378576,1751927808.312142,batch_consumer-sts-0_20250707_223654_230735.csv,True,False,False,1751927869.441918,2407704.060316086
49739,1751925461.7380838,1751927808.3340812,batch_consumer-sts-0_20250707_223654_230735.csv,True,False,False,1751927869.441918,2407703.8340568542
49749,1751925461.7383294,1751927808.3595417,batch_consumer-sts-0_20250707_223654_230735.csv,True,False,False,1751927869.441918,2407703.588485718
49759,1751925461.738558,1751927808.3814497,batch_consumer-sts-0_20250707_223654_230735.csv,True,False,False,1751927869.441918,2407703.3598423004
49769,1751925461.7387805,1751927808.4029677,batch_consumer-sts-0_20250707_223654_230735.csv,True,False,False,1751927869.441918,2407703.137397766
49779,1751925461.7390134,1751927808.425075,batch_consumer-sts-0_20250707_223654_230735.csv,True,False,False,1751927869.441918,2407702.9044628143
49789,1751925461.7392354,1751927808.4473984,batch_consumer-sts-0_20250707_223654_230735.csv,True,False,False,1751927869.441918,2407702.682495117
49799,1751925461.739454,1751927808.4692478,batch_consumer-sts-0_20250707_223654_230735.csv,True,False,False,1751927869.441918,2407702.46386528
49809,1751925461.739676,1751927808.491208,batch_consumer-sts-0_20250707_223654_230735.csv,True,False,False,1751927869.441918,2407702.241897583
49819,1751925461.7399056,1751927808.5134797,batch_consumer-sts-0_20250707_223654_230735.csv,True,False,False,1751927869.441918,2407702.0123004913
49829,1751925461.740131,1751927808.5357745,batch_consumer-sts-0_20250707_223654_230735.csv,True,False,False,1751927869.441918,2407701.786994934
49839,1751925461.7403538,1751927808.5581615,batch_consumer-sts-0_20250707_223654_230735.csv,True,False,False,1751927869.441918,2407701.5640735626
49849,1751925461.7405796,1751927808.5815651,batch_consumer-sts-0_20250707_223654_230735.csv,True,False,False,1751927869.441918,2407701.338291168
49859,1751925461.7408063,1751927808.6032245,batch_consumer-sts-0_20250707_223654_230735.csv,True,False,False,1751927869.441918,2407701.1115550995
49869,1751925461.7410388,1751927808.6291397,batch_consumer-sts-0_20250707_223654_230735.csv,True,False,False,1751927869.441918,2407700.879096985
49879,1751925461.7412667,1751927808.650244,batch_consumer-sts-0_20250707_223654_230735.csv,True,False,False,1751927869.441918,2407700.6511688232
49889,1751925461.7414975,1751927808.6724615,batch_consumer-sts-0_20250707_223654_230735.csv,True,False,False,1751927869.441918,2407700.4203796387
49899,1751925461.741817,1751927808.6950288,batch_consumer-sts-0_20250707_223654_230735.csv,True,False,False,1751927869.441918,2407700.1008987427
49909,1751925461.7420638,1751927808.7167425,batch_consumer-sts-0_20250707_223654_230735.csv,True,False,False,1751927869.441918,2407699.8541355133
49919,1751925461.7423038,1751927808.739004,batch_consumer-sts-0_20250707_223654_230735.csv,True,False,False,1751927869.441918,2407699.614048004
49929,1751925461.7425373,1751927808.7615962,batch_consumer-sts-0_20250707_223654_230735.csv,True,False,False,1751927869.441918,2407699.380636215
49939,1751925461.7427642,1751927808.78399,batch_consumer-sts-0_20250707_223654_230735.csv,True,False,False,1751927869.441918,2407699.153661728
49949,1751925461.7430031,1751927808.8052716,batch_consumer-sts-0_20250707_223654_230735.csv,True,False,False,1751927869.441918,2407698.9147663116
49959,1751925461.7432368,1751927809.829444,batch_consumer-sts-0_20250707_223654_230735.csv,True,False,False,1751927869.441918,2407698.681116104
49969,1751925461.743472,1751927809.851567,batch_consumer-sts-0_20250707_223654_230735.csv,True,False,False,1751927869.441918,2407698.4457969666
49979,1751925461.7437088,1751927809.8735416,batch_consumer-sts-0_20250707_223654_230735.csv,True,False,False,1751927869.441918,2407698.2090473175
49989,1751925461.7439394,1751927809.8967254,batch_consumer-sts-0_20250707_223654_230735.csv,True,False,False,1751927869.441918,2407697.9784965515
49999,1751925461.7441714,1751927809.917798,batch_consumer-sts-0_20250707_223654_230735.csv,True,False,False,1751927869.441918,2407697.746515274
50009,1751925461.7444017,1751927809.9394617,batch_consumer-sts-0_20250707_223654_230735.csv,True,False,False,1751927869.441918,2407697.5162029266
50019,1751925461.744635,1751927809.9609756,batch_consumer-sts-0_20250707_223654_230735.csv,True,False,False,1751927869.441918,2407697.2827911377
50029,1751925461.744863,1751927809.9827647,batch_consumer-sts-0_20250707_223654_230735.csv,True,False,False,1751927869.441918,2407697.054862976
50039,1751925461.7450955,1751927810.004311,batch_consumer-sts-0_20250707_223654_230735.csv,True,False,False,1751927869.441918,2407696.8224048615
50049,1751925461.745321,1751927810.026307,batch_consumer-sts-0_20250707_223654_230735.csv,True,False,False,1751927869.441918,2407696.5968608856
50059,1751925461.7455585,1751927810.047932,batch_consumer-sts-0_20250707_223654_230735.csv,True,False,False,1751927869.441918,2407696.359395981
50069,1751925461.7457998,1751927810.0697656,batch_consumer-sts-0_20250707_223654_230735.csv,True,False,False,1751927869.441918,2407696.118116379
50079,1751925461.746025,1751927810.0919044,batch_consumer-sts-0_20250707_223654_230735.csv,True,False,False,1751927869.441918,2407695.8928108215
50089,1751925461.746263,1751927810.1135392,batch_consumer-sts-0_20250707_223654_230735.csv,True,False,False,1751927869.441918,2407695.6548690796
50099,1751925461.7464962,1751927810.1361847,batch_consumer-sts-0_20250707_223654_230735.csv,True,False,False,1751927869.441918,2407695.421695709
50109,1751925461.7467282,1751927810.158493,batch_consumer-sts-0_20250707_223654_230735.csv,True,False,False,1751927869.441918,2407695.1897144318
50119,1751925461.74696,1751927810.1804652,batch_consumer-sts-0_20250707_223654_230735.csv,True,False,False,1751927869.441918,2407694.957971573
50129,1751925461.747189,1751927810.202706,batch_consumer-sts-0_20250707_223654_230735.csv,True,False,False,1751927869.441918,2407694.7288513184
50139,1751925461.7474165,1751927810.2248385,batch_consumer-sts-0_20250707_223654_230735.csv,True,False,False,1751927869.441918,2407694.501399994
50149,1751925461.7476518,1751927810.2473311,batch_consumer-sts-0_20250707_223654_230735.csv,True,False,False,1751927869.441918,2407694.2660808563
50159,1751925461.7478766,1751927810.269513,batch_consumer-sts-0_20250707_223654_230735.csv,True,False,False,1751927869.441918,2407694.041252136
50169,1751925461.748113,1751927810.292606,batch_consumer-sts-0_20250707_223654_230735.csv,True,False,False,1751927869.441918,2407693.8049793243
50179,1751925461.748343,1751927810.314233,batch_consumer-sts-0_20250707_223654_230735.csv,True,False,False,1751927869.441918,2407693.5749053955
50189,1751925461.74858,1751927810.336548,batch_consumer-sts-0_20250707_223654_230735.csv,True,False,False,1751927869.441918,2407693.337917328
50199,1751925461.748806,1751927810.3587637,batch_consumer-sts-0_20250707_223654_230735.csv,True,False,False,1751927869.441918,2407693.111896515
50209,1751925461.7490463,1751927810.3812032,batch_consumer-sts-0_20250707_223654_230735.csv,True,False,False,1751927869.441918,2407692.871570587
50219,1751925461.7492774,1751927810.4018855,batch_consumer-sts-0_20250707_223654_230735.csv,True,False,False,1751927869.441918,2407692.640542984
50229,1751925461.749511,1751927810.4242983,batch_consumer-sts-0_20250707_223654_230735.csv,True,False,False,1751927869.441918,2407692.4068927765
50239,1751925461.7497363,1751927810.4478347,batch_consumer-sts-0_20250707_223654_230735.csv,True,False,False,1751927869.441918,2407692.1815872192
50249,1751925461.749967,1751927810.4715009,batch_consumer-sts-0_20250707_223654_230735.csv,True,False,False,1751927869.441918,2407691.9507980347
50259,1751925461.7502096,1751927810.4940672,batch_consumer-sts-0_20250707_223654_230735.csv,True,False,False,1751927869.441918,2407691.7083263397
50269,1751925461.750444,1751927810.5154994,batch_consumer-sts-0_20250707_223654_230735.csv,True,False,False,1751927869.441918,2407691.4739608765
50279,1751925461.7506776,1751927810.537266,batch_consumer-sts-0_20250707_223654_230735.csv,True,False,False,1751927869.441918,2407691.240310669
50289,1751925461.7509036,1751927810.5589044,batch_consumer-sts-0_20250707_223654_230735.csv,True,False,False,1751927869.441918,2407691.014289856
50299,1751925461.7511337,1751927810.5807164,batch_consumer-sts-0_20250707_223654_230735.csv,True,False,False,1751927869.441918,2407690.784215927
50309,1751925461.751364,1751927810.6022837,batch_consumer-sts-0_20250707_223654_230735.csv,True,False,False,1751927869.441918,2407690.5539035797
50319,1751925461.751592,1751927810.6239817,batch_consumer-sts-0_20250707_223654_230735.csv,True,False,False,1751927869.441918,2407690.325975418
50329,1751925461.751829,1751927810.6457,batch_consumer-sts-0_20250707_223654_230735.csv,True,False,False,1751927869.441918,2407690.0889873505
50339,1751925461.7520616,1751927810.667556,batch_consumer-sts-0_20250707_223654_230735.csv,True,False,False,1751927869.441918,2407689.8562908173
50349,1751925461.7522988,1751927810.6894474,batch_consumer-sts-0_20250707_223654_230735.csv,True,False,False,1751927869.441918,2407689.619064331
50359,1751925461.7525313,1751927810.710974,batch_consumer-sts-0_20250707_223654_230735.csv,True,False,False,1751927869.441918,2407689.3866062164
50369,1751925461.752766,1751927810.7325828,batch_consumer-sts-0_20250707_223654_230735.csv,True,False,False,1751927869.441918,2407689.1520023346
50379,1751925461.7529974,1751927810.7546556,batch_consumer-sts-0_20250707_223654_230735.csv,True,False,False,1751927869.441918,2407688.9204978943
50389,1751925461.7532244,1751927810.7763767,batch_consumer-sts-0_20250707_223654_230735.csv,True,False,False,1751927869.441918,2407688.693523407
50399,1751925461.753463,1751927810.7980964,batch_consumer-sts-0_20250707_223654_230735.csv,True,False,False,1751927869.441918,2407688.4548664093
50409,1751925461.7536943,1751927810.8191462,batch_consumer-sts-0_20250707_223654_230735.csv,True,False,False,1751927869.441918,2407688.2236003876
50419,1751925461.7539282,1751927810.840222,batch_consumer-sts-0_20250707_223654_230735.csv,True,False,False,1751927869.441918,2407687.9897117615
50429,1751925461.7541704,1751927810.8620615,batch_consumer-sts-0_20250707_223654_230735.csv,True,False,False,1751927869.441918,2407687.747478485
50439,1751925461.7544072,1751927810.883283,batch_consumer-sts-0_20250707_223654_230735.csv,True,False,False,1751927869.441918,2407687.510728836
50449,1751925461.754633,1751927810.9045312,batch_consumer-sts-0_20250707_223654_230735.csv,True,False,False,1751927869.441918,2407687.2849464417
50459,1751925461.7548623,1751927810.9267063,batch_consumer-sts-0_20250707_223654_230735.csv,True,False,False,1751927869.441918,2407687.0555877686
50469,1751925461.7550917,1751927810.9489577,batch_consumer-sts-0_20250707_223654_230735.csv,True,False,False,1751927869.441918,2407686.8262290955
52249,1751925461.7959013,1751927810.9713252,batch_consumer-sts-0_20250707_223654_230735.csv,True,False,False,1751927869.441918,2407646.016597748
52259,1751925461.796135,1751927810.9934115,batch_consumer-sts-0_20250707_223654_230735.csv,True,False,False,1751927869.441918,2407645.7829475403
52269,1751925461.796367,1751927811.0147054,batch_consumer-sts-0_20250707_223654_230735.csv,True,False,False,1751927869.441918,2407645.550966263
52279,1751925461.7965949,1751927811.2136424,batch_consumer-sts-0_20250707_223654_230735.csv,True,False,False,1751927869.441918,2407645.323038101
52289,1751925461.7968163,1751927811.2360566,batch_consumer-sts-0_20250707_223654_230735.csv,True,False,False,1751927869.441918,2407645.101547241
52299,1751925461.7970452,1751927811.2580538,batch_consumer-sts-0_20250707_223654_230735.csv,True,False,False,1751927869.441918,2407644.8726654053
52309,1751925461.7972715,1751927811.28428,batch_consumer-sts-0_20250707_223654_230735.csv,True,False,False,1751927869.441918,2407644.6464061737
52319,1751925461.7974992,1751927811.3060114,batch_consumer-sts-0_20250707_223654_230735.csv,True,False,False,1751927869.441918,2407644.4187164307
52329,1751925461.7977283,1751927811.3281834,batch_consumer-sts-0_20250707_223654_230735.csv,True,False,False,1751927869.441918,2407644.189596176
52339,1751925461.797962,1751927811.350411,batch_consumer-sts-0_20250707_223654_230735.csv,True,False,False,1751927869.441918,2407643.9559459686
52349,1751925461.7981973,1751927811.3731928,batch_consumer-sts-0_20250707_223654_230735.csv,True,False,False,1751927869.441918,2407643.720626831
52359,1751925461.798424,1751927811.3953772,batch_consumer-sts-0_20250707_223654_230735.csv,True,False,False,1751927869.441918,2407643.4938907623
52369,1751925461.7986565,1751927811.4169972,batch_consumer-sts-0_20250707_223654_230735.csv,True,False,False,1751927869.441918,2407643.2614326477
52379,1751925461.7988782,1751927811.4396284,batch_consumer-sts-0_20250707_223654_230735.csv,True,False,False,1751927869.441918,2407643.039703369
52389,1751925461.7991145,1751927811.478784,batch_consumer-sts-0_20250707_223654_230735.csv,True,False,False,1751927869.441918,2407642.8034305573
52399,1751925461.799353,1751927811.500427,batch_consumer-sts-0_20250707_223654_230735.csv,True,False,False,1751927869.441918,2407642.565011978
52409,1751925461.799587,1751927811.5263257,batch_consumer-sts-0_20250707_223654_230735.csv,True,False,False,1751927869.441918,2407642.3308849335
52419,1751925461.799817,1751927811.548205,batch_consumer-sts-0_20250707_223654_230735.csv,True,False,False,1751927869.441918,2407642.1008110046
52429,1751925461.8000412,1751927811.569342,batch_consumer-sts-0_20250707_223654_230735.csv,True,False,False,1751927869.441918,2407641.8766975403
52439,1751925461.800268,1751927811.591042,batch_consumer-sts-0_20250707_223654_230735.csv,True,False,False,1751927869.441918,2407641.6499614716
52449,1751925461.8004932,1751927811.6123457,batch_consumer-sts-0_20250707_223654_230735.csv,True,False,False,1751927869.441918,2407641.4246559143
52459,1751925461.800721,1751927811.6341772,batch_consumer-sts-0_20250707_223654_230735.csv,True,False,False,1751927869.441918,2407641.1969661713
52469,1751925461.800956,1751927811.656315,batch_consumer-sts-0_20250707_223654_230735.csv,True,False,False,1751927869.441918,2407640.9618854523
52479,1751925461.8011837,1751927811.6783423,batch_consumer-sts-0_20250707_223654_230735.csv,True,False,False,1751927869.441918,2407640.734195709
52489,1751925461.801408,1751927811.6999073,batch_consumer-sts-0_20250707_223654_230735.csv,True,False,False,1751927869.441918,2407640.5098438263
52499,1751925461.8016343,1751927811.7218754,batch_consumer-sts-0_20250707_223654_230735.csv,True,False,False,1751927869.441918,2407640.2835845947
52509,1751925461.8018634,1751927811.74465,batch_consumer-sts-0_20250707_223654_230735.csv,True,False,False,1751927869.441918,2407640.05446434
52519,1751925461.802094,1751927811.769388,batch_consumer-sts-0_20250707_223654_230735.csv,True,False,False,1751927869.441918,2407639.823913574
52529,1751925461.8023355,1751927812.1704855,batch_consumer-sts-0_20250707_223654_230735.csv,True,False,False,1751927869.441918,2407639.5823955536
52539,1751925461.8025637,1751927812.1941516,batch_consumer-sts-0_20250707_223654_230735.csv,True,False,False,1751927869.441918,2407639.3542289734
52549,1751925461.8027878,1751927812.215282,batch_consumer-sts-0_20250707_223654_230735.csv,True,False,False,1751927869.441918,2407639.130115509
52559,1751925461.803021,1751927812.23741,batch_consumer-sts-0_20250707_223654_230735.csv,True,False,False,1751927869.441918,2407638.8969421387
52569,1751925461.803251,1751927812.259321,batch_consumer-sts-0_20250707_223654_230735.csv,True,False,False,1751927869.441918,2407638.66686821
52579,1751925461.8034782,1751927812.281431,batch_consumer-sts-0_20250707_223654_230735.csv,True,False,False,1751927869.441918,2407638.439655304
52589,1751925461.8037045,1751927812.3033974,batch_consumer-sts-0_20250707_223654_230735.csv,True,False,False,1751927869.441918,2407638.2133960724
52599,1751925461.8039322,1751927812.324293,batch_consumer-sts-0_20250707_223654_230735.csv,True,False,False,1751927869.441918,2407637.9857063293
52609,1751925461.8041582,1751927812.3465335,batch_consumer-sts-0_20250707_223654_230735.csv,True,False,False,1751927869.441918,2407637.7596855164
52619,1751925461.804387,1751927812.368864,batch_consumer-sts-0_20250707_223654_230735.csv,True,False,False,1751927869.441918,2407637.5308036804
52629,1751925461.8046768,1751927812.391287,batch_consumer-sts-0_20250707_223654_230735.csv,True,False,False,1751927869.441918,2407637.241125107
52639,1751925461.8049088,1751927812.4130754,batch_consumer-sts-0_20250707_223654_230735.csv,True,False,False,1751927869.441918,2407637.0091438293
52649,1751925461.8051524,1751927812.4355474,batch_consumer-sts-0_20250707_223654_230735.csv,True,False,False,1751927869.441918,2407636.7654800415
52659,1751925461.80538,1751927812.4575126,batch_consumer-sts-0_20250707_223654_230735.csv,True,False,False,1751927869.441918,2407636.5377902985
52669,1751925461.805611,1751927812.4803193,batch_consumer-sts-0_20250707_223654_230735.csv,True,False,False,1751927869.441918,2407636.307001114
54859,1751925461.856413,1751927812.5027764,batch_consumer-sts-0_20250707_223654_230735.csv,True,False,False,1751927869.441918,2407585.5050086975
54869,1751925461.8566444,1751927812.5251725,batch_consumer-sts-0_20250707_223654_230735.csv,True,False,False,1751927869.441918,2407585.273504257
54879,1751925461.856876,1751927812.5474534,batch_consumer-sts-0_20250707_223654_230735.csv,True,False,False,1751927869.441918,2407585.041999817
54889,1751925461.8571007,1751927812.5701382,batch_consumer-sts-0_20250707_223654_230735.csv,True,False,False,1751927869.441918,2407584.817171097
54899,1751925461.857324,1751927812.592709,batch_consumer-sts-0_20250707_223654_230735.csv,True,False,False,1751927869.441918,2407584.5940113068
54909,1751925461.8575356,1751927812.6143312,batch_consumer-sts-0_20250707_223654_230735.csv,True,False,False,1751927869.441918,2407584.3822956085
54919,1751925461.8577185,1751927812.6362891,batch_consumer-sts-0_20250707_223654_230735.csv,True,False,False,1751927869.441918,2407584.1994285583
54929,1751925461.8579016,1751927812.6584923,batch_consumer-sts-0_20250707_223654_230735.csv,True,False,False,1751927869.441918,2407584.0163230896
54939,1751925461.8581018,1751927812.6804483,batch_consumer-sts-0_20250707_223654_230735.csv,True,False,False,1751927869.441918,2407583.816051483
54949,1751925461.8583522,1751927812.7025456,batch_consumer-sts-0_20250707_223654_230735.csv,True,False,False,1751927869.441918,2407583.565711975
54959,1751925461.858582,1751927812.7246284,batch_consumer-sts-0_20250707_223654_230735.csv,True,False,False,1751927869.441918,2407583.335876465
54969,1751925461.8588076,1751927812.7467766,batch_consumer-sts-0_20250707_223654_230735.csv,True,False,False,1751927869.441918,2407583.110332489
54979,1751925461.8590336,1751927812.7690794,batch_consumer-sts-0_20250707_223654_230735.csv,True,False,False,1751927869.441918,2407582.884311676
54989,1751925461.8592625,1751927812.7909994,batch_consumer-sts-0_20250707_223654_230735.csv,True,False,False,1751927869.441918,2407582.65542984
54999,1751925461.859503,1751927812.8123193,batch_consumer-sts-0_20250707_223654_230735.csv,True,False,False,1751927869.441918,2407582.414865494
55009,1751925461.8596818,1751927812.8399453,batch_consumer-sts-0_20250707_223654_230735.csv,True,False,False,1751927869.441918,2407582.2360515594
55019,1751925461.859858,1751927812.8623996,batch_consumer-sts-0_20250707_223654_230735.csv,True,False,False,1751927869.441918,2407582.0598602295
55029,1751925461.8600338,1751927812.884704,batch_consumer-sts-0_20250707_223654_230735.csv,True,False,False,1751927869.441918,2407581.8841457367
55039,1751925461.8602133,1751927812.9062395,batch_consumer-sts-0_20250707_223654_230735.csv,True,False,False,1751927869.441918,2407581.7046165466
55049,1751925461.8603945,1751927812.928324,batch_consumer-sts-0_20250707_223654_230735.csv,True,False,False,1751927869.441918,2407581.5234184265
55059,1751925461.8605742,1751927812.9506316,batch_consumer-sts-0_20250707_223654_230735.csv,True,False,False,1751927869.441918,2407581.343650818
55069,1751925461.8607428,1751927812.9727647,batch_consumer-sts-0_20250707_223654_230735.csv,True,False,False,1751927869.441918,2407581.1750888824
55079,1751925461.8609254,1751927812.9951785,batch_consumer-sts-0_20250707_223654_230735.csv,True,False,False,1751927869.441918,2407580.992460251
55089,1751925461.8610995,1751927813.0163136,batch_consumer-sts-0_20250707_223654_230735.csv,True,False,False,1751927869.441918,2407580.818414688
55099,1751925461.8612745,1751927813.0386608,batch_consumer-sts-0_20250707_223654_230735.csv,True,False,False,1751927869.441918,2407580.643415451
55109,1751925461.8614497,1751927813.060516,batch_consumer-sts-0_20250707_223654_230735.csv,True,False,False,1751927869.441918,2407580.4681777954
55119,1751925461.8616235,1751927813.3635,batch_consumer-sts-0_20250707_223654_230735.csv,True,False,False,1751927869.441918,2407580.2943706512
55129,1751925461.8617988,1751927813.3857667,batch_consumer-sts-0_20250707_223654_230735.csv,True,False,False,1751927869.441918,2407580.1191329956
55139,1751925461.8619795,1751927813.407497,batch_consumer-sts-0_20250707_223654_230735.csv,True,False,False,1751927869.441918,2407579.9384117126
55149,1751925461.862158,1751927813.4296637,batch_consumer-sts-0_20250707_223654_230735.csv,True,False,False,1751927869.441918,2407579.759836197
55159,1751925461.862394,1751927813.4521964,batch_consumer-sts-0_20250707_223654_230735.csv,True,False,False,1751927869.441918,2407579.5238018036
55169,1751925461.8626184,1751927813.4747438,batch_consumer-sts-0_20250707_223654_230735.csv,True,False,False,1751927869.441918,2407579.2994499207
55179,1751925461.862851,1751927813.4973843,batch_consumer-sts-0_20250707_223654_230735.csv,True,False,False,1751927869.441918,2407579.066991806
55189,1751925461.8630822,1751927813.5187163,batch_consumer-sts-0_20250707_223654_230735.csv,True,False,False,1751927869.441918,2407578.8357257843
55199,1751925461.86331,1751927813.5411017,batch_consumer-sts-0_20250707_223654_230735.csv,True,False,False,1751927869.441918,2407578.6077976227
55209,1751925461.863539,1751927813.5634055,batch_consumer-sts-0_20250707_223654_230735.csv,True,False,False,1751927869.441918,2407578.3789157867
55219,1751925461.863765,1751927813.585991,batch_consumer-sts-0_20250707_223654_230735.csv,True,False,False,1751927869.441918,2407578.1528949738
55229,1751925461.8639915,1751927813.6077783,batch_consumer-sts-0_20250707_223654_230735.csv,True,False,False,1751927869.441918,2407577.9263973236
55239,1751925461.8642232,1751927813.6302297,batch_consumer-sts-0_20250707_223654_230735.csv,True,False,False,1751927869.441918,2407577.6946544647
55249,1751925461.8644493,1751927813.652526,batch_consumer-sts-0_20250707_223654_230735.csv,True,False,False,1751927869.441918,2407577.4686336517
55259,1751925461.8646832,1751927813.6742074,batch_consumer-sts-0_20250707_223654_230735.csv,True,False,False,1751927869.441918,2407577.2347450256
55269,1751925461.8649037,1751927813.6961286,batch_consumer-sts-0_20250707_223654_230735.csv,True,False,False,1751927869.441918,2407577.01420784
55279,1751925461.8651423,1751927813.7176013,batch_consumer-sts-0_20250707_223654_230735.csv,True,False,False,1751927869.441918,2407576.7755508423
55289,1751925461.8653655,1751927813.7394838,batch_consumer-sts-0_20250707_223654_230735.csv,True,False,False,1751927869.441918,2407576.5523910522
55299,1751925461.8655996,1751927813.7615352,batch_consumer-sts-0_20250707_223654_230735.csv,True,False,False,1751927869.441918,2407576.3182640076
55309,1751925461.8658266,1751927813.7838972,batch_consumer-sts-0_20250707_223654_230735.csv,True,False,False,1751927869.441918,2407576.0912895203
55319,1751925461.8660493,1751927813.8062713,batch_consumer-sts-0_20250707_223654_230735.csv,True,False,False,1751927869.441918,2407575.8686065674
55329,1751925461.8662877,1751927813.8289073,batch_consumer-sts-0_20250707_223654_230735.csv,True,False,False,1751927869.441918,2407575.6301879883
66529,1751925462.118887,1751927813.850985,batch_consumer-sts-0_20250707_223654_230735.csv,True,False,False,1751927869.441918,2407323.030948639
66539,1751925462.1191216,1751927813.873042,batch_consumer-sts-0_20250707_223654_230735.csv,True,False,False,1751927869.441918,2407322.796344757
66549,1751925462.119349,1751927813.8951883,batch_consumer-sts-0_20250707_223654_230735.csv,True,False,False,1751927869.441918,2407322.5688934326
66559,1751925462.1195724,1751927813.916499,batch_consumer-sts-0_20250707_223654_230735.csv,True,False,False,1751927869.441918,2407322.345495224
66569,1751925462.1198037,1751927813.9381857,batch_consumer-sts-0_20250707_223654_230735.csv,True,False,False,1751927869.441918,2407322.1142292023
66579,1751925462.1200316,1751927813.9592078,batch_consumer-sts-0_20250707_223654_230735.csv,True,False,False,1751927869.441918,2407321.8863010406
66589,1751925462.120257,1751927813.9815342,batch_consumer-sts-0_20250707_223654_230735.csv,True,False,False,1751927869.441918,2407321.6609954834
66599,1751925462.120499,1751927814.003498,batch_consumer-sts-0_20250707_223654_230735.csv,True,False,False,1751927869.441918,2407321.4190006256
66609,1751925462.1207297,1751927814.025731,batch_consumer-sts-0_20250707_223654_230735.csv,True,False,False,1751927869.441918,2407321.188211441
66619,1751925462.1209602,1751927814.0483134,batch_consumer-sts-0_20250707_223654_230735.csv,True,False,False,1751927869.441918,2407320.957660675
66629,1751925462.12119,1751927814.0709293,batch_consumer-sts-0_20250707_223654_230735.csv,True,False,False,1751927869.441918,2407320.727825165
66639,1751925462.1214163,1751927814.0932631,batch_consumer-sts-0_20250707_223654_230735.csv,True,False,False,1751927869.441918,2407320.501565933
66649,1751925462.121641,1751927814.1148224,batch_consumer-sts-0_20250707_223654_230735.csv,True,False,False,1751927869.441918,2407320.2769756317
66659,1751925462.1218705,1751927814.1371872,batch_consumer-sts-0_20250707_223654_230735.csv,True,False,False,1751927869.441918,2407320.04737854
66669,1751925462.1220963,1751927814.15969,batch_consumer-sts-0_20250707_223654_230735.csv,True,False,False,1751927869.441918,2407319.8215961456
66679,1751925462.1223304,1751927814.1841044,batch_consumer-sts-0_20250707_223654_230735.csv,True,False,False,1751927869.441918,2407319.587469101
66689,1751925462.1225543,1751927814.2064807,batch_consumer-sts-0_20250707_223654_230735.csv,True,False,False,1751927869.441918,2407319.363594055
66699,1751925462.1227753,1751927815.4740913,batch_consumer-sts-0_20250707_223712_933445.csv,True,False,False,1751927869.441918,2407319.1425800323
66709,1751925462.1229985,1751927815.4957333,batch_consumer-sts-0_20250707_223712_933445.csv,True,False,False,1751927869.441918,2407318.9194202423
66719,1751925462.123222,1751927815.5172682,batch_consumer-sts-0_20250707_223712_933445.csv,True,False,False,1751927869.441918,2407318.695783615
66729,1751925462.123452,1751927815.5394988,batch_consumer-sts-0_20250707_223712_933445.csv,True,False,False,1751927869.441918,2407318.465948105
66739,1751925462.1236851,1751927815.561863,batch_consumer-sts-0_20250707_223712_933445.csv,True,False,False,1751927869.441918,2407318.2327747345
66749,1751925462.1239092,1751927815.584431,batch_consumer-sts-0_20250707_223712_933445.csv,True,False,False,1751927869.441918,2407318.00866127
66759,1751925462.1241271,1751927815.6060772,batch_consumer-sts-0_20250707_223712_933445.csv,True,False,False,1751927869.441918,2407317.790746689
66769,1751925462.124351,1751927815.6279356,batch_consumer-sts-0_20250707_223712_933445.csv,True,False,False,1751927869.441918,2407317.566871643
66779,1751925462.1245737,1751927815.650169,batch_consumer-sts-0_20250707_223712_933445.csv,True,False,False,1751927869.441918,2407317.34418869
66789,1751925462.1247983,1751927815.6722093,batch_consumer-sts-0_20250707_223712_933445.csv,True,False,False,1751927869.441918,2407317.1195983887
66799,1751925462.125033,1751927815.6943064,batch_consumer-sts-0_20250707_223712_933445.csv,True,False,False,1751927869.441918,2407316.884994507
66809,1751925462.1252606,1751927815.7196908,batch_consumer-sts-0_20250707_223712_933445.csv,True,False,False,1751927869.441918,2407316.657304764
66819,1751925462.1254864,1751927815.754738,batch_consumer-sts-0_20250707_223712_933445.csv,True,False,False,1751927869.441918,2407316.4315223694
66829,1751925462.125704,1751927815.776784,batch_consumer-sts-0_20250707_223712_933445.csv,True,False,False,1751927869.441918,2407316.2138462067
66839,1751925462.1259282,1751927815.7987342,batch_consumer-sts-0_20250707_223712_933445.csv,True,False,False,1751927869.441918,2407315.9897327423
66849,1751925462.1261623,1751927815.8209813,batch_consumer-sts-0_20250707_223712_933445.csv,True,False,False,1751927869.441918,2407315.7556056976
66859,1751925462.1263928,1751927815.8443167,batch_consumer-sts-0_20250707_223712_933445.csv,True,False,False,1751927869.441918,2407315.5250549316
66869,1751925462.1266198,1751927815.8669648,batch_consumer-sts-0_20250707_223712_933445.csv,True,False,False,1751927869.441918,2407315.2980804443
66879,1751925462.126841,1751927815.896716,batch_consumer-sts-0_20250707_223712_933445.csv,True,False,False,1751927869.441918,2407315.076828003
66889,1751925462.1270704,1751927815.918309,batch_consumer-sts-0_20250707_223712_933445.csv,True,False,False,1751927869.441918,2407314.84746933
66899,1751925462.1272967,1751927815.940832,batch_consumer-sts-0_20250707_223712_933445.csv,True,False,False,1751927869.441918,2407314.6212100983
66909,1751925462.1275153,1751927815.9628758,batch_consumer-sts-0_20250707_223712_933445.csv,True,False,False,1751927869.441918,2407314.402580261
66919,1751925462.1277444,1751927815.9852643,batch_consumer-sts-0_20250707_223712_933445.csv,True,False,False,1751927869.441918,2407314.1734600067
66929,1751925462.1279714,1751927816.008982,batch_consumer-sts-0_20250707_223712_933445.csv,True,False,False,1751927869.441918,2407313.9464855194
66939,1751925462.128188,1751927816.031992,batch_consumer-sts-0_20250707_223712_933445.csv,True,False,False,1751927869.441918,2407313.7300014496
66949,1751925462.1284134,1751927816.0542483,batch_consumer-sts-0_20250707_223712_933445.csv,True,False,False,1751927869.441918,2407313.5044574738
66959,1751925462.1286392,1751927816.078143,batch_consumer-sts-0_20250707_223712_933445.csv,True,False,False,1751927869.441918,2407313.2786750793
66969,1751925462.1288643,1751927816.1005268,batch_consumer-sts-0_20250707_223712_933445.csv,True,False,False,1751927869.441918,2407313.0536079407
69229,1751925462.1796408,1751927816.1260188,batch_consumer-sts-0_20250707_223712_933445.csv,True,False,False,1751927869.441918,2407262.2771263123
69239,1751925462.1798704,1751927816.3998349,batch_consumer-sts-0_20250707_223712_933445.csv,True,False,False,1751927869.441918,2407262.0475292206
69249,1751925462.180095,1751927816.4219718,batch_consumer-sts-0_20250707_223712_933445.csv,True,False,False,1751927869.441918,2407261.822938919
69259,1751925462.1803231,1751927816.444558,batch_consumer-sts-0_20250707_223712_933445.csv,True,False,False,1751927869.441918,2407261.594772339
69269,1751925462.180548,1751927816.4670272,batch_consumer-sts-0_20250707_223712_933445.csv,True,False,False,1751927869.441918,2407261.369943619
69279,1751925462.1807747,1751927816.4894714,batch_consumer-sts-0_20250707_223712_933445.csv,True,False,False,1751927869.441918,2407261.14320755
69289,1751925462.1810029,1751927816.511511,batch_consumer-sts-0_20250707_223712_933445.csv,True,False,False,1751927869.441918,2407260.91504097
69299,1751925462.1812303,1751927816.5345187,batch_consumer-sts-0_20250707_223712_933445.csv,True,False,False,1751927869.441918,2407260.6875896454
69309,1751925462.181456,1751927816.5573213,batch_consumer-sts-0_20250707_223712_933445.csv,True,False,False,1751927869.441918,2407260.461807251
69319,1751925462.1816866,1751927816.5800755,batch_consumer-sts-0_20250707_223712_933445.csv,True,False,False,1751927869.441918,2407260.231256485
69329,1751925462.1819117,1751927816.6026063,batch_consumer-sts-0_20250707_223712_933445.csv,True,False,False,1751927869.441918,2407260.0061893463
69339,1751925462.18213,1751927816.625481,batch_consumer-sts-0_20250707_223712_933445.csv,True,False,False,1751927869.441918,2407259.787797928
69349,1751925462.1823711,1751927816.6479182,batch_consumer-sts-0_20250707_223712_933445.csv,True,False,False,1751927869.441918,2407259.5467567444
69359,1751925462.182606,1751927816.6697412,batch_consumer-sts-0_20250707_223712_933445.csv,True,False,False,1751927869.441918,2407259.311914444
69369,1751925462.1828303,1751927816.6917615,batch_consumer-sts-0_20250707_223712_933445.csv,True,False,False,1751927869.441918,2407259.087562561
69379,1751925462.1830554,1751927816.7135713,batch_consumer-sts-0_20250707_223712_933445.csv,True,False,False,1751927869.441918,2407258.8624954224
69389,1751925462.1833138,1751927816.7354822,batch_consumer-sts-0_20250707_223712_933445.csv,True,False,False,1751927869.441918,2407258.6040496826
69399,1751925462.183538,1751927816.758028,batch_consumer-sts-0_20250707_223712_933445.csv,True,False,False,1751927869.441918,2407258.3799362183
69409,1751925462.1837614,1751927816.7803316,batch_consumer-sts-0_20250707_223712_933445.csv,True,False,False,1751927869.441918,2407258.1565380096
69419,1751925462.1839955,1751927816.803325,batch_consumer-sts-0_20250707_223712_933445.csv,True,False,False,1751927869.441918,2407257.922410965
69429,1751925462.1842237,1751927816.8258405,batch_consumer-sts-0_20250707_223712_933445.csv,True,False,False,1751927869.441918,2407257.6942443848
69439,1751925462.1845448,1751927816.8486416,batch_consumer-sts-0_20250707_223712_933445.csv,True,False,False,1751927869.441918,2407257.3730945587
69449,1751925462.1848912,1751927816.8713543,batch_consumer-sts-0_20250707_223712_933445.csv,True,False,False,1751927869.441918,2407257.0266723633
69459,1751925462.1852026,1751927816.8934147,batch_consumer-sts-0_20250707_223712_933445.csv,True,False,False,1751927869.441918,2407256.715297699
69469,1751925462.1854355,1751927817.2184536,batch_consumer-sts-0_20250707_223712_933445.csv,True,False,False,1751927869.441918,2407256.482362747
69479,1751925462.1856644,1751927817.2408311,batch_consumer-sts-0_20250707_223712_933445.csv,True,False,False,1751927869.441918,2407256.2534809113
69489,1751925462.1858938,1751927817.2627766,batch_consumer-sts-0_20250707_223712_933445.csv,True,False,False,1751927869.441918,2407256.024122238
69499,1751925462.1861222,1751927817.284889,batch_consumer-sts-0_20250707_223712_933445.csv,True,False,False,1751927869.441918,2407255.7957172394
69509,1751925462.1863654,1751927817.3068311,batch_consumer-sts-0_20250707_223712_933445.csv,True,False,False,1751927869.441918,2407255.5525302887
69519,1751925462.1865954,1751927817.3292785,batch_consumer-sts-0_20250707_223712_933445.csv,True,False,False,1751927869.441918,2407255.32245636
69529,1751925462.1868114,1751927817.3517823,batch_consumer-sts-0_20250707_223712_933445.csv,True,False,False,1751927869.441918,2407255.106449127
69539,1751925462.1870422,1751927817.3743212,batch_consumer-sts-0_20250707_223712_933445.csv,True,False,False,1751927869.441918,2407254.8756599426
69549,1751925462.1872709,1751927817.396778,batch_consumer-sts-0_20250707_223712_933445.csv,True,False,False,1751927869.441918,2407254.6470165253
69559,1751925462.1874998,1751927817.4184296,batch_consumer-sts-0_20250707_223712_933445.csv,True,False,False,1751927869.441918,2407254.4181346893
69569,1751925462.1877272,1751927817.4406986,batch_consumer-sts-0_20250707_223712_933445.csv,True,False,False,1751927869.441918,2407254.190683365
69579,1751925462.1879516,1751927817.4628155,batch_consumer-sts-0_20250707_223712_933445.csv,True,False,False,1751927869.441918,2407253.966331482
69589,1751925462.1881812,1751927817.4853384,batch_consumer-sts-0_20250707_223712_933445.csv,True,False,False,1751927869.441918,2407253.7367343903
69599,1751925462.188413,1751927817.5081706,batch_consumer-sts-0_20250707_223712_933445.csv,True,False,False,1751927869.441918,2407253.5049915314
69609,1751925462.1886475,1751927817.530717,batch_consumer-sts-0_20250707_223712_933445.csv,True,False,False,1751927869.441918,2407253.2703876495
69619,1751925462.1888735,1751927817.5530531,batch_consumer-sts-0_20250707_223712_933445.csv,True,False,False,1751927869.441918,2407253.0443668365
69629,1751925462.189103,1751927817.5751436,batch_consumer-sts-0_20250707_223712_933445.csv,True,False,False,1751927869.441918,2407252.8150081635
69639,1751925462.1893313,1751927817.597692,batch_consumer-sts-0_20250707_223712_933445.csv,True,False,False,1751927869.441918,2407252.5866031647
69649,1751925462.1895597,1751927817.6193862,batch_consumer-sts-0_20250707_223712_933445.csv,True,False,False,1751927869.441918,2407252.358198166
70539,1751925462.2099776,1751927817.641461,batch_consumer-sts-0_20250707_223712_933445.csv,True,False,False,1751927869.441918,2407231.94026947
70549,1751925462.210219,1751927817.6647403,batch_consumer-sts-0_20250707_223712_933445.csv,True,False,False,1751927869.441918,2407231.698989868
70559,1751925462.210447,1751927817.687048,batch_consumer-sts-0_20250707_223712_933445.csv,True,False,False,1751927869.441918,2407231.470823288
70569,1751925462.2106743,1751927817.7089982,batch_consumer-sts-0_20250707_223712_933445.csv,True,False,False,1751927869.441918,2407231.243610382
70579,1751925462.2109,1751927817.7309384,batch_consumer-sts-0_20250707_223712_933445.csv,True,False,False,1751927869.441918,2407231.0178279877
70589,1751925462.2111242,1751927817.7527373,batch_consumer-sts-0_20250707_223712_933445.csv,True,False,False,1751927869.441918,2407230.7937145233
70599,1751925462.211373,1751927817.7746396,batch_consumer-sts-0_20250707_223712_933445.csv,True,False,False,1751927869.441918,2407230.5448055267
70609,1751925462.211565,1751927817.796939,batch_consumer-sts-0_20250707_223712_933445.csv,True,False,False,1751927869.441918,2407230.3528785706
70619,1751925462.2117405,1751927817.8185694,batch_consumer-sts-0_20250707_223712_933445.csv,True,False,False,1751927869.441918,2407230.1774024963
70629,1751925462.211925,1751927817.8407345,batch_consumer-sts-0_20250707_223712_933445.csv,True,False,False,1751927869.441918,2407229.992866516
70639,1751925462.2121005,1751927817.8632383,batch_consumer-sts-0_20250707_223712_933445.csv,True,False,False,1751927869.441918,2407229.817390442
70649,1751925462.2122765,1751927817.8840802,batch_consumer-sts-0_20250707_223712_933445.csv,True,False,False,1751927869.441918,2407229.6414375305
70659,1751925462.212448,1751927817.906048,batch_consumer-sts-0_20250707_223712_933445.csv,True,False,False,1751927869.441918,2407229.470014572
70669,1751925462.2126224,1751927817.9283044,batch_consumer-sts-0_20250707_223712_933445.csv,True,False,False,1751927869.441918,2407229.2954921722
70679,1751925462.2127964,1751927817.950352,batch_consumer-sts-0_20250707_223712_933445.csv,True,False,False,1751927869.441918,2407229.1214466095
70689,1751925462.2129762,1751927817.9726012,batch_consumer-sts-0_20250707_223712_933445.csv,True,False,False,1751927869.441918,2407228.941679001
70699,1751925462.213153,1751927817.994735,batch_consumer-sts-0_20250707_223712_933445.csv,True,False,False,1751927869.441918,2407228.7650108337
70709,1751925462.2133343,1751927818.0157216,batch_consumer-sts-0_20250707_223712_933445.csv,True,False,False,1751927869.441918,2407228.583574295
70719,1751925462.213513,1751927818.038052,batch_consumer-sts-0_20250707_223712_933445.csv,True,False,False,1751927869.441918,2407228.4049987793
70729,1751925462.2136953,1751927818.0623074,batch_consumer-sts-0_20250707_223712_933445.csv,True,False,False,1751927869.441918,2407228.2226085663
70739,1751925462.213875,1751927818.0833166,batch_consumer-sts-0_20250707_223712_933445.csv,True,False,False,1751927869.441918,2407228.0428409576
70749,1751925462.2140546,1751927818.1038754,batch_consumer-sts-0_20250707_223712_933445.csv,True,False,False,1751927869.441918,2407227.8633117676
70759,1751925462.2142758,1751927818.1253316,batch_consumer-sts-0_20250707_223712_933445.csv,True,False,False,1751927869.441918,2407227.642059326
70769,1751925462.214502,1751927818.1475112,batch_consumer-sts-0_20250707_223712_933445.csv,True,False,False,1751927869.441918,2407227.4158000946
70779,1751925462.2147477,1751927818.1694732,batch_consumer-sts-0_20250707_223712_933445.csv,True,False,False,1751927869.441918,2407227.170228958
70789,1751925462.214974,1751927818.436924,batch_consumer-sts-0_20250707_223712_933445.csv,True,False,False,1751927869.441918,2407226.9439697266
70799,1751925462.215204,1751927818.4592755,batch_consumer-sts-0_20250707_223712_933445.csv,True,False,False,1751927869.441918,2407226.7138957977
70809,1751925462.2154489,1751927818.4817328,batch_consumer-sts-0_20250707_223712_933445.csv,True,False,False,1751927869.441918,2407226.469039917
70819,1751925462.2156658,1751927818.5056057,batch_consumer-sts-0_20250707_223712_933445.csv,True,False,False,1751927869.441918,2407226.25207901
70829,1751925462.2159016,1751927818.528028,batch_consumer-sts-0_20250707_223712_933445.csv,True,False,False,1751927869.441918,2407226.0162830353
70839,1751925462.216127,1751927818.5502813,batch_consumer-sts-0_20250707_223712_933445.csv,True,False,False,1751927869.441918,2407225.790977478
70849,1751925462.2163494,1751927818.572555,batch_consumer-sts-0_20250707_223712_933445.csv,True,False,False,1751927869.441918,2407225.5685329437
70859,1751925462.2165804,1751927818.5949962,batch_consumer-sts-0_20250707_223712_933445.csv,True,False,False,1751927869.441918,2407225.3375053406
70869,1751925462.216805,1751927818.6164944,batch_consumer-sts-0_20250707_223712_933445.csv,True,False,False,1751927869.441918,2407225.112915039
70879,1751925462.2170389,1751927818.6389573,batch_consumer-sts-0_20250707_223712_933445.csv,True,False,False,1751927869.441918,2407224.879026413
70889,1751925462.2172608,1751927818.6608713,batch_consumer-sts-0_20250707_223712_933445.csv,True,False,False,1751927869.441918,2407224.657058716
70899,1751925462.217485,1751927818.6828797,batch_consumer-sts-0_20250707_223712_933445.csv,True,False,False,1751927869.441918,2407224.4329452515
70909,1751925462.2177088,1751927818.704183,batch_consumer-sts-0_20250707_223712_933445.csv,True,False,False,1751927869.441918,2407224.2090702057
70919,1751925462.217937,1751927818.725722,batch_consumer-sts-0_20250707_223712_933445.csv,True,False,False,1751927869.441918,2407223.9809036255
70929,1751925462.218168,1751927818.7473342,batch_consumer-sts-0_20250707_223712_933445.csv,True,False,False,1751927869.441918,2407223.7498760223
70939,1751925462.218402,1751927818.769158,batch_consumer-sts-0_20250707_223712_933445.csv,True,False,False,1751927869.441918,2407223.5159873962
70949,1751925462.2186315,1751927818.7910874,batch_consumer-sts-0_20250707_223712_933445.csv,True,False,False,1751927869.441918,2407223.2863903046
70959,1751925462.2188642,1751927818.81251,batch_consumer-sts-0_20250707_223712_933445.csv,True,False,False,1751927869.441918,2407223.0536937714
70969,1751925462.2190895,1751927818.8346562,batch_consumer-sts-0_20250707_223712_933445.csv,True,False,False,1751927869.441918,2407222.828388214
70979,1751925462.219315,1751927818.8566985,batch_consumer-sts-0_20250707_223712_933445.csv,True,False,False,1751927869.441918,2407222.6028442383
70989,1751925462.2195482,1751927818.878549,batch_consumer-sts-0_20250707_223712_933445.csv,True,False,False,1751927869.441918,2407222.369670868
70999,1751925462.2197766,1751927818.9007115,batch_consumer-sts-0_20250707_223712_933445.csv,True,False,False,1751927869.441918,2407222.141265869
73539,1751925462.2806842,1751927818.923756,batch_consumer-sts-0_20250707_223712_933445.csv,True,False,False,1751927869.441918,2407161.233663559
73549,1751925462.2809322,1751927818.9454334,batch_consumer-sts-0_20250707_223712_933445.csv,True,False,False,1751927869.441918,2407160.9857082367
73559,1751925462.2811987,1751927818.9678135,batch_consumer-sts-0_20250707_223712_933445.csv,True,False,False,1751927869.441918,2407160.7191562653
73569,1751925462.2814372,1751927818.99,batch_consumer-sts-0_20250707_223712_933445.csv,True,False,False,1751927869.441918,2407160.480737686
73579,1751925462.2816803,1751927819.0120063,batch_consumer-sts-0_20250707_223712_933445.csv,True,False,False,1751927869.441918,2407160.2375507355
73589,1751925462.281921,1751927819.0346785,batch_consumer-sts-0_20250707_223712_933445.csv,True,False,False,1751927869.441918,2407159.996986389
73599,1751925462.2821674,1751927819.0570042,batch_consumer-sts-0_20250707_223712_933445.csv,True,False,False,1751927869.441918,2407159.7504615784
73609,1751925462.2824063,1751927819.0795555,batch_consumer-sts-0_20250707_223712_933445.csv,True,False,False,1751927869.441918,2407159.511566162
73619,1751925462.2826514,1751927819.1024308,batch_consumer-sts-0_20250707_223712_933445.csv,True,False,False,1751927869.441918,2407159.266471863
73629,1751925462.282895,1751927819.132979,batch_consumer-sts-0_20250707_223712_933445.csv,True,False,False,1751927869.441918,2407159.022808075
73639,1751925462.2831442,1751927819.1552794,batch_consumer-sts-0_20250707_223712_933445.csv,True,False,False,1751927869.441918,2407158.77366066
73649,1751925462.2833793,1751927819.1782131,batch_consumer-sts-0_20250707_223712_933445.csv,True,False,False,1751927869.441918,2407158.538579941
73659,1751925462.2836237,1751927819.2005975,batch_consumer-sts-0_20250707_223712_933445.csv,True,False,False,1751927869.441918,2407158.294200897
73669,1751925462.2838657,1751927819.2218416,batch_consumer-sts-0_20250707_223712_933445.csv,True,False,False,1751927869.441918,2407158.0522060394
73679,1751925462.2841165,1751927819.2438204,batch_consumer-sts-0_20250707_223712_933445.csv,True,False,False,1751927869.441918,2407157.801389694
73689,1751925462.2843623,1751927819.2656798,batch_consumer-sts-0_20250707_223712_933445.csv,True,False,False,1751927869.441918,2407157.555580139
73699,1751925462.2846005,1751927819.2887192,batch_consumer-sts-0_20250707_223712_933445.csv,True,False,False,1751927869.441918,2407157.3173999786
73709,1751925462.2848415,1751927819.3127942,batch_consumer-sts-0_20250707_223712_933445.csv,True,False,False,1751927869.441918,2407157.076358795
73719,1751925462.2850864,1751927819.335021,batch_consumer-sts-0_20250707_223712_933445.csv,True,False,False,1751927869.441918,2407156.8315029144
73729,1751925462.2853513,1751927819.3584497,batch_consumer-sts-0_20250707_223712_933445.csv,True,False,False,1751927869.441918,2407156.566619873
73739,1751925462.285596,1751927819.3803906,batch_consumer-sts-0_20250707_223712_933445.csv,True,False,False,1751927869.441918,2407156.322002411
73749,1751925462.2858453,1751927819.4011436,batch_consumer-sts-0_20250707_223712_933445.csv,True,False,False,1751927869.441918,2407156.072616577
73759,1751925462.2860854,1751927819.428386,batch_consumer-sts-0_20250707_223712_933445.csv,True,False,False,1751927869.441918,2407155.832529068
73769,1751925462.286331,1751927819.450458,batch_consumer-sts-0_20250707_223712_933445.csv,True,False,False,1751927869.441918,2407155.5869579315
73779,1751925462.2865827,1751927819.4731424,batch_consumer-sts-0_20250707_223712_933445.csv,True,False,False,1751927869.441918,2407155.335187912
73789,1751925462.2868278,1751927819.494678,batch_consumer-sts-0_20250707_223712_933445.csv,True,False,False,1751927869.441918,2407155.0900936127
73799,1751925462.2870767,1751927819.5160418,batch_consumer-sts-0_20250707_223712_933445.csv,True,False,False,1751927869.441918,2407154.841184616
73809,1751925462.28732,1751927819.5378726,batch_consumer-sts-0_20250707_223712_933445.csv,True,False,False,1751927869.441918,2407154.5979976654
73819,1751925462.287563,1751927819.560034,batch_consumer-sts-0_20250707_223712_933445.csv,True,False,False,1751927869.441918,2407154.3548107147
73829,1751925462.2878046,1751927819.5818026,batch_consumer-sts-0_20250707_223712_933445.csv,True,False,False,1751927869.441918,2407154.113292694
73839,1751925462.2880535,1751927819.6035686,batch_consumer-sts-0_20250707_223712_933445.csv,True,False,False,1751927869.441918,2407153.8643836975
73849,1751925462.2882931,1751927819.6251605,batch_consumer-sts-0_20250707_223712_933445.csv,True,False,False,1751927869.441918,2407153.6247730255
73859,1751925462.2885325,1751927819.646968,batch_consumer-sts-0_20250707_223712_933445.csv,True,False,False,1751927869.441918,2407153.385400772
73869,1751925462.288766,1751927819.6690247,batch_consumer-sts-0_20250707_223712_933445.csv,True,False,False,1751927869.441918,2407153.151988983
73879,1751925462.2889595,1751927819.6921558,batch_consumer-sts-0_20250707_223712_933445.csv,True,False,False,1751927869.441918,2407152.958393097
73889,1751925462.2891462,1751927819.7138803,batch_consumer-sts-0_20250707_223712_933445.csv,True,False,False,1751927869.441918,2407152.7717113495
73899,1751925462.289363,1751927819.7355905,batch_consumer-sts-0_20250707_223712_933445.csv,True,False,False,1751927869.441918,2407152.554988861
73909,1751925462.2895634,1751927819.7572129,batch_consumer-sts-0_20250707_223712_933445.csv,True,False,False,1751927869.441918,2407152.354478836
73919,1751925462.2897615,1751927819.7791028,batch_consumer-sts-0_20250707_223712_933445.csv,True,False,False,1751927869.441918,2407152.156352997
73929,1751925462.289959,1751927819.8010592,batch_consumer-sts-0_20250707_223712_933445.csv,True,False,False,1751927869.441918,2407151.9589424133
73939,1751925462.2901692,1751927819.8237865,batch_consumer-sts-0_20250707_223712_933445.csv,True,False,False,1751927869.441918,2407151.7486572266
73949,1751925462.2904274,1751927819.8457325,batch_consumer-sts-0_20250707_223712_933445.csv,True,False,False,1751927869.441918,2407151.4904499054
73959,1751925462.2906697,1751927820.8699164,batch_consumer-sts-0_20250707_223712_933445.csv,True,False,False,1751927869.441918,2407151.248216629
76039,1751925462.34157,1751927820.8919845,batch_consumer-sts-0_20250707_223712_933445.csv,True,False,False,1751927869.441918,2407100.347995758
76049,1751925462.341821,1751927820.9134102,batch_consumer-sts-0_20250707_223712_933445.csv,True,False,False,1751927869.441918,2407100.0969409943
76059,1751925462.342065,1751927820.935764,batch_consumer-sts-0_20250707_223712_933445.csv,True,False,False,1751927869.441918,2407099.8528003693
76069,1751925462.3423302,1751927820.958279,batch_consumer-sts-0_20250707_223712_933445.csv,True,False,False,1751927869.441918,2407099.5876789093
76079,1751925462.342577,1751927820.9805975,batch_consumer-sts-0_20250707_223712_933445.csv,True,False,False,1751927869.441918,2407099.34091568
76089,1751925462.342825,1751927821.0021615,batch_consumer-sts-0_20250707_223712_933445.csv,True,False,False,1751927869.441918,2407099.0929603577
76099,1751925462.3430674,1751927821.0238357,batch_consumer-sts-0_20250707_223712_933445.csv,True,False,False,1751927869.441918,2407098.8504886627
76109,1751925462.3433151,1751927821.0457835,batch_consumer-sts-0_20250707_223712_933445.csv,True,False,False,1751927869.441918,2407098.602771759
76119,1751925462.343551,1751927821.0677004,batch_consumer-sts-0_20250707_223712_933445.csv,True,False,False,1751927869.441918,2407098.3669757843
76129,1751925462.3437974,1751927821.0894067,batch_consumer-sts-0_20250707_223712_933445.csv,True,False,False,1751927869.441918,2407098.1204509735
76139,1751925462.3440382,1751927821.1105566,batch_consumer-sts-0_20250707_223712_933445.csv,True,False,False,1751927869.441918,2407097.8796482086
76149,1751925462.34428,1751927821.132651,batch_consumer-sts-0_20250707_223712_933445.csv,True,False,False,1751927869.441918,2407097.6378917694
76159,1751925462.3445272,1751927821.1546493,batch_consumer-sts-0_20250707_223712_933445.csv,True,False,False,1751927869.441918,2407097.390651703
76169,1751925462.344775,1751927821.176989,batch_consumer-sts-0_20250707_223712_933445.csv,True,False,False,1751927869.441918,2407097.142934799
76179,1751925462.3450158,1751927821.1995227,batch_consumer-sts-0_20250707_223712_933445.csv,True,False,False,1751927869.441918,2407096.9021320343
76189,1751925462.3452604,1751927821.2217674,batch_consumer-sts-0_20250707_223712_933445.csv,True,False,False,1751927869.441918,2407096.657514572
76199,1751925462.3455002,1751927821.2442734,batch_consumer-sts-0_20250707_223712_933445.csv,True,False,False,1751927869.441918,2407096.4176654816
76209,1751925462.345759,1751927821.6512368,batch_consumer-sts-0_20250707_223712_933445.csv,True,False,False,1751927869.441918,2407096.1589813232
76219,1751925462.3459864,1751927821.6735868,batch_consumer-sts-0_20250707_223712_933445.csv,True,False,False,1751927869.441918,2407095.931529999
76229,1751925462.3462114,1751927821.6958618,batch_consumer-sts-0_20250707_223712_933445.csv,True,False,False,1751927869.441918,2407095.70646286
76239,1751925462.3464627,1751927821.7174425,batch_consumer-sts-0_20250707_223712_933445.csv,True,False,False,1751927869.441918,2407095.4551696777
76249,1751925462.3467047,1751927821.7399702,batch_consumer-sts-0_20250707_223712_933445.csv,True,False,False,1751927869.441918,2407095.21317482
76259,1751925462.3469417,1751927821.7623248,batch_consumer-sts-0_20250707_223712_933445.csv,True,False,False,1751927869.441918,2407094.9761867523
76269,1751925462.3471863,1751927821.7848885,batch_consumer-sts-0_20250707_223712_933445.csv,True,False,False,1751927869.441918,2407094.73156929
76279,1751925462.3474336,1751927821.807077,batch_consumer-sts-0_20250707_223712_933445.csv,True,False,False,1751927869.441918,2407094.4843292236
76289,1751925462.3476322,1751927821.8289702,batch_consumer-sts-0_20250707_223712_933445.csv,True,False,False,1751927869.441918,2407094.2857265472
76299,1751925462.3478658,1751927821.8511963,batch_consumer-sts-0_20250707_223712_933445.csv,True,False,False,1751927869.441918,2407094.0520763397
76309,1751925462.3480847,1751927821.872268,batch_consumer-sts-0_20250707_223712_933445.csv,True,False,False,1751927869.441918,2407093.833208084
76319,1751925462.348283,1751927821.8935614,batch_consumer-sts-0_20250707_223712_933445.csv,True,False,False,1751927869.441918,2407093.6348438263
76329,1751925462.3484883,1751927821.9149425,batch_consumer-sts-0_20250707_223712_933445.csv,True,False,False,1751927869.441918,2407093.4295654297
76339,1751925462.3486822,1751927821.941425,batch_consumer-sts-0_20250707_223712_933445.csv,True,False,False,1751927869.441918,2407093.235731125
76349,1751925462.348905,1751927821.964259,batch_consumer-sts-0_20250707_223712_933445.csv,True,False,False,1751927869.441918,2407093.0128097534
76359,1751925462.349105,1751927821.985401,batch_consumer-sts-0_20250707_223712_933445.csv,True,False,False,1751927869.441918,2407092.813014984
76369,1751925462.3493118,1751927822.0072265,batch_consumer-sts-0_20250707_223712_933445.csv,True,False,False,1751927869.441918,2407092.6060676575
76379,1751925462.349512,1751927822.029507,batch_consumer-sts-0_20250707_223712_933445.csv,True,False,False,1751927869.441918,2407092.405796051
76389,1751925462.3497157,1751927822.2063458,batch_consumer-sts-0_20250707_223712_933445.csv,True,False,False,1751927869.441918,2407092.2021865845
76399,1751925462.3499262,1751927822.2286327,batch_consumer-sts-0_20250707_223712_933445.csv,True,False,False,1751927869.441918,2407091.991662979
76409,1751925462.3501265,1751927822.251654,batch_consumer-sts-0_20250707_223712_933445.csv,True,False,False,1751927869.441918,2407091.7913913727
76419,1751925462.350389,1751927822.2746303,batch_consumer-sts-0_20250707_223712_933445.csv,True,False,False,1751927869.441918,2407091.528892517
76429,1751925462.350629,1751927822.297109,batch_consumer-sts-0_20250707_223712_933445.csv,True,False,False,1751927869.441918,2407091.288805008
76439,1751925462.350865,1751927822.3183873,batch_consumer-sts-0_20250707_223712_933445.csv,True,False,False,1751927869.441918,2407091.053009033
76449,1751925462.3510995,1751927822.3421776,batch_consumer-sts-0_20250707_223712_933445.csv,True,False,False,1751927869.441918,2407090.8184051514
76459,1751925462.351343,1751927822.364653,batch_consumer-sts-0_20250707_223712_933445.csv,True,False,False,1751927869.441918,2407090.574979782
76469,1751925462.3515832,1751927822.3873298,batch_consumer-sts-0_20250707_223712_933445.csv,True,False,False,1751927869.441918,2407090.3346538544
76479,1751925462.351822,1751927822.409485,batch_consumer-sts-0_20250707_223712_933445.csv,True,False,False,1751927869.441918,2407090.0959968567
76489,1751925462.3520665,1751927822.432715,batch_consumer-sts-0_20250707_223712_933445.csv,True,False,False,1751927869.441918,2407089.8513793945
76499,1751925462.3523047,1751927822.4554029,batch_consumer-sts-0_20250707_223712_933445.csv,True,False,False,1751927869.441918,2407089.613199234
76509,1751925462.352544,1751927822.4782114,batch_consumer-sts-0_20250707_223712_933445.csv,True,False,False,1751927869.441918,2407089.3738269806
76519,1751925462.352781,1751927822.5006592,batch_consumer-sts-0_20250707_223712_933445.csv,True,False,False,1751927869.441918,2407089.136838913
76529,1751925462.3530283,1751927822.5284083,batch_consumer-sts-0_20250707_223712_933445.csv,True,False,False,1751927869.441918,2407088.8895988464
76539,1751925462.3532903,1751927822.550729,batch_consumer-sts-0_20250707_223712_933445.csv,True,False,False,1751927869.441918,2407088.627576828
76549,1751925462.3535366,1751927822.5725582,batch_consumer-sts-0_20250707_223712_933445.csv,True,False,False,1751927869.441918,2407088.381290436
76559,1751925462.3537817,1751927822.5944707,batch_consumer-sts-0_20250707_223712_933445.csv,True,False,False,1751927869.441918,2407088.1361961365
76569,1751925462.3540246,1751927822.6158185,batch_consumer-sts-0_20250707_223712_933445.csv,True,False,False,1751927869.441918,2407087.8932476044
76579,1751925462.354269,1751927822.637878,batch_consumer-sts-0_20250707_223712_933445.csv,True,False,False,1751927869.441918,2407087.648868561
76589,1751925462.3545115,1751927822.6597087,batch_consumer-sts-0_20250707_223712_933445.csv,True,False,False,1751927869.441918,2407087.406396866
76599,1751925462.3547533,1751927822.682376,batch_consumer-sts-0_20250707_223712_933445.csv,True,False,False,1751927869.441918,2407087.1646404266
76609,1751925462.3549917,1751927822.7039292,batch_consumer-sts-0_20250707_223712_933445.csv,True,False,False,1751927869.441918,2407086.9262218475
76619,1751925462.355235,1751927822.7257662,batch_consumer-sts-0_20250707_223712_933445.csv,True,False,False,1751927869.441918,2407086.6827964783
76629,1751925462.3554797,1751927822.7482,batch_consumer-sts-0_20250707_223712_933445.csv,True,False,False,1751927869.441918,2407086.438179016
76639,1751925462.3557196,1751927822.770239,batch_consumer-sts-0_20250707_223712_933445.csv,True,False,False,1751927869.441918,2407086.1983299255
76649,1751925462.355954,1751927822.7926855,batch_consumer-sts-0_20250707_223712_933445.csv,True,False,False,1751927869.441918,2407085.9639644623
76659,1751925462.3561969,1751927822.8138375,batch_consumer-sts-0_20250707_223712_933445.csv,True,False,False,1751927869.441918,2407085.72101593
76669,1751925462.3564303,1751927822.8356185,batch_consumer-sts-0_20250707_223712_933445.csv,True,False,False,1751927869.441918,2407085.4876041412
76679,1751925462.356669,1751927822.8578515,batch_consumer-sts-0_20250707_223712_933445.csv,True,False,False,1751927869.441918,2407085.2489471436
76689,1751925462.3569047,1751927822.8802686,batch_consumer-sts-0_20250707_223712_933445.csv,True,False,False,1751927869.441918,2407085.013151169
76699,1751925462.3571448,1751927822.9025905,batch_consumer-sts-0_20250707_223712_933445.csv,True,False,False,1751927869.441918,2407084.7730636597
76709,1751925462.357389,1751927822.924909,batch_consumer-sts-0_20250707_223712_933445.csv,True,False,False,1751927869.441918,2407084.5289230347
76719,1751925462.3576262,1751927822.9472127,batch_consumer-sts-0_20250707_223712_933445.csv,True,False,False,1751927869.441918,2407084.2916965485
76729,1751925462.3578684,1751927822.970173,batch_consumer-sts-0_20250707_223712_933445.csv,True,False,False,1751927869.441918,2407084.049463272
76739,1751925462.358106,1751927822.9920945,batch_consumer-sts-0_20250707_223712_933445.csv,True,False,False,1751927869.441918,2407083.8119983673
76749,1751925462.3583589,1751927823.0137012,batch_consumer-sts-0_20250707_223712_933445.csv,True,False,False,1751927869.441918,2407083.559036255
76759,1751925462.3585954,1751927823.0361788,batch_consumer-sts-0_20250707_223712_933445.csv,True,False,False,1751927869.441918,2407083.3225250244
76769,1751925462.3588405,1751927823.0630813,batch_consumer-sts-0_20250707_223712_933445.csv,True,False,False,1751927869.441918,2407083.077430725
76779,1751925462.3590856,1751927823.085903,batch_consumer-sts-0_20250707_223712_933445.csv,True,False,False,1751927869.441918,2407082.832336426
76789,1751925462.359326,1751927823.1075175,batch_consumer-sts-0_20250707_223712_933445.csv,True,False,False,1751927869.441918,2407082.592010498
76799,1751925462.359565,1751927823.1297245,batch_consumer-sts-0_20250707_223712_933445.csv,True,False,False,1751927869.441918,2407082.352876663
76809,1751925462.359818,1751927823.1521986,batch_consumer-sts-0_20250707_223712_933445.csv,True,False,False,1751927869.441918,2407082.099914551
76819,1751925462.3600605,1751927823.175578,batch_consumer-sts-0_20250707_223712_933445.csv,True,False,False,1751927869.441918,2407081.857442856
76829,1751925462.3602972,1751927823.1982367,batch_consumer-sts-0_20250707_223712_933445.csv,True,False,False,1751927869.441918,2407081.620693207
76839,1751925462.360536,1751927823.2193828,batch_consumer-sts-0_20250707_223712_933445.csv,True,False,False,1751927869.441918,2407081.3817977905
76849,1751925462.360775,1751927823.2416975,batch_consumer-sts-0_20250707_223712_933445.csv,True,False,False,1751927869.441918,2407081.1429023743
76859,1751925462.3610158,1751927823.2639277,batch_consumer-sts-0_20250707_223712_933445.csv,True,False,False,1751927869.441918,2407080.9020996094
76869,1751925462.3612552,1751927823.2863004,batch_consumer-sts-0_20250707_223712_933445.csv,True,False,False,1751927869.441918,2407080.662727356
76879,1751925462.3614974,1751927823.3082857,batch_consumer-sts-0_20250707_223712_933445.csv,True,False,False,1751927869.441918,2407080.4204940796
100289,1751925464.5931146,1751927823.4525917,batch_consumer-sts-0_20250707_223712_933445.csv,True,False,False,1751927869.441918,2404848.803281784
100299,1751925464.5933666,1751927823.474758,batch_consumer-sts-0_20250707_223712_933445.csv,True,False,False,1751927869.441918,2404848.551273346
100309,1751925464.5936048,1751927823.49687,batch_consumer-sts-0_20250707_223712_933445.csv,True,False,False,1751927869.441918,2404848.3130931854
100319,1751925464.5938334,1751927823.5181077,batch_consumer-sts-0_20250707_223712_933445.csv,True,False,False,1751927869.441918,2404848.084449768
100329,1751925464.5940597,1751927823.5402632,batch_consumer-sts-0_20250707_223712_933445.csv,True,False,False,1751927869.441918,2404847.8581905365
100339,1751925464.594318,1751927823.5621483,batch_consumer-sts-0_20250707_223712_933445.csv,True,False,False,1751927869.441918,2404847.5999832153
101219,1751925467.4627478,1751927823.583912,batch_consumer-sts-0_20250707_223712_933445.csv,True,False,False,1751927869.441918,2401979.1700839996
101229,1751925467.462999,1751927823.6054456,batch_consumer-sts-0_20250707_223712_933445.csv,True,False,False,1751927869.441918,2401978.9187908173
101239,1751925467.4632285,1751927823.6271472,batch_consumer-sts-0_20250707_223712_933445.csv,True,False,False,1751927869.441918,2401978.689432144
101249,1751925467.46343,1751927823.648656,batch_consumer-sts-0_20250707_223712_933445.csv,True,False,False,1751927869.441918,2401978.487968445
101259,1751925467.4636352,1751927823.6706555,batch_consumer-sts-0_20250707_223712_933445.csv,True,False,False,1751927869.441918,2401978.282690048
101269,1751925467.4638343,1751927823.6924694,batch_consumer-sts-0_20250707_223712_933445.csv,True,False,False,1751927869.441918,2401978.0836105347
101279,1751925467.4640212,1751927823.713543,batch_consumer-sts-0_20250707_223712_933445.csv,True,False,False,1751927869.441918,2401977.8966903687
101619,1751925468.114667,1751927823.735773,batch_consumer-sts-0_20250707_223712_933445.csv,True,False,False,1751927869.441918,2401327.250957489
101629,1751925468.1148956,1751927823.757655,batch_consumer-sts-0_20250707_223712_933445.csv,True,False,False,1751927869.441918,2401327.0223140717
101639,1751925468.1151154,1751927823.7800322,batch_consumer-sts-0_20250707_223712_933445.csv,True,False,False,1751927869.441918,2401326.8024921417
101649,1751925468.1153302,1751927823.8022623,batch_consumer-sts-0_20250707_223712_933445.csv,True,False,False,1751927869.441918,2401326.587677002
101659,1751925468.1155393,1751927823.8244977,batch_consumer-sts-0_20250707_223712_933445.csv,True,False,False,1751927869.441918,2401326.378583908
101669,1751925468.1157174,1751927823.8470564,batch_consumer-sts-0_20250707_223712_933445.csv,True,False,False,1751927869.441918,2401326.2004852295
101679,1751925468.115891,1751927823.8696785,batch_consumer-sts-0_20250707_223712_933445.csv,True,False,False,1751927869.441918,2401326.026916504
101689,1751925468.1160738,1751927823.8921323,batch_consumer-sts-0_20250707_223712_933445.csv,True,False,False,1751927869.441918,2401325.8440494537
101699,1751925468.116245,1751927823.9157078,batch_consumer-sts-0_20250707_223712_933445.csv,True,False,False,1751927869.441918,2401325.672864914
101709,1751925468.116422,1751927823.938436,batch_consumer-sts-0_20250707_223712_933445.csv,True,False,False,1751927869.441918,2401325.4959583282
101719,1751925468.116604,1751927823.9613986,batch_consumer-sts-0_20250707_223712_933445.csv,True,False,False,1751927869.441918,2401325.313806534
101729,1751925468.1167846,1751927823.9842806,batch_consumer-sts-0_20250707_223712_933445.csv,True,False,False,1751927869.441918,2401325.1333236694
101739,1751925468.1169662,1751927824.00651,batch_consumer-sts-0_20250707_223712_933445.csv,True,False,False,1751927869.441918,2401324.951648712
101749,1751925468.1171472,1751927824.028829,batch_consumer-sts-0_20250707_223712_933445.csv,True,False,False,1751927869.441918,2401324.7706890106
101759,1751925468.117323,1751927824.051544,batch_consumer-sts-0_20250707_223712_933445.csv,True,False,False,1751927869.441918,2401324.594974518
101769,1751925468.1175,1751927824.074226,batch_consumer-sts-0_20250707_223712_933445.csv,True,False,False,1751927869.441918,2401324.4178295135
101779,1751925468.1176784,1751927824.0974505,batch_consumer-sts-0_20250707_223712_933445.csv,True,False,False,1751927869.441918,2401324.2394924164
101789,1751925468.1178515,1751927824.1195202,batch_consumer-sts-0_20250707_223712_933445.csv,True,False,False,1751927869.441918,2401324.066400528
101799,1751925468.1180289,1751927824.1428275,batch_consumer-sts-0_20250707_223712_933445.csv,True,False,False,1751927869.441918,2401323.889017105
101809,1751925468.118241,1751927824.165747,batch_consumer-sts-0_20250707_223712_933445.csv,True,False,False,1751927869.441918,2401323.6768245697
101819,1751925468.118448,1751927824.187939,batch_consumer-sts-0_20250707_223712_933445.csv,True,False,False,1751927869.441918,2401323.469877243
101829,1751925468.118659,1751927824.21018,batch_consumer-sts-0_20250707_223712_933445.csv,True,False,False,1751927869.441918,2401323.2588768005
101839,1751925468.1188705,1751927824.2324607,batch_consumer-sts-0_20250707_223712_933445.csv,True,False,False,1751927869.441918,2401323.047399521
101849,1751925468.1190774,1751927824.2548032,batch_consumer-sts-0_20250707_223712_933445.csv,True,False,False,1751927869.441918,2401322.840452194
101859,1751925468.1192942,1751927824.27726,batch_consumer-sts-0_20250707_223712_933445.csv,True,False,False,1751927869.441918,2401322.623729706
101869,1751925468.1195052,1751927824.299492,batch_consumer-sts-0_20250707_223712_933445.csv,True,False,False,1751927869.441918,2401322.4127292633
101879,1751925468.1196918,1751927824.321588,batch_consumer-sts-0_20250707_223712_933445.csv,True,False,False,1751927869.441918,2401322.226047516
101889,1751925468.119872,1751927824.3439558,batch_consumer-sts-0_20250707_223712_933445.csv,True,False,False,1751927869.441918,2401322.04580307
101899,1751925468.1200826,1751927824.3662744,batch_consumer-sts-0_20250707_223712_933445.csv,True,False,False,1751927869.441918,2401321.8352794647
103539,1751925470.0416276,1751927824.3877227,batch_consumer-sts-0_20250707_223712_933445.csv,True,False,False,1751927869.441918,2399400.290250778
103549,1751925470.041835,1751927824.4098089,batch_consumer-sts-0_20250707_223712_933445.csv,True,False,False,1751927869.441918,2399400.0828266144
103559,1751925470.0420249,1751927824.4322066,batch_consumer-sts-0_20250707_223712_933445.csv,True,False,False,1751927869.441918,2399399.8930454254
103569,1751925470.0422502,1751927824.4550917,batch_consumer-sts-0_20250707_223712_933445.csv,True,False,False,1751927869.441918,2399399.667739868
103579,1751925470.0424404,1751927824.4779935,batch_consumer-sts-0_20250707_223712_933445.csv,True,False,False,1751927869.441918,2399399.477481842
103589,1751925470.0426276,1751927824.5003254,batch_consumer-sts-0_20250707_223712_933445.csv,True,False,False,1751927869.441918,2399399.2903232574
103599,1751925470.0428138,1751927824.5232086,batch_consumer-sts-0_20250707_223712_933445.csv,True,False,False,1751927869.441918,2399399.104118347
103609,1751925470.042993,1751927824.545772,batch_consumer-sts-0_20250707_223712_933445.csv,True,False,False,1751927869.441918,2399398.9248275757
103619,1751925470.043181,1751927824.568379,batch_consumer-sts-0_20250707_223712_933445.csv,True,False,False,1751927869.441918,2399398.7369537354
103629,1751925470.0433683,1751927824.5910916,batch_consumer-sts-0_20250707_223712_933445.csv,True,False,False,1751927869.441918,2399398.549556732
103639,1751925470.0435612,1751927824.6149232,batch_consumer-sts-0_20250707_223712_933445.csv,True,False,False,1751927869.441918,2399398.3566761017
103649,1751925470.0437396,1751927824.637349,batch_consumer-sts-0_20250707_223712_933445.csv,True,False,False,1751927869.441918,2399398.1783390045
103659,1751925470.043913,1751927824.660309,batch_consumer-sts-0_20250707_223712_933445.csv,True,False,False,1751927869.441918,2399398.0050086975
103669,1751925470.0441,1751927824.682791,batch_consumer-sts-0_20250707_223712_933445.csv,True,False,False,1751927869.441918,2399397.817850113
105699,1751925473.2737825,1751927824.705574,batch_consumer-sts-0_20250707_223712_933445.csv,True,False,False,1751927869.441918,2396168.135404587
105709,1751925473.274004,1751927824.7279477,batch_consumer-sts-0_20250707_223712_933445.csv,True,False,False,1751927869.441918,2396167.913913727
105719,1751925473.274266,1751927824.7503405,batch_consumer-sts-0_20250707_223712_933445.csv,True,False,False,1751927869.441918,2396167.6518917084
108929,1751925475.091787,1751927824.7727497,batch_consumer-sts-0_20250707_223712_933445.csv,True,False,False,1751927869.441918,2394350.1307964325
108939,1751925475.092008,1751927824.795401,batch_consumer-sts-0_20250707_223712_933445.csv,True,False,False,1751927869.441918,2394349.9097824097
108949,1751925475.0922258,1751927824.8179257,batch_consumer-sts-0_20250707_223712_933445.csv,True,False,False,1751927869.441918,2394349.692106247
108959,1751925475.0924406,1751927824.8402896,batch_consumer-sts-0_20250707_223712_933445.csv,True,False,False,1751927869.441918,2394349.477291107
108969,1751925475.0926635,1751927824.86261,batch_consumer-sts-0_20250707_223712_933445.csv,True,False,False,1751927869.441918,2394349.2543697357
108979,1751925475.0928514,1751927824.8852575,batch_consumer-sts-0_20250707_223712_933445.csv,True,False,False,1751927869.441918,2394349.0664958954
108989,1751925475.0930724,1751927824.907735,batch_consumer-sts-0_20250707_223712_933445.csv,True,False,False,1751927869.441918,2394348.8454818726
108999,1751925475.0932832,1751927824.9297829,batch_consumer-sts-0_20250707_223712_933445.csv,True,False,False,1751927869.441918,2394348.6347198486
109009,1751925475.093505,1751927824.952774,batch_consumer-sts-0_20250707_223712_933445.csv,True,False,False,1751927869.441918,2394348.41299057
109019,1751925475.093723,1751927824.9753942,batch_consumer-sts-0_20250707_223712_933445.csv,True,False,False,1751927869.441918,2394348.19483757
109029,1751925475.093938,1751927824.9979904,batch_consumer-sts-0_20250707_223712_933445.csv,True,False,False,1751927869.441918,2394347.979784012
109039,1751925475.094165,1751927825.0198402,batch_consumer-sts-0_20250707_223712_933445.csv,True,False,False,1751927869.441918,2394347.7528095245
109049,1751925475.0943954,1751927825.0426648,batch_consumer-sts-0_20250707_223712_933445.csv,True,False,False,1751927869.441918,2394347.522497177
109059,1751925475.0946083,1751927825.0660996,batch_consumer-sts-0_20250707_223712_933445.csv,True,False,False,1751927869.441918,2394347.309589386
109069,1751925475.0948224,1751927825.0882926,batch_consumer-sts-0_20250707_223712_933445.csv,True,False,False,1751927869.441918,2394347.095489502
109079,1751925475.0950413,1751927826.1115637,batch_consumer-sts-0_20250707_223712_933445.csv,True,False,False,1751927869.441918,2394346.8766212463
109089,1751925475.0952604,1751927826.1341715,batch_consumer-sts-0_20250707_223712_933445.csv,True,False,False,1751927869.441918,2394346.657514572
109099,1751925475.0954762,1751927826.155557,batch_consumer-sts-0_20250707_223712_933445.csv,True,False,False,1751927869.441918,2394346.441745758
109109,1751925475.0956955,1751927826.1777632,batch_consumer-sts-0_20250707_223712_933445.csv,True,False,False,1751927869.441918,2394346.2224006653
109119,1751925475.0959077,1751927826.2002122,batch_consumer-sts-0_20250707_223712_933445.csv,True,False,False,1751927869.441918,2394346.01020813
109129,1751925475.0961263,1751927826.2220182,batch_consumer-sts-0_20250707_223712_933445.csv,True,False,False,1751927869.441918,2394345.791578293
110249,1751925475.7925131,1751927826.2445264,batch_consumer-sts-0_20250707_223712_933445.csv,True,False,False,1751927869.441918,2393649.4047641754
110259,1751925475.7927334,1751927826.2673025,batch_consumer-sts-0_20250707_223712_933445.csv,True,False,False,1751927869.441918,2393649.1844654083
110269,1751925475.7929635,1751927826.289722,batch_consumer-sts-0_20250707_223712_933445.csv,True,False,False,1751927869.441918,2393648.9543914795
110279,1751925475.7932055,1751927826.3122578,batch_consumer-sts-0_20250707_223712_933445.csv,True,False,False,1751927869.441918,2393648.7123966217
110289,1751925475.7934191,1751927826.3348482,batch_consumer-sts-0_20250707_223712_933445.csv,True,False,False,1751927869.441918,2393648.498773575
110299,1751925475.7936325,1751927826.3574495,batch_consumer-sts-0_20250707_223712_933445.csv,True,False,False,1751927869.441918,2393648.2853889465
110309,1751925475.7938478,1751927826.380087,batch_consumer-sts-0_20250707_223712_933445.csv,True,False,False,1751927869.441918,2393648.0700969696
110319,1751925475.7940571,1751927826.5998316,batch_consumer-sts-0_20250707_223712_933445.csv,True,False,False,1751927869.441918,2393647.860765457
110329,1751925475.794293,1751927826.6274872,batch_consumer-sts-0_20250707_223712_933445.csv,True,False,False,1751927869.441918,2393647.6249694824
110339,1751925475.794508,1751927826.6502051,batch_consumer-sts-0_20250707_223712_933445.csv,True,False,False,1751927869.441918,2393647.409915924
110349,1751925475.7947185,1751927826.6770563,batch_consumer-sts-0_20250707_223712_933445.csv,True,False,False,1751927869.441918,2393647.1993923187
110359,1751925475.79493,1751927826.699869,batch_consumer-sts-0_20250707_223712_933445.csv,True,False,False,1751927869.441918,2393646.987915039
110369,1751925475.7951405,1751927826.722589,batch_consumer-sts-0_20250707_223712_933445.csv,True,False,False,1751927869.441918,2393646.7773914337
110379,1751925475.7953496,1751927826.7452042,batch_consumer-sts-0_20250707_223712_933445.csv,True,False,False,1751927869.441918,2393646.56829834
110389,1751925475.795565,1751927826.7671866,batch_consumer-sts-0_20250707_223712_933445.csv,True,False,False,1751927869.441918,2393646.353006363
110399,1751925475.7957785,1751927826.7899988,batch_consumer-sts-0_20250707_223712_933445.csv,True,False,False,1751927869.441918,2393646.139383316
110409,1751925475.7959917,1751927826.812394,batch_consumer-sts-0_20250707_223712_933445.csv,True,False,False,1751927869.441918,2393645.9262371063
110419,1751925475.7962017,1751927826.8349912,batch_consumer-sts-0_20250707_223712_933445.csv,True,False,False,1751927869.441918,2393645.716190338
110429,1751925475.796413,1751927826.857734,batch_consumer-sts-0_20250707_223712_933445.csv,True,False,False,1751927869.441918,2393645.504951477
110439,1751925475.796621,1751927826.8801827,batch_consumer-sts-0_20250707_223712_933445.csv,True,False,False,1751927869.441918,2393645.2968120575
110449,1751925475.7968447,1751927826.9015453,batch_consumer-sts-0_20250707_223712_933445.csv,True,False,False,1751927869.441918,2393645.0731754303
110459,1751925475.7970288,1751927826.9240391,batch_consumer-sts-0_20250707_223712_933445.csv,True,False,False,1751927869.441918,2393644.889116287
110469,1751925475.7972138,1751927826.9456737,batch_consumer-sts-0_20250707_223712_933445.csv,True,False,False,1751927869.441918,2393644.70410347
110479,1751925475.7974026,1751927826.968038,batch_consumer-sts-0_20250707_223712_933445.csv,True,False,False,1751927869.441918,2393644.515275955
110489,1751925475.7975914,1751927826.990524,batch_consumer-sts-0_20250707_223712_933445.csv,True,False,False,1751927869.441918,2393644.3264484406
110499,1751925475.7977853,1751927827.0127437,batch_consumer-sts-0_20250707_223712_933445.csv,True,False,False,1751927869.441918,2393644.1326141357
110509,1751925475.7980044,1751927827.035021,batch_consumer-sts-0_20250707_223712_933445.csv,True,False,False,1751927869.441918,2393643.9135074615
110519,1751925475.798255,1751927827.0575247,batch_consumer-sts-0_20250707_223712_933445.csv,True,False,False,1751927869.441918,2393643.662929535
110529,1751925475.7984807,1751927827.079957,batch_consumer-sts-0_20250707_223712_933445.csv,True,False,False,1751927869.441918,2393643.4371471405
110539,1751925475.798707,1751927827.1024094,batch_consumer-sts-0_20250707_223712_933445.csv,True,False,False,1751927869.441918,2393643.210887909
110549,1751925475.7989469,1751927827.124924,batch_consumer-sts-0_20250707_223712_933445.csv,True,False,False,1751927869.441918,2393642.9710388184
110559,1751925475.799182,1751927827.147611,batch_consumer-sts-0_20250707_223712_933445.csv,True,False,False,1751927869.441918,2393642.7359580994
113519,1751925478.3721094,1751927827.4794111,batch_consumer-sts-0_20250707_223712_933445.csv,True,False,False,1751927869.441918,2391069.808483124
113529,1751925478.3723223,1751927827.5021667,batch_consumer-sts-0_20250707_223712_933445.csv,True,False,False,1751927869.441918,2391069.5955753326
113539,1751925478.372556,1751927827.52454,batch_consumer-sts-0_20250707_223712_933445.csv,True,False,False,1751927869.441918,2391069.361925125
113549,1751925478.3727684,1751927827.551444,batch_consumer-sts-0_20250707_223712_933445.csv,True,False,False,1751927869.441918,2391069.149494171
113559,1751925478.372951,1751927827.573982,batch_consumer-sts-0_20250707_223712_933445.csv,True,False,False,1751927869.441918,2391068.9668655396
113569,1751925478.3731291,1751927827.5964017,batch_consumer-sts-0_20250707_223712_933445.csv,True,False,False,1751927869.441918,2391068.788766861
113579,1751925478.3733168,1751927827.6188784,batch_consumer-sts-0_20250707_223712_933445.csv,True,False,False,1751927869.441918,2391068.601131439
113589,1751925478.373499,1751927827.6426172,batch_consumer-sts-0_20250707_223712_933445.csv,True,False,False,1751927869.441918,2391068.418979645
113599,1751925478.3736806,1751927827.665104,batch_consumer-sts-0_20250707_223712_933445.csv,True,False,False,1751927869.441918,2391068.2373046875
113609,1751925478.3738885,1751927827.6871269,batch_consumer-sts-0_20250707_223712_933445.csv,True,False,False,1751927869.441918,2391068.0294036865
113619,1751925478.374076,1751927827.709119,batch_consumer-sts-0_20250707_223712_933445.csv,True,False,False,1751927869.441918,2391067.8420066833
113629,1751925478.3742783,1751927827.73197,batch_consumer-sts-0_20250707_223712_933445.csv,True,False,False,1751927869.441918,2391067.6395893097
113639,1751925478.374463,1751927827.755021,batch_consumer-sts-0_20250707_223712_933445.csv,True,False,False,1751927869.441918,2391067.454814911
113649,1751925478.374658,1751927827.7780108,batch_consumer-sts-0_20250707_223712_933445.csv,True,False,False,1751927869.441918,2391067.259788513
113659,1751925478.3748524,1751927827.8009343,batch_consumer-sts-0_20250707_223712_933445.csv,True,False,False,1751927869.441918,2391067.065477371
113669,1751925478.375043,1751927827.8229318,batch_consumer-sts-0_20250707_223712_933445.csv,True,False,False,1751927869.441918,2391066.8749809265
113679,1751925478.3752255,1751927827.8457966,batch_consumer-sts-0_20250707_223712_933445.csv,True,False,False,1751927869.441918,2391066.692352295
114799,1751925479.2202466,1751927827.8682911,batch_consumer-sts-0_20250707_223712_933445.csv,True,False,False,1751927869.441918,2390221.6713428497
114809,1751925479.337705,1751927827.8910496,batch_consumer-sts-0_20250707_223712_933445.csv,True,False,False,1751927869.441918,2390104.212999344
114819,1751925479.3378963,1751927827.912682,batch_consumer-sts-0_20250707_223712_933445.csv,True,False,False,1751927869.441918,2390104.021549225
114829,1751925479.338086,1751927827.935995,batch_consumer-sts-0_20250707_223712_933445.csv,True,False,False,1751927869.441918,2390103.8320064545
114839,1751925479.3383093,1751927827.958578,batch_consumer-sts-0_20250707_223712_933445.csv,True,False,False,1751927869.441918,2390103.608608246
114849,1751925479.3385017,1751927827.981251,batch_consumer-sts-0_20250707_223712_933445.csv,True,False,False,1751927869.441918,2390103.4162044525
114859,1751925479.3386903,1751927828.0041618,batch_consumer-sts-0_20250707_223712_933445.csv,True,False,False,1751927869.441918,2390103.2276153564
114869,1751925479.3388865,1751927828.0374324,batch_consumer-sts-0_20250707_223712_933445.csv,True,False,False,1751927869.441918,2390103.031396866
114879,1751925479.3390722,1751927828.0643914,batch_consumer-sts-0_20250707_223712_933445.csv,True,False,False,1751927869.441918,2390102.8456687927
114889,1751925479.3392634,1751927828.0868976,batch_consumer-sts-0_20250707_223712_933445.csv,True,False,False,1751927869.441918,2390102.6544570923
114899,1751925479.3394642,1751927828.1091623,batch_consumer-sts-0_20250707_223712_933445.csv,True,False,False,1751927869.441918,2390102.4537086487
114909,1751925479.3396423,1751927828.1304097,batch_consumer-sts-0_20250707_223712_933445.csv,True,False,False,1751927869.441918,2390102.27560997
114919,1751925479.339821,1751927828.1527462,batch_consumer-sts-0_20250707_223712_933445.csv,True,False,False,1751927869.441918,2390102.0967960358
114929,1751925479.3400116,1751927828.1748922,batch_consumer-sts-0_20250707_223712_933445.csv,True,False,False,1751927869.441918,2390101.906299591
114939,1751925479.3401892,1751927828.1973937,batch_consumer-sts-0_20250707_223712_933445.csv,True,False,False,1751927869.441918,2390101.7286777496
114949,1751925479.3403676,1751927828.219385,batch_consumer-sts-0_20250707_223712_933445.csv,True,False,False,1751927869.441918,2390101.5503406525
114959,1751925479.340551,1751927828.2417672,batch_consumer-sts-0_20250707_223712_933445.csv,True,False,False,1751927869.441918,2390101.366996765
114969,1751925479.3407311,1751927828.2643142,batch_consumer-sts-0_20250707_223712_933445.csv,True,False,False,1751927869.441918,2390101.1867523193
114979,1751925479.340912,1751927828.2866793,batch_consumer-sts-0_20250707_223712_933445.csv,True,False,False,1751927869.441918,2390101.005792618
114989,1751925479.3410983,1751927828.3093815,batch_consumer-sts-0_20250707_223712_933445.csv,True,False,False,1751927869.441918,2390100.8195877075
114999,1751925479.341272,1751927828.3320346,batch_consumer-sts-0_20250707_223712_933445.csv,True,False,False,1751927869.441918,2390100.6457805634
115009,1751925479.3414466,1751927828.3548636,batch_consumer-sts-0_20250707_223712_933445.csv,True,False,False,1751927869.441918,2390100.4712581635
115019,1751925479.341621,1751927828.3775077,batch_consumer-sts-0_20250707_223712_933445.csv,True,False,False,1751927869.441918,2390100.296974182
115029,1751925479.3418007,1751927828.400065,batch_consumer-sts-0_20250707_223712_933445.csv,True,False,False,1751927869.441918,2390100.1172065735
115039,1751925479.3419826,1751927828.4224446,batch_consumer-sts-0_20250707_223712_933445.csv,True,False,False,1751927869.441918,2390099.9352931976
115049,1751925479.342175,1751927829.1707911,batch_consumer-sts-0_20250707_223712_933445.csv,True,False,False,1751927869.441918,2390099.7428894043
115059,1751925479.3423836,1751927829.1937609,batch_consumer-sts-0_20250707_223712_933445.csv,True,False,False,1751927869.441918,2390099.5342731476
115069,1751925479.3425782,1751927829.2159286,batch_consumer-sts-0_20250707_223712_933445.csv,True,False,False,1751927869.441918,2390099.339723587
115079,1751925479.34277,1751927829.238532,batch_consumer-sts-0_20250707_223712_933445.csv,True,False,False,1751927869.441918,2390099.147796631
115089,1751925479.342958,1751927829.261329,batch_consumer-sts-0_20250707_223712_933445.csv,True,False,False,1751927869.441918,2390098.9599227905
115099,1751925479.343152,1751927829.283847,batch_consumer-sts-0_20250707_223712_933445.csv,True,False,False,1751927869.441918,2390098.765850067
115109,1751925479.3433862,1751927829.306461,batch_consumer-sts-0_20250707_223712_933445.csv,True,False,False,1751927869.441918,2390098.5317230225
115119,1751925479.3435783,1751927829.3292284,batch_consumer-sts-0_20250707_223712_933445.csv,True,False,False,1751927869.441918,2390098.3395576477
115129,1751925479.343768,1751927829.3519294,batch_consumer-sts-0_20250707_223712_933445.csv,True,False,False,1751927869.441918,2390098.1500148773
115139,1751925479.3439577,1751927829.3746974,batch_consumer-sts-0_20250707_223712_933445.csv,True,False,False,1751927869.441918,2390097.9602336884
115149,1751925479.3441603,1751927829.3975446,batch_consumer-sts-0_20250707_223712_933445.csv,True,False,False,1751927869.441918,2390097.757577896
115159,1751925479.344349,1751927829.419634,batch_consumer-sts-0_20250707_223712_933445.csv,True,False,False,1751927869.441918,2390097.5689888
115169,1751925479.3445346,1751927829.44214,batch_consumer-sts-0_20250707_223712_933445.csv,True,False,False,1751927869.441918,2390097.383260727
115179,1751925479.3447173,1751927829.4647703,batch_consumer-sts-0_20250707_223712_933445.csv,True,False,False,1751927869.441918,2390097.2006320953
115189,1751925479.3448963,1751927829.4871294,batch_consumer-sts-0_20250707_223712_933445.csv,True,False,False,1751927869.441918,2390097.0215797424
125139,1751925484.0995383,1751927829.5085042,batch_consumer-sts-0_20250707_223712_933445.csv,True,False,False,1751927869.441918,2385342.3795700073
125149,1751925484.0997794,1751927829.53069,batch_consumer-sts-0_20250707_223712_933445.csv,True,False,False,1751927869.441918,2385342.138528824
125159,1751925484.099991,1751927829.553042,batch_consumer-sts-0_20250707_223712_933445.csv,True,False,False,1751927869.441918,2385341.9268131256
125169,1751925484.100185,1751927829.575643,batch_consumer-sts-0_20250707_223712_933445.csv,True,False,False,1751927869.441918,2385341.732978821
125179,1751925484.100372,1751927829.5984583,batch_consumer-sts-0_20250707_223712_933445.csv,True,False,False,1751927869.441918,2385341.545820236
125189,1751925484.100561,1751927829.6205063,batch_consumer-sts-0_20250707_223712_933445.csv,True,False,False,1751927869.441918,2385341.3569927216
125199,1751925484.1007435,1751927829.6428342,batch_consumer-sts-0_20250707_223712_933445.csv,True,False,False,1751927869.441918,2385341.17436409
125209,1751925484.100922,1751927829.6655886,batch_consumer-sts-0_20250707_223712_933445.csv,True,False,False,1751927869.441918,2385340.995788574
125219,1751925484.1011033,1751927829.687872,batch_consumer-sts-0_20250707_223712_933445.csv,True,False,False,1751927869.441918,2385340.814590454
125229,1751925484.101285,1751927829.709968,batch_consumer-sts-0_20250707_223712_933445.csv,True,False,False,1751927869.441918,2385340.632915497
125239,1751925484.101467,1751927829.7325768,batch_consumer-sts-0_20250707_223712_933445.csv,True,False,False,1751927869.441918,2385340.451002121
125249,1751925484.1016438,1751927829.7552054,batch_consumer-sts-0_20250707_223712_933445.csv,True,False,False,1751927869.441918,2385340.2740955353
125259,1751925484.1018257,1751927829.7775345,batch_consumer-sts-0_20250707_223712_933445.csv,True,False,False,1751927869.441918,2385340.0921821594
125269,1751925484.102007,1751927829.8002813,batch_consumer-sts-0_20250707_223712_933445.csv,True,False,False,1751927869.441918,2385339.9109840393
125279,1751925484.1022246,1751927829.8226857,batch_consumer-sts-0_20250707_223712_933445.csv,True,False,False,1751927869.441918,2385339.6933078766
125289,1751925484.1024773,1751927829.8454354,batch_consumer-sts-0_20250707_223712_933445.csv,True,False,False,1751927869.441918,2385339.4405841827
125299,1751925484.1027112,1751927829.867975,batch_consumer-sts-0_20250707_223712_933445.csv,True,False,False,1751927869.441918,2385339.2066955566
125309,1751925484.102941,1751927829.8913796,batch_consumer-sts-0_20250707_223712_933445.csv,True,False,False,1751927869.441918,2385338.9768600464
125319,1751925484.103168,1751927829.9135034,batch_consumer-sts-0_20250707_223712_933445.csv,True,False,False,1751927869.441918,2385338.749885559
125329,1751925484.1033945,1751927829.93636,batch_consumer-sts-0_20250707_223712_933445.csv,True,False,False,1751927869.441918,2385338.523387909
125339,1751925484.103598,1751927829.9591243,batch_consumer-sts-0_20250707_223712_933445.csv,True,False,False,1751927869.441918,2385338.3197784424
125349,1751925484.103789,1751927829.981915,batch_consumer-sts-0_20250707_223712_933445.csv,True,False,False,1751927869.441918,2385338.1288051605
125359,1751925484.1039765,1751927830.0041995,batch_consumer-sts-0_20250707_223712_933445.csv,True,False,False,1751927869.441918,2385337.9414081573
125369,1751925484.104169,1751927830.0263608,batch_consumer-sts-0_20250707_223712_933445.csv,True,False,False,1751927869.441918,2385337.749004364
125379,1751925484.1043649,1751927830.0498347,batch_consumer-sts-0_20250707_223712_933445.csv,True,False,False,1751927869.441918,2385337.553024292
125389,1751925484.1045558,1751927830.0724895,batch_consumer-sts-0_20250707_223712_933445.csv,True,False,False,1751927869.441918,2385337.36205101
125399,1751925484.104758,1751927830.095105,batch_consumer-sts-0_20250707_223712_933445.csv,True,False,False,1751927869.441918,2385337.159872055
125409,1751925484.104946,1751927830.1175137,batch_consumer-sts-0_20250707_223712_933445.csv,True,False,False,1751927869.441918,2385336.9719982147
125419,1751925484.1051345,1751927830.140106,batch_consumer-sts-0_20250707_223712_933445.csv,True,False,False,1751927869.441918,2385336.7834091187
125429,1751925484.105317,1751927830.1628058,batch_consumer-sts-0_20250707_223712_933445.csv,True,False,False,1751927869.441918,2385336.600780487
125439,1751925484.1055264,1751927830.1857634,batch_consumer-sts-0_20250707_223712_933445.csv,True,False,False,1751927869.441918,2385336.3914489746
125449,1751925484.1057255,1751927830.2083504,batch_consumer-sts-0_20250707_223712_933445.csv,True,False,False,1751927869.441918,2385336.192369461
125459,1751925484.1059296,1751927830.2306154,batch_consumer-sts-0_20250707_223712_933445.csv,True,False,False,1751927869.441918,2385335.9882831573
125469,1751925484.106123,1751927830.253318,batch_consumer-sts-0_20250707_223712_933445.csv,True,False,False,1751927869.441918,2385335.7949256897
125479,1751925484.1063757,1751927830.2757287,batch_consumer-sts-0_20250707_223712_933445.csv,True,False,False,1751927869.441918,2385335.542201996
125489,1751925484.1066122,1751927830.298236,batch_consumer-sts-0_20250707_223712_933445.csv,True,False,False,1751927869.441918,2385335.3056907654
125499,1751925484.1068249,1751927830.320526,batch_consumer-sts-0_20250707_223712_933445.csv,True,False,False,1751927869.441918,2385335.093021393
125509,1751925484.1070435,1751927830.3429642,batch_consumer-sts-0_20250707_223712_933445.csv,True,False,False,1751927869.441918,2385334.874391556
126039,1751925484.221777,1751927830.3654418,batch_consumer-sts-0_20250707_223712_933445.csv,True,False,False,1751927869.441918,2385220.1409339905
126049,1751925484.2219732,1751927830.3877976,batch_consumer-sts-0_20250707_223712_933445.csv,True,False,False,1751927869.441918,2385219.9447155
126059,1751925484.222171,1751927830.4100268,batch_consumer-sts-0_20250707_223712_933445.csv,True,False,False,1751927869.441918,2385219.746828079
126069,1751925484.2223678,1751927830.4326031,batch_consumer-sts-0_20250707_223712_933445.csv,True,False,False,1751927869.441918,2385219.5501327515
126079,1751925484.2225492,1751927830.455205,batch_consumer-sts-0_20250707_223712_933445.csv,True,False,False,1751927869.441918,2385219.368696213
126089,1751925484.2227328,1751927830.4766915,batch_consumer-sts-0_20250707_223712_933445.csv,True,False,False,1751927869.441918,2385219.185113907
126099,1751925484.2229495,1751927830.4987433,batch_consumer-sts-0_20250707_223712_933445.csv,True,False,False,1751927869.441918,2385218.9683914185
126109,1751925484.223159,1751927831.5224755,batch_consumer-sts-0_20250707_223712_933445.csv,True,False,False,1751927869.441918,2385218.7588214874
126119,1751925484.2233803,1751927831.828791,batch_consumer-sts-0_20250707_223712_933445.csv,True,False,False,1751927869.441918,2385218.537569046
126129,1751925484.2235756,1751927831.851365,batch_consumer-sts-0_20250707_223712_933445.csv,True,False,False,1751927869.441918,2385218.3423042297
126139,1751925484.2237663,1751927831.878247,batch_consumer-sts-0_20250707_223712_933445.csv,True,False,False,1751927869.441918,2385218.1515693665
126149,1751925484.2239544,1751927831.9001288,batch_consumer-sts-0_20250707_223712_933445.csv,True,False,False,1751927869.441918,2385217.9634571075
126159,1751925484.2241635,1751927831.9218752,batch_consumer-sts-0_20250707_223712_933445.csv,True,False,False,1751927869.441918,2385217.7543640137
126169,1751925484.22436,1751927831.9441571,batch_consumer-sts-0_20250707_223712_933445.csv,True,False,False,1751927869.441918,2385217.5579071045
126179,1751925484.2245955,1751927831.966598,batch_consumer-sts-0_20250707_223712_933445.csv,True,False,False,1751927869.441918,2385217.3223495483
126189,1751925484.2247944,1751927831.9890354,batch_consumer-sts-0_20250707_223712_933445.csv,True,False,False,1751927869.441918,2385217.1235084534
126199,1751925484.2249851,1751927832.010862,batch_consumer-sts-0_20250707_223712_933445.csv,True,False,False,1751927869.441918,2385216.93277359
126209,1751925484.228933,1751927832.0341191,batch_consumer-sts-0_20250707_223712_933445.csv,True,False,False,1751927869.441918,2385212.9848003387
126219,1751925484.2291608,1751927832.056664,batch_consumer-sts-0_20250707_223712_933445.csv,True,False,False,1751927869.441918,2385212.7571105957
126229,1751925484.2293472,1751927832.0793648,batch_consumer-sts-0_20250707_223712_933445.csv,True,False,False,1751927869.441918,2385212.570667267
126239,1751925484.2295318,1751927832.101399,batch_consumer-sts-0_20250707_223712_933445.csv,True,False,False,1751927869.441918,2385212.3861312866
126249,1751925484.2297163,1751927832.1223693,batch_consumer-sts-0_20250707_223712_933445.csv,True,False,False,1751927869.441918,2385212.2015953064
126259,1751925484.2299073,1751927832.149149,batch_consumer-sts-0_20250707_223712_933445.csv,True,False,False,1751927869.441918,2385212.0106220245
126269,1751925484.2300851,1751927832.1760018,batch_consumer-sts-0_20250707_223712_933445.csv,True,False,False,1751927869.441918,2385211.8327617645
126279,1751925484.2303095,1751927832.1982691,batch_consumer-sts-0_20250707_223712_933445.csv,True,False,False,1751927869.441918,2385211.6084098816
126289,1751925484.230503,1751927832.220177,batch_consumer-sts-0_20250707_223712_933445.csv,True,False,False,1751927869.441918,2385211.4148139954
126299,1751925484.2307255,1751927832.2423384,batch_consumer-sts-0_20250707_223712_933445.csv,True,False,False,1751927869.441918,2385211.192369461
126309,1751925484.2309568,1751927832.2644825,batch_consumer-sts-0_20250707_223712_933445.csv,True,False,False,1751927869.441918,2385210.9611034393
126319,1751925484.2311742,1751927832.4277282,batch_consumer-sts-0_20250707_223712_933445.csv,True,False,False,1751927869.441918,2385210.743665695
126329,1751925484.2314,1751927832.453753,batch_consumer-sts-0_20250707_223712_933445.csv,True,False,False,1751927869.441918,2385210.517883301
126339,1751925484.2316203,1751927832.4788415,batch_consumer-sts-0_20250707_223712_933445.csv,True,False,False,1751927869.441918,2385210.2975845337
140709,1751925489.5344794,1751927832.5050838,batch_consumer-sts-0_20250707_223712_933445.csv,True,False,False,1751927869.441918,2379907.438516617
140719,1751925489.5348868,1751927832.5307865,batch_consumer-sts-0_20250707_223712_933445.csv,True,False,False,1751927869.441918,2379907.031059265
140729,1751925489.5352285,1751927832.5571733,batch_consumer-sts-0_20250707_223712_933445.csv,True,False,False,1751927869.441918,2379906.6894054413
140739,1751925489.5355709,1751927832.582147,batch_consumer-sts-0_20250707_223712_933445.csv,True,False,False,1751927869.441918,2379906.3470363617
140749,1751925489.535889,1751927832.6068778,batch_consumer-sts-0_20250707_223712_933445.csv,True,False,False,1751927869.441918,2379906.028985977
140759,1751925489.5362058,1751927832.6324432,batch_consumer-sts-0_20250707_223712_933445.csv,True,False,False,1751927869.441918,2379905.7121276855
140769,1751925489.5365212,1751927832.6589158,batch_consumer-sts-0_20250707_223712_933445.csv,True,False,False,1751927869.441918,2379905.3966999054
140779,1751925489.5368466,1751927832.685418,batch_consumer-sts-0_20250707_223712_933445.csv,True,False,False,1751927869.441918,2379905.071258545
140789,1751925489.537161,1751927832.7115078,batch_consumer-sts-0_20250707_223712_933445.csv,True,False,False,1751927869.441918,2379904.756784439
140799,1751925489.5374696,1751927832.7349005,batch_consumer-sts-0_20250707_223712_933445.csv,True,False,False,1751927869.441918,2379904.4482707977
140809,1751925489.5377865,1751927832.7630334,batch_consumer-sts-0_20250707_223712_933445.csv,True,False,False,1751927869.441918,2379904.131412506
140819,1751925489.5380971,1751927832.7908273,batch_consumer-sts-0_20250707_223712_933445.csv,True,False,False,1751927869.441918,2379903.8207530975
140829,1751925489.5384595,1751927832.8179994,batch_consumer-sts-0_20250707_223712_933445.csv,True,False,False,1751927869.441918,2379903.4583568573
140839,1751925489.5388072,1751927832.846491,batch_consumer-sts-0_20250707_223712_933445.csv,True,False,False,1751927869.441918,2379903.110742569
140849,1751925489.5391517,1751927832.8748162,batch_consumer-sts-0_20250707_223712_933445.csv,True,False,False,1751927869.441918,2379902.766227722
140859,1751925489.539546,1751927832.9036696,batch_consumer-sts-0_20250707_223712_933445.csv,True,False,False,1751927869.441918,2379902.3718833923
143509,1751925490.5216658,1751927833.1734943,batch_consumer-sts-0_20250707_223729_672282.csv,True,False,False,1751927869.441918,2378920.252084732
143519,1751925490.521984,1751927833.203369,batch_consumer-sts-0_20250707_223729_672282.csv,True,False,False,1751927869.441918,2378919.933795929
143529,1751925490.522334,1751927833.2316136,batch_consumer-sts-0_20250707_223729_672282.csv,True,False,False,1751927869.441918,2378919.583797455
143539,1751925490.5226786,1751927833.261178,batch_consumer-sts-0_20250707_223729_672282.csv,True,False,False,1751927869.441918,2378919.239282608
143549,1751925490.5230167,1751927833.2902524,batch_consumer-sts-0_20250707_223729_672282.csv,True,False,False,1751927869.441918,2378918.901205063
143559,1751925490.523344,1751927833.3196783,batch_consumer-sts-0_20250707_223729_672282.csv,True,False,False,1751927869.441918,2378918.5738563538
143569,1751925490.523646,1751927833.3488836,batch_consumer-sts-0_20250707_223729_672282.csv,True,False,False,1751927869.441918,2378918.271780014
143579,1751925490.5239398,1751927833.3831778,batch_consumer-sts-0_20250707_223729_672282.csv,True,False,False,1751927869.441918,2378917.9780483246
143589,1751925490.524227,1751927833.4109335,batch_consumer-sts-0_20250707_223729_672282.csv,True,False,False,1751927869.441918,2378917.6909923553
143599,1751925490.5245104,1751927833.4404013,batch_consumer-sts-0_20250707_223729_672282.csv,True,False,False,1751927869.441918,2378917.407512665
143609,1751925490.5248048,1751927833.4703832,batch_consumer-sts-0_20250707_223729_672282.csv,True,False,False,1751927869.441918,2378917.1130657196
143619,1751925490.5250947,1751927833.5000925,batch_consumer-sts-0_20250707_223729_672282.csv,True,False,False,1751927869.441918,2378916.8231487274
143629,1751925490.5253856,1751927833.5293057,batch_consumer-sts-0_20250707_223729_672282.csv,True,False,False,1751927869.441918,2378916.532278061
143639,1751925490.525664,1751927833.6421692,batch_consumer-sts-0_20250707_223729_672282.csv,True,False,False,1751927869.441918,2378916.2538051605
143649,1751925490.5259492,1751927833.743544,batch_consumer-sts-0_20250707_223729_672282.csv,True,False,False,1751927869.441918,2378915.96865654
143659,1751925490.5262668,1751927833.765293,batch_consumer-sts-0_20250707_223729_672282.csv,True,False,False,1751927869.441918,2378915.6510829926
143669,1751925490.5265994,1751927833.787186,batch_consumer-sts-0_20250707_223729_672282.csv,True,False,False,1751927869.441918,2378915.3184890747
143679,1751925490.5269294,1751927833.8088589,batch_consumer-sts-0_20250707_223729_672282.csv,True,False,False,1751927869.441918,2378914.988517761
143689,1751925490.5272546,1751927833.831128,batch_consumer-sts-0_20250707_223729_672282.csv,True,False,False,1751927869.441918,2378914.6633148193
143699,1751925490.5275862,1751927833.8532174,batch_consumer-sts-0_20250707_223729_672282.csv,True,False,False,1751927869.441918,2378914.331674576
143709,1751925490.527904,1751927833.8752208,batch_consumer-sts-0_20250707_223729_672282.csv,True,False,False,1751927869.441918,2378914.01386261
143719,1751925490.5282383,1751927833.8970532,batch_consumer-sts-0_20250707_223729_672282.csv,True,False,False,1751927869.441918,2378913.679599762
143729,1751925490.5285811,1751927833.9183176,batch_consumer-sts-0_20250707_223729_672282.csv,True,False,False,1751927869.441918,2378913.336753845
143739,1751925490.5288882,1751927833.9405403,batch_consumer-sts-0_20250707_223729_672282.csv,True,False,False,1751927869.441918,2378913.0296707153
143749,1751925490.5291622,1751927833.9627929,batch_consumer-sts-0_20250707_223729_672282.csv,True,False,False,1751927869.441918,2378912.755727768
143759,1751925490.529463,1751927833.9847655,batch_consumer-sts-0_20250707_223729_672282.csv,True,False,False,1751927869.441918,2378912.454843521
143769,1751925490.529779,1751927834.0061078,batch_consumer-sts-0_20250707_223729_672282.csv,True,False,False,1751927869.441918,2378912.138938904
148709,1751925490.9807694,1751927834.027869,batch_consumer-sts-0_20250707_223729_672282.csv,True,False,False,1751927869.441918,2378461.1485004425
148719,1751925490.9809508,1751927834.0498464,batch_consumer-sts-0_20250707_223729_672282.csv,True,False,False,1751927869.441918,2378460.967063904
148729,1751925490.9811318,1751927834.071733,batch_consumer-sts-0_20250707_223729_672282.csv,True,False,False,1751927869.441918,2378460.7861042023
148739,1751925490.9813125,1751927834.093732,batch_consumer-sts-0_20250707_223729_672282.csv,True,False,False,1751927869.441918,2378460.6053829193
148749,1751925490.9815464,1751927834.1155975,batch_consumer-sts-0_20250707_223729_672282.csv,True,False,False,1751927869.441918,2378460.371494293
148759,1751925490.9817195,1751927834.1376436,batch_consumer-sts-0_20250707_223729_672282.csv,True,False,False,1751927869.441918,2378460.198402405
148769,1751925490.9819305,1751927834.159797,batch_consumer-sts-0_20250707_223729_672282.csv,True,False,False,1751927869.441918,2378459.9874019623
148779,1751925490.98216,1751927834.182346,batch_consumer-sts-0_20250707_223729_672282.csv,True,False,False,1751927869.441918,2378459.7578048706
148789,1751925490.9824362,1751927834.2044036,batch_consumer-sts-0_20250707_223729_672282.csv,True,False,False,1751927869.441918,2378459.481716156
148799,1751925490.9826252,1751927834.2269073,batch_consumer-sts-0_20250707_223729_672282.csv,True,False,False,1751927869.441918,2378459.292650223
148809,1751925490.9828131,1751927834.2489576,batch_consumer-sts-0_20250707_223729_672282.csv,True,False,False,1751927869.441918,2378459.1047763824
148819,1751925490.9829953,1751927834.2710676,batch_consumer-sts-0_20250707_223729_672282.csv,True,False,False,1751927869.441918,2378458.922624588
148829,1751925490.9831836,1751927834.2931876,batch_consumer-sts-0_20250707_223729_672282.csv,True,False,False,1751927869.441918,2378458.7342739105
148839,1751925490.9834352,1751927834.3148243,batch_consumer-sts-0_20250707_223729_672282.csv,True,False,False,1751927869.441918,2378458.4827423096
148849,1751925490.9837587,1751927834.3374653,batch_consumer-sts-0_20250707_223729_672282.csv,True,False,False,1751927869.441918,2378458.1592082977
148859,1751925490.98407,1751927834.3598738,batch_consumer-sts-0_20250707_223729_672282.csv,True,False,False,1751927869.441918,2378457.8478336334
148869,1751925490.984286,1751927834.3822358,batch_consumer-sts-0_20250707_223729_672282.csv,True,False,False,1751927869.441918,2378457.6318264008
148879,1751925490.9846292,1751927834.4034314,batch_consumer-sts-0_20250707_223729_672282.csv,True,False,False,1751927869.441918,2378457.2887420654
148889,1751925490.9848466,1751927834.4258304,batch_consumer-sts-0_20250707_223729_672282.csv,True,False,False,1751927869.441918,2378457.0713043213
148899,1751925490.9851918,1751927834.4482784,batch_consumer-sts-0_20250707_223729_672282.csv,True,False,False,1751927869.441918,2378456.7260742188
148909,1751925490.9854646,1751927834.471046,batch_consumer-sts-0_20250707_223729_672282.csv,True,False,False,1751927869.441918,2378456.4533233643
148919,1751925490.985711,1751927834.4929771,batch_consumer-sts-0_20250707_223729_672282.csv,True,False,False,1751927869.441918,2378456.2067985535
148929,1751925490.9860015,1751927834.5142822,batch_consumer-sts-0_20250707_223729_672282.csv,True,False,False,1751927869.441918,2378455.916404724
148939,1751925490.9864018,1751927834.5355976,batch_consumer-sts-0_20250707_223729_672282.csv,True,False,False,1751927869.441918,2378455.51609993
148949,1751925490.9867203,1751927834.5582223,batch_consumer-sts-0_20250707_223729_672282.csv,True,False,False,1751927869.441918,2378455.197572708
148959,1751925490.9870586,1751927834.580362,batch_consumer-sts-0_20250707_223729_672282.csv,True,False,False,1751927869.441918,2378454.8592567444
148969,1751925490.98729,1751927834.6017728,batch_consumer-sts-0_20250707_223729_672282.csv,True,False,False,1751927869.441918,2378454.6279907227
148979,1751925490.9874754,1751927834.6228182,batch_consumer-sts-0_20250707_223729_672282.csv,True,False,False,1751927869.441918,2378454.442501068
148989,1751925490.9876947,1751927834.6453712,batch_consumer-sts-0_20250707_223729_672282.csv,True,False,False,1751927869.441918,2378454.2231559753
148999,1751925490.9878838,1751927834.6675994,batch_consumer-sts-0_20250707_223729_672282.csv,True,False,False,1751927869.441918,2378454.034090042
149009,1751925490.9880712,1751927834.690717,batch_consumer-sts-0_20250707_223729_672282.csv,True,False,False,1751927869.441918,2378453.846693039
149019,1751925490.9882617,1751927834.712169,batch_consumer-sts-0_20250707_223729_672282.csv,True,False,False,1751927869.441918,2378453.6561965942
149029,1751925490.9884672,1751927834.734126,batch_consumer-sts-0_20250707_223729_672282.csv,True,False,False,1751927869.441918,2378453.450679779
149039,1751925490.9886646,1751927834.755866,batch_consumer-sts-0_20250707_223729_672282.csv,True,False,False,1751927869.441918,2378453.2532691956
149049,1751925490.9888575,1751927834.777744,batch_consumer-sts-0_20250707_223729_672282.csv,True,False,False,1751927869.441918,2378453.060388565
149059,1751925490.9890485,1751927834.7999434,batch_consumer-sts-0_20250707_223729_672282.csv,True,False,False,1751927869.441918,2378452.869415283
149069,1751925490.989239,1751927834.8220398,batch_consumer-sts-0_20250707_223729_672282.csv,True,False,False,1751927869.441918,2378452.6789188385
149079,1751925490.98943,1751927834.8438196,batch_consumer-sts-0_20250707_223729_672282.csv,True,False,False,1751927869.441918,2378452.4879455566
149089,1751925490.9896352,1751927834.8663664,batch_consumer-sts-0_20250707_223729_672282.csv,True,False,False,1751927869.441918,2378452.28266716
149099,1751925490.9898148,1751927834.888546,batch_consumer-sts-0_20250707_223729_672282.csv,True,False,False,1751927869.441918,2378452.10313797
149109,1751925490.9899962,1751927834.910111,batch_consumer-sts-0_20250707_223729_672282.csv,True,False,False,1751927869.441918,2378451.9217014313
149119,1751925490.9901996,1751927834.9318016,batch_consumer-sts-0_20250707_223729_672282.csv,True,False,False,1751927869.441918,2378451.7183303833
149129,1751925490.9903867,1751927834.95372,batch_consumer-sts-0_20250707_223729_672282.csv,True,False,False,1751927869.441918,2378451.5311717987
149139,1751925490.9905756,1751927834.975649,batch_consumer-sts-0_20250707_223729_672282.csv,True,False,False,1751927869.441918,2378451.342344284
156559,1751925491.274505,1751927834.9980252,batch_consumer-sts-0_20250707_223729_672282.csv,True,False,False,1751927869.441918,2378167.412996292
156569,1751925491.2747014,1751927835.01907,batch_consumer-sts-0_20250707_223729_672282.csv,True,False,False,1751927869.441918,2378167.216539383
156579,1751925491.274892,1751927835.0413384,batch_consumer-sts-0_20250707_223729_672282.csv,True,False,False,1751927869.441918,2378167.0258045197
156589,1751925491.2750814,1751927835.0635824,batch_consumer-sts-0_20250707_223729_672282.csv,True,False,False,1751927869.441918,2378166.836500168
156599,1751925491.2753105,1751927835.0856266,batch_consumer-sts-0_20250707_223729_672282.csv,True,False,False,1751927869.441918,2378166.6073799133
156609,1751925491.2755065,1751927835.1072578,batch_consumer-sts-0_20250707_223729_672282.csv,True,False,False,1751927869.441918,2378166.4113998413
156619,1751925491.275704,1751927835.1292884,batch_consumer-sts-0_20250707_223729_672282.csv,True,False,False,1751927869.441918,2378166.213989258
156629,1751925491.275901,1751927835.1516335,batch_consumer-sts-0_20250707_223729_672282.csv,True,False,False,1751927869.441918,2378166.016817093
156639,1751925491.2760923,1751927835.174189,batch_consumer-sts-0_20250707_223729_672282.csv,True,False,False,1751927869.441918,2378165.8256053925
156649,1751925491.2762804,1751927835.1954024,batch_consumer-sts-0_20250707_223729_672282.csv,True,False,False,1751927869.441918,2378165.6374931335
156659,1751925491.2764852,1751927835.215835,batch_consumer-sts-0_20250707_223729_672282.csv,True,False,False,1751927869.441918,2378165.432691574
156669,1751925491.2766688,1751927835.2376218,batch_consumer-sts-0_20250707_223729_672282.csv,True,False,False,1751927869.441918,2378165.249109268
156679,1751925491.2768545,1751927835.259308,batch_consumer-sts-0_20250707_223729_672282.csv,True,False,False,1751927869.441918,2378165.063381195
156689,1751925491.2770422,1751927835.28104,batch_consumer-sts-0_20250707_223729_672282.csv,True,False,False,1751927869.441918,2378164.8757457733
156699,1751925491.277222,1751927835.3027031,batch_consumer-sts-0_20250707_223729_672282.csv,True,False,False,1751927869.441918,2378164.6959781647
156709,1751925491.2774334,1751927835.324051,batch_consumer-sts-0_20250707_223729_672282.csv,True,False,False,1751927869.441918,2378164.484500885
156719,1751925491.2776225,1751927835.3457966,batch_consumer-sts-0_20250707_223729_672282.csv,True,False,False,1751927869.441918,2378164.295434952
156729,1751925491.277835,1751927835.3673992,batch_consumer-sts-0_20250707_223729_672282.csv,True,False,False,1751927869.441918,2378164.083003998
156739,1751925491.278056,1751927835.3888924,batch_consumer-sts-0_20250707_223729_672282.csv,True,False,False,1751927869.441918,2378163.861989975
156749,1751925491.27828,1751927835.4102323,batch_consumer-sts-0_20250707_223729_672282.csv,True,False,False,1751927869.441918,2378163.6378765106
156759,1751925491.2785065,1751927835.4317002,batch_consumer-sts-0_20250707_223729_672282.csv,True,False,False,1751927869.441918,2378163.4113788605
156769,1751925491.2787244,1751927835.4530132,batch_consumer-sts-0_20250707_223729_672282.csv,True,False,False,1751927869.441918,2378163.193464279
156779,1751925491.2789423,1751927835.4748533,batch_consumer-sts-0_20250707_223729_672282.csv,True,False,False,1751927869.441918,2378162.975549698
156789,1751925491.2791567,1751927835.496793,batch_consumer-sts-0_20250707_223729_672282.csv,True,False,False,1751927869.441918,2378162.7612113953
156799,1751925491.279354,1751927835.5178924,batch_consumer-sts-0_20250707_223729_672282.csv,True,False,False,1751927869.441918,2378162.563800812
156809,1751925491.279536,1751927835.539858,batch_consumer-sts-0_20250707_223729_672282.csv,True,False,False,1751927869.441918,2378162.381887436
156819,1751925491.2797182,1751927835.5614696,batch_consumer-sts-0_20250707_223729_672282.csv,True,False,False,1751927869.441918,2378162.1997356415
156829,1751925491.279897,1751927835.583326,batch_consumer-sts-0_20250707_223729_672282.csv,True,False,False,1751927869.441918,2378162.020921707
156839,1751925491.2801025,1751927835.604112,batch_consumer-sts-0_20250707_223729_672282.csv,True,False,False,1751927869.441918,2378161.815404892
156849,1751925491.2803073,1751927836.628275,batch_consumer-sts-0_20250707_223729_672282.csv,True,False,False,1751927869.441918,2378161.6106033325
156859,1751925491.280489,1751927836.9217937,batch_consumer-sts-0_20250707_223729_672282.csv,True,False,False,1751927869.441918,2378161.4289283752
156869,1751925491.280686,1751927836.9440072,batch_consumer-sts-0_20250707_223729_672282.csv,True,False,False,1751927869.441918,2378161.231994629
156879,1751925491.2808802,1751927836.966159,batch_consumer-sts-0_20250707_223729_672282.csv,True,False,False,1751927869.441918,2378161.037683487
156889,1751925491.281075,1751927836.98717,batch_consumer-sts-0_20250707_223729_672282.csv,True,False,False,1751927869.441918,2378160.842895508
156899,1751925491.2812724,1751927837.009026,batch_consumer-sts-0_20250707_223729_672282.csv,True,False,False,1751927869.441918,2378160.6454849243
156909,1751925491.281472,1751927837.0310318,batch_consumer-sts-0_20250707_223729_672282.csv,True,False,False,1751927869.441918,2378160.4459285736
156919,1751925491.28167,1751927837.0530424,batch_consumer-sts-0_20250707_223729_672282.csv,True,False,False,1751927869.441918,2378160.2478027344
156929,1751925491.2818637,1751927837.074782,batch_consumer-sts-0_20250707_223729_672282.csv,True,False,False,1751927869.441918,2378160.054206848
156939,1751925491.2820542,1751927837.096816,batch_consumer-sts-0_20250707_223729_672282.csv,True,False,False,1751927869.441918,2378159.8637104034
156949,1751925491.2822597,1751927837.118324,batch_consumer-sts-0_20250707_223729_672282.csv,True,False,False,1751927869.441918,2378159.6581935883
156959,1751925491.2824445,1751927837.1405208,batch_consumer-sts-0_20250707_223729_672282.csv,True,False,False,1751927869.441918,2378159.4734191895
156969,1751925491.282628,1751927837.1626472,batch_consumer-sts-0_20250707_223729_672282.csv,True,False,False,1751927869.441918,2378159.2898368835
156979,1751925491.28281,1751927837.18432,batch_consumer-sts-0_20250707_223729_672282.csv,True,False,False,1751927869.441918,2378159.1079235077
156989,1751925491.2829878,1751927837.204976,batch_consumer-sts-0_20250707_223729_672282.csv,True,False,False,1751927869.441918,2378158.9300632477
156999,1751925491.283167,1751927837.226724,batch_consumer-sts-0_20250707_223729_672282.csv,True,False,False,1751927869.441918,2378158.751010895
157009,1751925491.2833471,1751927837.2486606,batch_consumer-sts-0_20250707_223729_672282.csv,True,False,False,1751927869.441918,2378158.570766449
157019,1751925491.283555,1751927837.2718797,batch_consumer-sts-0_20250707_223729_672282.csv,True,False,False,1751927869.441918,2378158.362865448
157029,1751925491.2837484,1751927837.293647,batch_consumer-sts-0_20250707_223729_672282.csv,True,False,False,1751927869.441918,2378158.1695079803
157039,1751925491.2839465,1751927837.3148196,batch_consumer-sts-0_20250707_223729_672282.csv,True,False,False,1751927869.441918,2378157.971382141
157049,1751925491.2841413,1751927837.336966,batch_consumer-sts-0_20250707_223729_672282.csv,True,False,False,1751927869.441918,2378157.776594162
157059,1751925491.2843518,1751927837.3588066,batch_consumer-sts-0_20250707_223729_672282.csv,True,False,False,1751927869.441918,2378157.5660705566
161269,1751925491.375765,1751927837.3810005,batch_consumer-sts-0_20250707_223729_672282.csv,True,False,False,1751927869.441918,2378066.1528110504
161279,1751925491.3759458,1751927837.4869905,batch_consumer-sts-0_20250707_223729_672282.csv,True,False,False,1751927869.441918,2378065.9720897675
161289,1751925491.3761234,1751927837.508394,batch_consumer-sts-0_20250707_223729_672282.csv,True,False,False,1751927869.441918,2378065.794467926
161299,1751925491.3763037,1751927837.5297756,batch_consumer-sts-0_20250707_223729_672282.csv,True,False,False,1751927869.441918,2378065.61422348
161309,1751925491.3764863,1751927837.5516572,batch_consumer-sts-0_20250707_223729_672282.csv,True,False,False,1751927869.441918,2378065.4315948486
161319,1751925491.3766694,1751927837.573501,batch_consumer-sts-0_20250707_223729_672282.csv,True,False,False,1751927869.441918,2378065.24848938
161329,1751925491.3768525,1751927837.5958304,batch_consumer-sts-0_20250707_223729_672282.csv,True,False,False,1751927869.441918,2378065.065383911
161339,1751925491.377028,1751927837.617371,batch_consumer-sts-0_20250707_223729_672282.csv,True,False,False,1751927869.441918,2378064.889907837
161349,1751925491.377205,1751927837.639621,batch_consumer-sts-0_20250707_223729_672282.csv,True,False,False,1751927869.441918,2378064.713001251
161359,1751925491.3773875,1751927837.6615052,batch_consumer-sts-0_20250707_223729_672282.csv,True,False,False,1751927869.441918,2378064.5303726196
161369,1751925491.3775704,1751927837.6837702,batch_consumer-sts-0_20250707_223729_672282.csv,True,False,False,1751927869.441918,2378064.3475055695
161379,1751925491.3777528,1751927837.7077398,batch_consumer-sts-0_20250707_223729_672282.csv,True,False,False,1751927869.441918,2378064.1651153564
161389,1751925491.377929,1751927837.7298102,batch_consumer-sts-0_20250707_223729_672282.csv,True,False,False,1751927869.441918,2378063.9889240265
161399,1751925491.378112,1751927837.7521682,batch_consumer-sts-0_20250707_223729_672282.csv,True,False,False,1751927869.441918,2378063.8058185577
161409,1751925491.378304,1751927837.7749686,batch_consumer-sts-0_20250707_223729_672282.csv,True,False,False,1751927869.441918,2378063.6138916016
161419,1751925491.3785205,1751927837.797359,batch_consumer-sts-0_20250707_223729_672282.csv,True,False,False,1751927869.441918,2378063.3974075317
161429,1751925491.3787062,1751927837.8190906,batch_consumer-sts-0_20250707_223729_672282.csv,True,False,False,1751927869.441918,2378063.2116794586
161439,1751925491.3789265,1751927837.8411224,batch_consumer-sts-0_20250707_223729_672282.csv,True,False,False,1751927869.441918,2378062.9913806915
161449,1751925491.3791466,1751927837.863376,batch_consumer-sts-0_20250707_223729_672282.csv,True,False,False,1751927869.441918,2378062.771320343
161459,1751925491.3793595,1751927837.884205,batch_consumer-sts-0_20250707_223729_672282.csv,True,False,False,1751927869.441918,2378062.558412552
161469,1751925491.3795712,1751927837.9057336,batch_consumer-sts-0_20250707_223729_672282.csv,True,False,False,1751927869.441918,2378062.3466968536
161479,1751925491.3797925,1751927837.9277525,batch_consumer-sts-0_20250707_223729_672282.csv,True,False,False,1751927869.441918,2378062.125444412
161489,1751925491.3799863,1751927837.9499657,batch_consumer-sts-0_20250707_223729_672282.csv,True,False,False,1751927869.441918,2378061.9316101074
161499,1751925491.380176,1751927837.9729812,batch_consumer-sts-0_20250707_223729_672282.csv,True,False,False,1751927869.441918,2378061.7418289185
161509,1751925491.3803833,1751927837.9956083,batch_consumer-sts-0_20250707_223729_672282.csv,True,False,False,1751927869.441918,2378061.534643173
161519,1751925491.3805623,1751927838.017283,batch_consumer-sts-0_20250707_223729_672282.csv,True,False,False,1751927869.441918,2378061.3555908203
161529,1751925491.3807445,1751927838.0403728,batch_consumer-sts-0_20250707_223729_672282.csv,True,False,False,1751927869.441918,2378061.173439026
161539,1751925491.3809323,1751927838.0649498,batch_consumer-sts-0_20250707_223729_672282.csv,True,False,False,1751927869.441918,2378060.9855651855
161549,1751925491.3811166,1751927838.0871534,batch_consumer-sts-0_20250707_223729_672282.csv,True,False,False,1751927869.441918,2378060.801267624
161559,1751925491.381297,1751927838.1075273,batch_consumer-sts-0_20250707_223729_672282.csv,True,False,False,1751927869.441918,2378060.6207847595
161569,1751925491.3814828,1751927838.1317573,batch_consumer-sts-0_20250707_223729_672282.csv,True,False,False,1751927869.441918,2378060.4350566864
161579,1751925491.381664,1751927838.153683,batch_consumer-sts-0_20250707_223729_672282.csv,True,False,False,1751927869.441918,2378060.2538585663
161589,1751925491.3818498,1751927838.176379,batch_consumer-sts-0_20250707_223729_672282.csv,True,False,False,1751927869.441918,2378060.068130493
161599,1751925491.382038,1751927838.1984265,batch_consumer-sts-0_20250707_223729_672282.csv,True,False,False,1751927869.441918,2378059.8797798157
161609,1751925491.3822484,1751927838.220144,batch_consumer-sts-0_20250707_223729_672282.csv,True,False,False,1751927869.441918,2378059.669494629
161619,1751925491.382446,1751927838.2421882,batch_consumer-sts-0_20250707_223729_672282.csv,True,False,False,1751927869.441918,2378059.471845627
161629,1751925491.3826456,1751927838.2632253,batch_consumer-sts-0_20250707_223729_672282.csv,True,False,False,1751927869.441918,2378059.272289276
161639,1751925491.3828323,1751927838.284139,batch_consumer-sts-0_20250707_223729_672282.csv,True,False,False,1751927869.441918,2378059.0856075287
161649,1751925491.3830276,1751927838.3049252,batch_consumer-sts-0_20250707_223729_672282.csv,True,False,False,1751927869.441918,2378058.8903427124
161659,1751925491.3832722,1751927838.3270774,batch_consumer-sts-0_20250707_223729_672282.csv,True,False,False,1751927869.441918,2378058.6457252502
161669,1751925491.3835282,1751927838.3493748,batch_consumer-sts-0_20250707_223729_672282.csv,True,False,False,1751927869.441918,2378058.3896636963
161679,1751925491.383802,1751927838.372022,batch_consumer-sts-0_20250707_223729_672282.csv,True,False,False,1751927869.441918,2378058.1159591675
161689,1751925491.384061,1751927838.3948114,batch_consumer-sts-0_20250707_223729_672282.csv,True,False,False,1751927869.441918,2378057.856798172
161699,1751925491.3843071,1751927838.4166255,batch_consumer-sts-0_20250707_223729_672282.csv,True,False,False,1751927869.441918,2378057.6107501984
161709,1751925491.3845336,1751927838.4386668,batch_consumer-sts-0_20250707_223729_672282.csv,True,False,False,1751927869.441918,2378057.384252548
161719,1751925491.3847578,1751927838.4604535,batch_consumer-sts-0_20250707_223729_672282.csv,True,False,False,1751927869.441918,2378057.160139084
161729,1751925491.385074,1751927838.482641,batch_consumer-sts-0_20250707_223729_672282.csv,True,False,False,1751927869.441918,2378056.843996048
161739,1751925491.3853166,1751927838.5046666,batch_consumer-sts-0_20250707_223729_672282.csv,True,False,False,1751927869.441918,2378056.6012859344
161749,1751925491.385553,1751927838.5266075,batch_consumer-sts-0_20250707_223729_672282.csv,True,False,False,1751927869.441918,2378056.3650131226
163009,1751925491.416022,1751927838.548571,batch_consumer-sts-0_20250707_223729_672282.csv,True,False,False,1751927869.441918,2378025.895833969
163019,1751925491.4162562,1751927838.5711987,batch_consumer-sts-0_20250707_223729_672282.csv,True,False,False,1751927869.441918,2378025.6617069244
163029,1751925491.4164803,1751927838.5928977,batch_consumer-sts-0_20250707_223729_672282.csv,True,False,False,1751927869.441918,2378025.43759346
163039,1751925491.416709,1751927838.614381,batch_consumer-sts-0_20250707_223729_672282.csv,True,False,False,1751927869.441918,2378025.2089500427
163049,1751925491.4169405,1751927838.6365497,batch_consumer-sts-0_20250707_223729_672282.csv,True,False,False,1751927869.441918,2378024.9774456024
163059,1751925491.4171658,1751927838.6617184,batch_consumer-sts-0_20250707_223729_672282.csv,True,False,False,1751927869.441918,2378024.752140045
163069,1751925491.4173958,1751927838.7877057,batch_consumer-sts-0_20250707_223729_672282.csv,True,False,False,1751927869.441918,2378024.5220661163
163079,1751925491.4176235,1751927838.8099484,batch_consumer-sts-0_20250707_223729_672282.csv,True,False,False,1751927869.441918,2378024.2943763733
163089,1751925491.4178498,1751927838.835678,batch_consumer-sts-0_20250707_223729_672282.csv,True,False,False,1751927869.441918,2378024.0681171417
163099,1751925491.4180818,1751927838.8579292,batch_consumer-sts-0_20250707_223729_672282.csv,True,False,False,1751927869.441918,2378023.8361358643
163109,1751925491.4183233,1751927838.8807049,batch_consumer-sts-0_20250707_223729_672282.csv,True,False,False,1751927869.441918,2378023.5946178436
163119,1751925491.418557,1751927838.903173,batch_consumer-sts-0_20250707_223729_672282.csv,True,False,False,1751927869.441918,2378023.360967636
163129,1751925491.4187822,1751927839.0031617,batch_consumer-sts-0_20250707_223729_672282.csv,True,False,False,1751927869.441918,2378023.135662079
163139,1751925491.419013,1751927839.024036,batch_consumer-sts-0_20250707_223729_672282.csv,True,False,False,1751927869.441918,2378022.9048728943
163149,1751925491.4192326,1751927839.0462694,batch_consumer-sts-0_20250707_223729_672282.csv,True,False,False,1751927869.441918,2378022.685289383
163159,1751925491.4194522,1751927839.068354,batch_consumer-sts-0_20250707_223729_672282.csv,True,False,False,1751927869.441918,2378022.4657058716
163169,1751925491.4196906,1751927839.0905557,batch_consumer-sts-0_20250707_223729_672282.csv,True,False,False,1751927869.441918,2378022.2272872925
163179,1751925491.4199193,1751927839.1118317,batch_consumer-sts-0_20250707_223729_672282.csv,True,False,False,1751927869.441918,2378021.998643875
163189,1751925491.4201517,1751927839.1377065,batch_consumer-sts-0_20250707_223729_672282.csv,True,False,False,1751927869.441918,2378021.7661857605
163199,1751925491.4203858,1751927839.1598508,batch_consumer-sts-0_20250707_223729_672282.csv,True,False,False,1751927869.441918,2378021.532058716
163209,1751925491.420613,1751927839.182029,batch_consumer-sts-0_20250707_223729_672282.csv,True,False,False,1751927869.441918,2378021.30484581
163219,1751925491.4208436,1751927839.2043655,batch_consumer-sts-0_20250707_223729_672282.csv,True,False,False,1751927869.441918,2378021.074295044
163229,1751925491.4210775,1751927839.2266126,batch_consumer-sts-0_20250707_223729_672282.csv,True,False,False,1751927869.441918,2378020.840406418
163239,1751925491.4213104,1751927839.248909,batch_consumer-sts-0_20250707_223729_672282.csv,True,False,False,1751927869.441918,2378020.607471466
163249,1751925491.421549,1751927839.2713156,batch_consumer-sts-0_20250707_223729_672282.csv,True,False,False,1751927869.441918,2378020.3688144684
163259,1751925491.4217863,1751927839.2935147,batch_consumer-sts-0_20250707_223729_672282.csv,True,False,False,1751927869.441918,2378020.131587982
163269,1751925491.422012,1751927839.3152578,batch_consumer-sts-0_20250707_223729_672282.csv,True,False,False,1751927869.441918,2378019.905805588
163279,1751925491.4222453,1751927839.3364449,batch_consumer-sts-0_20250707_223729_672282.csv,True,False,False,1751927869.441918,2378019.6726322174
163289,1751925491.4224732,1751927839.3595734,batch_consumer-sts-0_20250707_223729_672282.csv,True,False,False,1751927869.441918,2378019.444704056
163299,1751925491.4227102,1751927839.3826137,batch_consumer-sts-0_20250707_223729_672282.csv,True,False,False,1751927869.441918,2378019.207715988
163309,1751925491.4229343,1751927839.4043136,batch_consumer-sts-0_20250707_223729_672282.csv,True,False,False,1751927869.441918,2378018.983602524
163319,1751925491.4231665,1751927839.425532,batch_consumer-sts-0_20250707_223729_672282.csv,True,False,False,1751927869.441918,2378018.7513828278
163329,1751925491.423392,1751927839.4479542,batch_consumer-sts-0_20250707_223729_672282.csv,True,False,False,1751927869.441918,2378018.525838852
163339,1751925491.4236162,1751927839.4702876,batch_consumer-sts-0_20250707_223729_672282.csv,True,False,False,1751927869.441918,2378018.3017253876
163349,1751925491.4238446,1751927839.498852,batch_consumer-sts-0_20250707_223729_672282.csv,True,False,False,1751927869.441918,2378018.073320389
163359,1751925491.4240744,1751927839.524105,batch_consumer-sts-0_20250707_223729_672282.csv,True,False,False,1751927869.441918,2378017.8434848785
163369,1751925491.4243124,1751927839.5454118,batch_consumer-sts-0_20250707_223729_672282.csv,True,False,False,1751927869.441918,2378017.6055431366
163379,1751925491.4245458,1751927839.5676785,batch_consumer-sts-0_20250707_223729_672282.csv,True,False,False,1751927869.441918,2378017.3721313477
163389,1751925491.4247742,1751927839.590081,batch_consumer-sts-0_20250707_223729_672282.csv,True,False,False,1751927869.441918,2378017.143726349
165679,1751925491.5957482,1751927839.6117682,batch_consumer-sts-0_20250707_223729_672282.csv,True,False,False,1751927869.441918,2377846.1697101593
165689,1751925491.5959966,1751927839.6339183,batch_consumer-sts-0_20250707_223729_672282.csv,True,False,False,1751927869.441918,2377845.921278
165699,1751925491.5962298,1751927839.656967,batch_consumer-sts-0_20250707_223729_672282.csv,True,False,False,1751927869.441918,2377845.6881046295
165709,1751925491.5964656,1751927839.6798525,batch_consumer-sts-0_20250707_223729_672282.csv,True,False,False,1751927869.441918,2377845.452308655
165719,1751925491.5967004,1751927839.7019994,batch_consumer-sts-0_20250707_223729_672282.csv,True,False,False,1751927869.441918,2377845.2174663544
165729,1751925491.59694,1751927839.7239964,batch_consumer-sts-0_20250707_223729_672282.csv,True,False,False,1751927869.441918,2377844.9778556824
165739,1751925491.59718,1751927839.746455,batch_consumer-sts-0_20250707_223729_672282.csv,True,False,False,1751927869.441918,2377844.738006592
165749,1751925491.597413,1751927839.7683156,batch_consumer-sts-0_20250707_223729_672282.csv,True,False,False,1751927869.441918,2377844.5048332214
165759,1751925491.5976372,1751927839.7905698,batch_consumer-sts-0_20250707_223729_672282.csv,True,False,False,1751927869.441918,2377844.280719757
165769,1751925491.597872,1751927839.8118298,batch_consumer-sts-0_20250707_223729_672282.csv,True,False,False,1751927869.441918,2377844.0458774567
165779,1751925491.5980954,1751927839.8383198,batch_consumer-sts-0_20250707_223729_672282.csv,True,False,False,1751927869.441918,2377843.822479248
165789,1751925491.5983336,1751927839.8591845,batch_consumer-sts-0_20250707_223729_672282.csv,True,False,False,1751927869.441918,2377843.5842990875
165799,1751925491.59856,1751927839.8811517,batch_consumer-sts-0_20250707_223729_672282.csv,True,False,False,1751927869.441918,2377843.3578014374
165809,1751925491.5987935,1751927839.9030566,batch_consumer-sts-0_20250707_223729_672282.csv,True,False,False,1751927869.441918,2377843.1243896484
165819,1751925491.599027,1751927839.9284172,batch_consumer-sts-0_20250707_223729_672282.csv,True,False,False,1751927869.441918,2377842.8909778595
165829,1751925491.5992622,1751927839.9502192,batch_consumer-sts-0_20250707_223729_672282.csv,True,False,False,1751927869.441918,2377842.655658722
165839,1751925491.5994933,1751927839.9735472,batch_consumer-sts-0_20250707_223729_672282.csv,True,False,False,1751927869.441918,2377842.424631119
165849,1751925491.5997195,1751927839.9957166,batch_consumer-sts-0_20250707_223729_672282.csv,True,False,False,1751927869.441918,2377842.198371887
165859,1751925491.599951,1751927840.0173192,batch_consumer-sts-0_20250707_223729_672282.csv,True,False,False,1751927869.441918,2377841.966867447
165869,1751925491.600184,1751927840.0395453,batch_consumer-sts-0_20250707_223729_672282.csv,True,False,False,1751927869.441918,2377841.733932495
165879,1751925491.6004229,1751927840.0617363,batch_consumer-sts-0_20250707_223729_672282.csv,True,False,False,1751927869.441918,2377841.495037079
165889,1751925491.6006646,1751927840.0836508,batch_consumer-sts-0_20250707_223729_672282.csv,True,False,False,1751927869.441918,2377841.2532806396
165899,1751925491.6008973,1751927840.105647,batch_consumer-sts-0_20250707_223729_672282.csv,True,False,False,1751927869.441918,2377841.0205841064
165909,1751925491.6011307,1751927840.1388423,batch_consumer-sts-0_20250707_223729_672282.csv,True,False,False,1751927869.441918,2377840.7871723175
165919,1751925491.6013694,1751927840.1607108,batch_consumer-sts-0_20250707_223729_672282.csv,True,False,False,1751927869.441918,2377840.54851532
165929,1751925491.6016064,1751927840.182913,batch_consumer-sts-0_20250707_223729_672282.csv,True,False,False,1751927869.441918,2377840.311527252
165939,1751925491.6018412,1751927840.2048757,batch_consumer-sts-0_20250707_223729_672282.csv,True,False,False,1751927869.441918,2377840.076684952
165949,1751925491.6020908,1751927840.2268736,batch_consumer-sts-0_20250707_223729_672282.csv,True,False,False,1751927869.441918,2377839.8270606995
165959,1751925491.6023345,1751927840.248996,batch_consumer-sts-0_20250707_223729_672282.csv,True,False,False,1751927869.441918,2377839.5833969116
165969,1751925491.602574,1751927840.2711017,batch_consumer-sts-0_20250707_223729_672282.csv,True,False,False,1751927869.441918,2377839.3437862396
165979,1751925491.6028042,1751927840.2933128,batch_consumer-sts-0_20250707_223729_672282.csv,True,False,False,1751927869.441918,2377839.113712311
165989,1751925491.603056,1751927840.315137,batch_consumer-sts-0_20250707_223729_672282.csv,True,False,False,1751927869.441918,2377838.8619422913
165999,1751925491.6033034,1751927840.3363445,batch_consumer-sts-0_20250707_223729_672282.csv,True,False,False,1751927869.441918,2377838.614463806
166009,1751925491.603547,1751927840.3571112,batch_consumer-sts-0_20250707_223729_672282.csv,True,False,False,1751927869.441918,2377838.3708000183
166019,1751925491.6037776,1751927840.3791914,batch_consumer-sts-0_20250707_223729_672282.csv,True,False,False,1751927869.441918,2377838.1402492523
166029,1751925491.6040192,1751927840.4014528,batch_consumer-sts-0_20250707_223729_672282.csv,True,False,False,1751927869.441918,2377837.8987312317
166039,1751925491.6042511,1751927840.4233987,batch_consumer-sts-0_20250707_223729_672282.csv,True,False,False,1751927869.441918,2377837.666749954
166049,1751925491.6044817,1751927840.4472888,batch_consumer-sts-0_20250707_223729_672282.csv,True,False,False,1751927869.441918,2377837.436199188
166059,1751925491.6047063,1751927840.4693944,batch_consumer-sts-0_20250707_223729_672282.csv,True,False,False,1751927869.441918,2377837.2116088867
166069,1751925491.60494,1751927840.4916382,batch_consumer-sts-0_20250707_223729_672282.csv,True,False,False,1751927869.441918,2377836.977958679
166079,1751925491.6051784,1751927840.5133312,batch_consumer-sts-0_20250707_223729_672282.csv,True,False,False,1751927869.441918,2377836.7395401
166089,1751925491.605424,1751927840.5352762,batch_consumer-sts-0_20250707_223729_672282.csv,True,False,False,1751927869.441918,2377836.4939689636
166099,1751925491.605668,1751927840.557305,batch_consumer-sts-0_20250707_223729_672282.csv,True,False,False,1751927869.441918,2377836.2498283386
167609,1751925491.646684,1751927840.5793629,batch_consumer-sts-0_20250707_223729_672282.csv,True,False,False,1751927869.441918,2377795.23396492
167619,1751925491.6469207,1751927840.6010375,batch_consumer-sts-0_20250707_223729_672282.csv,True,False,False,1751927869.441918,2377794.997215271
167629,1751925491.6471505,1751927840.622394,batch_consumer-sts-0_20250707_223729_672282.csv,True,False,False,1751927869.441918,2377794.7673797607
167639,1751925491.6473808,1751927840.6444492,batch_consumer-sts-0_20250707_223729_672282.csv,True,False,False,1751927869.441918,2377794.5370674133
167649,1751925491.6476128,1751927840.666713,batch_consumer-sts-0_20250707_223729_672282.csv,True,False,False,1751927869.441918,2377794.305086136
167659,1751925491.6478398,1751927840.688906,batch_consumer-sts-0_20250707_223729_672282.csv,True,False,False,1751927869.441918,2377794.0781116486
167669,1751925491.6480644,1751927840.7101629,batch_consumer-sts-0_20250707_223729_672282.csv,True,False,False,1751927869.441918,2377793.853521347
167679,1751925491.6483016,1751927841.734114,batch_consumer-sts-0_20250707_223729_672282.csv,True,False,False,1751927869.441918,2377793.616294861
167689,1751925491.648533,1751927841.8214736,batch_consumer-sts-0_20250707_223729_672282.csv,True,False,False,1751927869.441918,2377793.3847904205
167699,1751925491.648776,1751927841.8438065,batch_consumer-sts-0_20250707_223729_672282.csv,True,False,False,1751927869.441918,2377793.1418418884
167709,1751925491.6490164,1751927841.8656826,batch_consumer-sts-0_20250707_223729_672282.csv,True,False,False,1751927869.441918,2377792.9015159607
167719,1751925491.649254,1751927841.8876953,batch_consumer-sts-0_20250707_223729_672282.csv,True,False,False,1751927869.441918,2377792.6638126373
167729,1751925491.6494808,1751927841.9095774,batch_consumer-sts-0_20250707_223729_672282.csv,True,False,False,1751927869.441918,2377792.4370765686
167739,1751925491.6497047,1751927841.9315217,batch_consumer-sts-0_20250707_223729_672282.csv,True,False,False,1751927869.441918,2377792.213201523
167749,1751925491.6499383,1751927841.9533775,batch_consumer-sts-0_20250707_223729_672282.csv,True,False,False,1751927869.441918,2377791.9795513153
167759,1751925491.650177,1751927841.9754393,batch_consumer-sts-0_20250707_223729_672282.csv,True,False,False,1751927869.441918,2377791.7408943176
167769,1751925491.6504085,1751927841.997506,batch_consumer-sts-0_20250707_223729_672282.csv,True,False,False,1751927869.441918,2377791.5093898773
167779,1751925491.650638,1751927842.019018,batch_consumer-sts-0_20250707_223729_672282.csv,True,False,False,1751927869.441918,2377791.2797927856
167789,1751925491.650875,1751927842.0410552,batch_consumer-sts-0_20250707_223729_672282.csv,True,False,False,1751927869.441918,2377791.042804718
167799,1751925491.6511142,1751927842.0631142,batch_consumer-sts-0_20250707_223729_672282.csv,True,False,False,1751927869.441918,2377790.803670883
167809,1751925491.6513498,1751927842.0863488,batch_consumer-sts-0_20250707_223729_672282.csv,True,False,False,1751927869.441918,2377790.568113327
167819,1751925491.6515822,1751927842.1081665,batch_consumer-sts-0_20250707_223729_672282.csv,True,False,False,1751927869.441918,2377790.3356552124
167829,1751925491.6518142,1751927842.1303933,batch_consumer-sts-0_20250707_223729_672282.csv,True,False,False,1751927869.441918,2377790.103673935
167839,1751925491.6520424,1751927842.1530151,batch_consumer-sts-0_20250707_223729_672282.csv,True,False,False,1751927869.441918,2377789.8755073547
167849,1751925491.6522746,1751927842.179391,batch_consumer-sts-0_20250707_223729_672282.csv,True,False,False,1751927869.441918,2377789.6432876587
167859,1751925491.652508,1751927842.2015908,batch_consumer-sts-0_20250707_223729_672282.csv,True,False,False,1751927869.441918,2377789.4098758698
167869,1751925491.6527407,1751927842.224624,batch_consumer-sts-0_20250707_223729_672282.csv,True,False,False,1751927869.441918,2377789.1771793365
167879,1751925491.6529913,1751927842.2470047,batch_consumer-sts-0_20250707_223729_672282.csv,True,False,False,1751927869.441918,2377788.92660141
167889,1751925491.653224,1751927842.2695272,batch_consumer-sts-0_20250707_223729_672282.csv,True,False,False,1751927869.441918,2377788.6939048767
167899,1751925491.653458,1751927842.2921183,batch_consumer-sts-0_20250707_223729_672282.csv,True,False,False,1751927869.441918,2377788.459777832
167909,1751925491.653694,1751927842.313946,batch_consumer-sts-0_20250707_223729_672282.csv,True,False,False,1751927869.441918,2377788.2239818573
167919,1751925491.6539264,1751927842.3367803,batch_consumer-sts-0_20250707_223729_672282.csv,True,False,False,1751927869.441918,2377787.9915237427
167929,1751925491.654167,1751927842.4571402,batch_consumer-sts-0_20250707_223729_672282.csv,True,False,False,1751927869.441918,2377787.7509593964
167939,1751925491.654399,1751927842.4794166,batch_consumer-sts-0_20250707_223729_672282.csv,True,False,False,1751927869.441918,2377787.518978119
167949,1751925491.6546197,1751927842.501274,batch_consumer-sts-0_20250707_223729_672282.csv,True,False,False,1751927869.441918,2377787.2982025146
167959,1751925491.6548529,1751927842.8292985,batch_consumer-sts-0_20250707_223729_672282.csv,True,False,False,1751927869.441918,2377787.0650291443
167969,1751925491.6550815,1751927842.8523128,batch_consumer-sts-0_20250707_223729_672282.csv,True,False,False,1751927869.441918,2377786.836385727
167979,1751925491.6553135,1751927842.8733952,batch_consumer-sts-0_20250707_223729_672282.csv,True,False,False,1751927869.441918,2377786.6044044495
167989,1751925491.655547,1751927842.896495,batch_consumer-sts-0_20250707_223729_672282.csv,True,False,False,1751927869.441918,2377786.3709926605
167999,1751925491.6557698,1751927842.918127,batch_consumer-sts-0_20250707_223729_672282.csv,True,False,False,1751927869.441918,2377786.148071289
168009,1751925491.6559997,1751927842.9402254,batch_consumer-sts-0_20250707_223729_672282.csv,True,False,False,1751927869.441918,2377785.918235779
168019,1751925491.6562288,1751927842.962485,batch_consumer-sts-0_20250707_223729_672282.csv,True,False,False,1751927869.441918,2377785.6891155243
168029,1751925491.656454,1751927842.984708,batch_consumer-sts-0_20250707_223729_672282.csv,True,False,False,1751927869.441918,2377785.463809967
170039,1751925491.707592,1751927843.0064766,batch_consumer-sts-0_20250707_223729_672282.csv,True,False,False,1751927869.441918,2377734.3258857727
170049,1751925491.7078326,1751927843.0284462,batch_consumer-sts-0_20250707_223729_672282.csv,True,False,False,1751927869.441918,2377734.0853214264
170059,1751925491.7080617,1751927843.0506384,batch_consumer-sts-0_20250707_223729_672282.csv,True,False,False,1751927869.441918,2377733.856201172
170069,1751925491.7082863,1751927843.072713,batch_consumer-sts-0_20250707_223729_672282.csv,True,False,False,1751927869.441918,2377733.6316108704
170079,1751925491.708513,1751927843.0944903,batch_consumer-sts-0_20250707_223729_672282.csv,True,False,False,1751927869.441918,2377733.4048748016
170089,1751925491.708744,1751927843.115631,batch_consumer-sts-0_20250707_223729_672282.csv,True,False,False,1751927869.441918,2377733.1738471985
170099,1751925491.7089753,1751927843.137507,batch_consumer-sts-0_20250707_223729_672282.csv,True,False,False,1751927869.441918,2377732.9425811768
170109,1751925491.7092009,1751927843.1592765,batch_consumer-sts-0_20250707_223729_672282.csv,True,False,False,1751927869.441918,2377732.717037201
170119,1751925491.7094283,1751927843.1816306,batch_consumer-sts-0_20250707_223729_672282.csv,True,False,False,1751927869.441918,2377732.4895858765
170129,1751925491.7096677,1751927843.2056687,batch_consumer-sts-0_20250707_223729_672282.csv,True,False,False,1751927869.441918,2377732.250213623
170139,1751925491.7099016,1751927843.228781,batch_consumer-sts-0_20250707_223729_672282.csv,True,False,False,1751927869.441918,2377732.016324997
170149,1751925491.7101383,1751927843.25108,batch_consumer-sts-0_20250707_223729_672282.csv,True,False,False,1751927869.441918,2377731.779575348
170159,1751925491.710384,1751927843.2741785,batch_consumer-sts-0_20250707_223729_672282.csv,True,False,False,1751927869.441918,2377731.5340042114
170169,1751925491.7106156,1751927843.2957835,batch_consumer-sts-0_20250707_223729_672282.csv,True,False,False,1751927869.441918,2377731.3022613525
170179,1751925491.7108426,1751927843.3174946,batch_consumer-sts-0_20250707_223729_672282.csv,True,False,False,1751927869.441918,2377731.0752868652
170189,1751925491.7110653,1751927843.3402307,batch_consumer-sts-0_20250707_223729_672282.csv,True,False,False,1751927869.441918,2377730.8526039124
170199,1751925491.711295,1751927843.3626964,batch_consumer-sts-0_20250707_223729_672282.csv,True,False,False,1751927869.441918,2377730.6230068207
170209,1751925491.7115357,1751927843.3850071,batch_consumer-sts-0_20250707_223729_672282.csv,True,False,False,1751927869.441918,2377730.382204056
170219,1751925491.7117558,1751927843.4075458,batch_consumer-sts-0_20250707_223729_672282.csv,True,False,False,1751927869.441918,2377730.1621437073
170229,1751925491.7119782,1751927843.4301765,batch_consumer-sts-0_20250707_223729_672282.csv,True,False,False,1751927869.441918,2377729.939699173
170239,1751925491.712216,1751927843.4534788,batch_consumer-sts-0_20250707_223729_672282.csv,True,False,False,1751927869.441918,2377729.7019958496
170249,1751925491.712447,1751927843.4766755,batch_consumer-sts-0_20250707_223729_672282.csv,True,False,False,1751927869.441918,2377729.4709682465
170259,1751925491.71268,1751927843.498848,batch_consumer-sts-0_20250707_223729_672282.csv,True,False,False,1751927869.441918,2377729.237794876
170269,1751925491.7129176,1751927843.5217588,batch_consumer-sts-0_20250707_223729_672282.csv,True,False,False,1751927869.441918,2377729.0003299713
170279,1751925491.7131467,1751927843.5437,batch_consumer-sts-0_20250707_223729_672282.csv,True,False,False,1751927869.441918,2377728.771209717
170289,1751925491.713371,1751927843.565586,batch_consumer-sts-0_20250707_223729_672282.csv,True,False,False,1751927869.441918,2377728.546857834
170299,1751925491.713599,1751927843.5876863,batch_consumer-sts-0_20250707_223729_672282.csv,True,False,False,1751927869.441918,2377728.3189296722
170309,1751925491.7138417,1751927843.6090837,batch_consumer-sts-0_20250707_223729_672282.csv,True,False,False,1751927869.441918,2377728.0762195587
170319,1751925491.7140672,1751927843.630846,batch_consumer-sts-0_20250707_223729_672282.csv,True,False,False,1751927869.441918,2377727.850675583
170329,1751925491.7143111,1751927843.6525767,batch_consumer-sts-0_20250707_223729_672282.csv,True,False,False,1751927869.441918,2377727.6067733765
170339,1751925491.7145493,1751927843.6743696,batch_consumer-sts-0_20250707_223729_672282.csv,True,False,False,1751927869.441918,2377727.368593216
170349,1751925491.714785,1751927843.6964152,batch_consumer-sts-0_20250707_223729_672282.csv,True,False,False,1751927869.441918,2377727.132797241
170359,1751925491.7150228,1751927843.7167568,batch_consumer-sts-0_20250707_223729_672282.csv,True,False,False,1751927869.441918,2377726.895093918
170369,1751925491.7152605,1751927843.7387304,batch_consumer-sts-0_20250707_223729_672282.csv,True,False,False,1751927869.441918,2377726.6573905945
170379,1751925491.7154918,1751927843.7604964,batch_consumer-sts-0_20250707_223729_672282.csv,True,False,False,1751927869.441918,2377726.4261245728
170389,1751925491.71573,1751927843.7823842,batch_consumer-sts-0_20250707_223729_672282.csv,True,False,False,1751927869.441918,2377726.187944412
170399,1751925491.7159586,1751927843.962088,batch_consumer-sts-0_20250707_223729_672282.csv,True,False,False,1751927869.441918,2377725.959300995
170409,1751925491.7161925,1751927843.9838705,batch_consumer-sts-0_20250707_223729_672282.csv,True,False,False,1751927869.441918,2377725.725412369
170419,1751925491.7164116,1751927844.0053976,batch_consumer-sts-0_20250707_223729_672282.csv,True,False,False,1751927869.441918,2377725.5063056946
170429,1751925491.716639,1751927844.0272312,batch_consumer-sts-0_20250707_223729_672282.csv,True,False,False,1751927869.441918,2377725.27885437
170439,1751925491.716872,1751927844.049195,batch_consumer-sts-0_20250707_223729_672282.csv,True,False,False,1751927869.441918,2377725.0459194183
170449,1751925491.7171023,1751927844.070856,batch_consumer-sts-0_20250707_223729_672282.csv,True,False,False,1751927869.441918,2377724.815607071
170459,1751925491.717334,1751927844.0929306,batch_consumer-sts-0_20250707_223729_672282.csv,True,False,False,1751927869.441918,2377724.583864212
170469,1751925491.7175648,1751927844.1146235,batch_consumer-sts-0_20250707_223729_672282.csv,True,False,False,1751927869.441918,2377724.3530750275
173019,1751925491.7786047,1751927844.1365218,batch_consumer-sts-0_20250707_223729_672282.csv,True,False,False,1751927869.441918,2377663.313150406
173029,1751925491.778849,1751927844.1585011,batch_consumer-sts-0_20250707_223729_672282.csv,True,False,False,1751927869.441918,2377663.069009781
173039,1751925491.7790897,1751927844.1839664,batch_consumer-sts-0_20250707_223729_672282.csv,True,False,False,1751927869.441918,2377662.828207016
173049,1751925491.7793338,1751927844.205764,batch_consumer-sts-0_20250707_223729_672282.csv,True,False,False,1751927869.441918,2377662.584066391
173059,1751925491.7795477,1751927844.2277822,batch_consumer-sts-0_20250707_223729_672282.csv,True,False,False,1751927869.441918,2377662.3702049255
173069,1751925491.779739,1751927844.250013,batch_consumer-sts-0_20250707_223729_672282.csv,True,False,False,1751927869.441918,2377662.178993225
173079,1751925491.7799246,1751927844.272437,batch_consumer-sts-0_20250707_223729_672282.csv,True,False,False,1751927869.441918,2377661.993265152
173089,1751925491.78011,1751927844.294763,batch_consumer-sts-0_20250707_223729_672282.csv,True,False,False,1751927869.441918,2377661.808013916
173099,1751925491.780285,1751927844.3159437,batch_consumer-sts-0_20250707_223729_672282.csv,True,False,False,1751927869.441918,2377661.633014679
173109,1751925491.7804675,1751927844.3380518,batch_consumer-sts-0_20250707_223729_672282.csv,True,False,False,1751927869.441918,2377661.4503860474
173119,1751925491.7806523,1751927844.3608446,batch_consumer-sts-0_20250707_223729_672282.csv,True,False,False,1751927869.441918,2377661.2656116486
173129,1751925491.7808368,1751927844.3836288,batch_consumer-sts-0_20250707_223729_672282.csv,True,False,False,1751927869.441918,2377661.0810756683
173139,1751925491.7810147,1751927844.40561,batch_consumer-sts-0_20250707_223729_672282.csv,True,False,False,1751927869.441918,2377660.9032154083
173149,1751925491.7812014,1751927844.4276662,batch_consumer-sts-0_20250707_223729_672282.csv,True,False,False,1751927869.441918,2377660.716533661
173159,1751925491.7813888,1751927844.4497004,batch_consumer-sts-0_20250707_223729_672282.csv,True,False,False,1751927869.441918,2377660.5291366577
173169,1751925491.7815695,1751927844.4719665,batch_consumer-sts-0_20250707_223729_672282.csv,True,False,False,1751927869.441918,2377660.3484153748
173179,1751925491.781748,1751927844.4943724,batch_consumer-sts-0_20250707_223729_672282.csv,True,False,False,1751927869.441918,2377660.169839859
173189,1751925491.7819242,1751927844.5160272,batch_consumer-sts-0_20250707_223729_672282.csv,True,False,False,1751927869.441918,2377659.993648529
173199,1751925491.782102,1751927844.544067,batch_consumer-sts-0_20250707_223729_672282.csv,True,False,False,1751927869.441918,2377659.815788269
173209,1751925491.782337,1751927844.5662136,batch_consumer-sts-0_20250707_223729_672282.csv,True,False,False,1751927869.441918,2377659.5809459686
173219,1751925491.7825725,1751927844.5871096,batch_consumer-sts-0_20250707_223729_672282.csv,True,False,False,1751927869.441918,2377659.3453884125
173229,1751925491.782807,1751927844.608781,batch_consumer-sts-0_20250707_223729_672282.csv,True,False,False,1751927869.441918,2377659.1107845306
173239,1751925491.783043,1751927844.6356957,batch_consumer-sts-0_20250707_223729_672282.csv,True,False,False,1751927869.441918,2377658.874988556
173249,1751925491.7833383,1751927844.6575682,batch_consumer-sts-0_20250707_223729_672282.csv,True,False,False,1751927869.441918,2377658.5795879364
173259,1751925491.783561,1751927844.6796105,batch_consumer-sts-0_20250707_223729_672282.csv,True,False,False,1751927869.441918,2377658.3569049835
173269,1751925491.7837627,1751927844.70161,batch_consumer-sts-0_20250707_223729_672282.csv,True,False,False,1751927869.441918,2377658.1552028656
173279,1751925491.783961,1751927844.725075,batch_consumer-sts-0_20250707_223729_672282.csv,True,False,False,1751927869.441918,2377657.956838608
173289,1751925491.7841651,1751927844.747653,batch_consumer-sts-0_20250707_223729_672282.csv,True,False,False,1751927869.441918,2377657.752752304
173299,1751925491.7843633,1751927844.7698402,batch_consumer-sts-0_20250707_223729_672282.csv,True,False,False,1751927869.441918,2377657.554626465
173309,1751925491.7845683,1751927844.7918851,batch_consumer-sts-0_20250707_223729_672282.csv,True,False,False,1751927869.441918,2377657.349586487
173319,1751925491.7847552,1751927844.813294,batch_consumer-sts-0_20250707_223729_672282.csv,True,False,False,1751927869.441918,2377657.162666321
173329,1751925491.7849443,1751927844.8401778,batch_consumer-sts-0_20250707_223729_672282.csv,True,False,False,1751927869.441918,2377656.9736003876
173339,1751925491.7851286,1751927844.862103,batch_consumer-sts-0_20250707_223729_672282.csv,True,False,False,1751927869.441918,2377656.789302826
173349,1751925491.785312,1751927844.8843942,batch_consumer-sts-0_20250707_223729_672282.csv,True,False,False,1751927869.441918,2377656.6059589386
173359,1751925491.7854996,1751927844.9059727,batch_consumer-sts-0_20250707_223729_672282.csv,True,False,False,1751927869.441918,2377656.418323517
173369,1751925491.7856834,1751927844.927453,batch_consumer-sts-0_20250707_223729_672282.csv,True,False,False,1751927869.441918,2377656.2345027924
173379,1751925491.785865,1751927844.9493256,batch_consumer-sts-0_20250707_223729_672282.csv,True,False,False,1751927869.441918,2377656.052827835
173389,1751925491.786047,1751927844.9701023,batch_consumer-sts-0_20250707_223729_672282.csv,True,False,False,1751927869.441918,2377655.870914459
173399,1751925491.786263,1751927844.9921272,batch_consumer-sts-0_20250707_223729_672282.csv,True,False,False,1751927869.441918,2377655.6549072266
173409,1751925491.786489,1751927845.0136602,batch_consumer-sts-0_20250707_223729_672282.csv,True,False,False,1751927869.441918,2377655.4288864136
173419,1751925491.7867131,1751927845.035751,batch_consumer-sts-0_20250707_223729_672282.csv,True,False,False,1751927869.441918,2377655.204772949
173429,1751925491.786935,1751927845.0579054,batch_consumer-sts-0_20250707_223729_672282.csv,True,False,False,1751927869.441918,2377654.982805252
173439,1751925491.7871463,1751927845.0802395,batch_consumer-sts-0_20250707_223729_672282.csv,True,False,False,1751927869.441918,2377654.771566391
173449,1751925491.7873764,1751927845.103775,batch_consumer-sts-0_20250707_223729_672282.csv,True,False,False,1751927869.441918,2377654.541492462
173459,1751925491.7875726,1751927845.125443,batch_consumer-sts-0_20250707_223729_672282.csv,True,False,False,1751927869.441918,2377654.3452739716
173469,1751925491.7877598,1751927845.1474369,batch_consumer-sts-0_20250707_223729_672282.csv,True,False,False,1751927869.441918,2377654.158115387
173479,1751925491.7879496,1751927845.1690502,batch_consumer-sts-0_20250707_223729_672282.csv,True,False,False,1751927869.441918,2377653.968334198
173489,1751925491.7881436,1751927845.1906943,batch_consumer-sts-0_20250707_223729_672282.csv,True,False,False,1751927869.441918,2377653.7742614746
173499,1751925491.7883253,1751927845.211872,batch_consumer-sts-0_20250707_223729_672282.csv,True,False,False,1751927869.441918,2377653.5925865173
173509,1751925491.788509,1751927845.2339048,batch_consumer-sts-0_20250707_223729_672282.csv,True,False,False,1751927869.441918,2377653.4090042114
174039,1751925491.7987113,1751927845.2559936,batch_consumer-sts-0_20250707_223729_672282.csv,True,False,False,1751927869.441918,2377643.2065963745
174049,1751925491.7988954,1751927845.2778208,batch_consumer-sts-0_20250707_223729_672282.csv,True,False,False,1751927869.441918,2377643.0225372314
174059,1751925491.7990856,1751927845.299406,batch_consumer-sts-0_20250707_223729_672282.csv,True,False,False,1751927869.441918,2377642.8322792053
174069,1751925491.7992766,1751927845.326279,batch_consumer-sts-0_20250707_223729_672282.csv,True,False,False,1751927869.441918,2377642.6413059235
174079,1751925491.799476,1751927845.3479304,batch_consumer-sts-0_20250707_223729_672282.csv,True,False,False,1751927869.441918,2377642.4419879913
174089,1751925491.7996554,1751927845.3695874,batch_consumer-sts-0_20250707_223729_672282.csv,True,False,False,1751927869.441918,2377642.2624588013
174099,1751925491.799837,1751927845.393227,batch_consumer-sts-0_20250707_223729_672282.csv,True,False,False,1751927869.441918,2377642.080783844
174109,1751925491.8000154,1751927845.4144084,batch_consumer-sts-0_20250707_223729_672282.csv,True,False,False,1751927869.441918,2377641.902446747
174119,1751925491.800202,1751927845.440319,batch_consumer-sts-0_20250707_223729_672282.csv,True,False,False,1751927869.441918,2377641.716003418
174129,1751925491.8003757,1751927845.4622908,batch_consumer-sts-0_20250707_223729_672282.csv,True,False,False,1751927869.441918,2377641.542196274
174139,1751925491.8005614,1751927845.4856038,batch_consumer-sts-0_20250707_223729_672282.csv,True,False,False,1751927869.441918,2377641.3564682007
174149,1751925491.8007429,1751927845.5073388,batch_consumer-sts-0_20250707_223729_672282.csv,True,False,False,1751927869.441918,2377641.175031662
174159,1751925491.800925,1751927845.5300508,batch_consumer-sts-0_20250707_223729_672282.csv,True,False,False,1751927869.441918,2377640.9928798676
174169,1751925491.801128,1751927845.5522647,batch_consumer-sts-0_20250707_223729_672282.csv,True,False,False,1751927869.441918,2377640.7899856567
174179,1751925491.8013122,1751927845.5759358,batch_consumer-sts-0_20250707_223729_672282.csv,True,False,False,1751927869.441918,2377640.605688095
174189,1751925491.80149,1751927845.5982652,batch_consumer-sts-0_20250707_223729_672282.csv,True,False,False,1751927869.441918,2377640.427827835
174199,1751925491.8016677,1751927845.6197534,batch_consumer-sts-0_20250707_223729_672282.csv,True,False,False,1751927869.441918,2377640.2502059937
174209,1751925491.8023207,1751927845.6419656,batch_consumer-sts-0_20250707_223729_672282.csv,True,False,False,1751927869.441918,2377639.5971775055
174219,1751925491.8025029,1751927845.6643877,batch_consumer-sts-0_20250707_223729_672282.csv,True,False,False,1751927869.441918,2377639.415025711
174229,1751925491.802684,1751927845.687152,batch_consumer-sts-0_20250707_223729_672282.csv,True,False,False,1751927869.441918,2377639.233827591
174239,1751925491.802866,1751927845.7090764,batch_consumer-sts-0_20250707_223729_672282.csv,True,False,False,1751927869.441918,2377639.051914215
174249,1751925491.803052,1751927845.731264,batch_consumer-sts-0_20250707_223729_672282.csv,True,False,False,1751927869.441918,2377638.8659477234
174259,1751925491.8032334,1751927845.7534468,batch_consumer-sts-0_20250707_223729_672282.csv,True,False,False,1751927869.441918,2377638.6845111847
174269,1751925491.80343,1751927845.775719,batch_consumer-sts-0_20250707_223729_672282.csv,True,False,False,1751927869.441918,2377638.487815857
174279,1751925491.8036132,1751927845.7991345,batch_consumer-sts-0_20250707_223729_672282.csv,True,False,False,1751927869.441918,2377638.304710388
174289,1751925491.8037822,1751927845.8206682,batch_consumer-sts-0_20250707_223729_672282.csv,True,False,False,1751927869.441918,2377638.1356716156
174299,1751925491.803957,1751927845.842638,batch_consumer-sts-0_20250707_223729_672282.csv,True,False,False,1751927869.441918,2377637.960910797
174309,1751925491.804134,1751927845.8647254,batch_consumer-sts-0_20250707_223729_672282.csv,True,False,False,1751927869.441918,2377637.7840042114
174319,1751925491.8043053,1751927845.8867562,batch_consumer-sts-0_20250707_223729_672282.csv,True,False,False,1751927869.441918,2377637.612581253
174329,1751925491.8044877,1751927845.908419,batch_consumer-sts-0_20250707_223729_672282.csv,True,False,False,1751927869.441918,2377637.43019104
174339,1751925491.804662,1751927846.9323833,batch_consumer-sts-0_20250707_223729_672282.csv,True,False,False,1751927869.441918,2377637.2559070587
174349,1751925491.8048377,1751927847.034614,batch_consumer-sts-0_20250707_223729_672282.csv,True,False,False,1751927869.441918,2377637.080192566
174359,1751925491.805015,1751927847.0563493,batch_consumer-sts-0_20250707_223729_672282.csv,True,False,False,1751927869.441918,2377636.902809143
174369,1751925491.8051925,1751927847.077108,batch_consumer-sts-0_20250707_223729_672282.csv,True,False,False,1751927869.441918,2377636.72542572
174379,1751925491.805369,1751927847.1037002,batch_consumer-sts-0_20250707_223729_672282.csv,True,False,False,1751927869.441918,2377636.5489959717
174389,1751925491.8055508,1751927847.1254375,batch_consumer-sts-0_20250707_223729_672282.csv,True,False,False,1751927869.441918,2377636.367082596
174399,1751925491.8057268,1751927847.1482058,batch_consumer-sts-0_20250707_223729_672282.csv,True,False,False,1751927869.441918,2377636.1911296844
174409,1751925491.8059037,1751927847.1699991,batch_consumer-sts-0_20250707_223729_672282.csv,True,False,False,1751927869.441918,2377636.0142230988
174419,1751925491.8060837,1751927847.19119,batch_consumer-sts-0_20250707_223729_672282.csv,True,False,False,1751927869.441918,2377635.8342170715
174429,1751925491.8063357,1751927847.2131402,batch_consumer-sts-0_20250707_223729_672282.csv,True,False,False,1751927869.441918,2377635.5822086334
174439,1751925491.8065283,1751927847.2349904,batch_consumer-sts-0_20250707_223729_672282.csv,True,False,False,1751927869.441918,2377635.3895664215
174449,1751925491.8067162,1751927847.2569227,batch_consumer-sts-0_20250707_223729_672282.csv,True,False,False,1751927869.441918,2377635.201692581
174459,1751925491.8069065,1751927847.2801943,batch_consumer-sts-0_20250707_223729_672282.csv,True,False,False,1751927869.441918,2377635.011434555
174469,1751925491.8070962,1751927847.3018107,batch_consumer-sts-0_20250707_223729_672282.csv,True,False,False,1751927869.441918,2377634.821653366
174479,1751925491.8072903,1751927847.3240345,batch_consumer-sts-0_20250707_223729_672282.csv,True,False,False,1751927869.441918,2377634.6275806427
174489,1751925491.807481,1751927847.3461616,batch_consumer-sts-0_20250707_223729_672282.csv,True,False,False,1751927869.441918,2377634.4368457794
174499,1751925491.807658,1751927847.372426,batch_consumer-sts-0_20250707_223729_672282.csv,True,False,False,1751927869.441918,2377634.2599391937
174509,1751925491.807834,1751927847.395486,batch_consumer-sts-0_20250707_223729_672282.csv,True,False,False,1751927869.441918,2377634.0839862823
174519,1751925491.8080144,1751927847.4169748,batch_consumer-sts-0_20250707_223729_672282.csv,True,False,False,1751927869.441918,2377633.903503418
174529,1751925491.8081925,1751927847.4400945,batch_consumer-sts-0_20250707_223729_672282.csv,True,False,False,1751927869.441918,2377633.7254047394
174539,1751925491.8083756,1751927847.4622295,batch_consumer-sts-0_20250707_223729_672282.csv,True,False,False,1751927869.441918,2377633.5422992706
174549,1751925491.8085628,1751927847.4875898,batch_consumer-sts-0_20250707_223729_672282.csv,True,False,False,1751927869.441918,2377633.355140686
175929,1751925491.83913,1751927847.5096529,batch_consumer-sts-0_20250707_223729_672282.csv,True,False,False,1751927869.441918,2377602.7879714966
175939,1751925491.8393157,1751927847.5320103,batch_consumer-sts-0_20250707_223729_672282.csv,True,False,False,1751927869.441918,2377602.6022434235
175949,1751925491.8394945,1751927847.5543826,batch_consumer-sts-0_20250707_223729_672282.csv,True,False,False,1751927869.441918,2377602.423429489
175959,1751925491.8396778,1751927847.5769067,batch_consumer-sts-0_20250707_223729_672282.csv,True,False,False,1751927869.441918,2377602.240085602
175969,1751925491.8398626,1751927847.599229,batch_consumer-sts-0_20250707_223729_672282.csv,True,False,False,1751927869.441918,2377602.055311203
175979,1751925491.840057,1751927847.6213417,batch_consumer-sts-0_20250707_223729_672282.csv,True,False,False,1751927869.441918,2377601.861000061
175989,1751925491.840243,1751927848.2819507,batch_consumer-sts-0_20250707_223729_672282.csv,True,False,False,1751927869.441918,2377601.6747951508
175999,1751925491.8404307,1751927848.3038816,batch_consumer-sts-0_20250707_223729_672282.csv,True,False,False,1751927869.441918,2377601.487159729
176009,1751925491.8406155,1751927848.3276234,batch_consumer-sts-0_20250707_223729_672282.csv,True,False,False,1751927869.441918,2377601.30238533
176019,1751925491.8407974,1751927848.350058,batch_consumer-sts-0_20250707_223729_672282.csv,True,False,False,1751927869.441918,2377601.1204719543
176029,1751925491.840987,1751927848.375413,batch_consumer-sts-0_20250707_223729_672282.csv,True,False,False,1751927869.441918,2377600.930929184
176039,1751925491.8411744,1751927848.397781,batch_consumer-sts-0_20250707_223729_672282.csv,True,False,False,1751927869.441918,2377600.743532181
176049,1751925491.8413513,1751927848.4189837,batch_consumer-sts-0_20250707_223729_672282.csv,True,False,False,1751927869.441918,2377600.566625595
176059,1751925491.8415306,1751927848.440919,batch_consumer-sts-0_20250707_223729_672282.csv,True,False,False,1751927869.441918,2377600.3873348236
176069,1751925491.8417137,1751927848.4628692,batch_consumer-sts-0_20250707_223729_672282.csv,True,False,False,1751927869.441918,2377600.204229355
176079,1751925491.841899,1751927848.484903,batch_consumer-sts-0_20250707_223729_672282.csv,True,False,False,1751927869.441918,2377600.018978119
176089,1751925491.842076,1751927848.506653,batch_consumer-sts-0_20250707_223729_672282.csv,True,False,False,1751927869.441918,2377599.8418331146
176099,1751925491.8422875,1751927848.52852,batch_consumer-sts-0_20250707_223729_672282.csv,True,False,False,1751927869.441918,2377599.630355835
176109,1751925491.8424828,1751927848.550633,batch_consumer-sts-0_20250707_223729_672282.csv,True,False,False,1751927869.441918,2377599.4350910187
176119,1751925491.8426726,1751927848.574102,batch_consumer-sts-0_20250707_223729_672282.csv,True,False,False,1751927869.441918,2377599.2453098297
176129,1751925491.8428662,1751927848.5961611,batch_consumer-sts-0_20250707_223729_672282.csv,True,False,False,1751927869.441918,2377599.0517139435
176139,1751925491.8430636,1751927848.6172953,batch_consumer-sts-0_20250707_223729_672282.csv,True,False,False,1751927869.441918,2377598.85430336
176149,1751925491.843259,1751927848.638527,batch_consumer-sts-0_20250707_223729_672282.csv,True,False,False,1751927869.441918,2377598.658800125
176159,1751925491.8434691,1751927848.6601224,batch_consumer-sts-0_20250707_223729_672282.csv,True,False,False,1751927869.441918,2377598.448753357
176169,1751925491.8436668,1751927848.68175,batch_consumer-sts-0_20250707_223729_672282.csv,True,False,False,1751927869.441918,2377598.251104355
176179,1751925491.8438485,1751927848.7033184,batch_consumer-sts-0_20250707_223729_672282.csv,True,False,False,1751927869.441918,2377598.0694293976
176189,1751925491.8440297,1751927848.7251966,batch_consumer-sts-0_20250707_223729_672282.csv,True,False,False,1751927869.441918,2377597.8882312775
176199,1751925491.845786,1751927848.7469203,batch_consumer-sts-0_20250707_223729_672282.csv,True,False,False,1751927869.441918,2377596.131801605
176209,1751925491.8459704,1751927848.7688549,batch_consumer-sts-0_20250707_223729_672282.csv,True,False,False,1751927869.441918,2377595.9475040436
176219,1751925491.8461633,1751927848.7905774,batch_consumer-sts-0_20250707_223729_672282.csv,True,False,False,1751927869.441918,2377595.754623413
176229,1751925491.846349,1751927848.8123434,batch_consumer-sts-0_20250707_223729_672282.csv,True,False,False,1751927869.441918,2377595.56889534
176239,1751925491.8465345,1751927848.8333888,batch_consumer-sts-0_20250707_223729_672282.csv,True,False,False,1751927869.441918,2377595.3834056854
176249,1751925491.846722,1751927848.8557568,batch_consumer-sts-0_20250707_223729_672282.csv,True,False,False,1751927869.441918,2377595.1960086823
176259,1751925491.8469012,1751927848.8783488,batch_consumer-sts-0_20250707_223729_672282.csv,True,False,False,1751927869.441918,2377595.0167179108
176269,1751925491.8470883,1751927848.899439,batch_consumer-sts-0_20250707_223729_672282.csv,True,False,False,1751927869.441918,2377594.829559326
176279,1751925491.847272,1751927849.1558409,batch_consumer-sts-0_20250707_223729_672282.csv,True,False,False,1751927869.441918,2377594.6459770203
176289,1751925491.8474593,1751927849.1792476,batch_consumer-sts-0_20250707_223729_672282.csv,True,False,False,1751927869.441918,2377594.458580017
176299,1751925491.8476453,1751927849.201467,batch_consumer-sts-0_20250707_223729_672282.csv,True,False,False,1751927869.441918,2377594.2726135254
176309,1751925491.8478303,1751927849.2239003,batch_consumer-sts-0_20250707_223729_672282.csv,True,False,False,1751927869.441918,2377594.087600708
176319,1751925491.8480146,1751927849.2461205,batch_consumer-sts-0_20250707_223729_672282.csv,True,False,False,1751927869.441918,2377593.9033031464
176329,1751925491.848201,1751927849.2688365,batch_consumer-sts-0_20250707_223729_672282.csv,True,False,False,1751927869.441918,2377593.7168598175
176339,1751925491.848385,1751927849.2911825,batch_consumer-sts-0_20250707_223729_672282.csv,True,False,False,1751927869.441918,2377593.5328006744
176349,1751925491.8485658,1751927849.31241,batch_consumer-sts-0_20250707_223729_672282.csv,True,False,False,1751927869.441918,2377593.3520793915
176359,1751925491.8487556,1751927849.3348217,batch_consumer-sts-0_20250707_223729_672282.csv,True,False,False,1751927869.441918,2377593.1622982025
176369,1751925491.8489437,1751927849.356581,batch_consumer-sts-0_20250707_223729_672282.csv,True,False,False,1751927869.441918,2377592.9741859436
176379,1751925491.8491328,1751927849.3786244,batch_consumer-sts-0_20250707_223729_672282.csv,True,False,False,1751927869.441918,2377592.7851200104
176389,1751925491.8493116,1751927849.4012437,batch_consumer-sts-0_20250707_223729_672282.csv,True,False,False,1751927869.441918,2377592.606306076
176399,1751925491.849489,1751927849.4260082,batch_consumer-sts-0_20250707_223729_672282.csv,True,False,False,1751927869.441918,2377592.428922653
176409,1751925491.8496668,1751927849.4522388,batch_consumer-sts-0_20250707_223729_672282.csv,True,False,False,1751927869.441918,2377592.251062393
176419,1751925491.8498569,1751927849.4743772,batch_consumer-sts-0_20250707_223729_672282.csv,True,False,False,1751927869.441918,2377592.0610427856
176429,1751925491.8500423,1751927849.496806,batch_consumer-sts-0_20250707_223729_672282.csv,True,False,False,1751927869.441918,2377591.875553131
176439,1751925491.8502629,1751927849.518212,batch_consumer-sts-0_20250707_223729_672282.csv,True,False,False,1751927869.441918,2377591.6550159454
176449,1751925491.850454,1751927849.5403504,batch_consumer-sts-0_20250707_223729_672282.csv,True,False,False,1751927869.441918,2377591.463804245
176459,1751925491.8506482,1751927849.562399,batch_consumer-sts-0_20250707_223729_672282.csv,True,False,False,1751927869.441918,2377591.2697315216
176469,1751925491.85084,1751927849.5841737,batch_consumer-sts-0_20250707_223729_672282.csv,True,False,False,1751927869.441918,2377591.0778045654
176479,1751925491.8510234,1751927849.605815,batch_consumer-sts-0_20250707_223729_672282.csv,True,False,False,1751927869.441918,2377590.894460678
176489,1751925491.851207,1751927849.6277747,batch_consumer-sts-0_20250707_223729_672282.csv,True,False,False,1751927869.441918,2377590.710878372
176499,1751925491.851396,1751927849.64982,batch_consumer-sts-0_20250707_223729_672282.csv,False,False,False,1751927869.441918,2377590.521812439
176509,1751925491.8515768,1751927849.8663514,batch_consumer-sts-0_20250707_223746_502997.csv,False,False,False,1751927869.441918,2377590.341091156
176519,1751925491.8517597,1751927849.88898,batch_consumer-sts-0_20250707_223746_502997.csv,False,False,False,1751927869.441918,2377590.158224106
176529,1751925491.8519433,1751927849.9106247,batch_consumer-sts-0_20250707_223746_502997.csv,False,False,False,1751927869.441918,2377589.9746418
176539,1751925491.852119,1751927849.9325964,batch_consumer-sts-0_20250707_223746_502997.csv,False,False,False,1751927869.441918,2377589.798927307
176549,1751925491.8523016,1751927849.9576445,batch_consumer-sts-0_20250707_223746_502997.csv,False,False,False,1751927869.441918,2377589.6162986755
176559,1751925491.852489,1751927849.9800484,batch_consumer-sts-0_20250707_223746_502997.csv,False,False,False,1751927869.441918,2377589.4289016724
176569,1751925491.8526735,1751927850.0020497,batch_consumer-sts-0_20250707_223746_502997.csv,False,False,False,1751927869.441918,2377589.244365692
176579,1751925491.8528652,1751927850.0240524,batch_consumer-sts-0_20250707_223746_502997.csv,False,False,False,1751927869.441918,2377589.0526771545
176589,1751925491.8530543,1751927850.0465074,batch_consumer-sts-0_20250707_223746_502997.csv,False,False,False,1751927869.441918,2377588.8636112213
176599,1751925491.8532383,1751927850.0692973,batch_consumer-sts-0_20250707_223746_502997.csv,False,False,False,1751927869.441918,2377588.6795520782
176609,1751925491.853421,1751927850.0918603,batch_consumer-sts-0_20250707_223746_502997.csv,False,False,False,1751927869.441918,2377588.4969234467
176619,1751925491.853598,1751927850.113471,batch_consumer-sts-0_20250707_223746_502997.csv,False,False,False,1751927869.441918,2377588.3197784424
176629,1751925491.8537762,1751927850.135604,batch_consumer-sts-0_20250707_223746_502997.csv,False,False,False,1751927869.441918,2377588.141679764
176639,1751925491.853953,1751927850.1581223,batch_consumer-sts-0_20250707_223746_502997.csv,False,False,False,1751927869.441918,2377587.9650115967
176649,1751925491.8541288,1751927850.1804926,batch_consumer-sts-0_20250707_223746_502997.csv,False,False,False,1751927869.441918,2377587.7890586853
176659,1751925491.854349,1751927850.203837,batch_consumer-sts-0_20250707_223746_502997.csv,False,False,False,1751927869.441918,2377587.568998337
176669,1751925491.854534,1751927850.2327127,batch_consumer-sts-0_20250707_223746_502997.csv,False,False,False,1751927869.441918,2377587.3839855194
176679,1751925491.8547125,1751927850.255146,batch_consumer-sts-0_20250707_223746_502997.csv,False,False,False,1751927869.441918,2377587.2054100037
176689,1751925491.854895,1751927850.2779615,batch_consumer-sts-0_20250707_223746_502997.csv,False,False,False,1751927869.441918,2377587.022781372
176699,1751925491.855071,1751927850.3003874,batch_consumer-sts-0_20250707_223746_502997.csv,False,False,False,1751927869.441918,2377586.8468284607
176709,1751925491.8552516,1751927850.3227978,batch_consumer-sts-0_20250707_223746_502997.csv,False,False,False,1751927869.441918,2377586.6663455963
176719,1751925491.8554332,1751927850.3448913,batch_consumer-sts-0_20250707_223746_502997.csv,False,False,False,1751927869.441918,2377586.484670639
186589,1751925492.2061744,1751927850.366839,batch_consumer-sts-0_20250707_223746_502997.csv,False,False,False,1751927869.441918,2377235.743522644
186599,1751925492.206579,1751927850.388739,batch_consumer-sts-0_20250707_223746_502997.csv,False,False,False,1751927869.441918,2377235.3389263153
186609,1751925492.2068722,1751927850.4103465,batch_consumer-sts-0_20250707_223746_502997.csv,False,False,False,1751927869.441918,2377235.045671463
186619,1751925492.2071047,1751927850.4322703,batch_consumer-sts-0_20250707_223746_502997.csv,False,False,False,1751927869.441918,2377234.8132133484
186629,1751925492.2073476,1751927850.4544845,batch_consumer-sts-0_20250707_223746_502997.csv,False,False,False,1751927869.441918,2377234.5702648163
186639,1751925492.2075984,1751927850.476722,batch_consumer-sts-0_20250707_223746_502997.csv,False,False,False,1751927869.441918,2377234.319448471
186649,1751925492.2078407,1751927850.4985306,batch_consumer-sts-0_20250707_223746_502997.csv,False,False,False,1751927869.441918,2377234.0772151947
186659,1751925492.2080824,1751927850.5201757,batch_consumer-sts-0_20250707_223746_502997.csv,False,False,False,1751927869.441918,2377233.8354587555
186669,1751925492.2083185,1751927850.54225,batch_consumer-sts-0_20250707_223746_502997.csv,False,False,False,1751927869.441918,2377233.599424362
186679,1751925492.2085488,1751927850.5640328,batch_consumer-sts-0_20250707_223746_502997.csv,False,False,False,1751927869.441918,2377233.369112015
186689,1751925492.208779,1751927850.5860822,batch_consumer-sts-0_20250707_223746_502997.csv,False,False,False,1751927869.441918,2377233.1387996674
186699,1751925492.2090178,1751927850.608197,batch_consumer-sts-0_20250707_223746_502997.csv,False,False,False,1751927869.441918,2377232.9001426697
186709,1751925492.2092454,1751927850.633026,batch_consumer-sts-0_20250707_223746_502997.csv,False,False,False,1751927869.441918,2377232.6724529266
186719,1751925492.209472,1751927850.6565323,batch_consumer-sts-0_20250707_223746_502997.csv,False,False,False,1751927869.441918,2377232.4459552765
186729,1751925492.209713,1751927850.6793685,batch_consumer-sts-0_20250707_223746_502997.csv,False,False,False,1751927869.441918,2377232.204914093
186739,1751925492.209957,1751927850.7016227,batch_consumer-sts-0_20250707_223746_502997.csv,False,False,False,1751927869.441918,2377231.9610118866
186749,1751925492.2102065,1751927850.724017,batch_consumer-sts-0_20250707_223746_502997.csv,False,False,False,1751927869.441918,2377231.7113876343
186759,1751925492.2104456,1751927850.746183,batch_consumer-sts-0_20250707_223746_502997.csv,False,False,False,1751927869.441918,2377231.4722537994
186769,1751925492.2106874,1751927850.7682855,batch_consumer-sts-0_20250707_223746_502997.csv,False,False,False,1751927869.441918,2377231.23049736
186779,1751925492.2109284,1751927850.790624,batch_consumer-sts-0_20250707_223746_502997.csv,False,False,False,1751927869.441918,2377230.9894561768
186789,1751925492.211165,1751927850.8121903,batch_consumer-sts-0_20250707_223746_502997.csv,False,False,False,1751927869.441918,2377230.7529449463
186799,1751925492.211398,1751927850.83441,batch_consumer-sts-0_20250707_223746_502997.csv,False,False,False,1751927869.441918,2377230.5200099945
186809,1751925492.2116363,1751927850.8588748,batch_consumer-sts-0_20250707_223746_502997.csv,False,False,False,1751927869.441918,2377230.2815914154
186819,1751925492.2118762,1751927850.881571,batch_consumer-sts-0_20250707_223746_502997.csv,False,False,False,1751927869.441918,2377230.041742325
186829,1751925492.2121146,1751927850.903339,batch_consumer-sts-0_20250707_223746_502997.csv,False,False,False,1751927869.441918,2377229.8033237457
186839,1751925492.21235,1751927850.9269466,batch_consumer-sts-0_20250707_223746_502997.csv,False,False,False,1751927869.441918,2377229.568004608
186849,1751925492.2125928,1751927850.9493012,batch_consumer-sts-0_20250707_223746_502997.csv,False,False,False,1751927869.441918,2377229.325056076
186859,1751925492.2128491,1751927850.971676,batch_consumer-sts-0_20250707_223746_502997.csv,False,False,False,1751927869.441918,2377229.0687561035
186869,1751925492.2130964,1751927850.994103,batch_consumer-sts-0_20250707_223746_502997.csv,False,False,False,1751927869.441918,2377228.821516037
186879,1751925492.2133462,1751927851.0155602,batch_consumer-sts-0_20250707_223746_502997.csv,False,False,False,1751927869.441918,2377228.571653366
186889,1751925492.2135904,1751927851.0377493,batch_consumer-sts-0_20250707_223746_502997.csv,False,False,False,1751927869.441918,2377228.327512741
186899,1751925492.213848,1751927851.0596373,batch_consumer-sts-0_20250707_223746_502997.csv,False,False,False,1751927869.441918,2377228.069782257
186909,1751925492.214084,1751927851.0824213,batch_consumer-sts-0_20250707_223746_502997.csv,False,False,False,1751927869.441918,2377227.8339862823
186919,1751925492.214334,1751927851.103968,batch_consumer-sts-0_20250707_223746_502997.csv,False,False,False,1751927869.441918,2377227.583885193
186929,1751925492.214579,1751927851.125574,batch_consumer-sts-0_20250707_223746_502997.csv,False,False,False,1751927869.441918,2377227.3387908936
186939,1751925492.214826,1751927851.1477046,batch_consumer-sts-0_20250707_223746_502997.csv,False,False,False,1751927869.441918,2377227.0917892456
186949,1751925492.2150748,1751927851.1694062,batch_consumer-sts-0_20250707_223746_502997.csv,False,False,False,1751927869.441918,2377226.8431186676
186959,1751925492.215325,1751927851.191199,batch_consumer-sts-0_20250707_223746_502997.csv,False,False,False,1751927869.441918,2377226.5927791595
186969,1751925492.215573,1751927852.2142303,batch_consumer-sts-0_20250707_223746_502997.csv,False,False,False,1751927869.441918,2377226.3448238373
186979,1751925492.215822,1751927852.2350223,batch_consumer-sts-0_20250707_223746_502997.csv,False,False,False,1751927869.441918,2377226.0959148407
186989,1751925492.216071,1751927852.256641,batch_consumer-sts-0_20250707_223746_502997.csv,False,False,False,1751927869.441918,2377225.847005844
188519,1751925492.2568676,1751927852.278699,batch_consumer-sts-0_20250707_223746_502997.csv,False,False,False,1751927869.441918,2377185.0502490997
188529,1751925492.2571025,1751927852.3007407,batch_consumer-sts-0_20250707_223746_502997.csv,False,False,False,1751927869.441918,2377184.8154067993
188539,1751925492.2573855,1751927852.3224132,batch_consumer-sts-0_20250707_223746_502997.csv,False,False,False,1751927869.441918,2377184.532403946
188549,1751925492.2578995,1751927852.3442266,batch_consumer-sts-0_20250707_223746_502997.csv,False,False,False,1751927869.441918,2377184.0183734894
188559,1751925492.2581358,1751927852.3658967,batch_consumer-sts-0_20250707_223746_502997.csv,False,False,False,1751927869.441918,2377183.7821006775
188569,1751925492.2583823,1751927852.3880806,batch_consumer-sts-0_20250707_223746_502997.csv,False,False,False,1751927869.441918,2377183.5355758667
188579,1751925492.2587605,1751927852.409398,batch_consumer-sts-0_20250707_223746_502997.csv,False,False,False,1751927869.441918,2377183.1574440002
188589,1751925492.2591152,1751927852.4359064,batch_consumer-sts-0_20250707_223746_502997.csv,False,False,False,1751927869.441918,2377182.8026771545
188599,1751925492.2594724,1751927852.4577525,batch_consumer-sts-0_20250707_223746_502997.csv,False,False,False,1751927869.441918,2377182.445526123
188609,1751925492.25976,1751927852.4798665,batch_consumer-sts-0_20250707_223746_502997.csv,False,False,False,1751927869.441918,2377182.1579933167
188619,1751925492.260214,1751927852.5019538,batch_consumer-sts-0_20250707_223746_502997.csv,False,False,False,1751927869.441918,2377181.7038059235
188629,1751925492.2604358,1751927852.5337782,batch_consumer-sts-0_20250707_223746_502997.csv,False,False,False,1751927869.441918,2377181.482076645
188639,1751925492.2606635,1751927852.5561855,batch_consumer-sts-0_20250707_223746_502997.csv,False,False,False,1751927869.441918,2377181.254386902
188649,1751925492.260893,1751927852.57846,batch_consumer-sts-0_20250707_223746_502997.csv,False,False,False,1751927869.441918,2377181.02478981
188659,1751925492.2612083,1751927852.6011295,batch_consumer-sts-0_20250707_223746_502997.csv,False,False,False,1751927869.441918,2377180.7096004486
188669,1751925492.2615883,1751927852.6231031,batch_consumer-sts-0_20250707_223746_502997.csv,False,False,False,1751927869.441918,2377180.3295612335
188679,1751925492.2628975,1751927852.6456728,batch_consumer-sts-0_20250707_223746_502997.csv,False,False,False,1751927869.441918,2377179.0204048157
188689,1751925492.2638812,1751927852.668194,batch_consumer-sts-0_20250707_223746_502997.csv,False,False,False,1751927869.441918,2377178.0366897583
188699,1751925492.2641082,1751927852.6894984,batch_consumer-sts-0_20250707_223746_502997.csv,False,False,False,1751927869.441918,2377177.809715271
188709,1751925492.2643447,1751927852.711559,batch_consumer-sts-0_20250707_223746_502997.csv,False,False,False,1751927869.441918,2377177.5732040405
188719,1751925492.2645743,1751927852.7338254,batch_consumer-sts-0_20250707_223746_502997.csv,False,False,False,1751927869.441918,2377177.343606949
188729,1751925492.2648013,1751927852.9520917,batch_consumer-sts-0_20250707_223746_502997.csv,False,False,False,1751927869.441918,2377177.1166324615
188739,1751925492.2650352,1751927852.9740222,batch_consumer-sts-0_20250707_223746_502997.csv,False,False,False,1751927869.441918,2377176.8827438354
188749,1751925492.2652724,1751927852.996496,batch_consumer-sts-0_20250707_223746_502997.csv,False,False,False,1751927869.441918,2377176.6455173492
188759,1751925492.2655008,1751927853.0180025,batch_consumer-sts-0_20250707_223746_502997.csv,False,False,False,1751927869.441918,2377176.4171123505
188769,1751925492.265732,1751927853.040684,batch_consumer-sts-0_20250707_223746_502997.csv,False,False,False,1751927869.441918,2377176.1858463287
188779,1751925492.2662218,1751927853.0683544,batch_consumer-sts-0_20250707_223746_502997.csv,False,False,False,1751927869.441918,2377175.6961345673
188789,1751925492.266711,1751927853.0893626,batch_consumer-sts-0_20250707_223746_502997.csv,False,False,False,1751927869.441918,2377175.206899643
193909,1751925492.4420505,1751927853.1112769,batch_consumer-sts-0_20250707_223746_502997.csv,False,False,False,1751927869.441918,2376999.86743927
193919,1751925492.442297,1751927853.1330404,batch_consumer-sts-0_20250707_223746_502997.csv,False,False,False,1751927869.441918,2376999.620914459
193929,1751925492.4425302,1751927853.1556866,batch_consumer-sts-0_20250707_223746_502997.csv,False,False,False,1751927869.441918,2376999.387741089
193939,1751925492.4427612,1751927853.1770785,batch_consumer-sts-0_20250707_223746_502997.csv,False,False,False,1751927869.441918,2376999.1567134857
193949,1751925492.4429913,1751927853.1989098,batch_consumer-sts-0_20250707_223746_502997.csv,False,False,False,1751927869.441918,2376998.926639557
193959,1751925492.4432228,1751927853.2201183,batch_consumer-sts-0_20250707_223746_502997.csv,False,False,False,1751927869.441918,2376998.6951351166
193969,1751925492.443463,1751927853.2416537,batch_consumer-sts-0_20250707_223746_502997.csv,False,False,False,1751927869.441918,2376998.454809189
193979,1751925492.4436903,1751927853.2636125,batch_consumer-sts-0_20250707_223746_502997.csv,False,False,False,1751927869.441918,2376998.227596283
193989,1751925492.4439187,1751927853.2855818,batch_consumer-sts-0_20250707_223746_502997.csv,False,False,False,1751927869.441918,2376997.999191284
193999,1751925492.4441502,1751927853.3073149,batch_consumer-sts-0_20250707_223746_502997.csv,False,False,False,1751927869.441918,2376997.767686844
194009,1751925492.4443812,1751927853.3315103,batch_consumer-sts-0_20250707_223746_502997.csv,False,False,False,1751927869.441918,2376997.5366592407
194019,1751925492.444613,1751927853.35335,batch_consumer-sts-0_20250707_223746_502997.csv,False,False,False,1751927869.441918,2376997.304916382
194029,1751925492.4448464,1751927853.3774736,batch_consumer-sts-0_20250707_223746_502997.csv,False,False,False,1751927869.441918,2376997.071504593
194039,1751925492.445076,1751927853.3999712,batch_consumer-sts-0_20250707_223746_502997.csv,False,False,False,1751927869.441918,2376996.841907501
194049,1751925492.4453082,1751927853.4216037,batch_consumer-sts-0_20250707_223746_502997.csv,False,False,False,1751927869.441918,2376996.609687805
194059,1751925492.4455388,1751927853.4436555,batch_consumer-sts-0_20250707_223746_502997.csv,False,False,False,1751927869.441918,2376996.379137039
194069,1751925492.4457629,1751927853.465608,batch_consumer-sts-0_20250707_223746_502997.csv,False,False,False,1751927869.441918,2376996.155023575
194079,1751925492.4459865,1751927853.4878492,batch_consumer-sts-0_20250707_223746_502997.csv,False,False,False,1751927869.441918,2376995.9313869476
194089,1751925492.44624,1751927853.5093217,batch_consumer-sts-0_20250707_223746_502997.csv,False,False,False,1751927869.441918,2376995.677947998
194099,1751925492.4464753,1751927853.531448,batch_consumer-sts-0_20250707_223746_502997.csv,False,False,False,1751927869.441918,2376995.4426288605
194109,1751925492.44671,1751927853.5535712,batch_consumer-sts-0_20250707_223746_502997.csv,False,False,False,1751927869.441918,2376995.20778656
194119,1751925492.4469469,1751927853.5762627,batch_consumer-sts-0_20250707_223746_502997.csv,False,False,False,1751927869.441918,2376994.971036911
194129,1751925492.447181,1751927853.5990784,batch_consumer-sts-0_20250707_223746_502997.csv,False,False,False,1751927869.441918,2376994.7369098663
194139,1751925492.4474168,1751927853.6218932,batch_consumer-sts-0_20250707_223746_502997.csv,False,False,False,1751927869.441918,2376994.5011138916
194149,1751925492.4476457,1751927853.6440265,batch_consumer-sts-0_20250707_223746_502997.csv,False,False,False,1751927869.441918,2376994.2722320557
194159,1751925492.447881,1751927853.6661656,batch_consumer-sts-0_20250707_223746_502997.csv,False,False,False,1751927869.441918,2376994.036912918
194169,1751925492.448115,1751927853.6883166,batch_consumer-sts-0_20250707_223746_502997.csv,False,False,False,1751927869.441918,2376993.8027858734
194179,1751925492.4483452,1751927853.7100964,batch_consumer-sts-0_20250707_223746_502997.csv,False,False,False,1751927869.441918,2376993.5727119446
194189,1751925492.448579,1751927853.7364347,batch_consumer-sts-0_20250707_223746_502997.csv,False,False,False,1751927869.441918,2376993.3388233185
194199,1751925492.448814,1751927853.7585988,batch_consumer-sts-0_20250707_223746_502997.csv,False,False,False,1751927869.441918,2376993.103981018
194209,1751925492.4490504,1751927853.7807634,batch_consumer-sts-0_20250707_223746_502997.csv,False,False,False,1751927869.441918,2376992.8674697876
194219,1751925492.449277,1751927853.8024447,batch_consumer-sts-0_20250707_223746_502997.csv,False,False,False,1751927869.441918,2376992.6409721375
194229,1751925492.44951,1751927853.8248503,batch_consumer-sts-0_20250707_223746_502997.csv,False,False,False,1751927869.441918,2376992.407798767
194239,1751925492.4497378,1751927853.8465016,batch_consumer-sts-0_20250707_223746_502997.csv,False,False,False,1751927869.441918,2376992.180109024
194249,1751925492.4499598,1751927853.8690066,batch_consumer-sts-0_20250707_223746_502997.csv,False,False,False,1751927869.441918,2376991.958141327
194259,1751925492.4501948,1751927853.8912325,batch_consumer-sts-0_20250707_223746_502997.csv,False,False,False,1751927869.441918,2376991.723060608
194269,1751925492.4505358,1751927853.9120271,batch_consumer-sts-0_20250707_223746_502997.csv,False,False,False,1751927869.441918,2376991.38212204
194279,1751925492.4508202,1751927853.934456,batch_consumer-sts-0_20250707_223746_502997.csv,False,False,False,1751927869.441918,2376991.097688675
194289,1751925492.4510453,1751927853.9575326,batch_consumer-sts-0_20250707_223746_502997.csv,False,False,False,1751927869.441918,2376990.8726215363
194299,1751925492.4515457,1751927853.9796147,batch_consumer-sts-0_20250707_223746_502997.csv,False,False,False,1751927869.441918,2376990.3721809387
194309,1751925492.4577043,1751927854.0013828,batch_consumer-sts-0_20250707_223746_502997.csv,False,False,False,1751927869.441918,2376984.213590622
194319,1751925492.458573,1751927854.0223567,batch_consumer-sts-0_20250707_223746_502997.csv,False,False,False,1751927869.441918,2376983.3447933197
194329,1751925492.4588215,1751927854.4036248,batch_consumer-sts-0_20250707_223746_502997.csv,False,False,False,1751927869.441918,2376983.0963611603
194339,1751925492.4593508,1751927854.4323192,batch_consumer-sts-0_20250707_223746_502997.csv,False,False,False,1751927869.441918,2376982.5670719147
194349,1751925492.459588,1751927854.4542484,batch_consumer-sts-0_20250707_223746_502997.csv,False,False,False,1751927869.441918,2376982.3298454285
194359,1751925492.4598234,1751927854.476492,batch_consumer-sts-0_20250707_223746_502997.csv,False,False,False,1751927869.441918,2376982.094526291
194369,1751925492.460055,1751927854.4986336,batch_consumer-sts-0_20250707_223746_502997.csv,False,False,False,1751927869.441918,2376981.862783432
194379,1751925492.4602845,1751927854.5221395,batch_consumer-sts-0_20250707_223746_502997.csv,False,False,False,1751927869.441918,2376981.633424759
194389,1751925492.4605186,1751927854.5470848,batch_consumer-sts-0_20250707_223746_502997.csv,False,False,False,1751927869.441918,2376981.3992977142
194399,1751925492.4607508,1751927854.569714,batch_consumer-sts-0_20250707_223746_502997.csv,False,False,False,1751927869.441918,2376981.167078018
194409,1751925492.4609928,1751927854.5932214,batch_consumer-sts-0_20250707_223746_502997.csv,False,False,False,1751927869.441918,2376980.9250831604
194419,1751925492.461227,1751927854.6140938,batch_consumer-sts-0_20250707_223746_502997.csv,False,False,False,1751927869.441918,2376980.6909561157
194429,1751925492.4618428,1751927854.6360755,batch_consumer-sts-0_20250707_223746_502997.csv,False,False,False,1751927869.441918,2376980.075120926
194439,1751925492.4623263,1751927854.659087,batch_consumer-sts-0_20250707_223746_502997.csv,False,False,False,1751927869.441918,2376979.5916080475
194449,1751925492.4627266,1751927854.681863,batch_consumer-sts-0_20250707_223746_502997.csv,False,False,False,1751927869.441918,2376979.191303253
194459,1751925492.4632497,1751927854.7039676,batch_consumer-sts-0_20250707_223746_502997.csv,False,False,False,1751927869.441918,2376978.6682128906
194469,1751925492.4635162,1751927854.7254655,batch_consumer-sts-0_20250707_223746_502997.csv,False,False,False,1751927869.441918,2376978.401660919
194479,1751925492.463785,1751927854.7477973,batch_consumer-sts-0_20250707_223746_502997.csv,False,False,False,1751927869.441918,2376978.1329631805
194489,1751925492.464049,1751927854.7726598,batch_consumer-sts-0_20250707_223746_502997.csv,False,False,False,1751927869.441918,2376977.868795395
194499,1751925492.464318,1751927854.7955763,batch_consumer-sts-0_20250707_223746_502997.csv,False,False,False,1751927869.441918,2376977.5998592377
194509,1751925492.4645824,1751927854.8177693,batch_consumer-sts-0_20250707_223746_502997.csv,False,False,False,1751927869.441918,2376977.3354530334
194519,1751925492.464844,1751927854.8401036,batch_consumer-sts-0_20250707_223746_502997.csv,False,False,False,1751927869.441918,2376977.073907852
194529,1751925492.4651017,1751927854.8621097,batch_consumer-sts-0_20250707_223746_502997.csv,False,False,False,1751927869.441918,2376976.816177368
194539,1751925492.4653645,1751927854.8848212,batch_consumer-sts-0_20250707_223746_502997.csv,False,False,False,1751927869.441918,2376976.553440094
194549,1751925492.4656205,1751927854.9069033,batch_consumer-sts-0_20250707_223746_502997.csv,False,False,False,1751927869.441918,2376976.29737854
194559,1751925492.4658847,1751927854.9289732,batch_consumer-sts-0_20250707_223746_502997.csv,False,False,False,1751927869.441918,2376976.0332107544
194569,1751925492.4661684,1751927854.9514248,batch_consumer-sts-0_20250707_223746_502997.csv,False,False,False,1751927869.441918,2376975.7494926453
194579,1751925492.466434,1751927854.9735482,batch_consumer-sts-0_20250707_223746_502997.csv,False,False,False,1751927869.441918,2376975.483894348
194589,1751925492.4666634,1751927854.9955935,batch_consumer-sts-0_20250707_223746_502997.csv,False,False,False,1751927869.441918,2376975.254535675
194599,1751925492.4668903,1751927855.0174246,batch_consumer-sts-0_20250707_223746_502997.csv,False,False,False,1751927869.441918,2376975.0275611877
194609,1751925492.467131,1751927855.0394578,batch_consumer-sts-0_20250707_223746_502997.csv,False,False,False,1751927869.441918,2376974.7869968414
194619,1751925492.4673662,1751927855.063621,batch_consumer-sts-0_20250707_223746_502997.csv,False,False,False,1751927869.441918,2376974.551677704
194629,1751925492.467602,1751927855.086031,batch_consumer-sts-0_20250707_223746_502997.csv,False,False,False,1751927869.441918,2376974.315881729
195909,1751925492.4982667,1751927855.1079583,batch_consumer-sts-0_20250707_223746_502997.csv,False,False,False,1751927869.441918,2376943.651199341
195919,1751925492.4984958,1751927855.1303763,batch_consumer-sts-0_20250707_223746_502997.csv,False,False,False,1751927869.441918,2376943.4220790863
195929,1751925492.498726,1751927855.1525643,batch_consumer-sts-0_20250707_223746_502997.csv,False,False,False,1751927869.441918,2376943.1920051575
195939,1751925492.4989593,1751927855.174652,batch_consumer-sts-0_20250707_223746_502997.csv,False,False,False,1751927869.441918,2376942.9585933685
195949,1751925492.4991913,1751927855.1967826,batch_consumer-sts-0_20250707_223746_502997.csv,False,False,False,1751927869.441918,2376942.726612091
195959,1751925492.4994178,1751927855.2183127,batch_consumer-sts-0_20250707_223746_502997.csv,False,False,False,1751927869.441918,2376942.500114441
195969,1751925492.499648,1751927855.2403564,batch_consumer-sts-0_20250707_223746_502997.csv,False,False,False,1751927869.441918,2376942.2698020935
195979,1751925492.499874,1751927855.2624853,batch_consumer-sts-0_20250707_223746_502997.csv,False,False,False,1751927869.441918,2376942.0437812805
195989,1751925492.5001023,1751927855.2844477,batch_consumer-sts-0_20250707_223746_502997.csv,False,False,False,1751927869.441918,2376941.8156147003
195999,1751925492.5003304,1751927855.3057516,batch_consumer-sts-0_20250707_223746_502997.csv,False,False,False,1751927869.441918,2376941.58744812
196009,1751925492.500566,1751927855.327382,batch_consumer-sts-0_20250707_223746_502997.csv,False,False,False,1751927869.441918,2376941.351890564
196019,1751925492.5008132,1751927855.3480644,batch_consumer-sts-0_20250707_223746_502997.csv,False,False,False,1751927869.441918,2376941.1046504974
196029,1751925492.5010557,1751927855.369685,batch_consumer-sts-0_20250707_223746_502997.csv,False,False,False,1751927869.441918,2376940.8621788025
196039,1751925492.5012937,1751927855.3914468,batch_consumer-sts-0_20250707_223746_502997.csv,False,False,False,1751927869.441918,2376940.6242370605
196049,1751925492.501533,1751927855.4127328,batch_consumer-sts-0_20250707_223746_502997.csv,False,False,False,1751927869.441918,2376940.384864807
196059,1751925492.5017765,1751927855.4380686,batch_consumer-sts-0_20250707_223746_502997.csv,False,False,False,1751927869.441918,2376940.141439438
196069,1751925492.502009,1751927855.4606802,batch_consumer-sts-0_20250707_223746_502997.csv,False,False,False,1751927869.441918,2376939.9089813232
196079,1751925492.502252,1751927855.4832382,batch_consumer-sts-0_20250707_223746_502997.csv,False,False,False,1751927869.441918,2376939.6657943726
196089,1751925492.5024917,1751927855.5043275,batch_consumer-sts-0_20250707_223746_502997.csv,False,False,False,1751927869.441918,2376939.4261837006
196099,1751925492.5027273,1751927855.5252955,batch_consumer-sts-0_20250707_223746_502997.csv,False,False,False,1751927869.441918,2376939.1906261444
196109,1751925492.502956,1751927855.5475786,batch_consumer-sts-0_20250707_223746_502997.csv,False,False,False,1751927869.441918,2376938.961982727
196119,1751925492.5031848,1751927855.5698297,batch_consumer-sts-0_20250707_223746_502997.csv,False,False,False,1751927869.441918,2376938.733100891
196129,1751925492.5034196,1751927855.592059,batch_consumer-sts-0_20250707_223746_502997.csv,False,False,False,1751927869.441918,2376938.4982585907
196139,1751925492.503648,1751927855.6134098,batch_consumer-sts-0_20250707_223746_502997.csv,False,False,False,1751927869.441918,2376938.269853592
196149,1751925492.5038843,1751927855.6355271,batch_consumer-sts-0_20250707_223746_502997.csv,False,False,False,1751927869.441918,2376938.03358078
196159,1751925492.5041213,1751927855.6578004,batch_consumer-sts-0_20250707_223746_502997.csv,False,False,False,1751927869.441918,2376937.7965927124
196169,1751925492.504359,1751927855.6818943,batch_consumer-sts-0_20250707_223746_502997.csv,False,False,False,1751927869.441918,2376937.558889389
196179,1751925492.5045917,1751927855.7055314,batch_consumer-sts-0_20250707_223746_502997.csv,False,False,False,1751927869.441918,2376937.326192856
196189,1751925492.5048256,1751927855.7320514,batch_consumer-sts-0_20250707_223746_502997.csv,False,False,False,1751927869.441918,2376937.0923042297
196199,1751925492.5050623,1751927855.7566504,batch_consumer-sts-0_20250707_223746_502997.csv,False,False,False,1751927869.441918,2376936.8555545807
196209,1751925492.505304,1751927855.7790706,batch_consumer-sts-0_20250707_223746_502997.csv,False,False,False,1751927869.441918,2376936.6137981415
196219,1751925492.5055397,1751927855.8023992,batch_consumer-sts-0_20250707_223746_502997.csv,False,False,False,1751927869.441918,2376936.3782405853
196229,1751925492.5057738,1751927855.8247342,batch_consumer-sts-0_20250707_223746_502997.csv,False,False,False,1751927869.441918,2376936.1441135406
196239,1751925492.506005,1751927855.8468063,batch_consumer-sts-0_20250707_223746_502997.csv,False,False,False,1751927869.441918,2376935.912847519
196249,1751925492.5062528,1751927855.8690052,batch_consumer-sts-0_20250707_223746_502997.csv,False,False,False,1751927869.441918,2376935.6651306152
196259,1751925492.5064895,1751927855.8914309,batch_consumer-sts-0_20250707_223746_502997.csv,False,False,False,1751927869.441918,2376935.428380966
196269,1751925492.506729,1751927855.91271,batch_consumer-sts-0_20250707_223746_502997.csv,False,False,False,1751927869.441918,2376935.189008713
196279,1751925492.5069606,1751927855.937986,batch_consumer-sts-0_20250707_223746_502997.csv,False,False,False,1751927869.441918,2376934.957265854
196289,1751925492.507193,1751927855.9602537,batch_consumer-sts-0_20250707_223746_502997.csv,False,False,False,1751927869.441918,2376934.7248077393
196299,1751925492.5074272,1751927855.9824588,batch_consumer-sts-0_20250707_223746_502997.csv,False,False,False,1751927869.441918,2376934.4906806946
196309,1751925492.5076592,1751927856.004035,batch_consumer-sts-0_20250707_223746_502997.csv,False,False,False,1751927869.441918,2376934.258699417
196319,1751925492.5078928,1751927856.025906,batch_consumer-sts-0_20250707_223746_502997.csv,False,False,False,1751927869.441918,2376934.0250492096
196329,1751925492.5081294,1751927856.0480902,batch_consumer-sts-0_20250707_223746_502997.csv,False,False,False,1751927869.441918,2376933.788537979
196339,1751925492.5083623,1751927856.0701685,batch_consumer-sts-0_20250707_223746_502997.csv,False,False,False,1751927869.441918,2376933.5556030273
196349,1751925492.5085902,1751927856.092302,batch_consumer-sts-0_20250707_223746_502997.csv,False,False,False,1751927869.441918,2376933.3276748657
196359,1751925492.5088265,1751927856.114312,batch_consumer-sts-0_20250707_223746_502997.csv,False,False,False,1751927869.441918,2376933.091402054
196369,1751925492.509049,1751927856.1363008,batch_consumer-sts-0_20250707_223746_502997.csv,False,False,False,1751927869.441918,2376932.8689575195
196379,1751925492.5092883,1751927856.1582413,batch_consumer-sts-0_20250707_223746_502997.csv,False,False,False,1751927869.441918,2376932.629585266
196389,1751925492.5095246,1751927856.1803188,batch_consumer-sts-0_20250707_223746_502997.csv,False,False,False,1751927869.441918,2376932.393312454
196399,1751925492.5097525,1751927856.2024102,batch_consumer-sts-0_20250707_223746_502997.csv,False,False,False,1751927869.441918,2376932.1653842926
196409,1751925492.5099804,1751927856.2249565,batch_consumer-sts-0_20250707_223746_502997.csv,False,False,False,1751927869.441918,2376931.937456131
196419,1751925492.510209,1751927856.2468767,batch_consumer-sts-0_20250707_223746_502997.csv,False,False,False,1751927869.441918,2376931.7088127136
196429,1751925492.5104418,1751927856.2692,batch_consumer-sts-0_20250707_223746_502997.csv,False,False,False,1751927869.441918,2376931.4761161804
196439,1751925492.5106702,1751927856.2917647,batch_consumer-sts-0_20250707_223746_502997.csv,False,False,False,1751927869.441918,2376931.2477111816
196449,1751925492.5109034,1751927856.313377,batch_consumer-sts-0_20250707_223746_502997.csv,False,False,False,1751927869.441918,2376931.0145378113
196459,1751925492.5111363,1751927856.335582,batch_consumer-sts-0_20250707_223746_502997.csv,False,False,False,1751927869.441918,2376930.7816028595
196469,1751925492.5113738,1751927857.3596132,batch_consumer-sts-0_20250707_223746_502997.csv,False,False,False,1751927869.441918,2376930.5441379547
196479,1751925492.5116117,1751927857.6478796,batch_consumer-sts-0_20250707_223746_502997.csv,False,False,False,1751927869.441918,2376930.306196213
196489,1751925492.5118449,1751927857.6703908,batch_consumer-sts-0_20250707_223746_502997.csv,False,False,False,1751927869.441918,2376930.0730228424
196499,1751925492.5120788,1751927857.694333,batch_consumer-sts-0_20250707_223746_502997.csv,False,False,False,1751927869.441918,2376929.8391342163
196509,1751925492.5123117,1751927857.84634,batch_consumer-sts-0_20250707_223746_502997.csv,False,False,False,1751927869.441918,2376929.6061992645
196519,1751925492.5125427,1751927857.8687236,batch_consumer-sts-0_20250707_223746_502997.csv,False,False,False,1751927869.441918,2376929.3751716614
196529,1751925492.5127742,1751927858.1378098,batch_consumer-sts-0_20250707_223746_502997.csv,False,False,False,1751927869.441918,2376929.143667221
196539,1751925492.513085,1751927858.1595466,batch_consumer-sts-0_20250707_223746_502997.csv,False,False,False,1751927869.441918,2376928.8330078125
196549,1751925492.51346,1751927858.1813776,batch_consumer-sts-0_20250707_223746_502997.csv,False,False,False,1751927869.441918,2376928.4579753876
196559,1751925492.5136917,1751927858.2039106,batch_consumer-sts-0_20250707_223746_502997.csv,False,False,False,1751927869.441918,2376928.2262325287
196569,1751925492.513929,1751927858.2260108,batch_consumer-sts-0_20250707_223746_502997.csv,False,False,False,1751927869.441918,2376927.9890060425
196579,1751925492.514188,1751927858.2483168,batch_consumer-sts-0_20250707_223746_502997.csv,False,False,False,1751927869.441918,2376927.729845047
196589,1751925492.514435,1751927858.2712567,batch_consumer-sts-0_20250707_223746_502997.csv,False,False,False,1751927869.441918,2376927.482843399
196599,1751925492.5147202,1751927858.292846,batch_consumer-sts-0_20250707_223746_502997.csv,False,False,False,1751927869.441918,2376927.1976947784
196609,1751925492.515676,1751927858.31612,batch_consumer-sts-0_20250707_223746_502997.csv,False,False,False,1751927869.441918,2376926.241874695
196619,1751925492.5165262,1751927858.3383508,batch_consumer-sts-0_20250707_223746_502997.csv,False,False,False,1751927869.441918,2376925.3916740417
196629,1751925492.5170262,1751927858.360464,batch_consumer-sts-0_20250707_223746_502997.csv,False,False,False,1751927869.441918,2376924.8917102814
199269,1751925492.594301,1751927858.382386,batch_consumer-sts-0_20250707_223746_502997.csv,False,False,False,1751927869.441918,2376847.6169109344
199279,1751925492.5945354,1751927858.404129,batch_consumer-sts-0_20250707_223746_502997.csv,False,False,False,1751927869.441918,2376847.382545471
199289,1751925492.5947704,1751927858.4266927,batch_consumer-sts-0_20250707_223746_502997.csv,False,False,False,1751927869.441918,2376847.147464752
199299,1751925492.595011,1751927858.4492662,batch_consumer-sts-0_20250707_223746_502997.csv,False,False,False,1751927869.441918,2376846.906900406
199309,1751925492.5952537,1751927858.4720583,batch_consumer-sts-0_20250707_223746_502997.csv,False,False,False,1751927869.441918,2376846.6641902924
199319,1751925492.5954916,1751927858.49415,batch_consumer-sts-0_20250707_223746_502997.csv,False,False,False,1751927869.441918,2376846.4262485504
199329,1751925492.5957243,1751927858.5157263,batch_consumer-sts-0_20250707_223746_502997.csv,False,False,False,1751927869.441918,2376846.193552017
199339,1751925492.595975,1751927858.5387657,batch_consumer-sts-0_20250707_223746_502997.csv,False,False,False,1751927869.441918,2376845.9429740906
199349,1751925492.596218,1751927858.5616734,batch_consumer-sts-0_20250707_223746_502997.csv,False,False,False,1751927869.441918,2376845.69978714
199359,1751925492.5964572,1751927858.584299,batch_consumer-sts-0_20250707_223746_502997.csv,False,False,False,1751927869.441918,2376845.460653305
199369,1751925492.5966935,1751927858.6074774,batch_consumer-sts-0_20250707_223746_502997.csv,False,False,False,1751927869.441918,2376845.224380493
199379,1751925492.596936,1751927858.6295826,batch_consumer-sts-0_20250707_223746_502997.csv,False,False,False,1751927869.441918,2376844.981908798
199389,1751925492.597181,1751927858.6516483,batch_consumer-sts-0_20250707_223746_502997.csv,False,False,False,1751927869.441918,2376844.736814499
199399,1751925492.5974169,1751927858.6734023,batch_consumer-sts-0_20250707_223746_502997.csv,False,False,False,1751927869.441918,2376844.501018524
199409,1751925492.5976489,1751927858.6958451,batch_consumer-sts-0_20250707_223746_502997.csv,False,False,False,1751927869.441918,2376844.2690372467
199419,1751925492.597882,1751927858.7174947,batch_consumer-sts-0_20250707_223746_502997.csv,False,False,False,1751927869.441918,2376844.0358638763
199429,1751925492.5981202,1751927858.7395377,batch_consumer-sts-0_20250707_223746_502997.csv,False,False,False,1751927869.441918,2376843.797683716
199439,1751925492.5983577,1751927858.761393,batch_consumer-sts-0_20250707_223746_502997.csv,False,False,False,1751927869.441918,2376843.560218811
199449,1751925492.5985928,1751927858.7840335,batch_consumer-sts-0_20250707_223746_502997.csv,False,False,False,1751927869.441918,2376843.325138092
199459,1751925492.5988326,1751927858.8061416,batch_consumer-sts-0_20250707_223746_502997.csv,False,False,False,1751927869.441918,2376843.0852890015
199469,1751925492.5990684,1751927858.8279643,batch_consumer-sts-0_20250707_223746_502997.csv,False,False,False,1751927869.441918,2376842.8494930267
199479,1751925492.5993,1751927858.8494508,batch_consumer-sts-0_20250707_223746_502997.csv,False,False,False,1751927869.441918,2376842.6179885864
199489,1751925492.5995646,1751927858.871444,batch_consumer-sts-0_20250707_223746_502997.csv,False,False,False,1751927869.441918,2376842.3533439636
199499,1751925492.5997994,1751927858.8936288,batch_consumer-sts-0_20250707_223746_502997.csv,False,False,False,1751927869.441918,2376842.118501663
199509,1751925492.6000366,1751927858.9153955,batch_consumer-sts-0_20250707_223746_502997.csv,False,False,False,1751927869.441918,2376841.881275177
199519,1751925492.6002665,1751927858.9373205,batch_consumer-sts-0_20250707_223746_502997.csv,False,False,False,1751927869.441918,2376841.6514396667
199529,1751925492.6004925,1751927858.9597356,batch_consumer-sts-0_20250707_223746_502997.csv,False,False,False,1751927869.441918,2376841.4254188538
199539,1751925492.6007187,1751927858.9817326,batch_consumer-sts-0_20250707_223746_502997.csv,False,False,False,1751927869.441918,2376841.199159622
199549,1751925492.60095,1751927859.003859,batch_consumer-sts-0_20250707_223746_502997.csv,False,False,False,1751927869.441918,2376840.9678936005
199559,1751925492.6011884,1751927859.028869,batch_consumer-sts-0_20250707_223746_502997.csv,False,False,False,1751927869.441918,2376840.7294750214
199569,1751925492.6014214,1751927859.050914,batch_consumer-sts-0_20250707_223746_502997.csv,False,False,False,1751927869.441918,2376840.4965400696
199579,1751925492.6016614,1751927859.0746584,batch_consumer-sts-0_20250707_223746_502997.csv,False,False,False,1751927869.441918,2376840.2564525604
199589,1751925492.6019015,1751927859.096658,batch_consumer-sts-0_20250707_223746_502997.csv,False,False,False,1751927869.441918,2376840.0163650513
199599,1751925492.6021347,1751927859.1182983,batch_consumer-sts-0_20250707_223746_502997.csv,False,False,False,1751927869.441918,2376839.783191681
199609,1751925492.6023912,1751927859.1406467,batch_consumer-sts-0_20250707_223746_502997.csv,False,False,False,1751927869.441918,2376839.52665329
199619,1751925492.602651,1751927859.4551537,batch_consumer-sts-0_20250707_223746_502997.csv,False,False,False,1751927869.441918,2376839.267015457
199629,1751925492.6029058,1751927859.477635,batch_consumer-sts-0_20250707_223746_502997.csv,False,False,False,1751927869.441918,2376839.012145996
199639,1751925492.6032882,1751927859.4999652,batch_consumer-sts-0_20250707_223746_502997.csv,False,False,False,1751927869.441918,2376838.629722595
199649,1751925492.6035202,1751927859.5226011,batch_consumer-sts-0_20250707_223746_502997.csv,False,False,False,1751927869.441918,2376838.3977413177
199659,1751925492.6037493,1751927859.5448265,batch_consumer-sts-0_20250707_223746_502997.csv,False,False,False,1751927869.441918,2376838.168621063
199669,1751925492.6039782,1751927859.5673137,batch_consumer-sts-0_20250707_223746_502997.csv,False,False,False,1751927869.441918,2376837.9397392273
199679,1751925492.6042137,1751927859.5896094,batch_consumer-sts-0_20250707_223746_502997.csv,False,False,False,1751927869.441918,2376837.704181671
208199,1751925492.8287437,1751927859.611869,batch_consumer-sts-0_20250707_223746_502997.csv,False,False,False,1751927869.441918,2376613.174200058
208209,1751925492.8289814,1751927859.6382763,batch_consumer-sts-0_20250707_223746_502997.csv,False,False,False,1751927869.441918,2376612.9364967346
208219,1751925492.829225,1751927859.6597116,batch_consumer-sts-0_20250707_223746_502997.csv,False,False,False,1751927869.441918,2376612.692832947
208229,1751925492.8294616,1751927859.68222,batch_consumer-sts-0_20250707_223746_502997.csv,False,False,False,1751927869.441918,2376612.4563217163
208239,1751925492.829707,1751927859.7047536,batch_consumer-sts-0_20250707_223746_502997.csv,False,False,False,1751927869.441918,2376612.2109889984
208249,1751925492.8299522,1751927859.7274034,batch_consumer-sts-0_20250707_223746_502997.csv,False,False,False,1751927869.441918,2376611.9656562805
208259,1751925492.830195,1751927859.749679,batch_consumer-sts-0_20250707_223746_502997.csv,False,False,False,1751927869.441918,2376611.722946167
208269,1751925492.8304334,1751927859.772249,batch_consumer-sts-0_20250707_223746_502997.csv,False,False,False,1751927869.441918,2376611.484527588
208279,1751925492.8306675,1751927859.7936487,batch_consumer-sts-0_20250707_223746_502997.csv,False,False,False,1751927869.441918,2376611.250400543
208289,1751925492.830907,1751927859.8151376,batch_consumer-sts-0_20250707_223746_502997.csv,False,False,False,1751927869.441918,2376611.010789871
208299,1751925492.8311486,1751927859.837579,batch_consumer-sts-0_20250707_223746_502997.csv,False,False,False,1751927869.441918,2376610.7692718506
208309,1751925492.8313856,1751927859.859897,batch_consumer-sts-0_20250707_223746_502997.csv,False,False,False,1751927869.441918,2376610.532283783
208319,1751925492.8316312,1751927859.88143,batch_consumer-sts-0_20250707_223746_502997.csv,False,False,False,1751927869.441918,2376610.2867126465
208329,1751925492.8318713,1751927859.903206,batch_consumer-sts-0_20250707_223746_502997.csv,False,False,False,1751927869.441918,2376610.0466251373
208339,1751925492.8340068,1751927859.925346,batch_consumer-sts-0_20250707_223746_502997.csv,False,False,False,1751927869.441918,2376607.9111099243
208349,1751925492.8342602,1751927859.9475243,batch_consumer-sts-0_20250707_223746_502997.csv,False,False,False,1751927869.441918,2376607.6576709747
208359,1751925492.8345966,1751927859.9698231,batch_consumer-sts-0_20250707_223746_502997.csv,False,False,False,1751927869.441918,2376607.3212623596
208369,1751925492.83483,1751927859.991938,batch_consumer-sts-0_20250707_223746_502997.csv,False,False,False,1751927869.441918,2376607.0878505707
208379,1751925492.835209,1751927860.013344,batch_consumer-sts-0_20250707_223746_502997.csv,False,False,False,1751927869.441918,2376606.7090034485
208389,1751925492.8355663,1751927860.034725,batch_consumer-sts-0_20250707_223746_502997.csv,False,False,False,1751927869.441918,2376606.3516139984
208399,1751925492.8361616,1751927860.057802,batch_consumer-sts-0_20250707_223746_502997.csv,False,False,False,1751927869.441918,2376605.7562828064
208409,1751925492.8367586,1751927860.0804038,batch_consumer-sts-0_20250707_223746_502997.csv,False,False,False,1751927869.441918,2376605.1592826843
208419,1751925492.8372922,1751927860.102933,batch_consumer-sts-0_20250707_223746_502997.csv,False,False,False,1751927869.441918,2376604.6257019043
208429,1751925492.8379004,1751927860.1249166,batch_consumer-sts-0_20250707_223746_502997.csv,False,False,False,1751927869.441918,2376604.017496109
208439,1751925492.8386798,1751927860.147082,batch_consumer-sts-0_20250707_223746_502997.csv,False,False,False,1751927869.441918,2376603.238105774
209119,1751925492.8596463,1751927860.169735,batch_consumer-sts-0_20250707_223746_502997.csv,False,False,False,1751927869.441918,2376582.2715759277
209129,1751925492.8599102,1751927860.1928475,batch_consumer-sts-0_20250707_223746_502997.csv,False,False,False,1751927869.441918,2376582.0076465607
209139,1751925492.8601794,1751927860.2144716,batch_consumer-sts-0_20250707_223746_502997.csv,False,False,False,1751927869.441918,2376581.738471985
209149,1751925492.8604422,1751927860.2368214,batch_consumer-sts-0_20250707_223746_502997.csv,False,False,False,1751927869.441918,2376581.4757347107
209159,1751925492.8606954,1751927860.25887,batch_consumer-sts-0_20250707_223746_502997.csv,False,False,False,1751927869.441918,2376581.2225341797
209169,1751925492.8609395,1751927860.2809725,batch_consumer-sts-0_20250707_223746_502997.csv,False,False,False,1751927869.441918,2376580.9783935547
209179,1751925492.8611765,1751927860.3028653,batch_consumer-sts-0_20250707_223746_502997.csv,False,False,False,1751927869.441918,2376580.741405487
209189,1751925492.8614144,1751927860.3278444,batch_consumer-sts-0_20250707_223746_502997.csv,False,False,False,1751927869.441918,2376580.503463745
209199,1751925492.8616557,1751927860.3503451,batch_consumer-sts-0_20250707_223746_502997.csv,False,False,False,1751927869.441918,2376580.262184143
209209,1751925492.8618968,1751927860.3725858,batch_consumer-sts-0_20250707_223746_502997.csv,False,False,False,1751927869.441918,2376580.0211429596
209219,1751925492.86214,1751927860.3947637,batch_consumer-sts-0_20250707_223746_502997.csv,False,False,False,1751927869.441918,2376579.777956009
209229,1751925492.8623996,1751927860.4167926,batch_consumer-sts-0_20250707_223746_502997.csv,False,False,False,1751927869.441918,2376579.5183181763
209239,1751925492.862631,1751927860.4399483,batch_consumer-sts-0_20250707_223746_502997.csv,False,False,False,1751927869.441918,2376579.286813736
209249,1751925492.8628695,1751927860.4629543,batch_consumer-sts-0_20250707_223746_502997.csv,False,False,False,1751927869.441918,2376579.048395157
209259,1751925492.863102,1751927860.4855435,batch_consumer-sts-0_20250707_223746_502997.csv,False,False,False,1751927869.441918,2376578.8159370422
209269,1751925492.8633325,1751927860.5076356,batch_consumer-sts-0_20250707_223746_502997.csv,False,False,False,1751927869.441918,2376578.5853862762
209279,1751925492.8635695,1751927860.5300171,batch_consumer-sts-0_20250707_223746_502997.csv,False,False,False,1751927869.441918,2376578.3483982086
209289,1751925492.8638036,1751927860.552141,batch_consumer-sts-0_20250707_223746_502997.csv,False,False,False,1751927869.441918,2376578.114271164
209299,1751925492.864037,1751927860.5742972,batch_consumer-sts-0_20250707_223746_502997.csv,False,False,False,1751927869.441918,2376577.880859375
209309,1751925492.8642642,1751927860.5958126,batch_consumer-sts-0_20250707_223746_502997.csv,False,False,False,1751927869.441918,2376577.653646469
209319,1751925492.8645034,1751927860.617504,batch_consumer-sts-0_20250707_223746_502997.csv,False,False,False,1751927869.441918,2376577.4145126343
209329,1751925492.864737,1751927860.6395502,batch_consumer-sts-0_20250707_223746_502997.csv,False,False,False,1751927869.441918,2376577.1808624268
209339,1751925492.8649688,1751927860.6614482,batch_consumer-sts-0_20250707_223746_502997.csv,False,False,False,1751927869.441918,2376576.949119568
209349,1751925492.865202,1751927860.6830432,batch_consumer-sts-0_20250707_223746_502997.csv,False,False,False,1751927869.441918,2376576.7159461975
209359,1751925492.865446,1751927860.7048092,batch_consumer-sts-0_20250707_223746_502997.csv,False,False,False,1751927869.441918,2376576.4718055725
209369,1751925492.8656807,1751927860.726449,batch_consumer-sts-0_20250707_223746_502997.csv,False,False,False,1751927869.441918,2376576.2372016907
209379,1751925492.865916,1751927860.748668,batch_consumer-sts-0_20250707_223746_502997.csv,False,False,False,1751927869.441918,2376576.001882553
209389,1751925492.8661416,1751927860.770789,batch_consumer-sts-0_20250707_223746_502997.csv,False,False,False,1751927869.441918,2376575.7763385773
209399,1751925492.866398,1751927860.7928834,batch_consumer-sts-0_20250707_223746_502997.csv,False,False,False,1751927869.441918,2376575.519800186
209409,1751925492.866639,1751927860.8147688,batch_consumer-sts-0_20250707_223746_502997.csv,False,False,False,1751927869.441918,2376575.2789974213
209419,1751925492.86688,1751927860.836978,batch_consumer-sts-0_20250707_223746_502997.csv,False,False,False,1751927869.441918,2376575.037956238
209429,1751925492.8671174,1751927860.8625534,batch_consumer-sts-0_20250707_223746_502997.csv,False,False,False,1751927869.441918,2376574.800491333
209439,1751925492.867345,1751927860.8846292,batch_consumer-sts-0_20250707_223746_502997.csv,False,False,False,1751927869.441918,2376574.57280159
209449,1751925492.867576,1751927860.906474,batch_consumer-sts-0_20250707_223746_502997.csv,False,False,False,1751927869.441918,2376574.3420124054
209459,1751925492.8678198,1751927860.9286776,batch_consumer-sts-0_20250707_223746_502997.csv,False,False,False,1751927869.441918,2376574.098110199
209469,1751925492.8680606,1751927860.9520812,batch_consumer-sts-0_20250707_223746_502997.csv,False,False,False,1751927869.441918,2376573.857307434
209479,1751925492.8683012,1751927860.9745986,batch_consumer-sts-0_20250707_223746_502997.csv,False,False,False,1751927869.441918,2376573.616743088
209489,1751925492.868539,1751927860.9971392,batch_consumer-sts-0_20250707_223746_502997.csv,False,False,False,1751927869.441918,2376573.378801346
209499,1751925492.8687766,1751927861.01872,batch_consumer-sts-0_20250707_223746_502997.csv,False,False,False,1751927869.441918,2376573.141336441
209509,1751925492.8690095,1751927861.0406003,batch_consumer-sts-0_20250707_223746_502997.csv,False,False,False,1751927869.441918,2376572.9084014893
209519,1751925492.869256,1751927861.0626929,batch_consumer-sts-0_20250707_223746_502997.csv,False,False,False,1751927869.441918,2376572.6618766785
209529,1751925492.8694825,1751927861.085249,batch_consumer-sts-0_20250707_223746_502997.csv,False,False,False,1751927869.441918,2376572.4353790283
213039,1751925492.9609823,1751927861.1078744,batch_consumer-sts-0_20250707_223746_502997.csv,False,False,False,1751927869.441918,2376480.935573578
213049,1751925492.961178,1751927861.1299577,batch_consumer-sts-0_20250707_223746_502997.csv,False,False,False,1751927869.441918,2376480.7398319244
213059,1751925492.9613593,1751927861.1525512,batch_consumer-sts-0_20250707_223746_502997.csv,False,False,False,1751927869.441918,2376480.5586338043
213069,1751925492.961551,1751927861.174718,batch_consumer-sts-0_20250707_223746_502997.csv,False,False,False,1751927869.441918,2376480.3669452667
213079,1751925492.961742,1751927861.196972,batch_consumer-sts-0_20250707_223746_502997.csv,False,False,False,1751927869.441918,2376480.175971985
213089,1751925492.9619462,1751927861.2188995,batch_consumer-sts-0_20250707_223746_502997.csv,False,False,False,1751927869.441918,2376479.9716472626
213099,1751925492.9621432,1751927861.2413187,batch_consumer-sts-0_20250707_223746_502997.csv,False,False,False,1751927869.441918,2376479.7747135162
221269,1751925493.1564755,1751927861.262662,batch_consumer-sts-0_20250707_223746_502997.csv,False,False,False,1751927869.441918,2376285.442352295
221279,1751925493.1567743,1751927861.2851458,batch_consumer-sts-0_20250707_223746_502997.csv,False,False,False,1751927869.441918,2376285.1436138153
221289,1751925493.15723,1751927861.3073244,batch_consumer-sts-0_20250707_223746_502997.csv,False,False,False,1751927869.441918,2376284.6879959106
221299,1751925493.1575613,1751927861.330112,batch_consumer-sts-0_20250707_223746_502997.csv,False,False,False,1751927869.441918,2376284.3565940857
221309,1751925493.1579883,1751927861.351954,batch_consumer-sts-0_20250707_223746_502997.csv,False,False,False,1751927869.441918,2376283.9295864105
221319,1751925493.1582265,1751927861.3742225,batch_consumer-sts-0_20250707_223746_502997.csv,False,False,False,1751927869.441918,2376283.69140625
221329,1751925493.1584551,1751927861.396382,batch_consumer-sts-0_20250707_223746_502997.csv,False,False,False,1751927869.441918,2376283.4627628326
221339,1751925493.1586895,1751927862.4197786,batch_consumer-sts-0_20250707_223746_502997.csv,False,False,False,1751927869.441918,2376283.2283973694
221349,1751925493.1589196,1751927862.442068,batch_consumer-sts-0_20250707_223746_502997.csv,False,False,False,1751927869.441918,2376282.9983234406
221359,1751925493.1592224,1751927862.46427,batch_consumer-sts-0_20250707_223746_502997.csv,False,False,False,1751927869.441918,2376282.695531845
221369,1751925493.159487,1751927862.533009,batch_consumer-sts-0_20250707_223746_502997.csv,False,False,False,1751927869.441918,2376282.4308872223
221379,1751925493.159748,1751927862.555267,batch_consumer-sts-0_20250707_223746_502997.csv,False,False,False,1751927869.441918,2376282.169818878
221389,1751925493.1600833,1751927862.5775363,batch_consumer-sts-0_20250707_223746_502997.csv,False,False,False,1751927869.441918,2376281.834602356
221399,1751925493.1607275,1751927862.5995207,batch_consumer-sts-0_20250707_223746_502997.csv,False,False,False,1751927869.441918,2376281.190395355
221409,1751925493.161203,1751927862.622249,batch_consumer-sts-0_20250707_223746_502997.csv,False,False,False,1751927869.441918,2376280.7149887085
221419,1751925493.1616254,1751927862.6447227,batch_consumer-sts-0_20250707_223746_502997.csv,False,False,False,1751927869.441918,2376280.2925109863
221429,1751925493.1621134,1751927862.666726,batch_consumer-sts-0_20250707_223746_502997.csv,False,False,False,1751927869.441918,2376279.804468155
221439,1751925493.162437,1751927862.6889927,batch_consumer-sts-0_20250707_223746_502997.csv,False,False,False,1751927869.441918,2376279.480934143
221449,1751925493.162719,1751927862.712327,batch_consumer-sts-0_20250707_223746_502997.csv,False,False,False,1751927869.441918,2376279.198884964
221459,1751925493.162987,1751927862.7346442,batch_consumer-sts-0_20250707_223746_502997.csv,False,False,False,1751927869.441918,2376278.930902481
221469,1751925493.163283,1751927862.7579448,batch_consumer-sts-0_20250707_223746_502997.csv,False,False,False,1751927869.441918,2376278.634786606
221479,1751925493.1635587,1751927862.7805295,batch_consumer-sts-0_20250707_223746_502997.csv,False,False,False,1751927869.441918,2376278.3591747284
221489,1751925493.1638155,1751927862.8033483,batch_consumer-sts-0_20250707_223746_502997.csv,False,False,False,1751927869.441918,2376278.1023979187
221499,1751925493.1640327,1751927862.829539,batch_consumer-sts-0_20250707_223746_502997.csv,False,False,False,1751927869.441918,2376277.885198593
221509,1751925493.1644275,1751927862.852323,batch_consumer-sts-0_20250707_223746_502997.csv,False,False,False,1751927869.441918,2376277.490377426
221519,1751925493.1647344,1751927862.8745744,batch_consumer-sts-0_20250707_223746_502997.csv,False,False,False,1751927869.441918,2376277.183532715
221529,1751925493.165126,1751927862.907884,batch_consumer-sts-0_20250707_223746_502997.csv,False,False,False,1751927869.441918,2376276.7918109894
221539,1751925493.1653974,1751927862.930621,batch_consumer-sts-0_20250707_223746_502997.csv,False,False,False,1751927869.441918,2376276.5204906464
221549,1751925493.1657836,1751927862.9528708,batch_consumer-sts-0_20250707_223746_502997.csv,False,False,False,1751927869.441918,2376276.134252548
221559,1751925493.1660433,1751927862.9753358,batch_consumer-sts-0_20250707_223746_502997.csv,False,False,False,1751927869.441918,2376275.8746147156
221569,1751925493.1663988,1751927863.4078984,batch_consumer-sts-0_20250707_223746_502997.csv,False,False,False,1751927869.441918,2376275.519132614
224239,1751925493.2276082,1751927863.4299357,batch_consumer-sts-0_20250707_223746_502997.csv,False,False,False,1751927869.441918,2376214.309692383
224249,1751925493.2281797,1751927863.4528885,batch_consumer-sts-0_20250707_223746_502997.csv,False,False,False,1751927869.441918,2376213.7382030487
224259,1751925493.2289598,1751927863.4753685,batch_consumer-sts-0_20250707_223746_502997.csv,False,False,False,1751927869.441918,2376212.958097458
224269,1751925493.2293348,1751927863.4982903,batch_consumer-sts-0_20250707_223746_502997.csv,False,False,False,1751927869.441918,2376212.583065033
224279,1751925493.2296588,1751927863.518813,batch_consumer-sts-0_20250707_223746_502997.csv,False,False,False,1751927869.441918,2376212.259054184
224289,1751925493.23003,1751927863.5413,batch_consumer-sts-0_20250707_223746_502997.csv,False,False,False,1751927869.441918,2376211.8878364563
224299,1751925493.2304237,1751927863.5646648,batch_consumer-sts-0_20250707_223746_502997.csv,False,False,False,1751927869.441918,2376211.494207382
224309,1751925493.2306466,1751927863.5873978,batch_consumer-sts-0_20250707_223746_502997.csv,False,False,False,1751927869.441918,2376211.2712860107
224319,1751925493.2308848,1751927863.6092148,batch_consumer-sts-0_20250707_223746_502997.csv,False,False,False,1751927869.441918,2376211.03310585
224329,1751925493.2311132,1751927863.6317358,batch_consumer-sts-0_20250707_223746_502997.csv,False,False,False,1751927869.441918,2376210.8047008514
224339,1751925493.2313626,1751927863.6542542,batch_consumer-sts-0_20250707_223746_502997.csv,False,False,False,1751927869.441918,2376210.5553150177
224349,1751925493.2315657,1751927863.6764216,batch_consumer-sts-0_20250707_223746_502997.csv,False,False,False,1751927869.441918,2376210.3521823883
224359,1751925493.231746,1751927863.6987677,batch_consumer-sts-0_20250707_223746_502997.csv,False,False,False,1751927869.441918,2376210.1719379425
224369,1751925493.231921,1751927863.719998,batch_consumer-sts-0_20250707_223746_502997.csv,False,False,False,1751927869.441918,2376209.9969387054
224379,1751925493.2321024,1751927863.742158,batch_consumer-sts-0_20250707_223746_502997.csv,False,False,False,1751927869.441918,2376209.8155021667
224389,1751925493.232299,1751927863.7630498,batch_consumer-sts-0_20250707_223746_502997.csv,False,False,False,1751927869.441918,2376209.618806839
224399,1751925493.2324877,1751927863.785241,batch_consumer-sts-0_20250707_223746_502997.csv,False,False,False,1751927869.441918,2376209.430217743
224409,1751925493.2326834,1751927863.8058128,batch_consumer-sts-0_20250707_223746_502997.csv,False,False,False,1751927869.441918,2376209.2344760895
224419,1751925493.2328768,1751927863.8297222,batch_consumer-sts-0_20250707_223746_502997.csv,False,False,False,1751927869.441918,2376209.041118622
224429,1751925493.2330694,1751927863.8516588,batch_consumer-sts-0_20250707_223746_502997.csv,False,False,False,1751927869.441918,2376208.84847641
224439,1751925493.2332618,1751927863.873891,batch_consumer-sts-0_20250707_223746_502997.csv,False,False,False,1751927869.441918,2376208.6560726166
224449,1751925493.233457,1751927863.8960652,batch_consumer-sts-0_20250707_223746_502997.csv,False,False,False,1751927869.441918,2376208.4608078003
224459,1751925493.2336488,1751927863.9173903,batch_consumer-sts-0_20250707_223746_502997.csv,False,False,False,1751927869.441918,2376208.2691192627
224469,1751925493.233844,1751927863.9396372,batch_consumer-sts-0_20250707_223746_502997.csv,False,False,False,1751927869.441918,2376208.0738544464
224479,1751925493.234046,1751927863.961728,batch_consumer-sts-0_20250707_223746_502997.csv,False,False,False,1751927869.441918,2376207.87191391
224489,1751925493.2342978,1751927863.9847045,batch_consumer-sts-0_20250707_223746_502997.csv,False,False,False,1751927869.441918,2376207.6201438904
224499,1751925493.234532,1751927864.0064218,batch_consumer-sts-0_20250707_223746_502997.csv,False,False,False,1751927869.441918,2376207.385778427
224509,1751925493.2347653,1751927864.0286467,batch_consumer-sts-0_20250707_223746_502997.csv,False,False,False,1751927869.441918,2376207.1526050568
224519,1751925493.235001,1751927864.0510235,batch_consumer-sts-0_20250707_223746_502997.csv,False,False,False,1751927869.441918,2376206.916809082
224529,1751925493.2352407,1751927864.0735483,batch_consumer-sts-0_20250707_223746_502997.csv,False,False,False,1751927869.441918,2376206.67719841
224539,1751925493.2354822,1751927864.0954993,batch_consumer-sts-0_20250707_223746_502997.csv,False,False,False,1751927869.441918,2376206.4356803894
224549,1751925493.235675,1751927864.1167972,batch_consumer-sts-0_20250707_223746_502997.csv,False,False,False,1751927869.441918,2376206.242799759
224559,1751925493.235869,1751927864.1387885,batch_consumer-sts-0_20250707_223746_502997.csv,False,False,False,1751927869.441918,2376206.048965454
224569,1751925493.2360718,1751927864.1651556,batch_consumer-sts-0_20250707_223746_502997.csv,False,False,False,1751927869.441918,2376205.8460712433
224579,1751925493.236272,1751927864.1897488,batch_consumer-sts-0_20250707_223746_502997.csv,False,False,False,1751927869.441918,2376205.645799637
224589,1751925493.2364745,1751927864.2113545,batch_consumer-sts-0_20250707_223746_502997.csv,False,False,False,1751927869.441918,2376205.443382263
224599,1751925493.2366738,1751927864.2326095,batch_consumer-sts-0_20250707_223746_502997.csv,False,False,False,1751927869.441918,2376205.244064331
224609,1751925493.2368872,1751927864.2547927,batch_consumer-sts-0_20250707_223746_502997.csv,False,False,False,1751927869.441918,2376205.0306797028
224619,1751925493.237111,1751927864.5322516,batch_consumer-sts-0_20250707_223746_502997.csv,False,False,False,1751927869.441918,2376204.806804657
224629,1751925493.2373345,1751927864.5546265,batch_consumer-sts-0_20250707_223746_502997.csv,False,False,False,1751927869.441918,2376204.5834064484
224639,1751925493.23759,1751927864.580155,batch_consumer-sts-0_20250707_223746_502997.csv,False,False,False,1751927869.441918,2376204.3278217316
225009,1751925493.2478478,1751927864.6043134,batch_consumer-sts-0_20250707_223746_502997.csv,False,False,False,1751927869.441918,2376194.0701007843
225019,1751925493.2480917,1751927864.630327,batch_consumer-sts-0_20250707_223746_502997.csv,False,False,False,1751927869.441918,2376193.826198578
225029,1751925493.2483306,1751927864.654337,batch_consumer-sts-0_20250707_223746_502997.csv,False,False,False,1751927869.441918,2376193.5873031616
225039,1751925493.2485647,1751927864.6780975,batch_consumer-sts-0_20250707_223746_502997.csv,False,False,False,1751927869.441918,2376193.353176117
225049,1751925493.248818,1751927864.7035017,batch_consumer-sts-0_20250707_223746_502997.csv,False,False,False,1751927869.441918,2376193.099975586
225059,1751925493.2490327,1751927864.7256238,batch_consumer-sts-0_20250707_223746_502997.csv,False,False,False,1751927869.441918,2376192.885160446
225069,1751925493.2492528,1751927864.7527857,batch_consumer-sts-0_20250707_223746_502997.csv,False,False,False,1751927869.441918,2376192.6651000977
225079,1751925493.249473,1751927864.7754452,batch_consumer-sts-0_20250707_223746_502997.csv,False,False,False,1751927869.441918,2376192.4448013306
225089,1751925493.249693,1751927864.797582,batch_consumer-sts-0_20250707_223746_502997.csv,False,False,False,1751927869.441918,2376192.2249794006
225099,1751925493.2499318,1751927864.819055,batch_consumer-sts-0_20250707_223746_502997.csv,False,False,False,1751927869.441918,2376191.9860839844
225109,1751925493.2501502,1751927864.842235,batch_consumer-sts-0_20250707_223746_502997.csv,False,False,False,1751927869.441918,2376191.767692566
225119,1751925493.2504103,1751927864.8703988,batch_consumer-sts-0_20250707_223746_502997.csv,False,False,False,1751927869.441918,2376191.507577896
225129,1751925493.2506578,1751927864.8935878,batch_consumer-sts-0_20250707_223746_502997.csv,False,False,False,1751927869.441918,2376191.260099411
225139,1751925493.2508984,1751927864.9150825,batch_consumer-sts-0_20250707_223746_502997.csv,False,False,False,1751927869.441918,2376191.0195350647
225149,1751925493.2511487,1751927864.939378,batch_consumer-sts-0_20250707_223746_502997.csv,False,False,False,1751927869.441918,2376190.7691955566
225159,1751925493.2514155,1751927864.962944,batch_consumer-sts-0_20250707_223746_502997.csv,False,False,False,1751927869.441918,2376190.5024051666
225169,1751925493.2516568,1751927864.9993184,batch_consumer-sts-0_20250707_223746_502997.csv,False,False,False,1751927869.441918,2376190.2611255646
225179,1751925493.251891,1751927865.0226982,batch_consumer-sts-0_20250707_223746_502997.csv,False,False,False,1751927869.441918,2376190.02699852
225189,1751925493.2521324,1751927865.050105,batch_consumer-sts-0_20250707_223746_502997.csv,False,False,False,1751927869.441918,2376189.7854804993
225199,1751925493.2523496,1751927865.0754504,batch_consumer-sts-0_20250707_223746_502997.csv,False,False,False,1751927869.441918,2376189.5682811737
225209,1751925493.2525773,1751927865.101533,batch_consumer-sts-0_20250707_223746_502997.csv,False,False,False,1751927869.441918,2376189.3405914307
225219,1751925493.2528093,1751927865.1276774,batch_consumer-sts-0_20250707_223746_502997.csv,False,False,False,1751927869.441918,2376189.108610153
225229,1751925493.2530384,1751927865.1550808,batch_consumer-sts-0_20250707_223746_502997.csv,False,False,False,1751927869.441918,2376188.8794898987
225239,1751925493.2532928,1751927865.1779597,batch_consumer-sts-0_20250707_223746_502997.csv,False,False,False,1751927869.441918,2376188.625097275
225249,1751925493.253536,1751927865.199995,batch_consumer-sts-0_20250707_223746_502997.csv,False,False,False,1751927869.441918,2376188.381910324
225259,1751925493.2537694,1751927865.22867,batch_consumer-sts-0_20250707_223746_502997.csv,False,False,False,1751927869.441918,2376188.148498535
225269,1751925493.2540228,1751927865.2511463,batch_consumer-sts-0_20250707_223746_502997.csv,False,False,False,1751927869.441918,2376187.8950595856
225279,1751925493.2542725,1751927865.2753634,batch_consumer-sts-0_20250707_223746_502997.csv,False,False,False,1751927869.441918,2376187.6454353333
225289,1751925493.2545156,1751927865.3010902,batch_consumer-sts-0_20250707_223746_502997.csv,False,False,False,1751927869.441918,2376187.4022483826
225299,1751925493.2547507,1751927865.3259225,batch_consumer-sts-0_20250707_223746_502997.csv,False,False,False,1751927869.441918,2376187.1671676636
225309,1751925493.2549932,1751927865.3546555,batch_consumer-sts-0_20250707_223746_502997.csv,False,False,False,1751927869.441918,2376186.9246959686
225319,1751925493.2552245,1751927865.379506,batch_consumer-sts-0_20250707_223746_502997.csv,False,False,False,1751927869.441918,2376186.693429947
225329,1751925493.2554646,1751927865.4028203,batch_consumer-sts-0_20250707_223746_502997.csv,False,False,False,1751927869.441918,2376186.4533424377
225339,1751925493.2556956,1751927865.4249802,batch_consumer-sts-0_20250707_223746_502997.csv,False,False,False,1751927869.441918,2376186.2223148346
225349,1751925493.2559166,1751927865.447678,batch_consumer-sts-0_20250707_223746_502997.csv,False,False,False,1751927869.441918,2376186.001300812
225359,1751925493.256142,1751927865.470196,batch_consumer-sts-0_20250707_223746_502997.csv,False,False,False,1751927869.441918,2376185.7759952545
225369,1751925493.256363,1751927865.492217,batch_consumer-sts-0_20250707_223746_502997.csv,False,False,False,1751927869.441918,2376185.5549812317
225379,1751925493.2566109,1751927865.514695,batch_consumer-sts-0_20250707_223746_502997.csv,False,False,False,1751927869.441918,2376185.3070259094
225389,1751925493.2568429,1751927865.5376222,batch_consumer-sts-0_20250707_223746_502997.csv,False,False,False,1751927869.441918,2376185.075044632
225399,1751925493.2570949,1751927865.5599847,batch_consumer-sts-0_20250707_223746_502997.csv,False,False,False,1751927869.441918,2376184.823036194
225409,1751925493.257316,1751927865.5851278,batch_consumer-sts-0_20250707_223746_502997.csv,False,False,False,1751927869.441918,2376184.6017837524
225419,1751925493.257528,1751927865.6110506,batch_consumer-sts-0_20250707_223746_502997.csv,False,False,False,1751927869.441918,2376184.3898296356
225429,1751925493.2577488,1751927865.6407857,batch_consumer-sts-0_20250707_223746_502997.csv,False,False,False,1751927869.441918,2376184.1690540314
230389,1751925493.3691783,1751927865.6685157,batch_consumer-sts-0_20250707_223746_502997.csv,False,False,False,1751927869.441918,2376072.7396011353
230399,1751925493.369378,1751927865.6967952,batch_consumer-sts-0_20250707_223746_502997.csv,False,False,False,1751927869.441918,2376072.539806366
230409,1751925493.369576,1751927865.7228966,batch_consumer-sts-0_20250707_223746_502997.csv,False,False,False,1751927869.441918,2376072.3419189453
230419,1751925493.3697777,1751927865.7527986,batch_consumer-sts-0_20250707_223746_502997.csv,False,False,False,1751927869.441918,2376072.1402168274
230429,1751925493.3699646,1751927865.779676,batch_consumer-sts-0_20250707_223746_502997.csv,False,False,False,1751927869.441918,2376071.9532966614
230439,1751925493.3701496,1751927865.8058767,batch_consumer-sts-0_20250707_223746_502997.csv,False,False,False,1751927869.441918,2376071.768283844
230449,1751925493.3703897,1751927865.8316095,batch_consumer-sts-0_20250707_223746_502997.csv,False,False,False,1751927869.441918,2376071.528196335
230459,1751925493.3705842,1751927865.8591368,batch_consumer-sts-0_20250707_223746_502997.csv,False,False,False,1751927869.441918,2376071.3336467743
230469,1751925493.370804,1751927865.8885708,batch_consumer-sts-0_20250707_223746_502997.csv,False,False,False,1751927869.441918,2376071.1138248444
230479,1751925493.3710246,1751927865.9175498,batch_consumer-sts-0_20250707_223746_502997.csv,False,False,False,1751927869.441918,2376070.8932876587
230489,1751925493.371237,1751927865.945288,batch_consumer-sts-0_20250707_223746_502997.csv,False,False,False,1751927869.441918,2376070.6808567047
230499,1751925493.371458,1751927865.9739692,batch_consumer-sts-0_20250707_223746_502997.csv,False,False,False,1751927869.441918,2376070.459842682
230509,1751925493.3716464,1751927866.002702,batch_consumer-sts-0_20250707_223746_502997.csv,False,False,False,1751927869.441918,2376070.2714920044
230519,1751925493.371854,1751927866.031448,batch_consumer-sts-0_20250707_223746_502997.csv,False,False,False,1751927869.441918,2376070.063829422
230529,1751925493.3720453,1751927866.0576644,batch_consumer-sts-0_20250707_223746_502997.csv,False,False,False,1751927869.441918,2376069.8726177216
230539,1751925493.372246,1751927866.082929,batch_consumer-sts-0_20250707_223746_502997.csv,False,False,False,1751927869.441918,2376069.671869278
230549,1751925493.3724556,1751927866.1080515,batch_consumer-sts-0_20250707_223746_502997.csv,False,False,False,1751927869.441918,2376069.462299347
230559,1751925493.3726487,1751927866.1364486,batch_consumer-sts-0_20250707_223746_502997.csv,False,False,False,1751927869.441918,2376069.269180298
230569,1751925493.3728428,1751927866.160222,batch_consumer-sts-0_20250707_223746_502997.csv,False,False,False,1751927869.441918,2376069.0751075745
230579,1751925493.373041,1751927866.186154,batch_consumer-sts-0_20250707_223746_502997.csv,False,False,False,1751927869.441918,2376068.876981735
230589,1751925493.3732383,1751927866.213255,batch_consumer-sts-0_20250707_223746_502997.csv,False,False,False,1751927869.441918,2376068.6795711517
230599,1751925493.3734384,1751927866.2473464,batch_consumer-sts-0_20250707_223746_502997.csv,False,False,False,1751927869.441918,2376068.479537964
230609,1751925493.373629,1751927866.2737858,batch_consumer-sts-0_20250707_223746_502997.csv,False,False,False,1751927869.441918,2376068.2888031006
230619,1751925493.3738203,1751927866.300297,batch_consumer-sts-0_20250707_223746_502997.csv,False,False,False,1751927869.441918,2376068.0975914
230629,1751925493.374019,1751927866.3243165,batch_consumer-sts-0_20250707_223746_502997.csv,False,False,False,1751927869.441918,2376067.8989887238
230639,1751925493.3742454,1751927866.3454971,batch_consumer-sts-0_20250707_223746_502997.csv,False,False,False,1751927869.441918,2376067.6724910736
230649,1751925493.3744702,1751927866.3673484,batch_consumer-sts-0_20250707_223746_502997.csv,False,False,False,1751927869.441918,2376067.4476623535
230659,1751925493.374687,1751927866.3902686,batch_consumer-sts-0_20250707_223746_502997.csv,False,False,False,1751927869.441918,2376067.230939865
230669,1751925493.3749025,1751927866.4118712,batch_consumer-sts-0_20250707_223746_502997.csv,False,False,False,1751927869.441918,2376067.0154094696
230679,1751925493.375122,1751927866.4338212,batch_consumer-sts-0_20250707_223746_502997.csv,False,False,False,1751927869.441918,2376066.7958259583
230689,1751925493.3753457,1751927866.456526,batch_consumer-sts-0_20250707_223746_502997.csv,False,False,False,1751927869.441918,2376066.572189331
230699,1751925493.375569,1751927866.4786255,batch_consumer-sts-0_20250707_223746_502997.csv,False,False,False,1751927869.441918,2376066.3487911224
