index,producer_timestamp,consumer_receive_timestamp,source_file,is_late,is_out_of_order,is_duplicate,merge_timestamp,end_to_end_delay_ms
39,1751924720.8773851,1751924732.3040826,batch_consumer-sts-0_20250707_214536_828236.csv,True,False,False,1751924994.1864777,273309.0925216675
49,1751924720.877929,1751924732.3326974,batch_consumer-sts-0_20250707_214536_828236.csv,True,False,False,1751924994.1864777,273308.54868888855
59,1751924720.8784103,1751924732.361015,batch_consumer-sts-0_20250707_214536_828236.csv,True,False,False,1751924994.1864777,273308.06732177734
69,1751924720.8788671,1751924732.389465,batch_consumer-sts-0_20250707_214536_828236.csv,True,False,False,1751924994.1864777,273307.6105117798
79,1751924720.879315,1751924732.416911,batch_consumer-sts-0_20250707_214536_828236.csv,True,False,False,1751924994.1864777,273307.16276168823
89,1751924720.8797617,1751924732.445302,batch_consumer-sts-0_20250707_214536_828236.csv,True,False,False,1751924994.1864777,273306.715965271
99,1751924720.8802123,1751924733.1350431,batch_consumer-sts-0_20250707_214536_828236.csv,True,False,False,1751924994.1864777,273306.2653541565
109,1751924720.880655,1751924733.1631565,batch_consumer-sts-0_20250707_214536_828236.csv,True,False,False,1751924994.1864777,273305.8226108551
119,1751924720.881091,1751924733.1910355,batch_consumer-sts-0_20250707_214536_828236.csv,True,False,False,1751924994.1864777,273305.3865432739
129,1751924720.8815367,1751924733.2181363,batch_consumer-sts-0_20250707_214536_828236.csv,True,False,False,1751924994.1864777,273304.9409389496
139,1751924720.8819883,1751924733.2458591,batch_consumer-sts-0_20250707_214536_828236.csv,True,False,False,1751924994.1864777,273304.48937416077
149,1751924720.8824651,1751924733.2740326,batch_consumer-sts-0_20250707_214536_828236.csv,True,False,False,1751924994.1864777,273304.01253700256
159,1751924720.8829362,1751924733.3022652,batch_consumer-sts-0_20250707_214536_828236.csv,True,False,False,1751924994.1864777,273303.54142189026
169,1751924720.8833945,1751924733.330495,batch_consumer-sts-0_20250707_214536_828236.csv,True,False,False,1751924994.1864777,273303.0831813812
179,1751924720.8838384,1751924733.3584676,batch_consumer-sts-0_20250707_214536_828236.csv,True,False,False,1751924994.1864777,273302.63924598694
189,1751924720.884313,1751924733.3866775,batch_consumer-sts-0_20250707_214536_828236.csv,True,False,False,1751924994.1864777,273302.16455459595
199,1751924720.8847828,1751924733.41428,batch_consumer-sts-0_20250707_214536_828236.csv,True,False,False,1751924994.1864777,273301.6948699951
209,1751924720.885234,1751924733.4465065,batch_consumer-sts-0_20250707_214536_828236.csv,True,False,False,1751924994.1864777,273301.2435436249
219,1751924720.885698,1751924733.4755754,batch_consumer-sts-0_20250707_214536_828236.csv,True,False,False,1751924994.1864777,273300.77958106995
229,1751924720.8861885,1751924733.5049467,batch_consumer-sts-0_20250707_214536_828236.csv,True,False,False,1751924994.1864777,273300.28915405273
239,1751924720.886656,1751924733.5351632,batch_consumer-sts-0_20250707_214536_828236.csv,True,False,False,1751924994.1864777,273299.8216152191
249,1751924720.8871083,1751924733.5642302,batch_consumer-sts-0_20250707_214536_828236.csv,True,False,False,1751924994.1864777,273299.36933517456
259,1751924720.8875692,1751924733.5925727,batch_consumer-sts-0_20250707_214536_828236.csv,True,False,False,1751924994.1864777,273298.90847206116
269,1751924720.8880122,1751924733.620182,batch_consumer-sts-0_20250707_214536_828236.csv,True,False,False,1751924994.1864777,273298.4654903412
279,1751924720.8884616,1751924733.6475172,batch_consumer-sts-0_20250707_214536_828236.csv,True,False,False,1751924994.1864777,273298.0160713196
289,1751924720.888888,1751924733.6757064,batch_consumer-sts-0_20250707_214536_828236.csv,True,False,False,1751924994.1864777,273297.58977890015
299,1751924720.8892555,1751924733.7037847,batch_consumer-sts-0_20250707_214536_828236.csv,True,False,False,1751924994.1864777,273297.2221374512
309,1751924720.8896246,1751924733.7322416,batch_consumer-sts-0_20250707_214536_828236.csv,True,False,False,1751924994.1864777,273296.8530654907
319,1751924720.89003,1751924733.759358,batch_consumer-sts-0_20250707_214536_828236.csv,True,False,False,1751924994.1864777,273296.44775390625
329,1751924720.890531,1751924733.7864375,batch_consumer-sts-0_20250707_214536_828236.csv,True,False,False,1751924994.1864777,273295.946598053
339,1751924720.8909938,1751924733.8140724,batch_consumer-sts-0_20250707_214536_828236.csv,True,False,False,1751924994.1864777,273295.48382759094
349,1751924720.8914926,1751924733.8425586,batch_consumer-sts-0_20250707_214536_828236.csv,True,False,False,1751924994.1864777,273294.98505592346
359,1751924720.8919363,1751924733.8704352,batch_consumer-sts-0_20250707_214536_828236.csv,True,False,False,1751924994.1864777,273294.54135894775
369,1751924720.892378,1751924733.8987317,batch_consumer-sts-0_20250707_214536_828236.csv,True,False,False,1751924994.1864777,273294.0995693207
379,1751924720.892849,1751924733.9269223,batch_consumer-sts-0_20250707_214536_828236.csv,True,False,False,1751924994.1864777,273293.62869262695
389,1751924720.8933115,1751924733.9557347,batch_consumer-sts-0_20250707_214536_828236.csv,True,False,False,1751924994.1864777,273293.1661605835
399,1751924720.8937633,1751924733.9842038,batch_consumer-sts-0_20250707_214536_828236.csv,True,False,False,1751924994.1864777,273292.7143573761
409,1751924720.8942392,1751924734.011375,batch_consumer-sts-0_20250707_214536_828236.csv,True,False,False,1751924994.1864777,273292.2384738922
419,1751924720.894676,1751924734.041005,batch_consumer-sts-0_20250707_214536_828236.csv,True,False,False,1751924994.1864777,273291.8016910553
429,1751924720.8951302,1751924734.0699558,batch_consumer-sts-0_20250707_214536_828236.csv,True,False,False,1751924994.1864777,273291.3475036621
439,1751924720.895581,1751924734.0983295,batch_consumer-sts-0_20250707_214536_828236.csv,True,False,False,1751924994.1864777,273290.896654129
449,1751924720.8960357,1751924734.1264338,batch_consumer-sts-0_20250707_214536_828236.csv,True,False,False,1751924994.1864777,273290.4419898987
459,1751924720.8964732,1751924734.1544237,batch_consumer-sts-0_20250707_214536_828236.csv,True,False,False,1751924994.1864777,273290.00449180603
469,1751924720.896946,1751924734.687453,batch_consumer-sts-0_20250707_214536_828236.csv,True,False,False,1751924994.1864777,273289.5317077637
479,1751924720.897395,1751924734.7146196,batch_consumer-sts-0_20250707_214536_828236.csv,True,False,False,1751924994.1864777,273289.0827655792
489,1751924720.8978295,1751924734.7425857,batch_consumer-sts-0_20250707_214536_828236.csv,True,False,False,1751924994.1864777,273288.6481285095
499,1751924720.8982751,1751924734.7711265,batch_consumer-sts-0_20250707_214536_828236.csv,True,False,False,1751924994.1864777,273288.2025241852
509,1751924720.8987298,1751924734.7994294,batch_consumer-sts-0_20250707_214536_828236.csv,True,False,False,1751924994.1864777,273287.74785995483
519,1751924720.899167,1751924734.8273754,batch_consumer-sts-0_20250707_214536_828236.csv,True,False,False,1751924994.1864777,273287.31060028076
529,1751924720.8996086,1751924734.85567,batch_consumer-sts-0_20250707_214536_828236.csv,True,False,False,1751924994.1864777,273286.86904907227
539,1751924720.900081,1751924734.8840492,batch_consumer-sts-0_20250707_214536_828236.csv,True,False,False,1751924994.1864777,273286.39674186707
549,1751924720.9005277,1751924734.9116435,batch_consumer-sts-0_20250707_214536_828236.csv,True,False,False,1751924994.1864777,273285.9499454498
559,1751924720.9009852,1751924734.9400873,batch_consumer-sts-0_20250707_214536_828236.csv,True,False,False,1751924994.1864777,273285.49242019653
569,1751924720.901436,1751924734.9672089,batch_consumer-sts-0_20250707_214536_828236.csv,True,False,False,1751924994.1864777,273285.04157066345
579,1751924720.9018989,1751924734.995082,batch_consumer-sts-0_20250707_214536_828236.csv,True,False,False,1751924994.1864777,273284.5788002014
589,1751924720.9024734,1751924735.0225108,batch_consumer-sts-0_20250707_214536_828236.csv,True,False,False,1751924994.1864777,273284.0042114258
599,1751924720.902933,1751924735.052651,batch_consumer-sts-0_20250707_214536_828236.csv,True,False,False,1751924994.1864777,273283.54477882385
609,1751924720.9034183,1751924735.0807998,batch_consumer-sts-0_20250707_214536_828236.csv,True,False,False,1751924994.1864777,273283.0593585968
619,1751924720.903854,1751924735.1088824,batch_consumer-sts-0_20250707_214536_828236.csv,True,False,False,1751924994.1864777,273282.6237678528
629,1751924720.9042287,1751924735.136587,batch_consumer-sts-0_20250707_214536_828236.csv,True,False,False,1751924994.1864777,273282.24897384644
639,1751924720.9045916,1751924735.1650734,batch_consumer-sts-0_20250707_214536_828236.csv,True,False,False,1751924994.1864777,273281.88610076904
649,1751924720.9049592,1751924735.191979,batch_consumer-sts-0_20250707_214536_828236.csv,True,False,False,1751924994.1864777,273281.51845932007
659,1751924720.9053383,1751924735.219176,batch_consumer-sts-0_20250707_214536_828236.csv,True,False,False,1751924994.1864777,273281.1393737793
669,1751924720.9058614,1751924735.246646,batch_consumer-sts-0_20250707_214536_828236.csv,True,False,False,1751924994.1864777,273280.61628341675
679,1751924720.9063427,1751924735.275056,batch_consumer-sts-0_20250707_214536_828236.csv,True,False,False,1751924994.1864777,273280.13491630554
689,1751924720.9067774,1751924735.303275,batch_consumer-sts-0_20250707_214536_828236.csv,True,False,False,1751924994.1864777,273279.70027923584
699,1751924720.9072227,1751924735.331946,batch_consumer-sts-0_20250707_214536_828236.csv,True,False,False,1751924994.1864777,273279.2549133301
709,1751924720.907658,1751924735.360361,batch_consumer-sts-0_20250707_214536_828236.csv,True,False,False,1751924994.1864777,273278.81956100464
719,1751924720.908084,1751924735.3890305,batch_consumer-sts-0_20250707_214536_828236.csv,True,False,False,1751924994.1864777,273278.39374542236
729,1751924720.9085386,1751924735.4163342,batch_consumer-sts-0_20250707_214536_828236.csv,True,False,False,1751924994.1864777,273277.939081192
739,1751924720.9089978,1751924735.444288,batch_consumer-sts-0_20250707_214536_828236.csv,True,False,False,1751924994.1864777,273277.47988700867
749,1751924720.9094436,1751924735.4726293,batch_consumer-sts-0_20250707_214536_828236.csv,True,False,False,1751924994.1864777,273277.03404426575
759,1751924720.9098957,1751924735.50078,batch_consumer-sts-0_20250707_214536_828236.csv,True,False,False,1751924994.1864777,273276.58200263977
769,1751924720.910343,1751924735.528898,batch_consumer-sts-0_20250707_214536_828236.csv,True,False,False,1751924994.1864777,273276.1347293854
779,1751924720.9107969,1751924735.5567477,batch_consumer-sts-0_20250707_214536_828236.csv,True,False,False,1751924994.1864777,273275.68078041077
789,1751924720.9112484,1751924735.584856,batch_consumer-sts-0_20250707_214536_828236.csv,True,False,False,1751924994.1864777,273275.22921562195
799,1751924720.9116902,1751924735.61229,batch_consumer-sts-0_20250707_214536_828236.csv,True,False,False,1751924994.1864777,273274.7874259949
809,1751924720.912137,1751924735.640609,batch_consumer-sts-0_20250707_214536_828236.csv,True,False,False,1751924994.1864777,273274.34062957764
819,1751924720.9125743,1751924735.669192,batch_consumer-sts-0_20250707_214536_828236.csv,True,False,False,1751924994.1864777,273273.90336990356
829,1751924720.9130187,1751924735.697342,batch_consumer-sts-0_20250707_214536_828236.csv,True,False,False,1751924994.1864777,273273.4589576721
839,1751924720.913468,1751924735.728105,batch_consumer-sts-0_20250707_214536_828236.csv,True,False,False,1751924994.1864777,273273.0097770691
849,1751924720.9139264,1751924735.7552156,batch_consumer-sts-0_20250707_214536_828236.csv,True,False,False,1751924994.1864777,273272.5512981415
859,1751924720.9144094,1751924735.7869227,batch_consumer-sts-0_20250707_214536_828236.csv,True,False,False,1751924994.1864777,273272.0682621002
869,1751924720.9148688,1751924735.8147712,batch_consumer-sts-0_20250707_214536_828236.csv,True,False,False,1751924994.1864777,273271.6088294983
879,1751924720.9153166,1751924735.8430758,batch_consumer-sts-0_20250707_214536_828236.csv,True,False,False,1751924994.1864777,273271.16107940674
889,1751924720.915777,1751924735.8722427,batch_consumer-sts-0_20250707_214536_828236.csv,True,False,False,1751924994.1864777,273270.7006931305
899,1751924720.9162295,1751924735.900382,batch_consumer-sts-0_20250707_214536_828236.csv,True,False,False,1751924994.1864777,273270.24817466736
909,1751924720.916672,1751924735.9306056,batch_consumer-sts-0_20250707_214536_828236.csv,True,False,False,1751924994.1864777,273269.80566978455
919,1751924720.9171124,1751924735.9637964,batch_consumer-sts-0_20250707_214536_828236.csv,True,False,False,1751924994.1864777,273269.36531066895
929,1751924720.9175706,1751924735.9922044,batch_consumer-sts-0_20250707_214536_828236.csv,True,False,False,1751924994.1864777,273268.9070701599
939,1751924720.9179342,1751924736.0195596,batch_consumer-sts-0_20250707_214536_828236.csv,True,False,False,1751924994.1864777,273268.5434818268
949,1751924720.918379,1751924736.0477118,batch_consumer-sts-0_20250707_214536_828236.csv,True,False,False,1751924994.1864777,273268.0985927582
959,1751924720.9188356,1751924736.0755548,batch_consumer-sts-0_20250707_214536_828236.csv,True,False,False,1751924994.1864777,273267.6420211792
969,1751924720.9192896,1751924736.1034074,batch_consumer-sts-0_20250707_214536_828236.csv,True,False,False,1751924994.1864777,273267.1880722046
979,1751924720.9197228,1751924736.1316028,batch_consumer-sts-0_20250707_214536_828236.csv,True,False,False,1751924994.1864777,273266.75486564636
989,1751924720.9201748,1751924736.1597178,batch_consumer-sts-0_20250707_214536_828236.csv,True,False,False,1751924994.1864777,273266.3028240204
999,1751924720.9206202,1751924736.1883883,batch_consumer-sts-0_20250707_214536_828236.csv,True,False,False,1751924994.1864777,273265.8574581146
1009,1751924720.9210918,1751924736.7397766,batch_consumer-sts-0_20250707_214536_828236.csv,True,False,False,1751924994.1864777,273265.38586616516
1019,1751924720.921538,1751924736.7717438,batch_consumer-sts-0_20250707_214536_828236.csv,True,False,False,1751924994.1864777,273264.9395465851
1029,1751924720.9219787,1751924736.8000124,batch_consumer-sts-0_20250707_214536_828236.csv,True,False,False,1751924994.1864777,273264.4989490509
1039,1751924720.922429,1751924738.022957,batch_consumer-sts-0_20250707_214541_131386.csv,True,False,False,1751924994.1864777,273264.048576355
1049,1751924720.9228604,1751924738.0512154,batch_consumer-sts-0_20250707_214541_131386.csv,True,False,False,1751924994.1864777,273263.6172771454
1059,1751924720.9233017,1751924738.0793734,batch_consumer-sts-0_20250707_214541_131386.csv,True,False,False,1751924994.1864777,273263.17596435547
1069,1751924720.9237309,1751924738.10717,batch_consumer-sts-0_20250707_214541_131386.csv,True,False,False,1751924994.1864777,273262.7468109131
1079,1751924720.9241543,1751924738.17113,batch_consumer-sts-0_20250707_214541_131386.csv,True,False,False,1751924994.1864777,273262.3233795166
1089,1751924720.924569,1751924738.1999545,batch_consumer-sts-0_20250707_214541_131386.csv,True,False,False,1751924994.1864777,273261.90876960754
1099,1751924720.9250154,1751924738.2278693,batch_consumer-sts-0_20250707_214541_131386.csv,True,False,False,1751924994.1864777,273261.4622116089
1109,1751924720.925472,1751924738.256017,batch_consumer-sts-0_20250707_214541_131386.csv,True,False,False,1751924994.1864777,273261.0056400299
1119,1751924720.9258995,1751924738.2840428,batch_consumer-sts-0_20250707_214541_131386.csv,True,False,False,1751924994.1864777,273260.5781555176
1129,1751924720.9263425,1751924738.3117275,batch_consumer-sts-0_20250707_214541_131386.csv,True,False,False,1751924994.1864777,273260.1351737976
1139,1751924720.926774,1751924738.339558,batch_consumer-sts-0_20250707_214541_131386.csv,True,False,False,1751924994.1864777,273259.70363616943
1149,1751924720.9271965,1751924738.367667,batch_consumer-sts-0_20250707_214541_131386.csv,True,False,False,1751924994.1864777,273259.28115844727
1159,1751924720.9276335,1751924738.3980129,batch_consumer-sts-0_20250707_214541_131386.csv,True,False,False,1751924994.1864777,273258.8441371918
1169,1751924720.9280908,1751924738.4258184,batch_consumer-sts-0_20250707_214541_131386.csv,True,False,False,1751924994.1864777,273258.38685035706
1179,1751924720.9285426,1751924738.4539046,batch_consumer-sts-0_20250707_214541_131386.csv,True,False,False,1751924994.1864777,273257.93504714966
1189,1751924720.9289775,1751924738.4818623,batch_consumer-sts-0_20250707_214541_131386.csv,True,False,False,1751924994.1864777,273257.5001716614
1199,1751924720.9294186,1751924738.5092714,batch_consumer-sts-0_20250707_214541_131386.csv,True,False,False,1751924994.1864777,273257.05909729004
1209,1751924720.929853,1751924738.537192,batch_consumer-sts-0_20250707_214541_131386.csv,True,False,False,1751924994.1864777,273256.6246986389
1219,1751924720.930304,1751924738.566308,batch_consumer-sts-0_20250707_214541_131386.csv,True,False,False,1751924994.1864777,273256.17361068726
1229,1751924720.9307518,1751924738.594784,batch_consumer-sts-0_20250707_214541_131386.csv,True,False,False,1751924994.1864777,273255.7258605957
1239,1751924720.9311836,1751924738.6218448,batch_consumer-sts-0_20250707_214541_131386.csv,True,False,False,1751924994.1864777,273255.29408454895
1249,1751924720.9318492,1751924738.6497295,batch_consumer-sts-0_20250707_214541_131386.csv,True,False,False,1751924994.1864777,273254.6284198761
1259,1751924720.932303,1751924738.677661,batch_consumer-sts-0_20250707_214541_131386.csv,True,False,False,1751924994.1864777,273254.17470932007
1269,1751924720.932755,1751924738.7048595,batch_consumer-sts-0_20250707_214541_131386.csv,True,False,False,1751924994.1864777,273253.7226676941
1279,1751924720.9332068,1751924738.7338178,batch_consumer-sts-0_20250707_214541_131386.csv,True,False,False,1751924994.1864777,273253.2708644867
1289,1751924720.9336452,1751924738.7620213,batch_consumer-sts-0_20250707_214541_131386.csv,True,False,False,1751924994.1864777,273252.8324127197
1299,1751924720.934086,1751924738.790963,batch_consumer-sts-0_20250707_214541_131386.csv,True,False,False,1751924994.1864777,273252.39157676697
1309,1751924720.9345436,1751924738.8185587,batch_consumer-sts-0_20250707_214541_131386.csv,True,False,False,1751924994.1864777,273251.9340515137
1319,1751924720.9350028,1751924738.8475225,batch_consumer-sts-0_20250707_214541_131386.csv,True,False,False,1751924994.1864777,273251.4748573303
1329,1751924720.9355054,1751924738.875877,batch_consumer-sts-0_20250707_214541_131386.csv,True,False,False,1751924994.1864777,273250.9722709656
1339,1751924720.935944,1751924738.9036305,batch_consumer-sts-0_20250707_214541_131386.csv,True,False,False,1751924994.1864777,273250.53358078003
1349,1751924720.936397,1751924738.9320314,batch_consumer-sts-0_20250707_214541_131386.csv,True,False,False,1751924994.1864777,273250.08058547974
1359,1751924720.9368348,1751924738.9601564,batch_consumer-sts-0_20250707_214541_131386.csv,True,False,False,1751924994.1864777,273249.6428489685
1369,1751924720.9373033,1751924738.9873035,batch_consumer-sts-0_20250707_214541_131386.csv,True,False,False,1751924994.1864777,273249.1743564606
1379,1751924720.9377472,1751924739.0147784,batch_consumer-sts-0_20250707_214541_131386.csv,True,False,False,1751924994.1864777,273248.7304210663
1389,1751924720.9384255,1751924739.04293,batch_consumer-sts-0_20250707_214541_131386.csv,True,False,False,1751924994.1864777,273248.05212020874
1399,1751924720.9388602,1751924739.0733397,batch_consumer-sts-0_20250707_214541_131386.csv,True,False,False,1751924994.1864777,273247.61748313904
1409,1751924720.9393003,1751924739.1013582,batch_consumer-sts-0_20250707_214541_131386.csv,True,False,False,1751924994.1864777,273247.177362442
1419,1751924720.939733,1751924739.129274,batch_consumer-sts-0_20250707_214541_131386.csv,True,False,False,1751924994.1864777,273246.74463272095
1429,1751924720.940181,1751924739.1572587,batch_consumer-sts-0_20250707_214541_131386.csv,True,False,False,1751924994.1864777,273246.2966442108
1439,1751924720.9406238,1751924739.1838171,batch_consumer-sts-0_20250707_214541_131386.csv,True,False,False,1751924994.1864777,273245.8539009094
1449,1751924720.941065,1751924739.211495,batch_consumer-sts-0_20250707_214541_131386.csv,True,False,False,1751924994.1864777,273245.4125881195
1459,1751924720.941506,1751924739.238858,batch_consumer-sts-0_20250707_214541_131386.csv,True,False,False,1751924994.1864777,273244.97175216675
1469,1751924720.9419675,1751924739.2665555,batch_consumer-sts-0_20250707_214541_131386.csv,True,False,False,1751924994.1864777,273244.5101737976
1479,1751924720.9424393,1751924739.406253,batch_consumer-sts-0_20250707_214541_131386.csv,True,False,False,1751924994.1864777,273244.03834342957
1489,1751924720.9428868,1751924739.434161,batch_consumer-sts-0_20250707_214541_131386.csv,True,False,False,1751924994.1864777,273243.5908317566
1499,1751924720.9433296,1751924739.463902,batch_consumer-sts-0_20250707_214541_131386.csv,True,False,False,1751924994.1864777,273243.1480884552
1509,1751924720.943741,1751924739.491879,batch_consumer-sts-0_20250707_214541_131386.csv,True,False,False,1751924994.1864777,273242.7365779877
1519,1751924720.9440832,1751924739.5191984,batch_consumer-sts-0_20250707_214541_131386.csv,True,False,False,1751924994.1864777,273242.39444732666
1529,1751924720.9444818,1751924739.5471957,batch_consumer-sts-0_20250707_214541_131386.csv,True,False,False,1751924994.1864777,273241.9958114624
1539,1751924720.9449832,1751924739.575094,batch_consumer-sts-0_20250707_214541_131386.csv,True,False,False,1751924994.1864777,273241.49441719055
1549,1751924720.9454055,1751924739.603168,batch_consumer-sts-0_20250707_214541_131386.csv,True,False,False,1751924994.1864777,273241.07217788696
1559,1751924720.9458463,1751924739.631304,batch_consumer-sts-0_20250707_214541_131386.csv,True,False,False,1751924994.1864777,273240.6313419342
1569,1751924720.946302,1751924739.6591878,batch_consumer-sts-0_20250707_214541_131386.csv,True,False,False,1751924994.1864777,273240.17572402954
1579,1751924720.9467344,1751924739.6901238,batch_consumer-sts-0_20250707_214541_131386.csv,True,False,False,1751924994.1864777,273239.74323272705
1589,1751924720.9471753,1751924739.7171924,batch_consumer-sts-0_20250707_214541_131386.csv,True,False,False,1751924994.1864777,273239.3023967743
1599,1751924720.9476287,1751924739.7451482,batch_consumer-sts-0_20250707_214541_131386.csv,True,False,False,1751924994.1864777,273238.84892463684
1609,1751924720.9480689,1751924739.7729132,batch_consumer-sts-0_20250707_214541_131386.csv,True,False,False,1751924994.1864777,273238.4088039398
1619,1751924720.9485035,1751924739.801695,batch_consumer-sts-0_20250707_214541_131386.csv,True,False,False,1751924994.1864777,273237.9741668701
1629,1751924720.9489465,1751924739.8303862,batch_consumer-sts-0_20250707_214541_131386.csv,True,False,False,1751924994.1864777,273237.53118515015
1639,1751924720.949407,1751924739.8590496,batch_consumer-sts-0_20250707_214541_131386.csv,True,False,False,1751924994.1864777,273237.0705604553
1649,1751924720.9498324,1751924739.891909,batch_consumer-sts-0_20250707_214541_131386.csv,True,False,False,1751924994.1864777,273236.6452217102
1659,1751924720.9502916,1751924739.919419,batch_consumer-sts-0_20250707_214541_131386.csv,True,False,False,1751924994.1864777,273236.18602752686
1669,1751924720.95071,1751924739.9476953,batch_consumer-sts-0_20250707_214541_131386.csv,True,False,False,1751924994.1864777,273235.76760292053
1679,1751924720.95114,1751924739.9760988,batch_consumer-sts-0_20250707_214541_131386.csv,True,False,False,1751924994.1864777,273235.3377342224
1689,1751924720.95158,1751924740.0053253,batch_consumer-sts-0_20250707_214541_131386.csv,True,False,False,1751924994.1864777,273234.8976135254
1699,1751924720.9520097,1751924740.0364766,batch_consumer-sts-0_20250707_214541_131386.csv,True,False,False,1751924994.1864777,273234.46798324585
1709,1751924720.9524405,1751924740.0648637,batch_consumer-sts-0_20250707_214541_131386.csv,True,False,False,1751924994.1864777,273234.0371608734
1719,1751924720.95286,1751924740.092672,batch_consumer-sts-0_20250707_214541_131386.csv,True,False,False,1751924994.1864777,273233.6175441742
1729,1751924720.953282,1751924740.1202786,batch_consumer-sts-0_20250707_214541_131386.csv,True,False,False,1751924994.1864777,273233.1955432892
1739,1751924720.9537346,1751924740.148646,batch_consumer-sts-0_20250707_214541_131386.csv,True,False,False,1751924994.1864777,273232.74302482605
1749,1751924720.9541788,1751924740.1769855,batch_consumer-sts-0_20250707_214541_131386.csv,True,False,False,1751924994.1864777,273232.2988510132
1759,1751924720.954612,1751924740.20468,batch_consumer-sts-0_20250707_214541_131386.csv,True,False,False,1751924994.1864777,273231.86564445496
1769,1751924720.955037,1751924740.23236,batch_consumer-sts-0_20250707_214541_131386.csv,True,False,False,1751924994.1864777,273231.4405441284
1779,1751924720.9554744,1751924740.260455,batch_consumer-sts-0_20250707_214541_131386.csv,True,False,False,1751924994.1864777,273231.00328445435
1789,1751924720.955897,1751924740.2884145,batch_consumer-sts-0_20250707_214541_131386.csv,True,False,False,1751924994.1864777,273230.5805683136
1799,1751924720.9562964,1751924740.3155131,batch_consumer-sts-0_20250707_214541_131386.csv,True,False,False,1751924994.1864777,273230.1812171936
1809,1751924720.956655,1751924740.3434358,batch_consumer-sts-0_20250707_214541_131386.csv,True,False,False,1751924994.1864777,273229.82263565063
1819,1751924720.9570072,1751924740.3714004,batch_consumer-sts-0_20250707_214541_131386.csv,True,False,False,1751924994.1864777,273229.4704914093
1829,1751924720.957401,1751924740.3998692,batch_consumer-sts-0_20250707_214541_131386.csv,True,False,False,1751924994.1864777,273229.0766239166
1839,1751924720.9578369,1751924740.4315186,batch_consumer-sts-0_20250707_214541_131386.csv,True,False,False,1751924994.1864777,273228.640794754
1849,1751924720.9582758,1751924740.4593754,batch_consumer-sts-0_20250707_214541_131386.csv,True,False,False,1751924994.1864777,273228.2018661499
1859,1751924720.958702,1751924740.4873335,batch_consumer-sts-0_20250707_214541_131386.csv,True,False,False,1751924994.1864777,273227.77557373047
1869,1751924720.959147,1751924740.5146048,batch_consumer-sts-0_20250707_214541_131386.csv,True,False,False,1751924994.1864777,273227.33068466187
1879,1751924720.9595954,1751924740.5423045,batch_consumer-sts-0_20250707_214541_131386.csv,True,False,False,1751924994.1864777,273226.8822193146
1889,1751924720.9600325,1751924740.5722325,batch_consumer-sts-0_20250707_214541_131386.csv,True,False,False,1751924994.1864777,273226.4451980591
1899,1751924720.9604638,1751924740.6001737,batch_consumer-sts-0_20250707_214541_131386.csv,True,False,False,1751924994.1864777,273226.0138988495
1909,1751924720.960897,1751924740.62721,batch_consumer-sts-0_20250707_214541_131386.csv,True,False,False,1751924994.1864777,273225.58069229126
1919,1751924720.9613478,1751924740.6543896,batch_consumer-sts-0_20250707_214541_131386.csv,True,False,False,1751924994.1864777,273225.1298427582
1929,1751924720.9617903,1751924740.6827352,batch_consumer-sts-0_20250707_214541_131386.csv,True,False,False,1751924994.1864777,273224.68733787537
1939,1751924720.9623687,1751924740.7101142,batch_consumer-sts-0_20250707_214541_131386.csv,True,False,False,1751924994.1864777,273224.10893440247
1949,1751924720.9628294,1751924740.7412286,batch_consumer-sts-0_20250707_214541_131386.csv,True,False,False,1751924994.1864777,273223.64830970764
1959,1751924720.9632645,1751924740.7707677,batch_consumer-sts-0_20250707_214541_131386.csv,True,False,False,1751924994.1864777,273223.2131958008
1969,1751924720.963695,1751924740.8000112,batch_consumer-sts-0_20250707_214541_131386.csv,True,False,False,1751924994.1864777,273222.7826118469
1979,1751924720.9641497,1751924740.8281777,batch_consumer-sts-0_20250707_214541_131386.csv,True,False,False,1751924994.1864777,273222.3279476166
1989,1751924720.9646084,1751924740.85492,batch_consumer-sts-0_20250707_214541_131386.csv,True,False,False,1751924994.1864777,273221.8692302704
1999,1751924720.965075,1751924741.0211103,batch_consumer-sts-0_20250707_214541_131386.csv,True,False,False,1751924994.1864777,273221.4026451111
2009,1751924720.9655254,1751924741.0478077,batch_consumer-sts-0_20250707_214541_131386.csv,True,False,False,1751924994.1864777,273220.95227241516
2019,1751924720.9659524,1751924741.0754132,batch_consumer-sts-0_20250707_214541_131386.csv,True,False,False,1751924994.1864777,273220.52526474
2029,1751924720.9663904,1751924741.103204,batch_consumer-sts-0_20250707_214541_131386.csv,True,False,False,1751924994.1864777,273220.0872898102
2039,1751924720.9668384,1751924741.3862226,batch_consumer-sts-0_20250707_214545_599575.csv,True,False,False,1751924994.1864777,273219.63930130005
2049,1751924720.9672737,1751924741.499268,batch_consumer-sts-0_20250707_214545_599575.csv,True,False,False,1751924994.1864777,273219.2039489746
2059,1751924720.9677055,1751924741.5297165,batch_consumer-sts-0_20250707_214545_599575.csv,True,False,False,1751924994.1864777,273218.77217292786
2069,1751924720.968125,1751924741.5587096,batch_consumer-sts-0_20250707_214545_599575.csv,True,False,False,1751924994.1864777,273218.35255622864
2079,1751924720.968569,1751924741.5869117,batch_consumer-sts-0_20250707_214545_599575.csv,True,False,False,1751924994.1864777,273217.90862083435
2089,1751924720.9690044,1751924741.615513,batch_consumer-sts-0_20250707_214545_599575.csv,True,False,False,1751924994.1864777,273217.4732685089
2099,1751924720.9694324,1751924741.646885,batch_consumer-sts-0_20250707_214545_599575.csv,True,False,False,1751924994.1864777,273217.0453071594
2109,1751924720.9698694,1751924741.6749582,batch_consumer-sts-0_20250707_214545_599575.csv,True,False,False,1751924994.1864777,273216.60828590393
2119,1751924720.970312,1751924741.7028232,batch_consumer-sts-0_20250707_214545_599575.csv,True,False,False,1751924994.1864777,273216.16554260254
2129,1751924720.970743,1751924741.7307427,batch_consumer-sts-0_20250707_214545_599575.csv,True,False,False,1751924994.1864777,273215.7347202301
2139,1751924720.9712162,1751924741.7584517,batch_consumer-sts-0_20250707_214545_599575.csv,True,False,False,1751924994.1864777,273215.2614593506
2149,1751924720.9716084,1751924741.7865613,batch_consumer-sts-0_20250707_214545_599575.csv,True,False,False,1751924994.1864777,273214.86926078796
2159,1751924720.971956,1751924741.8140185,batch_consumer-sts-0_20250707_214545_599575.csv,True,False,False,1751924994.1864777,273214.52164649963
2169,1751924720.9723454,1751924741.8425283,batch_consumer-sts-0_20250707_214545_599575.csv,True,False,False,1751924994.1864777,273214.13230895996
2179,1751924720.97287,1751924741.8700256,batch_consumer-sts-0_20250707_214545_599575.csv,True,False,False,1751924994.1864777,273213.60754966736
2189,1751924720.9732902,1751924741.897274,batch_consumer-sts-0_20250707_214545_599575.csv,True,False,False,1751924994.1864777,273213.187456131
2199,1751924720.9737177,1751924741.924642,batch_consumer-sts-0_20250707_214545_599575.csv,True,False,False,1751924994.1864777,273212.75997161865
2209,1751924720.974189,1751924741.9521513,batch_consumer-sts-0_20250707_214545_599575.csv,True,False,False,1751924994.1864777,273212.28861808777
2219,1751924720.974637,1751924741.9795475,batch_consumer-sts-0_20250707_214545_599575.csv,True,False,False,1751924994.1864777,273211.84062957764
2229,1751924720.975067,1751924742.0069425,batch_consumer-sts-0_20250707_214545_599575.csv,True,False,False,1751924994.1864777,273211.4107608795
2239,1751924720.9755073,1751924743.038298,batch_consumer-sts-0_20250707_214545_599575.csv,True,False,False,1751924994.1864777,273210.9704017639
2249,1751924720.9759526,1751924743.0661323,batch_consumer-sts-0_20250707_214545_599575.csv,True,False,False,1751924994.1864777,273210.52503585815
2259,1751924720.9764185,1751924743.0938609,batch_consumer-sts-0_20250707_214545_599575.csv,True,False,False,1751924994.1864777,273210.0591659546
2269,1751924720.9768815,1751924743.1205494,batch_consumer-sts-0_20250707_214545_599575.csv,True,False,False,1751924994.1864777,273209.596157074
2279,1751924720.9773252,1751924743.1480613,batch_consumer-sts-0_20250707_214545_599575.csv,True,False,False,1751924994.1864777,273209.15246009827
2289,1751924720.977783,1751924743.1757157,batch_consumer-sts-0_20250707_214545_599575.csv,True,False,False,1751924994.1864777,273208.6946964264
2299,1751924720.978236,1751924743.2037897,batch_consumer-sts-0_20250707_214545_599575.csv,True,False,False,1751924994.1864777,273208.2417011261
2309,1751924720.9787586,1751924743.2311687,batch_consumer-sts-0_20250707_214545_599575.csv,True,False,False,1751924994.1864777,273207.7190876007
2319,1751924720.9792285,1751924743.2587893,batch_consumer-sts-0_20250707_214545_599575.csv,True,False,False,1751924994.1864777,273207.2491645813
2329,1751924720.979702,1751924743.2868092,batch_consumer-sts-0_20250707_214545_599575.csv,True,False,False,1751924994.1864777,273206.7756652832
2339,1751924720.9801486,1751924743.3138063,batch_consumer-sts-0_20250707_214545_599575.csv,True,False,False,1751924994.1864777,273206.32910728455
2349,1751924720.9805892,1751924743.3412845,batch_consumer-sts-0_20250707_214545_599575.csv,True,False,False,1751924994.1864777,273205.88850975037
2359,1751924720.9813375,1751924743.371683,batch_consumer-sts-0_20250707_214545_599575.csv,True,False,False,1751924994.1864777,273205.14011383057
2369,1751924720.981788,1751924743.399385,batch_consumer-sts-0_20250707_214545_599575.csv,True,False,False,1751924994.1864777,273204.68974113464
2379,1751924720.982339,1751924743.427936,batch_consumer-sts-0_20250707_214545_599575.csv,True,False,False,1751924994.1864777,273204.13875579834
2389,1751924720.9829495,1751924743.45599,batch_consumer-sts-0_20250707_214545_599575.csv,True,False,False,1751924994.1864777,273203.52816581726
2399,1751924720.983416,1751924743.484275,batch_consumer-sts-0_20250707_214545_599575.csv,True,False,False,1751924994.1864777,273203.06158065796
2409,1751924720.9838629,1751924743.5105937,batch_consumer-sts-0_20250707_214545_599575.csv,True,False,False,1751924994.1864777,273202.6147842407
2419,1751924720.9842987,1751924743.5385623,batch_consumer-sts-0_20250707_214545_599575.csv,True,False,False,1751924994.1864777,273202.1789550781
2429,1751924720.9848096,1751924743.5663085,batch_consumer-sts-0_20250707_214545_599575.csv,True,False,False,1751924994.1864777,273201.6680240631
2439,1751924720.985315,1751924743.593838,batch_consumer-sts-0_20250707_214545_599575.csv,True,False,False,1751924994.1864777,273201.1625766754
2449,1751924720.985978,1751924743.6208112,batch_consumer-sts-0_20250707_214545_599575.csv,True,False,False,1751924994.1864777,273200.4997730255
2459,1751924720.9864447,1751924743.6483283,batch_consumer-sts-0_20250707_214545_599575.csv,True,False,False,1751924994.1864777,273200.03294944763
2469,1751924720.9869273,1751924743.675889,batch_consumer-sts-0_20250707_214545_599575.csv,True,False,False,1751924994.1864777,273199.55039024353
2479,1751924720.9873898,1751924743.703459,batch_consumer-sts-0_20250707_214545_599575.csv,True,False,False,1751924994.1864777,273199.0878582001
2489,1751924720.9881177,1751924743.7308831,batch_consumer-sts-0_20250707_214545_599575.csv,True,False,False,1751924994.1864777,273198.3599662781
2499,1751924720.9886043,1751924743.759755,batch_consumer-sts-0_20250707_214545_599575.csv,True,False,False,1751924994.1864777,273197.87335395813
2509,1751924720.989091,1751924743.7879066,batch_consumer-sts-0_20250707_214545_599575.csv,True,False,False,1751924994.1864777,273197.3867416382
2519,1751924720.989545,1751924743.815055,batch_consumer-sts-0_20250707_214545_599575.csv,True,False,False,1751924994.1864777,273196.932554245
2529,1751924720.9899929,1751924743.842801,batch_consumer-sts-0_20250707_214545_599575.csv,True,False,False,1751924994.1864777,273196.48480415344
2539,1751924720.9904883,1751924743.8705978,batch_consumer-sts-0_20250707_214545_599575.csv,True,False,False,1751924994.1864777,273195.98937034607
2549,1751924720.9909594,1751924743.8984606,batch_consumer-sts-0_20250707_214545_599575.csv,True,False,False,1751924994.1864777,273195.51825523376
2559,1751924720.991418,1751924743.9259684,batch_consumer-sts-0_20250707_214545_599575.csv,True,False,False,1751924994.1864777,273195.05977630615
2569,1751924720.9918883,1751924743.9541082,batch_consumer-sts-0_20250707_214545_599575.csv,True,False,False,1751924994.1864777,273194.5893764496
2579,1751924720.9923337,1751924743.9819152,batch_consumer-sts-0_20250707_214545_599575.csv,True,False,False,1751924994.1864777,273194.1440105438
2589,1751924720.992794,1751924744.0092652,batch_consumer-sts-0_20250707_214545_599575.csv,True,False,False,1751924994.1864777,273193.6836242676
2599,1751924720.9932618,1751924744.0381684,batch_consumer-sts-0_20250707_214545_599575.csv,True,False,False,1751924994.1864777,273193.2158470154
2609,1751924720.9937308,1751924744.0650582,batch_consumer-sts-0_20250707_214545_599575.csv,True,False,False,1751924994.1864777,273192.7468776703
2619,1751924720.9942107,1751924744.0930076,batch_consumer-sts-0_20250707_214545_599575.csv,True,False,False,1751924994.1864777,273192.26694107056
2629,1751924720.9946623,1751924744.1208975,batch_consumer-sts-0_20250707_214545_599575.csv,True,False,False,1751924994.1864777,273191.81537628174
2639,1751924720.9951792,1751924744.1485405,batch_consumer-sts-0_20250707_214545_599575.csv,True,False,False,1751924994.1864777,273191.29848480225
2649,1751924720.9956374,1751924744.177635,batch_consumer-sts-0_20250707_214545_599575.csv,True,False,False,1751924994.1864777,273190.8402442932
2659,1751924720.9960904,1751924744.2056837,batch_consumer-sts-0_20250707_214545_599575.csv,True,False,False,1751924994.1864777,273190.3872489929
2669,1751924720.996532,1751924744.2344725,batch_consumer-sts-0_20250707_214545_599575.csv,True,False,False,1751924994.1864777,273189.9456977844
2679,1751924720.996976,1751924744.2686446,batch_consumer-sts-0_20250707_214545_599575.csv,True,False,False,1751924994.1864777,273189.50176239014
2689,1751924720.9974236,1751924744.308554,batch_consumer-sts-0_20250707_214545_599575.csv,True,False,False,1751924994.1864777,273189.0540122986
2699,1751924720.9978547,1751924744.3388352,batch_consumer-sts-0_20250707_214545_599575.csv,True,False,False,1751924994.1864777,273188.62295150757
2709,1751924720.9983337,1751924744.3673973,batch_consumer-sts-0_20250707_214545_599575.csv,True,False,False,1751924994.1864777,273188.14396858215
2719,1751924720.9987786,1751924744.3963852,batch_consumer-sts-0_20250707_214545_599575.csv,True,False,False,1751924994.1864777,273187.69907951355
2729,1751924720.9992266,1751924744.709025,batch_consumer-sts-0_20250707_214545_599575.csv,True,False,False,1751924994.1864777,273187.2510910034
2739,1751924720.9996777,1751924744.7388637,batch_consumer-sts-0_20250707_214545_599575.csv,True,False,False,1751924994.1864777,273186.80000305176
2749,1751924721.0001657,1751924744.77204,batch_consumer-sts-0_20250707_214545_599575.csv,True,False,False,1751924994.1864777,273186.31196022034
2759,1751924721.0006142,1751924744.8012116,batch_consumer-sts-0_20250707_214545_599575.csv,True,False,False,1751924994.1864777,273185.86349487305
2769,1751924721.0010877,1751924744.829119,batch_consumer-sts-0_20250707_214545_599575.csv,True,False,False,1751924994.1864777,273185.38999557495
2779,1751924721.0014946,1751924744.8610826,batch_consumer-sts-0_20250707_214545_599575.csv,True,False,False,1751924994.1864777,273184.9830150604
2789,1751924721.001943,1751924744.8898249,batch_consumer-sts-0_20250707_214545_599575.csv,True,False,False,1751924994.1864777,273184.53454971313
2799,1751924721.0024323,1751924744.918257,batch_consumer-sts-0_20250707_214545_599575.csv,True,False,False,1751924994.1864777,273184.0453147888
2809,1751924721.0028782,1751924744.9456797,batch_consumer-sts-0_20250707_214545_599575.csv,True,False,False,1751924994.1864777,273183.5994720459
2819,1751924721.0051365,1751924744.974957,batch_consumer-sts-0_20250707_214545_599575.csv,True,False,False,1751924994.1864777,273181.34117126465
2829,1751924721.00564,1751924745.00346,batch_consumer-sts-0_20250707_214545_599575.csv,True,False,False,1751924994.1864777,273180.8376312256
2839,1751924721.0061193,1751924745.031384,batch_consumer-sts-0_20250707_214545_599575.csv,True,False,False,1751924994.1864777,273180.3584098816
2849,1751924721.0066128,1751924745.0589745,batch_consumer-sts-0_20250707_214545_599575.csv,True,False,False,1751924994.1864777,273179.86488342285
2859,1751924721.0070808,1751924745.0876186,batch_consumer-sts-0_20250707_214545_599575.csv,True,False,False,1751924994.1864777,273179.3968677521
2869,1751924721.0075366,1751924745.115893,batch_consumer-sts-0_20250707_214545_599575.csv,True,False,False,1751924994.1864777,273178.94101142883
2879,1751924721.0079746,1751924745.1464903,batch_consumer-sts-0_20250707_214545_599575.csv,True,False,False,1751924994.1864777,273178.503036499
2889,1751924721.0084531,1751924745.177506,batch_consumer-sts-0_20250707_214545_599575.csv,True,False,False,1751924994.1864777,273178.02453041077
2899,1751924721.008914,1751924745.2067034,batch_consumer-sts-0_20250707_214545_599575.csv,True,False,False,1751924994.1864777,273177.56366729736
2909,1751924721.0093796,1751924745.2359283,batch_consumer-sts-0_20250707_214545_599575.csv,True,False,False,1751924994.1864777,273177.0980358124
2919,1751924721.0098224,1751924745.2637036,batch_consumer-sts-0_20250707_214545_599575.csv,True,False,False,1751924994.1864777,273176.655292511
2929,1751924721.0102766,1751924745.2943432,batch_consumer-sts-0_20250707_214545_599575.csv,True,False,False,1751924994.1864777,273176.2011051178
2939,1751924721.010738,1751924745.321488,batch_consumer-sts-0_20250707_214545_599575.csv,True,False,False,1751924994.1864777,273175.73976516724
2949,1751924721.0111957,1751924745.3489215,batch_consumer-sts-0_20250707_214545_599575.csv,True,False,False,1751924994.1864777,273175.28200149536
2959,1751924721.0116403,1751924745.3767972,batch_consumer-sts-0_20250707_214545_599575.csv,True,False,False,1751924994.1864777,273174.83735084534
2969,1751924721.0120893,1751924745.4045804,batch_consumer-sts-0_20250707_214545_599575.csv,True,False,False,1751924994.1864777,273174.3884086609
2979,1751924721.0125425,1751924745.4329789,batch_consumer-sts-0_20250707_214545_599575.csv,True,False,False,1751924994.1864777,273173.935174942
2989,1751924721.012981,1751924745.4604735,batch_consumer-sts-0_20250707_214545_599575.csv,True,False,False,1751924994.1864777,273173.49672317505
2999,1751924721.0134416,1751924745.4880164,batch_consumer-sts-0_20250707_214545_599575.csv,True,False,False,1751924994.1864777,273173.0360984802
3009,1751924721.013904,1751924745.5153103,batch_consumer-sts-0_20250707_214545_599575.csv,True,False,False,1751924994.1864777,273172.57356643677
3019,1751924721.014452,1751924745.5431068,batch_consumer-sts-0_20250707_214545_599575.csv,True,False,False,1751924994.1864777,273172.025680542
3029,1751924721.0148282,1751924745.5711544,batch_consumer-sts-0_20250707_214545_599575.csv,True,False,False,1751924994.1864777,273171.64945602417
3039,1751924721.015059,1751924745.7918105,batch_consumer-sts-0_20250707_214550_629736.csv,True,False,False,1751924994.1864777,273171.4186668396
3049,1751924721.0152862,1751924745.8194191,batch_consumer-sts-0_20250707_214550_629736.csv,True,False,False,1751924994.1864777,273171.1914539337
3059,1751924721.0155113,1751924745.8473794,batch_consumer-sts-0_20250707_214550_629736.csv,True,False,False,1751924994.1864777,273170.96638679504
3069,1751924721.0157256,1751924745.8760543,batch_consumer-sts-0_20250707_214550_629736.csv,True,False,False,1751924994.1864777,273170.75204849243
3079,1751924721.015977,1751924745.904104,batch_consumer-sts-0_20250707_214550_629736.csv,True,False,False,1751924994.1864777,273170.50075531006
3089,1751924721.0162082,1751924745.9324667,batch_consumer-sts-0_20250707_214550_629736.csv,True,False,False,1751924994.1864777,273170.26948928833
3099,1751924721.01643,1751924745.9631758,batch_consumer-sts-0_20250707_214550_629736.csv,True,False,False,1751924994.1864777,273170.04776000977
3109,1751924721.0166628,1751924745.9921222,batch_consumer-sts-0_20250707_214550_629736.csv,True,False,False,1751924994.1864777,273169.814825058
3119,1751924721.0168922,1751924746.0197992,batch_consumer-sts-0_20250707_214550_629736.csv,True,False,False,1751924994.1864777,273169.5854663849
3129,1751924721.0171118,1751924746.0474746,batch_consumer-sts-0_20250707_214550_629736.csv,True,False,False,1751924994.1864777,273169.36588287354
3139,1751924721.0173452,1751924746.0738137,batch_consumer-sts-0_20250707_214550_629736.csv,True,False,False,1751924994.1864777,273169.1324710846
3149,1751924721.017568,1751924746.1011703,batch_consumer-sts-0_20250707_214550_629736.csv,True,False,False,1751924994.1864777,273168.90954971313
3159,1751924721.0178173,1751924746.1294196,batch_consumer-sts-0_20250707_214550_629736.csv,True,False,False,1751924994.1864777,273168.660402298
3169,1751924721.018047,1751924746.1583157,batch_consumer-sts-0_20250707_214550_629736.csv,True,False,False,1751924994.1864777,273168.4305667877
3179,1751924721.0183008,1751924746.1860733,batch_consumer-sts-0_20250707_214550_629736.csv,True,False,False,1751924994.1864777,273168.17688941956
3189,1751924721.018529,1751924746.2132964,batch_consumer-sts-0_20250707_214550_629736.csv,True,False,False,1751924994.1864777,273167.94872283936
3199,1751924721.018751,1751924746.2400484,batch_consumer-sts-0_20250707_214550_629736.csv,True,False,False,1751924994.1864777,273167.7267551422
3209,1751924721.0189767,1751924746.2672875,batch_consumer-sts-0_20250707_214550_629736.csv,True,False,False,1751924994.1864777,273167.5009727478
3219,1751924721.019198,1751924746.2963047,batch_consumer-sts-0_20250707_214550_629736.csv,True,False,False,1751924994.1864777,273167.2797203064
3229,1751924721.019424,1751924746.32365,batch_consumer-sts-0_20250707_214550_629736.csv,True,False,False,1751924994.1864777,273167.0536994934
3239,1751924721.0196416,1751924746.351781,batch_consumer-sts-0_20250707_214550_629736.csv,True,False,False,1751924994.1864777,273166.8360233307
3249,1751924721.0198622,1751924746.3800292,batch_consumer-sts-0_20250707_214550_629736.csv,True,False,False,1751924994.1864777,273166.615486145
3259,1751924721.0200806,1751924746.4069223,batch_consumer-sts-0_20250707_214550_629736.csv,True,False,False,1751924994.1864777,273166.39709472656
3269,1751924721.0202975,1751924746.4348638,batch_consumer-sts-0_20250707_214550_629736.csv,True,False,False,1751924994.1864777,273166.1801338196
3279,1751924721.0205257,1751924746.8828676,batch_consumer-sts-0_20250707_214550_629736.csv,True,False,False,1751924994.1864777,273165.9519672394
3289,1751924721.0207994,1751924746.910696,batch_consumer-sts-0_20250707_214550_629736.csv,True,False,False,1751924994.1864777,273165.6782627106
3299,1751924721.0210278,1751924746.939816,batch_consumer-sts-0_20250707_214550_629736.csv,True,False,False,1751924994.1864777,273165.4498577118
3309,1751924721.0212493,1751924746.9679334,batch_consumer-sts-0_20250707_214550_629736.csv,True,False,False,1751924994.1864777,273165.2283668518
3319,1751924721.0214696,1751924746.995608,batch_consumer-sts-0_20250707_214550_629736.csv,True,False,False,1751924994.1864777,273165.0080680847
3329,1751924721.0216925,1751924747.02344,batch_consumer-sts-0_20250707_214550_629736.csv,True,False,False,1751924994.1864777,273164.78514671326
3339,1751924721.021924,1751924747.0512435,batch_consumer-sts-0_20250707_214550_629736.csv,True,False,False,1751924994.1864777,273164.55364227295
3349,1751924721.022158,1751924747.0777848,batch_consumer-sts-0_20250707_214550_629736.csv,True,False,False,1751924994.1864777,273164.31975364685
3359,1751924721.0223904,1751924747.1054466,batch_consumer-sts-0_20250707_214550_629736.csv,True,False,False,1751924994.1864777,273164.0872955322
3369,1751924721.0226152,1751924747.1333487,batch_consumer-sts-0_20250707_214550_629736.csv,True,False,False,1751924994.1864777,273163.86246681213
3379,1751924721.022838,1751924747.1598346,batch_consumer-sts-0_20250707_214550_629736.csv,True,False,False,1751924994.1864777,273163.6395454407
3389,1751924721.0230627,1751924747.1878135,batch_consumer-sts-0_20250707_214550_629736.csv,True,False,False,1751924994.1864777,273163.41495513916
3399,1751924721.023286,1751924747.2152166,batch_consumer-sts-0_20250707_214550_629736.csv,True,False,False,1751924994.1864777,273163.19155693054
3409,1751924721.0235066,1751924747.243005,batch_consumer-sts-0_20250707_214550_629736.csv,True,False,False,1751924994.1864777,273162.9710197449
3419,1751924721.023741,1751924747.2711158,batch_consumer-sts-0_20250707_214550_629736.csv,True,False,False,1751924994.1864777,273162.7366542816
3429,1751924721.0239675,1751924747.2989726,batch_consumer-sts-0_20250707_214550_629736.csv,True,False,False,1751924994.1864777,273162.51015663147
3439,1751924721.02419,1751924748.3289056,batch_consumer-sts-0_20250707_214550_629736.csv,True,False,False,1751924994.1864777,273162.28771209717
3449,1751924721.0244086,1751924748.35895,batch_consumer-sts-0_20250707_214550_629736.csv,True,False,False,1751924994.1864777,273162.06908226013
3459,1751924721.0246294,1751924748.3868513,batch_consumer-sts-0_20250707_214550_629736.csv,True,False,False,1751924994.1864777,273161.8483066559
3469,1751924721.0248563,1751924748.414025,batch_consumer-sts-0_20250707_214550_629736.csv,True,False,False,1751924994.1864777,273161.6213321686
3479,1751924721.025077,1751924748.444416,batch_consumer-sts-0_20250707_214550_629736.csv,True,False,False,1751924994.1864777,273161.40055656433
3489,1751924721.025298,1751924748.4720328,batch_consumer-sts-0_20250707_214550_629736.csv,True,False,False,1751924994.1864777,273161.1795425415
3499,1751924721.025524,1751924748.4994397,batch_consumer-sts-0_20250707_214550_629736.csv,True,False,False,1751924994.1864777,273160.9537601471
3509,1751924721.0257466,1751924748.527051,batch_consumer-sts-0_20250707_214550_629736.csv,True,False,False,1751924994.1864777,273160.7310771942
3519,1751924721.0259688,1751924748.5552006,batch_consumer-sts-0_20250707_214550_629736.csv,True,False,False,1751924994.1864777,273160.5088710785
3529,1751924721.0262003,1751924748.5829537,batch_consumer-sts-0_20250707_214550_629736.csv,True,False,False,1751924994.1864777,273160.2773666382
3539,1751924721.026415,1751924748.61103,batch_consumer-sts-0_20250707_214550_629736.csv,True,False,False,1751924994.1864777,273160.0625514984
3549,1751924721.0266418,1751924748.6386094,batch_consumer-sts-0_20250707_214550_629736.csv,True,False,False,1751924994.1864777,273159.8358154297
3559,1751924721.026868,1751924748.6664715,batch_consumer-sts-0_20250707_214550_629736.csv,True,False,False,1751924994.1864777,273159.6095561981
3569,1751924721.0270922,1751924748.6941838,batch_consumer-sts-0_20250707_214550_629736.csv,True,False,False,1751924994.1864777,273159.38544273376
3579,1751924721.0273175,1751924748.7211497,batch_consumer-sts-0_20250707_214550_629736.csv,True,False,False,1751924994.1864777,273159.1601371765
3589,1751924721.0275433,1751924748.748589,batch_consumer-sts-0_20250707_214550_629736.csv,True,False,False,1751924994.1864777,273158.9343547821
3599,1751924721.0277765,1751924748.7760594,batch_consumer-sts-0_20250707_214550_629736.csv,True,False,False,1751924994.1864777,273158.70118141174
3609,1751924721.028003,1751924748.8040504,batch_consumer-sts-0_20250707_214550_629736.csv,True,False,False,1751924994.1864777,273158.4746837616
3619,1751924721.028228,1751924748.8319266,batch_consumer-sts-0_20250707_214550_629736.csv,True,False,False,1751924994.1864777,273158.2496166229
3629,1751924721.02845,1751924748.8596098,batch_consumer-sts-0_20250707_214550_629736.csv,True,False,False,1751924994.1864777,273158.0276489258
3639,1751924721.0286715,1751924748.8875916,batch_consumer-sts-0_20250707_214550_629736.csv,True,False,False,1751924994.1864777,273157.8061580658
3649,1751924721.0288987,1751924748.9168673,batch_consumer-sts-0_20250707_214550_629736.csv,True,False,False,1751924994.1864777,273157.5789451599
3659,1751924721.0291278,1751924748.945171,batch_consumer-sts-0_20250707_214550_629736.csv,True,False,False,1751924994.1864777,273157.3498249054
3669,1751924721.0293458,1751924748.9737344,batch_consumer-sts-0_20250707_214550_629736.csv,True,False,False,1751924994.1864777,273157.1319103241
3679,1751924721.0295677,1751924749.0019484,batch_consumer-sts-0_20250707_214550_629736.csv,True,False,False,1751924994.1864777,273156.90994262695
3689,1751924721.0297534,1751924749.0365143,batch_consumer-sts-0_20250707_214550_629736.csv,True,False,False,1751924994.1864777,273156.72421455383
3699,1751924721.0299408,1751924749.067695,batch_consumer-sts-0_20250707_214550_629736.csv,True,False,False,1751924994.1864777,273156.53681755066
3709,1751924721.030123,1751924749.0953689,batch_consumer-sts-0_20250707_214550_629736.csv,True,False,False,1751924994.1864777,273156.3546657562
3719,1751924721.0303617,1751924749.1223092,batch_consumer-sts-0_20250707_214550_629736.csv,True,False,False,1751924994.1864777,273156.11600875854
3729,1751924721.030578,1751924749.1489248,batch_consumer-sts-0_20250707_214550_629736.csv,True,False,False,1751924994.1864777,273155.8997631073
3739,1751924721.030805,1751924749.1769564,batch_consumer-sts-0_20250707_214550_629736.csv,True,False,False,1751924994.1864777,273155.6725502014
3749,1751924721.0310233,1751924749.2053792,batch_consumer-sts-0_20250707_214550_629736.csv,True,False,False,1751924994.1864777,273155.45439720154
3759,1751924721.031249,1751924749.2344942,batch_consumer-sts-0_20250707_214550_629736.csv,True,False,False,1751924994.1864777,273155.2286148071
3769,1751924721.031469,1751924749.2627835,batch_consumer-sts-0_20250707_214550_629736.csv,True,False,False,1751924994.1864777,273155.0085544586
3779,1751924721.0318055,1751924749.2909946,batch_consumer-sts-0_20250707_214550_629736.csv,True,False,False,1751924994.1864777,273154.6721458435
3789,1751924721.0320334,1751924749.3182306,batch_consumer-sts-0_20250707_214550_629736.csv,True,False,False,1751924994.1864777,273154.4442176819
3799,1751924721.032296,1751924749.346648,batch_consumer-sts-0_20250707_214550_629736.csv,True,False,False,1751924994.1864777,273154.1817188263
3809,1751924721.0325248,1751924749.3743153,batch_consumer-sts-0_20250707_214550_629736.csv,True,False,False,1751924994.1864777,273153.95283699036
3819,1751924721.0327551,1751924749.402022,batch_consumer-sts-0_20250707_214550_629736.csv,True,False,False,1751924994.1864777,273153.72252464294
3829,1751924721.032981,1751924749.42983,batch_consumer-sts-0_20250707_214550_629736.csv,True,False,False,1751924994.1864777,273153.49674224854
3839,1751924721.033205,1751924749.4581945,batch_consumer-sts-0_20250707_214550_629736.csv,True,False,False,1751924994.1864777,273153.2726287842
3849,1751924721.0334368,1751924749.4850333,batch_consumer-sts-0_20250707_214550_629736.csv,True,False,False,1751924994.1864777,273153.0408859253
3859,1751924721.0336714,1751924749.511963,batch_consumer-sts-0_20250707_214550_629736.csv,True,False,False,1751924994.1864777,273152.80628204346
3869,1751924721.033898,1751924750.1520534,batch_consumer-sts-0_20250707_214550_629736.csv,True,False,False,1751924994.1864777,273152.57954597473
3879,1751924721.0341208,1751924750.1791024,batch_consumer-sts-0_20250707_214550_629736.csv,True,False,False,1751924994.1864777,273152.35686302185
3889,1751924721.0343623,1751924750.2067735,batch_consumer-sts-0_20250707_214550_629736.csv,True,False,False,1751924994.1864777,273152.1153450012
3899,1751924721.0345848,1751924750.2347436,batch_consumer-sts-0_20250707_214550_629736.csv,True,False,False,1751924994.1864777,273151.8929004669
3909,1751924721.03482,1751924750.2643926,batch_consumer-sts-0_20250707_214550_629736.csv,True,False,False,1751924994.1864777,273151.65758132935
3919,1751924721.0350456,1751924750.2927182,batch_consumer-sts-0_20250707_214550_629736.csv,True,False,False,1751924994.1864777,273151.4320373535
3929,1751924721.0352802,1751924750.3199022,batch_consumer-sts-0_20250707_214550_629736.csv,True,False,False,1751924994.1864777,273151.1974334717
3939,1751924721.0355084,1751924750.3479917,batch_consumer-sts-0_20250707_214550_629736.csv,True,False,False,1751924994.1864777,273150.9692668915
3949,1751924721.0357409,1751924750.3760662,batch_consumer-sts-0_20250707_214550_629736.csv,True,False,False,1751924994.1864777,273150.73680877686
3959,1751924721.035961,1751924750.4037957,batch_consumer-sts-0_20250707_214550_629736.csv,True,False,False,1751924994.1864777,273150.51674842834
3969,1751924721.036197,1751924750.4317234,batch_consumer-sts-0_20250707_214550_629736.csv,True,False,False,1751924994.1864777,273150.28071403503
3979,1751924721.0364456,1751924750.4598591,batch_consumer-sts-0_20250707_214550_629736.csv,True,False,False,1751924994.1864777,273150.03204345703
3989,1751924721.036667,1751924750.4881876,batch_consumer-sts-0_20250707_214550_629736.csv,True,False,False,1751924994.1864777,273149.81055259705
3999,1751924721.0368905,1751924750.5153563,batch_consumer-sts-0_20250707_214550_629736.csv,True,False,False,1751924994.1864777,273149.5871543884
4009,1751924721.0371175,1751924750.5434809,batch_consumer-sts-0_20250707_214550_629736.csv,True,False,False,1751924994.1864777,273149.3601799011
4019,1751924721.0373456,1751924750.573565,batch_consumer-sts-0_20250707_214550_629736.csv,True,False,False,1751924994.1864777,273149.1320133209
4029,1751924721.037577,1751924750.6014974,batch_consumer-sts-0_20250707_214550_629736.csv,True,False,False,1751924994.1864777,273148.9007472992
4039,1751924721.0378058,1751924750.8687563,batch_consumer-sts-0_20250707_214555_845608.csv,True,False,False,1751924994.1864777,273148.67186546326
4049,1751924721.038033,1751924750.8971555,batch_consumer-sts-0_20250707_214555_845608.csv,True,False,False,1751924994.1864777,273148.4446525574
4059,1751924721.0382676,1751924750.9260032,batch_consumer-sts-0_20250707_214555_845608.csv,True,False,False,1751924994.1864777,273148.21004867554
4069,1751924721.0384843,1751924750.9540975,batch_consumer-sts-0_20250707_214555_845608.csv,True,False,False,1751924994.1864777,273147.99332618713
4079,1751924721.0387084,1751924750.98237,batch_consumer-sts-0_20250707_214555_845608.csv,True,False,False,1751924994.1864777,273147.7692127228
4089,1751924721.0389345,1751924751.0098293,batch_consumer-sts-0_20250707_214555_845608.csv,True,False,False,1751924994.1864777,273147.5431919098
4099,1751924721.0391686,1751924751.037431,batch_consumer-sts-0_20250707_214555_845608.csv,True,False,False,1751924994.1864777,273147.3090648651
4109,1751924721.0393991,1751924751.0653255,batch_consumer-sts-0_20250707_214555_845608.csv,True,False,False,1751924994.1864777,273147.0785140991
4119,1751924721.0396273,1751924751.0922096,batch_consumer-sts-0_20250707_214555_845608.csv,True,False,False,1751924994.1864777,273146.8503475189
4129,1751924721.0398495,1751924751.119853,batch_consumer-sts-0_20250707_214555_845608.csv,True,False,False,1751924994.1864777,273146.6281414032
4139,1751924721.0400927,1751924751.147514,batch_consumer-sts-0_20250707_214555_845608.csv,True,False,False,1751924994.1864777,273146.3849544525
4149,1751924721.040335,1751924751.1754444,batch_consumer-sts-0_20250707_214555_845608.csv,True,False,False,1751924994.1864777,273146.14272117615
4159,1751924721.040578,1751924751.203873,batch_consumer-sts-0_20250707_214555_845608.csv,True,False,False,1751924994.1864777,273145.89977264404
4169,1751924721.0408068,1751924751.236729,batch_consumer-sts-0_20250707_214555_845608.csv,True,False,False,1751924994.1864777,273145.6708908081
4179,1751924721.0410347,1751924751.264439,batch_consumer-sts-0_20250707_214555_845608.csv,True,False,False,1751924994.1864777,273145.4429626465
4189,1751924721.04126,1751924751.292406,batch_consumer-sts-0_20250707_214555_845608.csv,True,False,False,1751924994.1864777,273145.21765708923
4199,1751924721.0414832,1751924751.3194823,batch_consumer-sts-0_20250707_214555_845608.csv,True,False,False,1751924994.1864777,273144.9944972992
4209,1751924721.0417116,1751924751.347119,batch_consumer-sts-0_20250707_214555_845608.csv,True,False,False,1751924994.1864777,273144.7660923004
4219,1751924721.0419323,1751924751.3741152,batch_consumer-sts-0_20250707_214555_845608.csv,True,False,False,1751924994.1864777,273144.54531669617
4229,1751924721.0421636,1751924751.400981,batch_consumer-sts-0_20250707_214555_845608.csv,True,False,False,1751924994.1864777,273144.31405067444
4239,1751924721.0423863,1751924751.429284,batch_consumer-sts-0_20250707_214555_845608.csv,True,False,False,1751924994.1864777,273144.09136772156
4249,1751924721.0426145,1751924751.4576943,batch_consumer-sts-0_20250707_214555_845608.csv,True,False,False,1751924994.1864777,273143.86320114136
4259,1751924721.0428448,1751924751.48586,batch_consumer-sts-0_20250707_214555_845608.csv,True,False,False,1751924994.1864777,273143.63288879395
4269,1751924721.0430777,1751924751.5134034,batch_consumer-sts-0_20250707_214555_845608.csv,True,False,False,1751924994.1864777,273143.39995384216
4279,1751924721.0433018,1751924751.541814,batch_consumer-sts-0_20250707_214555_845608.csv,True,False,False,1751924994.1864777,273143.1758403778
4289,1751924721.043526,1751924751.7465842,batch_consumer-sts-0_20250707_214555_845608.csv,True,False,False,1751924994.1864777,273142.95172691345
4299,1751924721.0437517,1751924751.775133,batch_consumer-sts-0_20250707_214555_845608.csv,True,False,False,1751924994.1864777,273142.72594451904
4309,1751924721.0439782,1751924751.8029113,batch_consumer-sts-0_20250707_214555_845608.csv,True,False,False,1751924994.1864777,273142.4994468689
4319,1751924721.0441637,1751924752.2608092,batch_consumer-sts-0_20250707_214555_845608.csv,True,False,False,1751924994.1864777,273142.31395721436
4329,1751924721.04435,1751924752.2888532,batch_consumer-sts-0_20250707_214555_845608.csv,True,False,False,1751924994.1864777,273142.1277523041
4339,1751924721.0445328,1751924752.315988,batch_consumer-sts-0_20250707_214555_845608.csv,True,False,False,1751924994.1864777,273141.9448852539
4349,1751924721.0447197,1751924752.344626,batch_consumer-sts-0_20250707_214555_845608.csv,True,False,False,1751924994.1864777,273141.7579650879
4359,1751924721.0449092,1751924752.372174,batch_consumer-sts-0_20250707_214555_845608.csv,True,False,False,1751924994.1864777,273141.5684223175
4369,1751924721.0450978,1751924752.4000905,batch_consumer-sts-0_20250707_214555_845608.csv,True,False,False,1751924994.1864777,273141.37983322144
4379,1751924721.045286,1751924752.4278674,batch_consumer-sts-0_20250707_214555_845608.csv,True,False,False,1751924994.1864777,273141.1917209625
4389,1751924721.0454671,1751924752.4587831,batch_consumer-sts-0_20250707_214555_845608.csv,True,False,False,1751924994.1864777,273141.0105228424
4399,1751924721.0456512,1751924752.4868238,batch_consumer-sts-0_20250707_214555_845608.csv,True,False,False,1751924994.1864777,273140.82646369934
4409,1751924721.0458312,1751924752.5140758,batch_consumer-sts-0_20250707_214555_845608.csv,True,False,False,1751924994.1864777,273140.6464576721
4419,1751924721.0460207,1751924752.5418892,batch_consumer-sts-0_20250707_214555_845608.csv,True,False,False,1751924994.1864777,273140.45691490173
4429,1751924721.046237,1751924752.5700753,batch_consumer-sts-0_20250707_214555_845608.csv,True,False,False,1751924994.1864777,273140.2406692505
4439,1751924721.046463,1751924753.5996103,batch_consumer-sts-0_20250707_214555_845608.csv,True,False,False,1751924994.1864777,273140.0146484375
4449,1751924721.0466857,1751924753.6277106,batch_consumer-sts-0_20250707_214555_845608.csv,True,False,False,1751924994.1864777,273139.7919654846
4459,1751924721.046913,1751924753.655662,batch_consumer-sts-0_20250707_214555_845608.csv,True,False,False,1751924994.1864777,273139.56475257874
4469,1751924721.047133,1751924753.6834989,batch_consumer-sts-0_20250707_214555_845608.csv,True,False,False,1751924994.1864777,273139.3446922302
4479,1751924721.0473557,1751924753.710838,batch_consumer-sts-0_20250707_214555_845608.csv,True,False,False,1751924994.1864777,273139.12200927734
4489,1751924721.0475824,1751924753.738064,batch_consumer-sts-0_20250707_214555_845608.csv,True,False,False,1751924994.1864777,273138.8952732086
4499,1751924721.0478077,1751924753.7665794,batch_consumer-sts-0_20250707_214555_845608.csv,True,False,False,1751924994.1864777,273138.66996765137
4509,1751924721.0480332,1751924753.793732,batch_consumer-sts-0_20250707_214555_845608.csv,True,False,False,1751924994.1864777,273138.44442367554
4519,1751924721.0482602,1751924753.8204298,batch_consumer-sts-0_20250707_214555_845608.csv,True,False,False,1751924994.1864777,273138.21744918823
4529,1751924721.0484796,1751924753.8477676,batch_consumer-sts-0_20250707_214555_845608.csv,True,False,False,1751924994.1864777,273137.99810409546
4539,1751924721.0486956,1751924753.8749611,batch_consumer-sts-0_20250707_214555_845608.csv,True,False,False,1751924994.1864777,273137.7820968628
4549,1751924721.0489192,1751924753.9023273,batch_consumer-sts-0_20250707_214555_845608.csv,True,False,False,1751924994.1864777,273137.5584602356
4559,1751924721.04915,1751924753.9296024,batch_consumer-sts-0_20250707_214555_845608.csv,True,False,False,1751924994.1864777,273137.327671051
4569,1751924721.0493815,1751924753.9571288,batch_consumer-sts-0_20250707_214555_845608.csv,True,False,False,1751924994.1864777,273137.0961666107
4579,1751924721.0496018,1751924753.9845722,batch_consumer-sts-0_20250707_214555_845608.csv,True,False,False,1751924994.1864777,273136.8758678436
4589,1751924721.0498278,1751924754.0113857,batch_consumer-sts-0_20250707_214555_845608.csv,True,False,False,1751924994.1864777,273136.64984703064
4599,1751924721.0500553,1751924754.03911,batch_consumer-sts-0_20250707_214555_845608.csv,True,False,False,1751924994.1864777,273136.4223957062
4609,1751924721.0503004,1751924754.0665574,batch_consumer-sts-0_20250707_214555_845608.csv,True,False,False,1751924994.1864777,273136.17730140686
4619,1751924721.050532,1751924754.095812,batch_consumer-sts-0_20250707_214555_845608.csv,True,False,False,1751924994.1864777,273135.945558548
4629,1751924721.0507593,1751924754.1228623,batch_consumer-sts-0_20250707_214555_845608.csv,True,False,False,1751924994.1864777,273135.7183456421
4639,1751924721.050979,1751924754.150371,batch_consumer-sts-0_20250707_214555_845608.csv,True,False,False,1751924994.1864777,273135.49876213074
4649,1751924721.0511985,1751924754.178025,batch_consumer-sts-0_20250707_214555_845608.csv,True,False,False,1751924994.1864777,273135.2791786194
4659,1751924721.0514233,1751924754.2051828,batch_consumer-sts-0_20250707_214555_845608.csv,True,False,False,1751924994.1864777,273135.0543498993
4669,1751924721.051648,1751924754.2326307,batch_consumer-sts-0_20250707_214555_845608.csv,True,False,False,1751924994.1864777,273134.8297595978
4679,1751924721.0518942,1751924754.2604403,batch_consumer-sts-0_20250707_214555_845608.csv,True,False,False,1751924994.1864777,273134.58347320557
4689,1751924721.0521264,1751924754.2887304,batch_consumer-sts-0_20250707_214555_845608.csv,True,False,False,1751924994.1864777,273134.3512535095
4699,1751924721.052349,1751924754.316162,batch_consumer-sts-0_20250707_214555_845608.csv,True,False,False,1751924994.1864777,273134.12857055664
4709,1751924721.0525768,1751924754.3442929,batch_consumer-sts-0_20250707_214555_845608.csv,True,False,False,1751924994.1864777,273133.9008808136
4719,1751924721.0527923,1751924754.370893,batch_consumer-sts-0_20250707_214555_845608.csv,True,False,False,1751924994.1864777,273133.6853504181
4729,1751924721.0530157,1751924754.3985217,batch_consumer-sts-0_20250707_214555_845608.csv,True,False,False,1751924994.1864777,273133.4619522095
4739,1751924721.053247,1751924754.4258604,batch_consumer-sts-0_20250707_214555_845608.csv,True,False,False,1751924994.1864777,273133.23068618774
4749,1751924721.0534651,1751924754.4550192,batch_consumer-sts-0_20250707_214555_845608.csv,True,False,False,1751924994.1864777,273133.01253318787
4759,1751924721.053692,1751924754.4830132,batch_consumer-sts-0_20250707_214555_845608.csv,True,False,False,1751924994.1864777,273132.78555870056
4769,1751924721.053917,1751924754.51053,batch_consumer-sts-0_20250707_214555_845608.csv,True,False,False,1751924994.1864777,273132.56072998047
4779,1751924721.0541434,1751924754.5383823,batch_consumer-sts-0_20250707_214555_845608.csv,True,False,False,1751924994.1864777,273132.3342323303
4789,1751924721.054383,1751924754.5663092,batch_consumer-sts-0_20250707_214555_845608.csv,True,False,False,1751924994.1864777,273132.0946216583
4799,1751924721.0546117,1751924754.5939553,batch_consumer-sts-0_20250707_214555_845608.csv,True,False,False,1751924994.1864777,273131.86597824097
4809,1751924721.0548334,1751924754.6211374,batch_consumer-sts-0_20250707_214555_845608.csv,True,False,False,1751924994.1864777,273131.6442489624
4819,1751924721.0550575,1751924755.2229395,batch_consumer-sts-0_20250707_214555_845608.csv,True,False,False,1751924994.1864777,273131.42013549805
4829,1751924721.0552852,1751924755.2511587,batch_consumer-sts-0_20250707_214555_845608.csv,True,False,False,1751924994.1864777,273131.192445755
4839,1751924721.055513,1751924755.279116,batch_consumer-sts-0_20250707_214555_845608.csv,True,False,False,1751924994.1864777,273130.96475601196
4849,1751924721.0557315,1751924755.3075397,batch_consumer-sts-0_20250707_214555_845608.csv,True,False,False,1751924994.1864777,273130.7461261749
4859,1751924721.0559776,1751924755.3363006,batch_consumer-sts-0_20250707_214555_845608.csv,True,False,False,1751924994.1864777,273130.5000782013
4869,1751924721.0562072,1751924755.3626409,batch_consumer-sts-0_20250707_214555_845608.csv,True,False,False,1751924994.1864777,273130.2704811096
4879,1751924721.0564332,1751924755.3908908,batch_consumer-sts-0_20250707_214555_845608.csv,True,False,False,1751924994.1864777,273130.04446029663
4889,1751924721.0566533,1751924755.4184444,batch_consumer-sts-0_20250707_214555_845608.csv,True,False,False,1751924994.1864777,273129.8243999481
4899,1751924721.056882,1751924755.446665,batch_consumer-sts-0_20250707_214555_845608.csv,True,False,False,1751924994.1864777,273129.59575653076
4909,1751924721.0571113,1751924755.4771168,batch_consumer-sts-0_20250707_214555_845608.csv,True,False,False,1751924994.1864777,273129.36639785767
4919,1751924721.0573332,1751924755.5045707,batch_consumer-sts-0_20250707_214555_845608.csv,True,False,False,1751924994.1864777,273129.1444301605
4929,1751924721.0575612,1751924755.5323565,batch_consumer-sts-0_20250707_214555_845608.csv,True,False,False,1751924994.1864777,273128.9165019989
4939,1751924721.0577843,1751924755.5647266,batch_consumer-sts-0_20250707_214555_845608.csv,True,False,False,1751924994.1864777,273128.69334220886
4949,1751924721.058009,1751924755.593204,batch_consumer-sts-0_20250707_214555_845608.csv,True,False,False,1751924994.1864777,273128.46875190735
4959,1751924721.058238,1751924755.6193318,batch_consumer-sts-0_20250707_214555_845608.csv,True,False,False,1751924994.1864777,273128.23963165283
4969,1751924721.0584607,1751924755.6474998,batch_consumer-sts-0_20250707_214555_845608.csv,True,False,False,1751924994.1864777,273128.01694869995
4979,1751924721.0586913,1751924755.6793132,batch_consumer-sts-0_20250707_214555_845608.csv,True,False,False,1751924994.1864777,273127.78639793396
4989,1751924721.0589168,1751924755.7075262,batch_consumer-sts-0_20250707_214555_845608.csv,True,False,False,1751924994.1864777,273127.56085395813
4999,1751924721.0591457,1751924755.7352536,batch_consumer-sts-0_20250707_214555_845608.csv,True,False,False,1751924994.1864777,273127.3319721222
5009,1751924721.0593686,1751924755.7629106,batch_consumer-sts-0_20250707_214555_845608.csv,True,False,False,1751924994.1864777,273127.10905075073
5019,1751924721.0595975,1751924755.7909274,batch_consumer-sts-0_20250707_214555_845608.csv,True,False,False,1751924994.1864777,273126.8801689148
5029,1751924721.0597785,1751924755.8181922,batch_consumer-sts-0_20250707_214555_845608.csv,True,False,False,1751924994.1864777,273126.69920921326
5039,1751924721.0599575,1751924756.107902,batch_consumer-sts-0_20250707_214601_189466.csv,True,False,False,1751924994.1864777,273126.52015686035
5049,1751924721.060142,1751924756.1358483,batch_consumer-sts-0_20250707_214601_189466.csv,True,False,False,1751924994.1864777,273126.3356208801
5059,1751924721.0603287,1751924756.163622,batch_consumer-sts-0_20250707_214601_189466.csv,True,False,False,1751924994.1864777,273126.1489391327
5069,1751924721.060512,1751924756.191571,batch_consumer-sts-0_20250707_214601_189466.csv,True,False,False,1751924994.1864777,273125.96559524536
5079,1751924721.0606928,1751924756.2186377,batch_consumer-sts-0_20250707_214601_189466.csv,True,False,False,1751924994.1864777,273125.7848739624
5089,1751924721.060872,1751924756.247965,batch_consumer-sts-0_20250707_214601_189466.csv,True,False,False,1751924994.1864777,273125.6055831909
5099,1751924721.0610807,1751924756.2763171,batch_consumer-sts-0_20250707_214601_189466.csv,True,False,False,1751924994.1864777,273125.3969669342
5109,1751924721.0612876,1751924756.3041048,batch_consumer-sts-0_20250707_214601_189466.csv,True,False,False,1751924994.1864777,273125.19001960754
5119,1751924721.0615368,1751924756.3319116,batch_consumer-sts-0_20250707_214601_189466.csv,True,False,False,1751924994.1864777,273124.9408721924
5129,1751924721.061771,1751924756.359713,batch_consumer-sts-0_20250707_214601_189466.csv,True,False,False,1751924994.1864777,273124.7067451477
5139,1751924721.061998,1751924756.387854,batch_consumer-sts-0_20250707_214601_189466.csv,True,False,False,1751924994.1864777,273124.4797706604
5149,1751924721.062235,1751924756.4153252,batch_consumer-sts-0_20250707_214601_189466.csv,True,False,False,1751924994.1864777,273124.2425441742
5159,1751924721.062456,1751924756.443242,batch_consumer-sts-0_20250707_214601_189466.csv,True,False,False,1751924994.1864777,273124.02176856995
5169,1751924721.062672,1751924756.4709349,batch_consumer-sts-0_20250707_214601_189466.csv,True,False,False,1751924994.1864777,273123.8057613373
5179,1751924721.0628903,1751924756.4983406,batch_consumer-sts-0_20250707_214601_189466.csv,True,False,False,1751924994.1864777,273123.5873699188
5189,1751924721.0631094,1751924756.525907,batch_consumer-sts-0_20250707_214601_189466.csv,True,False,False,1751924994.1864777,273123.3682632446
5199,1751924721.063334,1751924756.5535305,batch_consumer-sts-0_20250707_214601_189466.csv,True,False,False,1751924994.1864777,273123.1436729431
5209,1751924721.063553,1751924756.5808809,batch_consumer-sts-0_20250707_214601_189466.csv,True,False,False,1751924994.1864777,273122.9245662689
5219,1751924721.0637777,1751924756.6075804,batch_consumer-sts-0_20250707_214601_189466.csv,True,False,False,1751924994.1864777,273122.6999759674
5229,1751924721.0640016,1751924756.634831,batch_consumer-sts-0_20250707_214601_189466.csv,True,False,False,1751924994.1864777,273122.47610092163
5239,1751924721.064223,1751924756.6626828,batch_consumer-sts-0_20250707_214601_189466.csv,True,False,False,1751924994.1864777,273122.25461006165
5249,1751924721.064444,1751924756.9877834,batch_consumer-sts-0_20250707_214601_189466.csv,True,False,False,1751924994.1864777,273122.0335960388
5259,1751924721.0646665,1751924757.015074,batch_consumer-sts-0_20250707_214601_189466.csv,True,False,False,1751924994.1864777,273121.8111515045
5269,1751924721.0648956,1751924757.3342264,batch_consumer-sts-0_20250707_214601_189466.csv,True,False,False,1751924994.1864777,273121.58203125
5279,1751924721.0651162,1751924757.363163,batch_consumer-sts-0_20250707_214601_189466.csv,True,False,False,1751924994.1864777,273121.36149406433
5289,1751924721.065339,1751924757.3915749,batch_consumer-sts-0_20250707_214601_189466.csv,True,False,False,1751924994.1864777,273121.1385726929
5299,1751924721.0655684,1751924757.4191694,batch_consumer-sts-0_20250707_214601_189466.csv,True,False,False,1751924994.1864777,273120.9092140198
5309,1751924721.0657868,1751924757.4472752,batch_consumer-sts-0_20250707_214601_189466.csv,True,False,False,1751924994.1864777,273120.6908226013
5319,1751924721.066012,1751924757.4760897,batch_consumer-sts-0_20250707_214601_189466.csv,True,False,False,1751924994.1864777,273120.46575546265
5329,1751924721.0662389,1751924757.5037763,batch_consumer-sts-0_20250707_214601_189466.csv,True,False,False,1751924994.1864777,273120.23878097534
5339,1751924721.0664506,1751924757.5316565,batch_consumer-sts-0_20250707_214601_189466.csv,True,False,False,1751924994.1864777,273120.0270652771
5349,1751924721.0666678,1751924757.5594776,batch_consumer-sts-0_20250707_214601_189466.csv,True,False,False,1751924994.1864777,273119.80986595154
5359,1751924721.0668893,1751924757.5879147,batch_consumer-sts-0_20250707_214601_189466.csv,True,False,False,1751924994.1864777,273119.58837509155
5369,1751924721.0671089,1751924757.6165075,batch_consumer-sts-0_20250707_214601_189466.csv,True,False,False,1751924994.1864777,273119.3687915802
5379,1751924721.0673552,1751924757.6442547,batch_consumer-sts-0_20250707_214601_189466.csv,True,False,False,1751924994.1864777,273119.122505188
5389,1751924721.067572,1751924757.6731105,batch_consumer-sts-0_20250707_214601_189466.csv,True,False,False,1751924994.1864777,273118.905544281
5399,1751924721.0677922,1751924757.700844,batch_consumer-sts-0_20250707_214601_189466.csv,True,False,False,1751924994.1864777,273118.6854839325
5409,1751924721.0680113,1751924757.7285707,batch_consumer-sts-0_20250707_214601_189466.csv,True,False,False,1751924994.1864777,273118.4663772583
5419,1751924721.0682364,1751924757.75637,batch_consumer-sts-0_20250707_214601_189466.csv,True,False,False,1751924994.1864777,273118.2413101196
5429,1751924721.068455,1751924757.7849312,batch_consumer-sts-0_20250707_214601_189466.csv,True,False,False,1751924994.1864777,273118.0226802826
5439,1751924721.0686777,1751924758.814631,batch_consumer-sts-0_20250707_214601_189466.csv,True,False,False,1751924994.1864777,273117.7999973297
5449,1751924721.0689042,1751924758.8708851,batch_consumer-sts-0_20250707_214601_189466.csv,True,False,False,1751924994.1864777,273117.57349967957
5459,1751924721.0691214,1751924758.8998022,batch_consumer-sts-0_20250707_214601_189466.csv,True,False,False,1751924994.1864777,273117.356300354
5469,1751924721.069347,1751924758.9280949,batch_consumer-sts-0_20250707_214601_189466.csv,True,False,False,1751924994.1864777,273117.1307563782
5479,1751924721.0695655,1751924758.9564617,batch_consumer-sts-0_20250707_214601_189466.csv,True,False,False,1751924994.1864777,273116.91212654114
5489,1751924721.0697894,1751924758.9848487,batch_consumer-sts-0_20250707_214601_189466.csv,True,False,False,1751924994.1864777,273116.68825149536
5499,1751924721.0700138,1751924759.0123515,batch_consumer-sts-0_20250707_214601_189466.csv,True,False,False,1751924994.1864777,273116.4638996124
5509,1751924721.0702417,1751924759.043348,batch_consumer-sts-0_20250707_214601_189466.csv,True,False,False,1751924994.1864777,273116.2359714508
5519,1751924721.070461,1751924759.0714748,batch_consumer-sts-0_20250707_214601_189466.csv,True,False,False,1751924994.1864777,273116.01662635803
5529,1751924721.0706773,1751924759.0994267,batch_consumer-sts-0_20250707_214601_189466.csv,True,False,False,1751924994.1864777,273115.8003807068
5539,1751924721.0708983,1751924759.127172,batch_consumer-sts-0_20250707_214601_189466.csv,True,False,False,1751924994.1864777,273115.57936668396
5549,1751924721.0711243,1751924759.1552217,batch_consumer-sts-0_20250707_214601_189466.csv,True,False,False,1751924994.1864777,273115.353345871
5559,1751924721.0713503,1751924759.187709,batch_consumer-sts-0_20250707_214601_189466.csv,True,False,False,1751924994.1864777,273115.127325058
5569,1751924721.0715816,1751924759.2148778,batch_consumer-sts-0_20250707_214601_189466.csv,True,False,False,1751924994.1864777,273114.89605903625
5579,1751924721.071844,1751924759.242868,batch_consumer-sts-0_20250707_214601_189466.csv,True,False,False,1751924994.1864777,273114.63356018066
5589,1751924721.0720654,1751924759.2705588,batch_consumer-sts-0_20250707_214601_189466.csv,True,False,False,1751924994.1864777,273114.41230773926
5599,1751924721.0722935,1751924759.2982278,batch_consumer-sts-0_20250707_214601_189466.csv,True,False,False,1751924994.1864777,273114.18414115906
5609,1751924721.0725336,1751924759.4611778,batch_consumer-sts-0_20250707_214601_189466.csv,True,False,False,1751924994.1864777,273113.9440536499
5619,1751924721.0727806,1751924759.4890597,batch_consumer-sts-0_20250707_214601_189466.csv,True,False,False,1751924994.1864777,273113.69705200195
5629,1751924721.0730257,1751924759.5165205,batch_consumer-sts-0_20250707_214601_189466.csv,True,False,False,1751924994.1864777,273113.45195770264
5639,1751924721.073266,1751924759.544567,batch_consumer-sts-0_20250707_214601_189466.csv,True,False,False,1751924994.1864777,273113.2116317749
5649,1751924721.0735085,1751924759.5725317,batch_consumer-sts-0_20250707_214601_189466.csv,True,False,False,1751924994.1864777,273112.96916007996
5659,1751924721.073741,1751924759.600499,batch_consumer-sts-0_20250707_214601_189466.csv,True,False,False,1751924994.1864777,273112.73670196533
5669,1751924721.0739925,1751924759.6283767,batch_consumer-sts-0_20250707_214601_189466.csv,True,False,False,1751924994.1864777,273112.4851703644
5679,1751924721.0742123,1751924759.656249,batch_consumer-sts-0_20250707_214601_189466.csv,True,False,False,1751924994.1864777,273112.26534843445
5689,1751924721.07445,1751924759.6860292,batch_consumer-sts-0_20250707_214601_189466.csv,True,False,False,1751924994.1864777,273112.0276451111
5699,1751924721.0746903,1751924759.7131884,batch_consumer-sts-0_20250707_214601_189466.csv,True,False,False,1751924994.1864777,273111.78731918335
5709,1751924721.074913,1751924759.7416358,batch_consumer-sts-0_20250707_214601_189466.csv,True,False,False,1751924994.1864777,273111.56463623047
5719,1751924721.075148,1751924760.2859936,batch_consumer-sts-0_20250707_214601_189466.csv,True,False,False,1751924994.1864777,273111.3295555115
5729,1751924721.0754066,1751924760.3133714,batch_consumer-sts-0_20250707_214601_189466.csv,True,False,False,1751924994.1864777,273111.0711097717
5739,1751924721.0756128,1751924760.3419316,batch_consumer-sts-0_20250707_214601_189466.csv,True,False,False,1751924994.1864777,273110.8648777008
5749,1751924721.0758169,1751924760.3701413,batch_consumer-sts-0_20250707_214601_189466.csv,True,False,False,1751924994.1864777,273110.6607913971
5759,1751924721.0760078,1751924760.3974853,batch_consumer-sts-0_20250707_214601_189466.csv,True,False,False,1751924994.1864777,273110.46981811523
5769,1751924721.076229,1751924760.4258373,batch_consumer-sts-0_20250707_214601_189466.csv,True,False,False,1751924994.1864777,273110.2485656738
5779,1751924721.076474,1751924760.454786,batch_consumer-sts-0_20250707_214601_189466.csv,True,False,False,1751924994.1864777,273110.0037097931
5789,1751924721.076701,1751924760.4834156,batch_consumer-sts-0_20250707_214601_189466.csv,True,False,False,1751924994.1864777,273109.7767353058
5799,1751924721.0769398,1751924760.5112803,batch_consumer-sts-0_20250707_214601_189466.csv,True,False,False,1751924994.1864777,273109.5378398895
5809,1751924721.0771716,1751924760.5393865,batch_consumer-sts-0_20250707_214601_189466.csv,True,False,False,1751924994.1864777,273109.30609703064
5819,1751924721.0774107,1751924760.567757,batch_consumer-sts-0_20250707_214601_189466.csv,True,False,False,1751924994.1864777,273109.0669631958
5829,1751924721.077655,1751924760.596277,batch_consumer-sts-0_20250707_214601_189466.csv,True,False,False,1751924994.1864777,273108.8225841522
5839,1751924721.077894,1751924760.6246028,batch_consumer-sts-0_20250707_214601_189466.csv,True,False,False,1751924994.1864777,273108.58368873596
5849,1751924721.0781312,1751924760.6521451,batch_consumer-sts-0_20250707_214601_189466.csv,True,False,False,1751924994.1864777,273108.34646224976
5859,1751924721.0783908,1751924760.6800723,batch_consumer-sts-0_20250707_214601_189466.csv,True,False,False,1751924994.1864777,273108.0868244171
5869,1751924721.0786211,1751924760.707852,batch_consumer-sts-0_20250707_214601_189466.csv,True,False,False,1751924994.1864777,273107.8565120697
5879,1751924721.0788548,1751924760.7361135,batch_consumer-sts-0_20250707_214601_189466.csv,True,False,False,1751924994.1864777,273107.6228618622
5889,1751924721.0790904,1751924760.7640283,batch_consumer-sts-0_20250707_214601_189466.csv,True,False,False,1751924994.1864777,273107.38730430603
5899,1751924721.0793216,1751924760.7917137,batch_consumer-sts-0_20250707_214601_189466.csv,True,False,False,1751924994.1864777,273107.1560382843
5909,1751924721.0795436,1751924760.818617,batch_consumer-sts-0_20250707_214601_189466.csv,True,False,False,1751924994.1864777,273106.93407058716
5919,1751924721.079769,1751924760.8472028,batch_consumer-sts-0_20250707_214601_189466.csv,True,False,False,1751924994.1864777,273106.7087650299
5929,1751924721.079995,1751924760.8750184,batch_consumer-sts-0_20250707_214601_189466.csv,True,False,False,1751924994.1864777,273106.4827442169
5939,1751924721.080221,1751924760.9032478,batch_consumer-sts-0_20250707_214601_189466.csv,True,False,False,1751924994.1864777,273106.25672340393
5949,1751924721.0804577,1751924760.9306335,batch_consumer-sts-0_20250707_214601_189466.csv,True,False,False,1751924994.1864777,273106.0199737549
5959,1751924721.0806854,1751924760.966491,batch_consumer-sts-0_20250707_214601_189466.csv,True,False,False,1751924994.1864777,273105.79228401184
5969,1751924721.0809083,1751924760.9941857,batch_consumer-sts-0_20250707_214601_189466.csv,True,False,False,1751924994.1864777,273105.5693626404
5979,1751924721.0811338,1751924761.0211396,batch_consumer-sts-0_20250707_214601_189466.csv,True,False,False,1751924994.1864777,273105.34381866455
5989,1751924721.0813568,1751924761.0499697,batch_consumer-sts-0_20250707_214601_189466.csv,True,False,False,1751924994.1864777,273105.1208972931
5999,1751924721.081584,1751924761.0775106,batch_consumer-sts-0_20250707_214601_189466.csv,True,False,False,1751924994.1864777,273104.8936843872
6009,1751924721.0818126,1751924761.105333,batch_consumer-sts-0_20250707_214601_189466.csv,True,False,False,1751924994.1864777,273104.66504096985
6019,1751924721.08204,1751924761.1330302,batch_consumer-sts-0_20250707_214601_189466.csv,True,False,False,1751924994.1864777,273104.4375896454
6029,1751924721.0822835,1751924761.1606157,batch_consumer-sts-0_20250707_214601_189466.csv,True,False,False,1751924994.1864777,273104.1941642761
6039,1751924721.0825088,1751924761.4388268,batch_consumer-sts-0_20250707_214605_663215.csv,True,False,False,1751924994.1864777,273103.9688587189
6049,1751924721.0827413,1751924761.4676704,batch_consumer-sts-0_20250707_214605_663215.csv,True,False,False,1751924994.1864777,273103.73640060425
6059,1751924721.082972,1751924761.4954364,batch_consumer-sts-0_20250707_214605_663215.csv,True,False,False,1751924994.1864777,273103.5056114197
6069,1751924721.083215,1751924761.523169,batch_consumer-sts-0_20250707_214605_663215.csv,True,False,False,1751924994.1864777,273103.2626628876
6079,1751924721.0834382,1751924761.5511324,batch_consumer-sts-0_20250707_214605_663215.csv,True,False,False,1751924994.1864777,273103.03950309753
6089,1751924721.0836654,1751924761.5779562,batch_consumer-sts-0_20250707_214605_663215.csv,True,False,False,1751924994.1864777,273102.81229019165
6099,1751924721.0838945,1751924761.6060967,batch_consumer-sts-0_20250707_214605_663215.csv,True,False,False,1751924994.1864777,273102.58316993713
6109,1751924721.084123,1751924761.6342185,batch_consumer-sts-0_20250707_214605_663215.csv,True,False,False,1751924994.1864777,273102.35476493835
6119,1751924721.0843492,1751924761.6626737,batch_consumer-sts-0_20250707_214605_663215.csv,True,False,False,1751924994.1864777,273102.1285057068
6129,1751924721.0845742,1751924761.6908882,batch_consumer-sts-0_20250707_214605_663215.csv,True,False,False,1751924994.1864777,273101.9034385681
6139,1751924721.0848093,1751924761.7183263,batch_consumer-sts-0_20250707_214605_663215.csv,True,False,False,1751924994.1864777,273101.6683578491
6149,1751924721.0850406,1751924761.7466617,batch_consumer-sts-0_20250707_214605_663215.csv,True,False,False,1751924994.1864777,273101.4370918274
6159,1751924721.0852642,1751924761.7746265,batch_consumer-sts-0_20250707_214605_663215.csv,True,False,False,1751924994.1864777,273101.2134552002
6169,1751924721.085492,1751924761.8022163,batch_consumer-sts-0_20250707_214605_663215.csv,True,False,False,1751924994.1864777,273100.98576545715
6179,1751924721.0857153,1751924761.9072402,batch_consumer-sts-0_20250707_214605_663215.csv,True,False,False,1751924994.1864777,273100.76236724854
6189,1751924721.0859468,1751924761.933939,batch_consumer-sts-0_20250707_214605_663215.csv,True,False,False,1751924994.1864777,273100.5308628082
6199,1751924721.0861804,1751924761.9617534,batch_consumer-sts-0_20250707_214605_663215.csv,True,False,False,1751924994.1864777,273100.2972126007
6209,1751924721.0864155,1751924761.9900427,batch_consumer-sts-0_20250707_214605_663215.csv,True,False,False,1751924994.1864777,273100.0621318817
6219,1751924721.0866404,1751924762.0173357,batch_consumer-sts-0_20250707_214605_663215.csv,True,False,False,1751924994.1864777,273099.8373031616
6229,1751924721.086869,1751924762.0455356,batch_consumer-sts-0_20250707_214605_663215.csv,True,False,False,1751924994.1864777,273099.60865974426
6239,1751924721.0870934,1751924762.0728674,batch_consumer-sts-0_20250707_214605_663215.csv,True,False,False,1751924994.1864777,273099.3843078613
6249,1751924721.0873206,1751924762.100282,batch_consumer-sts-0_20250707_214605_663215.csv,True,False,False,1751924994.1864777,273099.15709495544
6259,1751924721.0875404,1751924762.1277275,batch_consumer-sts-0_20250707_214605_663215.csv,True,False,False,1751924994.1864777,273098.9372730255
6269,1751924721.0877714,1751924762.1630716,batch_consumer-sts-0_20250707_214605_663215.csv,True,False,False,1751924994.1864777,273098.70624542236
6279,1751924721.0879996,1751924762.1996794,batch_consumer-sts-0_20250707_214605_663215.csv,True,False,False,1751924994.1864777,273098.47807884216
6289,1751924721.0882246,1751924762.2269711,batch_consumer-sts-0_20250707_214605_663215.csv,True,False,False,1751924994.1864777,273098.2530117035
6299,1751924721.088448,1751924762.255396,batch_consumer-sts-0_20250707_214605_663215.csv,True,False,False,1751924994.1864777,273098.0296134949
6309,1751924721.088683,1751924762.2831168,batch_consumer-sts-0_20250707_214605_663215.csv,True,False,False,1751924994.1864777,273097.79477119446
6319,1751924721.088905,1751924762.310387,batch_consumer-sts-0_20250707_214605_663215.csv,True,False,False,1751924994.1864777,273097.57256507874
6329,1751924721.0891304,1751924762.3381624,batch_consumer-sts-0_20250707_214605_663215.csv,True,False,False,1751924994.1864777,273097.3472595215
6339,1751924721.089358,1751924762.3648934,batch_consumer-sts-0_20250707_214605_663215.csv,True,False,False,1751924994.1864777,273097.11956977844
6349,1751924721.0895824,1751924762.392831,batch_consumer-sts-0_20250707_214605_663215.csv,True,False,False,1751924994.1864777,273096.8952178955
6359,1751924721.0898302,1751924762.420122,batch_consumer-sts-0_20250707_214605_663215.csv,True,False,False,1751924994.1864777,273096.6475009918
6369,1751924721.090026,1751924762.4479222,batch_consumer-sts-0_20250707_214605_663215.csv,True,False,False,1751924994.1864777,273096.4517593384
6379,1751924721.0902402,1751924762.475805,batch_consumer-sts-0_20250707_214605_663215.csv,True,False,False,1751924994.1864777,273096.23742103577
6389,1751924721.0904713,1751924762.5039945,batch_consumer-sts-0_20250707_214605_663215.csv,True,False,False,1751924994.1864777,273096.0063934326
6399,1751924721.0907054,1751924762.5327978,batch_consumer-sts-0_20250707_214605_663215.csv,True,False,False,1751924994.1864777,273095.77226638794
6409,1751924721.090945,1751924762.5605838,batch_consumer-sts-0_20250707_214605_663215.csv,True,False,False,1751924994.1864777,273095.53265571594
6419,1751924721.091174,1751924762.5891943,batch_consumer-sts-0_20250707_214605_663215.csv,True,False,False,1751924994.1864777,273095.30377388
6429,1751924721.091406,1751924762.6167858,batch_consumer-sts-0_20250707_214605_663215.csv,True,False,False,1751924994.1864777,273095.07155418396
6439,1751924721.091661,1751924762.645033,batch_consumer-sts-0_20250707_214605_663215.csv,True,False,False,1751924994.1864777,273094.8166847229
6449,1751924721.0918818,1751924762.6736038,batch_consumer-sts-0_20250707_214605_663215.csv,True,False,False,1751924994.1864777,273094.59590911865
6459,1751924721.092112,1751924762.7017703,batch_consumer-sts-0_20250707_214605_663215.csv,True,False,False,1751924994.1864777,273094.36559677124
6469,1751924721.092344,1751924762.729946,batch_consumer-sts-0_20250707_214605_663215.csv,True,False,False,1751924994.1864777,273094.1336154938
6479,1751924721.0925665,1751924762.75843,batch_consumer-sts-0_20250707_214605_663215.csv,True,False,False,1751924994.1864777,273093.9111709595
6489,1751924721.0927937,1751924762.7872496,batch_consumer-sts-0_20250707_214605_663215.csv,True,False,False,1751924994.1864777,273093.6839580536
6499,1751924721.0930264,1751924762.8146544,batch_consumer-sts-0_20250707_214605_663215.csv,True,False,False,1751924994.1864777,273093.4512615204
6509,1751924721.0932522,1751924762.8425894,batch_consumer-sts-0_20250707_214605_663215.csv,True,False,False,1751924994.1864777,273093.225479126
6519,1751924721.0934763,1751924762.870596,batch_consumer-sts-0_20250707_214605_663215.csv,True,False,False,1751924994.1864777,273093.0013656616
6529,1751924721.0937011,1751924762.898393,batch_consumer-sts-0_20250707_214605_663215.csv,True,False,False,1751924994.1864777,273092.7765369415
6539,1751924721.093924,1751924762.925944,batch_consumer-sts-0_20250707_214605_663215.csv,True,False,False,1751924994.1864777,273092.55361557007
6549,1751924721.0941603,1751924762.9537067,batch_consumer-sts-0_20250707_214605_663215.csv,True,False,False,1751924994.1864777,273092.3173427582
6559,1751924721.0943902,1751924762.9816148,batch_consumer-sts-0_20250707_214605_663215.csv,True,False,False,1751924994.1864777,273092.0875072479
6569,1751924721.0946138,1751924763.0322466,batch_consumer-sts-0_20250707_214605_663215.csv,True,False,False,1751924994.1864777,273091.8638706207
6579,1751924721.0948417,1751924763.0599618,batch_consumer-sts-0_20250707_214605_663215.csv,True,False,False,1751924994.1864777,273091.6359424591
6589,1751924721.095076,1751924763.0879314,batch_consumer-sts-0_20250707_214605_663215.csv,True,False,False,1751924994.1864777,273091.40157699585
6599,1751924721.0952992,1751924763.1149714,batch_consumer-sts-0_20250707_214605_663215.csv,True,False,False,1751924994.1864777,273091.1784172058
6609,1751924721.095523,1751924763.142005,batch_consumer-sts-0_20250707_214605_663215.csv,True,False,False,1751924994.1864777,273090.95454216003
6619,1751924721.0957484,1751924763.169697,batch_consumer-sts-0_20250707_214605_663215.csv,True,False,False,1751924994.1864777,273090.7292366028
6629,1751924721.0959716,1751924763.197858,batch_consumer-sts-0_20250707_214605_663215.csv,True,False,False,1751924994.1864777,273090.50607681274
6639,1751924721.0961998,1751924764.2279196,batch_consumer-sts-0_20250707_214605_663215.csv,True,False,False,1751924994.1864777,273090.27791023254
6649,1751924721.0964508,1751924764.2558668,batch_consumer-sts-0_20250707_214605_663215.csv,True,False,False,1751924994.1864777,273090.02685546875
6659,1751924721.0966802,1751924764.2835784,batch_consumer-sts-0_20250707_214605_663215.csv,True,False,False,1751924994.1864777,273089.79749679565
6669,1751924721.096907,1751924764.3113203,batch_consumer-sts-0_20250707_214605_663215.csv,True,False,False,1751924994.1864777,273089.5707607269
6679,1751924721.097128,1751924764.338273,batch_consumer-sts-0_20250707_214605_663215.csv,True,False,False,1751924994.1864777,273089.3497467041
6689,1751924721.0973518,1751924764.366338,batch_consumer-sts-0_20250707_214605_663215.csv,True,False,False,1751924994.1864777,273089.1258716583
6699,1751924721.0975728,1751924764.394312,batch_consumer-sts-0_20250707_214605_663215.csv,True,False,False,1751924994.1864777,273088.9048576355
6709,1751924721.0977974,1751924764.4217968,batch_consumer-sts-0_20250707_214605_663215.csv,True,False,False,1751924994.1864777,273088.680267334
6719,1751924721.098027,1751924764.450021,batch_consumer-sts-0_20250707_214605_663215.csv,True,False,False,1751924994.1864777,273088.4506702423
6729,1751924721.0982614,1751924764.478071,batch_consumer-sts-0_20250707_214605_663215.csv,True,False,False,1751924994.1864777,273088.21630477905
6739,1751924721.0984848,1751924764.5062346,batch_consumer-sts-0_20250707_214605_663215.csv,True,False,False,1751924994.1864777,273087.99290657043
6749,1751924721.0987082,1751924764.533366,batch_consumer-sts-0_20250707_214605_663215.csv,True,False,False,1751924994.1864777,273087.7695083618
6759,1751924721.098935,1751924764.561239,batch_consumer-sts-0_20250707_214605_663215.csv,True,False,False,1751924994.1864777,273087.5427722931
6769,1751924721.0996652,1751924764.5885224,batch_consumer-sts-0_20250707_214605_663215.csv,True,False,False,1751924994.1864777,273086.8124961853
6779,1751924721.0999024,1751924764.6159306,batch_consumer-sts-0_20250707_214605_663215.csv,True,False,False,1751924994.1864777,273086.5752696991
6789,1751924721.100127,1751924764.6437602,batch_consumer-sts-0_20250707_214605_663215.csv,True,False,False,1751924994.1864777,273086.3506793976
6799,1751924721.1003747,1751924764.6723669,batch_consumer-sts-0_20250707_214605_663215.csv,True,False,False,1751924994.1864777,273086.1029624939
6809,1751924721.1006043,1751924764.700574,batch_consumer-sts-0_20250707_214605_663215.csv,True,False,False,1751924994.1864777,273085.8733654022
6819,1751924721.100842,1751924764.7282689,batch_consumer-sts-0_20250707_214605_663215.csv,True,False,False,1751924994.1864777,273085.63566207886
6829,1751924721.1010714,1751924764.7557957,batch_consumer-sts-0_20250707_214605_663215.csv,True,False,False,1751924994.1864777,273085.40630340576
6839,1751924721.1013074,1751924764.785329,batch_consumer-sts-0_20250707_214605_663215.csv,True,False,False,1751924994.1864777,273085.17026901245
6849,1751924721.1015377,1751924764.8125978,batch_consumer-sts-0_20250707_214605_663215.csv,True,False,False,1751924994.1864777,273084.93995666504
6859,1751924721.1017678,1751924764.8401475,batch_consumer-sts-0_20250707_214605_663215.csv,True,False,False,1751924994.1864777,273084.7098827362
6869,1751924721.1020038,1751924764.867993,batch_consumer-sts-0_20250707_214605_663215.csv,True,False,False,1751924994.1864777,273084.4738483429
6879,1751924721.102249,1751924765.216383,batch_consumer-sts-0_20250707_214605_663215.csv,True,False,False,1751924994.1864777,273084.2287540436
6889,1751924721.1024818,1751924765.244363,batch_consumer-sts-0_20250707_214605_663215.csv,True,False,False,1751924994.1864777,273083.9958190918
6899,1751924721.102721,1751924765.2720432,batch_consumer-sts-0_20250707_214605_663215.csv,True,False,False,1751924994.1864777,273083.75668525696
6909,1751924721.1029544,1751924765.2997637,batch_consumer-sts-0_20250707_214605_663215.csv,True,False,False,1751924994.1864777,273083.523273468
6919,1751924721.1031806,1751924765.3276644,batch_consumer-sts-0_20250707_214605_663215.csv,True,False,False,1751924994.1864777,273083.29701423645
6929,1751924721.1034088,1751924765.355498,batch_consumer-sts-0_20250707_214605_663215.csv,True,False,False,1751924994.1864777,273083.06884765625
6939,1751924721.1036372,1751924765.3837953,batch_consumer-sts-0_20250707_214605_663215.csv,True,False,False,1751924994.1864777,273082.84044265747
6949,1751924721.103865,1751924765.411325,batch_consumer-sts-0_20250707_214605_663215.csv,True,False,False,1751924994.1864777,273082.6127529144
6959,1751924721.1040912,1751924765.439692,batch_consumer-sts-0_20250707_214605_663215.csv,True,False,False,1751924994.1864777,273082.38649368286
6969,1751924721.1043231,1751924765.4676342,batch_consumer-sts-0_20250707_214605_663215.csv,True,False,False,1751924994.1864777,273082.1545124054
6979,1751924721.1045468,1751924765.4953132,batch_consumer-sts-0_20250707_214605_663215.csv,True,False,False,1751924994.1864777,273081.9308757782
6989,1751924721.1047814,1751924765.5234685,batch_consumer-sts-0_20250707_214605_663215.csv,True,False,False,1751924994.1864777,273081.69627189636
6999,1751924721.1050143,1751924765.5515213,batch_consumer-sts-0_20250707_214605_663215.csv,True,False,False,1751924994.1864777,273081.4633369446
7009,1751924721.1052065,1751924765.57945,batch_consumer-sts-0_20250707_214605_663215.csv,True,False,False,1751924994.1864777,273081.2711715698
7019,1751924721.1053922,1751924765.6066396,batch_consumer-sts-0_20250707_214605_663215.csv,True,False,False,1751924994.1864777,273081.0854434967
7029,1751924721.105578,1751924765.6345994,batch_consumer-sts-0_20250707_214605_663215.csv,True,False,False,1751924994.1864777,273080.8997154236
7039,1751924721.105762,1751924765.9026885,batch_consumer-sts-0_20250707_214610_931586.csv,True,False,False,1751924994.1864777,273080.7156562805
7049,1751924721.10596,1751924765.9307086,batch_consumer-sts-0_20250707_214610_931586.csv,True,False,False,1751924994.1864777,273080.51776885986
7059,1751924721.1061487,1751924765.9679751,batch_consumer-sts-0_20250707_214610_931586.csv,True,False,False,1751924994.1864777,273080.3289413452
7069,1751924721.106389,1751924765.9966855,batch_consumer-sts-0_20250707_214610_931586.csv,True,False,False,1751924994.1864777,273080.0886154175
7079,1751924721.1066098,1751924766.0245245,batch_consumer-sts-0_20250707_214610_931586.csv,True,False,False,1751924994.1864777,273079.86783981323
7089,1751924721.1068363,1751924766.052547,batch_consumer-sts-0_20250707_214610_931586.csv,True,False,False,1751924994.1864777,273079.6413421631
7099,1751924721.1070735,1751924766.0802984,batch_consumer-sts-0_20250707_214610_931586.csv,True,False,False,1751924994.1864777,273079.4041156769
7109,1751924721.1073031,1751924766.1077423,batch_consumer-sts-0_20250707_214610_931586.csv,True,False,False,1751924994.1864777,273079.1745185852
7119,1751924721.107533,1751924766.135735,batch_consumer-sts-0_20250707_214610_931586.csv,True,False,False,1751924994.1864777,273078.94468307495
7129,1751924721.107761,1751924766.1639926,batch_consumer-sts-0_20250707_214610_931586.csv,True,False,False,1751924994.1864777,273078.71675491333
7139,1751924721.107986,1751924766.1919782,batch_consumer-sts-0_20250707_214610_931586.csv,True,False,False,1751924994.1864777,273078.49168777466
7149,1751924721.1082156,1751924766.2192042,batch_consumer-sts-0_20250707_214610_931586.csv,True,False,False,1751924994.1864777,273078.262090683
7159,1751924721.1084464,1751924766.2476754,batch_consumer-sts-0_20250707_214610_931586.csv,True,False,False,1751924994.1864777,273078.0313014984
7169,1751924721.108673,1751924766.2754364,batch_consumer-sts-0_20250707_214610_931586.csv,True,False,False,1751924994.1864777,273077.8045654297
7179,1751924721.108904,1751924766.3029668,batch_consumer-sts-0_20250707_214610_931586.csv,True,False,False,1751924994.1864777,273077.5737762451
7189,1751924721.109172,1751924766.3332424,batch_consumer-sts-0_20250707_214610_931586.csv,True,False,False,1751924994.1864777,273077.3055553436
7199,1751924721.1094162,1751924766.360801,batch_consumer-sts-0_20250707_214610_931586.csv,True,False,False,1751924994.1864777,273077.0614147186
7209,1751924721.1096616,1751924766.3884523,batch_consumer-sts-0_20250707_214610_931586.csv,True,False,False,1751924994.1864777,273076.81608200073
7219,1751924721.1098907,1751924766.4158351,batch_consumer-sts-0_20250707_214610_931586.csv,True,False,False,1751924994.1864777,273076.5869617462
7229,1751924721.1101303,1751924766.443791,batch_consumer-sts-0_20250707_214610_931586.csv,True,False,False,1751924994.1864777,273076.3473510742
7239,1751924721.1104002,1751924766.4724832,batch_consumer-sts-0_20250707_214610_931586.csv,True,False,False,1751924994.1864777,273076.0774612427
7249,1751924721.1106277,1751924766.5002851,batch_consumer-sts-0_20250707_214610_931586.csv,True,False,False,1751924994.1864777,273075.8500099182
7259,1751924721.1108496,1751924766.5279958,batch_consumer-sts-0_20250707_214610_931586.csv,True,False,False,1751924994.1864777,273075.62804222107
7269,1751924721.1110797,1751924766.5550976,batch_consumer-sts-0_20250707_214610_931586.csv,True,False,False,1751924994.1864777,273075.39796829224
7279,1751924721.1113122,1751924766.5824687,batch_consumer-sts-0_20250707_214610_931586.csv,True,False,False,1751924994.1864777,273075.1655101776
7289,1751924721.1115437,1751924766.6097236,batch_consumer-sts-0_20250707_214610_931586.csv,True,False,False,1751924994.1864777,273074.9340057373
7299,1751924721.1117744,1751924766.6375842,batch_consumer-sts-0_20250707_214610_931586.csv,True,False,False,1751924994.1864777,273074.70321655273
7309,1751924721.112003,1751924766.665482,batch_consumer-sts-0_20250707_214610_931586.csv,True,False,False,1751924994.1864777,273074.4745731354
7319,1751924721.1122289,1751924766.693637,batch_consumer-sts-0_20250707_214610_931586.csv,True,False,False,1751924994.1864777,273074.24879074097
7329,1751924721.1124575,1751924766.7209303,batch_consumer-sts-0_20250707_214610_931586.csv,True,False,False,1751924994.1864777,273074.0201473236
7339,1751924721.1126838,1751924766.7499104,batch_consumer-sts-0_20250707_214610_931586.csv,True,False,False,1751924994.1864777,273073.79388809204
7349,1751924721.112909,1751924766.7776806,batch_consumer-sts-0_20250707_214610_931586.csv,True,False,False,1751924994.1864777,273073.5685825348
7359,1751924721.1131408,1751924766.8050568,batch_consumer-sts-0_20250707_214610_931586.csv,True,False,False,1751924994.1864777,273073.3368396759
7369,1751924721.1133714,1751924766.832693,batch_consumer-sts-0_20250707_214610_931586.csv,True,False,False,1751924994.1864777,273073.1062889099
7379,1751924721.113591,1751924766.8605022,batch_consumer-sts-0_20250707_214610_931586.csv,True,False,False,1751924994.1864777,273072.88670539856
7389,1751924721.1138144,1751924766.8885405,batch_consumer-sts-0_20250707_214610_931586.csv,True,False,False,1751924994.1864777,273072.66330718994
7399,1751924721.1140454,1751924766.9158163,batch_consumer-sts-0_20250707_214610_931586.csv,True,False,False,1751924994.1864777,273072.4322795868
7409,1751924721.1144905,1751924767.408244,batch_consumer-sts-0_20250707_214610_931586.csv,True,False,False,1751924994.1864777,273071.9871520996
7419,1751924721.1147285,1751924767.4360914,batch_consumer-sts-0_20250707_214610_931586.csv,True,False,False,1751924994.1864777,273071.74921035767
7429,1751924721.1149566,1751924767.4638643,batch_consumer-sts-0_20250707_214610_931586.csv,True,False,False,1751924994.1864777,273071.52104377747
7439,1751924721.1151805,1751924767.492028,batch_consumer-sts-0_20250707_214610_931586.csv,True,False,False,1751924994.1864777,273071.2971687317
7449,1751924721.115412,1751924767.5191271,batch_consumer-sts-0_20250707_214610_931586.csv,True,False,False,1751924994.1864777,273071.0656642914
7459,1751924721.1156662,1751924767.546822,batch_consumer-sts-0_20250707_214610_931586.csv,True,False,False,1751924994.1864777,273070.81151008606
7469,1751924721.115896,1751924767.575883,batch_consumer-sts-0_20250707_214610_931586.csv,True,False,False,1751924994.1864777,273070.5816745758
7479,1751924721.1161325,1751924767.6050196,batch_consumer-sts-0_20250707_214610_931586.csv,True,False,False,1751924994.1864777,273070.34516334534
7489,1751924721.116357,1751924767.636355,batch_consumer-sts-0_20250707_214610_931586.csv,True,False,False,1751924994.1864777,273070.1205730438
7499,1751924721.1165826,1751924767.664314,batch_consumer-sts-0_20250707_214610_931586.csv,True,False,False,1751924994.1864777,273069.895029068
7509,1751924721.1168067,1751924767.6946447,batch_consumer-sts-0_20250707_214610_931586.csv,True,False,False,1751924994.1864777,273069.67091560364
7519,1751924721.1170316,1751924767.7770996,batch_consumer-sts-0_20250707_214610_931586.csv,True,False,False,1751924994.1864777,273069.44608688354
7529,1751924721.1172664,1751924767.805391,batch_consumer-sts-0_20250707_214610_931586.csv,True,False,False,1751924994.1864777,273069.21124458313
7539,1751924721.1174955,1751924767.8362155,batch_consumer-sts-0_20250707_214610_931586.csv,True,False,False,1751924994.1864777,273068.9821243286
7549,1751924721.1177237,1751924767.864358,batch_consumer-sts-0_20250707_214610_931586.csv,True,False,False,1751924994.1864777,273068.7539577484
7559,1751924721.1179495,1751924767.8918731,batch_consumer-sts-0_20250707_214610_931586.csv,True,False,False,1751924994.1864777,273068.528175354
7569,1751924721.118183,1751924767.9192123,batch_consumer-sts-0_20250707_214610_931586.csv,True,False,False,1751924994.1864777,273068.29476356506
7579,1751924721.1184142,1751924767.9468286,batch_consumer-sts-0_20250707_214610_931586.csv,True,False,False,1751924994.1864777,273068.06349754333
7589,1751924721.1186483,1751924767.9748096,batch_consumer-sts-0_20250707_214610_931586.csv,True,False,False,1751924994.1864777,273067.82937049866
7599,1751924721.1188743,1751924768.0028627,batch_consumer-sts-0_20250707_214610_931586.csv,True,False,False,1751924994.1864777,273067.60334968567
7609,1751924721.119105,1751924768.0306249,batch_consumer-sts-0_20250707_214610_931586.csv,True,False,False,1751924994.1864777,273067.3725605011
7619,1751924721.119335,1751924768.058654,batch_consumer-sts-0_20250707_214610_931586.csv,True,False,False,1751924994.1864777,273067.14272499084
7629,1751924721.1195605,1751924768.0865586,batch_consumer-sts-0_20250707_214610_931586.csv,True,False,False,1751924994.1864777,273066.917181015
7639,1751924721.11981,1751924768.1139984,batch_consumer-sts-0_20250707_214610_931586.csv,True,False,False,1751924994.1864777,273066.6675567627
7649,1751924721.1199818,1751924768.1428592,batch_consumer-sts-0_20250707_214610_931586.csv,True,False,False,1751924994.1864777,273066.49589538574
7659,1751924721.1201582,1751924768.170745,batch_consumer-sts-0_20250707_214610_931586.csv,True,False,False,1751924994.1864777,273066.3194656372
7669,1751924721.120354,1751924768.1984513,batch_consumer-sts-0_20250707_214610_931586.csv,True,False,False,1751924994.1864777,273066.12372398376
7679,1751924721.1205535,1751924768.2261624,batch_consumer-sts-0_20250707_214610_931586.csv,True,False,False,1751924994.1864777,273065.92416763306
7689,1751924721.1207314,1751924768.2542193,batch_consumer-sts-0_20250707_214610_931586.csv,True,False,False,1751924994.1864777,273065.74630737305
7699,1751924721.1209111,1751924768.2830317,batch_consumer-sts-0_20250707_214610_931586.csv,True,False,False,1751924994.1864777,273065.5665397644
7709,1751924721.121117,1751924768.3103604,batch_consumer-sts-0_20250707_214610_931586.csv,True,False,False,1751924994.1864777,273065.36054611206
7719,1751924721.12131,1751924768.338177,batch_consumer-sts-0_20250707_214610_931586.csv,True,False,False,1751924994.1864777,273065.16766548157
7729,1751924721.1214926,1751924768.366324,batch_consumer-sts-0_20250707_214610_931586.csv,True,False,False,1751924994.1864777,273064.98503685
7739,1751924721.12168,1751924768.3940918,batch_consumer-sts-0_20250707_214610_931586.csv,True,False,False,1751924994.1864777,273064.7976398468
7749,1751924721.1219008,1751924768.4230423,batch_consumer-sts-0_20250707_214610_931586.csv,True,False,False,1751924994.1864777,273064.57686424255
7759,1751924721.1221452,1751924768.450659,batch_consumer-sts-0_20250707_214610_931586.csv,True,False,False,1751924994.1864777,273064.332485199
7769,1751924721.1223817,1751924768.4781592,batch_consumer-sts-0_20250707_214610_931586.csv,True,False,False,1751924994.1864777,273064.0959739685
7779,1751924721.1226082,1751924768.505208,batch_consumer-sts-0_20250707_214610_931586.csv,True,False,False,1751924994.1864777,273063.86947631836
7789,1751924721.122833,1751924768.5319557,batch_consumer-sts-0_20250707_214610_931586.csv,True,False,False,1751924994.1864777,273063.64464759827
7799,1751924721.1230664,1751924768.560017,batch_consumer-sts-0_20250707_214610_931586.csv,True,False,False,1751924994.1864777,273063.4112358093
7809,1751924721.1232872,1751924768.5879753,batch_consumer-sts-0_20250707_214610_931586.csv,True,False,False,1751924994.1864777,273063.1904602051
7819,1751924721.1235228,1751924768.6154668,batch_consumer-sts-0_20250707_214610_931586.csv,True,False,False,1751924994.1864777,273062.9549026489
7829,1751924721.1237514,1751924768.643293,batch_consumer-sts-0_20250707_214610_931586.csv,True,False,False,1751924994.1864777,273062.72625923157
7839,1751924721.1239824,1751924769.6739223,batch_consumer-sts-0_20250707_214610_931586.csv,True,False,False,1751924994.1864777,273062.4952316284
7849,1751924721.1242046,1751924769.702051,batch_consumer-sts-0_20250707_214610_931586.csv,True,False,False,1751924994.1864777,273062.2730255127
7859,1751924721.124437,1751924769.7398012,batch_consumer-sts-0_20250707_214610_931586.csv,True,False,False,1751924994.1864777,273062.0405673981
7869,1751924721.124662,1751924769.7674568,batch_consumer-sts-0_20250707_214610_931586.csv,True,False,False,1751924994.1864777,273061.815738678
7879,1751924721.1248882,1751924769.7950048,batch_consumer-sts-0_20250707_214610_931586.csv,True,False,False,1751924994.1864777,273061.5894794464
7889,1751924721.1251216,1751924769.822292,batch_consumer-sts-0_20250707_214610_931586.csv,True,False,False,1751924994.1864777,273061.35606765747
7899,1751924721.125352,1751924769.8510394,batch_consumer-sts-0_20250707_214610_931586.csv,True,False,False,1751924994.1864777,273061.12575531006
7909,1751924721.125577,1751924769.8790357,batch_consumer-sts-0_20250707_214610_931586.csv,True,False,False,1751924994.1864777,273060.9006881714
7919,1751924721.1258004,1751924769.9058475,batch_consumer-sts-0_20250707_214610_931586.csv,True,False,False,1751924994.1864777,273060.67728996277
7929,1751924721.126035,1751924769.9332995,batch_consumer-sts-0_20250707_214610_931586.csv,True,False,False,1751924994.1864777,273060.44268608093
7939,1751924721.1262674,1751924769.960868,batch_consumer-sts-0_20250707_214610_931586.csv,True,False,False,1751924994.1864777,273060.2102279663
7949,1751924721.1264925,1751924769.989756,batch_consumer-sts-0_20250707_214610_931586.csv,True,False,False,1751924994.1864777,273059.98516082764
7959,1751924721.1267216,1751924770.7095456,batch_consumer-sts-0_20250707_214610_931586.csv,True,False,False,1751924994.1864777,273059.7560405731
7969,1751924721.1269472,1751924770.7372963,batch_consumer-sts-0_20250707_214610_931586.csv,True,False,False,1751924994.1864777,273059.5304965973
7979,1751924721.1271656,1751924770.7642574,batch_consumer-sts-0_20250707_214610_931586.csv,True,False,False,1751924994.1864777,273059.31210517883
7989,1751924721.127396,1751924770.7920628,batch_consumer-sts-0_20250707_214610_931586.csv,True,False,False,1751924994.1864777,273059.08155441284
7999,1751924721.1276257,1751924770.8195016,batch_consumer-sts-0_20250707_214610_931586.csv,True,False,False,1751924994.1864777,273058.85195732117
8009,1751924721.1278515,1751924770.8471842,batch_consumer-sts-0_20250707_214610_931586.csv,True,False,False,1751924994.1864777,273058.62617492676
8019,1751924721.1280844,1751924770.8762732,batch_consumer-sts-0_20250707_214610_931586.csv,True,False,False,1751924994.1864777,273058.393239975
8029,1751924721.1283104,1751924770.9030852,batch_consumer-sts-0_20250707_214610_931586.csv,True,False,False,1751924994.1864777,273058.167219162
8039,1751924721.1285448,1751924771.140561,batch_consumer-sts-0_20250707_214614_023826.csv,True,False,False,1751924994.1864777,273057.93285369873
8049,1751924721.1287713,1751924771.1682837,batch_consumer-sts-0_20250707_214614_023826.csv,True,False,False,1751924994.1864777,273057.7063560486
8059,1751924721.1290004,1751924771.194944,batch_consumer-sts-0_20250707_214614_023826.csv,True,False,False,1751924994.1864777,273057.47723579407
8069,1751924721.129228,1751924771.222104,batch_consumer-sts-0_20250707_214614_023826.csv,True,False,False,1751924994.1864777,273057.249546051
8079,1751924721.1294525,1751924771.2499657,batch_consumer-sts-0_20250707_214614_023826.csv,True,False,False,1751924994.1864777,273057.0251941681
8089,1751924721.1296773,1751924771.2779572,batch_consumer-sts-0_20250707_214614_023826.csv,True,False,False,1751924994.1864777,273056.800365448
8099,1751924721.129902,1751924771.306199,batch_consumer-sts-0_20250707_214614_023826.csv,True,False,False,1751924994.1864777,273056.5757751465
8109,1751924721.1301332,1751924771.3375306,batch_consumer-sts-0_20250707_214614_023826.csv,True,False,False,1751924994.1864777,273056.34450912476
8119,1751924721.1303768,1751924771.3654006,batch_consumer-sts-0_20250707_214614_023826.csv,True,False,False,1751924994.1864777,273056.1008453369
8129,1751924721.1306028,1751924771.39325,batch_consumer-sts-0_20250707_214614_023826.csv,True,False,False,1751924994.1864777,273055.8748245239
8139,1751924721.1308358,1751924771.4202373,batch_consumer-sts-0_20250707_214614_023826.csv,True,False,False,1751924994.1864777,273055.64188957214
8149,1751924721.1310568,1751924771.448115,batch_consumer-sts-0_20250707_214614_023826.csv,True,False,False,1751924994.1864777,273055.4208755493
8159,1751924721.1313012,1751924771.475783,batch_consumer-sts-0_20250707_214614_023826.csv,True,False,False,1751924994.1864777,273055.17649650574
8169,1751924721.131528,1751924771.50352,batch_consumer-sts-0_20250707_214614_023826.csv,True,False,False,1751924994.1864777,273054.949760437
8179,1751924721.131758,1751924771.5387044,batch_consumer-sts-0_20250707_214614_023826.csv,True,False,False,1751924994.1864777,273054.7196865082
8189,1751924721.1319814,1751924771.568064,batch_consumer-sts-0_20250707_214614_023826.csv,True,False,False,1751924994.1864777,273054.49628829956
8199,1751924721.1322112,1751924771.5964217,batch_consumer-sts-0_20250707_214614_023826.csv,True,False,False,1751924994.1864777,273054.2664527893
8209,1751924721.132437,1751924771.6237934,batch_consumer-sts-0_20250707_214614_023826.csv,True,False,False,1751924994.1864777,273054.0406703949
8219,1751924721.132666,1751924771.651906,batch_consumer-sts-0_20250707_214614_023826.csv,True,False,False,1751924994.1864777,273053.8115501404
8229,1751924721.1328945,1751924771.679953,batch_consumer-sts-0_20250707_214614_023826.csv,True,False,False,1751924994.1864777,273053.5831451416
8239,1751924721.13312,1751924771.7076092,batch_consumer-sts-0_20250707_214614_023826.csv,True,False,False,1751924994.1864777,273053.3576011658
8249,1751924721.133352,1751924771.738519,batch_consumer-sts-0_20250707_214614_023826.csv,True,False,False,1751924994.1864777,273053.1256198883
8259,1751924721.1335776,1751924771.7661605,batch_consumer-sts-0_20250707_214614_023826.csv,True,False,False,1751924994.1864777,273052.9000759125
8269,1751924721.1338043,1751924771.7943137,batch_consumer-sts-0_20250707_214614_023826.csv,True,False,False,1751924994.1864777,273052.67333984375
8279,1751924721.1340263,1751924771.8202186,batch_consumer-sts-0_20250707_214614_023826.csv,True,False,False,1751924994.1864777,273052.4513721466
8289,1751924721.1342585,1751924771.8503742,batch_consumer-sts-0_20250707_214614_023826.csv,True,False,False,1751924994.1864777,273052.21915245056
8299,1751924721.1344793,1751924771.8782496,batch_consumer-sts-0_20250707_214614_023826.csv,True,False,False,1751924994.1864777,273051.9983768463
8309,1751924721.134706,1751924771.9056892,batch_consumer-sts-0_20250707_214614_023826.csv,True,False,False,1751924994.1864777,273051.7716407776
8319,1751924721.134941,1751924771.9330404,batch_consumer-sts-0_20250707_214614_023826.csv,True,False,False,1751924994.1864777,273051.5365600586
8329,1751924721.1351736,1751924771.9609215,batch_consumer-sts-0_20250707_214614_023826.csv,True,False,False,1751924994.1864777,273051.30410194397
8339,1751924721.1353984,1751924771.98915,batch_consumer-sts-0_20250707_214614_023826.csv,True,False,False,1751924994.1864777,273051.0792732239
8349,1751924721.1355965,1751924772.016173,batch_consumer-sts-0_20250707_214614_023826.csv,True,False,False,1751924994.1864777,273050.88114738464
8359,1751924721.1357756,1751924772.0440502,batch_consumer-sts-0_20250707_214614_023826.csv,True,False,False,1751924994.1864777,273050.70209503174
8369,1751924721.1359525,1751924772.1125329,batch_consumer-sts-0_20250707_214614_023826.csv,True,False,False,1751924994.1864777,273050.52518844604
8379,1751924721.1361585,1751924772.1406968,batch_consumer-sts-0_20250707_214614_023826.csv,True,False,False,1751924994.1864777,273050.3191947937
8389,1751924721.136344,1751924772.1822598,batch_consumer-sts-0_20250707_214614_023826.csv,True,False,False,1751924994.1864777,273050.13370513916
8399,1751924721.1365292,1751924772.2095573,batch_consumer-sts-0_20250707_214614_023826.csv,True,False,False,1751924994.1864777,273049.9484539032
8409,1751924721.136715,1751924772.2374854,batch_consumer-sts-0_20250707_214614_023826.csv,True,False,False,1751924994.1864777,273049.7627258301
8419,1751924721.136914,1751924772.2657256,batch_consumer-sts-0_20250707_214614_023826.csv,True,False,False,1751924994.1864777,273049.5636463165
8429,1751924721.1371384,1751924772.2943835,batch_consumer-sts-0_20250707_214614_023826.csv,True,False,False,1751924994.1864777,273049.3392944336
8439,1751924721.1373725,1751924772.3216562,batch_consumer-sts-0_20250707_214614_023826.csv,True,False,False,1751924994.1864777,273049.1051673889
8449,1751924721.137597,1751924772.3500395,batch_consumer-sts-0_20250707_214614_023826.csv,True,False,False,1751924994.1864777,273048.8805770874
8459,1751924721.1378176,1751924772.3783307,batch_consumer-sts-0_20250707_214614_023826.csv,True,False,False,1751924994.1864777,273048.66003990173
8469,1751924721.1380455,1751924772.4084845,batch_consumer-sts-0_20250707_214614_023826.csv,True,False,False,1751924994.1864777,273048.4321117401
8479,1751924721.1382806,1751924772.4361825,batch_consumer-sts-0_20250707_214614_023826.csv,True,False,False,1751924994.1864777,273048.1970310211
8489,1751924721.1385157,1751924772.4637542,batch_consumer-sts-0_20250707_214614_023826.csv,True,False,False,1751924994.1864777,273047.9619503021
8499,1751924721.1387424,1751924772.4916172,batch_consumer-sts-0_20250707_214614_023826.csv,True,False,False,1751924994.1864777,273047.7352142334
8509,1751924721.1389678,1751924772.5186317,batch_consumer-sts-0_20250707_214614_023826.csv,True,False,False,1751924994.1864777,273047.50990867615
8519,1751924721.1391988,1751924772.5465815,batch_consumer-sts-0_20250707_214614_023826.csv,True,False,False,1751924994.1864777,273047.278881073
8529,1751924721.1394224,1751924772.5740008,batch_consumer-sts-0_20250707_214614_023826.csv,True,False,False,1751924994.1864777,273047.0552444458
8539,1751924721.1396475,1751924772.6047676,batch_consumer-sts-0_20250707_214614_023826.csv,True,False,False,1751924994.1864777,273046.8301773071
8549,1751924721.1398754,1751924772.6513677,batch_consumer-sts-0_20250707_214614_023826.csv,True,False,False,1751924994.1864777,273046.6022491455
8559,1751924721.1401024,1751924772.679616,batch_consumer-sts-0_20250707_214614_023826.csv,True,False,False,1751924994.1864777,273046.3752746582
8569,1751924721.1403244,1751924772.7073853,batch_consumer-sts-0_20250707_214614_023826.csv,True,False,False,1751924994.1864777,273046.15330696106
8579,1751924721.1405542,1751924772.7356856,batch_consumer-sts-0_20250707_214614_023826.csv,True,False,False,1751924994.1864777,273045.9234714508
8589,1751924721.1407802,1751924772.763049,batch_consumer-sts-0_20250707_214614_023826.csv,True,False,False,1751924994.1864777,273045.6974506378
8599,1751924721.141008,1751924772.7914631,batch_consumer-sts-0_20250707_214614_023826.csv,True,False,False,1751924994.1864777,273045.4697608948
8609,1751924721.141235,1751924772.8186903,batch_consumer-sts-0_20250707_214614_023826.csv,True,False,False,1751924994.1864777,273045.2425479889
8619,1751924721.1414597,1751924772.846154,batch_consumer-sts-0_20250707_214614_023826.csv,True,False,False,1751924994.1864777,273045.0179576874
8629,1751924721.1417005,1751924772.8735256,batch_consumer-sts-0_20250707_214614_023826.csv,True,False,False,1751924994.1864777,273044.7771549225
8639,1751924721.1419263,1751924772.9012375,batch_consumer-sts-0_20250707_214614_023826.csv,True,False,False,1751924994.1864777,273044.5513725281
8649,1751924721.1421628,1751924772.933467,batch_consumer-sts-0_20250707_214614_023826.csv,True,False,False,1751924994.1864777,273044.3148612976
8659,1751924721.142388,1751924772.9609227,batch_consumer-sts-0_20250707_214614_023826.csv,True,False,False,1751924994.1864777,273044.08955574036
8669,1751924721.1426167,1751924772.9885552,batch_consumer-sts-0_20250707_214614_023826.csv,True,False,False,1751924994.1864777,273043.860912323
8679,1751924721.1428418,1751924773.0155344,batch_consumer-sts-0_20250707_214614_023826.csv,True,False,False,1751924994.1864777,273043.6358451843
8689,1751924721.1430676,1751924773.043532,batch_consumer-sts-0_20250707_214614_023826.csv,True,False,False,1751924994.1864777,273043.4100627899
8699,1751924721.1433034,1751924773.0713782,batch_consumer-sts-0_20250707_214614_023826.csv,True,False,False,1751924994.1864777,273043.1742668152
8709,1751924721.143532,1751924773.0989442,batch_consumer-sts-0_20250707_214614_023826.csv,True,False,False,1751924994.1864777,273042.9456233978
8719,1751924721.1437616,1751924773.1305184,batch_consumer-sts-0_20250707_214614_023826.csv,True,False,False,1751924994.1864777,273042.71602630615
8729,1751924721.1439888,1751924773.1578026,batch_consumer-sts-0_20250707_214614_023826.csv,True,False,False,1751924994.1864777,273042.48881340027
8739,1751924721.1442611,1751924773.1850295,batch_consumer-sts-0_20250707_214614_023826.csv,True,False,False,1751924994.1864777,273042.21653938293
8749,1751924721.1444857,1751924773.212318,batch_consumer-sts-0_20250707_214614_023826.csv,True,False,False,1751924994.1864777,273041.9919490814
8759,1751924721.1447113,1751924773.2416131,batch_consumer-sts-0_20250707_214614_023826.csv,True,False,False,1751924994.1864777,273041.7664051056
8769,1751924721.144938,1751924773.2692957,batch_consumer-sts-0_20250707_214614_023826.csv,True,False,False,1751924994.1864777,273041.53966903687
8779,1751924721.1451666,1751924773.2968109,batch_consumer-sts-0_20250707_214614_023826.csv,True,False,False,1751924994.1864777,273041.3110256195
8789,1751924721.145393,1751924773.3245058,batch_consumer-sts-0_20250707_214614_023826.csv,True,False,False,1751924994.1864777,273041.08476638794
8799,1751924721.1456206,1751924773.352632,batch_consumer-sts-0_20250707_214614_023826.csv,True,False,False,1751924994.1864777,273040.8570766449
8809,1751924721.1458468,1751924773.3801758,batch_consumer-sts-0_20250707_214614_023826.csv,True,False,False,1751924994.1864777,273040.63081741333
8819,1751924721.1460729,1751924773.408745,batch_consumer-sts-0_20250707_214614_023826.csv,True,False,False,1751924994.1864777,273040.40479660034
8829,1751924721.1463034,1751924773.4402862,batch_consumer-sts-0_20250707_214614_023826.csv,True,False,False,1751924994.1864777,273040.17424583435
8839,1751924721.1465266,1751924773.4685464,batch_consumer-sts-0_20250707_214614_023826.csv,True,False,False,1751924994.1864777,273039.9510860443
8849,1751924721.146756,1751924773.4965172,batch_consumer-sts-0_20250707_214614_023826.csv,True,False,False,1751924994.1864777,273039.7217273712
8859,1751924721.1470065,1751924773.5242035,batch_consumer-sts-0_20250707_214614_023826.csv,True,False,False,1751924994.1864777,273039.4711494446
8869,1751924721.1472402,1751924773.5517256,batch_consumer-sts-0_20250707_214614_023826.csv,True,False,False,1751924994.1864777,273039.23749923706
8879,1751924721.1474624,1751924773.579699,batch_consumer-sts-0_20250707_214614_023826.csv,True,False,False,1751924994.1864777,273039.01529312134
8889,1751924721.147695,1751924773.607587,batch_consumer-sts-0_20250707_214614_023826.csv,True,False,False,1751924994.1864777,273038.78259658813
8899,1751924721.147916,1751924773.634981,batch_consumer-sts-0_20250707_214614_023826.csv,True,False,False,1751924994.1864777,273038.5615825653
8909,1751924721.148143,1751924773.6624177,batch_consumer-sts-0_20250707_214614_023826.csv,True,False,False,1751924994.1864777,273038.334608078
8919,1751924721.148367,1751924773.69011,batch_consumer-sts-0_20250707_214614_023826.csv,True,False,False,1751924994.1864777,273038.1107330322
8929,1751924721.148605,1751924773.7172627,batch_consumer-sts-0_20250707_214614_023826.csv,True,False,False,1751924994.1864777,273037.8725528717
8939,1751924721.1488342,1751924773.7451203,batch_consumer-sts-0_20250707_214614_023826.csv,True,False,False,1751924994.1864777,273037.6434326172
8949,1751924721.1490755,1751924773.772385,batch_consumer-sts-0_20250707_214614_023826.csv,True,False,False,1751924994.1864777,273037.40215301514
8959,1751924721.1493084,1751924773.7996068,batch_consumer-sts-0_20250707_214614_023826.csv,True,False,False,1751924994.1864777,273037.16921806335
8969,1751924721.1495523,1751924773.827989,batch_consumer-sts-0_20250707_214614_023826.csv,True,False,False,1751924994.1864777,273036.92531585693
8979,1751924721.1497858,1751924773.8554423,batch_consumer-sts-0_20250707_214614_023826.csv,True,False,False,1751924994.1864777,273036.691904068
8989,1751924721.1500285,1751924773.8835971,batch_consumer-sts-0_20250707_214614_023826.csv,True,False,False,1751924994.1864777,273036.44919395447
8999,1751924721.1503298,1751924773.9106967,batch_consumer-sts-0_20250707_214614_023826.csv,True,False,False,1751924994.1864777,273036.1478328705
9009,1751924721.1505623,1751924773.9385157,batch_consumer-sts-0_20250707_214614_023826.csv,True,False,False,1751924994.1864777,273035.91537475586
9019,1751924721.150808,1751924773.9677217,batch_consumer-sts-0_20250707_214614_023826.csv,True,False,False,1751924994.1864777,273035.6695652008
9029,1751924721.1511211,1751924773.9957602,batch_consumer-sts-0_20250707_214614_023826.csv,True,False,False,1751924994.1864777,273035.35652160645
9039,1751924721.1513984,1751924775.2696686,batch_consumer-sts-0_20250707_214618_368510.csv,True,False,False,1751924994.1864777,273035.07924079895
9049,1751924721.151696,1751924775.3742106,batch_consumer-sts-0_20250707_214618_368510.csv,True,False,False,1751924994.1864777,273034.78169441223
9059,1751924721.1519513,1751924775.4018283,batch_consumer-sts-0_20250707_214618_368510.csv,True,False,False,1751924994.1864777,273034.526348114
9069,1751924721.1521976,1751924775.4298444,batch_consumer-sts-0_20250707_214618_368510.csv,True,False,False,1751924994.1864777,273034.2800617218
9079,1751924721.1524756,1751924775.4576874,batch_consumer-sts-0_20250707_214618_368510.csv,True,False,False,1751924994.1864777,273034.00206565857
9089,1751924721.1527312,1751924775.4859118,batch_consumer-sts-0_20250707_214618_368510.csv,True,False,False,1751924994.1864777,273033.7464809418
9099,1751924721.152959,1751924775.513682,batch_consumer-sts-0_20250707_214618_368510.csv,True,False,False,1751924994.1864777,273033.51855278015
9109,1751924721.1531909,1751924775.541878,batch_consumer-sts-0_20250707_214618_368510.csv,True,False,False,1751924994.1864777,273033.28680992126
9119,1751924721.15342,1751924775.5701923,batch_consumer-sts-0_20250707_214618_368510.csv,True,False,False,1751924994.1864777,273033.05768966675
9129,1751924721.1536517,1751924775.598418,batch_consumer-sts-0_20250707_214618_368510.csv,True,False,False,1751924994.1864777,273032.82594680786
9139,1751924721.153881,1751924775.6283832,batch_consumer-sts-0_20250707_214618_368510.csv,True,False,False,1751924994.1864777,273032.59658813477
9149,1751924721.1541092,1751924775.656618,batch_consumer-sts-0_20250707_214618_368510.csv,True,False,False,1751924994.1864777,273032.36842155457
9159,1751924721.1543505,1751924775.684455,batch_consumer-sts-0_20250707_214618_368510.csv,True,False,False,1751924994.1864777,273032.1271419525
9169,1751924721.1545846,1751924775.711563,batch_consumer-sts-0_20250707_214618_368510.csv,True,False,False,1751924994.1864777,273031.89301490784
9179,1751924721.1549015,1751924775.739711,batch_consumer-sts-0_20250707_214618_368510.csv,True,False,False,1751924994.1864777,273031.5761566162
9189,1751924721.155146,1751924775.7678976,batch_consumer-sts-0_20250707_214618_368510.csv,True,False,False,1751924994.1864777,273031.33177757263
9199,1751924721.155414,1751924775.7954595,batch_consumer-sts-0_20250707_214618_368510.csv,True,False,False,1751924994.1864777,273031.06355667114
9209,1751924721.1556416,1751924775.8221242,batch_consumer-sts-0_20250707_214618_368510.csv,True,False,False,1751924994.1864777,273030.8361053467
9219,1751924721.1559155,1751924775.8497782,batch_consumer-sts-0_20250707_214618_368510.csv,True,False,False,1751924994.1864777,273030.5621623993
9229,1751924721.1562088,1751924775.877011,batch_consumer-sts-0_20250707_214618_368510.csv,True,False,False,1751924994.1864777,273030.268907547
9239,1751924721.156459,1751924775.9063413,batch_consumer-sts-0_20250707_214618_368510.csv,True,False,False,1751924994.1864777,273030.01856803894
9249,1751924721.156681,1751924775.934501,batch_consumer-sts-0_20250707_214618_368510.csv,True,False,False,1751924994.1864777,273029.7966003418
9259,1751924721.1569092,1751924775.9646297,batch_consumer-sts-0_20250707_214618_368510.csv,True,False,False,1751924994.1864777,273029.5684337616
9269,1751924721.1571455,1751924775.9923673,batch_consumer-sts-0_20250707_214618_368510.csv,True,False,False,1751924994.1864777,273029.3321609497
9279,1751924721.1573792,1751924776.0194006,batch_consumer-sts-0_20250707_214618_368510.csv,True,False,False,1751924994.1864777,273029.0985107422
9289,1751924721.1576097,1751924776.0466912,batch_consumer-sts-0_20250707_214618_368510.csv,True,False,False,1751924994.1864777,273028.8679599762
9299,1751924721.1578884,1751924776.0746214,batch_consumer-sts-0_20250707_214618_368510.csv,True,False,False,1751924994.1864777,273028.5892486572
9309,1751924721.1581511,1751924776.102807,batch_consumer-sts-0_20250707_214618_368510.csv,True,False,False,1751924994.1864777,273028.32651138306
9319,1751924721.1584177,1751924776.1320922,batch_consumer-sts-0_20250707_214618_368510.csv,True,False,False,1751924994.1864777,273028.0599594116
9329,1751924721.1587002,1751924776.1595542,batch_consumer-sts-0_20250707_214618_368510.csv,True,False,False,1751924994.1864777,273027.7774333954
9339,1751924721.1589365,1751924776.1869926,batch_consumer-sts-0_20250707_214618_368510.csv,True,False,False,1751924994.1864777,273027.5411605835
9349,1751924721.1591706,1751924776.21426,batch_consumer-sts-0_20250707_214618_368510.csv,True,False,False,1751924994.1864777,273027.3070335388
9359,1751924721.1594,1751924776.2419384,batch_consumer-sts-0_20250707_214618_368510.csv,True,False,False,1751924994.1864777,273027.0776748657
9369,1751924721.1596353,1751924776.2693572,batch_consumer-sts-0_20250707_214618_368510.csv,True,False,False,1751924994.1864777,273026.84235572815
9379,1751924721.159866,1751924776.2969098,batch_consumer-sts-0_20250707_214618_368510.csv,True,False,False,1751924994.1864777,273026.6115665436
9389,1751924721.1601157,1751924776.3239317,batch_consumer-sts-0_20250707_214618_368510.csv,True,False,False,1751924994.1864777,273026.36194229126
9399,1751924721.160439,1751924776.3515975,batch_consumer-sts-0_20250707_214618_368510.csv,True,False,False,1751924994.1864777,273026.038646698
9409,1751924721.1608076,1751924776.3793466,batch_consumer-sts-0_20250707_214618_368510.csv,True,False,False,1751924994.1864777,273025.6700515747
9419,1751924721.1610923,1751924776.4068244,batch_consumer-sts-0_20250707_214618_368510.csv,True,False,False,1751924994.1864777,273025.38537979126
9429,1751924721.161415,1751924776.4343784,batch_consumer-sts-0_20250707_214618_368510.csv,True,False,False,1751924994.1864777,273025.06256103516
9439,1751924721.161682,1751924776.4636347,batch_consumer-sts-0_20250707_214618_368510.csv,True,False,False,1751924994.1864777,273024.79577064514
9449,1751924721.1619291,1751924776.4913528,batch_consumer-sts-0_20250707_214618_368510.csv,True,False,False,1751924994.1864777,273024.5485305786
9459,1751924721.162181,1751924776.5184584,batch_consumer-sts-0_20250707_214618_368510.csv,True,False,False,1751924994.1864777,273024.2967605591
9469,1751924721.1624098,1751924776.5508442,batch_consumer-sts-0_20250707_214618_368510.csv,True,False,False,1751924994.1864777,273024.06787872314
9479,1751924721.1627252,1751924776.5788696,batch_consumer-sts-0_20250707_214618_368510.csv,True,False,False,1751924994.1864777,273023.752450943
9489,1751924721.1629577,1751924776.6066222,batch_consumer-sts-0_20250707_214618_368510.csv,True,False,False,1751924994.1864777,273023.51999282837
9499,1751924721.1631894,1751924776.6378555,batch_consumer-sts-0_20250707_214618_368510.csv,True,False,False,1751924994.1864777,273023.2882499695
9509,1751924721.1634152,1751924776.6659815,batch_consumer-sts-0_20250707_214618_368510.csv,True,False,False,1751924994.1864777,273023.0624675751
9519,1751924721.163674,1751924776.6944623,batch_consumer-sts-0_20250707_214618_368510.csv,True,False,False,1751924994.1864777,273022.80354499817
9529,1751924721.163918,1751924776.7215724,batch_consumer-sts-0_20250707_214618_368510.csv,True,False,False,1751924994.1864777,273022.55964279175
9539,1751924721.1641755,1751924776.7492628,batch_consumer-sts-0_20250707_214618_368510.csv,True,False,False,1751924994.1864777,273022.3021507263
9549,1751924721.164452,1751924776.7765548,batch_consumer-sts-0_20250707_214618_368510.csv,True,False,False,1751924994.1864777,273022.02558517456
9559,1751924721.1647096,1751924776.8038807,batch_consumer-sts-0_20250707_214618_368510.csv,True,False,False,1751924994.1864777,273021.76809310913
9569,1751924721.164962,1751924776.8317878,batch_consumer-sts-0_20250707_214618_368510.csv,True,False,False,1751924994.1864777,273021.51560783386
9579,1751924721.165192,1751924776.859578,batch_consumer-sts-0_20250707_214618_368510.csv,True,False,False,1751924994.1864777,273021.2857723236
9589,1751924721.1654177,1751924776.8893874,batch_consumer-sts-0_20250707_214618_368510.csv,True,False,False,1751924994.1864777,273021.0599899292
9599,1751924721.1656418,1751924776.9165947,batch_consumer-sts-0_20250707_214618_368510.csv,True,False,False,1751924994.1864777,273020.83587646484
9609,1751924721.165879,1751924776.9442878,batch_consumer-sts-0_20250707_214618_368510.csv,True,False,False,1751924994.1864777,273020.59864997864
9619,1751924721.1661077,1751924776.9714217,batch_consumer-sts-0_20250707_214618_368510.csv,True,False,False,1751924994.1864777,273020.3700065613
9629,1751924721.1663496,1751924776.999346,batch_consumer-sts-0_20250707_214618_368510.csv,True,False,False,1751924994.1864777,273020.1280117035
9639,1751924721.1665778,1751924777.0266032,batch_consumer-sts-0_20250707_214618_368510.csv,True,False,False,1751924994.1864777,273019.8998451233
9649,1751924721.166809,1751924777.054361,batch_consumer-sts-0_20250707_214618_368510.csv,True,False,False,1751924994.1864777,273019.66857910156
9659,1751924721.1670349,1751924777.082311,batch_consumer-sts-0_20250707_214618_368510.csv,True,False,False,1751924994.1864777,273019.44279670715
9669,1751924721.1672645,1751924777.1084552,batch_consumer-sts-0_20250707_214618_368510.csv,True,False,False,1751924994.1864777,273019.2131996155
9679,1751924721.1674974,1751924777.1363456,batch_consumer-sts-0_20250707_214618_368510.csv,True,False,False,1751924994.1864777,273018.9802646637
9689,1751924721.1677313,1751924777.1638098,batch_consumer-sts-0_20250707_214618_368510.csv,True,False,False,1751924994.1864777,273018.7463760376
9699,1751924721.1679533,1751924777.4172606,batch_consumer-sts-0_20250707_214618_368510.csv,True,False,False,1751924994.1864777,273018.52440834045
9709,1751924721.1681871,1751924777.4458344,batch_consumer-sts-0_20250707_214618_368510.csv,True,False,False,1751924994.1864777,273018.29051971436
9719,1751924721.168424,1751924777.4742804,batch_consumer-sts-0_20250707_214618_368510.csv,True,False,False,1751924994.1864777,273018.0537700653
9729,1751924721.168654,1751924777.5026855,batch_consumer-sts-0_20250707_214618_368510.csv,True,False,False,1751924994.1864777,273017.8236961365
9739,1751924721.1688805,1751924777.5324354,batch_consumer-sts-0_20250707_214618_368510.csv,True,False,False,1751924994.1864777,273017.5971984863
9749,1751924721.169109,1751924777.5606022,batch_consumer-sts-0_20250707_214618_368510.csv,True,False,False,1751924994.1864777,273017.36855506897
9759,1751924721.1693466,1751924777.5886574,batch_consumer-sts-0_20250707_214618_368510.csv,True,False,False,1751924994.1864777,273017.1310901642
9769,1751924721.1695774,1751924777.6156995,batch_consumer-sts-0_20250707_214618_368510.csv,True,False,False,1751924994.1864777,273016.9003009796
9779,1751924721.1698124,1751924777.644667,batch_consumer-sts-0_20250707_214618_368510.csv,True,False,False,1751924994.1864777,273016.6652202606
9789,1751924721.1700342,1751924777.6726823,batch_consumer-sts-0_20250707_214618_368510.csv,True,False,False,1751924994.1864777,273016.44349098206
9799,1751924721.1702738,1751924777.7004788,batch_consumer-sts-0_20250707_214618_368510.csv,True,False,False,1751924994.1864777,273016.20388031006
9809,1751924721.170497,1751924777.728675,batch_consumer-sts-0_20250707_214618_368510.csv,True,False,False,1751924994.1864777,273015.98072052
9819,1751924721.1707242,1751924777.7565868,batch_consumer-sts-0_20250707_214618_368510.csv,True,False,False,1751924994.1864777,273015.75350761414
9829,1751924721.1709554,1751924777.7856667,batch_consumer-sts-0_20250707_214618_368510.csv,True,False,False,1751924994.1864777,273015.5222415924
9839,1751924721.1712031,1751924777.813916,batch_consumer-sts-0_20250707_214618_368510.csv,True,False,False,1751924994.1864777,273015.2745246887
9849,1751924721.1714387,1751924777.8416774,batch_consumer-sts-0_20250707_214618_368510.csv,True,False,False,1751924994.1864777,273015.03896713257
9859,1751924721.171661,1751924777.8699076,batch_consumer-sts-0_20250707_214618_368510.csv,True,False,False,1751924994.1864777,273014.81676101685
9869,1751924721.171893,1751924777.8977027,batch_consumer-sts-0_20250707_214618_368510.csv,True,False,False,1751924994.1864777,273014.5847797394
9879,1751924721.1721194,1751924777.9251728,batch_consumer-sts-0_20250707_214618_368510.csv,True,False,False,1751924994.1864777,273014.35828208923
9889,1751924721.1723456,1751924777.952817,batch_consumer-sts-0_20250707_214618_368510.csv,True,False,False,1751924994.1864777,273014.13202285767
9899,1751924721.172581,1751924777.9800484,batch_consumer-sts-0_20250707_214618_368510.csv,True,False,False,1751924994.1864777,273013.8967037201
9909,1751924721.1728091,1751924778.0070777,batch_consumer-sts-0_20250707_214618_368510.csv,True,False,False,1751924994.1864777,273013.6685371399
9919,1751924721.1730402,1751924778.034913,batch_consumer-sts-0_20250707_214618_368510.csv,True,False,False,1751924994.1864777,273013.43750953674
9929,1751924721.1732726,1751924778.0625892,batch_consumer-sts-0_20250707_214618_368510.csv,True,False,False,1751924994.1864777,273013.2050514221
9939,1751924721.1734946,1751924778.0899582,batch_consumer-sts-0_20250707_214618_368510.csv,True,False,False,1751924994.1864777,273012.983083725
9949,1751924721.1737213,1751924778.1165557,batch_consumer-sts-0_20250707_214618_368510.csv,True,False,False,1751924994.1864777,273012.75634765625
9959,1751924721.173951,1751924778.1445286,batch_consumer-sts-0_20250707_214618_368510.csv,True,False,False,1751924994.1864777,273012.5267505646
9969,1751924721.1741989,1751924778.1732805,batch_consumer-sts-0_20250707_214618_368510.csv,True,False,False,1751924994.1864777,273012.2787952423
9979,1751924721.1744318,1751924778.200782,batch_consumer-sts-0_20250707_214618_368510.csv,True,False,False,1751924994.1864777,273012.0458602905
9989,1751924721.174655,1751924778.2281015,batch_consumer-sts-0_20250707_214618_368510.csv,True,False,False,1751924994.1864777,273011.8227005005
9999,1751924721.1748838,1751924778.2558343,batch_consumer-sts-0_20250707_214618_368510.csv,True,False,False,1751924994.1864777,273011.59381866455
10009,1751924721.1751122,1751924778.2841182,batch_consumer-sts-0_20250707_214618_368510.csv,True,False,False,1751924994.1864777,273011.3654136658
10019,1751924721.1753397,1751924778.3115053,batch_consumer-sts-0_20250707_214618_368510.csv,True,False,False,1751924994.1864777,273011.1379623413
10029,1751924721.1755707,1751924778.340489,batch_consumer-sts-0_20250707_214618_368510.csv,True,False,False,1751924994.1864777,273010.90693473816
10039,1751924721.175796,1751924778.56204,batch_consumer-sts-0_20250707_214623_458495.csv,True,False,False,1751924994.1864777,273010.6816291809
10049,1751924721.1760256,1751924778.5888548,batch_consumer-sts-0_20250707_214623_458495.csv,True,False,False,1751924994.1864777,273010.45203208923
10059,1751924721.176252,1751924778.6161692,batch_consumer-sts-0_20250707_214623_458495.csv,True,False,False,1751924994.1864777,273010.22577285767
10069,1751924721.1764772,1751924778.6432788,batch_consumer-sts-0_20250707_214623_458495.csv,True,False,False,1751924994.1864777,273010.0004673004
10079,1751924721.1766973,1751924778.6709352,batch_consumer-sts-0_20250707_214623_458495.csv,True,False,False,1751924994.1864777,273009.7804069519
10089,1751924721.176928,1751924778.6984994,batch_consumer-sts-0_20250707_214623_458495.csv,True,False,False,1751924994.1864777,273009.54961776733
10099,1751924721.1771553,1751924778.7295568,batch_consumer-sts-0_20250707_214623_458495.csv,True,False,False,1751924994.1864777,273009.32240486145
10109,1751924721.1773777,1751924778.7572565,batch_consumer-sts-0_20250707_214623_458495.csv,True,False,False,1751924994.1864777,273009.09996032715
10119,1751924721.1776023,1751924778.7844903,batch_consumer-sts-0_20250707_214623_458495.csv,True,False,False,1751924994.1864777,273008.87537002563
10129,1751924721.1778336,1751924778.8116772,batch_consumer-sts-0_20250707_214623_458495.csv,True,False,False,1751924994.1864777,273008.6441040039
10139,1751924721.1780686,1751924778.83972,batch_consumer-sts-0_20250707_214623_458495.csv,True,False,False,1751924994.1864777,273008.4090232849
10149,1751924721.1783135,1751924778.8673348,batch_consumer-sts-0_20250707_214623_458495.csv,True,False,False,1751924994.1864777,273008.1641674042
10159,1751924721.1785398,1751924778.8942044,batch_consumer-sts-0_20250707_214623_458495.csv,True,False,False,1751924994.1864777,273007.9379081726
10169,1751924721.178764,1751924778.9214137,batch_consumer-sts-0_20250707_214623_458495.csv,True,False,False,1751924994.1864777,273007.7135562897
10179,1751924721.1789927,1751924778.9492147,batch_consumer-sts-0_20250707_214623_458495.csv,True,False,False,1751924994.1864777,273007.4849128723
10189,1751924721.1792214,1751924778.9760983,batch_consumer-sts-0_20250707_214623_458495.csv,True,False,False,1751924994.1864777,273007.25626945496
10199,1751924721.179457,1751924779.0040488,batch_consumer-sts-0_20250707_214623_458495.csv,True,False,False,1751924994.1864777,273007.0207118988
10209,1751924721.1796882,1751924779.0358603,batch_consumer-sts-0_20250707_214623_458495.csv,True,False,False,1751924994.1864777,273006.7894458771
10219,1751924721.1799176,1751924779.0633757,batch_consumer-sts-0_20250707_214623_458495.csv,True,False,False,1751924994.1864777,273006.560087204
10229,1751924721.1801493,1751924779.0912774,batch_consumer-sts-0_20250707_214623_458495.csv,True,False,False,1751924994.1864777,273006.3283443451
10239,1751924721.180373,1751924779.1175466,batch_consumer-sts-0_20250707_214623_458495.csv,True,False,False,1751924994.1864777,273006.1047077179
10249,1751924721.1806238,1751924779.145002,batch_consumer-sts-0_20250707_214623_458495.csv,True,False,False,1751924994.1864777,273005.8538913727
10259,1751924721.1808448,1751924779.1728876,batch_consumer-sts-0_20250707_214623_458495.csv,True,False,False,1751924994.1864777,273005.63287734985
10269,1751924721.1810231,1751924779.2005448,batch_consumer-sts-0_20250707_214623_458495.csv,True,False,False,1751924994.1864777,273005.4545402527
10279,1751924721.1812012,1751924779.2284513,batch_consumer-sts-0_20250707_214623_458495.csv,True,False,False,1751924994.1864777,273005.2764415741
10289,1751924721.1813817,1751924779.256182,batch_consumer-sts-0_20250707_214623_458495.csv,True,False,False,1751924994.1864777,273005.0959587097
10299,1751924721.181556,1751924779.2838042,batch_consumer-sts-0_20250707_214623_458495.csv,True,False,False,1751924994.1864777,273004.9216747284
10309,1751924721.1817346,1751924779.3111484,batch_consumer-sts-0_20250707_214623_458495.csv,True,False,False,1751924994.1864777,273004.74309921265
10319,1751924721.181914,1751924779.3398125,batch_consumer-sts-0_20250707_214623_458495.csv,True,False,False,1751924994.1864777,273004.5635700226
10329,1751924721.1821065,1751924779.368606,batch_consumer-sts-0_20250707_214623_458495.csv,True,False,False,1751924994.1864777,273004.37116622925
10339,1751924721.182334,1751924779.396036,batch_consumer-sts-0_20250707_214623_458495.csv,True,False,False,1751924994.1864777,273004.1437149048
10349,1751924721.182562,1751924779.4263475,batch_consumer-sts-0_20250707_214623_458495.csv,True,False,False,1751924994.1864777,273003.9155483246
10359,1751924721.1827917,1751924779.4538937,batch_consumer-sts-0_20250707_214623_458495.csv,True,False,False,1751924994.1864777,273003.6859512329
10369,1751924721.1830244,1751924780.0301645,batch_consumer-sts-0_20250707_214623_458495.csv,True,False,False,1751924994.1864777,273003.4532546997
10379,1751924721.1832447,1751924780.098031,batch_consumer-sts-0_20250707_214623_458495.csv,True,False,False,1751924994.1864777,273003.2329559326
10389,1751924721.183478,1751924780.1257985,batch_consumer-sts-0_20250707_214623_458495.csv,True,False,False,1751924994.1864777,273002.9995441437
10399,1751924721.183707,1751924780.156282,batch_consumer-sts-0_20250707_214623_458495.csv,True,False,False,1751924994.1864777,273002.77066230774
10409,1751924721.1839366,1751924780.1842215,batch_consumer-sts-0_20250707_214623_458495.csv,True,False,False,1751924994.1864777,273002.54106521606
10419,1751924721.184162,1751924780.2116656,batch_consumer-sts-0_20250707_214623_458495.csv,True,False,False,1751924994.1864777,273002.3157596588
10429,1751924721.1843882,1751924780.2395098,batch_consumer-sts-0_20250707_214623_458495.csv,True,False,False,1751924994.1864777,273002.08950042725
10439,1751924721.184618,1751924781.7102091,batch_consumer-sts-0_20250707_214623_458495.csv,True,False,False,1751924994.1864777,273001.859664917
10449,1751924721.1848562,1751924781.738336,batch_consumer-sts-0_20250707_214623_458495.csv,True,False,False,1751924994.1864777,273001.62148475647
10459,1751924721.185078,1751924781.7663004,batch_consumer-sts-0_20250707_214623_458495.csv,True,False,False,1751924994.1864777,273001.3997554779
10469,1751924721.1853027,1751924781.7947683,batch_consumer-sts-0_20250707_214623_458495.csv,True,False,False,1751924994.1864777,273001.1749267578
10479,1751924721.185528,1751924781.8219318,batch_consumer-sts-0_20250707_214623_458495.csv,True,False,False,1751924994.1864777,273000.94962120056
10489,1751924721.185753,1751924781.8497255,batch_consumer-sts-0_20250707_214623_458495.csv,True,False,False,1751924994.1864777,273000.7245540619
10499,1751924721.185981,1751924781.8773825,batch_consumer-sts-0_20250707_214623_458495.csv,True,False,False,1751924994.1864777,273000.49662590027
10509,1751924721.186217,1751924781.9053326,batch_consumer-sts-0_20250707_214623_458495.csv,True,False,False,1751924994.1864777,273000.26059150696
10519,1751924721.1864464,1751924781.9331062,batch_consumer-sts-0_20250707_214623_458495.csv,True,False,False,1751924994.1864777,273000.03123283386
10529,1751924721.1866703,1751924781.9611852,batch_consumer-sts-0_20250707_214623_458495.csv,True,False,False,1751924994.1864777,272999.8073577881
10539,1751924721.1869032,1751924781.989234,batch_consumer-sts-0_20250707_214623_458495.csv,True,False,False,1751924994.1864777,272999.5744228363
10549,1751924721.1872008,1751924782.0162833,batch_consumer-sts-0_20250707_214623_458495.csv,True,False,False,1751924994.1864777,272999.2768764496
10559,1751924721.18743,1751924782.0425472,batch_consumer-sts-0_20250707_214623_458495.csv,True,False,False,1751924994.1864777,272999.04775619507
10569,1751924721.1876583,1751924782.0697975,batch_consumer-sts-0_20250707_214623_458495.csv,True,False,False,1751924994.1864777,272998.8193511963
10579,1751924721.1878862,1751924782.097596,batch_consumer-sts-0_20250707_214623_458495.csv,True,False,False,1751924994.1864777,272998.59142303467
10589,1751924721.1881185,1751924782.1247208,batch_consumer-sts-0_20250707_214623_458495.csv,True,False,False,1751924994.1864777,272998.3592033386
10599,1751924721.188354,1751924782.152037,batch_consumer-sts-0_20250707_214623_458495.csv,True,False,False,1751924994.1864777,272998.12364578247
10609,1751924721.188578,1751924782.1826074,batch_consumer-sts-0_20250707_214623_458495.csv,True,False,False,1751924994.1864777,272997.8997707367
10619,1751924721.1888096,1751924782.209927,batch_consumer-sts-0_20250707_214623_458495.csv,True,False,False,1751924994.1864777,272997.6680278778
10629,1751924721.1890376,1751924782.2371974,batch_consumer-sts-0_20250707_214623_458495.csv,True,False,False,1751924994.1864777,272997.4400997162
10639,1751924721.1892617,1751924782.2667892,batch_consumer-sts-0_20250707_214623_458495.csv,True,False,False,1751924994.1864777,272997.21598625183
10649,1751924721.1895514,1751924782.3682952,batch_consumer-sts-0_20250707_214623_458495.csv,True,False,False,1751924994.1864777,272996.9263076782
10659,1751924721.189785,1751924782.3964298,batch_consumer-sts-0_20250707_214623_458495.csv,True,False,False,1751924994.1864777,272996.6926574707
10669,1751924721.190025,1751924782.4246552,batch_consumer-sts-0_20250707_214623_458495.csv,True,False,False,1751924994.1864777,272996.45256996155
10679,1751924721.1916876,1751924782.4528775,batch_consumer-sts-0_20250707_214623_458495.csv,True,False,False,1751924994.1864777,272994.7900772095
10689,1751924721.1919298,1751924782.4801772,batch_consumer-sts-0_20250707_214623_458495.csv,True,False,False,1751924994.1864777,272994.5478439331
10699,1751924721.1921637,1751924782.507423,batch_consumer-sts-0_20250707_214623_458495.csv,True,False,False,1751924994.1864777,272994.313955307
10709,1751924721.1923957,1751924782.5359993,batch_consumer-sts-0_20250707_214623_458495.csv,True,False,False,1751924994.1864777,272994.08197402954
10719,1751924721.192644,1751924782.5640478,batch_consumer-sts-0_20250707_214623_458495.csv,True,False,False,1751924994.1864777,272993.8337802887
10729,1751924721.192885,1751924782.591808,batch_consumer-sts-0_20250707_214623_458495.csv,True,False,False,1751924994.1864777,272993.5927391052
10739,1751924721.1931229,1751924782.6189222,batch_consumer-sts-0_20250707_214623_458495.csv,True,False,False,1751924994.1864777,272993.3547973633
10749,1751924721.1933515,1751924782.6466088,batch_consumer-sts-0_20250707_214623_458495.csv,True,False,False,1751924994.1864777,272993.1261539459
10759,1751924721.1935914,1751924782.6740203,batch_consumer-sts-0_20250707_214623_458495.csv,True,False,False,1751924994.1864777,272992.88630485535
10769,1751924721.193825,1751924782.7014444,batch_consumer-sts-0_20250707_214623_458495.csv,True,False,False,1751924994.1864777,272992.6526546478
10779,1751924721.1940534,1751924782.7354724,batch_consumer-sts-0_20250707_214623_458495.csv,True,False,False,1751924994.1864777,272992.42424964905
10789,1751924721.1942897,1751924782.7632918,batch_consumer-sts-0_20250707_214623_458495.csv,True,False,False,1751924994.1864777,272992.18797683716
10799,1751924721.1945224,1751924782.7920914,batch_consumer-sts-0_20250707_214623_458495.csv,True,False,False,1751924994.1864777,272991.95528030396
10809,1751924721.194786,1751924782.8192,batch_consumer-sts-0_20250707_214623_458495.csv,True,False,False,1751924994.1864777,272991.69158935547
10819,1751924721.195022,1751924782.8465416,batch_consumer-sts-0_20250707_214623_458495.csv,True,False,False,1751924994.1864777,272991.45555496216
10829,1751924721.1952572,1751924782.8745089,batch_consumer-sts-0_20250707_214623_458495.csv,True,False,False,1751924994.1864777,272991.22047424316
10839,1751924721.1954758,1751924782.902842,batch_consumer-sts-0_20250707_214623_458495.csv,True,False,False,1751924994.1864777,272991.0018444061
10849,1751924721.1956637,1751924782.9312663,batch_consumer-sts-0_20250707_214623_458495.csv,True,False,False,1751924994.1864777,272990.8139705658
10859,1751924721.1958516,1751924782.9583406,batch_consumer-sts-0_20250707_214623_458495.csv,True,False,False,1751924994.1864777,272990.62609672546
10869,1751924721.1960435,1751924782.986302,batch_consumer-sts-0_20250707_214623_458495.csv,True,False,False,1751924994.1864777,272990.4341697693
10879,1751924721.1962314,1751924783.0137444,batch_consumer-sts-0_20250707_214623_458495.csv,True,False,False,1751924994.1864777,272990.24629592896
10889,1751924721.1964104,1751924783.0413404,batch_consumer-sts-0_20250707_214623_458495.csv,True,False,False,1751924994.1864777,272990.06724357605
10899,1751924721.1965852,1751924783.0703285,batch_consumer-sts-0_20250707_214623_458495.csv,True,False,False,1751924994.1864777,272989.89248275757
10909,1751924721.1967652,1751924783.0979826,batch_consumer-sts-0_20250707_214623_458495.csv,True,False,False,1751924994.1864777,272989.71247673035
10919,1751924721.1969392,1751924783.1252573,batch_consumer-sts-0_20250707_214623_458495.csv,True,False,False,1751924994.1864777,272989.5384311676
10929,1751924721.1971376,1751924783.1520483,batch_consumer-sts-0_20250707_214623_458495.csv,True,False,False,1751924994.1864777,272989.3400669098
10939,1751924721.1973493,1751924783.1798072,batch_consumer-sts-0_20250707_214623_458495.csv,True,False,False,1751924994.1864777,272989.12835121155
10949,1751924721.1975944,1751924783.2078562,batch_consumer-sts-0_20250707_214623_458495.csv,True,False,False,1751924994.1864777,272988.88325691223
10959,1751924721.1978345,1751924783.2355835,batch_consumer-sts-0_20250707_214623_458495.csv,True,False,False,1751924994.1864777,272988.6431694031
10969,1751924721.198059,1751924783.2633626,batch_consumer-sts-0_20250707_214623_458495.csv,True,False,False,1751924994.1864777,272988.41857910156
10979,1751924721.1982956,1751924783.2913785,batch_consumer-sts-0_20250707_214623_458495.csv,True,False,False,1751924994.1864777,272988.1820678711
10989,1751924721.198536,1751924783.3183875,batch_consumer-sts-0_20250707_214623_458495.csv,True,False,False,1751924994.1864777,272987.94174194336
10999,1751924721.198767,1751924783.3459623,batch_consumer-sts-0_20250707_214623_458495.csv,True,False,False,1751924994.1864777,272987.7107143402
11009,1751924721.1989954,1751924783.3735552,batch_consumer-sts-0_20250707_214623_458495.csv,True,False,False,1751924994.1864777,272987.48230934143
11019,1751924721.1992228,1751924783.40131,batch_consumer-sts-0_20250707_214623_458495.csv,True,False,False,1751924994.1864777,272987.25485801697
11029,1751924721.1994543,1751924783.4298766,batch_consumer-sts-0_20250707_214623_458495.csv,True,False,False,1751924994.1864777,272987.02335357666
11039,1751924721.1996837,1751924783.737783,batch_consumer-sts-0_20250707_214627_801581.csv,True,False,False,1751924994.1864777,272986.79399490356
11049,1751924721.19992,1751924783.7661471,batch_consumer-sts-0_20250707_214627_801581.csv,True,False,False,1751924994.1864777,272986.5577220917
11059,1751924721.2001507,1751924783.794852,batch_consumer-sts-0_20250707_214627_801581.csv,True,False,False,1751924994.1864777,272986.3269329071
11069,1751924721.2003784,1751924783.8224564,batch_consumer-sts-0_20250707_214627_801581.csv,True,False,False,1751924994.1864777,272986.09924316406
11079,1751924721.2006063,1751924783.8501103,batch_consumer-sts-0_20250707_214627_801581.csv,True,False,False,1751924994.1864777,272985.87131500244
11089,1751924721.2008352,1751924783.8780372,batch_consumer-sts-0_20250707_214627_801581.csv,True,False,False,1751924994.1864777,272985.6424331665
11099,1751924721.2010589,1751924783.9044416,batch_consumer-sts-0_20250707_214627_801581.csv,True,False,False,1751924994.1864777,272985.4187965393
11109,1751924721.2012908,1751924783.933034,batch_consumer-sts-0_20250707_214627_801581.csv,True,False,False,1751924994.1864777,272985.18681526184
11119,1751924721.201521,1751924783.9607327,batch_consumer-sts-0_20250707_214627_801581.csv,True,False,False,1751924994.1864777,272984.956741333
11129,1751924721.2017472,1751924783.9888177,batch_consumer-sts-0_20250707_214627_801581.csv,True,False,False,1751924994.1864777,272984.73048210144
11139,1751924721.2019763,1751924784.0160754,batch_consumer-sts-0_20250707_214627_801581.csv,True,False,False,1751924994.1864777,272984.5013618469
11149,1751924721.2022135,1751924784.0441134,batch_consumer-sts-0_20250707_214627_801581.csv,True,False,False,1751924994.1864777,272984.2641353607
11159,1751924721.2024455,1751924784.0720143,batch_consumer-sts-0_20250707_214627_801581.csv,True,False,False,1751924994.1864777,272984.03215408325
11169,1751924721.2026737,1751924784.0997624,batch_consumer-sts-0_20250707_214627_801581.csv,True,False,False,1751924994.1864777,272983.80398750305
11179,1751924721.202907,1751924784.1276696,batch_consumer-sts-0_20250707_214627_801581.csv,True,False,False,1751924994.1864777,272983.5705757141
11189,1751924721.2031395,1751924784.1568987,batch_consumer-sts-0_20250707_214627_801581.csv,True,False,False,1751924994.1864777,272983.3381175995
11199,1751924721.2033715,1751924784.1847332,batch_consumer-sts-0_20250707_214627_801581.csv,True,False,False,1751924994.1864777,272983.106136322
11209,1751924721.2035935,1751924784.2118075,batch_consumer-sts-0_20250707_214627_801581.csv,True,False,False,1751924994.1864777,272982.8841686249
11219,1751924721.2038262,1751924784.239965,batch_consumer-sts-0_20250707_214627_801581.csv,True,False,False,1751924994.1864777,272982.6514720917
11229,1751924721.20406,1751924784.267557,batch_consumer-sts-0_20250707_214627_801581.csv,True,False,False,1751924994.1864777,272982.4175834656
11239,1751924721.204295,1751924784.29531,batch_consumer-sts-0_20250707_214627_801581.csv,True,False,False,1751924994.1864777,272982.18274116516
11249,1751924721.204527,1751924784.3224373,batch_consumer-sts-0_20250707_214627_801581.csv,True,False,False,1751924994.1864777,272981.9507598877
11259,1751924721.2047567,1751924784.3501613,batch_consumer-sts-0_20250707_214627_801581.csv,True,False,False,1751924994.1864777,272981.72092437744
11269,1751924721.2049825,1751924784.377489,batch_consumer-sts-0_20250707_214627_801581.csv,True,False,False,1751924994.1864777,272981.49514198303
11279,1751924721.2052088,1751924784.406525,batch_consumer-sts-0_20250707_214627_801581.csv,True,False,False,1751924994.1864777,272981.26888275146
11289,1751924721.2054448,1751924784.4339952,batch_consumer-sts-0_20250707_214627_801581.csv,True,False,False,1751924994.1864777,272981.03284835815
11299,1751924721.2056751,1751924784.4617932,batch_consumer-sts-0_20250707_214627_801581.csv,True,False,False,1751924994.1864777,272980.80253601074
11309,1751924721.20591,1751924784.4891942,batch_consumer-sts-0_20250707_214627_801581.csv,True,False,False,1751924994.1864777,272980.5676937103
11319,1751924721.2061772,1751924784.5162818,batch_consumer-sts-0_20250707_214627_801581.csv,True,False,False,1751924994.1864777,272980.30042648315
11329,1751924721.2064106,1751924784.5437946,batch_consumer-sts-0_20250707_214627_801581.csv,True,False,False,1751924994.1864777,272980.0670146942
11339,1751924721.2066364,1751924784.571388,batch_consumer-sts-0_20250707_214627_801581.csv,True,False,False,1751924994.1864777,272979.8412322998
11349,1751924721.2068682,1751924784.679677,batch_consumer-sts-0_20250707_214627_801581.csv,True,False,False,1751924994.1864777,272979.6094894409
11359,1751924721.2070937,1751924784.7085583,batch_consumer-sts-0_20250707_214627_801581.csv,True,False,False,1751924994.1864777,272979.3839454651
11369,1751924721.2073202,1751924784.7356992,batch_consumer-sts-0_20250707_214627_801581.csv,True,False,False,1751924994.1864777,272979.15744781494
11379,1751924721.2075498,1751924784.7631085,batch_consumer-sts-0_20250707_214627_801581.csv,True,False,False,1751924994.1864777,272978.92785072327
11389,1751924721.2077804,1751924784.793259,batch_consumer-sts-0_20250707_214627_801581.csv,True,False,False,1751924994.1864777,272978.6972999573
11399,1751924721.2080026,1751924784.8195288,batch_consumer-sts-0_20250707_214627_801581.csv,True,False,False,1751924994.1864777,272978.47509384155
11409,1751924721.2082293,1751924784.847272,batch_consumer-sts-0_20250707_214627_801581.csv,True,False,False,1751924994.1864777,272978.2483577728
11419,1751924721.208459,1751924784.8749232,batch_consumer-sts-0_20250707_214627_801581.csv,True,False,False,1751924994.1864777,272978.01876068115
11429,1751924721.208689,1751924784.902069,batch_consumer-sts-0_20250707_214627_801581.csv,True,False,False,1751924994.1864777,272977.7886867523
11439,1751924721.20891,1751924784.9296908,batch_consumer-sts-0_20250707_214627_801581.csv,True,False,False,1751924994.1864777,272977.5676727295
11449,1751924721.2091353,1751924784.9575543,batch_consumer-sts-0_20250707_214627_801581.csv,True,False,False,1751924994.1864777,272977.34236717224
11459,1751924721.209365,1751924784.9851184,batch_consumer-sts-0_20250707_214627_801581.csv,True,False,False,1751924994.1864777,272977.11277008057
11469,1751924721.2095954,1751924785.011963,batch_consumer-sts-0_20250707_214627_801581.csv,True,False,False,1751924994.1864777,272976.8822193146
11479,1751924721.2098186,1751924785.039691,batch_consumer-sts-0_20250707_214627_801581.csv,True,False,False,1751924994.1864777,272976.65905952454
11489,1751924721.210053,1751924785.0677116,batch_consumer-sts-0_20250707_214627_801581.csv,True,False,False,1751924994.1864777,272976.4246940613
11499,1751924721.2102923,1751924785.0955417,batch_consumer-sts-0_20250707_214627_801581.csv,True,False,False,1751924994.1864777,272976.18532180786
11509,1751924721.2105153,1751924785.1227937,batch_consumer-sts-0_20250707_214627_801581.csv,True,False,False,1751924994.1864777,272975.9624004364
11519,1751924721.2107403,1751924785.15096,batch_consumer-sts-0_20250707_214627_801581.csv,True,False,False,1751924994.1864777,272975.73733329773
11529,1751924721.210967,1751924785.1780703,batch_consumer-sts-0_20250707_214627_801581.csv,True,False,False,1751924994.1864777,272975.510597229
11539,1751924721.211196,1751924785.2056994,batch_consumer-sts-0_20250707_214627_801581.csv,True,False,False,1751924994.1864777,272975.28171539307
11549,1751924721.2114282,1751924785.2335377,batch_consumer-sts-0_20250707_214627_801581.csv,True,False,False,1751924994.1864777,272975.049495697
11559,1751924721.2116446,1751924785.2615774,batch_consumer-sts-0_20250707_214627_801581.csv,True,False,False,1751924994.1864777,272974.8330116272
11569,1751924721.2118814,1751924785.2889175,batch_consumer-sts-0_20250707_214627_801581.csv,True,False,False,1751924994.1864777,272974.59626197815
11579,1751924721.2121046,1751924785.315945,batch_consumer-sts-0_20250707_214627_801581.csv,True,False,False,1751924994.1864777,272974.3731021881
11589,1751924721.212333,1751924785.343701,batch_consumer-sts-0_20250707_214627_801581.csv,True,False,False,1751924994.1864777,272974.14469718933
11599,1751924721.2125597,1751924785.5030007,batch_consumer-sts-0_20250707_214627_801581.csv,True,False,False,1751924994.1864777,272973.9179611206
11609,1751924721.212785,1751924785.530002,batch_consumer-sts-0_20250707_214627_801581.csv,True,False,False,1751924994.1864777,272973.69265556335
11619,1751924721.2130089,1751924785.557701,batch_consumer-sts-0_20250707_214627_801581.csv,True,False,False,1751924994.1864777,272973.4687805176
11629,1751924721.2132516,1751924785.5855885,batch_consumer-sts-0_20250707_214627_801581.csv,True,False,False,1751924994.1864777,272973.22607040405
11639,1751924721.2134988,1751924785.6128836,batch_consumer-sts-0_20250707_214627_801581.csv,True,False,False,1751924994.1864777,272972.9788303375
11649,1751924721.213724,1751924785.6414602,batch_consumer-sts-0_20250707_214627_801581.csv,True,False,False,1751924994.1864777,272972.75376319885
11659,1751924721.2139535,1751924785.6693058,batch_consumer-sts-0_20250707_214627_801581.csv,True,False,False,1751924994.1864777,272972.5241661072
11669,1751924721.214191,1751924785.6969998,batch_consumer-sts-0_20250707_214627_801581.csv,True,False,False,1751924994.1864777,272972.2867012024
11679,1751924721.2144184,1751924785.7242432,batch_consumer-sts-0_20250707_214627_801581.csv,True,False,False,1751924994.1864777,272972.05924987793
11689,1751924721.2146509,1751924785.752104,batch_consumer-sts-0_20250707_214627_801581.csv,True,False,False,1751924994.1864777,272971.8267917633
11699,1751924721.214882,1751924785.7796717,batch_consumer-sts-0_20250707_214627_801581.csv,True,False,False,1751924994.1864777,272971.59576416016
11709,1751924721.215108,1751924785.8070023,batch_consumer-sts-0_20250707_214627_801581.csv,True,False,False,1751924994.1864777,272971.36974334717
11719,1751924721.2153318,1751924785.8349397,batch_consumer-sts-0_20250707_214627_801581.csv,True,False,False,1751924994.1864777,272971.1458683014
11729,1751924721.215557,1751924785.86296,batch_consumer-sts-0_20250707_214627_801581.csv,True,False,False,1751924994.1864777,272970.92056274414
11739,1751924721.2157855,1751924785.8909929,batch_consumer-sts-0_20250707_214627_801581.csv,True,False,False,1751924994.1864777,272970.69215774536
11749,1751924721.216019,1751924785.9181554,batch_consumer-sts-0_20250707_214627_801581.csv,True,False,False,1751924994.1864777,272970.4587459564
11759,1751924721.2162406,1751924785.9443765,batch_consumer-sts-0_20250707_214627_801581.csv,True,False,False,1751924994.1864777,272970.23701667786
11769,1751924721.2164657,1751924785.9716756,batch_consumer-sts-0_20250707_214627_801581.csv,True,False,False,1751924994.1864777,272970.0119495392
11779,1751924721.216691,1751924785.999346,batch_consumer-sts-0_20250707_214627_801581.csv,True,False,False,1751924994.1864777,272969.78664398193
11789,1751924721.2169237,1751924786.0267634,batch_consumer-sts-0_20250707_214627_801581.csv,True,False,False,1751924994.1864777,272969.55394744873
11799,1751924721.2171524,1751924786.0574453,batch_consumer-sts-0_20250707_214627_801581.csv,True,False,False,1751924994.1864777,272969.3253040314
11809,1751924721.2173786,1751924786.0855477,batch_consumer-sts-0_20250707_214627_801581.csv,True,False,False,1751924994.1864777,272969.0990447998
11819,1751924721.2176106,1751924786.1126275,batch_consumer-sts-0_20250707_214627_801581.csv,True,False,False,1751924994.1864777,272968.86706352234
11829,1751924721.2178392,1751924786.1403034,batch_consumer-sts-0_20250707_214627_801581.csv,True,False,False,1751924994.1864777,272968.638420105
11839,1751924721.2180722,1751924787.1686954,batch_consumer-sts-0_20250707_214627_801581.csv,True,False,False,1751924994.1864777,272968.4054851532
11849,1751924721.2183096,1751924787.1963036,batch_consumer-sts-0_20250707_214627_801581.csv,True,False,False,1751924994.1864777,272968.1680202484
11859,1751924721.218531,1751924787.2240956,batch_consumer-sts-0_20250707_214627_801581.csv,True,False,False,1751924994.1864777,272967.946767807
11869,1751924721.2187555,1751924787.2519732,batch_consumer-sts-0_20250707_214627_801581.csv,True,False,False,1751924994.1864777,272967.7221775055
11879,1751924721.2189832,1751924787.2803278,batch_consumer-sts-0_20250707_214627_801581.csv,True,False,False,1751924994.1864777,272967.49448776245
11889,1751924721.21921,1751924787.307787,batch_consumer-sts-0_20250707_214627_801581.csv,True,False,False,1751924994.1864777,272967.2677516937
11899,1751924721.219438,1751924787.3354926,batch_consumer-sts-0_20250707_214627_801581.csv,True,False,False,1751924994.1864777,272967.0395851135
11909,1751924721.219668,1751924787.3633058,batch_consumer-sts-0_20250707_214627_801581.csv,True,False,False,1751924994.1864777,272966.8097496033
11919,1751924721.2199025,1751924787.3920696,batch_consumer-sts-0_20250707_214627_801581.csv,True,False,False,1751924994.1864777,272966.57514572144
11929,1751924721.2201345,1751924787.4968953,batch_consumer-sts-0_20250707_214627_801581.csv,True,False,False,1751924994.1864777,272966.34316444397
11939,1751924721.2203703,1751924787.5239532,batch_consumer-sts-0_20250707_214627_801581.csv,True,False,False,1751924994.1864777,272966.10736846924
11949,1751924721.2205966,1751924787.5513592,batch_consumer-sts-0_20250707_214627_801581.csv,True,False,False,1751924994.1864777,272965.8811092377
11959,1751924721.2208295,1751924787.5789318,batch_consumer-sts-0_20250707_214627_801581.csv,True,False,False,1751924994.1864777,272965.6481742859
11969,1751924721.2210507,1751924787.608512,batch_consumer-sts-0_20250707_214627_801581.csv,True,False,False,1751924994.1864777,272965.4269218445
11979,1751924721.2212818,1751924787.6361272,batch_consumer-sts-0_20250707_214627_801581.csv,True,False,False,1751924994.1864777,272965.19589424133
11989,1751924721.221508,1751924787.6638455,batch_consumer-sts-0_20250707_214627_801581.csv,True,False,False,1751924994.1864777,272964.96963500977
11999,1751924721.2217462,1751924787.6915128,batch_consumer-sts-0_20250707_214627_801581.csv,True,False,False,1751924994.1864777,272964.73145484924
12009,1751924721.222013,1751924787.7185717,batch_consumer-sts-0_20250707_214627_801581.csv,True,False,False,1751924994.1864777,272964.4646644592
12019,1751924721.2222617,1751924787.7460277,batch_consumer-sts-0_20250707_214627_801581.csv,True,False,False,1751924994.1864777,272964.2159938812
12029,1751924721.2224944,1751924787.773439,batch_consumer-sts-0_20250707_214627_801581.csv,True,False,False,1751924994.1864777,272963.983297348
12039,1751924721.2227218,1751924788.0996883,batch_consumer-sts-0_20250707_214631_439606.csv,True,False,False,1751924994.1864777,272963.75584602356
12049,1751924721.2229528,1751924788.1315484,batch_consumer-sts-0_20250707_214631_439606.csv,True,False,False,1751924994.1864777,272963.5248184204
12059,1751924721.2231808,1751924788.1591868,batch_consumer-sts-0_20250707_214631_439606.csv,True,False,False,1751924994.1864777,272963.2968902588
12069,1751924721.2234106,1751924788.1869774,batch_consumer-sts-0_20250707_214631_439606.csv,True,False,False,1751924994.1864777,272963.06705474854
12079,1751924721.2236388,1751924788.2143075,batch_consumer-sts-0_20250707_214631_439606.csv,True,False,False,1751924994.1864777,272962.83888816833
12089,1751924721.2238655,1751924788.2407014,batch_consumer-sts-0_20250707_214631_439606.csv,True,False,False,1751924994.1864777,272962.6121520996
12099,1751924721.2240913,1751924788.2685535,batch_consumer-sts-0_20250707_214631_439606.csv,True,False,False,1751924994.1864777,272962.3863697052
12109,1751924721.2243156,1751924788.296518,batch_consumer-sts-0_20250707_214631_439606.csv,True,False,False,1751924994.1864777,272962.16201782227
12119,1751924721.2245238,1751924788.32365,batch_consumer-sts-0_20250707_214631_439606.csv,True,False,False,1751924994.1864777,272961.9538784027
12129,1751924721.2247093,1751924788.3513958,batch_consumer-sts-0_20250707_214631_439606.csv,True,False,False,1751924994.1864777,272961.76838874817
12139,1751924721.2249403,1751924788.3791978,batch_consumer-sts-0_20250707_214631_439606.csv,True,False,False,1751924994.1864777,272961.537361145
12149,1751924721.225185,1751924788.4061978,batch_consumer-sts-0_20250707_214631_439606.csv,True,False,False,1751924994.1864777,272961.29274368286
12159,1751924721.2254076,1751924788.433425,batch_consumer-sts-0_20250707_214631_439606.csv,True,False,False,1751924994.1864777,272961.07006073
12169,1751924721.2256377,1751924788.461094,batch_consumer-sts-0_20250707_214631_439606.csv,True,False,False,1751924994.1864777,272960.83998680115
12179,1751924721.225875,1751924788.4886613,batch_consumer-sts-0_20250707_214631_439606.csv,True,False,False,1751924994.1864777,272960.60276031494
12189,1751924721.2261035,1751924788.515745,batch_consumer-sts-0_20250707_214631_439606.csv,True,False,False,1751924994.1864777,272960.3741168976
12199,1751924721.2263453,1751924788.5445683,batch_consumer-sts-0_20250707_214631_439606.csv,True,False,False,1751924994.1864777,272960.1323604584
12209,1751924721.22657,1751924788.57258,batch_consumer-sts-0_20250707_214631_439606.csv,True,False,False,1751924994.1864777,272959.90777015686
12219,1751924721.226799,1751924788.6005352,batch_consumer-sts-0_20250707_214631_439606.csv,True,False,False,1751924994.1864777,272959.67864990234
12229,1751924721.2270353,1751924788.628473,batch_consumer-sts-0_20250707_214631_439606.csv,True,False,False,1751924994.1864777,272959.44237709045
12239,1751924721.2272592,1751924788.6564858,batch_consumer-sts-0_20250707_214631_439606.csv,True,False,False,1751924994.1864777,272959.2185020447
12249,1751924721.2274835,1751924788.683643,batch_consumer-sts-0_20250707_214631_439606.csv,True,False,False,1751924994.1864777,272958.99415016174
12259,1751924721.2277164,1751924788.710538,batch_consumer-sts-0_20250707_214631_439606.csv,True,False,False,1751924994.1864777,272958.76121520996
12269,1751924721.227937,1751924788.7378173,batch_consumer-sts-0_20250707_214631_439606.csv,True,False,False,1751924994.1864777,272958.5406780243
12279,1751924721.2281628,1751924788.7643647,batch_consumer-sts-0_20250707_214631_439606.csv,True,False,False,1751924994.1864777,272958.3148956299
12289,1751924721.2283845,1751924788.7906542,batch_consumer-sts-0_20250707_214631_439606.csv,True,False,False,1751924994.1864777,272958.0931663513
12299,1751924721.2286148,1751924788.8171215,batch_consumer-sts-0_20250707_214631_439606.csv,True,False,False,1751924994.1864777,272957.8628540039
12309,1751924721.228837,1751924788.8447366,batch_consumer-sts-0_20250707_214631_439606.csv,True,False,False,1751924994.1864777,272957.6406478882
12319,1751924721.2290645,1751924788.872396,batch_consumer-sts-0_20250707_214631_439606.csv,True,False,False,1751924994.1864777,272957.4131965637
12329,1751924721.229292,1751924788.8996708,batch_consumer-sts-0_20250707_214631_439606.csv,True,False,False,1751924994.1864777,272957.18574523926
12339,1751924721.229544,1751924788.9267387,batch_consumer-sts-0_20250707_214631_439606.csv,True,False,False,1751924994.1864777,272956.93373680115
12349,1751924721.2297752,1751924788.9538572,batch_consumer-sts-0_20250707_214631_439606.csv,True,False,False,1751924994.1864777,272956.7024707794
12359,1751924721.230004,1751924788.981007,batch_consumer-sts-0_20250707_214631_439606.csv,True,False,False,1751924994.1864777,272956.4735889435
12369,1751924721.230245,1751924789.0077813,batch_consumer-sts-0_20250707_214631_439606.csv,True,False,False,1751924994.1864777,272956.23254776
12379,1751924721.2304742,1751924789.0353005,batch_consumer-sts-0_20250707_214631_439606.csv,True,False,False,1751924994.1864777,272956.0034275055
12389,1751924721.2306998,1751924789.0618527,batch_consumer-sts-0_20250707_214631_439606.csv,True,False,False,1751924994.1864777,272955.77788352966
12399,1751924721.230926,1751924789.0894454,batch_consumer-sts-0_20250707_214631_439606.csv,True,False,False,1751924994.1864777,272955.5516242981
12409,1751924721.231151,1751924789.1164677,batch_consumer-sts-0_20250707_214631_439606.csv,True,False,False,1751924994.1864777,272955.3265571594
12419,1751924721.231395,1751924789.1444864,batch_consumer-sts-0_20250707_214631_439606.csv,True,False,False,1751924994.1864777,272955.082654953
12429,1751924721.2316194,1751924789.1719632,batch_consumer-sts-0_20250707_214631_439606.csv,True,False,False,1751924994.1864777,272954.85830307007
12439,1751924721.231911,1751924789.199427,batch_consumer-sts-0_20250707_214631_439606.csv,True,False,False,1751924994.1864777,272954.5667171478
12449,1751924721.2322795,1751924789.2273023,batch_consumer-sts-0_20250707_214631_439606.csv,True,False,False,1751924994.1864777,272954.19812202454
12459,1751924721.2326782,1751924789.255012,batch_consumer-sts-0_20250707_214631_439606.csv,True,False,False,1751924994.1864777,272953.7994861603
12469,1751924721.2330627,1751924789.2828405,batch_consumer-sts-0_20250707_214631_439606.csv,True,False,False,1751924994.1864777,272953.4149169922
12479,1751924721.233523,1751924789.3099704,batch_consumer-sts-0_20250707_214631_439606.csv,True,False,False,1751924994.1864777,272952.9547691345
12489,1751924721.2339845,1751924789.338954,batch_consumer-sts-0_20250707_214631_439606.csv,True,False,False,1751924994.1864777,272952.4931907654
12499,1751924721.2344546,1751924789.3670704,batch_consumer-sts-0_20250707_214631_439606.csv,True,False,False,1751924994.1864777,272952.0230293274
12509,1751924721.2348294,1751924789.3948326,batch_consumer-sts-0_20250707_214631_439606.csv,True,False,False,1751924994.1864777,272951.64823532104
12519,1751924721.2350948,1751924789.4218016,batch_consumer-sts-0_20250707_214631_439606.csv,True,False,False,1751924994.1864777,272951.3828754425
12529,1751924721.2353392,1751924789.449802,batch_consumer-sts-0_20250707_214631_439606.csv,True,False,False,1751924994.1864777,272951.1384963989
12539,1751924721.2355857,1751924789.4776812,batch_consumer-sts-0_20250707_214631_439606.csv,True,False,False,1751924994.1864777,272950.89197158813
12549,1751924721.235818,1751924789.5062528,batch_consumer-sts-0_20250707_214631_439606.csv,True,False,False,1751924994.1864777,272950.6597518921
12559,1751924721.236051,1751924789.5341651,batch_consumer-sts-0_20250707_214631_439606.csv,True,False,False,1751924994.1864777,272950.4265785217
12569,1751924721.2362795,1751924789.5619037,batch_consumer-sts-0_20250707_214631_439606.csv,True,False,False,1751924994.1864777,272950.19817352295
12579,1751924721.2365167,1751924789.5924363,batch_consumer-sts-0_20250707_214631_439606.csv,True,False,False,1751924994.1864777,272949.96094703674
12589,1751924721.2367463,1751924789.6191146,batch_consumer-sts-0_20250707_214631_439606.csv,True,False,False,1751924994.1864777,272949.73134994507
12599,1751924721.2369742,1751924789.647178,batch_consumer-sts-0_20250707_214631_439606.csv,True,False,False,1751924994.1864777,272949.50342178345
12609,1751924721.2372012,1751924789.6743228,batch_consumer-sts-0_20250707_214631_439606.csv,True,False,False,1751924994.1864777,272949.27644729614
12619,1751924721.2374232,1751924789.7010906,batch_consumer-sts-0_20250707_214631_439606.csv,True,False,False,1751924994.1864777,272949.054479599
12629,1751924721.237646,1751924789.8648386,batch_consumer-sts-0_20250707_214631_439606.csv,True,False,False,1751924994.1864777,272948.83155822754
12639,1751924721.237885,1751924789.8922272,batch_consumer-sts-0_20250707_214631_439606.csv,True,False,False,1751924994.1864777,272948.5926628113
12649,1751924721.2380884,1751924789.9186585,batch_consumer-sts-0_20250707_214631_439606.csv,True,False,False,1751924994.1864777,272948.3892917633
12659,1751924721.2383244,1751924789.9459648,batch_consumer-sts-0_20250707_214631_439606.csv,True,False,False,1751924994.1864777,272948.15325737
12669,1751924721.238588,1751924789.97512,batch_consumer-sts-0_20250707_214631_439606.csv,True,False,False,1751924994.1864777,272947.8895664215
12679,1751924721.2388277,1751924790.0024574,batch_consumer-sts-0_20250707_214631_439606.csv,True,False,False,1751924994.1864777,272947.6499557495
12689,1751924721.239058,1751924790.0299363,batch_consumer-sts-0_20250707_214631_439606.csv,True,False,False,1751924994.1864777,272947.4196434021
12699,1751924721.2392826,1751924790.057681,batch_consumer-sts-0_20250707_214631_439606.csv,True,False,False,1751924994.1864777,272947.1950531006
12709,1751924721.2395177,1751924790.085294,batch_consumer-sts-0_20250707_214631_439606.csv,True,False,False,1751924994.1864777,272946.9599723816
12719,1751924721.2397532,1751924790.1121051,batch_consumer-sts-0_20250707_214631_439606.csv,True,False,False,1751924994.1864777,272946.72441482544
12729,1751924721.2399752,1751924790.139856,batch_consumer-sts-0_20250707_214631_439606.csv,True,False,False,1751924994.1864777,272946.5024471283
12739,1751924721.2402017,1751924790.1673636,batch_consumer-sts-0_20250707_214631_439606.csv,True,False,False,1751924994.1864777,272946.27594947815
12749,1751924721.2404342,1751924790.1948156,batch_consumer-sts-0_20250707_214631_439606.csv,True,False,False,1751924994.1864777,272946.0434913635
12759,1751924721.2406664,1751924790.221625,batch_consumer-sts-0_20250707_214631_439606.csv,True,False,False,1751924994.1864777,272945.8112716675
12769,1751924721.240904,1751924790.2496524,batch_consumer-sts-0_20250707_214631_439606.csv,True,False,False,1751924994.1864777,272945.5735683441
12779,1751924721.2411294,1751924790.2770972,batch_consumer-sts-0_20250707_214631_439606.csv,True,False,False,1751924994.1864777,272945.34826278687
12789,1751924721.2413688,1751924790.3040757,batch_consumer-sts-0_20250707_214631_439606.csv,True,False,False,1751924994.1864777,272945.10889053345
12799,1751924721.2415931,1751924790.331699,batch_consumer-sts-0_20250707_214631_439606.csv,True,False,False,1751924994.1864777,272944.8845386505
12809,1751924721.2418218,1751924790.3594866,batch_consumer-sts-0_20250707_214631_439606.csv,True,False,False,1751924994.1864777,272944.65589523315
12819,1751924721.2420492,1751924790.3875637,batch_consumer-sts-0_20250707_214631_439606.csv,True,False,False,1751924994.1864777,272944.4284439087
12829,1751924721.2422955,1751924790.414764,batch_consumer-sts-0_20250707_214631_439606.csv,True,False,False,1751924994.1864777,272944.1821575165
12839,1751924721.2425363,1751924790.44272,batch_consumer-sts-0_20250707_214631_439606.csv,True,False,False,1751924994.1864777,272943.9413547516
12849,1751924721.2427616,1751924790.470747,batch_consumer-sts-0_20250707_214631_439606.csv,True,False,False,1751924994.1864777,272943.71604919434
12859,1751924721.2429929,1751924790.9350977,batch_consumer-sts-0_20250707_214631_439606.csv,True,False,False,1751924994.1864777,272943.4847831726
12869,1751924721.243223,1751924790.9683638,batch_consumer-sts-0_20250707_214631_439606.csv,True,False,False,1751924994.1864777,272943.2547092438
12879,1751924721.2434485,1751924790.996269,batch_consumer-sts-0_20250707_214631_439606.csv,True,False,False,1751924994.1864777,272943.02916526794
12889,1751924721.2436693,1751924791.0234363,batch_consumer-sts-0_20250707_214631_439606.csv,True,False,False,1751924994.1864777,272942.8083896637
12899,1751924721.2438955,1751924791.0509608,batch_consumer-sts-0_20250707_214631_439606.csv,True,False,False,1751924994.1864777,272942.5821304321
12909,1751924721.2441282,1751924791.078586,batch_consumer-sts-0_20250707_214631_439606.csv,True,False,False,1751924994.1864777,272942.3494338989
12919,1751924721.2443569,1751924791.1055615,batch_consumer-sts-0_20250707_214631_439606.csv,True,False,False,1751924994.1864777,272942.12079048157
12929,1751924721.2445922,1751924791.1329384,batch_consumer-sts-0_20250707_214631_439606.csv,True,False,False,1751924994.1864777,272941.885471344
12939,1751924721.244819,1751924791.1606936,batch_consumer-sts-0_20250707_214631_439606.csv,True,False,False,1751924994.1864777,272941.65873527527
12949,1751924721.2450483,1751924791.1887355,batch_consumer-sts-0_20250707_214631_439606.csv,True,False,False,1751924994.1864777,272941.4293766022
12959,1751924721.245273,1751924791.215432,batch_consumer-sts-0_20250707_214631_439606.csv,True,False,False,1751924994.1864777,272941.2045478821
12969,1751924721.245505,1751924791.242846,batch_consumer-sts-0_20250707_214631_439606.csv,True,False,False,1751924994.1864777,272940.9725666046
12979,1751924721.245726,1751924791.2704346,batch_consumer-sts-0_20250707_214631_439606.csv,True,False,False,1751924994.1864777,272940.7515525818
12989,1751924721.2459495,1751924791.2983966,batch_consumer-sts-0_20250707_214631_439606.csv,True,False,False,1751924994.1864777,272940.52815437317
12999,1751924721.2461846,1751924791.3240726,batch_consumer-sts-0_20250707_214631_439606.csv,True,False,False,1751924994.1864777,272940.2930736542
13009,1751924721.2464166,1751924791.3515906,batch_consumer-sts-0_20250707_214631_439606.csv,True,False,False,1751924994.1864777,272940.0610923767
13019,1751924721.2466395,1751924791.384688,batch_consumer-sts-0_20250707_214631_439606.csv,True,False,False,1751924994.1864777,272939.83817100525
13029,1751924721.2469,1751924791.4113584,batch_consumer-sts-0_20250707_214631_439606.csv,True,False,False,1751924994.1864777,272939.5775794983
13039,1751924721.247131,1751924792.6950293,batch_consumer-sts-0_20250707_214635_755380.csv,True,False,False,1751924994.1864777,272939.34655189514
13049,1751924721.247363,1751924792.7681434,batch_consumer-sts-0_20250707_214635_755380.csv,True,False,False,1751924994.1864777,272939.1145706177
13059,1751924721.2475948,1751924792.7957616,batch_consumer-sts-0_20250707_214635_755380.csv,True,False,False,1751924994.1864777,272938.8828277588
13069,1751924721.247816,1751924792.830493,batch_consumer-sts-0_20250707_214635_755380.csv,True,False,False,1751924994.1864777,272938.6615753174
13079,1751924721.2480392,1751924792.858,batch_consumer-sts-0_20250707_214635_755380.csv,True,False,False,1751924994.1864777,272938.43841552734
13089,1751924721.2482696,1751924792.8856907,batch_consumer-sts-0_20250707_214635_755380.csv,True,False,False,1751924994.1864777,272938.20810317993
13099,1751924721.2484956,1751924792.9126348,batch_consumer-sts-0_20250707_214635_755380.csv,True,False,False,1751924994.1864777,272937.98208236694
13109,1751924721.2487233,1751924792.9402652,batch_consumer-sts-0_20250707_214635_755380.csv,True,False,False,1751924994.1864777,272937.7543926239
13119,1751924721.2489548,1751924792.9668996,batch_consumer-sts-0_20250707_214635_755380.csv,True,False,False,1751924994.1864777,272937.5228881836
13129,1751924721.2491777,1751924792.994403,batch_consumer-sts-0_20250707_214635_755380.csv,True,False,False,1751924994.1864777,272937.29996681213
13139,1751924721.2494066,1751924793.0210087,batch_consumer-sts-0_20250707_214635_755380.csv,True,False,False,1751924994.1864777,272937.0710849762
13149,1751924721.2496395,1751924793.048763,batch_consumer-sts-0_20250707_214635_755380.csv,True,False,False,1751924994.1864777,272936.8381500244
13159,1751924721.2498727,1751924793.0764031,batch_consumer-sts-0_20250707_214635_755380.csv,True,False,False,1751924994.1864777,272936.60497665405
13169,1751924721.250098,1751924793.1034403,batch_consumer-sts-0_20250707_214635_755380.csv,True,False,False,1751924994.1864777,272936.3796710968
13179,1751924721.250335,1751924793.132805,batch_consumer-sts-0_20250707_214635_755380.csv,True,False,False,1751924994.1864777,272936.1426830292
13189,1751924721.2505646,1751924793.1604838,batch_consumer-sts-0_20250707_214635_755380.csv,True,False,False,1751924994.1864777,272935.9130859375
13199,1751924721.250794,1751924793.188449,batch_consumer-sts-0_20250707_214635_755380.csv,True,False,False,1751924994.1864777,272935.6837272644
13209,1751924721.2510176,1751924793.2152903,batch_consumer-sts-0_20250707_214635_755380.csv,True,False,False,1751924994.1864777,272935.4600906372
13219,1751924721.251245,1751924793.242839,batch_consumer-sts-0_20250707_214635_755380.csv,True,False,False,1751924994.1864777,272935.23263931274
13229,1751924721.2514777,1751924793.2707157,batch_consumer-sts-0_20250707_214635_755380.csv,True,False,False,1751924994.1864777,272934.99994277954
13239,1751924721.2517056,1751924793.2986996,batch_consumer-sts-0_20250707_214635_755380.csv,True,False,False,1751924994.1864777,272934.7720146179
13249,1751924721.2519388,1751924793.3254778,batch_consumer-sts-0_20250707_214635_755380.csv,True,False,False,1751924994.1864777,272934.53884124756
13259,1751924721.25217,1751924793.3526847,batch_consumer-sts-0_20250707_214635_755380.csv,True,False,False,1751924994.1864777,272934.30757522583
13269,1751924721.25239,1751924793.3811257,batch_consumer-sts-0_20250707_214635_755380.csv,True,False,False,1751924994.1864777,272934.0877532959
13279,1751924721.2525702,1751924793.408218,batch_consumer-sts-0_20250707_214635_755380.csv,True,False,False,1751924994.1864777,272933.9075088501
13289,1751924721.2527554,1751924793.4346445,batch_consumer-sts-0_20250707_214635_755380.csv,True,False,False,1751924994.1864777,272933.72225761414
13299,1751924721.252925,1751924793.462355,batch_consumer-sts-0_20250707_214635_755380.csv,True,False,False,1751924994.1864777,272933.5527420044
13309,1751924721.253101,1751924793.490405,batch_consumer-sts-0_20250707_214635_755380.csv,True,False,False,1751924994.1864777,272933.37655067444
13319,1751924721.253278,1751924793.5175316,batch_consumer-sts-0_20250707_214635_755380.csv,True,False,False,1751924994.1864777,272933.19964408875
13329,1751924721.253455,1751924793.5452466,batch_consumer-sts-0_20250707_214635_755380.csv,True,False,False,1751924994.1864777,272933.02273750305
13339,1751924721.2536256,1751924793.5734024,batch_consumer-sts-0_20250707_214635_755380.csv,True,False,False,1751924994.1864777,272932.8520298004
13349,1751924721.253827,1751924793.6010673,batch_consumer-sts-0_20250707_214635_755380.csv,True,False,False,1751924994.1864777,272932.6505661011
13359,1751924721.25401,1751924793.6288528,batch_consumer-sts-0_20250707_214635_755380.csv,True,False,False,1751924994.1864777,272932.4676990509
13369,1751924721.254228,1751924793.6567168,batch_consumer-sts-0_20250707_214635_755380.csv,True,False,False,1751924994.1864777,272932.249546051
13379,1751924721.2544615,1751924793.6843565,batch_consumer-sts-0_20250707_214635_755380.csv,True,False,False,1751924994.1864777,272932.0161342621
13389,1751924721.2546873,1751924793.7102966,batch_consumer-sts-0_20250707_214635_755380.csv,True,False,False,1751924994.1864777,272931.7903518677
13399,1751924721.2549138,1751924793.738211,batch_consumer-sts-0_20250707_214635_755380.csv,True,False,False,1751924994.1864777,272931.56385421753
13409,1751924721.2551432,1751924793.764923,batch_consumer-sts-0_20250707_214635_755380.csv,True,False,False,1751924994.1864777,272931.33449554443
13419,1751924721.255371,1751924793.792318,batch_consumer-sts-0_20250707_214635_755380.csv,True,False,False,1751924994.1864777,272931.1065673828
13429,1751924721.255601,1751924793.818146,batch_consumer-sts-0_20250707_214635_755380.csv,True,False,False,1751924994.1864777,272930.87673187256
13439,1751924721.2558303,1751924793.846077,batch_consumer-sts-0_20250707_214635_755380.csv,True,False,False,1751924994.1864777,272930.64737319946
13449,1751924721.2560608,1751924793.8738818,batch_consumer-sts-0_20250707_214635_755380.csv,True,False,False,1751924994.1864777,272930.4168224335
13459,1751924721.256305,1751924793.9015875,batch_consumer-sts-0_20250707_214635_755380.csv,True,False,False,1751924994.1864777,272930.1726818085
13469,1751924721.2565324,1751924793.9292188,batch_consumer-sts-0_20250707_214635_755380.csv,True,False,False,1751924994.1864777,272929.945230484
13479,1751924721.25676,1751924793.9573894,batch_consumer-sts-0_20250707_214635_755380.csv,True,False,False,1751924994.1864777,272929.71777915955
13489,1751924721.2569864,1751924793.9852636,batch_consumer-sts-0_20250707_214635_755380.csv,True,False,False,1751924994.1864777,272929.4912815094
13499,1751924721.2572117,1751924794.0115108,batch_consumer-sts-0_20250707_214635_755380.csv,True,False,False,1751924994.1864777,272929.26597595215
13509,1751924721.257435,1751924794.0389516,batch_consumer-sts-0_20250707_214635_755380.csv,True,False,False,1751924994.1864777,272929.04257774353
13519,1751924721.2576578,1751924794.0671482,batch_consumer-sts-0_20250707_214635_755380.csv,True,False,False,1751924994.1864777,272928.81989479065
13529,1751924721.257879,1751924794.0949037,batch_consumer-sts-0_20250707_214635_755380.csv,True,False,False,1751924994.1864777,272928.59864234924
13539,1751924721.258114,1751924794.1216784,batch_consumer-sts-0_20250707_214635_755380.csv,True,False,False,1751924994.1864777,272928.36356163025
13549,1751924721.2583582,1751924794.149397,batch_consumer-sts-0_20250707_214635_755380.csv,True,False,False,1751924994.1864777,272928.11942100525
13559,1751924721.258588,1751924794.1768413,batch_consumer-sts-0_20250707_214635_755380.csv,True,False,False,1751924994.1864777,272927.889585495
13569,1751924721.2588158,1751924794.20402,batch_consumer-sts-0_20250707_214635_755380.csv,True,False,False,1751924994.1864777,272927.66189575195
13579,1751924721.2590368,1751924794.2311869,batch_consumer-sts-0_20250707_214635_755380.csv,True,False,False,1751924994.1864777,272927.4408817291
13589,1751924721.2592669,1751924794.258257,batch_consumer-sts-0_20250707_214635_755380.csv,True,False,False,1751924994.1864777,272927.2108078003
13599,1751924721.259498,1751924794.284567,batch_consumer-sts-0_20250707_214635_755380.csv,True,False,False,1751924994.1864777,272926.97978019714
13609,1751924721.2597263,1751924794.3110068,batch_consumer-sts-0_20250707_214635_755380.csv,True,False,False,1751924994.1864777,272926.75137519836
13619,1751924721.259957,1751924794.3380098,batch_consumer-sts-0_20250707_214635_755380.csv,True,False,False,1751924994.1864777,272926.5205860138
13629,1751924721.2601826,1751924794.365343,batch_consumer-sts-0_20250707_214635_755380.csv,True,False,False,1751924994.1864777,272926.29504203796
13639,1751924721.260405,1751924794.3922763,batch_consumer-sts-0_20250707_214635_755380.csv,True,False,False,1751924994.1864777,272926.07259750366
13649,1751924721.260631,1751924794.418483,batch_consumer-sts-0_20250707_214635_755380.csv,True,False,False,1751924994.1864777,272925.8465766907
13659,1751924721.2608554,1751924794.4459095,batch_consumer-sts-0_20250707_214635_755380.csv,True,False,False,1751924994.1864777,272925.62222480774
13669,1751924721.2610872,1751924794.473824,batch_consumer-sts-0_20250707_214635_755380.csv,True,False,False,1751924994.1864777,272925.39048194885
13679,1751924721.2613106,1751924794.5012867,batch_consumer-sts-0_20250707_214635_755380.csv,True,False,False,1751924994.1864777,272925.16708374023
13689,1751924721.2615428,1751924794.5287402,batch_consumer-sts-0_20250707_214635_755380.csv,True,False,False,1751924994.1864777,272924.9348640442
13699,1751924721.2617755,1751924794.5564778,batch_consumer-sts-0_20250707_214635_755380.csv,True,False,False,1751924994.1864777,272924.702167511
13709,1751924721.2620025,1751924794.5839193,batch_consumer-sts-0_20250707_214635_755380.csv,True,False,False,1751924994.1864777,272924.4751930237
13719,1751924721.2734056,1751924794.6109755,batch_consumer-sts-0_20250707_214635_755380.csv,True,False,False,1751924994.1864777,272913.0721092224
13729,1751924721.2737932,1751924794.6386728,batch_consumer-sts-0_20250707_214635_755380.csv,True,False,False,1751924994.1864777,272912.6844406128
13739,1751924721.2740724,1751924794.6666305,batch_consumer-sts-0_20250707_214635_755380.csv,True,False,False,1751924994.1864777,272912.40525245667
13749,1751924721.2744148,1751924794.6944036,batch_consumer-sts-0_20250707_214635_755380.csv,True,False,False,1751924994.1864777,272912.0628833771
13759,1751924721.274757,1751924794.7207546,batch_consumer-sts-0_20250707_214635_755380.csv,True,False,False,1751924994.1864777,272911.72075271606
13769,1751924721.2750907,1751924794.748098,batch_consumer-sts-0_20250707_214635_755380.csv,True,False,False,1751924994.1864777,272911.3869667053
13779,1751924721.275324,1751924794.7755177,batch_consumer-sts-0_20250707_214635_755380.csv,True,False,False,1751924994.1864777,272911.1535549164
13789,1751924721.2756107,1751924794.80327,batch_consumer-sts-0_20250707_214635_755380.csv,True,False,False,1751924994.1864777,272910.8669757843
13799,1751924721.2759497,1751924794.8304307,batch_consumer-sts-0_20250707_214635_755380.csv,True,False,False,1751924994.1864777,272910.5279445648
13809,1751924721.2762597,1751924794.9129314,batch_consumer-sts-0_20250707_214635_755380.csv,True,False,False,1751924994.1864777,272910.218000412
13819,1751924721.2766025,1751924794.9404352,batch_consumer-sts-0_20250707_214635_755380.csv,True,False,False,1751924994.1864777,272909.87515449524
17539,1751924721.421436,1751924794.967962,batch_consumer-sts-0_20250707_214635_755380.csv,True,False,False,1751924994.1864777,272765.04158973694
17549,1751924721.4216676,1751924794.9956765,batch_consumer-sts-0_20250707_214635_755380.csv,True,False,False,1751924994.1864777,272764.81008529663
17559,1751924721.421906,1751924795.022512,batch_consumer-sts-0_20250707_214635_755380.csv,True,False,False,1751924994.1864777,272764.57166671753
17569,1751924721.4221442,1751924795.05042,batch_consumer-sts-0_20250707_214635_755380.csv,True,False,False,1751924994.1864777,272764.333486557
17579,1751924721.4223783,1751924795.0781076,batch_consumer-sts-0_20250707_214635_755380.csv,True,False,False,1751924994.1864777,272764.0993595123
17589,1751924721.4226196,1751924795.1052394,batch_consumer-sts-0_20250707_214635_755380.csv,True,False,False,1751924994.1864777,272763.8580799103
17599,1751924721.42285,1751924795.132857,batch_consumer-sts-0_20250707_214635_755380.csv,True,False,False,1751924994.1864777,272763.62776756287
17609,1751924721.4230738,1751924795.1606898,batch_consumer-sts-0_20250707_214635_755380.csv,True,False,False,1751924994.1864777,272763.4038925171
17619,1751924721.4233067,1751924795.18834,batch_consumer-sts-0_20250707_214635_755380.csv,True,False,False,1751924994.1864777,272763.1709575653
17629,1751924721.4235375,1751924795.2153656,batch_consumer-sts-0_20250707_214635_755380.csv,True,False,False,1751924994.1864777,272762.94016838074
17639,1751924721.423769,1751924795.3090365,batch_consumer-sts-0_20250707_214635_755380.csv,True,False,False,1751924994.1864777,272762.70866394043
17649,1751924721.4240005,1751924795.3364367,batch_consumer-sts-0_20250707_214635_755380.csv,True,False,False,1751924994.1864777,272762.4771595001
17659,1751924721.4242363,1751924795.3636,batch_consumer-sts-0_20250707_214635_755380.csv,True,False,False,1751924994.1864777,272762.2413635254
17669,1751924721.4244657,1751924795.3910112,batch_consumer-sts-0_20250707_214635_755380.csv,True,False,False,1751924994.1864777,272762.0120048523
17679,1751924721.4246976,1751924795.417342,batch_consumer-sts-0_20250707_214635_755380.csv,True,False,False,1751924994.1864777,272761.7800235748
17689,1751924721.4249363,1751924795.4448192,batch_consumer-sts-0_20250707_214635_755380.csv,True,False,False,1751924994.1864777,272761.54136657715
17699,1751924721.425173,1751924795.4728355,batch_consumer-sts-0_20250707_214635_755380.csv,True,False,False,1751924994.1864777,272761.3046169281
17709,1751924721.4254053,1751924795.5004816,batch_consumer-sts-0_20250707_214635_755380.csv,True,False,False,1751924994.1864777,272761.07239723206
17719,1751924721.425638,1751924795.527584,batch_consumer-sts-0_20250707_214635_755380.csv,True,False,False,1751924994.1864777,272760.83970069885
17729,1751924721.4258692,1751924795.5549655,batch_consumer-sts-0_20250707_214635_755380.csv,True,False,False,1751924994.1864777,272760.6084346771
17739,1751924721.4260948,1751924795.5825343,batch_consumer-sts-0_20250707_214635_755380.csv,True,False,False,1751924994.1864777,272760.3828907013
17749,1751924721.4263394,1751924795.9957666,batch_consumer-sts-0_20250707_214639_735669.csv,True,False,False,1751924994.1864777,272760.13827323914
17759,1751924721.4265654,1751924796.02321,batch_consumer-sts-0_20250707_214639_735669.csv,True,False,False,1751924994.1864777,272759.91225242615
17769,1751924721.4267983,1751924796.0506742,batch_consumer-sts-0_20250707_214639_735669.csv,True,False,False,1751924994.1864777,272759.67931747437
17779,1751924721.4270315,1751924796.0780742,batch_consumer-sts-0_20250707_214639_735669.csv,True,False,False,1751924994.1864777,272759.446144104
17789,1751924721.4272652,1751924796.1051004,batch_consumer-sts-0_20250707_214639_735669.csv,True,False,False,1751924994.1864777,272759.2124938965
17799,1751924721.427503,1751924796.132537,batch_consumer-sts-0_20250707_214639_735669.csv,True,False,False,1751924994.1864777,272758.97455215454
17809,1751924721.4277356,1751924796.159909,batch_consumer-sts-0_20250707_214639_735669.csv,True,False,False,1751924994.1864777,272758.7420940399
17819,1751924721.4279635,1751924796.187498,batch_consumer-sts-0_20250707_214639_735669.csv,True,False,False,1751924994.1864777,272758.5141658783
17829,1751924721.4281995,1751924796.214264,batch_consumer-sts-0_20250707_214639_735669.csv,True,False,False,1751924994.1864777,272758.278131485
17839,1751924721.4284303,1751924796.2409549,batch_consumer-sts-0_20250707_214639_735669.csv,True,False,False,1751924994.1864777,272758.0473423004
17849,1751924721.4286623,1751924796.2685745,batch_consumer-sts-0_20250707_214639_735669.csv,True,False,False,1751924994.1864777,272757.81536102295
17859,1751924721.4288917,1751924796.2963238,batch_consumer-sts-0_20250707_214639_735669.csv,True,False,False,1751924994.1864777,272757.58600234985
17869,1751924721.4291255,1751924796.3240464,batch_consumer-sts-0_20250707_214639_735669.csv,True,False,False,1751924994.1864777,272757.35211372375
17879,1751924721.4293592,1751924796.3516634,batch_consumer-sts-0_20250707_214639_735669.csv,True,False,False,1751924994.1864777,272757.11846351624
17889,1751924721.4295895,1751924796.379413,batch_consumer-sts-0_20250707_214639_735669.csv,True,False,False,1751924994.1864777,272756.8881511688
17899,1751924721.429844,1751924796.406637,batch_consumer-sts-0_20250707_214639_735669.csv,True,False,False,1751924994.1864777,272756.6337585449
17909,1751924721.4300754,1751924796.433798,batch_consumer-sts-0_20250707_214639_735669.csv,True,False,False,1751924994.1864777,272756.4022541046
17919,1751924721.4303143,1751924796.4613342,batch_consumer-sts-0_20250707_214639_735669.csv,True,False,False,1751924994.1864777,272756.16335868835
17929,1751924721.4305482,1751924796.4879017,batch_consumer-sts-0_20250707_214639_735669.csv,True,False,False,1751924994.1864777,272755.92947006226
17939,1751924721.430787,1751924796.5145514,batch_consumer-sts-0_20250707_214639_735669.csv,True,False,False,1751924994.1864777,272755.690574646
17949,1751924721.431018,1751924796.542137,batch_consumer-sts-0_20250707_214639_735669.csv,True,False,False,1751924994.1864777,272755.45954704285
17959,1751924721.4312468,1751924796.5697508,batch_consumer-sts-0_20250707_214639_735669.csv,True,False,False,1751924994.1864777,272755.2309036255
17969,1751924721.4314723,1751924796.5971107,batch_consumer-sts-0_20250707_214639_735669.csv,True,False,False,1751924994.1864777,272755.00535964966
17979,1751924721.431704,1751924796.6242647,batch_consumer-sts-0_20250707_214639_735669.csv,True,False,False,1751924994.1864777,272754.7736167908
17989,1751924721.431924,1751924796.650577,batch_consumer-sts-0_20250707_214639_735669.csv,True,False,False,1751924994.1864777,272754.55355644226
17999,1751924721.432154,1751924796.677745,batch_consumer-sts-0_20250707_214639_735669.csv,True,False,False,1751924994.1864777,272754.323720932
18009,1751924721.4323428,1751924796.7043705,batch_consumer-sts-0_20250707_214639_735669.csv,True,False,False,1751924994.1864777,272754.13489341736
18019,1751924721.4325366,1751924796.7324378,batch_consumer-sts-0_20250707_214639_735669.csv,True,False,False,1751924994.1864777,272753.94105911255
18029,1751924721.4327266,1751924796.7635553,batch_consumer-sts-0_20250707_214639_735669.csv,True,False,False,1751924994.1864777,272753.751039505
18039,1751924721.4329827,1751924796.7910948,batch_consumer-sts-0_20250707_214639_735669.csv,True,False,False,1751924994.1864777,272753.49497795105
18049,1751924721.4331985,1751924796.8181107,batch_consumer-sts-0_20250707_214639_735669.csv,True,False,False,1751924994.1864777,272753.27920913696
18059,1751924721.433391,1751924796.8452916,batch_consumer-sts-0_20250707_214639_735669.csv,True,False,False,1751924994.1864777,272753.08656692505
18069,1751924721.433616,1751924796.8732677,batch_consumer-sts-0_20250707_214639_735669.csv,True,False,False,1751924994.1864777,272752.86173820496
18079,1751924721.4338317,1751924796.8998995,batch_consumer-sts-0_20250707_214639_735669.csv,True,False,False,1751924994.1864777,272752.64596939087
18089,1751924721.4340434,1751924796.9273188,batch_consumer-sts-0_20250707_214639_735669.csv,True,False,False,1751924994.1864777,272752.4342536926
18099,1751924721.4342551,1751924796.954824,batch_consumer-sts-0_20250707_214639_735669.csv,True,False,False,1751924994.1864777,272752.2225379944
18109,1751924721.4344914,1751924796.9826603,batch_consumer-sts-0_20250707_214639_735669.csv,True,False,False,1751924994.1864777,272751.9862651825
18119,1751924721.4347234,1751924797.0097158,batch_consumer-sts-0_20250707_214639_735669.csv,True,False,False,1751924994.1864777,272751.75428390503
18129,1751924721.4349637,1751924797.037284,batch_consumer-sts-0_20250707_214639_735669.csv,True,False,False,1751924994.1864777,272751.5139579773
18139,1751924721.435198,1751924797.0636992,batch_consumer-sts-0_20250707_214639_735669.csv,True,False,False,1751924994.1864777,272751.27959251404
18149,1751924721.4354334,1751924798.092944,batch_consumer-sts-0_20250707_214639_735669.csv,True,False,False,1751924994.1864777,272751.04427337646
18159,1751924721.4356709,1751924798.1196332,batch_consumer-sts-0_20250707_214639_735669.csv,True,False,False,1751924994.1864777,272750.8068084717
18169,1751924721.4359007,1751924798.1472745,batch_consumer-sts-0_20250707_214639_735669.csv,True,False,False,1751924994.1864777,272750.5769729614
18179,1751924721.4361348,1751924798.1744275,batch_consumer-sts-0_20250707_214639_735669.csv,True,False,False,1751924994.1864777,272750.34284591675
18189,1751924721.4363708,1751924798.2008064,batch_consumer-sts-0_20250707_214639_735669.csv,True,False,False,1751924994.1864777,272750.10681152344
18199,1751924721.436601,1751924798.2278302,batch_consumer-sts-0_20250707_214639_735669.csv,True,False,False,1751924994.1864777,272749.8767375946
18209,1751924721.4368303,1751924798.2556372,batch_consumer-sts-0_20250707_214639_735669.csv,True,False,False,1751924994.1864777,272749.6473789215
18219,1751924721.4370632,1751924798.2834432,batch_consumer-sts-0_20250707_214639_735669.csv,True,False,False,1751924994.1864777,272749.4144439697
18229,1751924721.4372976,1751924798.3104472,batch_consumer-sts-0_20250707_214639_735669.csv,True,False,False,1751924994.1864777,272749.18007850647
18239,1751924721.4375243,1751924798.338101,batch_consumer-sts-0_20250707_214639_735669.csv,True,False,False,1751924994.1864777,272748.95334243774
18249,1751924721.4377513,1751924798.365563,batch_consumer-sts-0_20250707_214639_735669.csv,True,False,False,1751924994.1864777,272748.72636795044
18259,1751924721.437983,1751924798.3937535,batch_consumer-sts-0_20250707_214639_735669.csv,True,False,False,1751924994.1864777,272748.49462509155
18269,1751924721.43823,1751924798.420646,batch_consumer-sts-0_20250707_214639_735669.csv,True,False,False,1751924994.1864777,272748.2476234436
18279,1751924721.4384644,1751924798.4484725,batch_consumer-sts-0_20250707_214639_735669.csv,True,False,False,1751924994.1864777,272748.01325798035
18289,1751924721.438692,1751924798.4764884,batch_consumer-sts-0_20250707_214639_735669.csv,True,False,False,1751924994.1864777,272747.7855682373
18299,1751924721.4389253,1751924798.5037646,batch_consumer-sts-0_20250707_214639_735669.csv,True,False,False,1751924994.1864777,272747.55239486694
18309,1751924721.4391563,1751924798.53139,batch_consumer-sts-0_20250707_214639_735669.csv,True,False,False,1751924994.1864777,272747.3213672638
18319,1751924721.439393,1751924798.558756,batch_consumer-sts-0_20250707_214639_735669.csv,True,False,False,1751924994.1864777,272747.08461761475
18329,1751924721.4396253,1751924798.5862768,batch_consumer-sts-0_20250707_214639_735669.csv,True,False,False,1751924994.1864777,272746.8523979187
18339,1751924721.4398522,1751924798.613037,batch_consumer-sts-0_20250707_214639_735669.csv,True,False,False,1751924994.1864777,272746.6254234314
18349,1751924721.4400797,1751924798.6402512,batch_consumer-sts-0_20250707_214639_735669.csv,True,False,False,1751924994.1864777,272746.39797210693
18359,1751924721.4403074,1751924798.666719,batch_consumer-sts-0_20250707_214639_735669.csv,True,False,False,1751924994.1864777,272746.1702823639
18369,1751924721.4405384,1751924798.6945622,batch_consumer-sts-0_20250707_214639_735669.csv,True,False,False,1751924994.1864777,272745.93925476074
18379,1751924721.4407766,1751924798.7213678,batch_consumer-sts-0_20250707_214639_735669.csv,True,False,False,1751924994.1864777,272745.7010746002
18389,1751924721.4410112,1751924798.7485936,batch_consumer-sts-0_20250707_214639_735669.csv,True,False,False,1751924994.1864777,272745.4664707184
18399,1751924721.4412446,1751924798.7763522,batch_consumer-sts-0_20250707_214639_735669.csv,True,False,False,1751924994.1864777,272745.23305892944
18409,1751924721.441487,1751924798.803738,batch_consumer-sts-0_20250707_214639_735669.csv,True,False,False,1751924994.1864777,272744.9905872345
18419,1751924721.4417272,1751924798.8312438,batch_consumer-sts-0_20250707_214639_735669.csv,True,False,False,1751924994.1864777,272744.75049972534
18429,1751924721.441962,1751924798.8578904,batch_consumer-sts-0_20250707_214639_735669.csv,True,False,False,1751924994.1864777,272744.5156574249
18439,1751924721.44221,1751924798.885764,batch_consumer-sts-0_20250707_214639_735669.csv,True,False,False,1751924994.1864777,272744.26770210266
18449,1751924721.4424438,1751924798.9126723,batch_consumer-sts-0_20250707_214639_735669.csv,True,False,False,1751924994.1864777,272744.03381347656
18459,1751924721.4426713,1751924798.939959,batch_consumer-sts-0_20250707_214639_735669.csv,True,False,False,1751924994.1864777,272743.8063621521
18469,1751924721.4429045,1751924798.9675453,batch_consumer-sts-0_20250707_214639_735669.csv,True,False,False,1751924994.1864777,272743.57318878174
18479,1751924721.4431396,1751924798.9949856,batch_consumer-sts-0_20250707_214639_735669.csv,True,False,False,1751924994.1864777,272743.33810806274
18489,1751924721.4433675,1751924799.0217707,batch_consumer-sts-0_20250707_214639_735669.csv,True,False,False,1751924994.1864777,272743.1101799011
18499,1751924721.4435964,1751924799.0494728,batch_consumer-sts-0_20250707_214639_735669.csv,True,False,False,1751924994.1864777,272742.8812980652
18509,1751924721.443838,1751924799.0769186,batch_consumer-sts-0_20250707_214639_735669.csv,True,False,False,1751924994.1864777,272742.63978004456
18519,1751924721.4440682,1751924799.1042216,batch_consumer-sts-0_20250707_214639_735669.csv,True,False,False,1751924994.1864777,272742.40946769714
18529,1751924721.4442987,1751924799.1313934,batch_consumer-sts-0_20250707_214639_735669.csv,True,False,False,1751924994.1864777,272742.17891693115
18539,1751924721.444528,1751924799.159593,batch_consumer-sts-0_20250707_214639_735669.csv,True,False,False,1751924994.1864777,272741.94955825806
18549,1751924721.4447622,1751924799.1877933,batch_consumer-sts-0_20250707_214639_735669.csv,True,False,False,1751924994.1864777,272741.7154312134
18559,1751924721.4449863,1751924799.2147331,batch_consumer-sts-0_20250707_214639_735669.csv,True,False,False,1751924994.1864777,272741.491317749
18569,1751924721.4452126,1751924799.2422714,batch_consumer-sts-0_20250707_214639_735669.csv,True,False,False,1751924994.1864777,272741.26505851746
18579,1751924721.445442,1751924799.26973,batch_consumer-sts-0_20250707_214639_735669.csv,True,False,False,1751924994.1864777,272741.03569984436
18589,1751924721.4456744,1751924799.2976344,batch_consumer-sts-0_20250707_214639_735669.csv,True,False,False,1751924994.1864777,272740.80324172974
18599,1751924721.4459274,1751924799.3246834,batch_consumer-sts-0_20250707_214639_735669.csv,True,False,False,1751924994.1864777,272740.5502796173
18609,1751924721.446167,1751924799.352369,batch_consumer-sts-0_20250707_214639_735669.csv,True,False,False,1751924994.1864777,272740.3106689453
18619,1751924721.4463992,1751924799.3802102,batch_consumer-sts-0_20250707_214639_735669.csv,True,False,False,1751924994.1864777,272740.07844924927
18629,1751924721.4466257,1751924799.4073384,batch_consumer-sts-0_20250707_214639_735669.csv,True,False,False,1751924994.1864777,272739.8519515991
18639,1751924721.446863,1751924799.435609,batch_consumer-sts-0_20250707_214639_735669.csv,True,False,False,1751924994.1864777,272739.6147251129
18649,1751924721.4470932,1751924799.463735,batch_consumer-sts-0_20250707_214639_735669.csv,True,False,False,1751924994.1864777,272739.3844127655
18659,1751924721.447323,1751924799.4913864,batch_consumer-sts-0_20250707_214639_735669.csv,True,False,False,1751924994.1864777,272739.15457725525
18669,1751924721.4475503,1751924799.5181055,batch_consumer-sts-0_20250707_214639_735669.csv,True,False,False,1751924994.1864777,272738.92736434937
18679,1751924721.447795,1751924799.5455844,batch_consumer-sts-0_20250707_214639_735669.csv,True,False,False,1751924994.1864777,272738.6827468872
18689,1751924721.4480162,1751924799.572796,batch_consumer-sts-0_20250707_214639_735669.csv,True,False,False,1751924994.1864777,272738.4614944458
18699,1751924721.448202,1751924799.600055,batch_consumer-sts-0_20250707_214639_735669.csv,True,False,False,1751924994.1864777,272738.2757663727
18709,1751924721.448401,1751924799.62777,batch_consumer-sts-0_20250707_214639_735669.csv,True,False,False,1751924994.1864777,272738.07668685913
18719,1751924721.4485917,1751924799.6554115,batch_consumer-sts-0_20250707_214639_735669.csv,True,False,False,1751924994.1864777,272737.88595199585
18729,1751924721.4487836,1751924799.6814494,batch_consumer-sts-0_20250707_214639_735669.csv,True,False,False,1751924994.1864777,272737.6940250397
18739,1751924721.4489725,1751924799.707985,batch_consumer-sts-0_20250707_214639_735669.csv,True,False,False,1751924994.1864777,272737.505197525
18749,1751924721.4491656,1751924799.9747548,batch_consumer-sts-0_20250707_214644_128331.csv,True,False,False,1751924994.1864777,272737.31207847595
18759,1751924721.4493582,1751924800.1703494,batch_consumer-sts-0_20250707_214644_128331.csv,True,False,False,1751924994.1864777,272737.11943626404
18769,1751924721.4495835,1751924800.1981523,batch_consumer-sts-0_20250707_214644_128331.csv,True,False,False,1751924994.1864777,272736.8941307068
18779,1751924721.4498346,1751924800.2250676,batch_consumer-sts-0_20250707_214644_128331.csv,True,False,False,1751924994.1864777,272736.643075943
18789,1751924721.450062,1751924800.252282,batch_consumer-sts-0_20250707_214644_128331.csv,True,False,False,1751924994.1864777,272736.41562461853
18799,1751924721.4503014,1751924800.2796106,batch_consumer-sts-0_20250707_214644_128331.csv,True,False,False,1751924994.1864777,272736.1762523651
18809,1751924721.4505262,1751924800.3064432,batch_consumer-sts-0_20250707_214644_128331.csv,True,False,False,1751924994.1864777,272735.951423645
18819,1751924721.4507608,1751924800.3338082,batch_consumer-sts-0_20250707_214644_128331.csv,True,False,False,1751924994.1864777,272735.7168197632
18829,1751924721.4509878,1751924800.3613584,batch_consumer-sts-0_20250707_214644_128331.csv,True,False,False,1751924994.1864777,272735.4898452759
18839,1751924721.4512231,1751924800.388889,batch_consumer-sts-0_20250707_214644_128331.csv,True,False,False,1751924994.1864777,272735.2545261383
18849,1751924721.451445,1751924800.4157114,batch_consumer-sts-0_20250707_214644_128331.csv,True,False,False,1751924994.1864777,272735.03255844116
18859,1751924721.4516747,1751924800.443296,batch_consumer-sts-0_20250707_214644_128331.csv,True,False,False,1751924994.1864777,272734.8029613495
18869,1751924721.4519055,1751924800.4712584,batch_consumer-sts-0_20250707_214644_128331.csv,True,False,False,1751924994.1864777,272734.5721721649
18879,1751924721.4521377,1751924800.499092,batch_consumer-sts-0_20250707_214644_128331.csv,True,False,False,1751924994.1864777,272734.3399524689
18889,1751924721.4523673,1751924800.5268204,batch_consumer-sts-0_20250707_214644_128331.csv,True,False,False,1751924994.1864777,272734.1103553772
18899,1751924721.4526055,1751924800.5546098,batch_consumer-sts-0_20250707_214644_128331.csv,True,False,False,1751924994.1864777,272733.8721752167
18909,1751924721.452839,1751924800.5822282,batch_consumer-sts-0_20250707_214644_128331.csv,True,False,False,1751924994.1864777,272733.63876342773
18919,1751924721.4530735,1751924800.609006,batch_consumer-sts-0_20250707_214644_128331.csv,True,False,False,1751924994.1864777,272733.4041595459
18929,1751924721.4533,1751924800.636624,batch_consumer-sts-0_20250707_214644_128331.csv,True,False,False,1751924994.1864777,272733.17766189575
18939,1751924721.4535272,1751924800.664378,batch_consumer-sts-0_20250707_214644_128331.csv,True,False,False,1751924994.1864777,272732.95044898987
18949,1751924721.4537644,1751924800.6921804,batch_consumer-sts-0_20250707_214644_128331.csv,True,False,False,1751924994.1864777,272732.71322250366
18959,1751924721.4539983,1751924800.719462,batch_consumer-sts-0_20250707_214644_128331.csv,True,False,False,1751924994.1864777,272732.47933387756
18969,1751924721.4542294,1751924800.9719214,batch_consumer-sts-0_20250707_214644_128331.csv,True,False,False,1751924994.1864777,272732.2483062744
18979,1751924721.4544585,1751924800.9995885,batch_consumer-sts-0_20250707_214644_128331.csv,True,False,False,1751924994.1864777,272732.0191860199
18989,1751924721.45469,1751924801.0275156,batch_consumer-sts-0_20250707_214644_128331.csv,True,False,False,1751924994.1864777,272731.7876815796
18999,1751924721.454926,1751924801.0548818,batch_consumer-sts-0_20250707_214644_128331.csv,True,False,False,1751924994.1864777,272731.5516471863
19009,1751924721.4551632,1751924801.0825346,batch_consumer-sts-0_20250707_214644_128331.csv,True,False,False,1751924994.1864777,272731.3144207001
19019,1751924721.4554026,1751924801.1092932,batch_consumer-sts-0_20250707_214644_128331.csv,True,False,False,1751924994.1864777,272731.07504844666
19029,1751924721.4556296,1751924801.136765,batch_consumer-sts-0_20250707_214644_128331.csv,True,False,False,1751924994.1864777,272730.84807395935
19039,1751924721.4558578,1751924801.1644957,batch_consumer-sts-0_20250707_214644_128331.csv,True,False,False,1751924994.1864777,272730.61990737915
19049,1751924721.4561355,1751924801.192514,batch_consumer-sts-0_20250707_214644_128331.csv,True,False,False,1751924994.1864777,272730.3421497345
19059,1751924721.456391,1751924801.2194157,batch_consumer-sts-0_20250707_214644_128331.csv,True,False,False,1751924994.1864777,272730.0865650177
19069,1751924721.4566407,1751924801.247439,batch_consumer-sts-0_20250707_214644_128331.csv,True,False,False,1751924994.1864777,272729.8369407654
19079,1751924721.4568748,1751924801.275036,batch_consumer-sts-0_20250707_214644_128331.csv,True,False,False,1751924994.1864777,272729.6028137207
19089,1751924721.4571106,1751924801.3026688,batch_consumer-sts-0_20250707_214644_128331.csv,True,False,False,1751924994.1864777,272729.367017746
19099,1751924721.4573455,1751924801.3303654,batch_consumer-sts-0_20250707_214644_128331.csv,True,False,False,1751924994.1864777,272729.13217544556
19109,1751924721.4575746,1751924801.3582845,batch_consumer-sts-0_20250707_214644_128331.csv,True,False,False,1751924994.1864777,272728.90305519104
19119,1751924721.4578023,1751924801.3861935,batch_consumer-sts-0_20250707_214644_128331.csv,True,False,False,1751924994.1864777,272728.675365448
19129,1751924721.458037,1751924801.4134214,batch_consumer-sts-0_20250707_214644_128331.csv,True,False,False,1751924994.1864777,272728.44076156616
19139,1751924721.4582753,1751924801.4417548,batch_consumer-sts-0_20250707_214644_128331.csv,True,False,False,1751924994.1864777,272728.20234298706
19149,1751924721.4585092,1751924801.470384,batch_consumer-sts-0_20250707_214644_128331.csv,True,False,False,1751924994.1864777,272727.96845436096
19159,1751924721.4587495,1751924801.4990048,batch_consumer-sts-0_20250707_214644_128331.csv,True,False,False,1751924994.1864777,272727.7281284332
19169,1751924721.4589736,1751924801.5339596,batch_consumer-sts-0_20250707_214644_128331.csv,True,False,False,1751924994.1864777,272727.5040149689
19179,1751924721.4592066,1751924801.5628965,batch_consumer-sts-0_20250707_214644_128331.csv,True,False,False,1751924994.1864777,272727.2710800171
19189,1751924721.4594393,1751924801.5903242,batch_consumer-sts-0_20250707_214644_128331.csv,True,False,False,1751924994.1864777,272727.0383834839
19199,1751924721.459667,1751924801.616371,batch_consumer-sts-0_20250707_214644_128331.csv,True,False,False,1751924994.1864777,272726.81069374084
19209,1751924721.4598992,1751924801.64446,batch_consumer-sts-0_20250707_214644_128331.csv,True,False,False,1751924994.1864777,272726.5784740448
19219,1751924721.4601338,1751924801.672266,batch_consumer-sts-0_20250707_214644_128331.csv,True,False,False,1751924994.1864777,272726.34387016296
19229,1751924721.460368,1751924801.6998775,batch_consumer-sts-0_20250707_214644_128331.csv,True,False,False,1751924994.1864777,272726.1097431183
19239,1751924721.4605985,1751924801.7277648,batch_consumer-sts-0_20250707_214644_128331.csv,True,False,False,1751924994.1864777,272725.8791923523
19249,1751924721.4608235,1751924801.7552538,batch_consumer-sts-0_20250707_214644_128331.csv,True,False,False,1751924994.1864777,272725.6541252136
19259,1751924721.4610608,1751924801.7831683,batch_consumer-sts-0_20250707_214644_128331.csv,True,False,False,1751924994.1864777,272725.4168987274
19269,1751924721.4612966,1751924801.810113,batch_consumer-sts-0_20250707_214644_128331.csv,True,False,False,1751924994.1864777,272725.1811027527
29539,1751924721.702214,1751924801.8377235,batch_consumer-sts-0_20250707_214644_128331.csv,True,False,False,1751924994.1864777,272484.26365852356
29549,1751924721.7024577,1751924801.865322,batch_consumer-sts-0_20250707_214644_128331.csv,True,False,False,1751924994.1864777,272484.0199947357
29559,1751924721.70269,1751924801.892167,batch_consumer-sts-0_20250707_214644_128331.csv,True,False,False,1751924994.1864777,272483.7877750397
29569,1751924721.7029352,1751924801.919587,batch_consumer-sts-0_20250707_214644_128331.csv,True,False,False,1751924994.1864777,272483.5424423218
29579,1751924721.70317,1751924801.9477572,batch_consumer-sts-0_20250707_214644_128331.csv,True,False,False,1751924994.1864777,272483.30760002136
29589,1751924721.7033954,1751924801.9752464,batch_consumer-sts-0_20250707_214644_128331.csv,True,False,False,1751924994.1864777,272483.0822944641
29599,1751924721.70363,1751924802.0016365,batch_consumer-sts-0_20250707_214644_128331.csv,True,False,False,1751924994.1864777,272482.8476905823
29609,1751924721.703867,1751924802.029084,batch_consumer-sts-0_20250707_214644_128331.csv,True,False,False,1751924994.1864777,272482.61070251465
29619,1751924721.7040997,1751924802.0562956,batch_consumer-sts-0_20250707_214644_128331.csv,True,False,False,1751924994.1864777,272482.37800598145
29629,1751924721.7043352,1751924802.0836737,batch_consumer-sts-0_20250707_214644_128331.csv,True,False,False,1751924994.1864777,272482.1424484253
29639,1751924721.7045653,1751924802.1103306,batch_consumer-sts-0_20250707_214644_128331.csv,True,False,False,1751924994.1864777,272481.91237449646
29649,1751924721.7047968,1751924802.1377802,batch_consumer-sts-0_20250707_214644_128331.csv,True,False,False,1751924994.1864777,272481.68087005615
29659,1751924721.7050247,1751924802.1712725,batch_consumer-sts-0_20250707_214644_128331.csv,True,False,False,1751924994.1864777,272481.45294189453
29669,1751924721.705267,1751924802.1983583,batch_consumer-sts-0_20250707_214644_128331.csv,True,False,False,1751924994.1864777,272481.21070861816
29679,1751924721.7054975,1751924802.2252705,batch_consumer-sts-0_20250707_214644_128331.csv,True,False,False,1751924994.1864777,272480.9801578522
29689,1751924721.7057288,1751924802.2522483,batch_consumer-sts-0_20250707_214644_128331.csv,True,False,False,1751924994.1864777,272480.74889183044
29699,1751924721.705963,1751924802.2797844,batch_consumer-sts-0_20250707_214644_128331.csv,True,False,False,1751924994.1864777,272480.51476478577
29709,1751924721.706204,1751924802.3071036,batch_consumer-sts-0_20250707_214644_128331.csv,True,False,False,1751924994.1864777,272480.2737236023
29719,1751924721.7064357,1751924802.334764,batch_consumer-sts-0_20250707_214644_128331.csv,True,False,False,1751924994.1864777,272480.0419807434
29729,1751924721.7066936,1751924802.3623097,batch_consumer-sts-0_20250707_214644_128331.csv,True,False,False,1751924994.1864777,272479.7840118408
29739,1751924721.7069335,1751924802.389387,batch_consumer-sts-0_20250707_214644_128331.csv,True,False,False,1751924994.1864777,272479.54416275024
29749,1751924721.707164,1751924802.4165337,batch_consumer-sts-0_20250707_214644_128331.csv,True,False,False,1751924994.1864777,272479.31361198425
29759,1751924721.7073915,1751924802.4440491,batch_consumer-sts-0_20250707_214644_128331.csv,True,False,False,1751924994.1864777,272479.0861606598
29769,1751924721.7076244,1751924802.4716728,batch_consumer-sts-0_20250707_214644_128331.csv,True,False,False,1751924994.1864777,272478.853225708
29779,1751924721.7078528,1751924802.4993532,batch_consumer-sts-0_20250707_214644_128331.csv,True,False,False,1751924994.1864777,272478.6248207092
29789,1751924721.70809,1751924802.5274622,batch_consumer-sts-0_20250707_214644_128331.csv,True,False,False,1751924994.1864777,272478.387594223
29799,1751924721.7083218,1751924802.5555356,batch_consumer-sts-0_20250707_214644_128331.csv,True,False,False,1751924994.1864777,272478.15585136414
29809,1751924721.7085454,1751924803.5848176,batch_consumer-sts-0_20250707_214644_128331.csv,True,False,False,1751924994.1864777,272477.93221473694
29819,1751924721.708777,1751924803.6117544,batch_consumer-sts-0_20250707_214644_128331.csv,True,False,False,1751924994.1864777,272477.70071029663
29829,1751924721.7090013,1751924803.6393583,batch_consumer-sts-0_20250707_214644_128331.csv,True,False,False,1751924994.1864777,272477.4763584137
29839,1751924721.7092347,1751924803.6668153,batch_consumer-sts-0_20250707_214644_128331.csv,True,False,False,1751924994.1864777,272477.24294662476
29849,1751924721.7094746,1751924803.694664,batch_consumer-sts-0_20250707_214644_128331.csv,True,False,False,1751924994.1864777,272477.0030975342
29859,1751924721.7097163,1751924803.721223,batch_consumer-sts-0_20250707_214644_128331.csv,True,False,False,1751924994.1864777,272476.76134109497
29869,1751924721.709947,1751924803.7485392,batch_consumer-sts-0_20250707_214644_128331.csv,True,False,False,1751924994.1864777,272476.5305519104
29879,1751924721.710184,1751924803.7759671,batch_consumer-sts-0_20250707_214644_128331.csv,True,False,False,1751924994.1864777,272476.2935638428
29889,1751924721.710418,1751924803.8029287,batch_consumer-sts-0_20250707_214644_128331.csv,True,False,False,1751924994.1864777,272476.0596752167
29899,1751924721.7106514,1751924803.829821,batch_consumer-sts-0_20250707_214644_128331.csv,True,False,False,1751924994.1864777,272475.82626342773
29909,1751924721.710883,1751924803.8572035,batch_consumer-sts-0_20250707_214644_128331.csv,True,False,False,1751924994.1864777,272475.5947589874
29919,1751924721.711216,1751924803.8847516,batch_consumer-sts-0_20250707_214644_128331.csv,True,False,False,1751924994.1864777,272475.2616882324
29929,1751924721.71146,1751924803.9115238,batch_consumer-sts-0_20250707_214644_128331.csv,True,False,False,1751924994.1864777,272475.0175476074
29939,1751924721.7116857,1751924803.9386263,batch_consumer-sts-0_20250707_214644_128331.csv,True,False,False,1751924994.1864777,272474.7920036316
29949,1751924721.7119198,1751924803.9662588,batch_consumer-sts-0_20250707_214644_128331.csv,True,False,False,1751924994.1864777,272474.5578765869
29959,1751924721.712149,1751924803.9936357,batch_consumer-sts-0_20250707_214644_128331.csv,True,False,False,1751924994.1864777,272474.3287563324
29969,1751924721.7123754,1751924804.0202725,batch_consumer-sts-0_20250707_214644_128331.csv,True,False,False,1751924994.1864777,272474.10225868225
29979,1751924721.7126026,1751924804.0466034,batch_consumer-sts-0_20250707_214644_128331.csv,True,False,False,1751924994.1864777,272473.87504577637
29989,1751924721.7128365,1751924804.073783,batch_consumer-sts-0_20250707_214644_128331.csv,True,False,False,1751924994.1864777,272473.64115715027
29999,1751924721.7130823,1751924804.1008222,batch_consumer-sts-0_20250707_214644_128331.csv,True,False,False,1751924994.1864777,272473.3953475952
30009,1751924721.7133114,1751924804.3210137,batch_consumer-sts-0_20250707_214647_540084.csv,True,False,False,1751924994.1864777,272473.1662273407
30019,1751924721.713542,1751924804.348284,batch_consumer-sts-0_20250707_214647_540084.csv,True,False,False,1751924994.1864777,272472.9356765747
30029,1751924721.7137747,1751924804.3756769,batch_consumer-sts-0_20250707_214647_540084.csv,True,False,False,1751924994.1864777,272472.7029800415
30039,1751924721.7140076,1751924804.4029975,batch_consumer-sts-0_20250707_214647_540084.csv,True,False,False,1751924994.1864777,272472.4700450897
30049,1751924721.7142506,1751924804.4312148,batch_consumer-sts-0_20250707_214647_540084.csv,True,False,False,1751924994.1864777,272472.2270965576
30059,1751924721.7144835,1751924804.4588108,batch_consumer-sts-0_20250707_214647_540084.csv,True,False,False,1751924994.1864777,272471.99416160583
30069,1751924721.7147286,1751924804.4876325,batch_consumer-sts-0_20250707_214647_540084.csv,True,False,False,1751924994.1864777,272471.7490673065
30079,1751924721.7149572,1751924804.514781,batch_consumer-sts-0_20250707_214647_540084.csv,True,False,False,1751924994.1864777,272471.52042388916
30089,1751924721.715186,1751924804.5425313,batch_consumer-sts-0_20250707_214647_540084.csv,True,False,False,1751924994.1864777,272471.2915420532
30099,1751924721.71542,1751924804.5702062,batch_consumer-sts-0_20250707_214647_540084.csv,True,False,False,1751924994.1864777,272471.0576534271
30109,1751924721.7156937,1751924804.5981095,batch_consumer-sts-0_20250707_214647_540084.csv,True,False,False,1751924994.1864777,272470.7839488983
30119,1751924721.716118,1751924804.624654,batch_consumer-sts-0_20250707_214647_540084.csv,True,False,False,1751924994.1864777,272470.3595638275
30129,1751924721.7165427,1751924804.6524544,batch_consumer-sts-0_20250707_214647_540084.csv,True,False,False,1751924994.1864777,272469.93494033813
30139,1751924721.7169447,1751924804.6803105,batch_consumer-sts-0_20250707_214647_540084.csv,True,False,False,1751924994.1864777,272469.53296661377
30149,1751924721.717303,1751924804.7076766,batch_consumer-sts-0_20250707_214647_540084.csv,True,False,False,1751924994.1864777,272469.1746234894
30159,1751924721.7176647,1751924804.735194,batch_consumer-sts-0_20250707_214647_540084.csv,True,False,False,1751924994.1864777,272468.8129425049
30169,1751924721.718044,1751924804.7631414,batch_consumer-sts-0_20250707_214647_540084.csv,True,False,False,1751924994.1864777,272468.43361854553
30179,1751924721.7185245,1751924804.79136,batch_consumer-sts-0_20250707_214647_540084.csv,True,False,False,1751924994.1864777,272467.95320510864
30189,1751924721.7187607,1751924804.818248,batch_consumer-sts-0_20250707_214647_540084.csv,True,False,False,1751924994.1864777,272467.71693229675
30199,1751924721.71901,1751924804.8461564,batch_consumer-sts-0_20250707_214647_540084.csv,True,False,False,1751924994.1864777,272467.467546463
30209,1751924721.7192478,1751924804.872922,batch_consumer-sts-0_20250707_214647_540084.csv,True,False,False,1751924994.1864777,272467.22984313965
30219,1751924721.7194858,1751924804.9005811,batch_consumer-sts-0_20250707_214647_540084.csv,True,False,False,1751924994.1864777,272466.9919013977
30229,1751924721.71972,1751924804.9283297,batch_consumer-sts-0_20250707_214647_540084.csv,True,False,False,1751924994.1864777,272466.757774353
30239,1751924721.7199657,1751924804.9557283,batch_consumer-sts-0_20250707_214647_540084.csv,True,False,False,1751924994.1864777,272466.511964798
30249,1751924721.7201972,1751924804.9834516,batch_consumer-sts-0_20250707_214647_540084.csv,True,False,False,1751924994.1864777,272466.28046035767
30259,1751924721.72043,1751924805.010734,batch_consumer-sts-0_20250707_214647_540084.csv,True,False,False,1751924994.1864777,272466.04776382446
30269,1751924721.720661,1751924805.0383587,batch_consumer-sts-0_20250707_214647_540084.csv,True,False,False,1751924994.1864777,272465.8167362213
30279,1751924721.7208898,1751924805.0655518,batch_consumer-sts-0_20250707_214647_540084.csv,True,False,False,1751924994.1864777,272465.5878543854
30289,1751924721.721118,1751924805.27782,batch_consumer-sts-0_20250707_214647_540084.csv,True,False,False,1751924994.1864777,272465.3596878052
30299,1751924721.7213502,1751924805.3055065,batch_consumer-sts-0_20250707_214647_540084.csv,True,False,False,1751924994.1864777,272465.12746810913
30309,1751924721.7215896,1751924805.3331656,batch_consumer-sts-0_20250707_214647_540084.csv,True,False,False,1751924994.1864777,272464.8880958557
30319,1751924721.7218175,1751924805.360577,batch_consumer-sts-0_20250707_214647_540084.csv,True,False,False,1751924994.1864777,272464.6601676941
30329,1751924721.7220497,1751924805.388114,batch_consumer-sts-0_20250707_214647_540084.csv,True,False,False,1751924994.1864777,272464.42794799805
30339,1751924721.7223673,1751924805.4150083,batch_consumer-sts-0_20250707_214647_540084.csv,True,False,False,1751924994.1864777,272464.1103744507
30349,1751924721.7226782,1751924805.4425066,batch_consumer-sts-0_20250707_214647_540084.csv,True,False,False,1751924994.1864777,272463.79947662354
30359,1751924721.7229931,1751924805.4702444,batch_consumer-sts-0_20250707_214647_540084.csv,True,False,False,1751924994.1864777,272463.48452568054
30369,1751924721.7233362,1751924805.4981923,batch_consumer-sts-0_20250707_214647_540084.csv,True,False,False,1751924994.1864777,272463.1414413452
30379,1751924721.7236865,1751924805.5244672,batch_consumer-sts-0_20250707_214647_540084.csv,True,False,False,1751924994.1864777,272462.7912044525
30389,1751924721.7240026,1751924805.55218,batch_consumer-sts-0_20250707_214647_540084.csv,True,False,False,1751924994.1864777,272462.4750614166
30399,1751924721.7243106,1751924805.5797522,batch_consumer-sts-0_20250707_214647_540084.csv,True,False,False,1751924994.1864777,272462.1670246124
30409,1751924721.7246697,1751924805.607099,batch_consumer-sts-0_20250707_214647_540084.csv,True,False,False,1751924994.1864777,272461.8079662323
30419,1751924721.7250175,1751924805.633745,batch_consumer-sts-0_20250707_214647_540084.csv,True,False,False,1751924994.1864777,272461.4601135254
30429,1751924721.725387,1751924805.6613884,batch_consumer-sts-0_20250707_214647_540084.csv,True,False,False,1751924994.1864777,272461.0905647278
30439,1751924721.7257235,1751924805.6905909,batch_consumer-sts-0_20250707_214647_540084.csv,True,False,False,1751924994.1864777,272460.7541561127
30449,1751924721.726043,1751924805.7173278,batch_consumer-sts-0_20250707_214647_540084.csv,True,False,False,1751924994.1864777,272460.4346752167
30459,1751924721.726368,1751924805.7450848,batch_consumer-sts-0_20250707_214647_540084.csv,True,False,False,1751924994.1864777,272460.10971069336
30469,1751924721.7266903,1751924805.7728815,batch_consumer-sts-0_20250707_214647_540084.csv,True,False,False,1751924994.1864777,272459.7873687744
30479,1751924721.7270238,1751924805.8005006,batch_consumer-sts-0_20250707_214647_540084.csv,True,False,False,1751924994.1864777,272459.45382118225
30489,1751924721.7273452,1751924805.8288803,batch_consumer-sts-0_20250707_214647_540084.csv,True,False,False,1751924994.1864777,272459.1324329376
30499,1751924721.727677,1751924806.0142562,batch_consumer-sts-0_20250707_214647_540084.csv,True,False,False,1751924994.1864777,272458.8005542755
30509,1751924721.7280085,1751924806.0420492,batch_consumer-sts-0_20250707_214647_540084.csv,True,False,False,1751924994.1864777,272458.46915245056
17178,1751924721.413015,1751924806.0697443,batch_consumer-sts-0_20250707_214647_540084.csv,True,True,False,1751924994.1864777,272773.4627723694
17188,1751924721.4132533,1751924806.0977497,batch_consumer-sts-0_20250707_214647_540084.csv,True,False,False,1751924994.1864777,272773.2243537903
17198,1751924721.413483,1751924806.125369,batch_consumer-sts-0_20250707_214647_540084.csv,True,False,False,1751924994.1864777,272772.9947566986
17208,1751924721.4137363,1751924806.1533878,batch_consumer-sts-0_20250707_214647_540084.csv,True,False,False,1751924994.1864777,272772.741317749
17218,1751924721.4139605,1751924806.181317,batch_consumer-sts-0_20250707_214647_540084.csv,True,False,False,1751924994.1864777,272772.51720428467
17228,1751924721.4141972,1751924806.2088363,batch_consumer-sts-0_20250707_214647_540084.csv,True,False,False,1751924994.1864777,272772.2804546356
17238,1751924721.414435,1751924806.2364955,batch_consumer-sts-0_20250707_214647_540084.csv,True,False,False,1751924994.1864777,272772.04275131226
17248,1751924721.414666,1751924806.2655902,batch_consumer-sts-0_20250707_214647_540084.csv,True,False,False,1751924994.1864777,272771.8117237091
17258,1751924721.414899,1751924806.2935476,batch_consumer-sts-0_20250707_214647_540084.csv,True,False,False,1751924994.1864777,272771.57855033875
17268,1751924721.41513,1751924806.4414165,batch_consumer-sts-0_20250707_214647_540084.csv,True,False,False,1751924994.1864777,272771.3477611542
17278,1751924721.415362,1751924806.4690695,batch_consumer-sts-0_20250707_214647_540084.csv,True,False,False,1751924994.1864777,272771.1157798767
17288,1751924721.4155948,1751924806.496569,batch_consumer-sts-0_20250707_214647_540084.csv,True,False,False,1751924994.1864777,272770.8828449249
17298,1751924721.4158213,1751924806.523738,batch_consumer-sts-0_20250707_214647_540084.csv,True,False,False,1751924994.1864777,272770.6563472748
17308,1751924721.4160514,1751924806.551382,batch_consumer-sts-0_20250707_214647_540084.csv,True,False,False,1751924994.1864777,272770.42627334595
17318,1751924721.416284,1751924806.5790088,batch_consumer-sts-0_20250707_214647_540084.csv,True,False,False,1751924994.1864777,272770.19357681274
17328,1751924721.4165237,1751924806.6062188,batch_consumer-sts-0_20250707_214647_540084.csv,True,False,False,1751924994.1864777,272769.95396614075
17338,1751924721.416758,1751924806.63259,batch_consumer-sts-0_20250707_214647_540084.csv,True,False,False,1751924994.1864777,272769.7196006775
17348,1751924721.416983,1751924806.660285,batch_consumer-sts-0_20250707_214647_540084.csv,True,False,False,1751924994.1864777,272769.4947719574
17358,1751924721.4172108,1751924806.6881735,batch_consumer-sts-0_20250707_214647_540084.csv,True,False,False,1751924994.1864777,272769.2668437958
17368,1751924721.4174447,1751924806.715189,batch_consumer-sts-0_20250707_214647_540084.csv,True,False,False,1751924994.1864777,272769.0329551697
17378,1751924721.4176786,1751924806.742582,batch_consumer-sts-0_20250707_214647_540084.csv,True,False,False,1751924994.1864777,272768.7990665436
17388,1751924721.4179146,1751924806.7696562,batch_consumer-sts-0_20250707_214647_540084.csv,True,False,False,1751924994.1864777,272768.56303215027
17398,1751924721.4181406,1751924806.797216,batch_consumer-sts-0_20250707_214647_540084.csv,True,False,False,1751924994.1864777,272768.3370113373
17408,1751924721.418375,1751924806.8242488,batch_consumer-sts-0_20250707_214647_540084.csv,True,False,False,1751924994.1864777,272768.102645874
17418,1751924721.4186082,1751924806.8515892,batch_consumer-sts-0_20250707_214647_540084.csv,True,False,False,1751924994.1864777,272767.86947250366
17428,1751924721.4188466,1751924806.8788302,batch_consumer-sts-0_20250707_214647_540084.csv,True,False,False,1751924994.1864777,272767.63105392456
17438,1751924721.4190805,1751924806.905911,batch_consumer-sts-0_20250707_214647_540084.csv,True,False,False,1751924994.1864777,272767.39716529846
17448,1751924721.4193103,1751924806.9336095,batch_consumer-sts-0_20250707_214647_540084.csv,True,False,False,1751924994.1864777,272767.1673297882
17458,1751924721.4195354,1751924806.9616568,batch_consumer-sts-0_20250707_214647_540084.csv,True,False,False,1751924994.1864777,272766.94226264954
17468,1751924721.4197593,1751924806.9895563,batch_consumer-sts-0_20250707_214647_540084.csv,True,False,False,1751924994.1864777,272766.71838760376
17478,1751924721.4199934,1751924807.0164163,batch_consumer-sts-0_20250707_214647_540084.csv,True,False,False,1751924994.1864777,272766.4842605591
17488,1751924721.4202302,1751924807.04423,batch_consumer-sts-0_20250707_214647_540084.csv,True,False,False,1751924994.1864777,272766.24751091003
17498,1751924721.4204657,1751924807.0719545,batch_consumer-sts-0_20250707_214647_540084.csv,True,False,False,1751924994.1864777,272766.0119533539
17508,1751924721.420697,1751924807.0990522,batch_consumer-sts-0_20250707_214647_540084.csv,True,False,False,1751924994.1864777,272765.78068733215
17518,1751924721.420928,1751924807.126502,batch_consumer-sts-0_20250707_214647_540084.csv,True,False,False,1751924994.1864777,272765.549659729
17528,1751924721.4211695,1751924807.1550975,batch_consumer-sts-0_20250707_214647_540084.csv,True,False,False,1751924994.1864777,272765.3081417084
19278,1751924721.4615157,1751924807.1833618,batch_consumer-sts-0_20250707_214647_540084.csv,True,False,False,1751924994.1864777,272724.9619960785
19288,1751924721.4617665,1751924807.210251,batch_consumer-sts-0_20250707_214647_540084.csv,True,False,False,1751924994.1864777,272724.7111797333
19298,1751924721.4620118,1751924807.2382252,batch_consumer-sts-0_20250707_214647_540084.csv,True,False,False,1751924994.1864777,272724.4658470154
19308,1751924721.4622571,1751924807.2663095,batch_consumer-sts-0_20250707_214647_540084.csv,True,False,False,1751924994.1864777,272724.2205142975
19318,1751924721.4625,1751924807.2943263,batch_consumer-sts-0_20250707_214647_540084.csv,True,False,False,1751924994.1864777,272723.9775657654
19328,1751924721.462736,1751924807.3212628,batch_consumer-sts-0_20250707_214647_540084.csv,True,False,False,1751924994.1864777,272723.74176979065
19338,1751924721.4629724,1751924807.347443,batch_consumer-sts-0_20250707_214647_540084.csv,True,False,False,1751924994.1864777,272723.5052585602
19348,1751924721.4632206,1751924807.375177,batch_consumer-sts-0_20250707_214647_540084.csv,True,False,False,1751924994.1864777,272723.25706481934
19358,1751924721.4634428,1751924807.4025283,batch_consumer-sts-0_20250707_214647_540084.csv,True,False,False,1751924994.1864777,272723.0348587036
19368,1751924721.4636364,1751924807.4297762,batch_consumer-sts-0_20250707_214647_540084.csv,True,False,False,1751924994.1864777,272722.8412628174
19378,1751924721.46383,1751924807.4577289,batch_consumer-sts-0_20250707_214647_540084.csv,True,False,False,1751924994.1864777,272722.64766693115
19388,1751924721.4640195,1751924807.4857285,batch_consumer-sts-0_20250707_214647_540084.csv,True,False,False,1751924994.1864777,272722.45812416077
19398,1751924721.4642117,1751924807.5125048,batch_consumer-sts-0_20250707_214647_540084.csv,True,False,False,1751924994.1864777,272722.265958786
19408,1751924721.464434,1751924809.3143778,batch_consumer-sts-0_20250707_214652_351247.csv,True,False,False,1751924994.1864777,272722.0437526703
19418,1751924721.4646814,1751924809.3419857,batch_consumer-sts-0_20250707_214652_351247.csv,True,False,False,1751924994.1864777,272721.7962741852
19428,1751924721.4649155,1751924809.369399,batch_consumer-sts-0_20250707_214652_351247.csv,True,False,False,1751924994.1864777,272721.5621471405
19438,1751924721.4651458,1751924809.3967314,batch_consumer-sts-0_20250707_214652_351247.csv,True,False,False,1751924994.1864777,272721.3318347931
19448,1751924721.4653788,1751924809.4301653,batch_consumer-sts-0_20250707_214652_351247.csv,True,False,False,1751924994.1864777,272721.0988998413
19458,1751924721.4656131,1751924809.4580016,batch_consumer-sts-0_20250707_214652_351247.csv,True,False,False,1751924994.1864777,272720.86453437805
19468,1751924721.465845,1751924809.48543,batch_consumer-sts-0_20250707_214652_351247.csv,True,False,False,1751924994.1864777,272720.6325531006
19478,1751924721.4660797,1751924809.511022,batch_consumer-sts-0_20250707_214652_351247.csv,True,False,False,1751924994.1864777,272720.39794921875
19488,1751924721.466315,1751924809.5385385,batch_consumer-sts-0_20250707_214652_351247.csv,True,False,False,1751924994.1864777,272720.1626300812
19498,1751924721.4665406,1751924809.566067,batch_consumer-sts-0_20250707_214652_351247.csv,True,False,False,1751924994.1864777,272719.93708610535
19508,1751924721.466776,1751924809.593608,batch_consumer-sts-0_20250707_214652_351247.csv,True,False,False,1751924994.1864777,272719.7017669678
19518,1751924721.4670095,1751924809.6199782,batch_consumer-sts-0_20250707_214652_351247.csv,True,False,False,1751924994.1864777,272719.46811676025
19528,1751924721.4672391,1751924809.6481109,batch_consumer-sts-0_20250707_214652_351247.csv,True,False,False,1751924994.1864777,272719.2385196686
19538,1751924721.4674678,1751924809.6756625,batch_consumer-sts-0_20250707_214652_351247.csv,True,False,False,1751924994.1864777,272719.0098762512
19548,1751924721.4676976,1751924809.7028654,batch_consumer-sts-0_20250707_214652_351247.csv,True,False,False,1751924994.1864777,272718.78004074097
19558,1751924721.4679322,1751924809.7298698,batch_consumer-sts-0_20250707_214652_351247.csv,True,False,False,1751924994.1864777,272718.54543685913
19568,1751924721.4681673,1751924809.7573695,batch_consumer-sts-0_20250707_214652_351247.csv,True,False,False,1751924994.1864777,272718.31035614014
19578,1751924721.4683957,1751924809.7851715,batch_consumer-sts-0_20250707_214652_351247.csv,True,False,False,1751924994.1864777,272718.08195114136
19588,1751924721.468625,1751924809.8118007,batch_consumer-sts-0_20250707_214652_351247.csv,True,False,False,1751924994.1864777,272717.85259246826
19598,1751924721.4688606,1751924809.8392591,batch_consumer-sts-0_20250707_214652_351247.csv,True,False,False,1751924994.1864777,272717.6170349121
19608,1751924721.4690895,1751924809.8667295,batch_consumer-sts-0_20250707_214652_351247.csv,True,False,False,1751924994.1864777,272717.3881530762
19618,1751924721.4693286,1751924809.8941069,batch_consumer-sts-0_20250707_214652_351247.csv,True,False,False,1751924994.1864777,272717.14901924133
19628,1751924721.4695623,1751924809.920525,batch_consumer-sts-0_20250707_214652_351247.csv,True,False,False,1751924994.1864777,272716.9153690338
19638,1751924721.4697995,1751924809.947882,batch_consumer-sts-0_20250707_214652_351247.csv,True,False,False,1751924994.1864777,272716.6781425476
19648,1751924721.4700303,1751924809.9752407,batch_consumer-sts-0_20250707_214652_351247.csv,True,False,False,1751924994.1864777,272716.44735336304
19658,1751924721.4702723,1751924810.0030031,batch_consumer-sts-0_20250707_214652_351247.csv,True,False,False,1751924994.1864777,272716.20535850525
19668,1751924721.4705057,1751924810.030554,batch_consumer-sts-0_20250707_214652_351247.csv,True,False,False,1751924994.1864777,272715.9719467163
19678,1751924721.470745,1751924810.0579166,batch_consumer-sts-0_20250707_214652_351247.csv,True,False,False,1751924994.1864777,272715.7325744629
19688,1751924721.4709792,1751924810.0851278,batch_consumer-sts-0_20250707_214652_351247.csv,True,False,False,1751924994.1864777,272715.4984474182
19698,1751924721.4712114,1751924810.1119204,batch_consumer-sts-0_20250707_214652_351247.csv,True,False,False,1751924994.1864777,272715.26622772217
19708,1751924721.471446,1751924810.139279,batch_consumer-sts-0_20250707_214652_351247.csv,True,False,False,1751924994.1864777,272715.03162384033
19718,1751924721.471688,1751924810.1673458,batch_consumer-sts-0_20250707_214652_351247.csv,True,False,False,1751924994.1864777,272714.78962898254
19728,1751924721.471918,1751924810.2258956,batch_consumer-sts-0_20250707_214652_351247.csv,True,False,False,1751924994.1864777,272714.5595550537
19738,1751924721.4721498,1751924810.2533956,batch_consumer-sts-0_20250707_214652_351247.csv,True,False,False,1751924994.1864777,272714.3278121948
19748,1751924721.4723833,1751924810.2809908,batch_consumer-sts-0_20250707_214652_351247.csv,True,False,False,1751924994.1864777,272714.0944004059
19758,1751924721.4726124,1751924810.3077662,batch_consumer-sts-0_20250707_214652_351247.csv,True,False,False,1751924994.1864777,272713.86528015137
19768,1751924721.4728415,1751924810.3347008,batch_consumer-sts-0_20250707_214652_351247.csv,True,False,False,1751924994.1864777,272713.63615989685
19778,1751924721.4730685,1751924810.362146,batch_consumer-sts-0_20250707_214652_351247.csv,True,False,False,1751924994.1864777,272713.40918540955
19788,1751924721.473303,1751924810.3895552,batch_consumer-sts-0_20250707_214652_351247.csv,True,False,False,1751924994.1864777,272713.1745815277
19798,1751924721.4735272,1751924810.4161663,batch_consumer-sts-0_20250707_214652_351247.csv,True,False,False,1751924994.1864777,272712.95046806335
19808,1751924721.473761,1751924810.443355,batch_consumer-sts-0_20250707_214652_351247.csv,True,False,False,1751924994.1864777,272712.71657943726
19818,1751924721.4739923,1751924810.4705718,batch_consumer-sts-0_20250707_214652_351247.csv,True,False,False,1751924994.1864777,272712.4853134155
19828,1751924721.4742286,1751924810.497756,batch_consumer-sts-0_20250707_214652_351247.csv,True,False,False,1751924994.1864777,272712.24904060364
19838,1751924721.4744616,1751924810.5273523,batch_consumer-sts-0_20250707_214652_351247.csv,True,False,False,1751924994.1864777,272712.01610565186
19848,1751924721.4746993,1751924810.5537698,batch_consumer-sts-0_20250707_214652_351247.csv,True,False,False,1751924994.1864777,272711.7784023285
19858,1751924721.4749343,1751924810.5814824,batch_consumer-sts-0_20250707_214652_351247.csv,True,False,False,1751924994.1864777,272711.5433216095
19868,1751924721.4751732,1751924810.6082044,batch_consumer-sts-0_20250707_214652_351247.csv,True,False,False,1751924994.1864777,272711.30442619324
19878,1751924721.4754076,1751924810.635911,batch_consumer-sts-0_20250707_214652_351247.csv,True,False,False,1751924994.1864777,272711.07006073
19888,1751924721.4756355,1751924810.66373,batch_consumer-sts-0_20250707_214652_351247.csv,True,False,False,1751924994.1864777,272710.84213256836
19898,1751924721.475865,1751924810.6915357,batch_consumer-sts-0_20250707_214652_351247.csv,True,False,False,1751924994.1864777,272710.61277389526
19908,1751924721.476102,1751924810.7184224,batch_consumer-sts-0_20250707_214652_351247.csv,True,False,False,1751924994.1864777,272710.37554740906
19918,1751924721.4763455,1751924810.7464998,batch_consumer-sts-0_20250707_214652_351247.csv,True,False,False,1751924994.1864777,272710.1321220398
19928,1751924721.4765997,1751924810.774598,batch_consumer-sts-0_20250707_214652_351247.csv,True,False,False,1751924994.1864777,272709.8779678345
19938,1751924721.4768243,1751924810.8022673,batch_consumer-sts-0_20250707_214652_351247.csv,True,False,False,1751924994.1864777,272709.65337753296
19948,1751924721.4770625,1751924810.8297603,batch_consumer-sts-0_20250707_214652_351247.csv,True,False,False,1751924994.1864777,272709.41519737244
19958,1751924721.4772966,1751924810.8576438,batch_consumer-sts-0_20250707_214652_351247.csv,True,False,False,1751924994.1864777,272709.18107032776
19968,1751924721.4775305,1751924810.8861532,batch_consumer-sts-0_20250707_214652_351247.csv,True,False,False,1751924994.1864777,272708.94718170166
19978,1751924721.477806,1751924810.9135935,batch_consumer-sts-0_20250707_214652_351247.csv,True,False,False,1751924994.1864777,272708.6715698242
19988,1751924721.4780755,1751924810.9424288,batch_consumer-sts-0_20250707_214652_351247.csv,True,False,False,1751924994.1864777,272708.40215682983
19998,1751924721.4783244,1751924811.160328,batch_consumer-sts-0_20250707_214652_351247.csv,True,False,False,1751924994.1864777,272708.15324783325
20008,1751924721.4785569,1751924811.2401323,batch_consumer-sts-0_20250707_214652_351247.csv,True,False,False,1751924994.1864777,272707.9207897186
20018,1751924721.4787977,1751924811.2667358,batch_consumer-sts-0_20250707_214652_351247.csv,True,False,False,1751924994.1864777,272707.67998695374
20028,1751924721.4790232,1751924811.2948687,batch_consumer-sts-0_20250707_214652_351247.csv,True,False,False,1751924994.1864777,272707.4544429779
20038,1751924721.47926,1751924811.3220353,batch_consumer-sts-0_20250707_214652_351247.csv,True,False,False,1751924994.1864777,272707.21769332886
20048,1751924721.4794989,1751924811.349716,batch_consumer-sts-0_20250707_214652_351247.csv,True,False,False,1751924994.1864777,272706.9787979126
20058,1751924721.4797306,1751924811.3776624,batch_consumer-sts-0_20250707_214652_351247.csv,True,False,False,1751924994.1864777,272706.7470550537
20068,1751924721.479949,1751924811.4053671,batch_consumer-sts-0_20250707_214652_351247.csv,True,False,False,1751924994.1864777,272706.52866363525
20078,1751924721.480145,1751924811.4327822,batch_consumer-sts-0_20250707_214652_351247.csv,True,False,False,1751924994.1864777,272706.33268356323
20088,1751924721.480342,1751924811.4601753,batch_consumer-sts-0_20250707_214652_351247.csv,True,False,False,1751924994.1864777,272706.1357498169
20098,1751924721.4805448,1751924811.4875538,batch_consumer-sts-0_20250707_214652_351247.csv,True,False,False,1751924994.1864777,272705.9328556061
20108,1751924721.4807303,1751924811.5146525,batch_consumer-sts-0_20250707_214652_351247.csv,True,False,False,1751924994.1864777,272705.74736595154
20118,1751924721.480905,1751924811.5418956,batch_consumer-sts-0_20250707_214652_351247.csv,True,False,False,1751924994.1864777,272705.57260513306
20128,1751924721.4811032,1751924811.5694246,batch_consumer-sts-0_20250707_214652_351247.csv,True,False,False,1751924994.1864777,272705.3744792938
20138,1751924721.481296,1751924811.597065,batch_consumer-sts-0_20250707_214652_351247.csv,True,False,False,1751924994.1864777,272705.18159866333
20148,1751924721.481496,1751924811.6244564,batch_consumer-sts-0_20250707_214652_351247.csv,True,False,False,1751924994.1864777,272704.98156547546
20158,1751924721.481693,1751924811.6517828,batch_consumer-sts-0_20250707_214652_351247.csv,True,False,False,1751924994.1864777,272704.7846317291
20168,1751924721.481891,1751924811.6796262,batch_consumer-sts-0_20250707_214652_351247.csv,True,False,False,1751924994.1864777,272704.5867443085
20178,1751924721.482148,1751924811.7073946,batch_consumer-sts-0_20250707_214652_351247.csv,True,False,False,1751924994.1864777,272704.3297290802
20188,1751924721.482391,1751924811.7353685,batch_consumer-sts-0_20250707_214652_351247.csv,True,False,False,1751924994.1864777,272704.0865421295
20198,1751924721.4826224,1751924811.7631402,batch_consumer-sts-0_20250707_214652_351247.csv,True,False,False,1751924994.1864777,272703.8552761078
20208,1751924721.4828477,1751924811.7924466,batch_consumer-sts-0_20250707_214652_351247.csv,True,False,False,1751924994.1864777,272703.62997055054
20218,1751924721.4830766,1751924811.8205476,batch_consumer-sts-0_20250707_214652_351247.csv,True,False,False,1751924994.1864777,272703.4010887146
20228,1751924721.483306,1751924811.849404,batch_consumer-sts-0_20250707_214652_351247.csv,True,False,False,1751924994.1864777,272703.1717300415
20238,1751924721.4835458,1751924811.877967,batch_consumer-sts-0_20250707_214652_351247.csv,True,False,False,1751924994.1864777,272702.9318809509
20248,1751924721.4837809,1751924811.9061842,batch_consumer-sts-0_20250707_214652_351247.csv,True,False,False,1751924994.1864777,272702.69680023193
20258,1751924721.484019,1751924811.9340465,batch_consumer-sts-0_20250707_214652_351247.csv,True,False,False,1751924994.1864777,272702.4586200714
20268,1751924721.4842508,1751924811.9621568,batch_consumer-sts-0_20250707_214652_351247.csv,True,False,False,1751924994.1864777,272702.2268772125
20278,1751924721.484479,1751924811.9896405,batch_consumer-sts-0_20250707_214652_351247.csv,True,False,False,1751924994.1864777,272701.9987106323
20288,1751924721.4847076,1751924812.0168402,batch_consumer-sts-0_20250707_214652_351247.csv,True,False,False,1751924994.1864777,272701.77006721497
20298,1751924721.484946,1751924812.045267,batch_consumer-sts-0_20250707_214652_351247.csv,True,False,False,1751924994.1864777,272701.53164863586
20308,1751924721.4851792,1751924812.0718763,batch_consumer-sts-0_20250707_214652_351247.csv,True,False,False,1751924994.1864777,272701.2984752655
20318,1751924721.4854198,1751924812.0997128,batch_consumer-sts-0_20250707_214652_351247.csv,True,False,False,1751924994.1864777,272701.0579109192
20328,1751924721.4856458,1751924812.1275833,batch_consumer-sts-0_20250707_214652_351247.csv,True,False,False,1751924994.1864777,272700.8318901062
20338,1751924721.4858716,1751924812.1581173,batch_consumer-sts-0_20250707_214652_351247.csv,True,False,False,1751924994.1864777,272700.6061077118
20348,1751924721.4861047,1751924812.185709,batch_consumer-sts-0_20250707_214652_351247.csv,True,False,False,1751924994.1864777,272700.37293434143
20358,1751924721.486338,1751924812.2130284,batch_consumer-sts-0_20250707_214652_351247.csv,True,False,False,1751924994.1864777,272700.13976097107
20368,1751924721.4865682,1751924812.2407038,batch_consumer-sts-0_20250707_214652_351247.csv,True,False,False,1751924994.1864777,272699.90944862366
20378,1751924721.4867945,1751924812.26833,batch_consumer-sts-0_20250707_214652_351247.csv,True,False,False,1751924994.1864777,272699.6831893921
20388,1751924721.4870186,1751924812.2957668,batch_consumer-sts-0_20250707_214652_351247.csv,True,False,False,1751924994.1864777,272699.45907592773
20398,1751924721.487253,1751924812.3229349,batch_consumer-sts-0_20250707_214652_351247.csv,True,False,False,1751924994.1864777,272699.2247104645
13829,1751924721.2769318,1751924872.0865047,batch_consumer-sts-0_20250707_214822_658604.csv,True,True,False,1751924994.1864777,272909.5458984375
13839,1751924721.2772474,1751924872.1112354,batch_consumer-sts-0_20250707_214822_658604.csv,True,False,False,1751924994.1864777,272909.23023223877
13849,1751924721.277573,1751924872.1359413,batch_consumer-sts-0_20250707_214822_658604.csv,True,False,False,1751924994.1864777,272908.9045524597
13859,1751924721.2778778,1751924872.1639748,batch_consumer-sts-0_20250707_214822_658604.csv,True,False,False,1751924994.1864777,272908.5998535156
13869,1751924721.278226,1751924872.19002,batch_consumer-sts-0_20250707_214822_658604.csv,True,False,False,1751924994.1864777,272908.25176239014
13879,1751924721.2785454,1751924872.2137735,batch_consumer-sts-0_20250707_214822_658604.csv,True,False,False,1751924994.1864777,272907.93228149414
13889,1751924721.2788813,1751924872.2383173,batch_consumer-sts-0_20250707_214822_658604.csv,True,False,False,1751924994.1864777,272907.5963497162
13899,1751924721.279217,1751924872.262241,batch_consumer-sts-0_20250707_214822_658604.csv,True,False,False,1751924994.1864777,272907.2606563568
13909,1751924721.2795131,1751924872.2875805,batch_consumer-sts-0_20250707_214822_658604.csv,True,False,False,1751924994.1864777,272906.96454048157
13919,1751924721.2798698,1751924872.3119588,batch_consumer-sts-0_20250707_214822_658604.csv,True,False,False,1751924994.1864777,272906.60786628723
13929,1751924721.2801957,1751924872.33679,batch_consumer-sts-0_20250707_214822_658604.csv,True,False,False,1751924994.1864777,272906.2819480896
13939,1751924721.2805212,1751924872.3611984,batch_consumer-sts-0_20250707_214822_658604.csv,True,False,False,1751924994.1864777,272905.9565067291
13949,1751924721.2808547,1751924872.3857577,batch_consumer-sts-0_20250707_214822_658604.csv,True,False,False,1751924994.1864777,272905.62295913696
13959,1751924721.281201,1751924872.410171,batch_consumer-sts-0_20250707_214822_658604.csv,True,False,False,1751924994.1864777,272905.2767753601
13969,1751924721.28154,1751924872.436134,batch_consumer-sts-0_20250707_214822_658604.csv,True,False,False,1751924994.1864777,272904.9377441406
13979,1751924721.281836,1751924872.4605982,batch_consumer-sts-0_20250707_214822_658604.csv,True,False,False,1751924994.1864777,272904.6416282654
13989,1751924721.282198,1751924872.4851854,batch_consumer-sts-0_20250707_214822_658604.csv,True,False,False,1751924994.1864777,272904.2797088623
13999,1751924721.282522,1751924872.509699,batch_consumer-sts-0_20250707_214822_658604.csv,True,False,False,1751924994.1864777,272903.9556980133
14009,1751924721.2828336,1751924872.5342216,batch_consumer-sts-0_20250707_214822_658604.csv,True,False,False,1751924994.1864777,272903.6440849304
14019,1751924721.283161,1751924872.5594285,batch_consumer-sts-0_20250707_214822_658604.csv,True,False,False,1751924994.1864777,272903.3167362213
14029,1751924721.2834666,1751924872.5844083,batch_consumer-sts-0_20250707_214822_658604.csv,True,False,False,1751924994.1864777,272903.0110836029
14039,1751924721.283786,1751924872.6092725,batch_consumer-sts-0_20250707_214822_658604.csv,True,False,False,1751924994.1864777,272902.6916027069
14049,1751924721.2841475,1751924872.6355462,batch_consumer-sts-0_20250707_214822_658604.csv,True,False,False,1751924994.1864777,272902.330160141
14059,1751924721.284475,1751924872.7194543,batch_consumer-sts-0_20250707_214822_658604.csv,True,False,False,1751924994.1864777,272902.0025730133
14069,1751924721.2847924,1751924872.744573,batch_consumer-sts-0_20250707_214822_658604.csv,True,False,False,1751924994.1864777,272901.6852378845
14079,1751924721.2850215,1751924872.7691026,batch_consumer-sts-0_20250707_214822_658604.csv,True,False,False,1751924994.1864777,272901.45611763
14089,1751924721.2852588,1751924872.7939734,batch_consumer-sts-0_20250707_214822_658604.csv,True,False,False,1751924994.1864777,272901.2188911438
14099,1751924721.285488,1751924872.817829,batch_consumer-sts-0_20250707_214822_658604.csv,True,False,False,1751924994.1864777,272900.9897708893
14109,1751924721.2857213,1751924872.8429196,batch_consumer-sts-0_20250707_214822_658604.csv,True,False,False,1751924994.1864777,272900.75635910034
14119,1751924721.285952,1751924872.8679447,batch_consumer-sts-0_20250707_214822_658604.csv,True,False,False,1751924994.1864777,272900.5255699158
14129,1751924721.2861388,1751924872.892985,batch_consumer-sts-0_20250707_214822_658604.csv,True,False,False,1751924994.1864777,272900.33888816833
14139,1751924721.2863889,1751924873.437372,batch_consumer-sts-0_20250707_214822_658604.csv,True,False,False,1751924994.1864777,272900.08878707886
14149,1751924721.2866142,1751924873.4626458,batch_consumer-sts-0_20250707_214822_658604.csv,True,False,False,1751924994.1864777,272899.8634815216
14159,1751924721.2868445,1751924873.4877353,batch_consumer-sts-0_20250707_214822_658604.csv,True,False,False,1751924994.1864777,272899.6331691742
14169,1751924721.2870803,1751924873.5123618,batch_consumer-sts-0_20250707_214822_658604.csv,True,False,False,1751924994.1864777,272899.39737319946
14179,1751924721.2873075,1751924873.5381792,batch_consumer-sts-0_20250707_214822_658604.csv,True,False,False,1751924994.1864777,272899.1701602936
14189,1751924721.2875357,1751924873.5630076,batch_consumer-sts-0_20250707_214822_658604.csv,True,False,False,1751924994.1864777,272898.9419937134
14199,1751924721.2877655,1751924873.5877578,batch_consumer-sts-0_20250707_214822_658604.csv,True,False,False,1751924994.1864777,272898.7121582031
14209,1751924721.2879984,1751924873.612372,batch_consumer-sts-0_20250707_214822_658604.csv,True,False,False,1751924994.1864777,272898.47922325134
14219,1751924721.288224,1751924873.6373756,batch_consumer-sts-0_20250707_214822_658604.csv,True,False,False,1751924994.1864777,272898.2536792755
14229,1751924721.288455,1751924874.6647234,batch_consumer-sts-0_20250707_214822_658604.csv,True,False,False,1751924994.1864777,272898.02265167236
14239,1751924721.2886937,1751924874.6896715,batch_consumer-sts-0_20250707_214822_658604.csv,True,False,False,1751924994.1864777,272897.7839946747
14249,1751924721.288922,1751924874.7137086,batch_consumer-sts-0_20250707_214822_658604.csv,True,False,False,1751924994.1864777,272897.5555896759
14259,1751924721.2891502,1751924874.7380877,batch_consumer-sts-0_20250707_214822_658604.csv,True,False,False,1751924994.1864777,272897.3274230957
14269,1751924721.289374,1751924874.762907,batch_consumer-sts-0_20250707_214822_658604.csv,True,False,False,1751924994.1864777,272897.1035480499
14279,1751924721.289606,1751924874.7874408,batch_consumer-sts-0_20250707_214822_658604.csv,True,False,False,1751924994.1864777,272896.87156677246
14289,1751924721.2898357,1751924874.8119187,batch_consumer-sts-0_20250707_214822_658604.csv,True,False,False,1751924994.1864777,272896.6419696808
14299,1751924721.290069,1751924874.839905,batch_consumer-sts-0_20250707_214822_658604.csv,True,False,False,1751924994.1864777,272896.40855789185
14309,1751924721.290315,1751924874.8664951,batch_consumer-sts-0_20250707_214822_658604.csv,True,False,False,1751924994.1864777,272896.1627483368
14319,1751924721.2905426,1751924874.891458,batch_consumer-sts-0_20250707_214822_658604.csv,True,False,False,1751924994.1864777,272895.93505859375
14329,1751924721.2907786,1751924874.9158044,batch_consumer-sts-0_20250707_214822_658604.csv,True,False,False,1751924994.1864777,272895.69902420044
14339,1751924721.2910075,1751924874.940703,batch_consumer-sts-0_20250707_214822_658604.csv,True,False,False,1751924994.1864777,272895.4701423645
14349,1751924721.291239,1751924874.967198,batch_consumer-sts-0_20250707_214822_658604.csv,True,False,False,1751924994.1864777,272895.2386379242
14359,1751924721.291474,1751924874.9922934,batch_consumer-sts-0_20250707_214822_658604.csv,True,False,False,1751924994.1864777,272895.0035572052
14369,1751924721.2917078,1751924875.016317,batch_consumer-sts-0_20250707_214822_658604.csv,True,False,False,1751924994.1864777,272894.7699069977
14379,1751924721.2919416,1751924875.039992,batch_consumer-sts-0_20250707_214822_658604.csv,True,False,False,1751924994.1864777,272894.5360183716
14389,1751924721.292169,1751924875.0661514,batch_consumer-sts-0_20250707_214822_658604.csv,True,False,False,1751924994.1864777,272894.3085670471
14399,1751924721.292403,1751924875.093406,batch_consumer-sts-0_20250707_214822_658604.csv,True,False,False,1751924994.1864777,272894.074678421
14409,1751924721.2926383,1751924875.1173625,batch_consumer-sts-0_20250707_214822_658604.csv,True,False,False,1751924994.1864777,272893.83935928345
14419,1751924721.292884,1751924875.142754,batch_consumer-sts-0_20250707_214822_658604.csv,True,False,False,1751924994.1864777,272893.5935497284
14429,1751924721.2931194,1751924875.167818,batch_consumer-sts-0_20250707_214822_658604.csv,True,False,False,1751924994.1864777,272893.3582305908
14439,1751924721.293351,1751924875.1926806,batch_consumer-sts-0_20250707_214822_658604.csv,True,False,False,1751924994.1864777,272893.1267261505
14449,1751924721.2935936,1751924875.7443097,batch_consumer-sts-0_20250707_214822_658604.csv,True,False,False,1751924994.1864777,272892.884016037
14459,1751924721.2938254,1751924875.8096373,batch_consumer-sts-0_20250707_214822_658604.csv,True,False,False,1751924994.1864777,272892.6522731781
14469,1751924721.294062,1751924875.8787827,batch_consumer-sts-0_20250707_214822_658604.csv,True,False,False,1751924994.1864777,272892.41576194763
14479,1751924721.2943065,1751924875.9505205,batch_consumer-sts-0_20250707_214822_658604.csv,True,False,False,1751924994.1864777,272892.1711444855
14489,1751924721.2945442,1751924876.0257971,batch_consumer-sts-0_20250707_214822_658604.csv,True,False,False,1751924994.1864777,272891.9334411621
14499,1751924721.294774,1751924876.1054494,batch_consumer-sts-0_20250707_214822_658604.csv,True,False,False,1751924994.1864777,272891.70360565186
14509,1751924721.295009,1751924876.1891596,batch_consumer-sts-0_20250707_214822_658604.csv,True,False,False,1751924994.1864777,272891.46876335144
14519,1751924721.2952907,1751924876.2763386,batch_consumer-sts-0_20250707_214822_658604.csv,True,False,False,1751924994.1864777,272891.18695259094
14529,1751924721.2955618,1751924876.367442,batch_consumer-sts-0_20250707_214822_658604.csv,True,False,False,1751924994.1864777,272890.9158706665
14539,1751924721.2957923,1751924876.4634058,batch_consumer-sts-0_20250707_214822_658604.csv,True,False,False,1751924994.1864777,272890.6853199005
14549,1751924721.2960224,1751924876.5640829,batch_consumer-sts-0_20250707_214822_658604.csv,True,False,False,1751924994.1864777,272890.4552459717
14559,1751924721.2962582,1751924876.6655354,batch_consumer-sts-0_20250707_214822_658604.csv,True,False,False,1751924994.1864777,272890.21944999695
14569,1751924721.2964935,1751924876.7735329,batch_consumer-sts-0_20250707_214822_658604.csv,True,False,False,1751924994.1864777,272889.9841308594
14579,1751924721.296729,1751924876.8899257,batch_consumer-sts-0_20250707_214822_658604.csv,True,False,False,1751924994.1864777,272889.7485733032
14589,1751924721.296959,1751924877.0116715,batch_consumer-sts-0_20250707_214822_658604.csv,True,False,False,1751924994.1864777,272889.51873779297
14599,1751924721.2971878,1751924877.134405,batch_consumer-sts-0_20250707_214822_658604.csv,True,False,False,1751924994.1864777,272889.28985595703
14609,1751924721.2974122,1751924877.2240925,batch_consumer-sts-0_20250707_214822_658604.csv,True,False,False,1751924994.1864777,272889.0655040741
14619,1751924721.2976477,1751924877.3151245,batch_consumer-sts-0_20250707_214822_658604.csv,True,False,False,1751924994.1864777,272888.82994651794
14629,1751924721.297884,1751924877.4077728,batch_consumer-sts-0_20250707_214822_658604.csv,True,False,False,1751924994.1864777,272888.59367370605
14639,1751924721.298117,1751924877.5013428,batch_consumer-sts-0_20250707_214822_658604.csv,True,False,False,1751924994.1864777,272888.3607387543
14649,1751924721.298385,1751924877.5948522,batch_consumer-sts-0_20250707_214822_658604.csv,True,False,False,1751924994.1864777,272888.09275627136
14659,1751924721.2986352,1751924877.690527,batch_consumer-sts-0_20250707_214822_658604.csv,True,False,False,1751924994.1864777,272887.8424167633
14669,1751924721.2988546,1751924878.2556648,batch_consumer-sts-0_20250707_214822_658604.csv,True,False,False,1751924994.1864777,272887.62307167053
14679,1751924721.2990885,1751924878.549412,batch_consumer-sts-0_20250707_214822_658604.csv,True,False,False,1751924994.1864777,272887.38918304443
14689,1751924721.2993252,1751924878.6476705,batch_consumer-sts-0_20250707_214822_658604.csv,True,False,False,1751924994.1864777,272887.1524333954
14699,1751924721.2995543,1751924878.7474132,batch_consumer-sts-0_20250707_214822_658604.csv,True,False,False,1751924994.1864777,272886.92331314087
14709,1751924721.2997863,1751924878.847065,batch_consumer-sts-0_20250707_214822_658604.csv,True,False,False,1751924994.1864777,272886.6913318634
14719,1751924721.300019,1751924878.9482963,batch_consumer-sts-0_20250707_214822_658604.csv,True,False,False,1751924994.1864777,272886.4586353302
14729,1751924721.3002565,1751924879.0493886,batch_consumer-sts-0_20250707_214822_658604.csv,True,False,False,1751924994.1864777,272886.2211704254
14739,1751924721.3004875,1751924879.150823,batch_consumer-sts-0_20250707_214822_658604.csv,True,False,False,1751924994.1864777,272885.99014282227
14749,1751924721.3007307,1751924879.2522528,batch_consumer-sts-0_20250707_214822_658604.csv,True,False,False,1751924994.1864777,272885.7469558716
14759,1751924721.3009243,1751924879.354203,batch_consumer-sts-0_20250707_214822_658604.csv,True,False,False,1751924994.1864777,272885.55335998535
14769,1751924721.3011055,1751924879.4563067,batch_consumer-sts-0_20250707_214822_658604.csv,True,False,False,1751924994.1864777,272885.37216186523
14779,1751924721.301288,1751924879.5576625,batch_consumer-sts-0_20250707_214822_658604.csv,True,False,False,1751924994.1864777,272885.1897716522
14789,1751924721.30147,1751924879.660742,batch_consumer-sts-0_20250707_214822_658604.csv,True,False,False,1751924994.1864777,272885.0076198578
14799,1751924721.3016589,1751924879.763806,batch_consumer-sts-0_20250707_214822_658604.csv,True,False,False,1751924994.1864777,272884.81879234314
14809,1751924721.301854,1751924879.867251,batch_consumer-sts-0_20250707_214822_658604.csv,True,False,False,1751924994.1864777,272884.62376594543
14819,1751924721.30204,1751924879.9715192,batch_consumer-sts-0_20250707_214822_658604.csv,True,False,False,1751924994.1864777,272884.43756103516
14829,1751924721.302258,1751924881.0782125,batch_consumer-sts-0_20250707_214822_658604.csv,True,False,False,1751924994.1864777,272884.21964645386
14839,1751924721.3025055,1751924881.1879165,batch_consumer-sts-0_20250707_214822_658604.csv,True,False,False,1751924994.1864777,272883.97216796875
14849,1751924721.3027358,1751924881.2955265,batch_consumer-sts-0_20250707_214822_658604.csv,True,False,False,1751924994.1864777,272883.74185562134
14859,1751924721.3029642,1751924881.405225,batch_consumer-sts-0_20250707_214822_658604.csv,True,False,False,1751924994.1864777,272883.51345062256
14869,1751924721.303196,1751924881.5138,batch_consumer-sts-0_20250707_214822_658604.csv,True,False,False,1751924994.1864777,272883.2817077637
14879,1751924721.303422,1751924881.6229427,batch_consumer-sts-0_20250707_214822_658604.csv,True,False,False,1751924994.1864777,272883.0556869507
14889,1751924721.3036509,1751924881.732672,batch_consumer-sts-0_20250707_214822_658604.csv,True,False,False,1751924994.1864777,272882.82680511475
14899,1751924721.303878,1751924881.8429732,batch_consumer-sts-0_20250707_214822_658604.csv,True,False,False,1751924994.1864777,272882.59959220886
14909,1751924721.3041036,1751924881.9539614,batch_consumer-sts-0_20250707_214822_658604.csv,True,False,False,1751924994.1864777,272882.37404823303
14919,1751924721.3043256,1751924882.0646868,batch_consumer-sts-0_20250707_214822_658604.csv,True,False,False,1751924994.1864777,272882.1520805359
14929,1751924721.304556,1751924882.1836035,batch_consumer-sts-0_20250707_214822_658604.csv,True,False,False,1751924994.1864777,272881.9217681885
14939,1751924721.304787,1751924882.2949977,batch_consumer-sts-0_20250707_214822_658604.csv,True,False,False,1751924994.1864777,272881.6907405853
14949,1751924721.3050172,1751924882.407271,batch_consumer-sts-0_20250707_214822_658604.csv,True,False,False,1751924994.1864777,272881.4604282379
14959,1751924721.305259,1751924882.5187044,batch_consumer-sts-0_20250707_214822_658604.csv,True,False,False,1751924994.1864777,272881.2186717987
14969,1751924721.3054864,1751924882.6313024,batch_consumer-sts-0_20250707_214822_658604.csv,True,False,False,1751924994.1864777,272880.99122047424
14979,1751924721.3057184,1751924882.7434375,batch_consumer-sts-0_20250707_214822_658604.csv,True,False,False,1751924994.1864777,272880.7592391968
14989,1751924721.305946,1751924882.8565414,batch_consumer-sts-0_20250707_214822_658604.csv,True,False,False,1751924994.1864777,272880.53154945374
14999,1751924721.306209,1751924883.0570595,batch_consumer-sts-0_20250707_214822_658604.csv,True,False,False,1751924994.1864777,272880.268573761
15009,1751924721.3064485,1751924883.341035,batch_consumer-sts-0_20250707_214822_658604.csv,True,False,False,1751924994.1864777,272880.02920150757
15019,1751924721.306682,1751924883.4584482,batch_consumer-sts-0_20250707_214822_658604.csv,True,False,False,1751924994.1864777,272879.79555130005
15029,1751924721.306919,1751924883.573907,batch_consumer-sts-0_20250707_214822_658604.csv,True,False,False,1751924994.1864777,272879.5585632324
15039,1751924721.3071449,1751924883.6887105,batch_consumer-sts-0_20250707_214822_658604.csv,True,False,False,1751924994.1864777,272879.332780838
15049,1751924721.307375,1751924883.8040967,batch_consumer-sts-0_20250707_214822_658604.csv,True,False,False,1751924994.1864777,272879.1027069092
15059,1751924721.3076062,1751924883.9192204,batch_consumer-sts-0_20250707_214822_658604.csv,True,False,False,1751924994.1864777,272878.87144088745
15069,1751924721.3078492,1751924884.034284,batch_consumer-sts-0_20250707_214822_658604.csv,True,False,False,1751924994.1864777,272878.62849235535
15079,1751924721.3080857,1751924884.1510627,batch_consumer-sts-0_20250707_214822_658604.csv,True,False,False,1751924994.1864777,272878.3919811249
15089,1751924721.3083177,1751924884.268017,batch_consumer-sts-0_20250707_214822_658604.csv,True,False,False,1751924994.1864777,272878.1599998474
15099,1751924721.3085508,1751924884.3858695,batch_consumer-sts-0_20250707_214822_658604.csv,True,False,False,1751924994.1864777,272877.92682647705
15109,1751924721.308782,1751924884.503549,batch_consumer-sts-0_20250707_214822_658604.csv,True,False,False,1751924994.1864777,272877.6955604553
15119,1751924721.3093104,1751924884.6206784,batch_consumer-sts-0_20250707_214822_658604.csv,True,False,False,1751924994.1864777,272877.16722488403
15129,1751924721.3095424,1751924884.738147,batch_consumer-sts-0_20250707_214822_658604.csv,True,False,False,1751924994.1864777,272876.93524360657
15139,1751924721.3097851,1751924884.8591182,batch_consumer-sts-0_20250707_214822_658604.csv,True,False,False,1751924994.1864777,272876.69253349304
15149,1751924721.3100097,1751924884.9773026,batch_consumer-sts-0_20250707_214822_658604.csv,True,False,False,1751924994.1864777,272876.4679431915
15159,1751924721.3102558,1751924885.0950296,batch_consumer-sts-0_20250707_214822_658604.csv,True,False,False,1751924994.1864777,272876.2218952179
15169,1751924721.3104832,1751924885.2124672,batch_consumer-sts-0_20250707_214822_658604.csv,True,False,False,1751924994.1864777,272875.99444389343
48649,1751924722.2642446,1751924885.3302057,batch_consumer-sts-0_20250707_214822_658604.csv,True,False,False,1751924994.1864777,271922.2331047058
48659,1751924722.2644875,1751924885.4494026,batch_consumer-sts-0_20250707_214822_658604.csv,True,False,False,1751924994.1864777,271921.9901561737
48669,1751924722.2647183,1751924885.5687103,batch_consumer-sts-0_20250707_214822_658604.csv,True,False,False,1751924994.1864777,271921.75936698914
48679,1751924722.2649388,1751924885.6873891,batch_consumer-sts-0_20250707_214822_658604.csv,True,False,False,1751924994.1864777,271921.53882980347
48689,1751924722.2651646,1751924886.0178983,batch_consumer-sts-0_20250707_214822_658604.csv,True,False,False,1751924994.1864777,271921.31304740906
48699,1751924722.2653935,1751924887.1427057,batch_consumer-sts-0_20250707_214822_658604.csv,True,False,False,1751924994.1864777,271921.0841655731
48709,1751924722.2656193,1751924887.2658467,batch_consumer-sts-0_20250707_214822_658604.csv,True,False,False,1751924994.1864777,271920.8583831787
48719,1751924722.265849,1751924887.3890843,batch_consumer-sts-0_20250707_214822_658604.csv,True,False,False,1751924994.1864777,271920.62854766846
48729,1751924722.2660837,1751924887.5107603,batch_consumer-sts-0_20250707_214822_658604.csv,True,False,False,1751924994.1864777,271920.3939437866
48739,1751924722.266324,1751924887.633839,batch_consumer-sts-0_20250707_214822_658604.csv,True,False,False,1751924994.1864777,271920.1536178589
48749,1751924722.2665577,1751924887.761462,batch_consumer-sts-0_20250707_214822_658604.csv,True,False,False,1751924994.1864777,271919.91996765137
48759,1751924722.2667933,1751924887.8846374,batch_consumer-sts-0_20250707_214822_658604.csv,True,False,False,1751924994.1864777,271919.6844100952
48769,1751924722.2670202,1751924887.9717748,batch_consumer-sts-0_20250707_214822_658604.csv,True,False,False,1751924994.1864777,271919.4574356079
48779,1751924722.267255,1751924888.583012,batch_consumer-sts-0_20250707_214822_658604.csv,True,False,False,1751924994.1864777,271919.2225933075
48789,1751924722.2674875,1751924888.6490924,batch_consumer-sts-0_20250707_214822_658604.csv,True,False,False,1751924994.1864777,271918.9901351929
48799,1751924722.2677133,1751924888.714251,batch_consumer-sts-0_20250707_214822_658604.csv,True,False,False,1751924994.1864777,271918.76435279846
48809,1751924722.2679472,1751924888.7808084,batch_consumer-sts-0_20250707_214822_658604.csv,True,False,False,1751924994.1864777,271918.53046417236
48819,1751924722.2681758,1751924888.8471932,batch_consumer-sts-0_20250707_214822_658604.csv,True,False,False,1751924994.1864777,271918.301820755
48829,1751924722.268401,1751924888.9134955,batch_consumer-sts-0_20250707_214822_658604.csv,True,False,False,1751924994.1864777,271918.07675361633
48839,1751924722.268629,1751924888.9833884,batch_consumer-sts-0_20250707_214822_658604.csv,True,False,False,1751924994.1864777,271917.84858703613
48849,1751924722.2688558,1751924889.0513945,batch_consumer-sts-0_20250707_214822_658604.csv,True,False,False,1751924994.1864777,271917.6218509674
48859,1751924722.269083,1751924889.1166008,batch_consumer-sts-0_20250707_214822_658604.csv,True,False,False,1751924994.1864777,271917.3946380615
48869,1751924722.2693074,1751924889.184175,batch_consumer-sts-0_20250707_214822_658604.csv,True,False,False,1751924994.1864777,271917.1702861786
48879,1751924722.269534,1751924889.2511706,batch_consumer-sts-0_20250707_214822_658604.csv,True,False,False,1751924994.1864777,271916.94355010986
48889,1751924722.2697682,1751924889.3173244,batch_consumer-sts-0_20250707_214822_658604.csv,True,False,False,1751924994.1864777,271916.7094230652
48899,1751924722.269998,1751924889.3826735,batch_consumer-sts-0_20250707_214822_658604.csv,True,False,False,1751924994.1864777,271916.47958755493
48909,1751924722.2702284,1751924889.444373,batch_consumer-sts-0_20250707_214822_658604.csv,True,False,False,1751924994.1864777,271916.2492752075
48919,1751924722.2704582,1751924889.49296,batch_consumer-sts-0_20250707_214822_658604.csv,True,False,False,1751924994.1864777,271916.01943969727
48929,1751924722.2706876,1751924889.5448606,batch_consumer-sts-0_20250707_214822_658604.csv,True,False,False,1751924994.1864777,271915.79008102417
48939,1751924722.2709098,1751924889.594989,batch_consumer-sts-0_20250707_214822_658604.csv,True,False,False,1751924994.1864777,271915.56787490845
48949,1751924722.2711415,1751924889.6463263,batch_consumer-sts-0_20250707_214822_658604.csv,True,False,False,1751924994.1864777,271915.33613204956
48959,1751924722.2713728,1751924889.696652,batch_consumer-sts-0_20250707_214822_658604.csv,True,False,False,1751924994.1864777,271915.10486602783
48969,1751924722.2716074,1751924889.7470949,batch_consumer-sts-0_20250707_214822_658604.csv,True,False,False,1751924994.1864777,271914.870262146
48979,1751924722.2718515,1751924889.7979012,batch_consumer-sts-0_20250707_214822_658604.csv,True,False,False,1751924994.1864777,271914.626121521
48989,1751924722.2720857,1751924889.8484912,batch_consumer-sts-0_20250707_214822_658604.csv,True,False,False,1751924994.1864777,271914.3919944763
48999,1751924722.2723143,1751924889.8986125,batch_consumer-sts-0_20250707_214822_658604.csv,True,False,False,1751924994.1864777,271914.16335105896
49009,1751924722.272544,1751924889.9518626,batch_consumer-sts-0_20250707_214822_658604.csv,True,False,False,1751924994.1864777,271913.9337539673
49019,1751924722.272772,1751924890.0026374,batch_consumer-sts-0_20250707_214822_658604.csv,True,False,False,1751924994.1864777,271913.7055873871
49029,1751924722.2729986,1751924890.053012,batch_consumer-sts-0_20250707_214822_658604.csv,True,False,False,1751924994.1864777,271913.47908973694
49039,1751924722.273225,1751924890.1030908,batch_consumer-sts-0_20250707_214822_658604.csv,True,False,False,1751924994.1864777,271913.2525920868
49049,1751924722.2734623,1751924890.154861,batch_consumer-sts-0_20250707_214822_658604.csv,True,False,False,1751924994.1864777,271913.0153656006
49059,1751924722.2736976,1751924890.2065983,batch_consumer-sts-0_20250707_214822_658604.csv,True,False,False,1751924994.1864777,271912.780046463
49069,1751924722.2739289,1751924890.251302,batch_consumer-sts-0_20250707_214822_658604.csv,True,False,False,1751924994.1864777,271912.5487804413
49079,1751924722.2741733,1751924890.27825,batch_consumer-sts-0_20250707_214822_658604.csv,True,False,False,1751924994.1864777,271912.3044013977
49089,1751924722.2744012,1751924890.3018248,batch_consumer-sts-0_20250707_214822_658604.csv,True,False,False,1751924994.1864777,271912.0764732361
49099,1751924722.2746294,1751924890.3268368,batch_consumer-sts-0_20250707_214822_658604.csv,True,False,False,1751924994.1864777,271911.8483066559
49109,1751924722.274868,1751924890.3519137,batch_consumer-sts-0_20250707_214822_658604.csv,True,False,False,1751924994.1864777,271911.6096496582
49119,1751924722.2751043,1751924890.3783646,batch_consumer-sts-0_20250707_214822_658604.csv,True,False,False,1751924994.1864777,271911.3733768463
49129,1751924722.2753382,1751924890.4036224,batch_consumer-sts-0_20250707_214822_658604.csv,True,False,False,1751924994.1864777,271911.1394882202
49139,1751924722.2755806,1751924890.429526,batch_consumer-sts-0_20250707_214822_658604.csv,True,False,False,1751924994.1864777,271910.89701652527
49149,1751924722.2758164,1751924890.4549606,batch_consumer-sts-0_20250707_214822_658604.csv,True,False,False,1751924994.1864777,271910.66122055054
49159,1751924722.2760444,1751924890.4812682,batch_consumer-sts-0_20250707_214822_658604.csv,True,False,False,1751924994.1864777,271910.4332923889
49169,1751924722.2762957,1751924890.5047483,batch_consumer-sts-0_20250707_214822_658604.csv,True,False,False,1751924994.1864777,271910.18199920654
49179,1751924722.276534,1751924890.5296488,batch_consumer-sts-0_20250707_214822_658604.csv,True,False,False,1751924994.1864777,271909.94358062744
49189,1751924722.276766,1751924890.554808,batch_consumer-sts-0_20250707_214822_658604.csv,True,False,False,1751924994.1864777,271909.71159935
49199,1751924722.2772398,1751924890.5800495,batch_consumer-sts-0_20250707_214822_658604.csv,True,False,False,1751924994.1864777,271909.2378616333
49209,1751924722.2774794,1751924890.6045504,batch_consumer-sts-0_20250707_214822_658604.csv,True,False,False,1751924994.1864777,271908.9982509613
49219,1751924722.2777116,1751924890.6296673,batch_consumer-sts-0_20250707_214822_658604.csv,True,False,False,1751924994.1864777,271908.76603126526
49229,1751924722.2779431,1751924890.6549566,batch_consumer-sts-0_20250707_214822_658604.csv,True,False,False,1751924994.1864777,271908.53452682495
49239,1751924722.2781818,1751924890.680567,batch_consumer-sts-0_20250707_214822_658604.csv,True,False,False,1751924994.1864777,271908.29586982727
49249,1751924722.2784324,1751924890.705175,batch_consumer-sts-0_20250707_214822_658604.csv,True,False,False,1751924994.1864777,271908.04529190063
49259,1751924722.2786603,1751924890.729874,batch_consumer-sts-0_20250707_214822_658604.csv,True,False,False,1751924994.1864777,271907.817363739
49269,1751924722.2788968,1751924890.7548778,batch_consumer-sts-0_20250707_214822_658604.csv,True,False,False,1751924994.1864777,271907.58085250854
49279,1751924722.2791247,1751924890.7806327,batch_consumer-sts-0_20250707_214822_658604.csv,True,False,False,1751924994.1864777,271907.3529243469
49289,1751924722.2793634,1751924890.805419,batch_consumer-sts-0_20250707_214822_658604.csv,True,False,False,1751924994.1864777,271907.11426734924
49299,1751924722.2795968,1751924891.0249667,batch_consumer-sts-0_20250707_214822_658604.csv,True,False,False,1751924994.1864777,271906.8808555603
49309,1751924722.2798252,1751924891.0491743,batch_consumer-sts-0_20250707_214822_658604.csv,True,False,False,1751924994.1864777,271906.6524505615
49319,1751924722.2800589,1751924891.3973873,batch_consumer-sts-0_20250707_214822_658604.csv,True,False,False,1751924994.1864777,271906.418800354
49329,1751924722.2802875,1751924891.4251914,batch_consumer-sts-0_20250707_214822_658604.csv,True,False,False,1751924994.1864777,271906.19015693665
49339,1751924722.280517,1751924891.4501407,batch_consumer-sts-0_20250707_214822_658604.csv,True,False,False,1751924994.1864777,271905.96055984497
49349,1751924722.2807522,1751924891.4741323,batch_consumer-sts-0_20250707_214822_658604.csv,True,False,False,1751924994.1864777,271905.725479126
49359,1751924722.2809796,1751924891.4990313,batch_consumer-sts-0_20250707_214822_658604.csv,True,False,False,1751924994.1864777,271905.4980278015
49369,1751924722.2812145,1751924891.5291617,batch_consumer-sts-0_20250707_214822_658604.csv,True,False,False,1751924994.1864777,271905.2631855011
49379,1751924722.2814486,1751924891.5539136,batch_consumer-sts-0_20250707_214822_658604.csv,True,False,False,1751924994.1864777,271905.0290584564
49389,1751924722.281679,1751924891.5792742,batch_consumer-sts-0_20250707_214822_658604.csv,True,False,False,1751924994.1864777,271904.798746109
49399,1751924722.2818992,1751924891.602869,batch_consumer-sts-0_20250707_214822_658604.csv,True,False,False,1751924994.1864777,271904.5784473419
49409,1751924722.2821305,1751924891.6327484,batch_consumer-sts-0_20250707_214822_658604.csv,True,False,False,1751924994.1864777,271904.3471813202
49419,1751924722.2823713,1751924891.6581163,batch_consumer-sts-0_20250707_214822_658604.csv,True,False,False,1751924994.1864777,271904.1063785553
49429,1751924722.2826188,1751924891.6826715,batch_consumer-sts-0_20250707_214822_658604.csv,True,False,False,1751924994.1864777,271903.8589000702
49439,1751924722.2830307,1751924891.7074046,batch_consumer-sts-0_20250707_214822_658604.csv,True,False,False,1751924994.1864777,271903.4469127655
49449,1751924722.283433,1751924891.732635,batch_consumer-sts-0_20250707_214822_658604.csv,True,False,False,1751924994.1864777,271903.04470062256
49459,1751924722.283841,1751924891.759634,batch_consumer-sts-0_20250707_214822_658604.csv,True,False,False,1751924994.1864777,271902.6367664337
49469,1751924722.2842767,1751924891.7845528,batch_consumer-sts-0_20250707_214822_658604.csv,True,False,False,1751924994.1864777,271902.2009372711
49479,1751924722.2846737,1751924891.8087234,batch_consumer-sts-0_20250707_214822_658604.csv,True,False,False,1751924994.1864777,271901.8039703369
49489,1751924722.2850845,1751924891.833518,batch_consumer-sts-0_20250707_214822_658604.csv,True,False,False,1751924994.1864777,271901.3931751251
49499,1751924722.2855034,1751924892.8603034,batch_consumer-sts-0_20250707_214822_658604.csv,True,False,False,1751924994.1864777,271900.97427368164
49509,1751924722.285913,1751924892.8914394,batch_consumer-sts-0_20250707_214822_658604.csv,True,False,False,1751924994.1864777,271900.56467056274
49519,1751924722.28634,1751924892.9156237,batch_consumer-sts-0_20250707_214822_658604.csv,True,False,False,1751924994.1864777,271900.1376628876
49529,1751924722.2867522,1751924892.9409995,batch_consumer-sts-0_20250707_214822_658604.csv,True,False,False,1751924994.1864777,271899.7254371643
49539,1751924722.2871592,1751924892.965972,batch_consumer-sts-0_20250707_214822_658604.csv,True,False,False,1751924994.1864777,271899.3184566498
49549,1751924722.2875657,1751924892.99109,batch_consumer-sts-0_20250707_214822_658604.csv,True,False,False,1751924994.1864777,271898.9119529724
49559,1751924722.2879992,1751924893.0154035,batch_consumer-sts-0_20250707_214822_658604.csv,True,False,False,1751924994.1864777,271898.4785079956
49569,1751924722.288422,1751924893.0431418,batch_consumer-sts-0_20250707_214822_658604.csv,True,False,False,1751924994.1864777,271898.0555534363
49579,1751924722.2888317,1751924893.0681102,batch_consumer-sts-0_20250707_214822_658604.csv,True,False,False,1751924994.1864777,271897.6459503174
49589,1751924722.289243,1751924893.0927858,batch_consumer-sts-0_20250707_214822_658604.csv,True,False,False,1751924994.1864777,271897.23467826843
49599,1751924722.2896614,1751924893.1168587,batch_consumer-sts-0_20250707_214822_658604.csv,True,False,False,1751924994.1864777,271896.8162536621
49609,1751924722.2900777,1751924893.2489984,batch_consumer-sts-0_20250707_214822_658604.csv,True,False,False,1751924994.1864777,271896.399974823
49619,1751924722.2905006,1751924893.2751424,batch_consumer-sts-0_20250707_214822_658604.csv,True,False,False,1751924994.1864777,271895.9770202637
49629,1751924722.2909105,1751924893.300798,batch_consumer-sts-0_20250707_214822_658604.csv,True,False,False,1751924994.1864777,271895.5671787262
49639,1751924722.2913263,1751924893.325563,batch_consumer-sts-0_20250707_214822_658604.csv,True,False,False,1751924994.1864777,271895.15137672424
49649,1751924722.2917292,1751924893.5212038,batch_consumer-sts-0_20250707_214822_658604.csv,True,False,False,1751924994.1864777,271894.74844932556
49659,1751924722.2921371,1751924893.546418,batch_consumer-sts-0_20250707_214822_658604.csv,True,False,False,1751924994.1864777,271894.3405151367
49669,1751924722.292562,1751924893.5717747,batch_consumer-sts-0_20250707_214822_658604.csv,True,False,False,1751924994.1864777,271893.91565322876
49679,1751924722.2929423,1751924893.596449,batch_consumer-sts-0_20250707_214822_658604.csv,True,False,False,1751924994.1864777,271893.5353755951
49689,1751924722.2932615,1751924893.620932,batch_consumer-sts-0_20250707_214822_658604.csv,True,False,False,1751924994.1864777,271893.2161331177
49699,1751924722.2935796,1751924894.0528593,batch_consumer-sts-0_20250707_214822_658604.csv,True,False,False,1751924994.1864777,271892.89808273315
49709,1751924722.2939343,1751924894.0775585,batch_consumer-sts-0_20250707_214822_658604.csv,True,False,False,1751924994.1864777,271892.54331588745
49719,1751924722.2943225,1751924894.1022613,batch_consumer-sts-0_20250707_214822_658604.csv,True,False,False,1751924994.1864777,271892.1551704407
49729,1751924722.2947288,1751924894.1310558,batch_consumer-sts-0_20250707_214822_658604.csv,True,False,False,1751924994.1864777,271891.7489051819
49739,1751924722.2951531,1751924894.1558156,batch_consumer-sts-0_20250707_214822_658604.csv,True,False,False,1751924994.1864777,271891.3245201111
49749,1751924722.2955751,1751924894.1813197,batch_consumer-sts-0_20250707_214822_658604.csv,True,False,False,1751924994.1864777,271890.9025192261
49759,1751924722.2959964,1751924894.2066016,batch_consumer-sts-0_20250707_214822_658604.csv,True,False,False,1751924994.1864777,271890.4812335968
49769,1751924722.2964234,1751924894.2336051,batch_consumer-sts-0_20250707_214822_658604.csv,True,False,False,1751924994.1864777,271890.05422592163
49779,1751924722.2968414,1751924894.2596407,batch_consumer-sts-0_20250707_214822_658604.csv,True,False,False,1751924994.1864777,271889.63627815247
49789,1751924722.2972584,1751924894.291397,batch_consumer-sts-0_20250707_214822_658604.csv,True,False,False,1751924994.1864777,271889.2192840576
49799,1751924722.2976663,1751924894.3163996,batch_consumer-sts-0_20250707_214822_658604.csv,True,False,False,1751924994.1864777,271888.8113498688
49809,1751924722.298086,1751924894.344502,batch_consumer-sts-0_20250707_214822_658604.csv,True,False,False,1751924994.1864777,271888.39173316956
49819,1751924722.2984989,1751924894.3705082,batch_consumer-sts-0_20250707_214822_658604.csv,True,False,False,1751924994.1864777,271887.97879219055
49829,1751924722.2989202,1751924894.3952837,batch_consumer-sts-0_20250707_214822_658604.csv,True,False,False,1751924994.1864777,271887.5575065613
49839,1751924722.299332,1751924894.4190383,batch_consumer-sts-0_20250707_214822_658604.csv,True,False,False,1751924994.1864777,271887.1457576752
49849,1751924722.2997658,1751924894.443762,batch_consumer-sts-0_20250707_214822_658604.csv,True,False,False,1751924994.1864777,271886.7118358612
49859,1751924722.3001869,1751924894.4701674,batch_consumer-sts-0_20250707_214822_658604.csv,True,False,False,1751924994.1864777,271886.2907886505
49869,1751924722.3005986,1751924894.4962091,batch_consumer-sts-0_20250707_214822_658604.csv,True,False,False,1751924994.1864777,271885.8790397644
49879,1751924722.3010235,1751924894.5206902,batch_consumer-sts-0_20250707_214822_658604.csv,True,False,False,1751924994.1864777,271885.45417785645
49889,1751924722.3014412,1751924894.546161,batch_consumer-sts-0_20250707_214822_658604.csv,True,False,False,1751924994.1864777,271885.03646850586
49899,1751924722.301895,1751924894.5716918,batch_consumer-sts-0_20250707_214822_658604.csv,True,False,False,1751924994.1864777,271884.5827579498
49909,1751924722.3023174,1751924894.5970137,batch_consumer-sts-0_20250707_214822_658604.csv,True,False,False,1751924994.1864777,271884.16028022766
49919,1751924722.3027248,1751924894.6231863,batch_consumer-sts-0_20250707_214822_658604.csv,True,False,False,1751924994.1864777,271883.752822876
49929,1751924722.303139,1751924894.6490068,batch_consumer-sts-0_20250707_214822_658604.csv,True,False,False,1751924994.1864777,271883.3386898041
49939,1751924722.3035576,1751924894.6743815,batch_consumer-sts-0_20250707_214822_658604.csv,True,False,False,1751924994.1864777,271882.9200267792
49949,1751924722.30397,1751924894.6992235,batch_consumer-sts-0_20250707_214822_658604.csv,True,False,False,1751924994.1864777,271882.5075626373
54519,1751924722.4652476,1751924894.7293236,batch_consumer-sts-0_20250707_214822_658604.csv,True,False,False,1751924994.1864777,271721.2300300598
54529,1751924722.465693,1751924894.7578416,batch_consumer-sts-0_20250707_214822_658604.csv,True,False,False,1751924994.1864777,271720.78466415405
54539,1751924722.4661078,1751924894.784258,batch_consumer-sts-0_20250707_214822_658604.csv,True,False,False,1751924994.1864777,271720.3698158264
54549,1751924722.4665246,1751924894.8106058,batch_consumer-sts-0_20250707_214822_658604.csv,True,False,False,1751924994.1864777,271719.95306015015
54559,1751924722.4669309,1751924894.8349872,batch_consumer-sts-0_20250707_214822_658604.csv,True,False,False,1751924994.1864777,271719.54679489136
54569,1751924722.467352,1751924894.8628397,batch_consumer-sts-0_20250707_214822_658604.csv,True,False,False,1751924994.1864777,271719.12574768066
54579,1751924722.4677677,1751924894.8875144,batch_consumer-sts-0_20250707_214822_658604.csv,True,False,False,1751924994.1864777,271718.7099456787
54589,1751924722.4681756,1751924894.914759,batch_consumer-sts-0_20250707_214822_658604.csv,True,False,False,1751924994.1864777,271718.30201148987
54599,1751924722.4685953,1751924894.9404328,batch_consumer-sts-0_20250707_214822_658604.csv,True,False,False,1751924994.1864777,271717.88239479065
54609,1751924722.4690282,1751924894.966359,batch_consumer-sts-0_20250707_214822_658604.csv,True,False,False,1751924994.1864777,271717.449426651
54619,1751924722.4694035,1751924894.9912648,batch_consumer-sts-0_20250707_214822_658604.csv,True,False,False,1751924994.1864777,271717.0741558075
54629,1751924722.4697323,1751924895.015643,batch_consumer-sts-0_20250707_214822_658604.csv,True,False,False,1751924994.1864777,271716.7453765869
54639,1751924722.4700649,1751924895.0404766,batch_consumer-sts-0_20250707_214822_658604.csv,True,False,False,1751924994.1864777,271716.41278266907
54649,1751924722.4704635,1751924895.0662217,batch_consumer-sts-0_20250707_214822_658604.csv,True,False,False,1751924994.1864777,271716.0141468048
54659,1751924722.4709008,1751924895.0918565,batch_consumer-sts-0_20250707_214822_658604.csv,True,False,False,1751924994.1864777,271715.57688713074
54669,1751924722.4713032,1751924895.1162734,batch_consumer-sts-0_20250707_214822_658604.csv,True,False,False,1751924994.1864777,271715.1744365692
54679,1751924722.4716847,1751924895.1420002,batch_consumer-sts-0_20250707_214822_658604.csv,True,False,False,1751924994.1864777,271714.79296684265
54689,1751924722.4720354,1751924895.16861,batch_consumer-sts-0_20250707_214822_658604.csv,True,False,False,1751924994.1864777,271714.4422531128
54699,1751924722.4723382,1751924895.1934323,batch_consumer-sts-0_20250707_214822_658604.csv,True,False,False,1751924994.1864777,271714.13946151733
54709,1751924722.4726503,1751924895.218418,batch_consumer-sts-0_20250707_214822_658604.csv,True,False,False,1751924994.1864777,271713.8273715973
54719,1751924722.4729636,1751924895.2419982,batch_consumer-sts-0_20250707_214822_658604.csv,True,False,False,1751924994.1864777,271713.51408958435
54729,1751924722.4732769,1751924895.2670562,batch_consumer-sts-0_20250707_214822_658604.csv,True,False,False,1751924994.1864777,271713.2008075714
54739,1751924722.4736009,1751924895.291873,batch_consumer-sts-0_20250707_214822_658604.csv,True,False,False,1751924994.1864777,271712.8767967224
54749,1751924722.47391,1751924895.3163805,batch_consumer-sts-0_20250707_214822_658604.csv,True,False,False,1751924994.1864777,271712.5675678253
54759,1751924722.474298,1751924895.342742,batch_consumer-sts-0_20250707_214822_658604.csv,True,False,False,1751924994.1864777,271712.1796607971
54769,1751924722.4747224,1751924895.36893,batch_consumer-sts-0_20250707_214822_658604.csv,True,False,False,1751924994.1864777,271711.7552757263
54779,1751924722.4753127,1751924895.394335,batch_consumer-sts-0_20250707_214822_658604.csv,True,False,False,1751924994.1864777,271711.16495132446
54789,1751924722.4757197,1751924895.4185295,batch_consumer-sts-0_20250707_214822_658604.csv,True,False,False,1751924994.1864777,271710.75797080994
54799,1751924722.476141,1751924895.4433303,batch_consumer-sts-0_20250707_214822_658604.csv,True,False,False,1751924994.1864777,271710.33668518066
54809,1751924722.4765422,1751924895.4683726,batch_consumer-sts-0_20250707_214822_658604.csv,True,False,False,1751924994.1864777,271709.93542671204
54819,1751924722.4769478,1751924895.4935565,batch_consumer-sts-0_20250707_214822_658604.csv,True,False,False,1751924994.1864777,271709.529876709
54829,1751924722.4773557,1751924895.517892,batch_consumer-sts-0_20250707_214822_658604.csv,True,False,False,1751924994.1864777,271709.12194252014
54839,1751924722.477788,1751924895.5429697,batch_consumer-sts-0_20250707_214822_658604.csv,True,False,False,1751924994.1864777,271708.68968963623
54849,1751924722.4782135,1751924895.5702555,batch_consumer-sts-0_20250707_214822_658604.csv,True,False,False,1751924994.1864777,271708.26411247253
54859,1751924722.478742,1751924895.59638,batch_consumer-sts-0_20250707_214822_658604.csv,True,False,False,1751924994.1864777,271707.73577690125
54869,1751924722.4791558,1751924895.6214175,batch_consumer-sts-0_20250707_214822_658604.csv,True,False,False,1751924994.1864777,271707.3218822479
54879,1751924722.4795852,1751924895.6474426,batch_consumer-sts-0_20250707_214822_658604.csv,True,False,False,1751924994.1864777,271706.89249038696
54889,1751924722.4800808,1751924895.6728156,batch_consumer-sts-0_20250707_214822_658604.csv,True,False,False,1751924994.1864777,271706.396818161
54899,1751924722.4805074,1751924895.6975496,batch_consumer-sts-0_20250707_214822_658604.csv,True,False,False,1751924994.1864777,271705.970287323
54909,1751924722.4809277,1751924895.724385,batch_consumer-sts-0_20250707_214822_658604.csv,True,False,False,1751924994.1864777,271705.54995536804
54919,1751924722.4813497,1751924895.749134,batch_consumer-sts-0_20250707_214822_658604.csv,True,False,False,1751924994.1864777,271705.12795448303
54929,1751924722.4817731,1751924895.7739396,batch_consumer-sts-0_20250707_214822_658604.csv,True,False,False,1751924994.1864777,271704.70452308655
54939,1751924722.4822023,1751924895.798864,batch_consumer-sts-0_20250707_214822_658604.csv,True,False,False,1751924994.1864777,271704.27536964417
54949,1751924722.4826145,1751924895.8228168,batch_consumer-sts-0_20250707_214822_658604.csv,True,False,False,1751924994.1864777,271703.8631439209
54959,1751924722.4830122,1751924895.847819,batch_consumer-sts-0_20250707_214822_658604.csv,True,False,False,1751924994.1864777,271703.46546173096
54969,1751924722.4834037,1751924895.8723106,batch_consumer-sts-0_20250707_214822_658604.csv,True,False,False,1751924994.1864777,271703.0739784241
54979,1751924722.4838047,1751924895.8967514,batch_consumer-sts-0_20250707_214822_658604.csv,True,False,False,1751924994.1864777,271702.672958374
54989,1751924722.4842055,1751924895.921158,batch_consumer-sts-0_20250707_214822_658604.csv,True,False,False,1751924994.1864777,271702.27217674255
54999,1751924722.4846072,1751924895.9458475,batch_consumer-sts-0_20250707_214822_658604.csv,True,False,False,1751924994.1864777,271701.87044143677
55009,1751924722.4850235,1751924896.1759057,batch_consumer-sts-0_20250707_214822_658604.csv,True,False,False,1751924994.1864777,271701.45416259766
55019,1751924722.4854307,1751924896.201262,batch_consumer-sts-0_20250707_214822_658604.csv,True,False,False,1751924994.1864777,271701.04694366455
55029,1751924722.4858582,1751924896.225304,batch_consumer-sts-0_20250707_214822_658604.csv,True,False,False,1751924994.1864777,271700.6194591522
55039,1751924722.4862072,1751924896.251349,batch_consumer-sts-0_20250707_214822_658604.csv,True,False,False,1751924994.1864777,271700.2704143524
55049,1751924722.4866266,1751924896.2771096,batch_consumer-sts-0_20250707_214822_658604.csv,True,False,False,1751924994.1864777,271699.8510360718
55059,1751924722.487036,1751924896.302182,batch_consumer-sts-0_20250707_214822_658604.csv,True,False,False,1751924994.1864777,271699.44167137146
55069,1751924722.4874668,1751924896.3261735,batch_consumer-sts-0_20250707_214822_658604.csv,True,False,False,1751924994.1864777,271699.010848999
55079,1751924722.487783,1751924896.3511934,batch_consumer-sts-0_20250707_214822_658604.csv,True,False,False,1751924994.1864777,271698.69470596313
55089,1751924722.488106,1751924896.376226,batch_consumer-sts-0_20250707_214822_658604.csv,True,False,False,1751924994.1864777,271698.37164878845
55099,1751924722.4884157,1751924896.4012136,batch_consumer-sts-0_20250707_214822_658604.csv,True,False,False,1751924994.1864777,271698.0619430542
55109,1751924722.488742,1751924896.426264,batch_consumer-sts-0_20250707_214822_658604.csv,True,False,False,1751924994.1864777,271697.7355480194
55119,1751924722.4890635,1751924896.4512565,batch_consumer-sts-0_20250707_214822_658604.csv,True,False,False,1751924994.1864777,271697.4141597748
55129,1751924722.489385,1751924896.4774349,batch_consumer-sts-0_20250707_214822_658604.csv,True,False,False,1751924994.1864777,271697.09277153015
55139,1751924722.4896958,1751924896.5015666,batch_consumer-sts-0_20250707_214822_658604.csv,True,False,False,1751924994.1864777,271696.781873703
55149,1751924722.4900074,1751924896.5270512,batch_consumer-sts-0_20250707_214822_658604.csv,True,False,False,1751924994.1864777,271696.4702606201
55159,1751924722.49038,1751924896.5521624,batch_consumer-sts-0_20250707_214822_658604.csv,True,False,False,1751924994.1864777,271696.097612381
55169,1751924722.4907885,1751924896.5773056,batch_consumer-sts-0_20250707_214822_658604.csv,True,False,False,1751924994.1864777,271695.689201355
55179,1751924722.4912071,1751924896.60244,batch_consumer-sts-0_20250707_214822_658604.csv,True,False,False,1751924994.1864777,271695.2705383301
55189,1751924722.491597,1751924896.628991,batch_consumer-sts-0_20250707_214822_658604.csv,True,False,False,1751924994.1864777,271694.88072395325
55199,1751924722.491897,1751924896.6543624,batch_consumer-sts-0_20250707_214822_658604.csv,True,False,False,1751924994.1864777,271694.58055496216
55209,1751924722.492232,1751924896.6792977,batch_consumer-sts-0_20250707_214822_658604.csv,True,False,False,1751924994.1864777,271694.2455768585
55219,1751924722.492651,1751924896.7051704,batch_consumer-sts-0_20250707_214822_658604.csv,True,False,False,1751924994.1864777,271693.82667541504
55229,1751924722.493065,1751924896.729482,batch_consumer-sts-0_20250707_214822_658604.csv,True,False,False,1751924994.1864777,271693.41254234314
55239,1751924722.4934738,1751924896.7548952,batch_consumer-sts-0_20250707_214822_658604.csv,True,False,False,1751924994.1864777,271693.00389289856
55249,1751924722.4938695,1751924896.779626,batch_consumer-sts-0_20250707_214822_658604.csv,True,False,False,1751924994.1864777,271692.60811805725
55259,1751924722.4942884,1751924896.804356,batch_consumer-sts-0_20250707_214822_658604.csv,True,False,False,1751924994.1864777,271692.18921661377
55269,1751924722.4947004,1751924896.8290155,batch_consumer-sts-0_20250707_214822_658604.csv,True,False,False,1751924994.1864777,271691.7772293091
55279,1751924722.495108,1751924896.854849,batch_consumer-sts-0_20250707_214822_658604.csv,True,False,False,1751924994.1864777,271691.3697719574
55289,1751924722.49555,1751924896.8796475,batch_consumer-sts-0_20250707_214822_658604.csv,True,False,False,1751924994.1864777,271690.92774391174
55299,1751924722.4959605,1751924896.9046254,batch_consumer-sts-0_20250707_214822_658604.csv,True,False,False,1751924994.1864777,271690.51718711853
55309,1751924722.496389,1751924896.9291337,batch_consumer-sts-0_20250707_214822_658604.csv,True,False,False,1751924994.1864777,271690.0887489319
55319,1751924722.496801,1751924896.953789,batch_consumer-sts-0_20250707_214822_658604.csv,True,False,False,1751924994.1864777,271689.6767616272
55329,1751924722.4972098,1751924896.9784348,batch_consumer-sts-0_20250707_214822_658604.csv,True,False,False,1751924994.1864777,271689.26787376404
55339,1751924722.4976208,1751924897.0021095,batch_consumer-sts-0_20250707_214822_658604.csv,True,False,False,1751924994.1864777,271688.85684013367
55349,1751924722.498022,1751924897.0271552,batch_consumer-sts-0_20250707_214822_658604.csv,True,False,False,1751924994.1864777,271688.45558166504
55359,1751924722.498445,1751924897.052016,batch_consumer-sts-0_20250707_214822_658604.csv,True,False,False,1751924994.1864777,271688.0326271057
55369,1751924722.498872,1751924897.076511,batch_consumer-sts-0_20250707_214822_658604.csv,True,False,False,1751924994.1864777,271687.60561943054
55379,1751924722.4992745,1751924897.1009011,batch_consumer-sts-0_20250707_214822_658604.csv,True,False,False,1751924994.1864777,271687.203168869
55389,1751924722.4997082,1751924897.125232,batch_consumer-sts-0_20250707_214822_658604.csv,True,False,False,1751924994.1864777,271686.76948547363
55399,1751924722.5001168,1751924897.1488853,batch_consumer-sts-0_20250707_214822_658604.csv,True,False,False,1751924994.1864777,271686.36083602905
55409,1751924722.5005214,1751924897.1736553,batch_consumer-sts-0_20250707_214822_658604.csv,True,False,False,1751924994.1864777,271685.9562397003
55419,1751924722.5009212,1751924897.1984675,batch_consumer-sts-0_20250707_214822_658604.csv,True,False,False,1751924994.1864777,271685.55641174316
55429,1751924722.5013354,1751924897.2233455,batch_consumer-sts-0_20250707_214822_658604.csv,True,False,False,1751924994.1864777,271685.14227867126
55439,1751924722.5017676,1751924897.246951,batch_consumer-sts-0_20250707_214822_658604.csv,True,False,False,1751924994.1864777,271684.71002578735
55449,1751924722.5021863,1751924897.2717896,batch_consumer-sts-0_20250707_214822_658604.csv,True,False,False,1751924994.1864777,271684.29136276245
55459,1751924722.502587,1751924898.2987542,batch_consumer-sts-0_20250707_214822_658604.csv,True,False,False,1751924994.1864777,271683.890581131
55469,1751924722.502983,1751924898.5092545,batch_consumer-sts-0_20250707_214822_658604.csv,True,False,False,1751924994.1864777,271683.4945678711
55479,1751924722.5034232,1751924898.5345824,batch_consumer-sts-0_20250707_214822_658604.csv,True,False,False,1751924994.1864777,271683.0544471741
55489,1751924722.5037448,1751924898.5594509,batch_consumer-sts-0_20250707_214822_658604.csv,True,False,False,1751924994.1864777,271682.73282051086
55499,1751924722.5040486,1751924898.5842824,batch_consumer-sts-0_20250707_214822_658604.csv,True,False,False,1751924994.1864777,271682.4290752411
55509,1751924722.5043652,1751924898.6084726,batch_consumer-sts-0_20250707_214822_658604.csv,True,False,False,1751924994.1864777,271682.11245536804
55519,1751924722.5046732,1751924898.63353,batch_consumer-sts-0_20250707_214822_658604.csv,True,False,False,1751924994.1864777,271681.80441856384
55529,1751924722.504986,1751924898.6592598,batch_consumer-sts-0_20250707_214822_658604.csv,True,False,False,1751924994.1864777,271681.49161338806
55539,1751924722.5053434,1751924898.6866596,batch_consumer-sts-0_20250707_214822_658604.csv,True,False,False,1751924994.1864777,271681.134223938
55549,1751924722.505684,1751924898.7110858,batch_consumer-sts-0_20250707_214822_658604.csv,True,False,False,1751924994.1864777,271680.79376220703
55559,1751924722.5060227,1751924898.735902,batch_consumer-sts-0_20250707_214822_658604.csv,True,False,False,1751924994.1864777,271680.4549694061
55569,1751924722.5064182,1751924898.760711,batch_consumer-sts-0_20250707_214822_658604.csv,True,False,False,1751924994.1864777,271680.0594329834
55579,1751924722.5068388,1751924898.9926183,batch_consumer-sts-0_20250707_214822_658604.csv,True,False,False,1751924994.1864777,271679.63886260986
55589,1751924722.5072403,1751924899.016599,batch_consumer-sts-0_20250707_214822_658604.csv,True,False,False,1751924994.1864777,271679.23736572266
55599,1751924722.507615,1751924899.0414643,batch_consumer-sts-0_20250707_214822_658604.csv,True,False,False,1751924994.1864777,271678.8625717163
55609,1751924722.5079298,1751924899.0663934,batch_consumer-sts-0_20250707_214822_658604.csv,True,False,False,1751924994.1864777,271678.5478591919
55619,1751924722.50827,1751924899.090847,batch_consumer-sts-0_20250707_214822_658604.csv,True,False,False,1751924994.1864777,271678.2076358795
55629,1751924722.5087218,1751924899.1149714,batch_consumer-sts-0_20250707_214822_658604.csv,True,False,False,1751924994.1864777,271677.7558326721
55639,1751924722.5091386,1751924899.140863,batch_consumer-sts-0_20250707_214822_658604.csv,True,False,False,1751924994.1864777,271677.33907699585
55649,1751924722.5095458,1751924899.165709,batch_consumer-sts-0_20250707_214822_658604.csv,True,False,False,1751924994.1864777,271676.93185806274
55659,1751924722.5099597,1751924899.190885,batch_consumer-sts-0_20250707_214822_658604.csv,True,False,False,1751924994.1864777,271676.5179634094
55669,1751924722.5103798,1751924899.2154157,batch_consumer-sts-0_20250707_214822_658604.csv,True,False,False,1751924994.1864777,271676.09786987305
55679,1751924722.5107825,1751924899.240093,batch_consumer-sts-0_20250707_214822_658604.csv,True,False,False,1751924994.1864777,271675.69518089294
55689,1751924722.5111997,1751924899.264888,batch_consumer-sts-0_20250707_214822_658604.csv,True,False,False,1751924994.1864777,271675.2779483795
55699,1751924722.5116198,1751924899.2895803,batch_consumer-sts-0_20250707_214822_658604.csv,True,False,False,1751924994.1864777,271674.85785484314
55709,1751924722.5120382,1751924899.3135629,batch_consumer-sts-0_20250707_214822_658604.csv,True,False,False,1751924994.1864777,271674.4394302368
55719,1751924722.5124512,1751924899.338535,batch_consumer-sts-0_20250707_214822_658604.csv,True,False,False,1751924994.1864777,271674.0264892578
55729,1751924722.512867,1751924899.3646986,batch_consumer-sts-0_20250707_214822_658604.csv,True,False,False,1751924994.1864777,271673.61068725586
55739,1751924722.513287,1751924899.3894684,batch_consumer-sts-0_20250707_214822_658604.csv,True,False,False,1751924994.1864777,271673.1905937195
55749,1751924722.5136905,1751924899.4140346,batch_consumer-sts-0_20250707_214822_658604.csv,True,False,False,1751924994.1864777,271672.78718948364
55759,1751924722.5141108,1751924899.439355,batch_consumer-sts-0_20250707_214822_658604.csv,True,False,False,1751924994.1864777,271672.3668575287
55769,1751924722.5145347,1751924899.464548,batch_consumer-sts-0_20250707_214822_658604.csv,True,False,False,1751924994.1864777,271671.94294929504
55779,1751924722.5149488,1751924899.4890895,batch_consumer-sts-0_20250707_214822_658604.csv,True,False,False,1751924994.1864777,271671.52881622314
55789,1751924722.5153694,1751924899.5134668,batch_consumer-sts-0_20250707_214822_658604.csv,True,False,False,1751924994.1864777,271671.1082458496
55799,1751924722.5157857,1751924899.5381482,batch_consumer-sts-0_20250707_214822_658604.csv,True,False,False,1751924994.1864777,271670.6919670105
55809,1751924722.5162003,1751924899.5630543,batch_consumer-sts-0_20250707_214822_658604.csv,True,False,False,1751924994.1864777,271670.27735710144
55819,1751924722.516607,1751924899.5879412,batch_consumer-sts-0_20250707_214822_658604.csv,True,False,False,1751924994.1864777,271669.8706150055
55829,1751924722.5170095,1751924899.6119983,batch_consumer-sts-0_20250707_214822_658604.csv,True,False,False,1751924994.1864777,271669.46816444397
55839,1751924722.5174265,1751924899.63861,batch_consumer-sts-0_20250707_214822_658604.csv,True,False,False,1751924994.1864777,271669.0511703491
55849,1751924722.51784,1751924899.664053,batch_consumer-sts-0_20250707_214822_658604.csv,True,False,False,1751924994.1864777,271668.63775253296
55859,1751924722.5182643,1751924899.6897776,batch_consumer-sts-0_20250707_214822_658604.csv,True,False,False,1751924994.1864777,271668.21336746216
55869,1751924722.5186796,1751924899.7146857,batch_consumer-sts-0_20250707_214822_658604.csv,True,False,False,1751924994.1864777,271667.79804229736
55879,1751924722.5190835,1751924899.7401352,batch_consumer-sts-0_20250707_214822_658604.csv,True,False,False,1751924994.1864777,271667.39416122437
55889,1751924722.5194714,1751924899.7650335,batch_consumer-sts-0_20250707_214822_658604.csv,True,False,False,1751924994.1864777,271667.00625419617
55899,1751924722.5197918,1751924899.7899632,batch_consumer-sts-0_20250707_214822_658604.csv,True,False,False,1751924994.1864777,271666.68581962585
55909,1751924722.5201137,1751924899.9284887,batch_consumer-sts-0_20250707_214822_658604.csv,True,False,False,1751924994.1864777,271666.36395454407
55919,1751924722.5204282,1751924899.953017,batch_consumer-sts-0_20250707_214822_658604.csv,True,False,False,1751924994.1864777,271666.04948043823
55929,1751924722.5207376,1751924899.9782834,batch_consumer-sts-0_20250707_214822_658604.csv,True,False,False,1751924994.1864777,271665.74001312256
55939,1751924722.5210607,1751924900.0020747,batch_consumer-sts-0_20250707_214822_658604.csv,True,False,False,1751924994.1864777,271665.4169559479
55949,1751924722.5213714,1751924900.0266516,batch_consumer-sts-0_20250707_214822_658604.csv,True,False,False,1751924994.1864777,271665.1062965393
55959,1751924722.5216873,1751924900.0513444,batch_consumer-sts-0_20250707_214822_658604.csv,True,False,False,1751924994.1864777,271664.790391922
55969,1751924722.5219953,1751924900.075374,batch_consumer-sts-0_20250707_214822_658604.csv,True,False,False,1751924994.1864777,271664.4823551178
55979,1751924722.522377,1751924900.0997438,batch_consumer-sts-0_20250707_214822_658604.csv,True,False,False,1751924994.1864777,271664.10064697266
55989,1751924722.5227911,1751924900.126228,batch_consumer-sts-0_20250707_214822_658604.csv,True,False,False,1751924994.1864777,271663.68651390076
55999,1751924722.5231886,1751924900.1512868,batch_consumer-sts-0_20250707_214822_658604.csv,True,False,False,1751924994.1864777,271663.2890701294
56009,1751924722.523563,1751924900.17638,batch_consumer-sts-0_20250707_214822_658604.csv,True,False,False,1751924994.1864777,271662.9147529602
56019,1751924722.5238729,1751924900.2015357,batch_consumer-sts-0_20250707_214822_658604.csv,True,False,False,1751924994.1864777,271662.6048088074
56029,1751924722.5242648,1751924900.2265863,batch_consumer-sts-0_20250707_214822_658604.csv,True,False,False,1751924994.1864777,271662.21284866333
56039,1751924722.5246887,1751924900.252814,batch_consumer-sts-0_20250707_214822_658604.csv,True,False,False,1751924994.1864777,271661.7889404297
56049,1751924722.5250936,1751924900.2775223,batch_consumer-sts-0_20250707_214822_658604.csv,True,False,False,1751924994.1864777,271661.3841056824
56059,1751924722.5255022,1751924900.302596,batch_consumer-sts-0_20250707_214822_658604.csv,True,False,False,1751924994.1864777,271660.9754562378
56069,1751924722.5258963,1751924900.3276768,batch_consumer-sts-0_20250707_214822_658604.csv,True,False,False,1751924994.1864777,271660.58135032654
56079,1751924722.5263278,1751924900.352487,batch_consumer-sts-0_20250707_214822_658604.csv,True,False,False,1751924994.1864777,271660.14981269836
56089,1751924722.5267894,1751924900.3776617,batch_consumer-sts-0_20250707_214822_658604.csv,True,False,False,1751924994.1864777,271659.6882343292
56099,1751924722.5272183,1751924900.4026818,batch_consumer-sts-0_20250707_214822_658604.csv,True,False,False,1751924994.1864777,271659.2593193054
56109,1751924722.527625,1751924900.4311693,batch_consumer-sts-0_20250707_214822_658604.csv,True,False,False,1751924994.1864777,271658.8525772095
56119,1751924722.5280578,1751924900.4563534,batch_consumer-sts-0_20250707_214822_658604.csv,True,False,False,1751924994.1864777,271658.4198474884
56129,1751924722.528463,1751924900.4811628,batch_consumer-sts-0_20250707_214822_658604.csv,True,False,False,1751924994.1864777,271658.0147743225
56139,1751924722.528874,1751924900.5056822,batch_consumer-sts-0_20250707_214822_658604.csv,True,False,False,1751924994.1864777,271657.60374069214
56149,1751924722.52931,1751924900.530903,batch_consumer-sts-0_20250707_214822_658604.csv,True,False,False,1751924994.1864777,271657.16767311096
56159,1751924722.529725,1751924900.5560656,batch_consumer-sts-0_20250707_214822_658604.csv,True,False,False,1751924994.1864777,271656.75258636475
56169,1751924722.53013,1751924900.5811346,batch_consumer-sts-0_20250707_214822_658604.csv,True,False,False,1751924994.1864777,271656.34775161743
56179,1751924722.5305922,1751924900.605963,batch_consumer-sts-0_20250707_214822_658604.csv,True,False,False,1751924994.1864777,271655.88545799255
56189,1751924722.5309908,1751924900.6317508,batch_consumer-sts-0_20250707_214822_658604.csv,True,False,False,1751924994.1864777,271655.4868221283
56199,1751924722.5314138,1751924900.656717,batch_consumer-sts-0_20250707_214822_658604.csv,True,False,False,1751924994.1864777,271655.06386756897
56209,1751924722.531833,1751924900.6822815,batch_consumer-sts-0_20250707_214822_658604.csv,True,False,False,1751924994.1864777,271654.6447277069
56219,1751924722.5322423,1751924900.7069564,batch_consumer-sts-0_20250707_214822_658604.csv,True,False,False,1751924994.1864777,271654.2353630066
56229,1751924722.5326538,1751924900.7323291,batch_consumer-sts-0_20250707_214822_658604.csv,True,False,False,1751924994.1864777,271653.82385253906
56239,1751924722.5330732,1751924900.755857,batch_consumer-sts-0_20250707_214822_658604.csv,True,False,False,1751924994.1864777,271653.4044742584
56249,1751924722.5334828,1751924900.7806003,batch_consumer-sts-0_20250707_214822_658604.csv,True,False,False,1751924994.1864777,271652.9948711395
56259,1751924722.5338967,1751924900.8050818,batch_consumer-sts-0_20250707_214822_658604.csv,True,False,False,1751924994.1864777,271652.5809764862
56269,1751924722.5343156,1751924900.829741,batch_consumer-sts-0_20250707_214822_658604.csv,True,False,False,1751924994.1864777,271652.1620750427
56279,1751924722.5347114,1751924900.854122,batch_consumer-sts-0_20250707_214822_658604.csv,True,False,False,1751924994.1864777,271651.7663002014
56289,1751924722.5351317,1751924900.8804257,batch_consumer-sts-0_20250707_214822_658604.csv,True,False,False,1751924994.1864777,271651.34596824646
56299,1751924722.5355234,1751924900.904973,batch_consumer-sts-0_20250707_214822_658604.csv,True,False,False,1751924994.1864777,271650.954246521
56309,1751924722.5358863,1751924900.9298697,batch_consumer-sts-0_20250707_214822_658604.csv,True,False,False,1751924994.1864777,271650.5913734436
56319,1751924722.5362074,1751924900.9547062,batch_consumer-sts-0_20250707_214822_658604.csv,True,False,False,1751924994.1864777,271650.27022361755
56329,1751924722.536521,1751924900.9795558,batch_consumer-sts-0_20250707_214822_658604.csv,True,False,False,1751924994.1864777,271649.95670318604
56339,1751924722.5368335,1751924901.004533,batch_consumer-sts-0_20250707_214822_658604.csv,True,False,False,1751924994.1864777,271649.64413642883
56349,1751924722.5371542,1751924901.0297475,batch_consumer-sts-0_20250707_214822_658604.csv,True,False,False,1751924994.1864777,271649.32346343994
56359,1751924722.5374677,1751924901.0562952,batch_consumer-sts-0_20250707_214822_658604.csv,True,False,False,1751924994.1864777,271649.0099430084
56369,1751924722.5377753,1751924901.412974,batch_consumer-sts-0_20250707_214822_658604.csv,True,False,False,1751924994.1864777,271648.7023830414
56379,1751924722.5380974,1751924901.4378474,batch_consumer-sts-0_20250707_214822_658604.csv,True,False,False,1751924994.1864777,271648.380279541
56389,1751924722.5385158,1751924901.4628863,batch_consumer-sts-0_20250707_214822_658604.csv,True,False,False,1751924994.1864777,271647.9618549347
56399,1751924722.538937,1751924901.488814,batch_consumer-sts-0_20250707_214822_658604.csv,True,False,False,1751924994.1864777,271647.5405693054
56409,1751924722.5393443,1751924901.513231,batch_consumer-sts-0_20250707_214822_658604.csv,True,False,False,1751924994.1864777,271647.1333503723
56419,1751924722.5397122,1751924901.53846,batch_consumer-sts-0_20250707_214822_658604.csv,True,False,False,1751924994.1864777,271646.76547050476
56429,1751924722.540023,1751924901.563472,batch_consumer-sts-0_20250707_214822_658604.csv,True,False,False,1751924994.1864777,271646.4545726776
56439,1751924722.5403292,1751924901.5881786,batch_consumer-sts-0_20250707_214822_658604.csv,True,False,False,1751924994.1864777,271646.14844322205
56449,1751924722.5406578,1751924901.6122751,batch_consumer-sts-0_20250707_214822_658604.csv,True,False,False,1751924994.1864777,271645.81990242004
56459,1751924722.540979,1751924901.6389277,batch_consumer-sts-0_20250707_214822_658604.csv,True,False,False,1751924994.1864777,271645.498752594
56469,1751924722.541288,1751924901.6639931,batch_consumer-sts-0_20250707_214822_658604.csv,True,False,False,1751924994.1864777,271645.1897621155
56479,1751924722.5416296,1751924901.6886792,batch_consumer-sts-0_20250707_214822_658604.csv,True,False,False,1751924994.1864777,271644.8481082916
56489,1751924722.5420852,1751924901.7130065,batch_consumer-sts-0_20250707_214822_658604.csv,True,False,False,1751924994.1864777,271644.39249038696
56499,1751924722.5424917,1751924901.7377346,batch_consumer-sts-0_20250707_214822_658604.csv,True,False,False,1751924994.1864777,271643.9859867096
56509,1751924722.5429068,1751924901.7628846,batch_consumer-sts-0_20250707_214822_658604.csv,True,False,False,1751924994.1864777,271643.5708999634
56519,1751924722.543325,1751924901.787593,batch_consumer-sts-0_20250707_214822_658604.csv,True,False,False,1751924994.1864777,271643.15271377563
56529,1751924722.5437224,1751924901.8120346,batch_consumer-sts-0_20250707_214822_658604.csv,True,False,False,1751924994.1864777,271642.7552700043
56539,1751924722.544135,1751924901.8370523,batch_consumer-sts-0_20250707_214822_658604.csv,True,False,False,1751924994.1864777,271642.34256744385
56549,1751924722.5445487,1751924901.8621233,batch_consumer-sts-0_20250707_214822_658604.csv,True,False,False,1751924994.1864777,271641.9289112091
56559,1751924722.5449984,1751924901.8870142,batch_consumer-sts-0_20250707_214822_658604.csv,True,False,False,1751924994.1864777,271641.4792537689
74319,1751924722.946602,1751924901.911723,batch_consumer-sts-0_20250707_214822_658604.csv,True,False,False,1751924994.1864777,271239.87555503845
74329,1751924722.9468577,1751924901.9367373,batch_consumer-sts-0_20250707_214822_658604.csv,True,False,False,1751924994.1864777,271239.61997032166
74339,1751924722.947091,1751924901.9615667,batch_consumer-sts-0_20250707_214822_658604.csv,True,False,False,1751924994.1864777,271239.3865585327
74349,1751924722.947326,1751924901.9862597,batch_consumer-sts-0_20250707_214822_658604.csv,True,False,False,1751924994.1864777,271239.1517162323
74359,1751924722.9475434,1751924902.0110075,batch_consumer-sts-0_20250707_214822_658604.csv,True,False,False,1751924994.1864777,271238.93427848816
74369,1751924722.947724,1751924902.0357652,batch_consumer-sts-0_20250707_214822_658604.csv,True,False,False,1751924994.1864777,271238.7535572052
74379,1751924722.9479053,1751924902.061647,batch_consumer-sts-0_20250707_214822_658604.csv,True,False,False,1751924994.1864777,271238.5723590851
74389,1751924722.948083,1751924902.0876362,batch_consumer-sts-0_20250707_214822_658604.csv,True,False,False,1751924994.1864777,271238.39473724365
74399,1751924722.9482622,1751924902.111988,batch_consumer-sts-0_20250707_214822_658604.csv,True,False,False,1751924994.1864777,271238.21544647217
74409,1751924722.948445,1751924902.136392,batch_consumer-sts-0_20250707_214822_658604.csv,True,False,False,1751924994.1864777,271238.032579422
74419,1751924722.9486222,1751924902.1721032,batch_consumer-sts-0_20250707_214822_658604.csv,True,False,False,1751924994.1864777,271237.8554344177
74429,1751924722.94882,1751924902.1972785,batch_consumer-sts-0_20250707_214822_658604.csv,True,False,False,1751924994.1864777,271237.65754699707
74439,1751924722.9490068,1751924902.2274172,batch_consumer-sts-0_20250707_214822_658604.csv,True,False,False,1751924994.1864777,271237.47086524963
74449,1751924722.949402,1751924902.252385,batch_consumer-sts-0_20250707_214822_658604.csv,True,False,False,1751924994.1864777,271237.0755672455
74459,1751924722.9495883,1751924902.2774415,batch_consumer-sts-0_20250707_214822_658604.csv,True,False,False,1751924994.1864777,271236.8893623352
74469,1751924722.9497771,1751924902.30242,batch_consumer-sts-0_20250707_214822_658604.csv,True,False,False,1751924994.1864777,271236.70053482056
74479,1751924722.9499795,1751924902.327521,batch_consumer-sts-0_20250707_214822_658604.csv,True,False,False,1751924994.1864777,271236.4981174469
74489,1751924722.9501815,1751924902.3525932,batch_consumer-sts-0_20250707_214822_658604.csv,True,False,False,1751924994.1864777,271236.2961769104
74499,1751924722.9504228,1751924902.3775482,batch_consumer-sts-0_20250707_214822_658604.csv,True,False,False,1751924994.1864777,271236.05489730835
74509,1751924722.950652,1751924902.4029095,batch_consumer-sts-0_20250707_214822_658604.csv,True,False,False,1751924994.1864777,271235.82577705383
74519,1751924722.950883,1751924902.428444,batch_consumer-sts-0_20250707_214822_658604.csv,True,False,False,1751924994.1864777,271235.5947494507
74529,1751924722.9511132,1751924902.4536464,batch_consumer-sts-0_20250707_214822_658604.csv,True,False,False,1751924994.1864777,271235.3644371033
74539,1751924722.9513576,1751924902.4805918,batch_consumer-sts-0_20250707_214822_658604.csv,True,False,False,1751924994.1864777,271235.1200580597
74549,1751924722.9515548,1751924902.505262,batch_consumer-sts-0_20250707_214822_658604.csv,True,False,False,1751924994.1864777,271234.9228858948
74559,1751924722.9517338,1751924902.530434,batch_consumer-sts-0_20250707_214822_658604.csv,True,False,False,1751924994.1864777,271234.74383354187
74569,1751924722.951937,1751924902.555488,batch_consumer-sts-0_20250707_214822_658604.csv,True,False,False,1751924994.1864777,271234.5407009125
74579,1751924722.9521992,1751924902.5808854,batch_consumer-sts-0_20250707_214822_658604.csv,True,False,False,1751924994.1864777,271234.27844047546
74589,1751924722.952438,1751924902.6078906,batch_consumer-sts-0_20250707_214822_658604.csv,True,False,False,1751924994.1864777,271234.0395450592
74599,1751924722.9526727,1751924902.6326268,batch_consumer-sts-0_20250707_214822_658604.csv,True,False,False,1751924994.1864777,271233.80494117737
74609,1751924722.952904,1751924903.9002712,batch_consumer-sts-0_20250707_214840_921397.csv,True,False,False,1751924994.1864777,271233.57367515564
74619,1751924722.9531305,1751924904.24032,batch_consumer-sts-0_20250707_214840_921397.csv,True,False,False,1751924994.1864777,271233.3471775055
74629,1751924722.9533637,1751924904.2647085,batch_consumer-sts-0_20250707_214840_921397.csv,True,False,False,1751924994.1864777,271233.11400413513
74639,1751924722.9535966,1751924904.2893212,batch_consumer-sts-0_20250707_214840_921397.csv,True,False,False,1751924994.1864777,271232.88106918335
74649,1751924722.9538257,1751924904.3132527,batch_consumer-sts-0_20250707_214840_921397.csv,True,False,False,1751924994.1864777,271232.65194892883
74659,1751924722.9540594,1751924904.3380466,batch_consumer-sts-0_20250707_214840_921397.csv,True,False,False,1751924994.1864777,271232.4182987213
74669,1751924722.9543004,1751924904.3627045,batch_consumer-sts-0_20250707_214840_921397.csv,True,False,False,1751924994.1864777,271232.17725753784
74679,1751924722.9545386,1751924904.3873818,batch_consumer-sts-0_20250707_214840_921397.csv,True,False,False,1751924994.1864777,271231.9390773773
74689,1751924722.954766,1751924904.4116793,batch_consumer-sts-0_20250707_214840_921397.csv,True,False,False,1751924994.1864777,271231.71162605286
74699,1751924722.9549992,1751924904.436813,batch_consumer-sts-0_20250707_214840_921397.csv,True,False,False,1751924994.1864777,271231.4784526825
74709,1751924722.9552326,1751924904.4614382,batch_consumer-sts-0_20250707_214840_921397.csv,True,False,False,1751924994.1864777,271231.24504089355
74719,1751924722.955464,1751924904.486627,batch_consumer-sts-0_20250707_214840_921397.csv,True,False,False,1751924994.1864777,271231.0137748718
74729,1751924722.9556997,1751924904.5109427,batch_consumer-sts-0_20250707_214840_921397.csv,True,False,False,1751924994.1864777,271230.7779788971
74739,1751924722.9559383,1751924904.53557,batch_consumer-sts-0_20250707_214840_921397.csv,True,False,False,1751924994.1864777,271230.5393218994
74749,1751924722.956167,1751924904.560758,batch_consumer-sts-0_20250707_214840_921397.csv,True,False,False,1751924994.1864777,271230.31067848206
74759,1751924722.9563985,1751924904.58552,batch_consumer-sts-0_20250707_214840_921397.csv,True,False,False,1751924994.1864777,271230.07917404175
74769,1751924722.9566398,1751924904.6097136,batch_consumer-sts-0_20250707_214840_921397.csv,True,False,False,1751924994.1864777,271229.8378944397
74779,1751924722.9568653,1751924904.635054,batch_consumer-sts-0_20250707_214840_921397.csv,True,False,False,1751924994.1864777,271229.61235046387
74789,1751924722.957095,1751924904.6595092,batch_consumer-sts-0_20250707_214840_921397.csv,True,False,False,1751924994.1864777,271229.3827533722
74799,1751924722.9573205,1751924904.6848094,batch_consumer-sts-0_20250707_214840_921397.csv,True,False,False,1751924994.1864777,271229.15720939636
74809,1751924722.9575477,1751924904.7090206,batch_consumer-sts-0_20250707_214840_921397.csv,True,False,False,1751924994.1864777,271228.9299964905
74819,1751924722.957778,1751924904.7341185,batch_consumer-sts-0_20250707_214840_921397.csv,True,False,False,1751924994.1864777,271228.69968414307
74829,1751924722.9580104,1751924904.7588344,batch_consumer-sts-0_20250707_214840_921397.csv,True,False,False,1751924994.1864777,271228.46722602844
74839,1751924722.958249,1751924904.7896073,batch_consumer-sts-0_20250707_214840_921397.csv,True,False,False,1751924994.1864777,271228.22856903076
74849,1751924722.9584925,1751924904.8144517,batch_consumer-sts-0_20250707_214840_921397.csv,True,False,False,1751924994.1864777,271227.9851436615
74859,1751924722.9587252,1751924904.8394592,batch_consumer-sts-0_20250707_214840_921397.csv,True,False,False,1751924994.1864777,271227.7524471283
74869,1751924722.9589572,1751924904.8643117,batch_consumer-sts-0_20250707_214840_921397.csv,True,False,False,1751924994.1864777,271227.52046585083
74879,1751924722.959191,1751924904.8890698,batch_consumer-sts-0_20250707_214840_921397.csv,True,False,False,1751924994.1864777,271227.28657722473
74889,1751924722.95942,1751924904.9134178,batch_consumer-sts-0_20250707_214840_921397.csv,True,False,False,1751924994.1864777,271227.0576953888
74899,1751924722.9596522,1751924904.938215,batch_consumer-sts-0_20250707_214840_921397.csv,True,False,False,1751924994.1864777,271226.82547569275
74909,1751924722.9598825,1751924904.962539,batch_consumer-sts-0_20250707_214840_921397.csv,True,False,False,1751924994.1864777,271226.59516334534
74919,1751924722.960117,1751924904.9888537,batch_consumer-sts-0_20250707_214840_921397.csv,True,False,False,1751924994.1864777,271226.3605594635
74929,1751924722.9603443,1751924905.01275,batch_consumer-sts-0_20250707_214840_921397.csv,True,False,False,1751924994.1864777,271226.1333465576
74939,1751924722.960576,1751924905.0372748,batch_consumer-sts-0_20250707_214840_921397.csv,True,False,False,1751924994.1864777,271225.90160369873
74949,1751924722.9608035,1751924905.0620008,batch_consumer-sts-0_20250707_214840_921397.csv,True,False,False,1751924994.1864777,271225.67415237427
74959,1751924722.9610364,1751924905.0867915,batch_consumer-sts-0_20250707_214840_921397.csv,True,False,False,1751924994.1864777,271225.4412174225
74969,1751924722.961269,1751924905.110784,batch_consumer-sts-0_20250707_214840_921397.csv,True,False,False,1751924994.1864777,271225.20875930786
74979,1751924722.9615042,1751924905.138579,batch_consumer-sts-0_20250707_214840_921397.csv,True,False,False,1751924994.1864777,271224.9734401703
74989,1751924722.9617355,1751924905.1634684,batch_consumer-sts-0_20250707_214840_921397.csv,True,False,False,1751924994.1864777,271224.74217414856
74999,1751924722.9619677,1751924905.188694,batch_consumer-sts-0_20250707_214840_921397.csv,True,False,False,1751924994.1864777,271224.5099544525
75009,1751924722.9622023,1751924905.21314,batch_consumer-sts-0_20250707_214840_921397.csv,True,False,False,1751924994.1864777,271224.2753505707
75019,1751924722.9624405,1751924905.2410696,batch_consumer-sts-0_20250707_214840_921397.csv,True,False,False,1751924994.1864777,271224.03717041016
75029,1751924722.9626703,1751924905.265846,batch_consumer-sts-0_20250707_214840_921397.csv,True,False,False,1751924994.1864777,271223.8073348999
75039,1751924722.962896,1751924905.2905357,batch_consumer-sts-0_20250707_214840_921397.csv,True,False,False,1751924994.1864777,271223.5815525055
75049,1751924722.963128,1751924905.3142648,batch_consumer-sts-0_20250707_214840_921397.csv,True,False,False,1751924994.1864777,271223.349571228
75059,1751924722.963369,1751924905.338831,batch_consumer-sts-0_20250707_214840_921397.csv,True,False,False,1751924994.1864777,271223.10876846313
75069,1751924722.9635603,1751924905.3632298,batch_consumer-sts-0_20250707_214840_921397.csv,True,False,False,1751924994.1864777,271222.9173183441
75079,1751924722.9637537,1751924905.3956425,batch_consumer-sts-0_20250707_214840_921397.csv,True,False,False,1751924994.1864777,271222.72396087646
75089,1751924722.963943,1751924905.4196744,batch_consumer-sts-0_20250707_214840_921397.csv,True,False,False,1751924994.1864777,271222.53465652466
75099,1751924722.964134,1751924905.444882,batch_consumer-sts-0_20250707_214840_921397.csv,True,False,False,1751924994.1864777,271222.3436832428
75109,1751924722.9643257,1751924905.4689932,batch_consumer-sts-0_20250707_214840_921397.csv,True,False,False,1751924994.1864777,271222.1519947052
75119,1751924722.964519,1751924905.4936965,batch_consumer-sts-0_20250707_214840_921397.csv,True,False,False,1751924994.1864777,271221.95863723755
75129,1751924722.9647503,1751924905.517479,batch_consumer-sts-0_20250707_214840_921397.csv,True,False,False,1751924994.1864777,271221.7273712158
75139,1751924722.9649813,1751924905.5421305,batch_consumer-sts-0_20250707_214840_921397.csv,True,False,False,1751924994.1864777,271221.4963436127
75149,1751924722.9651985,1751924905.5669627,batch_consumer-sts-0_20250707_214840_921397.csv,True,False,False,1751924994.1864777,271221.2791442871
75159,1751924722.9654086,1751924905.5915248,batch_consumer-sts-0_20250707_214840_921397.csv,True,False,False,1751924994.1864777,271221.0690975189
75169,1751924722.965644,1751924905.6158254,batch_consumer-sts-0_20250707_214840_921397.csv,True,False,False,1751924994.1864777,271220.83377838135
75179,1751924722.965849,1751924905.6436784,batch_consumer-sts-0_20250707_214840_921397.csv,True,False,False,1751924994.1864777,271220.6287384033
75189,1751924722.966031,1751924905.6695092,batch_consumer-sts-0_20250707_214840_921397.csv,True,False,False,1751924994.1864777,271220.4465866089
75199,1751924722.9662411,1751924905.6956844,batch_consumer-sts-0_20250707_214840_921397.csv,True,False,False,1751924994.1864777,271220.2365398407
75209,1751924722.9664712,1751924905.7205484,batch_consumer-sts-0_20250707_214840_921397.csv,True,False,False,1751924994.1864777,271220.00646591187
75219,1751924722.966702,1751924905.7457008,batch_consumer-sts-0_20250707_214840_921397.csv,True,False,False,1751924994.1864777,271219.7756767273
75229,1751924722.9669354,1751924905.77104,batch_consumer-sts-0_20250707_214840_921397.csv,True,False,False,1751924994.1864777,271219.54226493835
75239,1751924722.967165,1751924905.796059,batch_consumer-sts-0_20250707_214840_921397.csv,True,False,False,1751924994.1864777,271219.3126678467
75249,1751924722.9674077,1751924905.8209305,batch_consumer-sts-0_20250707_214840_921397.csv,True,False,False,1751924994.1864777,271219.06995773315
75259,1751924722.9675868,1751924905.8460042,batch_consumer-sts-0_20250707_214840_921397.csv,True,False,False,1751924994.1864777,271218.89090538025
75269,1751924722.96777,1751924905.8718686,batch_consumer-sts-0_20250707_214840_921397.csv,True,False,False,1751924994.1864777,271218.7075614929
75279,1751924722.9679725,1751924905.8974206,batch_consumer-sts-0_20250707_214840_921397.csv,True,False,False,1751924994.1864777,271218.50514411926
75289,1751924722.968159,1751924905.9232366,batch_consumer-sts-0_20250707_214840_921397.csv,True,False,False,1751924994.1864777,271218.3187007904
75299,1751924722.968352,1751924905.9482002,batch_consumer-sts-0_20250707_214840_921397.csv,True,False,False,1751924994.1864777,271218.12558174133
75309,1751924722.9685447,1751924905.974077,batch_consumer-sts-0_20250707_214840_921397.csv,True,False,False,1751924994.1864777,271217.9329395294
75319,1751924722.9687345,1751924905.999256,batch_consumer-sts-0_20250707_214840_921397.csv,True,False,False,1751924994.1864777,271217.74315834045
75329,1751924722.968927,1751924906.023778,batch_consumer-sts-0_20250707_214840_921397.csv,True,False,False,1751924994.1864777,271217.5507545471
75339,1751924722.9691224,1751924906.049372,batch_consumer-sts-0_20250707_214840_921397.csv,True,False,False,1751924994.1864777,271217.35525131226
75349,1751924722.9693038,1751924906.0739875,batch_consumer-sts-0_20250707_214840_921397.csv,True,False,False,1751924994.1864777,271217.17381477356
75359,1751924722.9694834,1751924906.09812,batch_consumer-sts-0_20250707_214840_921397.csv,True,False,False,1751924994.1864777,271216.9942855835
75369,1751924722.9696648,1751924906.1222408,batch_consumer-sts-0_20250707_214840_921397.csv,True,False,False,1751924994.1864777,271216.8128490448
75379,1751924722.9698498,1751924906.1466243,batch_consumer-sts-0_20250707_214840_921397.csv,True,False,False,1751924994.1864777,271216.6278362274
75389,1751924722.970024,1751924906.1712732,batch_consumer-sts-0_20250707_214840_921397.csv,True,False,False,1751924994.1864777,271216.4535522461
75399,1751924722.970234,1751924906.359572,batch_consumer-sts-0_20250707_214840_921397.csv,True,False,False,1751924994.1864777,271216.2437438965
75409,1751924722.970465,1751924906.38467,batch_consumer-sts-0_20250707_214840_921397.csv,True,False,False,1751924994.1864777,271216.01271629333
75419,1751924722.9706976,1751924906.408937,batch_consumer-sts-0_20250707_214840_921397.csv,True,False,False,1751924994.1864777,271215.78001976013
75429,1751924722.97093,1751924906.4355469,batch_consumer-sts-0_20250707_214840_921397.csv,True,False,False,1751924994.1864777,271215.5475616455
75439,1751924722.971161,1751924906.4600887,batch_consumer-sts-0_20250707_214840_921397.csv,True,False,False,1751924994.1864777,271215.31677246094
75449,1751924722.971394,1751924906.484506,batch_consumer-sts-0_20250707_214840_921397.csv,True,False,False,1751924994.1864777,271215.0835990906
75459,1751924722.9716313,1751924906.5088625,batch_consumer-sts-0_20250707_214840_921397.csv,True,False,False,1751924994.1864777,271214.84637260437
75469,1751924722.971859,1751924906.534403,batch_consumer-sts-0_20250707_214840_921397.csv,True,False,False,1751924994.1864777,271214.6186828613
75479,1751924722.9720893,1751924906.5598862,batch_consumer-sts-0_20250707_214840_921397.csv,True,False,False,1751924994.1864777,271214.3883705139
75489,1751924722.9723094,1751924906.5885816,batch_consumer-sts-0_20250707_214840_921397.csv,True,False,False,1751924994.1864777,271214.1683101654
75499,1751924722.972545,1751924906.6132202,batch_consumer-sts-0_20250707_214840_921397.csv,True,False,False,1751924994.1864777,271213.93275260925
75509,1751924722.972782,1751924906.6371932,batch_consumer-sts-0_20250707_214840_921397.csv,True,False,False,1751924994.1864777,271213.6957645416
75519,1751924722.9730203,1751924906.6612022,batch_consumer-sts-0_20250707_214840_921397.csv,True,False,False,1751924994.1864777,271213.4573459625
75529,1751924722.973249,1751924906.685309,batch_consumer-sts-0_20250707_214840_921397.csv,True,False,False,1751924994.1864777,271213.22870254517
75539,1751924722.9734836,1751924906.7102022,batch_consumer-sts-0_20250707_214840_921397.csv,True,False,False,1751924994.1864777,271212.99409866333
75549,1751924722.9737155,1751924906.7355633,batch_consumer-sts-0_20250707_214840_921397.csv,True,False,False,1751924994.1864777,271212.76211738586
75559,1751924722.973947,1751924906.7610593,batch_consumer-sts-0_20250707_214840_921397.csv,True,False,False,1751924994.1864777,271212.53061294556
75569,1751924722.974186,1751924906.7861984,batch_consumer-sts-0_20250707_214840_921397.csv,True,False,False,1751924994.1864777,271212.2917175293
75579,1751924722.974417,1751924906.8097725,batch_consumer-sts-0_20250707_214840_921397.csv,True,False,False,1751924994.1864777,271212.06068992615
75589,1751924722.9746466,1751924906.83502,batch_consumer-sts-0_20250707_214840_921397.csv,True,False,False,1751924994.1864777,271211.8310928345
75599,1751924722.9748793,1751924906.8613873,batch_consumer-sts-0_20250707_214840_921397.csv,True,False,False,1751924994.1864777,271211.59839630127
75609,1751924722.975106,1751924906.8851564,batch_consumer-sts-0_20250707_214840_921397.csv,True,False,False,1751924994.1864777,271211.37166023254
75619,1751924722.975345,1751924906.9098651,batch_consumer-sts-0_20250707_214840_921397.csv,True,False,False,1751924994.1864777,271211.1327648163
75629,1751924722.97558,1751924906.9348764,batch_consumer-sts-0_20250707_214840_921397.csv,True,False,False,1751924994.1864777,271210.8976840973
75639,1751924722.9758055,1751924906.959943,batch_consumer-sts-0_20250707_214840_921397.csv,True,False,False,1751924994.1864777,271210.67214012146
75649,1751924722.9760325,1751924906.9854848,batch_consumer-sts-0_20250707_214840_921397.csv,True,False,False,1751924994.1864777,271210.44516563416
75659,1751924722.976266,1751924907.0099175,batch_consumer-sts-0_20250707_214840_921397.csv,True,False,False,1751924994.1864777,271210.2117538452
75669,1751924722.9764905,1751924907.0351696,batch_consumer-sts-0_20250707_214840_921397.csv,True,False,False,1751924994.1864777,271209.9871635437
75679,1751924722.976721,1751924907.0602772,batch_consumer-sts-0_20250707_214840_921397.csv,True,False,False,1751924994.1864777,271209.7566127777
75689,1751924722.9769588,1751924907.085946,batch_consumer-sts-0_20250707_214840_921397.csv,True,False,False,1751924994.1864777,271209.51890945435
75699,1751924722.9771893,1751924907.1098435,batch_consumer-sts-0_20250707_214840_921397.csv,True,False,False,1751924994.1864777,271209.28835868835
75709,1751924722.9774203,1751924907.1345537,batch_consumer-sts-0_20250707_214840_921397.csv,True,False,False,1751924994.1864777,271209.0573310852
75719,1751924722.9776487,1751924907.1603472,batch_consumer-sts-0_20250707_214840_921397.csv,True,False,False,1751924994.1864777,271208.8289260864
75729,1751924722.9778752,1751924907.1848,batch_consumer-sts-0_20250707_214840_921397.csv,True,False,False,1751924994.1864777,271208.6024284363
75739,1751924722.978116,1751924907.2094002,batch_consumer-sts-0_20250707_214840_921397.csv,True,False,False,1751924994.1864777,271208.3616256714
75749,1751924722.978361,1751924907.2342386,batch_consumer-sts-0_20250707_214840_921397.csv,True,False,False,1751924994.1864777,271208.11676979065
75759,1751924722.9785917,1751924907.260215,batch_consumer-sts-0_20250707_214840_921397.csv,True,False,False,1751924994.1864777,271207.8859806061
75769,1751924722.978824,1751924907.284934,batch_consumer-sts-0_20250707_214840_921397.csv,True,False,False,1751924994.1864777,271207.65376091003
75779,1751924722.9790547,1751924907.3090873,batch_consumer-sts-0_20250707_214840_921397.csv,True,False,False,1751924994.1864777,271207.42297172546
75789,1751924722.9792798,1751924907.3336768,batch_consumer-sts-0_20250707_214840_921397.csv,True,False,False,1751924994.1864777,271207.1979045868
75799,1751924722.9795036,1751924907.358611,batch_consumer-sts-0_20250707_214840_921397.csv,True,False,False,1751924994.1864777,271206.974029541
75809,1751924722.979731,1751924907.3851984,batch_consumer-sts-0_20250707_214840_921397.csv,True,False,False,1751924994.1864777,271206.74657821655
75819,1751924722.979963,1751924907.4098082,batch_consumer-sts-0_20250707_214840_921397.csv,True,False,False,1751924994.1864777,271206.5145969391
75829,1751924722.9801989,1751924907.4374018,batch_consumer-sts-0_20250707_214840_921397.csv,True,False,False,1751924994.1864777,271206.27880096436
75839,1751924722.980451,1751924907.4642322,batch_consumer-sts-0_20250707_214840_921397.csv,True,False,False,1751924994.1864777,271206.02655410767
75849,1751924722.9806814,1751924907.4891407,batch_consumer-sts-0_20250707_214840_921397.csv,True,False,False,1751924994.1864777,271205.79624176025
75859,1751924722.980912,1751924907.513234,batch_consumer-sts-0_20250707_214840_921397.csv,True,False,False,1751924994.1864777,271205.56569099426
75869,1751924722.9811397,1751924907.5380914,batch_consumer-sts-0_20250707_214840_921397.csv,True,False,False,1751924994.1864777,271205.3380012512
75879,1751924722.9813735,1751924907.5621932,batch_consumer-sts-0_20250707_214840_921397.csv,True,False,False,1751924994.1864777,271205.1041126251
75889,1751924722.9816086,1751924907.5868902,batch_consumer-sts-0_20250707_214840_921397.csv,True,False,False,1751924994.1864777,271204.8690319061
75899,1751924722.9818408,1751924907.6109035,batch_consumer-sts-0_20250707_214840_921397.csv,True,False,False,1751924994.1864777,271204.6368122101
75909,1751924722.982074,1751924907.6395614,batch_consumer-sts-0_20250707_214840_921397.csv,True,False,False,1751924994.1864777,271204.4036388397
75919,1751924722.982315,1751924907.664636,batch_consumer-sts-0_20250707_214840_921397.csv,True,False,False,1751924994.1864777,271204.16259765625
75929,1751924722.9825485,1751924907.689561,batch_consumer-sts-0_20250707_214840_921397.csv,True,False,False,1751924994.1864777,271203.9291858673
75939,1751924722.9827864,1751924907.713874,batch_consumer-sts-0_20250707_214840_921397.csv,True,False,False,1751924994.1864777,271203.69124412537
75949,1751924722.9830148,1751924907.7389312,batch_consumer-sts-0_20250707_214840_921397.csv,True,False,False,1751924994.1864777,271203.4628391266
75959,1751924722.9832425,1751924907.765417,batch_consumer-sts-0_20250707_214840_921397.csv,True,False,False,1751924994.1864777,271203.23514938354
75969,1751924722.9834597,1751924907.7913692,batch_consumer-sts-0_20250707_214840_921397.csv,True,False,False,1751924994.1864777,271203.017950058
75979,1751924722.9836435,1751924907.8159869,batch_consumer-sts-0_20250707_214840_921397.csv,True,False,False,1751924994.1864777,271202.8341293335
75989,1751924722.9838235,1751924907.841477,batch_consumer-sts-0_20250707_214840_921397.csv,True,False,False,1751924994.1864777,271202.6541233063
75999,1751924722.9840004,1751924907.8683643,batch_consumer-sts-0_20250707_214840_921397.csv,True,False,False,1751924994.1864777,271202.4772167206
76009,1751924722.9841847,1751924907.8953402,batch_consumer-sts-0_20250707_214840_921397.csv,True,False,False,1751924994.1864777,271202.29291915894
76019,1751924722.9843645,1751924907.9193718,batch_consumer-sts-0_20250707_214840_921397.csv,True,False,False,1751924994.1864777,271202.1131515503
76029,1751924722.984545,1751924907.945943,batch_consumer-sts-0_20250707_214840_921397.csv,True,False,False,1751924994.1864777,271201.9326686859
76039,1751924722.9847198,1751924907.971397,batch_consumer-sts-0_20250707_214840_921397.csv,True,False,False,1751924994.1864777,271201.75790786743
76049,1751924722.9849007,1751924907.9966578,batch_consumer-sts-0_20250707_214840_921397.csv,True,False,False,1751924994.1864777,271201.5769481659
76059,1751924722.9850771,1751924908.0211637,batch_consumer-sts-0_20250707_214840_921397.csv,True,False,False,1751924994.1864777,271201.40051841736
76069,1751924722.985257,1751924908.0464294,batch_consumer-sts-0_20250707_214840_921397.csv,True,False,False,1751924994.1864777,271201.2207508087
76079,1751924722.9854374,1751924908.0711648,batch_consumer-sts-0_20250707_214840_921397.csv,True,False,False,1751924994.1864777,271201.04026794434
76089,1751924722.9856205,1751924908.0954986,batch_consumer-sts-0_20250707_214840_921397.csv,True,False,False,1751924994.1864777,271200.8571624756
76099,1751924722.985801,1751924908.119492,batch_consumer-sts-0_20250707_214840_921397.csv,True,False,False,1751924994.1864777,271200.6766796112
76109,1751924722.985981,1751924908.143988,batch_consumer-sts-0_20250707_214840_921397.csv,True,False,False,1751924994.1864777,271200.496673584
76119,1751924722.9861662,1751924908.1682386,batch_consumer-sts-0_20250707_214840_921397.csv,True,False,False,1751924994.1864777,271200.311422348
76129,1751924722.9864044,1751924908.1919627,batch_consumer-sts-0_20250707_214840_921397.csv,True,False,False,1751924994.1864777,271200.0732421875
90739,1751924723.307493,1751924908.216107,batch_consumer-sts-0_20250707_214840_921397.csv,True,False,False,1751924994.1864777,270878.9846897125
90749,1751924723.3077345,1751924908.2406635,batch_consumer-sts-0_20250707_214840_921397.csv,True,False,False,1751924994.1864777,270878.7431716919
90759,1751924723.307963,1751924908.26525,batch_consumer-sts-0_20250707_214840_921397.csv,True,False,False,1751924994.1864777,270878.5147666931
90769,1751924723.308188,1751924908.2897446,batch_consumer-sts-0_20250707_214840_921397.csv,True,False,False,1751924994.1864777,270878.28969955444
90779,1751924723.3084185,1751924908.3139288,batch_consumer-sts-0_20250707_214840_921397.csv,True,False,False,1751924994.1864777,270878.05914878845
90789,1751924723.3086543,1751924908.3398063,batch_consumer-sts-0_20250707_214840_921397.csv,True,False,False,1751924994.1864777,270877.8233528137
90799,1751924723.308884,1751924908.3651106,batch_consumer-sts-0_20250707_214840_921397.csv,True,False,False,1751924994.1864777,270877.59375572205
90809,1751924723.3091197,1751924909.393216,batch_consumer-sts-0_20250707_214840_921397.csv,True,False,False,1751924994.1864777,270877.3579597473
90819,1751924723.3093438,1751924909.4228127,batch_consumer-sts-0_20250707_214840_921397.csv,True,False,False,1751924994.1864777,270877.13384628296
90829,1751924723.3095856,1751924909.450003,batch_consumer-sts-0_20250707_214840_921397.csv,True,False,False,1751924994.1864777,270876.89208984375
90839,1751924723.3098218,1751924909.4759488,batch_consumer-sts-0_20250707_214840_921397.csv,True,False,False,1751924994.1864777,270876.65581703186
90849,1751924723.3100505,1751924909.5013287,batch_consumer-sts-0_20250707_214840_921397.csv,True,False,False,1751924994.1864777,270876.4271736145
90859,1751924723.3102925,1751924909.52784,batch_consumer-sts-0_20250707_214840_921397.csv,True,False,False,1751924994.1864777,270876.1851787567
90869,1751924723.3105197,1751924909.5541646,batch_consumer-sts-0_20250707_214840_921397.csv,True,False,False,1751924994.1864777,270875.95796585083
90879,1751924723.3107486,1751924909.5792444,batch_consumer-sts-0_20250707_214840_921397.csv,True,False,False,1751924994.1864777,270875.7290840149
90889,1751924723.3109777,1751924909.6045406,batch_consumer-sts-0_20250707_214840_921397.csv,True,False,False,1751924994.1864777,270875.4999637604
90899,1751924723.3112135,1751924909.62961,batch_consumer-sts-0_20250707_214840_921397.csv,True,False,False,1751924994.1864777,270875.26416778564
90909,1751924723.3114436,1751924909.6609547,batch_consumer-sts-0_20250707_214840_921397.csv,True,False,False,1751924994.1864777,270875.0340938568
90919,1751924723.3116777,1751924909.68646,batch_consumer-sts-0_20250707_214840_921397.csv,True,False,False,1751924994.1864777,270874.79996681213
90929,1751924723.311911,1751924909.7122233,batch_consumer-sts-0_20250707_214840_921397.csv,True,False,False,1751924994.1864777,270874.5665550232
90939,1751924723.3121436,1751924909.7384896,batch_consumer-sts-0_20250707_214840_921397.csv,True,False,False,1751924994.1864777,270874.33409690857
90949,1751924723.312374,1751924909.7647548,batch_consumer-sts-0_20250707_214840_921397.csv,True,False,False,1751924994.1864777,270874.1035461426
90959,1751924723.312605,1751924909.9355493,batch_consumer-sts-0_20250707_214840_921397.csv,True,False,False,1751924994.1864777,270873.872756958
90969,1751924723.312835,1751924909.9611957,batch_consumer-sts-0_20250707_214840_921397.csv,True,False,False,1751924994.1864777,270873.6426830292
90979,1751924723.3130608,1751924909.9854844,batch_consumer-sts-0_20250707_214840_921397.csv,True,False,False,1751924994.1864777,270873.41690063477
90989,1751924723.3132925,1751924910.0101438,batch_consumer-sts-0_20250707_214840_921397.csv,True,False,False,1751924994.1864777,270873.1851577759
90999,1751924723.3135238,1751924910.0353055,batch_consumer-sts-0_20250707_214840_921397.csv,True,False,False,1751924994.1864777,270872.95389175415
91009,1751924723.3137522,1751924910.060155,batch_consumer-sts-0_20250707_214840_921397.csv,True,False,False,1751924994.1864777,270872.7254867554
91019,1751924723.3139873,1751924910.0852385,batch_consumer-sts-0_20250707_214840_921397.csv,True,False,False,1751924994.1864777,270872.4904060364
91029,1751924723.3142376,1751924910.1101158,batch_consumer-sts-0_20250707_214840_921397.csv,True,False,False,1751924994.1864777,270872.2400665283
91039,1751924723.3144698,1751924910.1352324,batch_consumer-sts-0_20250707_214840_921397.csv,True,False,False,1751924994.1864777,270872.0078468323
91049,1751924723.3147004,1751924910.1603577,batch_consumer-sts-0_20250707_214840_921397.csv,True,False,False,1751924994.1864777,270871.7772960663
91059,1751924723.3149252,1751924910.1855628,batch_consumer-sts-0_20250707_214840_921397.csv,True,False,False,1751924994.1864777,270871.5524673462
91069,1751924723.3151565,1751924910.209567,batch_consumer-sts-0_20250707_214840_921397.csv,True,False,False,1751924994.1864777,270871.32120132446
91079,1751924723.315411,1751924910.2346032,batch_consumer-sts-0_20250707_214840_921397.csv,True,False,False,1751924994.1864777,270871.066570282
91089,1751924723.3155875,1751924910.2620337,batch_consumer-sts-0_20250707_214840_921397.csv,True,False,False,1751924994.1864777,270870.89014053345
91099,1751924723.3157692,1751924910.286672,batch_consumer-sts-0_20250707_214840_921397.csv,True,False,False,1751924994.1864777,270870.7084655762
91109,1751924723.315945,1751924910.3114762,batch_consumer-sts-0_20250707_214840_921397.csv,True,False,False,1751924994.1864777,270870.5327510834
91119,1751924723.3161216,1751924910.3368742,batch_consumer-sts-0_20250707_214840_921397.csv,True,False,False,1751924994.1864777,270870.35608291626
91129,1751924723.316297,1751924910.3622544,batch_consumer-sts-0_20250707_214840_921397.csv,True,False,False,1751924994.1864777,270870.18060684204
91139,1751924723.3164835,1751924910.3888364,batch_consumer-sts-0_20250707_214840_921397.csv,True,False,False,1751924994.1864777,270869.9941635132
91149,1751924723.3168592,1751924910.4132404,batch_consumer-sts-0_20250707_214840_921397.csv,True,False,False,1751924994.1864777,270869.6184158325
91159,1751924723.317037,1751924910.438661,batch_consumer-sts-0_20250707_214840_921397.csv,True,False,False,1751924994.1864777,270869.4405555725
91169,1751924723.317221,1751924910.4635634,batch_consumer-sts-0_20250707_214840_921397.csv,True,False,False,1751924994.1864777,270869.256734848
91179,1751924723.317402,1751924910.4890027,batch_consumer-sts-0_20250707_214840_921397.csv,True,False,False,1751924994.1864777,270869.0757751465
91189,1751924723.31758,1751924910.5134628,batch_consumer-sts-0_20250707_214840_921397.csv,True,False,False,1751924994.1864777,270868.8976764679
91199,1751924723.317763,1751924910.5387683,batch_consumer-sts-0_20250707_214840_921397.csv,True,False,False,1751924994.1864777,270868.71457099915
91209,1751924723.3179507,1751924910.5640223,batch_consumer-sts-0_20250707_214840_921397.csv,True,False,False,1751924994.1864777,270868.5269355774
91219,1751924723.3181326,1751924910.5885277,batch_consumer-sts-0_20250707_214840_921397.csv,True,False,False,1751924994.1864777,270868.34502220154
91229,1751924723.3183706,1751924910.6126432,batch_consumer-sts-0_20250707_214840_921397.csv,True,False,False,1751924994.1864777,270868.1070804596
91239,1751924723.318599,1751924910.6395795,batch_consumer-sts-0_20250707_214840_921397.csv,True,False,False,1751924994.1864777,270867.8786754608
91249,1751924723.318823,1751924910.664848,batch_consumer-sts-0_20250707_214840_921397.csv,True,False,False,1751924994.1864777,270867.65456199646
91259,1751924723.3190527,1751924910.689849,batch_consumer-sts-0_20250707_214840_921397.csv,True,False,False,1751924994.1864777,270867.4249649048
91269,1751924723.3192794,1751924910.7154994,batch_consumer-sts-0_20250707_214840_921397.csv,True,False,False,1751924994.1864777,270867.19822883606
91279,1751924723.319507,1751924910.7404609,batch_consumer-sts-0_20250707_214840_921397.csv,True,False,False,1751924994.1864777,270866.9707775116
91289,1751924723.319687,1751924910.7653785,batch_consumer-sts-0_20250707_214840_921397.csv,True,False,False,1751924994.1864777,270866.7907714844
91299,1751924723.319869,1751924910.7904332,batch_consumer-sts-0_20250707_214840_921397.csv,True,False,False,1751924994.1864777,270866.60861968994
91309,1751924723.3200505,1751924910.8144965,batch_consumer-sts-0_20250707_214840_921397.csv,True,False,False,1751924994.1864777,270866.42718315125
91319,1751924723.3202496,1751924910.8391,batch_consumer-sts-0_20250707_214840_921397.csv,True,False,False,1751924994.1864777,270866.2281036377
91329,1751924723.320469,1751924910.8635278,batch_consumer-sts-0_20250707_214840_921397.csv,True,False,False,1751924994.1864777,270866.0087585449
91339,1751924723.3207028,1751924910.890587,batch_consumer-sts-0_20250707_214840_921397.csv,True,False,False,1751924994.1864777,270865.7748699188
91349,1751924723.3209305,1751924910.9149327,batch_consumer-sts-0_20250707_214840_921397.csv,True,False,False,1751924994.1864777,270865.5471801758
91359,1751924723.3211656,1751924910.9399874,batch_consumer-sts-0_20250707_214840_921397.csv,True,False,False,1751924994.1864777,270865.3120994568
91369,1751924723.3213956,1751924910.964352,batch_consumer-sts-0_20250707_214840_921397.csv,True,False,False,1751924994.1864777,270865.08202552795
91379,1751924723.3216283,1751924910.989726,batch_consumer-sts-0_20250707_214840_921397.csv,True,False,False,1751924994.1864777,270864.84932899475
91389,1751924723.3218565,1751924911.0139413,batch_consumer-sts-0_20250707_214840_921397.csv,True,False,False,1751924994.1864777,270864.62116241455
91399,1751924723.3220823,1751924911.0382297,batch_consumer-sts-0_20250707_214840_921397.csv,True,False,False,1751924994.1864777,270864.39538002014
91409,1751924723.3223188,1751924911.062143,batch_consumer-sts-0_20250707_214840_921397.csv,True,False,False,1751924994.1864777,270864.1588687897
91419,1751924723.3225448,1751924911.086723,batch_consumer-sts-0_20250707_214840_921397.csv,True,False,False,1751924994.1864777,270863.9328479767
91429,1751924723.3227742,1751924911.111048,batch_consumer-sts-0_20250707_214840_921397.csv,True,False,False,1751924994.1864777,270863.7034893036
91439,1751924723.3229997,1751924911.1358328,batch_consumer-sts-0_20250707_214840_921397.csv,True,False,False,1751924994.1864777,270863.47794532776
91449,1751924723.3232324,1751924911.1606965,batch_consumer-sts-0_20250707_214840_921397.csv,True,False,False,1751924994.1864777,270863.24524879456
91459,1751924723.3234613,1751924911.1860683,batch_consumer-sts-0_20250707_214840_921397.csv,True,False,False,1751924994.1864777,270863.0163669586
91469,1751924723.3237002,1751924911.210318,batch_consumer-sts-0_20250707_214840_921397.csv,True,False,False,1751924994.1864777,270862.77747154236
91479,1751924723.3239336,1751924911.2350538,batch_consumer-sts-0_20250707_214840_921397.csv,True,False,False,1751924994.1864777,270862.5440597534
91489,1751924723.3241658,1751924911.25993,batch_consumer-sts-0_20250707_214840_921397.csv,True,False,False,1751924994.1864777,270862.3118400574
91499,1751924723.324402,1751924911.2848544,batch_consumer-sts-0_20250707_214840_921397.csv,True,False,False,1751924994.1864777,270862.0755672455
91509,1751924723.324635,1751924911.4053576,batch_consumer-sts-0_20250707_214840_921397.csv,True,False,False,1751924994.1864777,270861.8426322937
91519,1751924723.3248632,1751924911.4347534,batch_consumer-sts-0_20250707_214840_921397.csv,True,False,False,1751924994.1864777,270861.6144657135
91529,1751924723.325091,1751924911.4600346,batch_consumer-sts-0_20250707_214840_921397.csv,True,False,False,1751924994.1864777,270861.38677597046
91539,1751924723.3253183,1751924911.48552,batch_consumer-sts-0_20250707_214840_921397.csv,True,False,False,1751924994.1864777,270861.159324646
91549,1751924723.3255548,1751924911.5096862,batch_consumer-sts-0_20250707_214840_921397.csv,True,False,False,1751924994.1864777,270860.9228134155
91559,1751924723.325788,1751924911.5362513,batch_consumer-sts-0_20250707_214840_921397.csv,True,False,False,1751924994.1864777,270860.68964004517
91569,1751924723.3260276,1751924911.561848,batch_consumer-sts-0_20250707_214840_921397.csv,True,False,False,1751924994.1864777,270860.45002937317
91579,1751924723.326259,1751924911.5890715,batch_consumer-sts-0_20250707_214840_921397.csv,True,False,False,1751924994.1864777,270860.21876335144
91589,1751924723.3264873,1751924911.6135702,batch_consumer-sts-0_20250707_214840_921397.csv,True,False,False,1751924994.1864777,270859.99035835266
91599,1751924723.3267162,1751924911.6384058,batch_consumer-sts-0_20250707_214840_921397.csv,True,False,False,1751924994.1864777,270859.7614765167
91609,1751924723.326942,1751924911.6633584,batch_consumer-sts-0_20250707_214840_921397.csv,True,False,False,1751924994.1864777,270859.5356941223
91619,1751924723.3271725,1751924911.6887212,batch_consumer-sts-0_20250707_214840_921397.csv,True,False,False,1751924994.1864777,270859.3051433563
91629,1751924723.3274057,1751924911.7131453,batch_consumer-sts-0_20250707_214840_921397.csv,True,False,False,1751924994.1864777,270859.07196998596
91639,1751924723.3276365,1751924911.7383175,batch_consumer-sts-0_20250707_214840_921397.csv,True,False,False,1751924994.1864777,270858.8411808014
91649,1751924723.3278596,1751924911.7629735,batch_consumer-sts-0_20250707_214840_921397.csv,True,False,False,1751924994.1864777,270858.61802101135
91659,1751924723.3280802,1751924911.7874677,batch_consumer-sts-0_20250707_214840_921397.csv,True,False,False,1751924994.1864777,270858.3974838257
91669,1751924723.328307,1751924911.8114293,batch_consumer-sts-0_20250707_214840_921397.csv,True,False,False,1751924994.1864777,270858.17074775696
91679,1751924723.3285348,1751924911.8362286,batch_consumer-sts-0_20250707_214840_921397.csv,True,False,False,1751924994.1864777,270857.94281959534
91689,1751924723.3287702,1751924911.8610375,batch_consumer-sts-0_20250707_214840_921397.csv,True,False,False,1751924994.1864777,270857.70750045776
91699,1751924723.329003,1751924911.885807,batch_consumer-sts-0_20250707_214840_921397.csv,True,False,False,1751924994.1864777,270857.474565506
91709,1751924723.3292332,1751924911.910017,batch_consumer-sts-0_20250707_214840_921397.csv,True,False,False,1751924994.1864777,270857.24449157715
91719,1751924723.3294594,1751924911.935201,batch_consumer-sts-0_20250707_214840_921397.csv,True,False,False,1751924994.1864777,270857.0182323456
91729,1751924723.3296888,1751924911.9596145,batch_consumer-sts-0_20250707_214840_921397.csv,True,False,False,1751924994.1864777,270856.7888736725
91739,1751924723.3299222,1751924911.9846928,batch_consumer-sts-0_20250707_214840_921397.csv,True,False,False,1751924994.1864777,270856.55546188354
91749,1751924723.330163,1751924912.0088062,batch_consumer-sts-0_20250707_214840_921397.csv,True,False,False,1751924994.1864777,270856.31465911865
91759,1751924723.330394,1751924912.0338094,batch_consumer-sts-0_20250707_214840_921397.csv,True,False,False,1751924994.1864777,270856.0836315155
91769,1751924723.33063,1751924912.0586395,batch_consumer-sts-0_20250707_214840_921397.csv,True,False,False,1751924994.1864777,270855.8475971222
91779,1751924723.330863,1751924912.083942,batch_consumer-sts-0_20250707_214840_921397.csv,True,False,False,1751924994.1864777,270855.6146621704
91789,1751924723.3310914,1751924912.1079931,batch_consumer-sts-0_20250707_214840_921397.csv,True,False,False,1751924994.1864777,270855.38625717163
91799,1751924723.3313234,1751924912.132597,batch_consumer-sts-0_20250707_214840_921397.csv,True,False,False,1751924994.1864777,270855.15427589417
91809,1751924723.3315256,1751924912.167374,batch_consumer-sts-0_20250707_214840_921397.csv,True,False,False,1751924994.1864777,270854.9520969391
91819,1751924723.3317125,1751924912.191816,batch_consumer-sts-0_20250707_214840_921397.csv,True,False,False,1751924994.1864777,270854.7651767731
91829,1751924723.33189,1751924912.2158642,batch_consumer-sts-0_20250707_214840_921397.csv,True,False,False,1751924994.1864777,270854.58755493164
91839,1751924723.3320694,1751924912.2407632,batch_consumer-sts-0_20250707_214840_921397.csv,True,False,False,1751924994.1864777,270854.40826416016
91849,1751924723.3322651,1751924912.265539,batch_consumer-sts-0_20250707_214840_921397.csv,True,False,False,1751924994.1864777,270854.2125225067
91859,1751924723.3324475,1751924912.2906697,batch_consumer-sts-0_20250707_214840_921397.csv,True,False,False,1751924994.1864777,270854.0301322937
91869,1751924723.332625,1751924912.314592,batch_consumer-sts-0_20250707_214840_921397.csv,True,False,False,1751924994.1864777,270853.85274887085
91879,1751924723.3328097,1751924912.3404906,batch_consumer-sts-0_20250707_214840_921397.csv,True,False,False,1751924994.1864777,270853.66797447205
91889,1751924723.332989,1751924912.3654778,batch_consumer-sts-0_20250707_214840_921397.csv,True,False,False,1751924994.1864777,270853.48868370056
91899,1751924723.3331664,1751924912.3904097,batch_consumer-sts-0_20250707_214840_921397.csv,True,False,False,1751924994.1864777,270853.3113002777
91909,1751924723.333352,1751924912.4147315,batch_consumer-sts-0_20250707_214840_921397.csv,True,False,False,1751924994.1864777,270853.1255722046
91919,1751924723.3335276,1751924912.439792,batch_consumer-sts-0_20250707_214840_921397.csv,True,False,False,1751924994.1864777,270852.9500961304
91929,1751924723.333699,1751924912.465051,batch_consumer-sts-0_20250707_214840_921397.csv,True,False,False,1751924994.1864777,270852.778673172
91939,1751924723.3338728,1751924912.4898517,batch_consumer-sts-0_20250707_214840_921397.csv,True,False,False,1751924994.1864777,270852.60486602783
91949,1751924723.3340478,1751924912.5141392,batch_consumer-sts-0_20250707_214840_921397.csv,True,False,False,1751924994.1864777,270852.4298667908
91959,1751924723.334257,1751924912.539416,batch_consumer-sts-0_20250707_214840_921397.csv,True,False,False,1751924994.1864777,270852.2207736969
91969,1751924723.3344874,1751924912.5643988,batch_consumer-sts-0_20250707_214840_921397.csv,True,False,False,1751924994.1864777,270851.9902229309
91979,1751924723.334713,1751924912.5955143,batch_consumer-sts-0_20250707_214840_921397.csv,True,False,False,1751924994.1864777,270851.7646789551
91989,1751924723.334942,1751924912.622229,batch_consumer-sts-0_20250707_214840_921397.csv,True,False,False,1751924994.1864777,270851.53555870056
91999,1751924723.3351746,1751924912.646697,batch_consumer-sts-0_20250707_214840_921397.csv,True,False,False,1751924994.1864777,270851.30310058594
92009,1751924723.3354197,1751924912.67165,batch_consumer-sts-0_20250707_214840_921397.csv,True,False,False,1751924994.1864777,270851.0580062866
92019,1751924723.3356009,1751924912.696144,batch_consumer-sts-0_20250707_214840_921397.csv,True,False,False,1751924994.1864777,270850.8768081665
92029,1751924723.3357742,1751924912.7209582,batch_consumer-sts-0_20250707_214840_921397.csv,True,False,False,1751924994.1864777,270850.7034778595
92039,1751924723.335947,1751924912.7460463,batch_consumer-sts-0_20250707_214840_921397.csv,True,False,False,1751924994.1864777,270850.53062438965
92049,1751924723.3361273,1751924912.7708132,batch_consumer-sts-0_20250707_214840_921397.csv,True,False,False,1751924994.1864777,270850.35037994385
92059,1751924723.33631,1751924912.7955978,batch_consumer-sts-0_20250707_214840_921397.csv,True,False,False,1751924994.1864777,270850.16775131226
92069,1751924723.336493,1751924912.8195784,batch_consumer-sts-0_20250707_214840_921397.csv,True,False,False,1751924994.1864777,270849.9846458435
92079,1751924723.3366818,1751924912.8454869,batch_consumer-sts-0_20250707_214840_921397.csv,True,False,False,1751924994.1864777,270849.79581832886
92089,1751924723.3368647,1751924912.870196,batch_consumer-sts-0_20250707_214840_921397.csv,True,False,False,1751924994.1864777,270849.6129512787
92099,1751924723.337042,1751924912.8948076,batch_consumer-sts-0_20250707_214840_921397.csv,True,False,False,1751924994.1864777,270849.43556785583
92109,1751924723.3372166,1751924912.9192138,batch_consumer-sts-0_20250707_214840_921397.csv,True,False,False,1751924994.1864777,270849.26104545593
92119,1751924723.337396,1751924912.9437368,batch_consumer-sts-0_20250707_214840_921397.csv,True,False,False,1751924994.1864777,270849.08175468445
92129,1751924723.3375945,1751924912.9683456,batch_consumer-sts-0_20250707_214840_921397.csv,True,False,False,1751924994.1864777,270848.88315200806
92139,1751924723.3377805,1751924912.9930289,batch_consumer-sts-0_20250707_214840_921397.csv,True,False,False,1751924994.1864777,270848.69718551636
92149,1751924723.338003,1751924913.0171752,batch_consumer-sts-0_20250707_214840_921397.csv,True,False,False,1751924994.1864777,270848.47474098206
92159,1751924723.3382573,1751924913.041758,batch_consumer-sts-0_20250707_214840_921397.csv,True,False,False,1751924994.1864777,270848.22034835815
92169,1751924723.338489,1751924913.0668864,batch_consumer-sts-0_20250707_214840_921397.csv,True,False,False,1751924994.1864777,270847.98860549927
92179,1751924723.33872,1751924913.0917442,batch_consumer-sts-0_20250707_214840_921397.csv,True,False,False,1751924994.1864777,270847.7575778961
92189,1751924723.338948,1751924913.1159852,batch_consumer-sts-0_20250707_214840_921397.csv,True,False,False,1751924994.1864777,270847.5296497345
92199,1751924723.3391762,1751924913.1407063,batch_consumer-sts-0_20250707_214840_921397.csv,True,False,False,1751924994.1864777,270847.3014831543
92209,1751924723.3394094,1751924913.1657393,batch_consumer-sts-0_20250707_214840_921397.csv,True,False,False,1751924994.1864777,270847.06830978394
92219,1751924723.339646,1751924913.190331,batch_consumer-sts-0_20250707_214840_921397.csv,True,False,False,1751924994.1864777,270846.8315601349
92229,1751924723.3398693,1751924913.2143683,batch_consumer-sts-0_20250707_214840_921397.csv,True,False,False,1751924994.1864777,270846.60840034485
92239,1751924723.3400953,1751924913.239428,batch_consumer-sts-0_20250707_214840_921397.csv,True,False,False,1751924994.1864777,270846.38237953186
92249,1751924723.3403232,1751924913.264476,batch_consumer-sts-0_20250707_214840_921397.csv,True,False,False,1751924994.1864777,270846.15445137024
92259,1751924723.340554,1751924913.2892952,batch_consumer-sts-0_20250707_214840_921397.csv,True,False,False,1751924994.1864777,270845.92366218567
92269,1751924723.340777,1751924913.3140135,batch_consumer-sts-0_20250707_214840_921397.csv,True,False,False,1751924994.1864777,270845.7007408142
92279,1751924723.3409994,1751924913.3386557,batch_consumer-sts-0_20250707_214840_921397.csv,True,False,False,1751924994.1864777,270845.4782962799
92289,1751924723.341224,1751924913.3639762,batch_consumer-sts-0_20250707_214840_921397.csv,True,False,False,1751924994.1864777,270845.2537059784
92299,1751924723.3414495,1751924913.3887663,batch_consumer-sts-0_20250707_214840_921397.csv,True,False,False,1751924994.1864777,270845.02816200256
92309,1751924723.3416865,1751924913.4126792,batch_consumer-sts-0_20250707_214840_921397.csv,True,False,False,1751924994.1864777,270844.79117393494
92319,1751924723.3419173,1751924913.4372416,batch_consumer-sts-0_20250707_214840_921397.csv,True,False,False,1751924994.1864777,270844.56038475037
92329,1751924723.342151,1751924913.4645195,batch_consumer-sts-0_20250707_214840_921397.csv,True,False,False,1751924994.1864777,270844.32673454285
92339,1751924723.3423955,1751924913.4889078,batch_consumer-sts-0_20250707_214840_921397.csv,True,False,False,1751924994.1864777,270844.0821170807
92349,1751924723.342627,1751924913.512707,batch_consumer-sts-0_20250707_214840_921397.csv,True,False,False,1751924994.1864777,270843.8506126404
92359,1751924723.3428583,1751924913.5375257,batch_consumer-sts-0_20250707_214840_921397.csv,True,False,False,1751924994.1864777,270843.61934661865
92369,1751924723.3430946,1751924913.562496,batch_consumer-sts-0_20250707_214840_921397.csv,True,False,False,1751924994.1864777,270843.38307380676
92379,1751924723.3433225,1751924913.5875711,batch_consumer-sts-0_20250707_214840_921397.csv,True,False,False,1751924994.1864777,270843.15514564514
92389,1751924723.3435574,1751924913.611834,batch_consumer-sts-0_20250707_214840_921397.csv,True,False,False,1751924994.1864777,270842.9203033447
92399,1751924723.3437922,1751924913.6702902,batch_consumer-sts-0_20250707_214840_921397.csv,True,False,False,1751924994.1864777,270842.6854610443
92409,1751924723.344019,1751924914.6954896,batch_consumer-sts-0_20250707_214840_921397.csv,True,False,False,1751924994.1864777,270842.4587249756
92419,1751924723.344248,1751924914.7201176,batch_consumer-sts-0_20250707_214840_921397.csv,True,False,False,1751924994.1864777,270842.22960472107
92429,1751924723.344477,1751924914.7448587,batch_consumer-sts-0_20250707_214840_921397.csv,True,False,False,1751924994.1864777,270842.00072288513
92439,1751924723.3446996,1751924914.7699568,batch_consumer-sts-0_20250707_214840_921397.csv,True,False,False,1751924994.1864777,270841.77803993225
92449,1751924723.3449268,1751924914.7946496,batch_consumer-sts-0_20250707_214840_921397.csv,True,False,False,1751924994.1864777,270841.55082702637
92459,1751924723.3451486,1751924914.818585,batch_consumer-sts-0_20250707_214840_921397.csv,True,False,False,1751924994.1864777,270841.3290977478
92469,1751924723.345381,1751924914.8435905,batch_consumer-sts-0_20250707_214840_921397.csv,True,False,False,1751924994.1864777,270841.0966396332
92479,1751924723.3456078,1751924914.8685544,batch_consumer-sts-0_20250707_214840_921397.csv,True,False,False,1751924994.1864777,270840.86990356445
92489,1751924723.3458393,1751924914.8933785,batch_consumer-sts-0_20250707_214840_921397.csv,True,False,False,1751924994.1864777,270840.63839912415
92499,1751924723.346069,1751924914.9176662,batch_consumer-sts-0_20250707_214840_921397.csv,True,False,False,1751924994.1864777,270840.4085636139
92509,1751924723.3462982,1751924914.9426596,batch_consumer-sts-0_20250707_214840_921397.csv,True,False,False,1751924994.1864777,270840.1794433594
92519,1751924723.3465302,1751924914.969381,batch_consumer-sts-0_20250707_214840_921397.csv,True,False,False,1751924994.1864777,270839.9474620819
92529,1751924723.346772,1751924914.9939456,batch_consumer-sts-0_20250707_214840_921397.csv,True,False,False,1751924994.1864777,270839.7057056427
92539,1751924723.347025,1751924915.0179696,batch_consumer-sts-0_20250707_214840_921397.csv,True,False,False,1751924994.1864777,270839.4527435303
92549,1751924723.3472652,1751924915.043088,batch_consumer-sts-0_20250707_214840_921397.csv,True,False,False,1751924994.1864777,270839.21241760254
100249,1751924723.6491582,1751924915.0682156,batch_consumer-sts-0_20250707_214840_921397.csv,True,False,False,1751924994.1864777,270537.3194217682
100259,1751924723.6495175,1751924915.0933144,batch_consumer-sts-0_20250707_214840_921397.csv,True,False,False,1751924994.1864777,270536.9601249695
100269,1751924723.6498387,1751924915.1175537,batch_consumer-sts-0_20250707_214840_921397.csv,True,False,False,1751924994.1864777,270536.63897514343
100279,1751924723.6501374,1751924915.1422362,batch_consumer-sts-0_20250707_214840_921397.csv,True,False,False,1751924994.1864777,270536.3402366638
100289,1751924723.6505358,1751924915.1673486,batch_consumer-sts-0_20250707_214840_921397.csv,True,False,False,1751924994.1864777,270535.94183921814
100299,1751924723.6508975,1751924915.1932216,batch_consumer-sts-0_20250707_214840_921397.csv,True,False,False,1751924994.1864777,270535.58015823364
100309,1751924723.6512358,1751924915.2172508,batch_consumer-sts-0_20250707_214840_921397.csv,True,False,False,1751924994.1864777,270535.2418422699
100319,1751924723.6515658,1751924915.2416909,batch_consumer-sts-0_20250707_214840_921397.csv,True,False,False,1751924994.1864777,270534.9118709564
100329,1751924723.651872,1751924915.2661169,batch_consumer-sts-0_20250707_214840_921397.csv,True,False,False,1751924994.1864777,270534.60574150085
100339,1751924723.652208,1751924915.2917452,batch_consumer-sts-0_20250707_214840_921397.csv,True,False,False,1751924994.1864777,270534.2695713043
100349,1751924723.6525204,1751924915.315751,batch_consumer-sts-0_20250707_214840_921397.csv,True,False,False,1751924994.1864777,270533.9572429657
100359,1751924723.6528697,1751924915.340402,batch_consumer-sts-0_20250707_214840_921397.csv,True,False,False,1751924994.1864777,270533.6079597473
100369,1751924723.6532135,1751924915.3650029,batch_consumer-sts-0_20250707_214840_921397.csv,True,False,False,1751924994.1864777,270533.26416015625
100379,1751924723.6535208,1751924915.3895576,batch_consumer-sts-0_20250707_214840_921397.csv,True,False,False,1751924994.1864777,270532.9568386078
100389,1751924723.7946858,1751924915.4137774,batch_consumer-sts-0_20250707_214840_921397.csv,True,False,False,1751924994.1864777,270391.7918205261
100399,1751924723.7950585,1751924915.4386652,batch_consumer-sts-0_20250707_214840_921397.csv,True,False,False,1751924994.1864777,270391.419172287
100409,1751924723.7953825,1751924915.463543,batch_consumer-sts-0_20250707_214840_921397.csv,True,False,False,1751924994.1864777,270391.095161438
100419,1751924723.795714,1751924915.4882138,batch_consumer-sts-0_20250707_214840_921397.csv,True,False,False,1751924994.1864777,270390.76375961304
100429,1751924723.7960536,1751924915.5121653,batch_consumer-sts-0_20250707_214840_921397.csv,True,False,False,1751924994.1864777,270390.4240131378
100439,1751924723.7963605,1751924915.5368216,batch_consumer-sts-0_20250707_214840_921397.csv,True,False,False,1751924994.1864777,270390.1171684265
100449,1751924723.7967012,1751924915.5618656,batch_consumer-sts-0_20250707_214840_921397.csv,True,False,False,1751924994.1864777,270389.776468277
100459,1751924723.79702,1751924915.5864823,batch_consumer-sts-0_20250707_214840_921397.csv,True,False,False,1751924994.1864777,270389.4577026367
100469,1751924723.7973332,1751924915.610977,batch_consumer-sts-0_20250707_214840_921397.csv,True,False,False,1751924994.1864777,270389.1444206238
100479,1751924723.7976604,1751924915.637301,batch_consumer-sts-0_20250707_214840_921397.csv,True,False,False,1751924994.1864777,270388.81731033325
100489,1751924723.797994,1751924915.661903,batch_consumer-sts-0_20250707_214840_921397.csv,True,False,False,1751924994.1864777,270388.4837627411
100499,1751924723.798339,1751924915.68673,batch_consumer-sts-0_20250707_214840_921397.csv,True,False,False,1751924994.1864777,270388.1387710571
100509,1751924723.7986836,1751924915.7108836,batch_consumer-sts-0_20250707_214840_921397.csv,True,False,False,1751924994.1864777,270387.79401779175
100519,1751924723.799014,1751924915.739764,batch_consumer-sts-0_20250707_214840_921397.csv,True,False,False,1751924994.1864777,270387.4635696411
100529,1751924723.7993507,1751924915.7648249,batch_consumer-sts-0_20250707_214840_921397.csv,True,False,False,1751924994.1864777,270387.1269226074
100539,1751924723.7996864,1751924915.790041,batch_consumer-sts-0_20250707_214840_921397.csv,True,False,False,1751924994.1864777,270386.79122924805
100549,1751924723.8000195,1751924915.814511,batch_consumer-sts-0_20250707_214840_921397.csv,True,False,False,1751924994.1864777,270386.45815849304
100559,1751924723.8003504,1751924915.8394108,batch_consumer-sts-0_20250707_214840_921397.csv,True,False,False,1751924994.1864777,270386.12723350525
100569,1751924723.800654,1751924915.8642907,batch_consumer-sts-0_20250707_214840_921397.csv,True,False,False,1751924994.1864777,270385.82372665405
100579,1751924723.8009946,1751924915.8898025,batch_consumer-sts-0_20250707_214840_921397.csv,True,False,False,1751924994.1864777,270385.4830265045
100589,1751924723.801319,1751924915.9142437,batch_consumer-sts-0_20250707_214840_921397.csv,True,False,False,1751924994.1864777,270385.15877723694
100599,1751924723.801658,1751924915.9393682,batch_consumer-sts-0_20250707_214840_921397.csv,True,False,False,1751924994.1864777,270384.81974601746
100609,1751924723.8019967,1751924915.9645526,batch_consumer-sts-0_20250707_214840_921397.csv,True,False,False,1751924994.1864777,270384.48095321655
100619,1751924723.8023503,1751924915.9897356,batch_consumer-sts-0_20250707_214840_921397.csv,True,False,False,1751924994.1864777,270384.12737846375
100629,1751924723.80259,1751924916.0141134,batch_consumer-sts-0_20250707_214840_921397.csv,True,False,False,1751924994.1864777,270383.88776779175
100639,1751924723.8028252,1751924916.038695,batch_consumer-sts-0_20250707_214840_921397.csv,True,False,False,1751924994.1864777,270383.6524486542
100649,1751924723.803076,1751924916.0641515,batch_consumer-sts-0_20250707_214840_921397.csv,True,False,False,1751924994.1864777,270383.40163230896
100659,1751924723.8033173,1751924916.0892727,batch_consumer-sts-0_20250707_214840_921397.csv,True,False,False,1751924994.1864777,270383.1603527069
108409,1751924728.1370406,1751924916.1137238,batch_consumer-sts-0_20250707_214840_921397.csv,True,False,False,1751924994.1864777,266049.437046051
108419,1751924728.13728,1751924916.1385236,batch_consumer-sts-0_20250707_214840_921397.csv,True,False,False,1751924994.1864777,266049.1976737976
108429,1751924728.1374884,1751924916.1631966,batch_consumer-sts-0_20250707_214840_921397.csv,True,False,False,1751924994.1864777,266048.9892959595
108439,1751924728.137694,1751924916.1881232,batch_consumer-sts-0_20250707_214840_921397.csv,True,False,False,1751924994.1864777,266048.7837791443
108449,1751924728.137883,1751924916.2124212,batch_consumer-sts-0_20250707_214840_921397.csv,True,False,False,1751924994.1864777,266048.59471321106
108459,1751924728.1380773,1751924916.2375164,batch_consumer-sts-0_20250707_214840_921397.csv,True,False,False,1751924994.1864777,266048.4004020691
108469,1751924728.138297,1751924916.2624865,batch_consumer-sts-0_20250707_214840_921397.csv,True,False,False,1751924994.1864777,266048.18058013916
108479,1751924728.138492,1751924916.2867525,batch_consumer-sts-0_20250707_214840_921397.csv,True,False,False,1751924994.1864777,266047.98555374146
108489,1751924728.1386838,1751924916.3110778,batch_consumer-sts-0_20250707_214840_921397.csv,True,False,False,1751924994.1864777,266047.79386520386
108499,1751924728.138887,1751924916.3363247,batch_consumer-sts-0_20250707_214840_921397.csv,True,False,False,1751924994.1864777,266047.59073257446
108509,1751924728.1390762,1751924916.3618329,batch_consumer-sts-0_20250707_214840_921397.csv,True,False,False,1751924994.1864777,266047.40142822266
108519,1751924728.1392665,1751924916.3868384,batch_consumer-sts-0_20250707_214840_921397.csv,True,False,False,1751924994.1864777,266047.21117019653
108529,1751924728.139466,1751924916.411472,batch_consumer-sts-0_20250707_214840_921397.csv,True,False,False,1751924994.1864777,266047.0116138458
108539,1751924728.139662,1751924916.6307056,batch_consumer-sts-0_20250707_214840_921397.csv,True,False,False,1751924994.1864777,266046.8156337738
108549,1751924728.139856,1751924916.655242,batch_consumer-sts-0_20250707_214840_921397.csv,True,False,False,1751924994.1864777,266046.6215610504
108559,1751924728.1400492,1751924916.6798732,batch_consumer-sts-0_20250707_214840_921397.csv,True,False,False,1751924994.1864777,266046.42844200134
108569,1751924728.1402442,1751924916.7042325,batch_consumer-sts-0_20250707_214840_921397.csv,True,False,False,1751924994.1864777,266046.23341560364
108579,1751924728.1404352,1751924916.7286644,batch_consumer-sts-0_20250707_214840_921397.csv,True,False,False,1751924994.1864777,266046.0424423218
108589,1751924728.1406376,1751924916.7530656,batch_consumer-sts-0_20250707_214840_921397.csv,True,False,False,1751924994.1864777,266045.8400249481
108599,1751924728.140823,1751924916.7779243,batch_consumer-sts-0_20250707_214840_921397.csv,True,False,False,1751924994.1864777,266045.65477371216
108609,1751924728.1410117,1751924916.8024795,batch_consumer-sts-0_20250707_214840_921397.csv,True,False,False,1751924994.1864777,266045.4659461975
108619,1751924728.1412003,1751924916.8272047,batch_consumer-sts-0_20250707_214840_921397.csv,True,False,False,1751924994.1864777,266045.27735710144
108629,1751924728.1413856,1751924916.852173,batch_consumer-sts-0_20250707_214840_921397.csv,True,False,False,1751924994.1864777,266045.0921058655
108639,1751924728.1415691,1751924916.877237,batch_consumer-sts-0_20250707_214840_921397.csv,True,False,False,1751924994.1864777,266044.90852355957
108649,1751924728.1417563,1751924916.9021926,batch_consumer-sts-0_20250707_214840_921397.csv,True,False,False,1751924994.1864777,266044.721364975
108659,1751924728.141935,1751924916.9270177,batch_consumer-sts-0_20250707_214840_921397.csv,True,False,False,1751924994.1864777,266044.54255104065
108669,1751924728.1421218,1751924916.951693,batch_consumer-sts-0_20250707_214840_921397.csv,True,False,False,1751924994.1864777,266044.3558692932
108679,1751924728.1423566,1751924916.9783232,batch_consumer-sts-0_20250707_214840_921397.csv,True,False,False,1751924994.1864777,266044.1210269928
108689,1751924728.1425726,1751924917.0029702,batch_consumer-sts-0_20250707_214840_921397.csv,True,False,False,1751924994.1864777,266043.90501976013
108699,1751924728.1427832,1751924917.0276854,batch_consumer-sts-0_20250707_214840_921397.csv,True,False,False,1751924994.1864777,266043.6944961548
108709,1751924728.1429994,1751924917.0521014,batch_consumer-sts-0_20250707_214840_921397.csv,True,False,False,1751924994.1864777,266043.47825050354
108719,1751924728.1432123,1751924917.0766692,batch_consumer-sts-0_20250707_214840_921397.csv,True,False,False,1751924994.1864777,266043.2653427124
108729,1751924728.1434407,1751924917.104212,batch_consumer-sts-0_20250707_214840_921397.csv,True,False,False,1751924994.1864777,266043.0369377136
108739,1751924728.1436362,1751924917.1286583,batch_consumer-sts-0_20250707_214840_921397.csv,True,False,False,1751924994.1864777,266042.84143447876
108749,1751924728.1438327,1751924917.1532838,batch_consumer-sts-0_20250707_214840_921397.csv,True,False,False,1751924994.1864777,266042.6449775696
108759,1751924728.144024,1751924917.1778808,batch_consumer-sts-0_20250707_214840_921397.csv,True,False,False,1751924994.1864777,266042.45376586914
108769,1751924728.14422,1751924917.202454,batch_consumer-sts-0_20250707_214840_921397.csv,True,False,False,1751924994.1864777,266042.25754737854
108779,1751924728.1444175,1751924917.22667,batch_consumer-sts-0_20250707_214840_921397.csv,True,False,False,1751924994.1864777,266042.06013679504
108789,1751924728.1446192,1751924917.251368,batch_consumer-sts-0_20250707_214840_921397.csv,True,False,False,1751924994.1864777,266041.8584346771
108799,1751924728.1448054,1751924917.2748544,batch_consumer-sts-0_20250707_214840_921397.csv,True,False,False,1751924994.1864777,266041.67222976685
108809,1751924728.1449888,1751924917.2991097,batch_consumer-sts-0_20250707_214840_921397.csv,True,False,False,1751924994.1864777,266041.4888858795
108819,1751924728.1451735,1751924917.3242688,batch_consumer-sts-0_20250707_214840_921397.csv,True,False,False,1751924994.1864777,266041.3041114807
108829,1751924728.1453571,1751924917.349542,batch_consumer-sts-0_20250707_214840_921397.csv,True,False,False,1751924994.1864777,266041.1205291748
108839,1751924728.1455348,1751924917.3747194,batch_consumer-sts-0_20250707_214840_921397.csv,True,False,False,1751924994.1864777,266040.9429073334
108849,1751924728.145719,1751924917.4000783,batch_consumer-sts-0_20250707_214840_921397.csv,True,False,False,1751924994.1864777,266040.7586097717
108859,1751924728.1459055,1751924917.42502,batch_consumer-sts-0_20250707_214840_921397.csv,True,False,False,1751924994.1864777,266040.5721664429
108869,1751924728.146086,1751924917.4499202,batch_consumer-sts-0_20250707_214840_921397.csv,True,False,False,1751924994.1864777,266040.3916835785
108879,1751924728.1463013,1751924917.4752722,batch_consumer-sts-0_20250707_214840_921397.csv,True,False,False,1751924994.1864777,266040.17639160156
108889,1751924728.146511,1751924917.5007403,batch_consumer-sts-0_20250707_214840_921397.csv,True,False,False,1751924994.1864777,266039.96658325195
108899,1751924728.146689,1751924917.5264814,batch_consumer-sts-0_20250707_214840_921397.csv,True,False,False,1751924994.1864777,266039.78872299194
108909,1751924728.1468651,1751924917.5509217,batch_consumer-sts-0_20250707_214840_921397.csv,True,False,False,1751924994.1864777,266039.612531662
108919,1751924728.1470532,1751924917.576198,batch_consumer-sts-0_20250707_214840_921397.csv,True,False,False,1751924994.1864777,266039.4244194031
108929,1751924728.147236,1751924917.6009042,batch_consumer-sts-0_20250707_214840_921397.csv,True,False,False,1751924994.1864777,266039.2415523529
108939,1751924728.1474166,1751924917.625307,batch_consumer-sts-0_20250707_214840_921397.csv,True,False,False,1751924994.1864777,266039.0610694885
108949,1751924728.1475992,1751924917.655703,batch_consumer-sts-0_20250707_214840_921397.csv,True,False,False,1751924994.1864777,266038.87844085693
108959,1751924728.1477787,1751924917.6803071,batch_consumer-sts-0_20250707_214840_921397.csv,True,False,False,1751924994.1864777,266038.69891166687
108969,1751924728.147962,1751924917.703635,batch_consumer-sts-0_20250707_214840_921397.csv,True,False,False,1751924994.1864777,266038.51556777954
108979,1751924728.1481445,1751924917.7284596,batch_consumer-sts-0_20250707_214840_921397.csv,True,False,False,1751924994.1864777,266038.3331775665
108989,1751924728.148322,1751924917.7529316,batch_consumer-sts-0_20250707_214840_921397.csv,True,False,False,1751924994.1864777,266038.1555557251
108999,1751924728.1485038,1751924917.7777617,batch_consumer-sts-0_20250707_214840_921397.csv,True,False,False,1751924994.1864777,266037.9738807678
109009,1751924728.148687,1751924917.803003,batch_consumer-sts-0_20250707_214840_921397.csv,True,False,False,1751924994.1864777,266037.7907752991
109019,1751924728.1488647,1751924917.827896,batch_consumer-sts-0_20250707_214840_921397.csv,True,False,False,1751924994.1864777,266037.61291503906
109029,1751924728.1490457,1751924917.8532631,batch_consumer-sts-0_20250707_214840_921397.csv,True,False,False,1751924994.1864777,266037.4319553375
109039,1751924728.149225,1751924917.8792784,batch_consumer-sts-0_20250707_214840_921397.csv,True,False,False,1751924994.1864777,266037.25266456604
109049,1751924728.1494038,1751924917.9047115,batch_consumer-sts-0_20250707_214840_921397.csv,True,False,False,1751924994.1864777,266037.0738506317
109059,1751924728.1495924,1751924917.9294786,batch_consumer-sts-0_20250707_214840_921397.csv,True,False,False,1751924994.1864777,266036.88526153564
109069,1751924728.1497698,1751924917.954453,batch_consumer-sts-0_20250707_214840_921397.csv,True,False,False,1751924994.1864777,266036.7078781128
109079,1751924728.1499496,1751924917.9797325,batch_consumer-sts-0_20250707_214840_921397.csv,True,False,False,1751924994.1864777,266036.52811050415
109089,1751924728.1501317,1751924918.0041385,batch_consumer-sts-0_20250707_214840_921397.csv,True,False,False,1751924994.1864777,266036.3459587097
109099,1751924728.1503437,1751924918.0371702,batch_consumer-sts-0_20250707_214840_921397.csv,True,False,False,1751924994.1864777,266036.1340045929
109109,1751924728.150611,1751924918.0618973,batch_consumer-sts-0_20250707_214840_921397.csv,True,False,False,1751924994.1864777,266035.8667373657
109119,1751924728.1508038,1751924918.086511,batch_consumer-sts-0_20250707_214840_921397.csv,True,False,False,1751924994.1864777,266035.67385673523
109129,1751924728.1509986,1751924918.1104398,batch_consumer-sts-0_20250707_214840_921397.csv,True,False,False,1751924994.1864777,266035.4790687561
109139,1751924728.151188,1751924918.1351137,batch_consumer-sts-0_20250707_214840_921397.csv,True,False,False,1751924994.1864777,266035.2897644043
109149,1751924728.151381,1751924918.159417,batch_consumer-sts-0_20250707_214840_921397.csv,True,False,False,1751924994.1864777,266035.0966453552
109159,1751924728.1515832,1751924918.184091,batch_consumer-sts-0_20250707_214840_921397.csv,True,False,False,1751924994.1864777,266034.89446640015
109169,1751924728.1517637,1751924918.2097726,batch_consumer-sts-0_20250707_214840_921397.csv,True,False,False,1751924994.1864777,266034.71398353577
109179,1751924728.1519508,1751924918.234461,batch_consumer-sts-0_20250707_214840_921397.csv,True,False,False,1751924994.1864777,266034.5268249512
109189,1751924728.1521275,1751924918.2594528,batch_consumer-sts-0_20250707_214840_921397.csv,True,False,False,1751924994.1864777,266034.35015678406
109199,1751924728.152306,1751924918.284435,batch_consumer-sts-0_20250707_214840_921397.csv,True,False,False,1751924994.1864777,266034.1715812683
109209,1751924728.152489,1751924918.3090034,batch_consumer-sts-0_20250707_214840_921397.csv,True,False,False,1751924994.1864777,266033.98871421814
109219,1751924728.1526823,1751924918.337047,batch_consumer-sts-0_20250707_214840_921397.csv,True,False,False,1751924994.1864777,266033.7953567505
109229,1751924728.1528697,1751924918.361888,batch_consumer-sts-0_20250707_214840_921397.csv,True,False,False,1751924994.1864777,266033.6079597473
109239,1751924728.153052,1751924918.3865037,batch_consumer-sts-0_20250707_214840_921397.csv,True,False,False,1751924994.1864777,266033.4255695343
109249,1751924728.1532352,1751924918.410669,batch_consumer-sts-0_20250707_214840_921397.csv,True,False,False,1751924994.1864777,266033.24246406555
109259,1751924728.1534424,1751924918.4353416,batch_consumer-sts-0_20250707_214840_921397.csv,True,False,False,1751924994.1864777,266033.0352783203
109269,1751924728.1536355,1751924918.4602706,batch_consumer-sts-0_20250707_214840_921397.csv,True,False,False,1751924994.1864777,266032.84215927124
109279,1751924728.1538315,1751924918.4844372,batch_consumer-sts-0_20250707_214840_921397.csv,True,False,False,1751924994.1864777,266032.6461791992
109289,1751924728.1540277,1751924918.508759,batch_consumer-sts-0_20250707_214840_921397.csv,True,False,False,1751924994.1864777,266032.4499607086
109299,1751924728.1542523,1751924918.5340507,batch_consumer-sts-0_20250707_214840_921397.csv,True,False,False,1751924994.1864777,266032.2253704071
109309,1751924728.154467,1751924918.5642097,batch_consumer-sts-0_20250707_214840_921397.csv,True,False,False,1751924994.1864777,266032.01055526733
109319,1751924728.154668,1751924918.591066,batch_consumer-sts-0_20250707_214840_921397.csv,True,False,False,1751924994.1864777,266031.80956840515
109329,1751924728.1548617,1751924918.6157525,batch_consumer-sts-0_20250707_214840_921397.csv,True,False,False,1751924994.1864777,266031.6159725189
109339,1751924728.1550589,1751924918.6410644,batch_consumer-sts-0_20250707_214840_921397.csv,True,False,False,1751924994.1864777,266031.418800354
109349,1751924728.1552546,1751924918.6658854,batch_consumer-sts-0_20250707_214840_921397.csv,True,False,False,1751924994.1864777,266031.22305870056
109359,1751924728.1554558,1751924918.6913552,batch_consumer-sts-0_20250707_214840_921397.csv,True,False,False,1751924994.1864777,266031.0218334198
109779,1751924728.441713,1751924918.7157054,batch_consumer-sts-0_20250707_214840_921397.csv,True,False,False,1751924994.1864777,265744.7645664215
109789,1751924728.4419322,1751924918.773408,batch_consumer-sts-0_20250707_214840_921397.csv,True,False,False,1751924994.1864777,265744.5454597473
109799,1751924728.4421358,1751924918.798299,batch_consumer-sts-0_20250707_214840_921397.csv,True,False,False,1751924994.1864777,265744.34185028076
109809,1751924728.4423993,1751924918.821725,batch_consumer-sts-0_20250707_214840_921397.csv,True,False,False,1751924994.1864777,265744.07839775085
109819,1751924728.442618,1751924918.846392,batch_consumer-sts-0_20250707_214840_921397.csv,True,False,False,1751924994.1864777,265743.8597679138
109829,1751924728.4428363,1751924918.8719451,batch_consumer-sts-0_20250707_214840_921397.csv,True,False,False,1751924994.1864777,265743.64137649536
109839,1751924728.4430592,1751924919.3307312,batch_consumer-sts-0_20250707_214840_921397.csv,True,False,False,1751924994.1864777,265743.4184551239
109849,1751924728.4432783,1751924920.4223337,batch_consumer-sts-0_20250707_214840_921397.csv,True,False,False,1751924994.1864777,265743.1993484497
109859,1751924728.4434967,1751924920.4470878,batch_consumer-sts-0_20250707_214840_921397.csv,True,False,False,1751924994.1864777,265742.98095703125
109869,1751924728.443685,1751924920.473781,batch_consumer-sts-0_20250707_214840_921397.csv,True,False,False,1751924994.1864777,265742.79260635376
109879,1751924728.4438806,1751924920.4990828,batch_consumer-sts-0_20250707_214840_921397.csv,True,False,False,1751924994.1864777,265742.5971031189
109889,1751924728.4441068,1751924920.5236468,batch_consumer-sts-0_20250707_214840_921397.csv,True,False,False,1751924994.1864777,265742.3708438873
109899,1751924728.4442947,1751924920.5484123,batch_consumer-sts-0_20250707_214840_921397.csv,True,False,False,1751924994.1864777,265742.182970047
109909,1751924728.444496,1751924920.573315,batch_consumer-sts-0_20250707_214840_921397.csv,True,False,False,1751924994.1864777,265741.98174476624
109919,1751924728.4446814,1751924920.5970504,batch_consumer-sts-0_20250707_214840_921397.csv,True,False,False,1751924994.1864777,265741.7962551117
109929,1751924728.4448764,1751924920.621092,batch_consumer-sts-0_20250707_214840_921397.csv,True,False,False,1751924994.1864777,265741.601228714
109939,1751924728.4450731,1751924920.6467588,batch_consumer-sts-0_20250707_214840_921397.csv,True,False,False,1751924994.1864777,265741.40453338623
109949,1751924728.445274,1751924920.6718493,batch_consumer-sts-0_20250707_214840_921397.csv,True,False,False,1751924994.1864777,265741.20354652405
109959,1751924728.4454627,1751924920.6968026,batch_consumer-sts-0_20250707_214840_921397.csv,True,False,False,1751924994.1864777,265741.014957428
109969,1751924728.4456513,1751924920.721166,batch_consumer-sts-0_20250707_214840_921397.csv,True,False,False,1751924994.1864777,265740.8263683319
109979,1751924728.4458325,1751924920.7471364,batch_consumer-sts-0_20250707_214840_921397.csv,True,False,False,1751924994.1864777,265740.6451702118
109989,1751924728.446018,1751924920.7721877,batch_consumer-sts-0_20250707_214840_921397.csv,True,False,False,1751924994.1864777,265740.45968055725
109999,1751924728.4462273,1751924920.797149,batch_consumer-sts-0_20250707_214840_921397.csv,True,False,False,1751924994.1864777,265740.2503490448
110009,1751924728.4464226,1751924920.8218467,batch_consumer-sts-0_20250707_214840_921397.csv,True,False,False,1751924994.1864777,265740.0550842285
110019,1751924728.4466114,1751924920.8465917,batch_consumer-sts-0_20250707_214840_921397.csv,True,False,False,1751924994.1864777,265739.86625671387
110029,1751924728.4468048,1751924920.8713388,batch_consumer-sts-0_20250707_214840_921397.csv,True,False,False,1751924994.1864777,265739.6728992462
110039,1751924728.4469976,1751924920.8959894,batch_consumer-sts-0_20250707_214840_921397.csv,True,False,False,1751924994.1864777,265739.4800186157
110049,1751924728.4471943,1751924921.114533,batch_consumer-sts-0_20250707_214859_053141.csv,True,False,False,1751924994.1864777,265739.28332328796
110059,1751924728.4473925,1751924921.1398635,batch_consumer-sts-0_20250707_214859_053141.csv,True,False,False,1751924994.1864777,265739.08519744873
110069,1751924728.447577,1751924921.1652062,batch_consumer-sts-0_20250707_214859_053141.csv,True,False,False,1751924994.1864777,265738.9006614685
110079,1751924728.44776,1751924921.1899478,batch_consumer-sts-0_20250707_214859_053141.csv,True,False,False,1751924994.1864777,265738.71755599976
110089,1751924728.447948,1751924921.215085,batch_consumer-sts-0_20250707_214859_053141.csv,True,False,False,1751924994.1864777,265738.5296821594
110099,1751924728.4481316,1751924921.2402985,batch_consumer-sts-0_20250707_214859_053141.csv,True,False,False,1751924994.1864777,265738.3460998535
110109,1751924728.4483202,1751924921.2643626,batch_consumer-sts-0_20250707_214859_053141.csv,True,False,False,1751924994.1864777,265738.15751075745
110119,1751924728.448499,1751924921.2883492,batch_consumer-sts-0_20250707_214859_053141.csv,True,False,False,1751924994.1864777,265737.9786968231
110129,1751924728.4486864,1751924921.3128655,batch_consumer-sts-0_20250707_214859_053141.csv,True,False,False,1751924994.1864777,265737.79129981995
110139,1751924728.448895,1751924921.3379717,batch_consumer-sts-0_20250707_214859_053141.csv,True,False,False,1751924994.1864777,265737.58268356323
110149,1751924728.449083,1751924921.363039,batch_consumer-sts-0_20250707_214859_053141.csv,True,False,False,1751924994.1864777,265737.3945713043
110159,1751924728.4492726,1751924921.3882475,batch_consumer-sts-0_20250707_214859_053141.csv,True,False,False,1751924994.1864777,265737.20502853394
110169,1751924728.4494653,1751924921.4127882,batch_consumer-sts-0_20250707_214859_053141.csv,True,False,False,1751924994.1864777,265737.012386322
110179,1751924728.449652,1751924921.4376042,batch_consumer-sts-0_20250707_214859_053141.csv,True,False,False,1751924994.1864777,265736.8257045746
110189,1751924728.4498477,1751924921.462348,batch_consumer-sts-0_20250707_214859_053141.csv,True,False,False,1751924994.1864777,265736.62996292114
110199,1751924728.4500415,1751924921.4870455,batch_consumer-sts-0_20250707_214859_053141.csv,True,False,False,1751924994.1864777,265736.43612861633
110209,1751924728.4502392,1751924921.5110755,batch_consumer-sts-0_20250707_214859_053141.csv,True,False,False,1751924994.1864777,265736.23847961426
110219,1751924728.4504285,1751924921.5357814,batch_consumer-sts-0_20250707_214859_053141.csv,True,False,False,1751924994.1864777,265736.04917526245
110229,1751924728.4506178,1751924921.8791556,batch_consumer-sts-0_20250707_214859_053141.csv,True,False,False,1751924994.1864777,265735.85987091064
110239,1751924728.4508278,1751924921.904556,batch_consumer-sts-0_20250707_214859_053141.csv,True,False,False,1751924994.1864777,265735.64982414246
110249,1751924728.4510188,1751924921.9292345,batch_consumer-sts-0_20250707_214859_053141.csv,True,False,False,1751924994.1864777,265735.4588508606
110259,1751924728.4512095,1751924921.9541032,batch_consumer-sts-0_20250707_214859_053141.csv,True,False,False,1751924994.1864777,265735.2681159973
110269,1751924728.7624574,1751924921.9791574,batch_consumer-sts-0_20250707_214859_053141.csv,True,False,False,1751924994.1864777,265424.02029037476
110279,1751924728.7627263,1751924922.002916,batch_consumer-sts-0_20250707_214859_053141.csv,True,False,False,1751924994.1864777,265423.75135421753
110289,1751924728.7629547,1751924922.0335903,batch_consumer-sts-0_20250707_214859_053141.csv,True,False,False,1751924994.1864777,265423.52294921875
110299,1751924728.763184,1751924922.058653,batch_consumer-sts-0_20250707_214859_053141.csv,True,False,False,1751924994.1864777,265423.29359054565
110309,1751924728.7634408,1751924922.0841718,batch_consumer-sts-0_20250707_214859_053141.csv,True,False,False,1751924994.1864777,265423.03681373596
110319,1751924728.7636728,1751924922.1088982,batch_consumer-sts-0_20250707_214859_053141.csv,True,False,False,1751924994.1864777,265422.8048324585
110329,1751924728.7638917,1751924922.133743,batch_consumer-sts-0_20250707_214859_053141.csv,True,False,False,1751924994.1864777,265422.5859642029
110339,1751924728.7640874,1751924922.160182,batch_consumer-sts-0_20250707_214859_053141.csv,True,False,False,1751924994.1864777,265422.39022254944
110349,1751924728.7642813,1751924922.186054,batch_consumer-sts-0_20250707_214859_053141.csv,True,False,False,1751924994.1864777,265422.1963882446
110359,1751924728.7644677,1751924922.21014,batch_consumer-sts-0_20250707_214859_053141.csv,True,False,False,1751924994.1864777,265422.0099449158
110369,1751924728.76466,1751924922.2383869,batch_consumer-sts-0_20250707_214859_053141.csv,True,False,False,1751924994.1864777,265421.817779541
110379,1751924728.764862,1751924922.2635453,batch_consumer-sts-0_20250707_214859_053141.csv,True,False,False,1751924994.1864777,265421.61560058594
110389,1751924728.765045,1751924922.2908435,batch_consumer-sts-0_20250707_214859_053141.csv,True,False,False,1751924994.1864777,265421.43273353577
110399,1751924728.765226,1751924922.3151562,batch_consumer-sts-0_20250707_214859_053141.csv,True,False,False,1751924994.1864777,265421.2517738342
110409,1751924728.7654114,1751924922.3401375,batch_consumer-sts-0_20250707_214859_053141.csv,True,False,False,1751924994.1864777,265421.0662841797
110419,1751924728.7655935,1751924922.3666203,batch_consumer-sts-0_20250707_214859_053141.csv,True,False,False,1751924994.1864777,265420.88413238525
110429,1751924728.7657795,1751924922.3915484,batch_consumer-sts-0_20250707_214859_053141.csv,True,False,False,1751924994.1864777,265420.69816589355
110439,1751924728.76597,1751924922.4159138,batch_consumer-sts-0_20250707_214859_053141.csv,True,False,False,1751924994.1864777,265420.50766944885
110449,1751924728.766168,1751924922.442093,batch_consumer-sts-0_20250707_214859_053141.csv,True,False,False,1751924994.1864777,265420.3095436096
110459,1751924728.766384,1751924922.4671874,batch_consumer-sts-0_20250707_214859_053141.csv,True,False,False,1751924994.1864777,265420.09377479553
110469,1751924728.766586,1751924922.4921486,batch_consumer-sts-0_20250707_214859_053141.csv,True,False,False,1751924994.1864777,265419.89159584045
110479,1751924728.766779,1751924922.5165272,batch_consumer-sts-0_20250707_214859_053141.csv,True,False,False,1751924994.1864777,265419.69871520996
110489,1751924728.7669752,1751924922.542262,batch_consumer-sts-0_20250707_214859_053141.csv,True,False,False,1751924994.1864777,265419.50249671936
110499,1751924728.7671683,1751924922.5675328,batch_consumer-sts-0_20250707_214859_053141.csv,True,False,False,1751924994.1864777,265419.3093776703
110509,1751924728.767367,1751924922.5931878,batch_consumer-sts-0_20250707_214859_053141.csv,True,False,False,1751924994.1864777,265419.1107749939
110519,1751924728.7675667,1751924922.6177735,batch_consumer-sts-0_20250707_214859_053141.csv,True,False,False,1751924994.1864777,265418.9109802246
110529,1751924728.7677443,1751924922.6425974,batch_consumer-sts-0_20250707_214859_053141.csv,True,False,False,1751924994.1864777,265418.7333583832
110539,1751924728.7679296,1751924922.668058,batch_consumer-sts-0_20250707_214859_053141.csv,True,False,False,1751924994.1864777,265418.5481071472
115539,1751924731.488771,1751924922.692762,batch_consumer-sts-0_20250707_214859_053141.csv,True,False,False,1751924994.1864777,262697.70669937134
115549,1751924731.488978,1751924922.7170205,batch_consumer-sts-0_20250707_214859_053141.csv,True,False,False,1751924994.1864777,262697.4997520447
115559,1751924731.4891956,1751924922.7421875,batch_consumer-sts-0_20250707_214859_053141.csv,True,False,False,1751924994.1864777,262697.28207588196
115569,1751924731.489395,1751924922.7670343,batch_consumer-sts-0_20250707_214859_053141.csv,True,False,False,1751924994.1864777,262697.0827579498
115579,1751924731.4895885,1751924922.792039,batch_consumer-sts-0_20250707_214859_053141.csv,True,False,False,1751924994.1864777,262696.8891620636
115589,1751924731.4897854,1751924922.816524,batch_consumer-sts-0_20250707_214859_053141.csv,True,False,False,1751924994.1864777,262696.69222831726
115599,1751924731.4899795,1751924922.8412402,batch_consumer-sts-0_20250707_214859_053141.csv,True,False,False,1751924994.1864777,262696.4981555939
115609,1751924731.4901867,1751924922.8664117,batch_consumer-sts-0_20250707_214859_053141.csv,True,False,False,1751924994.1864777,262696.29096984863
115619,1751924731.4903915,1751924922.8930445,batch_consumer-sts-0_20250707_214859_053141.csv,True,False,False,1751924994.1864777,262696.0861682892
115629,1751924731.4905777,1751924922.917365,batch_consumer-sts-0_20250707_214859_053141.csv,True,False,False,1751924994.1864777,262695.8999633789
115639,1751924731.4907622,1751924922.9427786,batch_consumer-sts-0_20250707_214859_053141.csv,True,False,False,1751924994.1864777,262695.7154273987
115649,1751924731.4909403,1751924922.9677894,batch_consumer-sts-0_20250707_214859_053141.csv,True,False,False,1751924994.1864777,262695.5373287201
115659,1751924731.4911203,1751924922.9940712,batch_consumer-sts-0_20250707_214859_053141.csv,True,False,False,1751924994.1864777,262695.3573226929
115669,1751924731.4913037,1751924923.0182545,batch_consumer-sts-0_20250707_214859_053141.csv,True,False,False,1751924994.1864777,262695.17397880554
115679,1751924731.4914868,1751924923.043362,batch_consumer-sts-0_20250707_214859_053141.csv,True,False,False,1751924994.1864777,262694.9908733368
115689,1751924731.4916694,1751924923.0682397,batch_consumer-sts-0_20250707_214859_053141.csv,True,False,False,1751924994.1864777,262694.8082447052
115699,1751924731.4918573,1751924923.092959,batch_consumer-sts-0_20250707_214859_053141.csv,True,False,False,1751924994.1864777,262694.62037086487
115709,1751924731.4920394,1751924923.117122,batch_consumer-sts-0_20250707_214859_053141.csv,True,False,False,1751924994.1864777,262694.43821907043
115719,1751924731.4922276,1751924923.1418796,batch_consumer-sts-0_20250707_214859_053141.csv,True,False,False,1751924994.1864777,262694.2501068115
115729,1751924731.4924104,1751924923.1666515,batch_consumer-sts-0_20250707_214859_053141.csv,True,False,False,1751924994.1864777,262694.06723976135
115739,1751924731.4925928,1751924923.1919353,batch_consumer-sts-0_20250707_214859_053141.csv,True,False,False,1751924994.1864777,262693.88484954834
115749,1751924731.4927752,1751924923.2163336,batch_consumer-sts-0_20250707_214859_053141.csv,True,False,False,1751924994.1864777,262693.7024593353
115759,1751924731.4929783,1751924923.241788,batch_consumer-sts-0_20250707_214859_053141.csv,True,False,False,1751924994.1864777,262693.49932670593
115769,1751924731.4931717,1751924923.267361,batch_consumer-sts-0_20250707_214859_053141.csv,True,False,False,1751924994.1864777,262693.3059692383
115779,1751924731.4933732,1751924923.292636,batch_consumer-sts-0_20250707_214859_053141.csv,True,False,False,1751924994.1864777,262693.10450553894
115789,1751924731.4935803,1751924923.3171363,batch_consumer-sts-0_20250707_214859_053141.csv,True,False,False,1751924994.1864777,262692.8973197937
115799,1751924731.4937809,1751924923.3418958,batch_consumer-sts-0_20250707_214859_053141.csv,True,False,False,1751924994.1864777,262692.6968097687
115809,1751924731.4939754,1751924923.3669915,batch_consumer-sts-0_20250707_214859_053141.csv,True,False,False,1751924994.1864777,262692.50226020813
115819,1751924731.4941723,1751924923.3919933,batch_consumer-sts-0_20250707_214859_053141.csv,True,False,False,1751924994.1864777,262692.3053264618
115829,1751924731.4943616,1751924923.4164162,batch_consumer-sts-0_20250707_214859_053141.csv,True,False,False,1751924994.1864777,262692.11602211
115839,1751924731.4945433,1751924923.4410186,batch_consumer-sts-0_20250707_214859_053141.csv,True,False,False,1751924994.1864777,262691.9343471527
115849,1751924731.494719,1751924923.4657595,batch_consumer-sts-0_20250707_214859_053141.csv,True,False,False,1751924994.1864777,262691.7586326599
115859,1751924731.4949048,1751924923.490958,batch_consumer-sts-0_20250707_214859_053141.csv,True,False,False,1751924994.1864777,262691.5729045868
115869,1751924731.495082,1751924923.5156317,batch_consumer-sts-0_20250707_214859_053141.csv,True,False,False,1751924994.1864777,262691.3957595825
115879,1751924731.4952652,1751924923.5405042,batch_consumer-sts-0_20250707_214859_053141.csv,True,False,False,1751924994.1864777,262691.2124156952
115889,1751924731.4954388,1751924923.5654185,batch_consumer-sts-0_20250707_214859_053141.csv,True,False,False,1751924994.1864777,262691.0388469696
115899,1751924731.495619,1751924923.5906954,batch_consumer-sts-0_20250707_214859_053141.csv,True,False,False,1751924994.1864777,262690.8586025238
115909,1751924731.495795,1751924923.614736,batch_consumer-sts-0_20250707_214859_053141.csv,True,False,False,1751924994.1864777,262690.6826496124
115919,1751924731.4959788,1751924923.639678,batch_consumer-sts-0_20250707_214859_053141.csv,True,False,False,1751924994.1864777,262690.49882888794
115929,1751924731.4961605,1751924923.6660855,batch_consumer-sts-0_20250707_214859_053141.csv,True,False,False,1751924994.1864777,262690.31715393066
115939,1751924731.49635,1751924923.6910026,batch_consumer-sts-0_20250707_214859_053141.csv,True,False,False,1751924994.1864777,262690.1276111603
121079,1751924733.807953,1751924923.715112,batch_consumer-sts-0_20250707_214859_053141.csv,True,False,False,1751924994.1864777,260378.52478027344
121089,1751924733.8081665,1751924923.739807,batch_consumer-sts-0_20250707_214859_053141.csv,True,False,False,1751924994.1864777,260378.31115722656
121099,1751924733.8083637,1751924923.7648492,batch_consumer-sts-0_20250707_214859_053141.csv,True,False,False,1751924994.1864777,260378.11398506165
121109,1751924733.808566,1751924923.7896342,batch_consumer-sts-0_20250707_214859_053141.csv,True,False,False,1751924994.1864777,260377.911567688
121119,1751924733.8087604,1751924923.818045,batch_consumer-sts-0_20250707_214859_053141.csv,True,False,False,1751924994.1864777,260377.71725654602
121129,1751924733.8089569,1751924923.8434055,batch_consumer-sts-0_20250707_214859_053141.csv,True,False,False,1751924994.1864777,260377.52079963684
121139,1751924733.809151,1751924923.917652,batch_consumer-sts-0_20250707_214859_053141.csv,True,False,False,1751924994.1864777,260377.32672691345
121149,1751924733.8093486,1751924923.9454825,batch_consumer-sts-0_20250707_214859_053141.csv,True,False,False,1751924994.1864777,260377.12907791138
121159,1751924733.8095465,1751924923.970638,batch_consumer-sts-0_20250707_214859_053141.csv,True,False,False,1751924994.1864777,260376.93119049072
121169,1751924733.8097453,1751924923.9956026,batch_consumer-sts-0_20250707_214859_053141.csv,True,False,False,1751924994.1864777,260376.73234939575
121179,1751924733.8099394,1751924924.0200186,batch_consumer-sts-0_20250707_214859_053141.csv,True,False,False,1751924994.1864777,260376.53827667236
121189,1751924733.8101296,1751924924.0450432,batch_consumer-sts-0_20250707_214859_053141.csv,True,False,False,1751924994.1864777,260376.34801864624
121199,1751924733.810363,1751924924.0732355,batch_consumer-sts-0_20250707_214859_053141.csv,True,False,False,1751924994.1864777,260376.1146068573
121209,1751924733.8105624,1751924924.0979826,batch_consumer-sts-0_20250707_214859_053141.csv,True,False,False,1751924994.1864777,260375.91528892517
121219,1751924733.8107605,1751924924.1233888,batch_consumer-sts-0_20250707_214859_053141.csv,True,False,False,1751924994.1864777,260375.71716308594
121229,1751924733.810974,1751924924.1486645,batch_consumer-sts-0_20250707_214859_053141.csv,True,False,False,1751924994.1864777,260375.50377845764
121239,1751924733.811165,1751924924.1738634,batch_consumer-sts-0_20250707_214859_053141.csv,True,False,False,1751924994.1864777,260375.3125667572
121249,1751924733.8113554,1751924924.198911,batch_consumer-sts-0_20250707_214859_053141.csv,True,False,False,1751924994.1864777,260375.12230873108
121259,1751924733.8115416,1751924924.224038,batch_consumer-sts-0_20250707_214859_053141.csv,True,False,False,1751924994.1864777,260374.9361038208
121269,1751924733.8117294,1751924924.2490146,batch_consumer-sts-0_20250707_214859_053141.csv,True,False,False,1751924994.1864777,260374.74822998047
121279,1751924733.811918,1751924924.274185,batch_consumer-sts-0_20250707_214859_053141.csv,True,False,False,1751924994.1864777,260374.5596408844
121289,1751924733.8121102,1751924924.2984326,batch_consumer-sts-0_20250707_214859_053141.csv,True,False,False,1751924994.1864777,260374.36747550964
121299,1751924733.812298,1751924924.3238811,batch_consumer-sts-0_20250707_214859_053141.csv,True,False,False,1751924994.1864777,260374.1796016693
121309,1751924733.8124871,1751924924.348764,batch_consumer-sts-0_20250707_214859_053141.csv,True,False,False,1751924994.1864777,260373.99053573608
121319,1751924733.8126829,1751924924.7323658,batch_consumer-sts-0_20250707_214859_053141.csv,True,False,False,1751924994.1864777,260373.79479408264
121329,1751924733.8128788,1751924924.7571447,batch_consumer-sts-0_20250707_214859_053141.csv,True,False,False,1751924994.1864777,260373.59881401062
121339,1751924733.8130698,1751924924.7817144,batch_consumer-sts-0_20250707_214859_053141.csv,True,False,False,1751924994.1864777,260373.40784072876
121349,1751924733.8132854,1751924924.8068824,batch_consumer-sts-0_20250707_214859_053141.csv,True,False,False,1751924994.1864777,260373.19231033325
121359,1751924733.8134823,1751924924.8311732,batch_consumer-sts-0_20250707_214859_053141.csv,True,False,False,1751924994.1864777,260372.9953765869
121369,1751924733.8136816,1751924925.8579571,batch_consumer-sts-0_20250707_214859_053141.csv,True,False,False,1751924994.1864777,260372.79605865479
121379,1751924733.8139513,1751924925.88289,batch_consumer-sts-0_20250707_214859_053141.csv,True,False,False,1751924994.1864777,260372.52640724182
121389,1751924733.81416,1751924925.9088197,batch_consumer-sts-0_20250707_214859_053141.csv,True,False,False,1751924994.1864777,260372.31755256653
121399,1751924733.8143706,1751924925.9338083,batch_consumer-sts-0_20250707_214859_053141.csv,True,False,False,1751924994.1864777,260372.10702896118
121409,1751924733.814583,1751924925.9584594,batch_consumer-sts-0_20250707_214859_053141.csv,True,False,False,1751924994.1864777,260371.8945980072
121419,1751924733.8147724,1751924925.983362,batch_consumer-sts-0_20250707_214859_053141.csv,True,False,False,1751924994.1864777,260371.7052936554
121429,1751924733.8149643,1751924926.0077689,batch_consumer-sts-0_20250707_214859_053141.csv,True,False,False,1751924994.1864777,260371.51336669922
121439,1751924733.8151703,1751924926.032586,batch_consumer-sts-0_20250707_214859_053141.csv,True,False,False,1751924994.1864777,260371.30737304688
122129,1751924734.3761475,1751924926.0572386,batch_consumer-sts-0_20250707_214859_053141.csv,True,False,False,1751924994.1864777,259810.3301525116
122139,1751924734.491068,1751924926.083377,batch_consumer-sts-0_20250707_214859_053141.csv,True,False,False,1751924994.1864777,259695.40977478027
122149,1751924734.4913318,1751924926.1066003,batch_consumer-sts-0_20250707_214859_053141.csv,True,False,False,1751924994.1864777,259695.1458454132
122159,1751924734.4916046,1751924926.1309724,batch_consumer-sts-0_20250707_214859_053141.csv,True,False,False,1751924994.1864777,259694.87309455872
122169,1751924734.491845,1751924926.1555667,batch_consumer-sts-0_20250707_214859_053141.csv,True,False,False,1751924994.1864777,259694.63276863098
122179,1751924734.4920535,1751924926.180426,batch_consumer-sts-0_20250707_214859_053141.csv,True,False,False,1751924994.1864777,259694.42415237427
122189,1751924734.4923024,1751924926.2051935,batch_consumer-sts-0_20250707_214859_053141.csv,True,False,False,1751924994.1864777,259694.1752433777
122199,1751924734.4925356,1751924926.229697,batch_consumer-sts-0_20250707_214859_053141.csv,True,False,False,1751924994.1864777,259693.94207000732
122209,1751924734.4927783,1751924926.25463,batch_consumer-sts-0_20250707_214859_053141.csv,True,False,False,1751924994.1864777,259693.6993598938
122219,1751924734.4930422,1751924926.279357,batch_consumer-sts-0_20250707_214859_053141.csv,True,False,False,1751924994.1864777,259693.43543052673
122229,1751924734.4932833,1751924926.3041432,batch_consumer-sts-0_20250707_214859_053141.csv,True,False,False,1751924994.1864777,259693.19438934326
122239,1751924734.4934895,1751924926.3289669,batch_consumer-sts-0_20250707_214859_053141.csv,True,False,False,1751924994.1864777,259692.98815727234
122249,1751924734.4936984,1751924926.3536904,batch_consumer-sts-0_20250707_214859_053141.csv,True,False,False,1751924994.1864777,259692.77930259705
122259,1751924734.4939086,1751924926.3786922,batch_consumer-sts-0_20250707_214859_053141.csv,True,False,False,1751924994.1864777,259692.56901741028
122269,1751924734.4941127,1751924926.4033406,batch_consumer-sts-0_20250707_214859_053141.csv,True,False,False,1751924994.1864777,259692.36493110657
122279,1751924734.4943843,1751924926.428621,batch_consumer-sts-0_20250707_214859_053141.csv,True,False,False,1751924994.1864777,259692.09337234497
122289,1751924734.4946284,1751924926.4538677,batch_consumer-sts-0_20250707_214859_053141.csv,True,False,False,1751924994.1864777,259691.84923171997
122299,1751924734.4948733,1751924926.4788952,batch_consumer-sts-0_20250707_214859_053141.csv,True,False,False,1751924994.1864777,259691.60437583923
122309,1751924734.4951146,1751924926.503712,batch_consumer-sts-0_20250707_214859_053141.csv,True,False,False,1751924994.1864777,259691.36309623718
122319,1751924734.4953744,1751924926.5296214,batch_consumer-sts-0_20250707_214859_053141.csv,True,False,False,1751924994.1864777,259691.10321998596
122329,1751924734.4956014,1751924926.5580063,batch_consumer-sts-0_20250707_214859_053141.csv,True,False,False,1751924994.1864777,259690.87624549866
122339,1751924734.495798,1751924926.5825708,batch_consumer-sts-0_20250707_214859_053141.csv,True,False,False,1751924994.1864777,259690.6795501709
122349,1751924734.495991,1751924926.606774,batch_consumer-sts-0_20250707_214859_053141.csv,True,False,False,1751924994.1864777,259690.4866695404
122359,1751924734.496183,1751924926.6314366,batch_consumer-sts-0_20250707_214859_053141.csv,True,False,False,1751924994.1864777,259690.29474258423
122369,1751924734.4963758,1751924926.6564298,batch_consumer-sts-0_20250707_214859_053141.csv,True,False,False,1751924994.1864777,259690.10186195374
122379,1751924734.4965675,1751924926.881873,batch_consumer-sts-0_20250707_214859_053141.csv,True,False,False,1751924994.1864777,259689.91017341614
122389,1751924734.496761,1751924926.9070148,batch_consumer-sts-0_20250707_214859_053141.csv,True,False,False,1751924994.1864777,259689.7165775299
122399,1751924734.496956,1751924926.931843,batch_consumer-sts-0_20250707_214859_053141.csv,True,False,False,1751924994.1864777,259689.5215511322
122409,1751924734.4971583,1751924926.9568558,batch_consumer-sts-0_20250707_214859_053141.csv,True,False,False,1751924994.1864777,259689.31937217712
135689,1751924738.6790416,1751924926.981529,batch_consumer-sts-0_20250707_214859_053141.csv,True,False,False,1751924994.1864777,255507.4360370636
135699,1751924738.6793804,1751924927.0060182,batch_consumer-sts-0_20250707_214859_053141.csv,True,False,False,1751924994.1864777,255507.0972442627
135709,1751924738.6797209,1751924927.0305643,batch_consumer-sts-0_20250707_214859_053141.csv,True,False,False,1751924994.1864777,255506.75678253174
135719,1751924738.6800735,1751924927.0549915,batch_consumer-sts-0_20250707_214859_053141.csv,True,False,False,1751924994.1864777,255506.40416145325
135729,1751924738.6804204,1751924927.079224,batch_consumer-sts-0_20250707_214859_053141.csv,True,False,False,1751924994.1864777,255506.05726242065
135739,1751924738.6807563,1751924927.103834,batch_consumer-sts-0_20250707_214859_053141.csv,True,False,False,1751924994.1864777,255505.7213306427
135749,1751924738.6810915,1751924927.128396,batch_consumer-sts-0_20250707_214859_053141.csv,True,False,False,1751924994.1864777,255505.38611412048
135759,1751924738.6814272,1751924927.1537411,batch_consumer-sts-0_20250707_214859_053141.csv,True,False,False,1751924994.1864777,255505.0504207611
135769,1751924738.681746,1751924927.1783376,batch_consumer-sts-0_20250707_214859_053141.csv,True,False,False,1751924994.1864777,255504.73165512085
135779,1751924738.6820629,1751924927.2017365,batch_consumer-sts-0_20250707_214859_053141.csv,True,False,False,1751924994.1864777,255504.41479682922
135789,1751924738.682415,1751924927.2265575,batch_consumer-sts-0_20250707_214859_053141.csv,True,False,False,1751924994.1864777,255504.0626525879
135799,1751924738.682757,1751924927.251548,batch_consumer-sts-0_20250707_214859_053141.csv,True,False,False,1751924994.1864777,255503.72076034546
135809,1751924738.683108,1751924927.2764018,batch_consumer-sts-0_20250707_214859_053141.csv,True,False,False,1751924994.1864777,255503.36956977844
135819,1751924738.683465,1751924927.301418,batch_consumer-sts-0_20250707_214859_053141.csv,True,False,False,1751924994.1864777,255503.01265716553
145749,1751924742.1203823,1751924927.326275,batch_consumer-sts-0_20250707_214859_053141.csv,True,False,False,1751924994.1864777,252066.09535217285
145759,1751924742.1207805,1751924927.351351,batch_consumer-sts-0_20250707_214859_053141.csv,True,False,False,1751924994.1864777,252065.69719314575
145769,1751924742.12118,1751924927.3760536,batch_consumer-sts-0_20250707_214859_053141.csv,True,False,False,1751924994.1864777,252065.29760360718
145779,1751924742.1215773,1751924927.4007645,batch_consumer-sts-0_20250707_214859_053141.csv,True,False,False,1751924994.1864777,252064.9003982544
145789,1751924742.1219697,1751924927.4261324,batch_consumer-sts-0_20250707_214859_053141.csv,True,False,False,1751924994.1864777,252064.5079612732
145799,1751924742.122396,1751924927.45112,batch_consumer-sts-0_20250707_214859_053141.csv,True,False,False,1751924994.1864777,252064.08166885376
145809,1751924742.1227748,1751924927.4754417,batch_consumer-sts-0_20250707_214859_053141.csv,True,False,False,1751924994.1864777,252063.70282173157
145819,1751924742.1231556,1751924927.5007083,batch_consumer-sts-0_20250707_214859_053141.csv,True,False,False,1751924994.1864777,252063.32206726074
145829,1751924742.1235385,1751924927.5284848,batch_consumer-sts-0_20250707_214859_053141.csv,True,False,False,1751924994.1864777,252062.9391670227
145839,1751924742.123924,1751924927.5530586,batch_consumer-sts-0_20250707_214859_053141.csv,True,False,False,1751924994.1864777,252062.5536441803
145849,1751924742.1242704,1751924927.5775568,batch_consumer-sts-0_20250707_214859_053141.csv,True,False,False,1751924994.1864777,252062.20722198486
145859,1751924742.1245158,1751924927.601894,batch_consumer-sts-0_20250707_214859_053141.csv,True,False,False,1751924994.1864777,252061.96188926697
145869,1751924742.1247702,1751924927.626193,batch_consumer-sts-0_20250707_214859_053141.csv,True,False,False,1751924994.1864777,252061.70749664307
145879,1751924742.1250205,1751924927.6504738,batch_consumer-sts-0_20250707_214859_053141.csv,True,False,False,1751924994.1864777,252061.457157135
145889,1751924742.1252923,1751924927.6752594,batch_consumer-sts-0_20250707_214859_053141.csv,True,False,False,1751924994.1864777,252061.18535995483
145899,1751924742.125549,1751924927.698923,batch_consumer-sts-0_20250707_214859_053141.csv,True,False,False,1751924994.1864777,252060.92858314514
145909,1751924742.1257982,1751924927.7235873,batch_consumer-sts-0_20250707_214859_053141.csv,True,False,False,1751924994.1864777,252060.67943572998
145919,1751924742.1260488,1751924927.7486937,batch_consumer-sts-0_20250707_214859_053141.csv,True,False,False,1751924994.1864777,252060.42885780334
145929,1751924742.1263251,1751924927.7741127,batch_consumer-sts-0_20250707_214859_053141.csv,True,False,False,1751924994.1864777,252060.15253067017
145939,1751924742.1265814,1751924927.7988875,batch_consumer-sts-0_20250707_214859_053141.csv,True,False,False,1751924994.1864777,252059.89623069763
145949,1751924742.126841,1751924927.823899,batch_consumer-sts-0_20250707_214859_053141.csv,True,False,False,1751924994.1864777,252059.636592865
145959,1751924742.1270974,1751924927.848848,batch_consumer-sts-0_20250707_214859_053141.csv,True,False,False,1751924994.1864777,252059.38029289246
145969,1751924742.1273544,1751924927.8737907,batch_consumer-sts-0_20250707_214859_053141.csv,True,False,False,1751924994.1864777,252059.12327766418
145979,1751924742.1276095,1751924927.898977,batch_consumer-sts-0_20250707_214859_053141.csv,True,False,False,1751924994.1864777,252058.86816978455
145989,1751924742.1278603,1751924927.9240685,batch_consumer-sts-0_20250707_214859_053141.csv,True,False,False,1751924994.1864777,252058.61735343933
145999,1751924742.1281064,1751924927.9489548,batch_consumer-sts-0_20250707_214859_053141.csv,True,False,False,1751924994.1864777,252058.3713054657
146009,1751924742.1283507,1751924927.9738832,batch_consumer-sts-0_20250707_214859_053141.csv,True,False,False,1751924994.1864777,252058.12692642212
146019,1751924742.1285996,1751924927.998931,batch_consumer-sts-0_20250707_214859_053141.csv,True,False,False,1751924994.1864777,252057.87801742554
146029,1751924742.1288486,1751924928.027453,batch_consumer-sts-0_20250707_214859_053141.csv,True,False,False,1751924994.1864777,252057.62910842896
146039,1751924742.1291034,1751924928.0526164,batch_consumer-sts-0_20250707_214859_053141.csv,True,False,False,1751924994.1864777,252057.3742389679
146049,1751924742.1293485,1751924928.077695,batch_consumer-sts-0_20250707_214859_053141.csv,True,False,False,1751924994.1864777,252057.12914466858
146059,1751924742.129593,1751924928.102667,batch_consumer-sts-0_20250707_214859_053141.csv,True,False,False,1751924994.1864777,252056.884765625
146069,1751924742.1298356,1751924928.127743,batch_consumer-sts-0_20250707_214859_053141.csv,True,False,False,1751924994.1864777,252056.64205551147
146079,1751924742.1300857,1751924928.1526492,batch_consumer-sts-0_20250707_214859_053141.csv,True,False,False,1751924994.1864777,252056.391954422
146089,1751924742.1303504,1751924928.1777377,batch_consumer-sts-0_20250707_214859_053141.csv,True,False,False,1751924994.1864777,252056.1273097992
146099,1751924742.130602,1751924928.202751,batch_consumer-sts-0_20250707_214859_053141.csv,True,False,False,1751924994.1864777,252055.87577819824
146109,1751924742.1308455,1751924928.2275283,batch_consumer-sts-0_20250707_214859_053141.csv,True,False,False,1751924994.1864777,252055.6321144104
146119,1751924742.131097,1751924928.2526174,batch_consumer-sts-0_20250707_214859_053141.csv,True,False,False,1751924994.1864777,252055.38058280945
146129,1751924742.1313517,1751924928.277573,batch_consumer-sts-0_20250707_214859_053141.csv,True,False,False,1751924994.1864777,252055.12595176697
146139,1751924742.131605,1751924928.3028595,batch_consumer-sts-0_20250707_214859_053141.csv,True,False,False,1751924994.1864777,252054.87275123596
146149,1751924742.131848,1751924928.3286045,batch_consumer-sts-0_20250707_214859_053141.csv,True,False,False,1751924994.1864777,252054.62956428528
146159,1751924742.1320975,1751924928.3553574,batch_consumer-sts-0_20250707_214859_053141.csv,True,False,False,1751924994.1864777,252054.38017845154
146169,1751924742.132344,1751924928.3824823,batch_consumer-sts-0_20250707_214859_053141.csv,True,False,False,1751924994.1864777,252054.13365364075
146179,1751924742.1325853,1751924928.4073894,batch_consumer-sts-0_20250707_214859_053141.csv,True,False,False,1751924994.1864777,252053.8923740387
146189,1751924742.132834,1751924928.4311204,batch_consumer-sts-0_20250707_214859_053141.csv,True,False,False,1751924994.1864777,252053.6437034607
146199,1751924742.1330786,1751924928.45591,batch_consumer-sts-0_20250707_214859_053141.csv,True,False,False,1751924994.1864777,252053.39908599854
146209,1751924742.1333256,1751924928.4805958,batch_consumer-sts-0_20250707_214859_053141.csv,True,False,False,1751924994.1864777,252053.1520843506
146219,1751924742.133575,1751924928.5055802,batch_consumer-sts-0_20250707_214859_053141.csv,True,False,False,1751924994.1864777,252052.90269851685
146229,1751924742.1338136,1751924928.5301938,batch_consumer-sts-0_20250707_214859_053141.csv,True,False,False,1751924994.1864777,252052.66404151917
146239,1751924742.1340582,1751924928.5546806,batch_consumer-sts-0_20250707_214859_053141.csv,True,False,False,1751924994.1864777,252052.419424057
146249,1751924742.1343143,1751924928.5789263,batch_consumer-sts-0_20250707_214859_053141.csv,True,False,False,1751924994.1864777,252052.16336250305
146259,1751924742.134561,1751924928.6034143,batch_consumer-sts-0_20250707_214859_053141.csv,True,False,False,1751924994.1864777,252051.91659927368
146269,1751924742.1348226,1751924928.627771,batch_consumer-sts-0_20250707_214859_053141.csv,True,False,False,1751924994.1864777,252051.6550540924
146279,1751924742.135074,1751924928.652024,batch_consumer-sts-0_20250707_214859_053141.csv,True,False,False,1751924994.1864777,252051.40376091003
147699,1751924743.0545468,1751924928.676782,batch_consumer-sts-0_20250707_214859_053141.csv,True,False,False,1751924994.1864777,251131.93082809448
147709,1751924743.0548017,1751924928.701287,batch_consumer-sts-0_20250707_214859_053141.csv,True,False,False,1751924994.1864777,251131.67595863342
147719,1751924743.0550394,1751924928.7258606,batch_consumer-sts-0_20250707_214859_053141.csv,True,False,False,1751924994.1864777,251131.43825531006
147729,1751924743.0552697,1751924928.7508235,batch_consumer-sts-0_20250707_214859_053141.csv,True,False,False,1751924994.1864777,251131.20794296265
147739,1751924743.0555024,1751924928.7752726,batch_consumer-sts-0_20250707_214859_053141.csv,True,False,False,1751924994.1864777,251130.97524642944
147749,1751924743.0557327,1751924928.8003151,batch_consumer-sts-0_20250707_214859_053141.csv,True,False,False,1751924994.1864777,251130.74493408203
147759,1751924743.0559652,1751924928.826818,batch_consumer-sts-0_20250707_214859_053141.csv,True,False,False,1751924994.1864777,251130.5124759674
147769,1751924743.056192,1751924928.8524408,batch_consumer-sts-0_20250707_214859_053141.csv,True,False,False,1751924994.1864777,251130.28573989868
147779,1751924743.056427,1751924928.8803084,batch_consumer-sts-0_20250707_214859_053141.csv,True,False,False,1751924994.1864777,251130.0506591797
147789,1751924743.0566628,1751924928.9061222,batch_consumer-sts-0_20250707_214859_053141.csv,True,False,False,1751924994.1864777,251129.81486320496
147799,1751924743.0568922,1751924928.9357915,batch_consumer-sts-0_20250707_214859_053141.csv,True,False,False,1751924994.1864777,251129.58550453186
147809,1751924743.0571232,1751924928.9608862,batch_consumer-sts-0_20250707_214859_053141.csv,True,False,False,1751924994.1864777,251129.3544769287
147819,1751924743.0573535,1751924929.03573,batch_consumer-sts-0_20250707_214859_053141.csv,True,False,False,1751924994.1864777,251129.1241645813
147829,1751924743.0575824,1751924929.0606525,batch_consumer-sts-0_20250707_214859_053141.csv,True,False,False,1751924994.1864777,251128.89528274536
147839,1751924743.0578165,1751924929.0854938,batch_consumer-sts-0_20250707_214859_053141.csv,True,False,False,1751924994.1864777,251128.66115570068
147849,1751924743.0580535,1751924929.110072,batch_consumer-sts-0_20250707_214859_053141.csv,True,False,False,1751924994.1864777,251128.42416763306
147859,1751924743.0582938,1751924929.1350996,batch_consumer-sts-0_20250707_214859_053141.csv,True,False,False,1751924994.1864777,251128.18384170532
147869,1751924743.0585282,1751924929.1592453,batch_consumer-sts-0_20250707_214859_053141.csv,True,False,False,1751924994.1864777,251127.94947624207
147879,1751924743.058761,1751924929.1846125,batch_consumer-sts-0_20250707_214859_053141.csv,True,False,False,1751924994.1864777,251127.71677970886
147889,1751924743.0590029,1751924929.208852,batch_consumer-sts-0_20250707_214859_053141.csv,True,False,False,1751924994.1864777,251127.47478485107
147899,1751924743.0592415,1751924929.2335386,batch_consumer-sts-0_20250707_214859_053141.csv,True,False,False,1751924994.1864777,251127.2361278534
147909,1751924743.0594845,1751924929.2585108,batch_consumer-sts-0_20250707_214859_053141.csv,True,False,False,1751924994.1864777,251126.9931793213
147919,1751924743.059722,1751924929.2834723,batch_consumer-sts-0_20250707_214859_053141.csv,True,False,False,1751924994.1864777,251126.7557144165
147929,1751924743.0599604,1751924929.3079228,batch_consumer-sts-0_20250707_214859_053141.csv,True,False,False,1751924994.1864777,251126.5172958374
147939,1751924743.0601945,1751924929.332214,batch_consumer-sts-0_20250707_214859_053141.csv,True,False,False,1751924994.1864777,251126.28316879272
147949,1751924743.0605092,1751924929.360071,batch_consumer-sts-0_20250707_214859_053141.csv,True,False,False,1751924994.1864777,251125.9684562683
147959,1751924743.0609553,1751924929.387949,batch_consumer-sts-0_20250707_214859_053141.csv,True,False,False,1751924994.1864777,251125.5223751068
147969,1751924743.0613704,1751924929.411765,batch_consumer-sts-0_20250707_214859_053141.csv,True,False,False,1751924994.1864777,251125.1072883606
147979,1751924743.0617745,1751924929.436232,batch_consumer-sts-0_20250707_214859_053141.csv,True,False,False,1751924994.1864777,251124.70316886902
147989,1751924743.0621665,1751924929.4607005,batch_consumer-sts-0_20250707_214859_053141.csv,True,False,False,1751924994.1864777,251124.31120872498
147999,1751924743.062437,1751924929.9540408,batch_consumer-sts-0_20250707_214859_053141.csv,True,False,False,1751924994.1864777,251124.0406036377
148009,1751924743.062692,1751924929.979034,batch_consumer-sts-0_20250707_214859_053141.csv,True,False,False,1751924994.1864777,251123.78573417664
148019,1751924743.0629268,1751924930.0028615,batch_consumer-sts-0_20250707_214859_053141.csv,True,False,False,1751924994.1864777,251123.55089187622
148029,1751924743.0631735,1751924930.027591,batch_consumer-sts-0_20250707_214859_053141.csv,True,False,False,1751924994.1864777,251123.30412864685
148039,1751924743.0634792,1751924930.0522015,batch_consumer-sts-0_20250707_214859_053141.csv,True,False,False,1751924994.1864777,251122.99847602844
148049,1751924743.0639088,1751924931.079166,batch_consumer-sts-0_20250707_214859_053141.csv,True,False,False,1751924994.1864777,251122.5688457489
148059,1751924743.0642972,1751924931.1024706,batch_consumer-sts-0_20250707_214859_053141.csv,True,False,False,1751924994.1864777,251122.18046188354
148069,1751924743.064669,1751924931.1267,batch_consumer-sts-0_20250707_214859_053141.csv,True,False,False,1751924994.1864777,251121.80876731873
148079,1751924743.064961,1751924931.1511474,batch_consumer-sts-0_20250707_214859_053141.csv,True,False,False,1751924994.1864777,251121.51670455933
148089,1751924743.0652063,1751924931.175497,batch_consumer-sts-0_20250707_214859_053141.csv,True,False,False,1751924994.1864777,251121.27137184143
148099,1751924743.0654447,1751924931.200327,batch_consumer-sts-0_20250707_214859_053141.csv,True,False,False,1751924994.1864777,251121.03295326233
148109,1751924743.065683,1751924931.2249806,batch_consumer-sts-0_20250707_214859_053141.csv,True,False,False,1751924994.1864777,251120.7947731018
148119,1751924743.0659194,1751924931.2497597,batch_consumer-sts-0_20250707_214859_053141.csv,True,False,False,1751924994.1864777,251120.55826187134
148129,1751924743.066169,1751924931.2748144,batch_consumer-sts-0_20250707_214859_053141.csv,True,False,False,1751924994.1864777,251120.30863761902
148139,1751924743.066404,1751924931.3004856,batch_consumer-sts-0_20250707_214859_053141.csv,True,False,False,1751924994.1864777,251120.07355690002
148149,1751924743.0666375,1751924931.3252606,batch_consumer-sts-0_20250707_214859_053141.csv,True,False,False,1751924994.1864777,251119.84014511108
148159,1751924743.0668595,1751924931.3512871,batch_consumer-sts-0_20250707_214859_053141.csv,True,False,False,1751924994.1864777,251119.61817741394
148169,1751924743.0670907,1751924931.3762944,batch_consumer-sts-0_20250707_214859_053141.csv,True,False,False,1751924994.1864777,251119.3869113922
148179,1751924743.0673232,1751924931.4013636,batch_consumer-sts-0_20250707_214859_053141.csv,True,False,False,1751924994.1864777,251119.1544532776
148189,1751924743.0675564,1751924931.4254093,batch_consumer-sts-0_20250707_214859_053141.csv,True,False,False,1751924994.1864777,251118.92127990723
148199,1751924743.0677874,1751924931.4504244,batch_consumer-sts-0_20250707_214859_053141.csv,True,False,False,1751924994.1864777,251118.69025230408
148209,1751924743.0680156,1751924931.4759452,batch_consumer-sts-0_20250707_214859_053141.csv,True,False,False,1751924994.1864777,251118.46208572388
148219,1751924743.0682447,1751924931.5020494,batch_consumer-sts-0_20250707_214859_053141.csv,True,False,False,1751924994.1864777,251118.23296546936
148229,1751924743.0684805,1751924931.529441,batch_consumer-sts-0_20250707_214859_053141.csv,True,False,False,1751924994.1864777,251117.99716949463
148239,1751924743.0687134,1751924931.5542583,batch_consumer-sts-0_20250707_214859_053141.csv,True,False,False,1751924994.1864777,251117.76423454285
148249,1751924743.0689511,1751924931.5798323,batch_consumer-sts-0_20250707_214859_053141.csv,True,False,False,1751924994.1864777,251117.52653121948
148259,1751924743.0691838,1751924931.6050978,batch_consumer-sts-0_20250707_214859_053141.csv,True,False,False,1751924994.1864777,251117.29383468628
148269,1751924743.0694184,1751924931.6299217,batch_consumer-sts-0_20250707_214859_053141.csv,True,False,False,1751924994.1864777,251117.05923080444
148279,1751924743.069653,1751924931.655013,batch_consumer-sts-0_20250707_214859_053141.csv,True,False,False,1751924994.1864777,251116.8246269226
148289,1751924743.0699685,1751924931.679941,batch_consumer-sts-0_20250707_214859_053141.csv,True,False,False,1751924994.1864777,251116.50919914246
148299,1751924743.0702858,1751924931.7048194,batch_consumer-sts-0_20250707_214859_053141.csv,True,False,False,1751924994.1864777,251116.19186401367
148309,1751924743.070639,1751924931.7295356,batch_consumer-sts-0_20250707_214859_053141.csv,True,False,False,1751924994.1864777,251115.83876609802
148319,1751924743.070995,1751924931.754847,batch_consumer-sts-0_20250707_214859_053141.csv,True,False,False,1751924994.1864777,251115.48256874084
148329,1751924743.071314,1751924931.7798023,batch_consumer-sts-0_20250707_214859_053141.csv,True,False,False,1751924994.1864777,251115.163564682
148339,1751924743.0716815,1751924931.883968,batch_consumer-sts-0_20250707_214859_053141.csv,True,False,False,1751924994.1864777,251114.7961616516
148349,1751924743.0720215,1751924931.9082603,batch_consumer-sts-0_20250707_214859_053141.csv,True,False,False,1751924994.1864777,251114.4561767578
148359,1751924743.0723758,1751924931.932673,batch_consumer-sts-0_20250707_214859_053141.csv,True,False,False,1751924994.1864777,251114.10188674927
148369,1751924743.0726955,1751924931.9589076,batch_consumer-sts-0_20250707_214859_053141.csv,True,False,False,1751924994.1864777,251113.7821674347
148379,1751924743.073022,1751924931.983868,batch_consumer-sts-0_20250707_214859_053141.csv,True,False,False,1751924994.1864777,251113.4557723999
148389,1751924743.0733602,1751924932.0082276,batch_consumer-sts-0_20250707_214859_053141.csv,True,False,False,1751924994.1864777,251113.11745643616
148399,1751924743.0739162,1751924932.033209,batch_consumer-sts-0_20250707_214859_053141.csv,True,False,False,1751924994.1864777,251112.5614643097
148409,1751924743.074239,1751924932.057829,batch_consumer-sts-0_20250707_214859_053141.csv,True,False,False,1751924994.1864777,251112.2386455536
148419,1751924743.0745647,1751924932.0826235,batch_consumer-sts-0_20250707_214859_053141.csv,True,False,False,1751924994.1864777,251111.91296577454
148429,1751924743.0748136,1751924932.107623,batch_consumer-sts-0_20250707_214859_053141.csv,True,False,False,1751924994.1864777,251111.66405677795
148439,1751924743.0750563,1751924932.1325765,batch_consumer-sts-0_20250707_214859_053141.csv,True,False,False,1751924994.1864777,251111.42134666443
148449,1751924743.075308,1751924932.1664371,batch_consumer-sts-0_20250707_214859_053141.csv,True,False,False,1751924994.1864777,251111.1695766449
148459,1751924743.0755558,1751924932.1911314,batch_consumer-sts-0_20250707_214859_053141.csv,True,False,False,1751924994.1864777,251110.9218597412
148469,1751924743.0758145,1751924932.2152052,batch_consumer-sts-0_20250707_214859_053141.csv,True,False,False,1751924994.1864777,251110.6631755829
148479,1751924743.076017,1751924932.2397685,batch_consumer-sts-0_20250707_214859_053141.csv,True,False,False,1751924994.1864777,251110.46075820923
148489,1751924743.076228,1751924932.265437,batch_consumer-sts-0_20250707_214859_053141.csv,True,False,False,1751924994.1864777,251110.24975776672
148499,1751924743.07645,1751924932.2984998,batch_consumer-sts-0_20250707_214859_053141.csv,True,False,False,1751924994.1864777,251110.027551651
148509,1751924743.0766387,1751924932.323296,batch_consumer-sts-0_20250707_214859_053141.csv,True,False,False,1751924994.1864777,251109.83896255493
148519,1751924743.076851,1751924932.348949,batch_consumer-sts-0_20250707_214859_053141.csv,True,False,False,1751924994.1864777,251109.62677001953
148529,1751924743.077047,1751924932.3743165,batch_consumer-sts-0_20250707_214859_053141.csv,True,False,False,1751924994.1864777,251109.43055152893
148539,1751924743.077246,1751924932.400042,batch_consumer-sts-0_20250707_214859_053141.csv,True,False,False,1751924994.1864777,251109.23171043396
148549,1751924743.077437,1751924932.4248233,batch_consumer-sts-0_20250707_214859_053141.csv,True,False,False,1751924994.1864777,251109.0407371521
148559,1751924743.0776627,1751924932.4495642,batch_consumer-sts-0_20250707_214859_053141.csv,True,False,False,1751924994.1864777,251108.8149547577
148569,1751924743.0779092,1751924932.474549,batch_consumer-sts-0_20250707_214859_053141.csv,True,False,False,1751924994.1864777,251108.5684299469
148579,1751924743.0781436,1751924932.5002024,batch_consumer-sts-0_20250707_214859_053141.csv,True,False,False,1751924994.1864777,251108.33406448364
148589,1751924743.078405,1751924932.5262856,batch_consumer-sts-0_20250707_214859_053141.csv,True,False,False,1751924994.1864777,251108.07275772095
148599,1751924743.078638,1751924932.5518324,batch_consumer-sts-0_20250707_214859_053141.csv,True,False,False,1751924994.1864777,251107.8395843506
148609,1751924743.078874,1751924932.5770335,batch_consumer-sts-0_20250707_214859_053141.csv,True,False,False,1751924994.1864777,251107.60354995728
148619,1751924743.0791066,1751924932.602065,batch_consumer-sts-0_20250707_214859_053141.csv,True,False,False,1751924994.1864777,251107.37109184265
148629,1751924743.079343,1751924932.6268196,batch_consumer-sts-0_20250707_214859_053141.csv,True,False,False,1751924994.1864777,251107.13458061218
148639,1751924743.0795732,1751924932.6518457,batch_consumer-sts-0_20250707_214859_053141.csv,True,False,False,1751924994.1864777,251106.90450668335
148649,1751924743.2043712,1751924932.6768656,batch_consumer-sts-0_20250707_214859_053141.csv,True,False,False,1751924994.1864777,250982.10644721985
148659,1751924743.2046216,1751924932.702097,batch_consumer-sts-0_20250707_214859_053141.csv,True,False,False,1751924994.1864777,250981.8561077118
148669,1751924743.2048645,1751924932.7265306,batch_consumer-sts-0_20250707_214859_053141.csv,True,False,False,1751924994.1864777,250981.6131591797
148679,1751924743.205102,1751924932.750949,batch_consumer-sts-0_20250707_214859_053141.csv,True,False,False,1751924994.1864777,250981.3756942749
148689,1751924743.2053442,1751924932.780006,batch_consumer-sts-0_20250707_214859_053141.csv,True,False,False,1751924994.1864777,250981.13346099854
148699,1751924743.2055802,1751924932.8047888,batch_consumer-sts-0_20250707_214859_053141.csv,True,False,False,1751924994.1864777,250980.89742660522
148709,1751924743.2058184,1751924932.8292572,batch_consumer-sts-0_20250707_214859_053141.csv,True,False,False,1751924994.1864777,250980.6592464447
148719,1751924743.206056,1751924932.8542712,batch_consumer-sts-0_20250707_214859_053141.csv,True,False,False,1751924994.1864777,250980.42154312134
148729,1751924743.2063074,1751924932.8790977,batch_consumer-sts-0_20250707_214859_053141.csv,True,False,False,1751924994.1864777,250980.17024993896
148739,1751924743.2065508,1751924932.9039698,batch_consumer-sts-0_20250707_214859_053141.csv,True,False,False,1751924994.1864777,250979.9268245697
148749,1751924743.206794,1751924932.9284775,batch_consumer-sts-0_20250707_214859_053141.csv,True,False,False,1751924994.1864777,250979.68363761902
148759,1751924743.2070303,1751924932.9528766,batch_consumer-sts-0_20250707_214859_053141.csv,True,False,False,1751924994.1864777,250979.44736480713
148769,1751924743.2072675,1751924932.9774778,batch_consumer-sts-0_20250707_214859_053141.csv,True,False,False,1751924994.1864777,250979.21013832092
148779,1751924743.2074857,1751924933.001997,batch_consumer-sts-0_20250707_214859_053141.csv,True,False,False,1751924994.1864777,250978.99198532104
148789,1751924743.207671,1751924933.027686,batch_consumer-sts-0_20250707_214859_053141.csv,True,False,False,1751924994.1864777,250978.80673408508
148799,1751924743.2078578,1751924933.0523338,batch_consumer-sts-0_20250707_214859_053141.csv,True,False,False,1751924994.1864777,250978.61981391907
148809,1751924743.2080424,1751924933.077427,batch_consumer-sts-0_20250707_214859_053141.csv,True,False,False,1751924994.1864777,250978.43527793884
148819,1751924743.2082732,1751924933.102325,batch_consumer-sts-0_20250707_214859_053141.csv,True,False,False,1751924994.1864777,250978.20448875427
148829,1751924743.208513,1751924933.1268775,batch_consumer-sts-0_20250707_214859_053141.csv,True,False,False,1751924994.1864777,250977.9646396637
148839,1751924743.2088711,1751924933.15109,batch_consumer-sts-0_20250707_214859_053141.csv,True,False,False,1751924994.1864777,250977.6065349579
148849,1751924743.2092867,1751924933.1757717,batch_consumer-sts-0_20250707_214859_053141.csv,True,False,False,1751924994.1864777,250977.1909713745
148859,1751924743.2097018,1751924933.2004447,batch_consumer-sts-0_20250707_214859_053141.csv,True,False,False,1751924994.1864777,250976.7758846283
148869,1751924743.210125,1751924933.2243378,batch_consumer-sts-0_20250707_214859_053141.csv,True,False,False,1751924994.1864777,250976.3526916504
148879,1751924743.210568,1751924933.249025,batch_consumer-sts-0_20250707_214859_053141.csv,True,False,False,1751924994.1864777,250975.90970993042
148889,1751924743.210982,1751924933.2738614,batch_consumer-sts-0_20250707_214859_053141.csv,True,False,False,1751924994.1864777,250975.49557685852
148899,1751924743.211405,1751924933.2982314,batch_consumer-sts-0_20250707_214859_053141.csv,True,False,False,1751924994.1864777,250975.0726222992
148909,1751924743.211813,1751924933.322811,batch_consumer-sts-0_20250707_214859_053141.csv,True,False,False,1751924994.1864777,250974.66468811035
148919,1751924743.2122157,1751924933.347798,batch_consumer-sts-0_20250707_214859_053141.csv,True,False,False,1751924994.1864777,250974.26199913025
148929,1751924743.212628,1751924933.3724766,batch_consumer-sts-0_20250707_214859_053141.csv,True,False,False,1751924994.1864777,250973.84977340698
148939,1751924743.21305,1751924933.396866,batch_consumer-sts-0_20250707_214859_053141.csv,True,False,False,1751924994.1864777,250973.42777252197
148949,1751924743.2134778,1751924933.4208226,batch_consumer-sts-0_20250707_214859_053141.csv,True,False,False,1751924994.1864777,250972.99981117249
148959,1751924743.2139044,1751924933.4464426,batch_consumer-sts-0_20250707_214859_053141.csv,True,False,False,1751924994.1864777,250972.57328033447
148969,1751924743.2143395,1751924933.4724567,batch_consumer-sts-0_20250707_214859_053141.csv,True,False,False,1751924994.1864777,250972.1381664276
148979,1751924743.214765,1751924933.4977863,batch_consumer-sts-0_20250707_214859_053141.csv,True,False,False,1751924994.1864777,250971.71258926392
148989,1751924743.215166,1751924933.524435,batch_consumer-sts-0_20250707_214859_053141.csv,True,False,False,1751924994.1864777,250971.31156921387
148999,1751924743.2155845,1751924933.5491705,batch_consumer-sts-0_20250707_214859_053141.csv,True,False,False,1751924994.1864777,250970.89314460754
149009,1751924743.2160025,1751924933.5741217,batch_consumer-sts-0_20250707_214859_053141.csv,True,False,False,1751924994.1864777,250970.47519683838
149019,1751924743.216415,1751924933.602109,batch_consumer-sts-0_20250707_214859_053141.csv,True,False,False,1751924994.1864777,250970.06273269653
149029,1751924743.216832,1751924933.626672,batch_consumer-sts-0_20250707_214859_053141.csv,True,False,False,1751924994.1864777,250969.64573860168
149039,1751924743.21725,1751924933.651212,batch_consumer-sts-0_20250707_214859_053141.csv,True,False,False,1751924994.1864777,250969.22755241394
149049,1751924743.2176616,1751924933.6757493,batch_consumer-sts-0_20250707_214859_053141.csv,True,False,False,1751924994.1864777,250968.8160419464
149059,1751924743.2180705,1751924933.7000568,batch_consumer-sts-0_20250707_214859_053141.csv,True,False,False,1751924994.1864777,250968.40715408325
149069,1751924743.2184837,1751924933.7272851,batch_consumer-sts-0_20250707_214859_053141.csv,True,False,False,1751924994.1864777,250967.99397468567
149079,1751924743.2189126,1751924933.7519543,batch_consumer-sts-0_20250707_214859_053141.csv,True,False,False,1751924994.1864777,250967.56505966187
149089,1751924743.219317,1751924933.7765944,batch_consumer-sts-0_20250707_214859_053141.csv,True,False,False,1751924994.1864777,250967.1607017517
149099,1751924743.2196686,1751924933.800957,batch_consumer-sts-0_20250707_214859_053141.csv,True,False,False,1751924994.1864777,250966.80903434753
149109,1751924743.2200005,1751924933.8247864,batch_consumer-sts-0_20250707_214859_053141.csv,True,False,False,1751924994.1864777,250966.47715568542
149119,1751924743.2203276,1751924933.8496797,batch_consumer-sts-0_20250707_214859_053141.csv,True,False,False,1751924994.1864777,250966.1500453949
149129,1751924743.220642,1751924933.874555,batch_consumer-sts-0_20250707_214859_053141.csv,True,False,False,1751924994.1864777,250965.83557128906
149139,1751924743.2209594,1751924933.8992813,batch_consumer-sts-0_20250707_214859_053141.csv,True,False,False,1751924994.1864777,250965.51823616028
149149,1751924743.221371,1751924933.9243734,batch_consumer-sts-0_20250707_214859_053141.csv,True,False,False,1751924994.1864777,250965.10672569275
149159,1751924743.2217803,1751924933.9492972,batch_consumer-sts-0_20250707_214859_053141.csv,True,False,False,1751924994.1864777,250964.69736099243
149169,1751924743.222191,1751924933.9748662,batch_consumer-sts-0_20250707_214859_053141.csv,True,False,False,1751924994.1864777,250964.28656578064
149179,1751924743.2226102,1751924933.999814,batch_consumer-sts-0_20250707_214859_053141.csv,True,False,False,1751924994.1864777,250963.86742591858
149189,1751924743.2230213,1751924934.024515,batch_consumer-sts-0_20250707_214859_053141.csv,True,False,False,1751924994.1864777,250963.4563922882
149199,1751924743.2234387,1751924934.0494926,batch_consumer-sts-0_20250707_214859_053141.csv,True,False,False,1751924994.1864777,250963.0389213562
149209,1751924743.2238414,1751924934.074711,batch_consumer-sts-0_20250707_214859_053141.csv,True,False,False,1751924994.1864777,250962.6362323761
149219,1751924743.2242584,1751924934.3973866,batch_consumer-sts-0_20250707_214859_053141.csv,True,False,False,1751924994.1864777,250962.21923828125
149229,1751924743.2246766,1751924934.4227448,batch_consumer-sts-0_20250707_214859_053141.csv,True,False,False,1751924994.1864777,250961.8010520935
149239,1751924743.2250972,1751924934.447845,batch_consumer-sts-0_20250707_214859_053141.csv,True,False,False,1751924994.1864777,250961.38048171997
149249,1751924743.2255197,1751924934.4732714,batch_consumer-sts-0_20250707_214859_053141.csv,True,False,False,1751924994.1864777,250960.9580039978
149259,1751924743.22594,1751924934.497471,batch_consumer-sts-0_20250707_214859_053141.csv,True,False,False,1751924994.1864777,250960.53767204285
149269,1751924743.226373,1751924934.523906,batch_consumer-sts-0_20250707_214859_053141.csv,True,False,False,1751924994.1864777,250960.1047039032
149279,1751924743.226791,1751924934.548844,batch_consumer-sts-0_20250707_214859_053141.csv,True,False,False,1751924994.1864777,250959.68675613403
149289,1751924743.227212,1751924934.573466,batch_consumer-sts-0_20250707_214859_053141.csv,True,False,False,1751924994.1864777,250959.26570892334
149299,1751924743.227629,1751924934.5980847,batch_consumer-sts-0_20250707_214859_053141.csv,True,False,False,1751924994.1864777,250958.8487148285
149309,1751924743.2280524,1751924935.0614264,batch_consumer-sts-0_20250707_214859_053141.csv,True,False,False,1751924994.1864777,250958.425283432
149319,1751924743.2284794,1751924935.086293,batch_consumer-sts-0_20250707_214859_053141.csv,True,False,False,1751924994.1864777,250957.99827575684
149329,1751924743.2288926,1751924935.1104505,batch_consumer-sts-0_20250707_214859_053141.csv,True,False,False,1751924994.1864777,250957.58509635925
149339,1751924743.229324,1751924935.1352818,batch_consumer-sts-0_20250707_214859_053141.csv,True,False,False,1751924994.1864777,250957.15355873108
149349,1751924743.2298608,1751924935.1599324,batch_consumer-sts-0_20250707_214859_053141.csv,True,False,False,1751924994.1864777,250956.61687850952
149359,1751924743.2302835,1751924935.1848028,batch_consumer-sts-0_20250707_214859_053141.csv,True,False,False,1751924994.1864777,250956.19416236877
149369,1751924743.230694,1751924935.2092004,batch_consumer-sts-0_20250707_214859_053141.csv,True,False,False,1751924994.1864777,250955.78360557556
149379,1751924743.2311106,1751924935.2343245,batch_consumer-sts-0_20250707_214859_053141.csv,True,False,False,1751924994.1864777,250955.36708831787
149389,1751924743.2314975,1751924935.2594123,batch_consumer-sts-0_20250707_214859_053141.csv,True,False,False,1751924994.1864777,250954.980134964
149399,1751924743.231827,1751924935.2844803,batch_consumer-sts-0_20250707_214859_053141.csv,True,False,False,1751924994.1864777,250954.65064048767
149409,1751924743.232183,1751924935.3088036,batch_consumer-sts-0_20250707_214859_053141.csv,True,False,False,1751924994.1864777,250954.29468154907
149419,1751924743.23262,1751924935.3336773,batch_consumer-sts-0_20250707_214859_053141.csv,True,False,False,1751924994.1864777,250953.85766029358
149429,1751924743.2330332,1751924935.3585062,batch_consumer-sts-0_20250707_214859_053141.csv,True,False,False,1751924994.1864777,250953.444480896
149439,1751924743.2334578,1751924935.3835158,batch_consumer-sts-0_20250707_214859_053141.csv,True,False,False,1751924994.1864777,250953.01985740662
149449,1751924743.233872,1751924936.4105284,batch_consumer-sts-0_20250707_214859_053141.csv,True,False,False,1751924994.1864777,250952.60572433472
149459,1751924743.2343009,1751924936.43814,batch_consumer-sts-0_20250707_214859_053141.csv,True,False,False,1751924994.1864777,250952.1768093109
149469,1751924743.2347238,1751924936.463365,batch_consumer-sts-0_20250707_214859_053141.csv,True,False,False,1751924994.1864777,250951.7538547516
149479,1751924743.2352693,1751924936.48792,batch_consumer-sts-0_20250707_214859_053141.csv,True,False,False,1751924994.1864777,250951.2083530426
149489,1751924743.235702,1751924936.5123718,batch_consumer-sts-0_20250707_214859_053141.csv,True,False,False,1751924994.1864777,250950.77562332153
149499,1751924743.2363684,1751924936.5371895,batch_consumer-sts-0_20250707_214859_053141.csv,True,False,False,1751924994.1864777,250950.10924339294
149509,1751924743.238467,1751924936.56204,batch_consumer-sts-0_20250707_214859_053141.csv,True,False,False,1751924994.1864777,250948.0106830597
149519,1751924743.2388928,1751924936.5874188,batch_consumer-sts-0_20250707_214859_053141.csv,True,False,False,1751924994.1864777,250947.58486747742
149529,1751924743.239312,1751924936.6120648,batch_consumer-sts-0_20250707_214859_053141.csv,True,False,False,1751924994.1864777,250947.16572761536
149539,1751924743.2397225,1751924936.636818,batch_consumer-sts-0_20250707_214859_053141.csv,True,False,False,1751924994.1864777,250946.75517082214
149549,1751924743.240134,1751924936.6618366,batch_consumer-sts-0_20250707_214859_053141.csv,True,False,False,1751924994.1864777,250946.3436603546
149559,1751924743.240556,1751924936.6883752,batch_consumer-sts-0_20250707_214859_053141.csv,True,False,False,1751924994.1864777,250945.9216594696
149569,1751924743.240965,1751924936.7129042,batch_consumer-sts-0_20250707_214859_053141.csv,True,False,False,1751924994.1864777,250945.51277160645
149579,1751924743.2413754,1751924936.738133,batch_consumer-sts-0_20250707_214859_053141.csv,True,False,False,1751924994.1864777,250945.10221481323
149589,1751924743.241793,1751924936.7641754,batch_consumer-sts-0_20250707_214859_053141.csv,True,False,False,1751924994.1864777,250944.68474388123
149599,1751924743.2422128,1751924936.7898664,batch_consumer-sts-0_20250707_214859_053141.csv,True,False,False,1751924994.1864777,250944.26488876343
149609,1751924743.2426317,1751924936.8143728,batch_consumer-sts-0_20250707_214859_053141.csv,True,False,False,1751924994.1864777,250943.84598731995
149619,1751924743.2430582,1751924936.8391376,batch_consumer-sts-0_20250707_214859_053141.csv,True,False,False,1751924994.1864777,250943.41945648193
149629,1751924743.2434883,1751924936.863952,batch_consumer-sts-0_20250707_214859_053141.csv,True,False,False,1751924994.1864777,250942.98934936523
149639,1751924743.2438548,1751924936.8887072,batch_consumer-sts-0_20250707_214859_053141.csv,True,False,False,1751924994.1864777,250942.62290000916
149649,1751924743.2441974,1751924937.0579195,batch_consumer-sts-0_20250707_214859_053141.csv,True,False,False,1751924994.1864777,250942.280292511
149659,1751924743.2445765,1751924937.0831015,batch_consumer-sts-0_20250707_214859_053141.csv,True,False,False,1751924994.1864777,250941.90120697021
149669,1751924743.244917,1751924937.1076052,batch_consumer-sts-0_20250707_214859_053141.csv,True,False,False,1751924994.1864777,250941.56074523926
149679,1751924743.2452922,1751924937.1327567,batch_consumer-sts-0_20250707_214859_053141.csv,True,False,False,1751924994.1864777,250941.18547439575
149689,1751924743.2457128,1751924937.1577458,batch_consumer-sts-0_20250707_214859_053141.csv,True,False,False,1751924994.1864777,250940.76490402222
149699,1751924743.2461314,1751924937.1827102,batch_consumer-sts-0_20250707_214859_053141.csv,True,False,False,1751924994.1864777,250940.3462409973
149709,1751924743.246585,1751924937.2073345,batch_consumer-sts-0_20250707_214859_053141.csv,True,False,False,1751924994.1864777,250939.89276885986
149719,1751924743.2469285,1751924937.232245,batch_consumer-sts-0_20250707_214859_053141.csv,True,False,False,1751924994.1864777,250939.54920768738
149729,1751924743.247211,1751924937.2567222,batch_consumer-sts-0_20250707_214859_053141.csv,True,False,False,1751924994.1864777,250939.26668167114
149739,1751924743.2475755,1751924937.2812126,batch_consumer-sts-0_20250707_214859_053141.csv,True,False,False,1751924994.1864777,250938.9021396637
149749,1751924743.2479355,1751924937.3057585,batch_consumer-sts-0_20250707_214859_053141.csv,True,False,False,1751924994.1864777,250938.54212760925
149759,1751924743.2482252,1751924937.3305132,batch_consumer-sts-0_20250707_214859_053141.csv,True,False,False,1751924994.1864777,250938.25244903564
149769,1751924743.2485728,1751924937.355197,batch_consumer-sts-0_20250707_214859_053141.csv,True,False,False,1751924994.1864777,250937.9048347473
149779,1751924743.248923,1751924937.3797705,batch_consumer-sts-0_20250707_214859_053141.csv,True,False,False,1751924994.1864777,250937.5545978546
149789,1751924743.2491944,1751924937.4043195,batch_consumer-sts-0_20250707_214859_053141.csv,True,False,False,1751924994.1864777,250937.2832775116
149799,1751924743.2495513,1751924937.4292874,batch_consumer-sts-0_20250707_214859_053141.csv,True,False,False,1751924994.1864777,250936.92636489868
149809,1751924743.2499194,1751924937.4544847,batch_consumer-sts-0_20250707_214859_053141.csv,True,False,False,1751924994.1864777,250936.55824661255
149819,1751924743.2503142,1751924937.479815,batch_consumer-sts-0_20250707_214859_053141.csv,True,False,False,1751924994.1864777,250936.16342544556
149829,1751924743.2506,1751924937.5044117,batch_consumer-sts-0_20250707_214859_053141.csv,True,False,False,1751924994.1864777,250935.8775615692
149839,1751924743.2509184,1751924937.5287626,batch_consumer-sts-0_20250707_214859_053141.csv,True,False,False,1751924994.1864777,250935.5592727661
149849,1751924743.2512517,1751924937.5543835,batch_consumer-sts-0_20250707_214859_053141.csv,True,False,False,1751924994.1864777,250935.22596359253
149859,1751924743.2515638,1751924937.5798829,batch_consumer-sts-0_20250707_214859_053141.csv,True,False,False,1751924994.1864777,250934.91387367249
149869,1751924743.251847,1751924937.604359,batch_consumer-sts-0_20250707_214859_053141.csv,True,False,False,1751924994.1864777,250934.6306324005
149879,1751924743.2521932,1751924937.630325,batch_consumer-sts-0_20250707_214859_053141.csv,True,False,False,1751924994.1864777,250934.28444862366
149889,1751924743.2525475,1751924937.6556802,batch_consumer-sts-0_20250707_214859_053141.csv,True,False,False,1751924994.1864777,250933.9301586151
149899,1751924743.2529073,1751924937.6806564,batch_consumer-sts-0_20250707_214859_053141.csv,True,False,False,1751924994.1864777,250933.57038497925
149909,1751924743.2532177,1751924937.7055662,batch_consumer-sts-0_20250707_214859_053141.csv,True,False,False,1751924994.1864777,250933.25996398926
149919,1751924743.2535777,1751924937.730997,batch_consumer-sts-0_20250707_214859_053141.csv,True,False,False,1751924994.1864777,250932.8999519348
149929,1751924743.2539215,1751924937.7563653,batch_consumer-sts-0_20250707_214859_053141.csv,True,False,False,1751924994.1864777,250932.55615234375
149939,1751924743.2542531,1751924937.7818463,batch_consumer-sts-0_20250707_214859_053141.csv,True,False,False,1751924994.1864777,250932.22451210022
149949,1751924743.254556,1751924937.8071637,batch_consumer-sts-0_20250707_214859_053141.csv,True,False,False,1751924994.1864777,250931.92172050476
149959,1751924743.2548902,1751924937.832176,batch_consumer-sts-0_20250707_214859_053141.csv,True,False,False,1751924994.1864777,250931.58745765686
149969,1751924743.2552028,1751924937.8573947,batch_consumer-sts-0_20250707_214859_053141.csv,True,False,False,1751924994.1864777,250931.27489089966
149979,1751924743.255495,1751924937.8820455,batch_consumer-sts-0_20250707_214859_053141.csv,True,False,False,1751924994.1864777,250930.98258972168
149989,1751924743.255836,1751924937.906525,batch_consumer-sts-0_20250707_214859_053141.csv,True,False,False,1751924994.1864777,250930.64165115356
149999,1751924743.2561471,1751924937.931255,batch_consumer-sts-0_20250707_214859_053141.csv,True,False,False,1751924994.1864777,250930.33051490784
150009,1751924743.2564394,1751924937.9561164,batch_consumer-sts-0_20250707_214859_053141.csv,True,False,False,1751924994.1864777,250930.03821372986
150019,1751924743.256672,1751924937.9806952,batch_consumer-sts-0_20250707_214859_053141.csv,True,False,False,1751924994.1864777,250929.80575561523
150029,1751924743.2568977,1751924938.0055048,batch_consumer-sts-0_20250707_214859_053141.csv,True,False,False,1751924994.1864777,250929.57997322083
150039,1751924743.2572095,1751924938.030702,batch_consumer-sts-0_20250707_214859_053141.csv,True,False,False,1751924994.1864777,250929.26812171936
152459,1751924743.719642,1751924938.0554602,batch_consumer-sts-0_20250707_214859_053141.csv,True,False,False,1751924994.1864777,250466.8357372284
152469,1751924743.71989,1751924938.0802083,batch_consumer-sts-0_20250707_214859_053141.csv,True,False,False,1751924994.1864777,250466.58754348755
152479,1751924743.7201235,1751924938.1045802,batch_consumer-sts-0_20250707_214859_053141.csv,True,False,False,1751924994.1864777,250466.3541316986
152489,1751924743.7203536,1751924938.1287975,batch_consumer-sts-0_20250707_214859_053141.csv,True,False,False,1751924994.1864777,250466.12405776978
152499,1751924743.7205985,1751924938.1565783,batch_consumer-sts-0_20250707_214859_053141.csv,True,False,False,1751924994.1864777,250465.87920188904
152509,1751924743.7208405,1751924938.180895,batch_consumer-sts-0_20250707_214859_053141.csv,True,False,False,1751924994.1864777,250465.63720703125
180339,1751924752.718119,1751924938.205065,batch_consumer-sts-0_20250707_214859_053141.csv,True,False,False,1751924994.1864777,241468.3587551117
180349,1751924752.718389,1751924938.2296555,batch_consumer-sts-0_20250707_214859_053141.csv,True,False,False,1751924994.1864777,241468.08862686157
180359,1751924752.7185895,1751924938.254359,batch_consumer-sts-0_20250707_214859_053141.csv,True,False,False,1751924994.1864777,241467.88811683655
180369,1751924752.718784,1751924938.2793298,batch_consumer-sts-0_20250707_214859_053141.csv,True,False,False,1751924994.1864777,241467.693567276
180379,1751924752.7189765,1751924938.3043923,batch_consumer-sts-0_20250707_214859_053141.csv,True,False,False,1751924994.1864777,241467.50116348267
180389,1751924752.719172,1751924938.32946,batch_consumer-sts-0_20250707_214859_053141.csv,True,False,False,1751924994.1864777,241467.3056602478
180399,1751924752.7193696,1751924938.3557878,batch_consumer-sts-0_20250707_214859_053141.csv,True,False,False,1751924994.1864777,241467.10801124573
180409,1751924752.719563,1751924938.3803706,batch_consumer-sts-0_20250707_214859_053141.csv,True,False,False,1751924994.1864777,241466.91465377808
180419,1751924752.7197542,1751924938.4039135,batch_consumer-sts-0_20250707_214859_053141.csv,True,False,False,1751924994.1864777,241466.72344207764
180429,1751924752.7199478,1751924938.4287882,batch_consumer-sts-0_20250707_214859_053141.csv,True,False,False,1751924994.1864777,241466.5298461914
180439,1751924752.72013,1751924938.4535291,batch_consumer-sts-0_20250707_214859_053141.csv,True,False,False,1751924994.1864777,241466.34769439697
180449,1751924752.7203093,1751924938.4785209,batch_consumer-sts-0_20250707_214859_053141.csv,True,False,False,1751924994.1864777,241466.1684036255
180459,1751924752.7204957,1751924938.5040534,batch_consumer-sts-0_20250707_214859_053141.csv,True,False,False,1751924994.1864777,241465.98196029663
180469,1751924752.7206783,1751924938.5287516,batch_consumer-sts-0_20250707_214859_053141.csv,True,False,False,1751924994.1864777,241465.79933166504
180479,1751924752.720864,1751924938.554207,batch_consumer-sts-0_20250707_214859_053141.csv,True,False,False,1751924994.1864777,241465.61360359192
180489,1751924752.721052,1751924938.5794325,batch_consumer-sts-0_20250707_214859_053141.csv,True,False,False,1751924994.1864777,241465.4257297516
180499,1751924752.7212331,1751924938.6046023,batch_consumer-sts-0_20250707_214859_053141.csv,True,False,False,1751924994.1864777,241465.24453163147
180509,1751924752.7214122,1751924938.6290953,batch_consumer-sts-0_20250707_214859_053141.csv,True,False,False,1751924994.1864777,241465.06547927856
180519,1751924752.721592,1751924938.653936,batch_consumer-sts-0_20250707_214859_053141.csv,True,False,False,1751924994.1864777,241464.88571166992
180529,1751924752.7217717,1751924938.6789773,batch_consumer-sts-0_20250707_214859_053141.csv,True,False,False,1751924994.1864777,241464.70594406128
180539,1751924752.7219515,1751924938.704365,batch_consumer-sts-0_20250707_214859_053141.csv,True,False,False,1751924994.1864777,241464.52617645264
180549,1751924752.722128,1751924938.729365,batch_consumer-sts-0_20250707_214859_053141.csv,True,False,False,1751924994.1864777,241464.3497467041
180559,1751924752.7223148,1751924938.7527733,batch_consumer-sts-0_20250707_214859_053141.csv,True,False,False,1751924994.1864777,241464.1628265381
180569,1751924752.7225015,1751924938.777793,batch_consumer-sts-0_20250707_214859_053141.csv,True,False,False,1751924994.1864777,241463.97614479065
180579,1751924752.722761,1751924938.8027592,batch_consumer-sts-0_20250707_214859_053141.csv,True,False,False,1751924994.1864777,241463.7167453766
180589,1751924752.7229886,1751924938.827542,batch_consumer-sts-0_20250707_214859_053141.csv,True,False,False,1751924994.1864777,241463.48905563354
180599,1751924752.7231886,1751924938.8525038,batch_consumer-sts-0_20250707_214859_053141.csv,True,False,False,1751924994.1864777,241463.28902244568
180609,1751924752.723383,1751924938.8789809,batch_consumer-sts-0_20250707_214859_053141.csv,True,False,False,1751924994.1864777,241463.0947113037
180619,1751924752.723607,1751924938.903792,batch_consumer-sts-0_20250707_214859_053141.csv,True,False,False,1751924994.1864777,241462.87059783936
180629,1751924752.723822,1751924938.9285564,batch_consumer-sts-0_20250707_214859_053141.csv,True,False,False,1751924994.1864777,241462.655544281
180639,1751924752.7240424,1751924938.9531786,batch_consumer-sts-0_20250707_214859_053141.csv,True,False,False,1751924994.1864777,241462.43524551392
180649,1751924752.7242675,1751924938.9781866,batch_consumer-sts-0_20250707_214859_053141.csv,True,False,False,1751924994.1864777,241462.21017837524
180659,1751924752.7244842,1751924939.0029056,batch_consumer-sts-0_20250707_214859_053141.csv,True,False,False,1751924994.1864777,241461.99345588684
180669,1751924752.7246995,1751924939.0275204,batch_consumer-sts-0_20250707_214859_053141.csv,True,False,False,1751924994.1864777,241461.7781639099
180679,1751924752.7249477,1751924939.246045,batch_consumer-sts-0_20250707_214918_116794.csv,True,False,False,1751924994.1864777,241461.52997016907
180689,1751924752.7251432,1751924939.2726293,batch_consumer-sts-0_20250707_214918_116794.csv,True,False,False,1751924994.1864777,241461.3344669342
180699,1751924752.7253237,1751924939.297916,batch_consumer-sts-0_20250707_214918_116794.csv,True,False,False,1751924994.1864777,241461.15398406982
180709,1751924752.7255025,1751924939.3232553,batch_consumer-sts-0_20250707_214918_116794.csv,True,False,False,1751924994.1864777,241460.9751701355
180719,1751924752.7256827,1751924939.3503768,batch_consumer-sts-0_20250707_214918_116794.csv,True,False,False,1751924994.1864777,241460.7949256897
180729,1751924752.7258646,1751924939.3752391,batch_consumer-sts-0_20250707_214918_116794.csv,True,False,False,1751924994.1864777,241460.61301231384
180739,1751924752.7260456,1751924939.3989775,batch_consumer-sts-0_20250707_214918_116794.csv,True,False,False,1751924994.1864777,241460.4320526123
180749,1751924752.7262526,1751924939.4232996,batch_consumer-sts-0_20250707_214918_116794.csv,True,False,False,1751924994.1864777,241460.22510528564
180759,1751924752.7264462,1751924939.448507,batch_consumer-sts-0_20250707_214918_116794.csv,True,False,False,1751924994.1864777,241460.0315093994
180769,1751924752.7266486,1751924939.4739308,batch_consumer-sts-0_20250707_214918_116794.csv,True,False,False,1751924994.1864777,241459.82909202576
180779,1751924752.7268348,1751924939.499163,batch_consumer-sts-0_20250707_214918_116794.csv,True,False,False,1751924994.1864777,241459.64288711548
180789,1751924752.7270265,1751924939.526755,batch_consumer-sts-0_20250707_214918_116794.csv,True,False,False,1751924994.1864777,241459.45119857788
180799,1751924752.7272234,1751924939.5515618,batch_consumer-sts-0_20250707_214918_116794.csv,True,False,False,1751924994.1864777,241459.25426483154
180809,1751924752.7274303,1751924939.5764189,batch_consumer-sts-0_20250707_214918_116794.csv,True,False,False,1751924994.1864777,241459.04731750488
180819,1751924752.7276244,1751924939.6012836,batch_consumer-sts-0_20250707_214918_116794.csv,True,False,False,1751924994.1864777,241458.8532447815
180829,1751924752.727815,1751924939.626041,batch_consumer-sts-0_20250707_214918_116794.csv,True,False,False,1751924994.1864777,241458.6627483368
180839,1751924752.7280068,1751924939.651193,batch_consumer-sts-0_20250707_214918_116794.csv,True,False,False,1751924994.1864777,241458.47082138062
180849,1751924752.7281914,1751924939.6762862,batch_consumer-sts-0_20250707_214918_116794.csv,True,False,False,1751924994.1864777,241458.2862854004
180859,1751924752.728381,1751924939.7005796,batch_consumer-sts-0_20250707_214918_116794.csv,True,False,False,1751924994.1864777,241458.09674263
180869,1751924752.728566,1751924939.9854436,batch_consumer-sts-0_20250707_214918_116794.csv,True,False,False,1751924994.1864777,241457.91172981262
180879,1751924752.7287405,1751924940.0105913,batch_consumer-sts-0_20250707_214918_116794.csv,True,False,False,1751924994.1864777,241457.73720741272
180889,1751924752.7289183,1751924940.035326,batch_consumer-sts-0_20250707_214918_116794.csv,True,False,False,1751924994.1864777,241457.5593471527
180899,1751924752.7291005,1751924940.0602598,batch_consumer-sts-0_20250707_214918_116794.csv,True,False,False,1751924994.1864777,241457.37719535828
180909,1751924752.7292814,1751924940.0850573,batch_consumer-sts-0_20250707_214918_116794.csv,True,False,False,1751924994.1864777,241457.19623565674
180919,1751924752.7294624,1751924940.1096804,batch_consumer-sts-0_20250707_214918_116794.csv,True,False,False,1751924994.1864777,241457.0152759552
180929,1751924752.7296422,1751924940.134554,batch_consumer-sts-0_20250707_214918_116794.csv,True,False,False,1751924994.1864777,241456.83550834656
180939,1751924752.729831,1751924940.1602683,batch_consumer-sts-0_20250707_214918_116794.csv,True,False,False,1751924994.1864777,241456.6466808319
180949,1751924752.7300167,1751924940.1858027,batch_consumer-sts-0_20250707_214918_116794.csv,True,False,False,1751924994.1864777,241456.4609527588
180959,1751924752.7302072,1751924940.210389,batch_consumer-sts-0_20250707_214918_116794.csv,True,False,False,1751924994.1864777,241456.2704563141
180969,1751924752.730391,1751924940.23569,batch_consumer-sts-0_20250707_214918_116794.csv,True,False,False,1751924994.1864777,241456.0866355896
180979,1751924752.7305658,1751924940.260725,batch_consumer-sts-0_20250707_214918_116794.csv,True,False,False,1751924994.1864777,241455.91187477112
180989,1751924752.730777,1751924940.2858708,batch_consumer-sts-0_20250707_214918_116794.csv,True,False,False,1751924994.1864777,241455.70063591003
183819,1751924754.3325925,1751924940.3105152,batch_consumer-sts-0_20250707_214918_116794.csv,True,False,False,1751924994.1864777,239853.8851737976
183829,1751924754.3328235,1751924940.3356075,batch_consumer-sts-0_20250707_214918_116794.csv,True,False,False,1751924994.1864777,239853.65414619446
183839,1751924754.3330176,1751924940.3608131,batch_consumer-sts-0_20250707_214918_116794.csv,True,False,False,1751924994.1864777,239853.46007347107
183849,1751924754.3332005,1751924940.3857555,batch_consumer-sts-0_20250707_214918_116794.csv,True,False,False,1751924994.1864777,239853.2772064209
183859,1751924754.3333807,1751924940.4101264,batch_consumer-sts-0_20250707_214918_116794.csv,True,False,False,1751924994.1864777,239853.0969619751
183869,1751924754.333567,1751924940.4361649,batch_consumer-sts-0_20250707_214918_116794.csv,True,False,False,1751924994.1864777,239852.91075706482
183879,1751924754.3337524,1751924940.4615235,batch_consumer-sts-0_20250707_214918_116794.csv,True,False,False,1751924994.1864777,239852.72526741028
183889,1751924754.333937,1751924940.4873748,batch_consumer-sts-0_20250707_214918_116794.csv,True,False,False,1751924994.1864777,239852.54073143005
183899,1751924754.334118,1751924941.513431,batch_consumer-sts-0_20250707_214918_116794.csv,True,False,False,1751924994.1864777,239852.35977172852
183909,1751924754.334371,1751924941.5389178,batch_consumer-sts-0_20250707_214918_116794.csv,True,False,False,1751924994.1864777,239852.1065711975
183919,1751924754.334608,1751924941.5637794,batch_consumer-sts-0_20250707_214918_116794.csv,True,False,False,1751924994.1864777,239851.86958312988
183929,1751924754.3348374,1751924941.5885704,batch_consumer-sts-0_20250707_214918_116794.csv,True,False,False,1751924994.1864777,239851.6402244568
183939,1751924754.3350725,1751924941.6127226,batch_consumer-sts-0_20250707_214918_116794.csv,True,False,False,1751924994.1864777,239851.4051437378
183949,1751924754.3353088,1751924941.6376812,batch_consumer-sts-0_20250707_214918_116794.csv,True,False,False,1751924994.1864777,239851.1688709259
183959,1751924754.3355289,1751924941.6624355,batch_consumer-sts-0_20250707_214918_116794.csv,True,False,False,1751924994.1864777,239850.9488105774
183969,1751924754.3357084,1751924941.6871004,batch_consumer-sts-0_20250707_214918_116794.csv,True,False,False,1751924994.1864777,239850.76928138733
183979,1751924754.3358967,1751924941.7123775,batch_consumer-sts-0_20250707_214918_116794.csv,True,False,False,1751924994.1864777,239850.58093070984
183989,1751924754.336077,1751924941.7362602,batch_consumer-sts-0_20250707_214918_116794.csv,True,False,False,1751924994.1864777,239850.40068626404
183999,1751924754.3362598,1751924941.7611904,batch_consumer-sts-0_20250707_214918_116794.csv,True,False,False,1751924994.1864777,239850.21781921387
184009,1751924754.3364372,1751924941.7854402,batch_consumer-sts-0_20250707_214918_116794.csv,True,False,False,1751924994.1864777,239850.04043579102
184019,1751924754.336617,1751924941.8104725,batch_consumer-sts-0_20250707_214918_116794.csv,True,False,False,1751924994.1864777,239849.86066818237
184029,1751924754.3368132,1751924941.83681,batch_consumer-sts-0_20250707_214918_116794.csv,True,False,False,1751924994.1864777,239849.66444969177
184039,1751924754.3370056,1751924941.861683,batch_consumer-sts-0_20250707_214918_116794.csv,True,False,False,1751924994.1864777,239849.47204589844
184049,1751924754.3371992,1751924941.8866982,batch_consumer-sts-0_20250707_214918_116794.csv,True,False,False,1751924994.1864777,239849.2784500122
184059,1751924754.3373952,1751924941.911189,batch_consumer-sts-0_20250707_214918_116794.csv,True,False,False,1751924994.1864777,239849.0824699402
184069,1751924754.337596,1751924941.9364667,batch_consumer-sts-0_20250707_214918_116794.csv,True,False,False,1751924994.1864777,239848.88172149658
184079,1751924754.3377922,1751924941.9612548,batch_consumer-sts-0_20250707_214918_116794.csv,True,False,False,1751924994.1864777,239848.68550300598
184089,1751924754.3380024,1751924941.9862037,batch_consumer-sts-0_20250707_214918_116794.csv,True,False,False,1751924994.1864777,239848.4752178192
184099,1751924754.338228,1751924942.0107422,batch_consumer-sts-0_20250707_214918_116794.csv,True,False,False,1751924994.1864777,239848.24967384338
184109,1751924754.3384545,1751924942.433159,batch_consumer-sts-0_20250707_214918_116794.csv,True,False,False,1751924994.1864777,239848.02317619324
184119,1751924754.3386755,1751924942.4626122,batch_consumer-sts-0_20250707_214918_116794.csv,True,False,False,1751924994.1864777,239847.8021621704
184129,1751924754.3388968,1751924942.4873986,batch_consumer-sts-0_20250707_214918_116794.csv,True,False,False,1751924994.1864777,239847.580909729
184139,1751924754.3391168,1751924942.5116296,batch_consumer-sts-0_20250707_214918_116794.csv,True,False,False,1751924994.1864777,239847.3608493805
184149,1751924754.3393464,1751924942.5364883,batch_consumer-sts-0_20250707_214918_116794.csv,True,False,False,1751924994.1864777,239847.13125228882
184159,1751924754.3395495,1751924942.5610986,batch_consumer-sts-0_20250707_214918_116794.csv,True,False,False,1751924994.1864777,239846.92811965942
184169,1751924754.3397255,1751924942.5860424,batch_consumer-sts-0_20250707_214918_116794.csv,True,False,False,1751924994.1864777,239846.75216674805
184179,1751924754.3399167,1751924942.6107082,batch_consumer-sts-0_20250707_214918_116794.csv,True,False,False,1751924994.1864777,239846.5609550476
184189,1751924754.340099,1751924942.6359117,batch_consumer-sts-0_20250707_214918_116794.csv,True,False,False,1751924994.1864777,239846.3785648346
184199,1751924754.3402836,1751924942.661344,batch_consumer-sts-0_20250707_214918_116794.csv,True,False,False,1751924994.1864777,239846.19402885437
184209,1751924754.3404646,1751924942.6851933,batch_consumer-sts-0_20250707_214918_116794.csv,True,False,False,1751924994.1864777,239846.01306915283
184219,1751924754.3406498,1751924942.7106154,batch_consumer-sts-0_20250707_214918_116794.csv,True,False,False,1751924994.1864777,239845.82781791687
184229,1751924754.3408377,1751924942.7363431,batch_consumer-sts-0_20250707_214918_116794.csv,True,False,False,1751924994.1864777,239845.63994407654
184239,1751924754.3410163,1751924942.7615066,batch_consumer-sts-0_20250707_214918_116794.csv,True,False,False,1751924994.1864777,239845.4613685608
184249,1751924754.3411984,1751924942.786279,batch_consumer-sts-0_20250707_214918_116794.csv,True,False,False,1751924994.1864777,239845.27921676636
184259,1751924754.3413806,1751924942.810599,batch_consumer-sts-0_20250707_214918_116794.csv,True,False,False,1751924994.1864777,239845.09706497192
184269,1751924754.3415625,1751924942.8358176,batch_consumer-sts-0_20250707_214918_116794.csv,True,False,False,1751924994.1864777,239844.91515159607
184279,1751924754.3417444,1751924942.8609924,batch_consumer-sts-0_20250707_214918_116794.csv,True,False,False,1751924994.1864777,239844.73323822021
184289,1751924754.3419316,1751924942.8859046,batch_consumer-sts-0_20250707_214918_116794.csv,True,False,False,1751924994.1864777,239844.54607963562
184299,1751924754.3421187,1751924942.9115644,batch_consumer-sts-0_20250707_214918_116794.csv,True,False,False,1751924994.1864777,239844.35892105103
184309,1751924754.3423476,1751924942.9370108,batch_consumer-sts-0_20250707_214918_116794.csv,True,False,False,1751924994.1864777,239844.1300392151
184319,1751924754.3425674,1751924942.9618757,batch_consumer-sts-0_20250707_214918_116794.csv,True,False,False,1751924994.1864777,239843.91021728516
184329,1751924754.3427858,1751924942.98722,batch_consumer-sts-0_20250707_214918_116794.csv,True,False,False,1751924994.1864777,239843.6918258667
184339,1751924754.3430078,1751924943.011786,batch_consumer-sts-0_20250707_214918_116794.csv,True,False,False,1751924994.1864777,239843.46985816956
184349,1751924754.3432295,1751924943.0386715,batch_consumer-sts-0_20250707_214918_116794.csv,True,False,False,1751924994.1864777,239843.248128891
184359,1751924754.343464,1751924943.063309,batch_consumer-sts-0_20250707_214918_116794.csv,True,False,False,1751924994.1864777,239843.01376342773
184369,1751924754.3436477,1751924943.088353,batch_consumer-sts-0_20250707_214918_116794.csv,True,False,False,1751924994.1864777,239842.82994270325
184379,1751924754.3438318,1751924943.1130383,batch_consumer-sts-0_20250707_214918_116794.csv,True,False,False,1751924994.1864777,239842.64588356018
184389,1751924754.3440156,1751924943.1380925,batch_consumer-sts-0_20250707_214918_116794.csv,True,False,False,1751924994.1864777,239842.4620628357
184399,1751924754.3442032,1751924943.1628003,batch_consumer-sts-0_20250707_214918_116794.csv,True,False,False,1751924994.1864777,239842.27442741394
184409,1751924754.3443902,1751924943.1873922,batch_consumer-sts-0_20250707_214918_116794.csv,True,False,False,1751924994.1864777,239842.08750724792
184419,1751924754.3445764,1751924943.2117207,batch_consumer-sts-0_20250707_214918_116794.csv,True,False,False,1751924994.1864777,239841.90130233765
184429,1751924754.3447585,1751924943.2372005,batch_consumer-sts-0_20250707_214918_116794.csv,True,False,False,1751924994.1864777,239841.7191505432
184439,1751924754.3449616,1751924943.2621207,batch_consumer-sts-0_20250707_214918_116794.csv,True,False,False,1751924994.1864777,239841.51601791382
184449,1751924754.3451483,1751924943.287033,batch_consumer-sts-0_20250707_214918_116794.csv,True,False,False,1751924994.1864777,239841.32933616638
184459,1751924754.3453376,1751924943.311765,batch_consumer-sts-0_20250707_214918_116794.csv,True,False,False,1751924994.1864777,239841.14003181458
184469,1751924754.3455188,1751924943.336559,batch_consumer-sts-0_20250707_214918_116794.csv,True,False,False,1751924994.1864777,239840.95883369446
184479,1751924754.3456948,1751924943.361195,batch_consumer-sts-0_20250707_214918_116794.csv,True,False,False,1751924994.1864777,239840.78288078308
184489,1751924754.3458805,1751924943.386001,batch_consumer-sts-0_20250707_214918_116794.csv,True,False,False,1751924994.1864777,239840.59715270996
184499,1751924754.3460622,1751924943.410474,batch_consumer-sts-0_20250707_214918_116794.csv,True,False,False,1751924994.1864777,239840.4154777527
184509,1751924754.3462744,1751924943.435154,batch_consumer-sts-0_20250707_214918_116794.csv,True,False,False,1751924994.1864777,239840.20328521729
184519,1751924754.3467083,1751924943.4605172,batch_consumer-sts-0_20250707_214918_116794.csv,True,False,False,1751924994.1864777,239839.76936340332
184529,1751924754.3469012,1751924943.485524,batch_consumer-sts-0_20250707_214918_116794.csv,True,False,False,1751924994.1864777,239839.57648277283
184539,1751924754.347093,1751924943.509879,batch_consumer-sts-0_20250707_214918_116794.csv,True,False,False,1751924994.1864777,239839.38455581665
184549,1751924754.3472826,1751924943.5345166,batch_consumer-sts-0_20250707_214918_116794.csv,True,False,False,1751924994.1864777,239839.19501304626
184559,1751924754.347479,1751924943.5595648,batch_consumer-sts-0_20250707_214918_116794.csv,True,False,False,1751924994.1864777,239838.99855613708
184569,1751924754.3476596,1751924943.5846474,batch_consumer-sts-0_20250707_214918_116794.csv,True,False,False,1751924994.1864777,239838.8180732727
184579,1751924754.3478446,1751924943.6088212,batch_consumer-sts-0_20250707_214918_116794.csv,True,False,False,1751924994.1864777,239838.63306045532
184589,1751924754.3480246,1751924943.633416,batch_consumer-sts-0_20250707_214918_116794.csv,True,False,False,1751924994.1864777,239838.4530544281
184599,1751924754.3482144,1751924943.658167,batch_consumer-sts-0_20250707_214918_116794.csv,True,False,False,1751924994.1864777,239838.26327323914
184609,1751924754.3483868,1751924943.6830792,batch_consumer-sts-0_20250707_214918_116794.csv,True,False,False,1751924994.1864777,239838.09089660645
184619,1751924754.3485618,1751924943.7078238,batch_consumer-sts-0_20250707_214918_116794.csv,True,False,False,1751924994.1864777,239837.91589736938
184629,1751924754.34874,1751924943.7354205,batch_consumer-sts-0_20250707_214918_116794.csv,True,False,False,1751924994.1864777,239837.73756027222
184639,1751924754.3489172,1751924943.760636,batch_consumer-sts-0_20250707_214918_116794.csv,True,False,False,1751924994.1864777,239837.56041526794
184649,1751924754.3490922,1751924943.7899113,batch_consumer-sts-0_20250707_214918_116794.csv,True,False,False,1751924994.1864777,239837.38541603088
184659,1751924754.3492663,1751924943.814166,batch_consumer-sts-0_20250707_214918_116794.csv,True,False,False,1751924994.1864777,239837.21137046814
184669,1751924754.3494382,1751924943.8390484,batch_consumer-sts-0_20250707_214918_116794.csv,True,False,False,1751924994.1864777,239837.0394706726
184679,1751924754.349613,1751924943.864693,batch_consumer-sts-0_20250707_214918_116794.csv,True,False,False,1751924994.1864777,239836.86470985413
184689,1751924754.34979,1751924943.8896694,batch_consumer-sts-0_20250707_214918_116794.csv,True,False,False,1751924994.1864777,239836.68756484985
184699,1751924754.3499682,1751924943.913642,batch_consumer-sts-0_20250707_214918_116794.csv,True,False,False,1751924994.1864777,239836.50946617126
184709,1751924754.3501482,1751924943.9380803,batch_consumer-sts-0_20250707_214918_116794.csv,True,False,False,1751924994.1864777,239836.32946014404
184719,1751924754.350361,1751924943.9620008,batch_consumer-sts-0_20250707_214918_116794.csv,True,False,False,1751924994.1864777,239836.1165523529
184729,1751924754.3505597,1751924943.9868858,batch_consumer-sts-0_20250707_214918_116794.csv,True,False,False,1751924994.1864777,239835.9179496765
184739,1751924754.3507557,1751924944.0110178,batch_consumer-sts-0_20250707_214918_116794.csv,True,False,False,1751924994.1864777,239835.7219696045
184749,1751924754.3509517,1751924944.0360987,batch_consumer-sts-0_20250707_214918_116794.csv,True,False,False,1751924994.1864777,239835.52598953247
184759,1751924754.351149,1751924944.0615425,batch_consumer-sts-0_20250707_214918_116794.csv,True,False,False,1751924994.1864777,239835.32857894897
184769,1751924754.351348,1751924944.0859582,batch_consumer-sts-0_20250707_214918_116794.csv,True,False,False,1751924994.1864777,239835.129737854
184779,1751924754.3515463,1751924944.112016,batch_consumer-sts-0_20250707_214918_116794.csv,True,False,False,1751924994.1864777,239834.9313735962
184789,1751924754.351727,1751924944.1361868,batch_consumer-sts-0_20250707_214918_116794.csv,True,False,False,1751924994.1864777,239834.75065231323
184799,1751924754.3519118,1751924944.160603,batch_consumer-sts-0_20250707_214918_116794.csv,True,False,False,1751924994.1864777,239834.56587791443
184809,1751924754.352097,1751924944.1850958,batch_consumer-sts-0_20250707_214918_116794.csv,True,False,False,1751924994.1864777,239834.38062667847
184819,1751924754.352279,1751924944.2098188,batch_consumer-sts-0_20250707_214918_116794.csv,True,False,False,1751924994.1864777,239834.1987133026
184829,1751924754.352456,1751924944.2345638,batch_consumer-sts-0_20250707_214918_116794.csv,True,False,False,1751924994.1864777,239834.02156829834
184839,1751924754.3526564,1751924944.259378,batch_consumer-sts-0_20250707_214918_116794.csv,True,False,False,1751924994.1864777,239833.8212966919
184849,1751924754.3528335,1751924944.2844062,batch_consumer-sts-0_20250707_214918_116794.csv,True,False,False,1751924994.1864777,239833.64415168762
184859,1751924754.353035,1751924944.3091445,batch_consumer-sts-0_20250707_214918_116794.csv,True,False,False,1751924994.1864777,239833.44268798828
184869,1751924754.3532226,1751924944.425794,batch_consumer-sts-0_20250707_214918_116794.csv,True,False,False,1751924994.1864777,239833.25505256653
184879,1751924754.3534186,1751924944.4505951,batch_consumer-sts-0_20250707_214918_116794.csv,True,False,False,1751924994.1864777,239833.0590724945
184889,1751924754.353608,1751924944.4754095,batch_consumer-sts-0_20250707_214918_116794.csv,True,False,False,1751924994.1864777,239832.8697681427
184899,1751924754.3537946,1751924944.5003264,batch_consumer-sts-0_20250707_214918_116794.csv,True,False,False,1751924994.1864777,239832.68308639526
184909,1751924754.353979,1751924944.5241632,batch_consumer-sts-0_20250707_214918_116794.csv,True,False,False,1751924994.1864777,239832.49855041504
184919,1751924754.354174,1751924944.548782,batch_consumer-sts-0_20250707_214918_116794.csv,True,False,False,1751924994.1864777,239832.3037624359
184929,1751924754.3543863,1751924944.573487,batch_consumer-sts-0_20250707_214918_116794.csv,True,False,False,1751924994.1864777,239832.09133148193
184939,1751924754.354589,1751924944.5985572,batch_consumer-sts-0_20250707_214918_116794.csv,True,False,False,1751924994.1864777,239831.8886756897
184949,1751924754.354787,1751924944.6238863,batch_consumer-sts-0_20250707_214918_116794.csv,True,False,False,1751924994.1864777,239831.69054985046
184959,1751924754.3549786,1751924944.6491742,batch_consumer-sts-0_20250707_214918_116794.csv,True,False,False,1751924994.1864777,239831.49909973145
184969,1751924754.355174,1751924944.673412,batch_consumer-sts-0_20250707_214918_116794.csv,True,False,False,1751924994.1864777,239831.30359649658
184979,1751924754.35537,1751924944.6983526,batch_consumer-sts-0_20250707_214918_116794.csv,True,False,False,1751924994.1864777,239831.10761642456
184989,1751924754.3555632,1751924944.7217107,batch_consumer-sts-0_20250707_214918_116794.csv,True,False,False,1751924994.1864777,239830.9144973755
184999,1751924754.3557386,1751924944.746274,batch_consumer-sts-0_20250707_214918_116794.csv,True,False,False,1751924994.1864777,239830.73902130127
185009,1751924754.3559165,1751924944.7714422,batch_consumer-sts-0_20250707_214918_116794.csv,True,False,False,1751924994.1864777,239830.56116104126
185019,1751924754.3560956,1751924944.7953951,batch_consumer-sts-0_20250707_214918_116794.csv,True,False,False,1751924994.1864777,239830.38210868835
185029,1751924754.3562772,1751924944.8196716,batch_consumer-sts-0_20250707_214918_116794.csv,True,False,False,1751924994.1864777,239830.20043373108
185039,1751924754.3564565,1751924944.8442829,batch_consumer-sts-0_20250707_214918_116794.csv,True,False,False,1751924994.1864777,239830.0211429596
185049,1751924754.3566368,1751924944.9073248,batch_consumer-sts-0_20250707_214918_116794.csv,True,False,False,1751924994.1864777,239829.8408985138
185059,1751924754.35684,1751924944.9320014,batch_consumer-sts-0_20250707_214918_116794.csv,True,False,False,1751924994.1864777,239829.6377658844
185069,1751924754.3570232,1751924944.956228,batch_consumer-sts-0_20250707_214918_116794.csv,True,False,False,1751924994.1864777,239829.45442199707
185079,1751924754.3572006,1751924944.9804566,batch_consumer-sts-0_20250707_214918_116794.csv,True,False,False,1751924994.1864777,239829.27703857422
185089,1751924754.357383,1751924945.0045528,batch_consumer-sts-0_20250707_214918_116794.csv,True,False,False,1751924994.1864777,239829.0946483612
185099,1751924754.3575616,1751924945.029463,batch_consumer-sts-0_20250707_214918_116794.csv,True,False,False,1751924994.1864777,239828.91607284546
185109,1751924754.3577366,1751924945.054414,batch_consumer-sts-0_20250707_214918_116794.csv,True,False,False,1751924994.1864777,239828.7410736084
185119,1751924754.3579156,1751924945.079101,batch_consumer-sts-0_20250707_214918_116794.csv,True,False,False,1751924994.1864777,239828.5620212555
185129,1751924754.3580885,1751924945.103525,batch_consumer-sts-0_20250707_214918_116794.csv,True,False,False,1751924994.1864777,239828.38916778564
185139,1751924754.3582897,1751924945.1400187,batch_consumer-sts-0_20250707_214918_116794.csv,True,False,False,1751924994.1864777,239828.18794250488
185149,1751924754.358478,1751924945.1649034,batch_consumer-sts-0_20250707_214918_116794.csv,True,False,False,1751924994.1864777,239827.9995918274
185159,1751924754.3586657,1751924945.1896837,batch_consumer-sts-0_20250707_214918_116794.csv,True,False,False,1751924994.1864777,239827.81195640564
185169,1751924754.3588605,1751924945.2139935,batch_consumer-sts-0_20250707_214918_116794.csv,True,False,False,1751924994.1864777,239827.6171684265
185179,1751924754.3590498,1751924945.239018,batch_consumer-sts-0_20250707_214918_116794.csv,True,False,False,1751924994.1864777,239827.4278640747
185189,1751924754.3592436,1751924945.2645898,batch_consumer-sts-0_20250707_214918_116794.csv,True,False,False,1751924994.1864777,239827.2340297699
185199,1751924754.3594508,1751924945.2897515,batch_consumer-sts-0_20250707_214918_116794.csv,True,False,False,1751924994.1864777,239827.02684402466
185209,1751924754.556533,1751924945.3140745,batch_consumer-sts-0_20250707_214918_116794.csv,True,False,False,1751924994.1864777,239629.944562912
185219,1751924754.5567462,1751924945.3388588,batch_consumer-sts-0_20250707_214918_116794.csv,True,False,False,1751924994.1864777,239629.73141670227
185229,1751924754.5569508,1751924945.3640175,batch_consumer-sts-0_20250707_214918_116794.csv,True,False,False,1751924994.1864777,239629.5268535614
185239,1751924754.5571415,1751924945.3887355,batch_consumer-sts-0_20250707_214918_116794.csv,True,False,False,1751924994.1864777,239629.33611869812
185249,1751924754.5573297,1751924945.413089,batch_consumer-sts-0_20250707_214918_116794.csv,True,False,False,1751924994.1864777,239629.1480064392
185259,1751924754.5575106,1751924945.4377484,batch_consumer-sts-0_20250707_214918_116794.csv,True,False,False,1751924994.1864777,239628.96704673767
185269,1751924754.557694,1751924945.4625103,batch_consumer-sts-0_20250707_214918_116794.csv,True,False,False,1751924994.1864777,239628.78370285034
185279,1751924754.557884,1751924945.4875257,batch_consumer-sts-0_20250707_214918_116794.csv,True,False,False,1751924994.1864777,239628.5936832428
185289,1751924754.5580668,1751924945.5120428,batch_consumer-sts-0_20250707_214918_116794.csv,True,False,False,1751924994.1864777,239628.41081619263
185299,1751924754.5582793,1751924946.5393598,batch_consumer-sts-0_20250707_214918_116794.csv,True,False,False,1751924994.1864777,239628.19838523865
185309,1751924754.5584671,1751924946.564608,batch_consumer-sts-0_20250707_214918_116794.csv,True,False,False,1751924994.1864777,239628.01051139832
185319,1751924754.558662,1751924946.5895798,batch_consumer-sts-0_20250707_214918_116794.csv,True,False,False,1751924994.1864777,239627.8157234192
185329,1751924754.5589015,1751924946.6143925,batch_consumer-sts-0_20250707_214918_116794.csv,True,False,False,1751924994.1864777,239627.5761127472
185339,1751924754.5591235,1751924946.639446,batch_consumer-sts-0_20250707_214918_116794.csv,True,False,False,1751924994.1864777,239627.35414505005
185349,1751924754.5593436,1751924946.6645637,batch_consumer-sts-0_20250707_214918_116794.csv,True,False,False,1751924994.1864777,239627.13408470154
185359,1751924754.5595555,1751924946.689499,batch_consumer-sts-0_20250707_214918_116794.csv,True,False,False,1751924994.1864777,239626.92213058472
185369,1751924754.5597425,1751924946.712681,batch_consumer-sts-0_20250707_214918_116794.csv,True,False,False,1751924994.1864777,239626.7352104187
185379,1751924754.5599792,1751924946.7373056,batch_consumer-sts-0_20250707_214918_116794.csv,True,False,False,1751924994.1864777,239626.49846076965
185389,1751924754.5601764,1751924946.7619288,batch_consumer-sts-0_20250707_214918_116794.csv,True,False,False,1751924994.1864777,239626.30128860474
185399,1751924754.560365,1751924946.7864616,batch_consumer-sts-0_20250707_214918_116794.csv,True,False,False,1751924994.1864777,239626.11269950867
185409,1751924754.5605533,1751924946.8109584,batch_consumer-sts-0_20250707_214918_116794.csv,True,False,False,1751924994.1864777,239625.92434883118
185419,1751924754.56075,1751924946.8357563,batch_consumer-sts-0_20250707_214918_116794.csv,True,False,False,1751924994.1864777,239625.72765350342
185429,1751924754.560946,1751924946.8604052,batch_consumer-sts-0_20250707_214918_116794.csv,True,False,False,1751924994.1864777,239625.5316734314
185439,1751924754.561146,1751924946.885369,batch_consumer-sts-0_20250707_214918_116794.csv,True,False,False,1751924994.1864777,239625.33164024353
185449,1751924754.561332,1751924946.9095857,batch_consumer-sts-0_20250707_214918_116794.csv,True,False,False,1751924994.1864777,239625.14567375183
185459,1751924754.5615172,1751924946.9346075,batch_consumer-sts-0_20250707_214918_116794.csv,True,False,False,1751924994.1864777,239624.96042251587
185469,1751924754.5617,1751924946.9595675,batch_consumer-sts-0_20250707_214918_116794.csv,True,False,False,1751924994.1864777,239624.7775554657
185479,1751924754.5618992,1751924946.984084,batch_consumer-sts-0_20250707_214918_116794.csv,True,False,False,1751924994.1864777,239624.57847595215
185489,1751924754.5624158,1751924947.008103,batch_consumer-sts-0_20250707_214918_116794.csv,True,False,False,1751924994.1864777,239624.06182289124
185499,1751924754.5631917,1751924947.033001,batch_consumer-sts-0_20250707_214918_116794.csv,True,False,False,1751924994.1864777,239623.28600883484
185509,1751924754.5634353,1751924947.057608,batch_consumer-sts-0_20250707_214918_116794.csv,True,False,False,1751924994.1864777,239623.042345047
185519,1751924754.5636854,1751924947.0819736,batch_consumer-sts-0_20250707_214918_116794.csv,True,False,False,1751924994.1864777,239622.79224395752
185529,1751924754.5639138,1751924947.1064076,batch_consumer-sts-0_20250707_214918_116794.csv,True,False,False,1751924994.1864777,239622.56383895874
185539,1751924754.5641546,1751924947.131011,batch_consumer-sts-0_20250707_214918_116794.csv,True,False,False,1751924994.1864777,239622.32303619385
185549,1751924754.5647233,1751924947.2805066,batch_consumer-sts-0_20250707_214918_116794.csv,True,False,False,1751924994.1864777,239621.7544078827
185559,1751924754.5649605,1751924947.3051472,batch_consumer-sts-0_20250707_214918_116794.csv,True,False,False,1751924994.1864777,239621.51718139648
185569,1751924754.5655158,1751924947.3294036,batch_consumer-sts-0_20250707_214918_116794.csv,True,False,False,1751924994.1864777,239620.96190452576
185579,1751924754.5657084,1751924947.354172,batch_consumer-sts-0_20250707_214918_116794.csv,True,False,False,1751924994.1864777,239620.76926231384
185589,1751924754.5659013,1751924947.3793314,batch_consumer-sts-0_20250707_214918_116794.csv,True,False,False,1751924994.1864777,239620.57638168335
185599,1751924754.5660944,1751924947.4044423,batch_consumer-sts-0_20250707_214918_116794.csv,True,False,False,1751924994.1864777,239620.38326263428
185609,1751924754.5663326,1751924947.4295156,batch_consumer-sts-0_20250707_214918_116794.csv,True,False,False,1751924994.1864777,239620.14508247375
185619,1751924754.566552,1751924947.4545977,batch_consumer-sts-0_20250707_214918_116794.csv,True,False,False,1751924994.1864777,239619.92573738098
185629,1751924754.5667772,1751924947.479781,batch_consumer-sts-0_20250707_214918_116794.csv,True,False,False,1751924994.1864777,239619.70043182373
185639,1751924754.566992,1751924947.504634,batch_consumer-sts-0_20250707_214918_116794.csv,True,False,False,1751924994.1864777,239619.48561668396
185649,1751924754.5672033,1751924947.5298183,batch_consumer-sts-0_20250707_214918_116794.csv,True,False,False,1751924994.1864777,239619.27437782288
185659,1751924754.5674214,1751924947.554714,batch_consumer-sts-0_20250707_214918_116794.csv,True,False,False,1751924994.1864777,239619.056224823
185669,1751924754.5676148,1751924947.5807185,batch_consumer-sts-0_20250707_214918_116794.csv,True,False,False,1751924994.1864777,239618.86286735535
185679,1751924754.5678034,1751924947.6049285,batch_consumer-sts-0_20250707_214918_116794.csv,True,False,False,1751924994.1864777,239618.67427825928
185689,1751924754.5679927,1751924947.6294758,batch_consumer-sts-0_20250707_214918_116794.csv,True,False,False,1751924994.1864777,239618.48497390747
185699,1751924754.5681858,1751924947.6551132,batch_consumer-sts-0_20250707_214918_116794.csv,True,False,False,1751924994.1864777,239618.2918548584
185709,1751924754.5683837,1751924947.680387,batch_consumer-sts-0_20250707_214918_116794.csv,True,False,False,1751924994.1864777,239618.09396743774
185719,1751924754.5685656,1751924947.79229,batch_consumer-sts-0_20250707_214918_116794.csv,True,False,False,1751924994.1864777,239617.9120540619
185729,1751924754.56875,1751924947.816457,batch_consumer-sts-0_20250707_214918_116794.csv,True,False,False,1751924994.1864777,239617.72775650024
185739,1751924754.56893,1751924947.840902,batch_consumer-sts-0_20250707_214918_116794.csv,True,False,False,1751924994.1864777,239617.54775047302
185749,1751924754.5691123,1751924947.8652613,batch_consumer-sts-0_20250707_214918_116794.csv,True,False,False,1751924994.1864777,239617.36536026
185759,1751924754.5692966,1751924947.888949,batch_consumer-sts-0_20250707_214918_116794.csv,True,False,False,1751924994.1864777,239617.18106269836
185769,1751924754.5694811,1751924947.9134357,batch_consumer-sts-0_20250707_214918_116794.csv,True,False,False,1751924994.1864777,239616.99652671814
185779,1751924754.569672,1751924947.938166,batch_consumer-sts-0_20250707_214918_116794.csv,True,False,False,1751924994.1864777,239616.80555343628
185789,1751924754.569857,1751924947.961949,batch_consumer-sts-0_20250707_214918_116794.csv,True,False,False,1751924994.1864777,239616.62077903748
185799,1751924754.5700395,1751924947.9870048,batch_consumer-sts-0_20250707_214918_116794.csv,True,False,False,1751924994.1864777,239616.43815040588
185809,1751924754.570257,1751924948.011214,batch_consumer-sts-0_20250707_214918_116794.csv,True,False,False,1751924994.1864777,239616.22071266174
185819,1751924754.570494,1751924948.0358374,batch_consumer-sts-0_20250707_214918_116794.csv,True,False,False,1751924994.1864777,239615.98372459412
185829,1751924754.5706954,1751924948.0604951,batch_consumer-sts-0_20250707_214918_116794.csv,True,False,False,1751924994.1864777,239615.78226089478
185839,1751924754.570893,1751924948.0849175,batch_consumer-sts-0_20250707_214918_116794.csv,True,False,False,1751924994.1864777,239615.5846118927
185849,1751924754.5710914,1751924948.1090326,batch_consumer-sts-0_20250707_214918_116794.csv,True,False,False,1751924994.1864777,239615.3862476349
185859,1751924754.5712874,1751924948.1333685,batch_consumer-sts-0_20250707_214918_116794.csv,True,False,False,1751924994.1864777,239615.19026756287
185869,1751924754.571492,1751924948.1583903,batch_consumer-sts-0_20250707_214918_116794.csv,True,False,False,1751924994.1864777,239614.985704422
185879,1751924754.5716743,1751924948.183042,batch_consumer-sts-0_20250707_214918_116794.csv,True,False,False,1751924994.1864777,239614.80331420898
185889,1751924754.5718515,1751924948.2073808,batch_consumer-sts-0_20250707_214918_116794.csv,True,False,False,1751924994.1864777,239614.6261692047
185899,1751924754.572039,1751924948.2323244,batch_consumer-sts-0_20250707_214918_116794.csv,True,False,False,1751924994.1864777,239614.43877220154
185909,1751924754.5722249,1751924948.257739,batch_consumer-sts-0_20250707_214918_116794.csv,True,False,False,1751924994.1864777,239614.25280570984
185919,1751924754.5724056,1751924948.2835476,batch_consumer-sts-0_20250707_214918_116794.csv,True,False,False,1751924994.1864777,239614.07208442688
185929,1751924754.572613,1751924948.308078,batch_consumer-sts-0_20250707_214918_116794.csv,True,False,False,1751924994.1864777,239613.86466026306
185939,1751924754.5728078,1751924948.333134,batch_consumer-sts-0_20250707_214918_116794.csv,True,False,False,1751924994.1864777,239613.66987228394
185949,1751924754.5729966,1751924948.3599367,batch_consumer-sts-0_20250707_214918_116794.csv,True,False,False,1751924994.1864777,239613.4810447693
185959,1751924754.5731893,1751924948.3847077,batch_consumer-sts-0_20250707_214918_116794.csv,True,False,False,1751924994.1864777,239613.28840255737
185969,1751924754.5733738,1751924948.410634,batch_consumer-sts-0_20250707_214918_116794.csv,True,False,False,1751924994.1864777,239613.10386657715
185979,1751924754.5735629,1751924948.435617,batch_consumer-sts-0_20250707_214918_116794.csv,True,False,False,1751924994.1864777,239612.91480064392
185989,1751924754.573752,1751924948.4602046,batch_consumer-sts-0_20250707_214918_116794.csv,True,False,False,1751924994.1864777,239612.7257347107
185999,1751924754.5739474,1751924948.4842992,batch_consumer-sts-0_20250707_214918_116794.csv,True,False,False,1751924994.1864777,239612.53023147583
186009,1751924754.574143,1751924948.5090945,batch_consumer-sts-0_20250707_214918_116794.csv,True,False,False,1751924994.1864777,239612.33472824097
186019,1751924754.5743828,1751924948.5342226,batch_consumer-sts-0_20250707_214918_116794.csv,True,False,False,1751924994.1864777,239612.0948791504
186029,1751924754.5746512,1751924948.558773,batch_consumer-sts-0_20250707_214918_116794.csv,True,False,False,1751924994.1864777,239611.82641983032
186039,1751924754.5748637,1751924948.5842395,batch_consumer-sts-0_20250707_214918_116794.csv,True,False,False,1751924994.1864777,239611.61398887634
186049,1751924754.5750787,1751924948.6085515,batch_consumer-sts-0_20250707_214918_116794.csv,True,False,False,1751924994.1864777,239611.398935318
186059,1751924754.5752945,1751924948.6330268,batch_consumer-sts-0_20250707_214918_116794.csv,True,False,False,1751924994.1864777,239611.1831665039
186069,1751924754.5755117,1751924948.6589742,batch_consumer-sts-0_20250707_214918_116794.csv,True,False,False,1751924994.1864777,239610.96596717834
186079,1751924754.5757244,1751924948.6839683,batch_consumer-sts-0_20250707_214918_116794.csv,True,False,False,1751924994.1864777,239610.7532978058
186089,1751924754.5759242,1751924948.708603,batch_consumer-sts-0_20250707_214918_116794.csv,True,False,False,1751924994.1864777,239610.5535030365
186099,1751924754.576121,1751924948.7337186,batch_consumer-sts-0_20250707_214918_116794.csv,True,False,False,1751924994.1864777,239610.35656929016
186109,1751924754.5763147,1751924948.758177,batch_consumer-sts-0_20250707_214918_116794.csv,True,False,False,1751924994.1864777,239610.16297340393
186119,1751924754.576506,1751924948.7818055,batch_consumer-sts-0_20250707_214918_116794.csv,True,False,False,1751924994.1864777,239609.9717617035
186129,1751924754.5767183,1751924948.8060608,batch_consumer-sts-0_20250707_214918_116794.csv,True,False,False,1751924994.1864777,239609.7593307495
186139,1751924754.5769064,1751924948.8308213,batch_consumer-sts-0_20250707_214918_116794.csv,True,False,False,1751924994.1864777,239609.5712184906
186149,1751924754.5770922,1751924948.855447,batch_consumer-sts-0_20250707_214918_116794.csv,True,False,False,1751924994.1864777,239609.38549041748
186159,1751924754.5773008,1751924948.8808882,batch_consumer-sts-0_20250707_214918_116794.csv,True,False,False,1751924994.1864777,239609.17687416077
186169,1751924754.5774937,1751924948.9057202,batch_consumer-sts-0_20250707_214918_116794.csv,True,False,False,1751924994.1864777,239608.98399353027
186179,1751924754.5776868,1751924948.9305592,batch_consumer-sts-0_20250707_214918_116794.csv,True,False,False,1751924994.1864777,239608.7908744812
186189,1751924754.5778792,1751924948.9555647,batch_consumer-sts-0_20250707_214918_116794.csv,True,False,False,1751924994.1864777,239608.59847068787
186199,1751924754.5780988,1751924948.9804564,batch_consumer-sts-0_20250707_214918_116794.csv,True,False,False,1751924994.1864777,239608.3788871765
186209,1751924754.5783374,1751924949.004964,batch_consumer-sts-0_20250707_214918_116794.csv,True,False,False,1751924994.1864777,239608.14023017883
186219,1751924754.5785615,1751924949.0295348,batch_consumer-sts-0_20250707_214918_116794.csv,True,False,False,1751924994.1864777,239607.91611671448
186229,1751924754.5787866,1751924949.0545928,batch_consumer-sts-0_20250707_214918_116794.csv,True,False,False,1751924994.1864777,239607.6910495758
186239,1751924754.5790052,1751924949.07943,batch_consumer-sts-0_20250707_214918_116794.csv,True,False,False,1751924994.1864777,239607.47241973877
186249,1751924754.5792327,1751924949.105315,batch_consumer-sts-0_20250707_214918_116794.csv,True,False,False,1751924994.1864777,239607.2449684143
186259,1751924754.579462,1751924949.1303985,batch_consumer-sts-0_20250707_214918_116794.csv,True,False,False,1751924994.1864777,239607.0156097412
186269,1751924754.5797951,1751924949.1558874,batch_consumer-sts-0_20250707_214918_116794.csv,True,False,False,1751924994.1864777,239606.6825389862
186279,1751924754.579985,1751924949.1815012,batch_consumer-sts-0_20250707_214918_116794.csv,True,False,False,1751924994.1864777,239606.49275779724
186289,1751924754.580168,1751924949.2061682,batch_consumer-sts-0_20250707_214918_116794.csv,True,False,False,1751924994.1864777,239606.3096523285
186299,1751924754.580353,1751924949.230844,batch_consumer-sts-0_20250707_214918_116794.csv,True,False,False,1751924994.1864777,239606.1246395111
186309,1751924754.580541,1751924949.257584,batch_consumer-sts-0_20250707_214918_116794.csv,True,False,False,1751924994.1864777,239605.93676567078
186319,1751924754.580725,1751924949.2828228,batch_consumer-sts-0_20250707_214918_116794.csv,True,False,False,1751924994.1864777,239605.7527065277
186329,1751924754.580912,1751924949.307297,batch_consumer-sts-0_20250707_214918_116794.csv,True,False,False,1751924994.1864777,239605.56554794312
186339,1751924754.5810933,1751924949.332538,batch_consumer-sts-0_20250707_214918_116794.csv,True,False,False,1751924994.1864777,239605.384349823
186349,1751924754.5812802,1751924949.3601408,batch_consumer-sts-0_20250707_214918_116794.csv,True,False,False,1751924994.1864777,239605.19742965698
186359,1751924754.5814686,1751924949.385913,batch_consumer-sts-0_20250707_214918_116794.csv,True,False,False,1751924994.1864777,239605.0090789795
186369,1751924754.5816474,1751924949.410408,batch_consumer-sts-0_20250707_214918_116794.csv,True,False,False,1751924994.1864777,239604.83026504517
186379,1751924754.5818284,1751924949.435443,batch_consumer-sts-0_20250707_214918_116794.csv,True,False,False,1751924994.1864777,239604.64930534363
186389,1751924754.5823452,1751924950.2578502,batch_consumer-sts-0_20250707_214918_116794.csv,True,False,False,1751924994.1864777,239604.13241386414
186399,1751924754.5826569,1751924950.2828453,batch_consumer-sts-0_20250707_214918_116794.csv,True,False,False,1751924994.1864777,239603.82080078125
186409,1751924754.582878,1751924950.308081,batch_consumer-sts-0_20250707_214918_116794.csv,True,False,False,1751924994.1864777,239603.59954833984
186419,1751924754.5832758,1751924950.3327634,batch_consumer-sts-0_20250707_214918_116794.csv,True,False,False,1751924994.1864777,239603.2018661499
186429,1751924754.5835166,1751924950.357434,batch_consumer-sts-0_20250707_214918_116794.csv,True,False,False,1751924994.1864777,239602.961063385
186439,1751924754.5837376,1751924950.382407,batch_consumer-sts-0_20250707_214918_116794.csv,True,False,False,1751924994.1864777,239602.74004936218
186449,1751924754.5842505,1751924950.4069526,batch_consumer-sts-0_20250707_214918_116794.csv,True,False,False,1751924994.1864777,239602.22721099854
186459,1751924754.584463,1751924950.4318612,batch_consumer-sts-0_20250707_214918_116794.csv,True,False,False,1751924994.1864777,239602.01478004456
186469,1751924754.5846777,1751924950.4565942,batch_consumer-sts-0_20250707_214918_116794.csv,True,False,False,1751924994.1864777,239601.79996490479
186479,1751924754.584883,1751924950.4814763,batch_consumer-sts-0_20250707_214918_116794.csv,True,False,False,1751924994.1864777,239601.59468650818
186489,1751924754.5850823,1751924950.5069926,batch_consumer-sts-0_20250707_214918_116794.csv,True,False,False,1751924994.1864777,239601.39536857605
186499,1751924754.5852604,1751924950.5317464,batch_consumer-sts-0_20250707_214918_116794.csv,True,False,False,1751924994.1864777,239601.21726989746
186509,1751924754.5854418,1751924950.5569563,batch_consumer-sts-0_20250707_214918_116794.csv,True,False,False,1751924994.1864777,239601.03583335876
186519,1751924754.585619,1751924950.5816278,batch_consumer-sts-0_20250707_214918_116794.csv,True,False,False,1751924994.1864777,239600.8586883545
186529,1751924754.5858135,1751924950.6067543,batch_consumer-sts-0_20250707_214918_116794.csv,True,False,False,1751924994.1864777,239600.66413879395
186539,1751924754.585999,1751924950.6314764,batch_consumer-sts-0_20250707_214918_116794.csv,True,False,False,1751924994.1864777,239600.4786491394
186549,1751924754.5861988,1751924950.6565082,batch_consumer-sts-0_20250707_214918_116794.csv,True,False,False,1751924994.1864777,239600.27885437012
186559,1751924754.5863934,1751924950.681083,batch_consumer-sts-0_20250707_214918_116794.csv,True,False,False,1751924994.1864777,239600.08430480957
186569,1751924754.58658,1751924950.7055058,batch_consumer-sts-0_20250707_214918_116794.csv,True,False,False,1751924994.1864777,239599.89762306213
186579,1751924754.5867712,1751924950.7307708,batch_consumer-sts-0_20250707_214918_116794.csv,True,False,False,1751924994.1864777,239599.7064113617
186589,1751924754.5869956,1751924950.7558715,batch_consumer-sts-0_20250707_214918_116794.csv,True,False,False,1751924994.1864777,239599.48205947876
186599,1751924754.5872009,1751924950.7808864,batch_consumer-sts-0_20250707_214918_116794.csv,True,False,False,1751924994.1864777,239599.27678108215
186609,1751924754.5873833,1751924950.8055696,batch_consumer-sts-0_20250707_214918_116794.csv,True,False,False,1751924994.1864777,239599.09439086914
186619,1751924754.587574,1751924950.830762,batch_consumer-sts-0_20250707_214918_116794.csv,True,False,False,1751924994.1864777,239598.90365600586
186629,1751924754.5877657,1751924950.8558874,batch_consumer-sts-0_20250707_214918_116794.csv,True,False,False,1751924994.1864777,239598.71196746826
186639,1751924754.5879557,1751924950.8809843,batch_consumer-sts-0_20250707_214918_116794.csv,True,False,False,1751924994.1864777,239598.52194786072
186649,1751924754.5881643,1751924950.90716,batch_consumer-sts-0_20250707_214918_116794.csv,True,False,False,1751924994.1864777,239598.313331604
186659,1751924754.5883477,1751924950.9325042,batch_consumer-sts-0_20250707_214918_116794.csv,True,False,False,1751924994.1864777,239598.12998771667
186669,1751924754.5885527,1751924950.9580777,batch_consumer-sts-0_20250707_214918_116794.csv,True,False,False,1751924994.1864777,239597.92494773865
186679,1751924754.5887482,1751924950.9822946,batch_consumer-sts-0_20250707_214918_116794.csv,True,False,False,1751924994.1864777,239597.72944450378
186689,1751924754.5889456,1751924951.0067725,batch_consumer-sts-0_20250707_214918_116794.csv,True,False,False,1751924994.1864777,239597.5320339203
186699,1751924754.5891457,1751924952.0336835,batch_consumer-sts-0_20250707_214918_116794.csv,True,False,False,1751924994.1864777,239597.33200073242
186709,1751924754.589382,1751924952.058789,batch_consumer-sts-0_20250707_214918_116794.csv,True,False,False,1751924994.1864777,239597.09572792053
186719,1751924754.5896027,1751924952.0838325,batch_consumer-sts-0_20250707_214918_116794.csv,True,False,False,1751924994.1864777,239596.87495231628
186729,1751924754.5898194,1751924952.1084332,batch_consumer-sts-0_20250707_214918_116794.csv,True,False,False,1751924994.1864777,239596.65822982788
186739,1751924754.590039,1751924952.1331575,batch_consumer-sts-0_20250707_214918_116794.csv,True,False,False,1751924994.1864777,239596.43864631653
186749,1751924754.5902617,1751924952.1600862,batch_consumer-sts-0_20250707_214918_116794.csv,True,False,False,1751924994.1864777,239596.21596336365
186759,1751924754.590485,1751924952.1851528,batch_consumer-sts-0_20250707_214918_116794.csv,True,False,False,1751924994.1864777,239595.99256515503
186769,1751924754.590676,1751924952.2098415,batch_consumer-sts-0_20250707_214918_116794.csv,True,False,False,1751924994.1864777,239595.80159187317
186779,1751924754.5908625,1751924952.234284,batch_consumer-sts-0_20250707_214918_116794.csv,True,False,False,1751924994.1864777,239595.6151485443
186789,1751924754.591058,1751924952.2588522,batch_consumer-sts-0_20250707_214918_116794.csv,True,False,False,1751924994.1864777,239595.41964530945
186799,1751924754.5912445,1751924952.3265572,batch_consumer-sts-0_20250707_214918_116794.csv,True,False,False,1751924994.1864777,239595.2332019806
186809,1751924754.5914452,1751924952.3515904,batch_consumer-sts-0_20250707_214918_116794.csv,True,False,False,1751924994.1864777,239595.032453537
186819,1751924754.5916238,1751924952.3765974,batch_consumer-sts-0_20250707_214918_116794.csv,True,False,False,1751924994.1864777,239594.85387802124
186829,1751924754.5918036,1751924952.401401,batch_consumer-sts-0_20250707_214918_116794.csv,True,False,False,1751924994.1864777,239594.6741104126
186839,1751924754.59199,1751924952.4247868,batch_consumer-sts-0_20250707_214918_116794.csv,True,False,False,1751924994.1864777,239594.48766708374
186849,1751924754.5921688,1751924952.4494731,batch_consumer-sts-0_20250707_214918_116794.csv,True,False,False,1751924994.1864777,239594.3088531494
186859,1751924754.5923436,1751924952.4744203,batch_consumer-sts-0_20250707_214918_116794.csv,True,False,False,1751924994.1864777,239594.13409233093
186869,1751924754.592523,1751924952.5001185,batch_consumer-sts-0_20250707_214918_116794.csv,True,False,False,1751924994.1864777,239593.95456314087
186879,1751924754.5927007,1751924952.5277443,batch_consumer-sts-0_20250707_214918_116794.csv,True,False,False,1751924994.1864777,239593.77694129944
186889,1751924754.592878,1751924952.552902,batch_consumer-sts-0_20250707_214918_116794.csv,True,False,False,1751924994.1864777,239593.5995578766
186899,1751924754.5930574,1751924952.5781343,batch_consumer-sts-0_20250707_214918_116794.csv,True,False,False,1751924994.1864777,239593.4202671051
186909,1751924754.5932384,1751924952.602708,batch_consumer-sts-0_20250707_214918_116794.csv,True,False,False,1751924994.1864777,239593.23930740356
186919,1751924754.5934114,1751924952.6277082,batch_consumer-sts-0_20250707_214918_116794.csv,True,False,False,1751924994.1864777,239593.06621551514
186929,1751924754.5935888,1751924952.6525297,batch_consumer-sts-0_20250707_214918_116794.csv,True,False,False,1751924994.1864777,239592.88883209229
186939,1751924754.5937676,1751924952.6776233,batch_consumer-sts-0_20250707_214918_116794.csv,True,False,False,1751924994.1864777,239592.71001815796
186949,1751924754.5939662,1751924952.702422,batch_consumer-sts-0_20250707_214918_116794.csv,True,False,False,1751924994.1864777,239592.51141548157
186959,1751924754.5941634,1751924952.727634,batch_consumer-sts-0_20250707_214918_116794.csv,True,False,False,1751924994.1864777,239592.31424331665
186969,1751924754.5943582,1751924952.7561357,batch_consumer-sts-0_20250707_214918_116794.csv,True,False,False,1751924994.1864777,239592.11945533752
186979,1751924754.5945494,1751924952.7812133,batch_consumer-sts-0_20250707_214918_116794.csv,True,False,False,1751924994.1864777,239591.92824363708
186989,1751924754.594747,1751924952.8063114,batch_consumer-sts-0_20250707_214918_116794.csv,True,False,False,1751924994.1864777,239591.730594635
186999,1751924754.594939,1751924952.8308754,batch_consumer-sts-0_20250707_214918_116794.csv,True,False,False,1751924994.1864777,239591.53866767883
187009,1751924754.5951414,1751924952.8561063,batch_consumer-sts-0_20250707_214918_116794.csv,True,False,False,1751924994.1864777,239591.33625030518
187019,1751924754.5953386,1751924952.8814049,batch_consumer-sts-0_20250707_214918_116794.csv,True,False,False,1751924994.1864777,239591.13907814026
187029,1751924754.595549,1751924952.9088526,batch_consumer-sts-0_20250707_214918_116794.csv,True,False,False,1751924994.1864777,239590.9285545349
187039,1751924754.5957336,1751924952.934476,batch_consumer-sts-0_20250707_214918_116794.csv,True,False,False,1751924994.1864777,239590.7440185547
187049,1751924754.595919,1751924952.960679,batch_consumer-sts-0_20250707_214918_116794.csv,True,False,False,1751924994.1864777,239590.55876731873
187059,1751924754.5961025,1751924952.986397,batch_consumer-sts-0_20250707_214918_116794.csv,True,False,False,1751924994.1864777,239590.37518501282
187069,1751924754.5963013,1751924953.010498,batch_consumer-sts-0_20250707_214918_116794.csv,True,False,False,1751924994.1864777,239590.17634391785
187079,1751924754.59649,1751924953.0356116,batch_consumer-sts-0_20250707_214918_116794.csv,True,False,False,1751924994.1864777,239589.98775482178
188329,1751924756.777691,1751924953.0605776,batch_consumer-sts-0_20250707_214918_116794.csv,True,False,False,1751924994.1864777,237408.78677368164
188339,1751924756.7780075,1751924953.085436,batch_consumer-sts-0_20250707_214918_116794.csv,True,False,False,1751924994.1864777,237408.4701538086
188349,1751924756.7783992,1751924953.1096883,batch_consumer-sts-0_20250707_214918_116794.csv,True,False,False,1751924994.1864777,237408.07843208313
188359,1751924756.7788146,1751924953.1348288,batch_consumer-sts-0_20250707_214918_116794.csv,True,False,False,1751924994.1864777,237407.66310691833
188369,1751924756.7792358,1751924953.1596644,batch_consumer-sts-0_20250707_214918_116794.csv,True,False,False,1751924994.1864777,237407.24182128906
188379,1751924756.7796445,1751924953.1845183,batch_consumer-sts-0_20250707_214918_116794.csv,True,False,False,1751924994.1864777,237406.83317184448
188389,1751924756.7800682,1751924953.209126,batch_consumer-sts-0_20250707_214918_116794.csv,True,False,False,1751924994.1864777,237406.40950202942
188399,1751924756.780475,1751924953.2336814,batch_consumer-sts-0_20250707_214918_116794.csv,True,False,False,1751924994.1864777,237406.00275993347
188409,1751924756.7809029,1751924953.2584202,batch_consumer-sts-0_20250707_214918_116794.csv,True,False,False,1751924994.1864777,237405.57479858398
188419,1751924756.7814062,1751924953.283099,batch_consumer-sts-0_20250707_214918_116794.csv,True,False,False,1751924994.1864777,237405.0714969635
188429,1751924756.78182,1751924953.3079906,batch_consumer-sts-0_20250707_214918_116794.csv,True,False,False,1751924994.1864777,237404.65760231018
188439,1751924756.7822435,1751924953.3327763,batch_consumer-sts-0_20250707_214918_116794.csv,True,False,False,1751924994.1864777,237404.2341709137
188449,1751924756.7826538,1751924953.357797,batch_consumer-sts-0_20250707_214918_116794.csv,True,False,False,1751924994.1864777,237403.82385253906
188459,1751924756.7830954,1751924953.384937,batch_consumer-sts-0_20250707_214918_116794.csv,True,False,False,1751924994.1864777,237403.38230133057
188469,1751924756.7834969,1751924953.4097528,batch_consumer-sts-0_20250707_214918_116794.csv,True,False,False,1751924994.1864777,237402.98080444336
188479,1751924756.7839143,1751924953.4348843,batch_consumer-sts-0_20250707_214918_116794.csv,True,False,False,1751924994.1864777,237402.56333351135
188489,1751924756.7843454,1751924953.4596248,batch_consumer-sts-0_20250707_214918_116794.csv,True,False,False,1751924994.1864777,237402.13227272034
188499,1751924756.7847583,1751924953.4860156,batch_consumer-sts-0_20250707_214918_116794.csv,True,False,False,1751924994.1864777,237401.71933174133
188509,1751924756.7851715,1751924953.5109992,batch_consumer-sts-0_20250707_214918_116794.csv,True,False,False,1751924994.1864777,237401.30615234375
188519,1751924756.785602,1751924953.535893,batch_consumer-sts-0_20250707_214918_116794.csv,True,False,False,1751924994.1864777,237400.8755683899
188529,1751924756.7860308,1751924953.5610025,batch_consumer-sts-0_20250707_214918_116794.csv,True,False,False,1751924994.1864777,237400.44689178467
188539,1751924756.786459,1751924953.5861988,batch_consumer-sts-0_20250707_214918_116794.csv,True,False,False,1751924994.1864777,237400.0186920166
188549,1751924756.7868805,1751924953.611534,batch_consumer-sts-0_20250707_214918_116794.csv,True,False,False,1751924994.1864777,237399.59716796875
188559,1751924756.787294,1751924953.636701,batch_consumer-sts-0_20250707_214918_116794.csv,True,False,False,1751924994.1864777,237399.1837501526
188569,1751924756.7877104,1751924953.662672,batch_consumer-sts-0_20250707_214918_116794.csv,True,False,False,1751924994.1864777,237398.7672328949
188579,1751924756.7881172,1751924953.6873617,batch_consumer-sts-0_20250707_214918_116794.csv,True,False,False,1751924994.1864777,237398.36049079895
188589,1751924756.7885256,1751924953.7126422,batch_consumer-sts-0_20250707_214918_116794.csv,True,False,False,1751924994.1864777,237397.95207977295
188599,1751924756.7889411,1751924953.7376142,batch_consumer-sts-0_20250707_214918_116794.csv,True,False,False,1751924994.1864777,237397.53651618958
188609,1751924756.789363,1751924953.7623386,batch_consumer-sts-0_20250707_214918_116794.csv,True,False,False,1751924994.1864777,237397.11475372314
188619,1751924756.7897778,1751924953.7874925,batch_consumer-sts-0_20250707_214918_116794.csv,True,False,False,1751924994.1864777,237396.6999053955
188629,1751924756.790227,1751924953.8124256,batch_consumer-sts-0_20250707_214918_116794.csv,True,False,False,1751924994.1864777,237396.25072479248
188639,1751924756.7906656,1751924953.836728,batch_consumer-sts-0_20250707_214918_116794.csv,True,False,False,1751924994.1864777,237395.81203460693
188649,1751924756.7910783,1751924953.8613486,batch_consumer-sts-0_20250707_214918_116794.csv,True,False,False,1751924994.1864777,237395.3993320465
188659,1751924756.7914994,1751924953.886268,batch_consumer-sts-0_20250707_214918_116794.csv,True,False,False,1751924994.1864777,237394.97828483582
188669,1751924756.791942,1751924953.910838,batch_consumer-sts-0_20250707_214918_116794.csv,True,False,False,1751924994.1864777,237394.535779953
188679,1751924756.7923534,1751924953.9357738,batch_consumer-sts-0_20250707_214918_116794.csv,True,False,False,1751924994.1864777,237394.12426948547
188689,1751924756.792786,1751924953.9604158,batch_consumer-sts-0_20250707_214918_116794.csv,True,False,False,1751924994.1864777,237393.69177818298
188699,1751924756.7932026,1751924953.985,batch_consumer-sts-0_20250707_214918_116794.csv,True,False,False,1751924994.1864777,237393.2750225067
188709,1751924756.793635,1751924954.009578,batch_consumer-sts-0_20250707_214918_116794.csv,True,False,False,1751924994.1864777,237392.8427696228
188719,1751924756.794073,1751924954.0341146,batch_consumer-sts-0_20250707_214918_116794.csv,True,False,False,1751924994.1864777,237392.4045562744
188729,1751924756.7944975,1751924954.0595534,batch_consumer-sts-0_20250707_214918_116794.csv,True,False,False,1751924994.1864777,237391.9801712036
188739,1751924756.794913,1751924954.0849392,batch_consumer-sts-0_20250707_214918_116794.csv,True,False,False,1751924994.1864777,237391.56460762024
188749,1751924756.7953303,1751924954.1112063,batch_consumer-sts-0_20250707_214918_116794.csv,True,False,False,1751924994.1864777,237391.1473751068
188759,1751924756.7957406,1751924954.1358988,batch_consumer-sts-0_20250707_214918_116794.csv,True,False,False,1751924994.1864777,237390.73705673218
188769,1751924756.796129,1751924954.16071,batch_consumer-sts-0_20250707_214918_116794.csv,True,False,False,1751924994.1864777,237390.34867286682
188779,1751924756.7965405,1751924954.185628,batch_consumer-sts-0_20250707_214918_116794.csv,True,False,False,1751924994.1864777,237389.9371623993
188789,1751924756.796966,1751924954.21077,batch_consumer-sts-0_20250707_214918_116794.csv,True,False,False,1751924994.1864777,237389.5115852356
188799,1751924756.7973807,1751924954.235588,batch_consumer-sts-0_20250707_214918_116794.csv,True,False,False,1751924994.1864777,237389.09697532654
188809,1751924756.797808,1751924954.2607906,batch_consumer-sts-0_20250707_214918_116794.csv,True,False,False,1751924994.1864777,237388.6697292328
188819,1751924756.798238,1751924954.2859385,batch_consumer-sts-0_20250707_214918_116794.csv,True,False,False,1751924994.1864777,237388.2396221161
188829,1751924756.798678,1751924954.3122337,batch_consumer-sts-0_20250707_214918_116794.csv,True,False,False,1751924994.1864777,237387.79973983765
188839,1751924756.7990968,1751924954.336696,batch_consumer-sts-0_20250707_214918_116794.csv,True,False,False,1751924994.1864777,237387.38083839417
188849,1751924756.7995143,1751924954.361204,batch_consumer-sts-0_20250707_214918_116794.csv,True,False,False,1751924994.1864777,237386.96336746216
188859,1751924756.799925,1751924954.3850715,batch_consumer-sts-0_20250707_214918_116794.csv,True,False,False,1751924994.1864777,237386.55257225037
188869,1751924756.8003466,1751924954.4095547,batch_consumer-sts-0_20250707_214918_116794.csv,True,False,False,1751924994.1864777,237386.13104820251
188879,1751924756.8007658,1751924954.43437,batch_consumer-sts-0_20250707_214918_116794.csv,True,False,False,1751924994.1864777,237385.71190834045
188889,1751924756.8011684,1751924954.4592416,batch_consumer-sts-0_20250707_214918_116794.csv,True,False,False,1751924994.1864777,237385.30921936035
188899,1751924756.8015912,1751924954.48428,batch_consumer-sts-0_20250707_214918_116794.csv,True,False,False,1751924994.1864777,237384.8865032196
188909,1751924756.8020265,1751924954.5088007,batch_consumer-sts-0_20250707_214918_116794.csv,True,False,False,1751924994.1864777,237384.45115089417
188919,1751924756.8024445,1751924954.533888,batch_consumer-sts-0_20250707_214918_116794.csv,True,False,False,1751924994.1864777,237384.033203125
188929,1751924756.8028698,1751924954.5590484,batch_consumer-sts-0_20250707_214918_116794.csv,True,False,False,1751924994.1864777,237383.60786437988
188939,1751924756.8032792,1751924954.612003,batch_consumer-sts-0_20250707_214918_116794.csv,True,False,False,1751924994.1864777,237383.19849967957
188949,1751924756.8036864,1751924954.6368778,batch_consumer-sts-0_20250707_214918_116794.csv,True,False,False,1751924994.1864777,237382.79128074646
188959,1751924756.804111,1751924954.6615207,batch_consumer-sts-0_20250707_214918_116794.csv,True,False,False,1751924994.1864777,237382.36665725708
188969,1751924756.8045394,1751924954.685947,batch_consumer-sts-0_20250707_214918_116794.csv,True,False,False,1751924994.1864777,237381.93821907043
188979,1751924756.8049648,1751924955.1935492,batch_consumer-sts-0_20250707_214918_116794.csv,True,False,False,1751924994.1864777,237381.51288032532
188989,1751924756.8053885,1751924955.2175348,batch_consumer-sts-0_20250707_214918_116794.csv,True,False,False,1751924994.1864777,237381.08921051025
188999,1751924756.805801,1751924955.2419524,batch_consumer-sts-0_20250707_214918_116794.csv,True,False,False,1751924994.1864777,237380.6767463684
189009,1751924756.8062382,1751924955.266057,batch_consumer-sts-0_20250707_214918_116794.csv,True,False,False,1751924994.1864777,237380.23948669434
189019,1751924756.806657,1751924955.2902908,batch_consumer-sts-0_20250707_214918_116794.csv,True,False,False,1751924994.1864777,237379.82058525085
189029,1751924756.807277,1751924955.3136218,batch_consumer-sts-0_20250707_214918_116794.csv,True,False,False,1751924994.1864777,237379.2006969452
189039,1751924756.8076704,1751924955.338194,batch_consumer-sts-0_20250707_214918_116794.csv,True,False,False,1751924994.1864777,237378.80730628967
189049,1751924756.8080788,1751924955.362459,batch_consumer-sts-0_20250707_214918_116794.csv,True,False,False,1751924994.1864777,237378.39889526367
189059,1751924756.8085053,1751924955.3869212,batch_consumer-sts-0_20250707_214918_116794.csv,True,False,False,1751924994.1864777,237377.97236442566
189069,1751924756.8089075,1751924955.4115045,batch_consumer-sts-0_20250707_214918_116794.csv,True,False,False,1751924994.1864777,237377.57015228271
189079,1751924756.8093278,1751924955.436059,batch_consumer-sts-0_20250707_214918_116794.csv,True,False,False,1751924994.1864777,237377.14982032776
189089,1751924756.8097408,1751924955.4604597,batch_consumer-sts-0_20250707_214918_116794.csv,True,False,False,1751924994.1864777,237376.73687934875
189099,1751924756.8101506,1751924955.485108,batch_consumer-sts-0_20250707_214918_116794.csv,True,False,False,1751924994.1864777,237376.32703781128
189109,1751924756.8105693,1751924955.509575,batch_consumer-sts-0_20250707_214918_116794.csv,True,False,False,1751924994.1864777,237375.90837478638
189119,1751924756.8109865,1751924955.5341785,batch_consumer-sts-0_20250707_214918_116794.csv,True,False,False,1751924994.1864777,237375.49114227295
189129,1751924756.8114166,1751924955.5579343,batch_consumer-sts-0_20250707_214918_116794.csv,True,False,False,1751924994.1864777,237375.06103515625
189139,1751924756.8118386,1751924955.5824046,batch_consumer-sts-0_20250707_214918_116794.csv,True,False,False,1751924994.1864777,237374.63903427124
189149,1751924756.8122544,1751924955.6066935,batch_consumer-sts-0_20250707_214918_116794.csv,True,False,False,1751924994.1864777,237374.2232322693
189159,1751924756.8126726,1751924955.6311731,batch_consumer-sts-0_20250707_214918_116794.csv,True,False,False,1751924994.1864777,237373.80504608154
189169,1751924756.8130825,1751924955.655702,batch_consumer-sts-0_20250707_214918_116794.csv,True,False,False,1751924994.1864777,237373.39520454407
189179,1751924756.813496,1751924955.6807516,batch_consumer-sts-0_20250707_214918_116794.csv,True,False,False,1751924994.1864777,237372.98154830933
189189,1751924756.8139217,1751924955.7053385,batch_consumer-sts-0_20250707_214918_116794.csv,True,False,False,1751924994.1864777,237372.55597114563
189199,1751924756.8143597,1751924955.7300253,batch_consumer-sts-0_20250707_214918_116794.csv,True,False,False,1751924994.1864777,237372.11799621582
189209,1751924756.8147738,1751924955.7549798,batch_consumer-sts-0_20250707_214918_116794.csv,True,False,False,1751924994.1864777,237371.70386314392
189219,1751924756.815205,1751924955.779622,batch_consumer-sts-0_20250707_214918_116794.csv,True,False,False,1751924994.1864777,237371.27256393433
189229,1751924756.8155792,1751924955.8041403,batch_consumer-sts-0_20250707_214918_116794.csv,True,False,False,1751924994.1864777,237370.89848518372
189239,1751924756.815914,1751924955.8284132,batch_consumer-sts-0_20250707_214918_116794.csv,True,False,False,1751924994.1864777,237370.56374549866
189249,1751924756.816258,1751924955.8530374,batch_consumer-sts-0_20250707_214918_116794.csv,True,False,False,1751924994.1864777,237370.219707489
189259,1751924756.816583,1751924955.877931,batch_consumer-sts-0_20250707_214918_116794.csv,True,False,False,1751924994.1864777,237369.8947429657
189269,1751924756.8169055,1751924955.9025614,batch_consumer-sts-0_20250707_214918_116794.csv,True,False,False,1751924994.1864777,237369.57216262817
189279,1751924756.8172855,1751924955.927506,batch_consumer-sts-0_20250707_214918_116794.csv,True,False,False,1751924994.1864777,237369.1921234131
197629,1751924758.9961212,1751924955.9523647,batch_consumer-sts-0_20250707_214918_116794.csv,True,False,False,1751924994.1864777,235190.35649299622
197639,1751924758.9963632,1751924955.976938,batch_consumer-sts-0_20250707_214918_116794.csv,True,False,False,1751924994.1864777,235190.11449813843
197649,1751924758.9966075,1751924956.0015514,batch_consumer-sts-0_20250707_214918_116794.csv,True,False,False,1751924994.1864777,235189.87011909485
197659,1751924758.9968455,1751924956.0260696,batch_consumer-sts-0_20250707_214918_116794.csv,True,False,False,1751924994.1864777,235189.6321773529
197669,1751924758.9970803,1751924956.0500138,batch_consumer-sts-0_20250707_214918_116794.csv,True,False,False,1751924994.1864777,235189.3973350525
197679,1751924758.997314,1751924957.0755692,batch_consumer-sts-0_20250707_214918_116794.csv,True,False,False,1751924994.1864777,235189.16368484497
197689,1751924758.9975383,1751924957.1002924,batch_consumer-sts-0_20250707_214918_116794.csv,True,False,False,1751924994.1864777,235188.93933296204
197699,1751924758.9977684,1751924957.1244354,batch_consumer-sts-0_20250707_214918_116794.csv,True,False,False,1751924994.1864777,235188.7092590332
197709,1751924758.998001,1751924957.1484387,batch_consumer-sts-0_20250707_214918_116794.csv,True,False,False,1751924994.1864777,235188.4765625
197719,1751924758.9982412,1751924957.1725025,batch_consumer-sts-0_20250707_214918_116794.csv,True,False,False,1751924994.1864777,235188.23647499084
197729,1751924758.9984715,1751924957.1967108,batch_consumer-sts-0_20250707_214918_116794.csv,True,False,False,1751924994.1864777,235188.00616264343
197739,1751924758.9987006,1751924957.220868,batch_consumer-sts-0_20250707_214918_116794.csv,True,False,False,1751924994.1864777,235187.77704238892
197749,1751924758.998933,1751924957.2453847,batch_consumer-sts-0_20250707_214918_116794.csv,True,False,False,1751924994.1864777,235187.5445842743
197759,1751924758.9991612,1751924957.2699287,batch_consumer-sts-0_20250707_214918_116794.csv,True,False,False,1751924994.1864777,235187.3164176941
197769,1751924758.9993863,1751924957.293949,batch_consumer-sts-0_20250707_214918_116794.csv,True,False,False,1751924994.1864777,235187.09135055542
197779,1751924758.9996216,1751924957.317886,batch_consumer-sts-0_20250707_214918_116794.csv,True,False,False,1751924994.1864777,235186.85603141785
197789,1751924758.9998531,1751924957.3419738,batch_consumer-sts-0_20250707_214918_116794.csv,True,False,False,1751924994.1864777,235186.62452697754
197799,1751924759.000091,1751924957.3664334,batch_consumer-sts-0_20250707_214918_116794.csv,True,False,False,1751924994.1864777,235186.3865852356
197809,1751924759.000317,1751924957.4621618,batch_consumer-sts-0_20250707_214918_116794.csv,True,False,False,1751924994.1864777,235186.1605644226
197819,1751924759.000546,1751924957.4865303,batch_consumer-sts-0_20250707_214918_116794.csv,True,False,False,1751924994.1864777,235185.93168258667
197829,1751924759.0007837,1751924957.5111606,batch_consumer-sts-0_20250707_214918_116794.csv,True,False,False,1751924994.1864777,235185.6939792633
197839,1751924759.0010178,1751924957.535435,batch_consumer-sts-0_20250707_214918_116794.csv,True,False,False,1751924994.1864777,235185.45985221863
197849,1751924759.001252,1751924957.55983,batch_consumer-sts-0_20250707_214918_116794.csv,True,False,False,1751924994.1864777,235185.22572517395
197859,1751924759.001485,1751924957.5841212,batch_consumer-sts-0_20250707_214918_116794.csv,True,False,False,1751924994.1864777,235184.9925518036
197869,1751924759.0017238,1751924957.6082675,batch_consumer-sts-0_20250707_214918_116794.csv,True,False,False,1751924994.1864777,235184.7538948059
197879,1751924759.001961,1751924957.6324286,batch_consumer-sts-0_20250707_214918_116794.csv,True,False,False,1751924994.1864777,235184.5166683197
197889,1751924759.00221,1751924957.655558,batch_consumer-sts-0_20250707_214918_116794.csv,True,False,False,1751924994.1864777,235184.26775932312
197899,1751924759.0024445,1751924957.6798184,batch_consumer-sts-0_20250707_214918_116794.csv,True,False,False,1751924994.1864777,235184.03315544128
197909,1751924759.0026824,1751924957.7042603,batch_consumer-sts-0_20250707_214918_116794.csv,True,False,False,1751924994.1864777,235183.79521369934
197919,1751924759.002934,1751924957.7287154,batch_consumer-sts-0_20250707_214918_116794.csv,True,False,False,1751924994.1864777,235183.5436820984
197929,1751924759.0031755,1751924957.7526722,batch_consumer-sts-0_20250707_214918_116794.csv,True,False,False,1751924994.1864777,235183.30216407776
197939,1751924759.003412,1751924957.7767186,batch_consumer-sts-0_20250707_214918_116794.csv,True,False,False,1751924994.1864777,235183.0656528473
197949,1751924759.003613,1751924957.8009448,batch_consumer-sts-0_20250707_214918_116794.csv,True,False,False,1751924994.1864777,235182.8646659851
197959,1751924759.003806,1751924957.8250074,batch_consumer-sts-0_20250707_214918_116794.csv,True,False,False,1751924994.1864777,235182.67154693604
197969,1751924759.0040002,1751924957.8492153,batch_consumer-sts-0_20250707_214918_116794.csv,True,False,False,1751924994.1864777,235182.47747421265
197979,1751924759.0042014,1751924957.8735487,batch_consumer-sts-0_20250707_214918_116794.csv,True,False,False,1751924994.1864777,235182.27624893188
197989,1751924759.004397,1751924957.8975952,batch_consumer-sts-0_20250707_214918_116794.csv,True,False,False,1751924994.1864777,235182.08074569702
197999,1751924759.0045822,1751924957.922024,batch_consumer-sts-0_20250707_214918_116794.csv,True,False,False,1751924994.1864777,235181.89549446106
198009,1751924759.004766,1751924957.9466476,batch_consumer-sts-0_20250707_214918_116794.csv,True,False,False,1751924994.1864777,235181.71167373657
198019,1751924759.0049462,1751924957.9709332,batch_consumer-sts-0_20250707_214918_116794.csv,True,False,False,1751924994.1864777,235181.53142929077
198029,1751924759.0051286,1751924957.995216,batch_consumer-sts-0_20250707_214918_116794.csv,True,False,False,1751924994.1864777,235181.34903907776
198039,1751924759.005312,1751924958.0196395,batch_consumer-sts-0_20250707_214918_116794.csv,True,False,False,1751924994.1864777,235181.16569519043
198049,1751924759.0054977,1751924958.0440016,batch_consumer-sts-0_20250707_214918_116794.csv,True,False,False,1751924994.1864777,235180.9799671173
198059,1751924759.0056844,1751924958.06831,batch_consumer-sts-0_20250707_214918_116794.csv,True,False,False,1751924994.1864777,235180.79328536987
198069,1751924759.0058694,1751924958.0917904,batch_consumer-sts-0_20250707_214918_116794.csv,True,False,False,1751924994.1864777,235180.6082725525
198079,1751924759.0060756,1751924958.3763998,batch_consumer-sts-0_20250707_214936_150284.csv,True,False,False,1751924994.1864777,235180.40204048157
198089,1751924759.0063212,1751924958.4012015,batch_consumer-sts-0_20250707_214936_150284.csv,True,False,False,1751924994.1864777,235180.1564693451
198099,1751924759.0065606,1751924958.4255152,batch_consumer-sts-0_20250707_214936_150284.csv,True,False,False,1751924994.1864777,235179.91709709167
198109,1751924759.0068,1751924958.4503312,batch_consumer-sts-0_20250707_214936_150284.csv,True,False,False,1751924994.1864777,235179.67772483826
198119,1751924759.0070364,1751924958.47499,batch_consumer-sts-0_20250707_214936_150284.csv,True,False,False,1751924994.1864777,235179.4412136078
198129,1751924759.0072732,1751924958.4995658,batch_consumer-sts-0_20250707_214936_150284.csv,True,False,False,1751924994.1864777,235179.20446395874
198139,1751924759.007506,1751924958.5242524,batch_consumer-sts-0_20250707_214936_150284.csv,True,False,False,1751924994.1864777,235178.97176742554
198149,1751924759.0077362,1751924958.5491323,batch_consumer-sts-0_20250707_214936_150284.csv,True,False,False,1751924994.1864777,235178.74145507812
198159,1751924759.00797,1751924958.5734909,batch_consumer-sts-0_20250707_214936_150284.csv,True,False,False,1751924994.1864777,235178.50756645203
198169,1751924759.0082076,1751924958.598029,batch_consumer-sts-0_20250707_214936_150284.csv,True,False,False,1751924994.1864777,235178.27010154724
198179,1751924759.0084476,1751924958.6219988,batch_consumer-sts-0_20250707_214936_150284.csv,True,False,False,1751924994.1864777,235178.0300140381
198189,1751924759.008684,1751924958.6468923,batch_consumer-sts-0_20250707_214936_150284.csv,True,False,False,1751924994.1864777,235177.7937412262
198199,1751924759.0089223,1751924958.671352,batch_consumer-sts-0_20250707_214936_150284.csv,True,False,False,1751924994.1864777,235177.5553226471
198209,1751924759.009161,1751924958.694668,batch_consumer-sts-0_20250707_214936_150284.csv,True,False,False,1751924994.1864777,235177.3166656494
198219,1751924759.0093975,1751924958.7193682,batch_consumer-sts-0_20250707_214936_150284.csv,True,False,False,1751924994.1864777,235177.08015441895
198229,1751924759.0096374,1751924958.7438123,batch_consumer-sts-0_20250707_214936_150284.csv,True,False,False,1751924994.1864777,235176.84030532837
198239,1751924759.0098789,1751924958.7684171,batch_consumer-sts-0_20250707_214936_150284.csv,True,False,False,1751924994.1864777,235176.59878730774
198249,1751924759.0101194,1751924958.7927456,batch_consumer-sts-0_20250707_214936_150284.csv,True,False,False,1751924994.1864777,235176.35822296143
198259,1751924759.0103705,1751924958.816679,batch_consumer-sts-0_20250707_214936_150284.csv,True,False,False,1751924994.1864777,235176.10716819763
198269,1751924759.0106146,1751924958.840696,batch_consumer-sts-0_20250707_214936_150284.csv,True,False,False,1751924994.1864777,235175.86302757263
198279,1751924759.0108616,1751924958.864978,batch_consumer-sts-0_20250707_214936_150284.csv,True,False,False,1751924994.1864777,235175.61602592468
198289,1751924759.0111032,1751924958.889645,batch_consumer-sts-0_20250707_214936_150284.csv,True,False,False,1751924994.1864777,235175.37450790405
198299,1751924759.0113354,1751924958.9143147,batch_consumer-sts-0_20250707_214936_150284.csv,True,False,False,1751924994.1864777,235175.142288208
198309,1751924759.0115714,1751924958.9388506,batch_consumer-sts-0_20250707_214936_150284.csv,True,False,False,1751924994.1864777,235174.9062538147
198319,1751924759.011887,1751924958.9637566,batch_consumer-sts-0_20250707_214936_150284.csv,True,False,False,1751924994.1864777,235174.59058761597
198329,1751924759.0121267,1751924958.9878733,batch_consumer-sts-0_20250707_214936_150284.csv,True,False,False,1751924994.1864777,235174.35097694397
198339,1751924759.0123725,1751924959.0122137,batch_consumer-sts-0_20250707_214936_150284.csv,True,False,False,1751924994.1864777,235174.10516738892
198349,1751924759.0127203,1751924959.0362673,batch_consumer-sts-0_20250707_214936_150284.csv,True,False,False,1751924994.1864777,235173.757314682
198359,1751924759.013054,1751924959.060218,batch_consumer-sts-0_20250707_214936_150284.csv,True,False,False,1751924994.1864777,235173.42376708984
198369,1751924759.0133915,1751924959.0841522,batch_consumer-sts-0_20250707_214936_150284.csv,True,False,False,1751924994.1864777,235173.08616638184
198379,1751924759.0137298,1751924959.108212,batch_consumer-sts-0_20250707_214936_150284.csv,True,False,False,1751924994.1864777,235172.7478504181
198389,1751924759.014073,1751924959.1321025,batch_consumer-sts-0_20250707_214936_150284.csv,True,False,False,1751924994.1864777,235172.40476608276
198399,1751924759.014438,1751924959.1559143,batch_consumer-sts-0_20250707_214936_150284.csv,True,False,False,1751924994.1864777,235172.03974723816
198409,1751924759.0147731,1751924959.1802788,batch_consumer-sts-0_20250707_214936_150284.csv,True,False,False,1751924994.1864777,235171.70453071594
198419,1751924759.0151236,1751924959.204256,batch_consumer-sts-0_20250707_214936_150284.csv,True,False,False,1751924994.1864777,235171.35405540466
198429,1751924759.0154784,1751924959.2283075,batch_consumer-sts-0_20250707_214936_150284.csv,True,False,False,1751924994.1864777,235170.99928855896
198439,1751924759.015844,1751924959.2520523,batch_consumer-sts-0_20250707_214936_150284.csv,True,False,False,1751924994.1864777,235170.63355445862
198449,1751924759.0161903,1751924959.276274,batch_consumer-sts-0_20250707_214936_150284.csv,True,False,False,1751924994.1864777,235170.28737068176
198459,1751924759.0165343,1751924959.300614,batch_consumer-sts-0_20250707_214936_150284.csv,True,False,False,1751924994.1864777,235169.94333267212
198469,1751924759.0168946,1751924959.325009,batch_consumer-sts-0_20250707_214936_150284.csv,True,False,False,1751924994.1864777,235169.5830821991
198479,1751924759.0172546,1751924959.349165,batch_consumer-sts-0_20250707_214936_150284.csv,True,False,False,1751924994.1864777,235169.22307014465
198489,1751924759.0176618,1751924959.3732717,batch_consumer-sts-0_20250707_214936_150284.csv,True,False,False,1751924994.1864777,235168.81585121155
198499,1751924759.0179386,1751924959.397709,batch_consumer-sts-0_20250707_214936_150284.csv,True,False,False,1751924994.1864777,235168.5390472412
198509,1751924759.0182495,1751924959.4219007,batch_consumer-sts-0_20250707_214936_150284.csv,True,False,False,1751924994.1864777,235168.22814941406
198519,1751924759.0186026,1751924959.446135,batch_consumer-sts-0_20250707_214936_150284.csv,True,False,False,1751924994.1864777,235167.8750514984
198529,1751924759.018956,1751924959.470191,batch_consumer-sts-0_20250707_214936_150284.csv,True,False,False,1751924994.1864777,235167.52171516418
198539,1751924759.0193126,1751924959.4946158,batch_consumer-sts-0_20250707_214936_150284.csv,True,False,False,1751924994.1864777,235167.16504096985
198549,1751924759.019678,1751924959.5188932,batch_consumer-sts-0_20250707_214936_150284.csv,True,False,False,1751924994.1864777,235166.7995452881
198559,1751924759.020041,1751924959.5431476,batch_consumer-sts-0_20250707_214936_150284.csv,True,False,False,1751924994.1864777,235166.4366722107
198569,1751924759.0205462,1751924959.5674858,batch_consumer-sts-0_20250707_214936_150284.csv,True,False,False,1751924994.1864777,235165.93146324158
198579,1751924759.0218582,1751924959.5920486,batch_consumer-sts-0_20250707_214936_150284.csv,True,False,False,1751924994.1864777,235164.61944580078
198589,1751924759.0226138,1751924959.6164532,batch_consumer-sts-0_20250707_214936_150284.csv,True,False,False,1751924994.1864777,235163.8638973236
198599,1751924759.0229683,1751924959.640977,batch_consumer-sts-0_20250707_214936_150284.csv,True,False,False,1751924994.1864777,235163.50936889648
198609,1751924759.0233152,1751924959.6653032,batch_consumer-sts-0_20250707_214936_150284.csv,True,False,False,1751924994.1864777,235163.1624698639
198619,1751924759.0236628,1751924959.6895866,batch_consumer-sts-0_20250707_214936_150284.csv,True,False,False,1751924994.1864777,235162.81485557556
198629,1751924759.0240102,1751924960.139532,batch_consumer-sts-0_20250707_214936_150284.csv,True,False,False,1751924994.1864777,235162.4674797058
198639,1751924759.02436,1751924960.164565,batch_consumer-sts-0_20250707_214936_150284.csv,True,False,False,1751924994.1864777,235162.11771965027
198649,1751924759.0247073,1751924960.189035,batch_consumer-sts-0_20250707_214936_150284.csv,True,False,False,1751924994.1864777,235161.77034378052
198659,1751924759.0250475,1751924960.2586331,batch_consumer-sts-0_20250707_214936_150284.csv,True,False,False,1751924994.1864777,235161.43012046814
198669,1751924759.0253882,1751924960.7242851,batch_consumer-sts-0_20250707_214936_150284.csv,True,False,False,1751924994.1864777,235161.0894203186
198679,1751924759.02572,1751924960.748745,batch_consumer-sts-0_20250707_214936_150284.csv,True,False,False,1751924994.1864777,235160.75778007507
198689,1751924759.025961,1751924960.773152,batch_consumer-sts-0_20250707_214936_150284.csv,True,False,False,1751924994.1864777,235160.5167388916
198699,1751924759.0262015,1751924960.797431,batch_consumer-sts-0_20250707_214936_150284.csv,True,False,False,1751924994.1864777,235160.2761745453
198709,1751924759.0264382,1751924960.8215697,batch_consumer-sts-0_20250707_214936_150284.csv,True,False,False,1751924994.1864777,235160.03942489624
198719,1751924759.0266757,1751924960.8461108,batch_consumer-sts-0_20250707_214936_150284.csv,True,False,False,1751924994.1864777,235159.80195999146
198729,1751924759.0269125,1751924960.870674,batch_consumer-sts-0_20250707_214936_150284.csv,True,False,False,1751924994.1864777,235159.5652103424
198739,1751924759.027158,1751924960.8947904,batch_consumer-sts-0_20250707_214936_150284.csv,True,False,False,1751924994.1864777,235159.31963920593
198749,1751924759.0274005,1751924960.9187543,batch_consumer-sts-0_20250707_214936_150284.csv,True,False,False,1751924994.1864777,235159.077167511
198759,1751924759.0276396,1751924960.942938,batch_consumer-sts-0_20250707_214936_150284.csv,True,False,False,1751924994.1864777,235158.83803367615
198769,1751924759.0278752,1751924960.967289,batch_consumer-sts-0_20250707_214936_150284.csv,True,False,False,1751924994.1864777,235158.60247612
198779,1751924759.0281148,1751924960.990444,batch_consumer-sts-0_20250707_214936_150284.csv,True,False,False,1751924994.1864777,235158.362865448
198789,1751924759.0283575,1751924961.0152206,batch_consumer-sts-0_20250707_214936_150284.csv,True,False,False,1751924994.1864777,235158.12015533447
198799,1751924759.0286,1751924961.039518,batch_consumer-sts-0_20250707_214936_150284.csv,True,False,False,1751924994.1864777,235157.87768363953
198809,1751924759.0288377,1751924961.0639155,batch_consumer-sts-0_20250707_214936_150284.csv,True,False,False,1751924994.1864777,235157.63998031616
198819,1751924759.0290794,1751924961.0880065,batch_consumer-sts-0_20250707_214936_150284.csv,True,False,False,1751924994.1864777,235157.39822387695
198829,1751924759.0293157,1751924961.1119778,batch_consumer-sts-0_20250707_214936_150284.csv,True,False,False,1751924994.1864777,235157.16195106506
198839,1751924759.0295632,1751924961.1361055,batch_consumer-sts-0_20250707_214936_150284.csv,True,False,False,1751924994.1864777,235156.91447257996
198849,1751924759.029807,1751924961.1602674,batch_consumer-sts-0_20250707_214936_150284.csv,True,False,False,1751924994.1864777,235156.67057037354
198859,1751924759.0300484,1751924961.184626,batch_consumer-sts-0_20250707_214936_150284.csv,True,False,False,1751924994.1864777,235156.42929077148
198869,1751924759.0302958,1751924961.2089496,batch_consumer-sts-0_20250707_214936_150284.csv,True,False,False,1751924994.1864777,235156.18181228638
198879,1751924759.030543,1751924962.2348804,batch_consumer-sts-0_20250707_214936_150284.csv,True,False,False,1751924994.1864777,235155.93457221985
198889,1751924759.030788,1751924962.259475,batch_consumer-sts-0_20250707_214936_150284.csv,True,False,False,1751924994.1864777,235155.6897163391
198899,1751924759.0310228,1751924962.283707,batch_consumer-sts-0_20250707_214936_150284.csv,True,False,False,1751924994.1864777,235155.4548740387
198909,1751924759.031265,1751924962.308354,batch_consumer-sts-0_20250707_214936_150284.csv,True,False,False,1751924994.1864777,235155.21264076233
198919,1751924759.03151,1751924962.3314795,batch_consumer-sts-0_20250707_214936_150284.csv,True,False,False,1751924994.1864777,235154.967546463
198929,1751924759.0317028,1751924962.356037,batch_consumer-sts-0_20250707_214936_150284.csv,True,False,False,1751924994.1864777,235154.7749042511
198939,1751924759.03188,1751924962.3818617,batch_consumer-sts-0_20250707_214936_150284.csv,True,False,False,1751924994.1864777,235154.59775924683
198949,1751924759.0320945,1751924962.406039,batch_consumer-sts-0_20250707_214936_150284.csv,True,False,False,1751924994.1864777,235154.38318252563
198959,1751924759.0323284,1751924962.4304178,batch_consumer-sts-0_20250707_214936_150284.csv,True,False,False,1751924994.1864777,235154.14929389954
198969,1751924759.0325897,1751924962.454559,batch_consumer-sts-0_20250707_214936_150284.csv,True,False,False,1751924994.1864777,235153.88798713684
198979,1751924759.0328312,1751924962.478973,batch_consumer-sts-0_20250707_214936_150284.csv,True,False,False,1751924994.1864777,235153.6464691162
198989,1751924759.0330725,1751924962.5031338,batch_consumer-sts-0_20250707_214936_150284.csv,True,False,False,1751924994.1864777,235153.40518951416
198999,1751924759.033312,1751924962.9457452,batch_consumer-sts-0_20250707_214936_150284.csv,True,False,False,1751924994.1864777,235153.16557884216
199009,1751924759.0335448,1751924962.9693086,batch_consumer-sts-0_20250707_214936_150284.csv,True,False,False,1751924994.1864777,235152.93288230896
199019,1751924759.0337749,1751924962.9928796,batch_consumer-sts-0_20250707_214936_150284.csv,True,False,False,1751924994.1864777,235152.70280838013
199029,1751924759.0340135,1751924963.016392,batch_consumer-sts-0_20250707_214936_150284.csv,True,False,False,1751924994.1864777,235152.46415138245
199039,1751924759.034256,1751924963.0400994,batch_consumer-sts-0_20250707_214936_150284.csv,True,False,False,1751924994.1864777,235152.2216796875
199049,1751924759.0344863,1751924963.0640018,batch_consumer-sts-0_20250707_214936_150284.csv,True,False,False,1751924994.1864777,235151.9913673401
199059,1751924759.034724,1751924963.087823,batch_consumer-sts-0_20250707_214936_150284.csv,True,False,False,1751924994.1864777,235151.75366401672
199069,1751924759.0349612,1751924963.1114943,batch_consumer-sts-0_20250707_214936_150284.csv,True,False,False,1751924994.1864777,235151.51643753052
199079,1751924759.0351908,1751924963.135101,batch_consumer-sts-0_20250707_214936_150284.csv,True,False,False,1751924994.1864777,235151.28684043884
199089,1751924759.0354297,1751924963.158755,batch_consumer-sts-0_20250707_214936_150284.csv,True,False,False,1751924994.1864777,235151.04794502258
199099,1751924759.035658,1751924963.1823778,batch_consumer-sts-0_20250707_214936_150284.csv,True,False,False,1751924994.1864777,235150.81977844238
199109,1751924759.0358942,1751924963.2058468,batch_consumer-sts-0_20250707_214936_150284.csv,True,False,False,1751924994.1864777,235150.5835056305
251879,1751924763.852961,1751924963.2292857,batch_consumer-sts-0_20250707_214936_150284.csv,True,False,False,1751924994.1864777,230333.5165977478
251889,1751924763.8532124,1751924963.252888,batch_consumer-sts-0_20250707_214936_150284.csv,True,False,False,1751924994.1864777,230333.26530456543
251899,1751924763.8534548,1751924963.2763624,batch_consumer-sts-0_20250707_214936_150284.csv,True,False,False,1751924994.1864777,230333.02283287048
251909,1751924763.8537111,1751924963.2998395,batch_consumer-sts-0_20250707_214936_150284.csv,True,False,False,1751924994.1864777,230332.76653289795
251919,1751924763.8539472,1751924963.323345,batch_consumer-sts-0_20250707_214936_150284.csv,True,False,False,1751924994.1864777,230332.53049850464
251929,1751924763.854204,1751924963.3468368,batch_consumer-sts-0_20250707_214936_150284.csv,True,False,False,1751924994.1864777,230332.27372169495
251939,1751924763.854448,1751924963.370332,batch_consumer-sts-0_20250707_214936_150284.csv,True,False,False,1751924994.1864777,230332.02958106995
251949,1751924763.854696,1751924963.393878,batch_consumer-sts-0_20250707_214936_150284.csv,True,False,False,1751924994.1864777,230331.78162574768
251959,1751924763.854934,1751924963.4173028,batch_consumer-sts-0_20250707_214936_150284.csv,True,False,False,1751924994.1864777,230331.54368400574
251969,1751924763.8551824,1751924963.4407723,batch_consumer-sts-0_20250707_214936_150284.csv,True,False,False,1751924994.1864777,230331.2952518463
251979,1751924763.855419,1751924963.4644856,batch_consumer-sts-0_20250707_214936_150284.csv,True,False,False,1751924994.1864777,230331.05874061584
251989,1751924763.855659,1751924963.488016,batch_consumer-sts-0_20250707_214936_150284.csv,True,False,False,1751924994.1864777,230330.8186531067
251999,1751924763.8559067,1751924963.511549,batch_consumer-sts-0_20250707_214936_150284.csv,True,False,False,1751924994.1864777,230330.570936203
252009,1751924763.8561578,1751924963.5350852,batch_consumer-sts-0_20250707_214936_150284.csv,True,False,False,1751924994.1864777,230330.3198814392
252019,1751924763.8563993,1751924963.5586004,batch_consumer-sts-0_20250707_214936_150284.csv,True,False,False,1751924994.1864777,230330.07836341858
252029,1751924763.8566394,1751924963.5822756,batch_consumer-sts-0_20250707_214936_150284.csv,True,False,False,1751924994.1864777,230329.83827590942
252039,1751924763.8568778,1751924963.6057572,batch_consumer-sts-0_20250707_214936_150284.csv,True,False,False,1751924994.1864777,230329.59985733032
252049,1751924763.8571248,1751924963.6291614,batch_consumer-sts-0_20250707_214936_150284.csv,True,False,False,1751924994.1864777,230329.35285568237
252059,1751924763.8573048,1751924963.6525652,batch_consumer-sts-0_20250707_214936_150284.csv,True,False,False,1751924994.1864777,230329.17284965515
252069,1751924763.8574874,1751924963.676038,batch_consumer-sts-0_20250707_214936_150284.csv,True,False,False,1751924994.1864777,230328.99022102356
252079,1751924763.8576748,1751924963.6996603,batch_consumer-sts-0_20250707_214936_150284.csv,True,False,False,1751924994.1864777,230328.8028240204
252089,1751924763.8578646,1751924963.7233164,batch_consumer-sts-0_20250707_214936_150284.csv,True,False,False,1751924994.1864777,230328.61304283142
252099,1751924763.8580532,1751924963.7465658,batch_consumer-sts-0_20250707_214936_150284.csv,True,False,False,1751924994.1864777,230328.42445373535
252109,1751924763.8583288,1751924963.7699664,batch_consumer-sts-0_20250707_214936_150284.csv,True,False,False,1751924994.1864777,230328.1488418579
252119,1751924763.858566,1751924963.7932782,batch_consumer-sts-0_20250707_214936_150284.csv,True,False,False,1751924994.1864777,230327.9116153717
252129,1751924763.8588068,1751924963.8165538,batch_consumer-sts-0_20250707_214936_150284.csv,True,False,False,1751924994.1864777,230327.6708126068
252139,1751924763.8590484,1751924963.838847,batch_consumer-sts-0_20250707_214936_150284.csv,True,False,False,1751924994.1864777,230327.42929458618
252149,1751924763.8592844,1751924963.8621788,batch_consumer-sts-0_20250707_214936_150284.csv,True,False,False,1751924994.1864777,230327.19326019287
252159,1751924763.8595183,1751924963.8853607,batch_consumer-sts-0_20250707_214936_150284.csv,True,False,False,1751924994.1864777,230326.95937156677
252169,1751924763.8597558,1751924963.9086351,batch_consumer-sts-0_20250707_214936_150284.csv,True,False,False,1751924994.1864777,230326.721906662
252179,1751924763.8599892,1751924963.9318678,batch_consumer-sts-0_20250707_214936_150284.csv,True,False,False,1751924994.1864777,230326.48849487305
252189,1751924763.860232,1751924963.955084,batch_consumer-sts-0_20250707_214936_150284.csv,True,False,False,1751924994.1864777,230326.24554634094
252199,1751924763.8604662,1751924963.9784205,batch_consumer-sts-0_20250707_214936_150284.csv,True,False,False,1751924994.1864777,230326.01141929626
252209,1751924763.8607156,1751924964.0007606,batch_consumer-sts-0_20250707_214936_150284.csv,True,False,False,1751924994.1864777,230325.76203346252
252219,1751924763.8609433,1751924964.0241632,batch_consumer-sts-0_20250707_214936_150284.csv,True,False,False,1751924994.1864777,230325.53434371948
252229,1751924763.8611777,1751924964.048071,batch_consumer-sts-0_20250707_214936_150284.csv,True,False,False,1751924994.1864777,230325.29997825623
252239,1751924763.861414,1751924964.0718987,batch_consumer-sts-0_20250707_214936_150284.csv,True,False,False,1751924994.1864777,230325.06370544434
252249,1751924763.8616543,1751924964.0953448,batch_consumer-sts-0_20250707_214936_150284.csv,True,False,False,1751924994.1864777,230324.8233795166
252259,1751924763.8618906,1751924964.1187425,batch_consumer-sts-0_20250707_214936_150284.csv,True,False,False,1751924994.1864777,230324.5871067047
252269,1751924763.86213,1751924964.14237,batch_consumer-sts-0_20250707_214936_150284.csv,True,False,False,1751924994.1864777,230324.3477344513
252279,1751924763.862392,1751924964.1658957,batch_consumer-sts-0_20250707_214936_150284.csv,True,False,False,1751924994.1864777,230324.08571243286
252289,1751924763.8626478,1751924964.1894112,batch_consumer-sts-0_20250707_214936_150284.csv,True,False,False,1751924994.1864777,230323.82988929749
252299,1751924763.862887,1751924964.2128031,batch_consumer-sts-0_20250707_214936_150284.csv,True,False,False,1751924994.1864777,230323.59075546265
252309,1751924763.8631222,1751924964.2362895,batch_consumer-sts-0_20250707_214936_150284.csv,True,False,False,1751924994.1864777,230323.35543632507
252319,1751924763.8633568,1751924964.2599227,batch_consumer-sts-0_20250707_214936_150284.csv,True,False,False,1751924994.1864777,230323.12083244324
252329,1751924763.863611,1751924964.2834797,batch_consumer-sts-0_20250707_214936_150284.csv,True,False,False,1751924994.1864777,230322.86667823792
252339,1751924763.8638723,1751924964.3069324,batch_consumer-sts-0_20250707_214936_150284.csv,True,False,False,1751924994.1864777,230322.60537147522
252349,1751924763.8641136,1751924964.330486,batch_consumer-sts-0_20250707_214936_150284.csv,True,False,False,1751924994.1864777,230322.36409187317
252359,1751924763.8643558,1751924964.3540254,batch_consumer-sts-0_20250707_214936_150284.csv,True,False,False,1751924994.1864777,230322.1218585968
252369,1751924763.864606,1751924964.377546,batch_consumer-sts-0_20250707_214936_150284.csv,True,False,False,1751924994.1864777,230321.87175750732
252379,1751924763.8648508,1751924964.4010117,batch_consumer-sts-0_20250707_214936_150284.csv,True,False,False,1751924994.1864777,230321.6269016266
252389,1751924763.8650882,1751924964.424571,batch_consumer-sts-0_20250707_214936_150284.csv,True,False,False,1751924994.1864777,230321.3894367218
252399,1751924763.8653286,1751924964.4480903,batch_consumer-sts-0_20250707_214936_150284.csv,True,False,False,1751924994.1864777,230321.14911079407
252409,1751924763.865573,1751924964.4715755,batch_consumer-sts-0_20250707_214936_150284.csv,True,False,False,1751924994.1864777,230320.9047317505
252419,1751924763.8658185,1751924964.4951406,batch_consumer-sts-0_20250707_214936_150284.csv,True,False,False,1751924994.1864777,230320.659160614
252429,1751924763.8660696,1751924964.5188272,batch_consumer-sts-0_20250707_214936_150284.csv,True,False,False,1751924994.1864777,230320.40810585022
252439,1751924763.8663197,1751924964.5425344,batch_consumer-sts-0_20250707_214936_150284.csv,True,False,False,1751924994.1864777,230320.15800476074
252449,1751924763.866712,1751924964.566449,batch_consumer-sts-0_20250707_214936_150284.csv,True,False,False,1751924994.1864777,230319.76556777954
252459,1751924763.8669505,1751924964.589973,batch_consumer-sts-0_20250707_214936_150284.csv,True,False,False,1751924994.1864777,230319.52714920044
252469,1751924763.86719,1751924964.6133893,batch_consumer-sts-0_20250707_214936_150284.csv,True,False,False,1751924994.1864777,230319.28777694702
252479,1751924763.8674254,1751924964.6366477,batch_consumer-sts-0_20250707_214936_150284.csv,True,False,False,1751924994.1864777,230319.05221939087
252489,1751924763.8676653,1751924964.6599178,batch_consumer-sts-0_20250707_214936_150284.csv,True,False,False,1751924994.1864777,230318.8123703003
252499,1751924763.867915,1751924964.6833742,batch_consumer-sts-0_20250707_214936_150284.csv,True,False,False,1751924994.1864777,230318.56274604797
252509,1751924763.8681593,1751924964.7067251,batch_consumer-sts-0_20250707_214936_150284.csv,True,False,False,1751924994.1864777,230318.3183670044
252519,1751924763.8683984,1751924964.730156,batch_consumer-sts-0_20250707_214936_150284.csv,True,False,False,1751924994.1864777,230318.07923316956
252529,1751924763.8686428,1751924964.7536771,batch_consumer-sts-0_20250707_214936_150284.csv,True,False,False,1751924994.1864777,230317.83485412598
252539,1751924763.8689258,1751924964.7770834,batch_consumer-sts-0_20250707_214936_150284.csv,True,False,False,1751924994.1864777,230317.55185127258
252549,1751924763.8691275,1751924964.800387,batch_consumer-sts-0_20250707_214936_150284.csv,True,False,False,1751924994.1864777,230317.35014915466
252559,1751924763.8693204,1751924964.9343526,batch_consumer-sts-0_20250707_214936_150284.csv,True,False,False,1751924994.1864777,230317.15726852417
252569,1751924763.8695118,1751924964.9579327,batch_consumer-sts-0_20250707_214936_150284.csv,True,False,False,1751924994.1864777,230316.96581840515
252579,1751924763.8697078,1751924964.981652,batch_consumer-sts-0_20250707_214936_150284.csv,True,False,False,1751924994.1864777,230316.76983833313
252589,1751924763.869911,1751924965.0054262,batch_consumer-sts-0_20250707_214936_150284.csv,True,False,False,1751924994.1864777,230316.56670570374
252599,1751924763.87011,1751924965.0293374,batch_consumer-sts-0_20250707_214936_150284.csv,True,False,False,1751924994.1864777,230316.3676261902
252609,1751924763.8703496,1751924965.0531592,batch_consumer-sts-0_20250707_214936_150284.csv,True,False,False,1751924994.1864777,230316.1280155182
252619,1751924763.8705935,1751924965.0770514,batch_consumer-sts-0_20250707_214936_150284.csv,True,False,False,1751924994.1864777,230315.88411331177
252629,1751924763.8708284,1751924965.101102,batch_consumer-sts-0_20250707_214936_150284.csv,True,False,False,1751924994.1864777,230315.64927101135
252639,1751924763.8710678,1751924965.1253555,batch_consumer-sts-0_20250707_214936_150284.csv,True,False,False,1751924994.1864777,230315.40989875793
252649,1751924763.871307,1751924965.1493256,batch_consumer-sts-0_20250707_214936_150284.csv,True,False,False,1751924994.1864777,230315.1707649231
252659,1751924763.8715742,1751924965.1731594,batch_consumer-sts-0_20250707_214936_150284.csv,True,False,False,1751924994.1864777,230314.90349769592
252669,1751924763.871815,1751924965.197358,batch_consumer-sts-0_20250707_214936_150284.csv,True,False,False,1751924994.1864777,230314.66269493103
252679,1751924763.872058,1751924965.2215402,batch_consumer-sts-0_20250707_214936_150284.csv,True,False,False,1751924994.1864777,230314.41974639893
252689,1751924763.8722963,1751924965.2457235,batch_consumer-sts-0_20250707_214936_150284.csv,True,False,False,1751924994.1864777,230314.18132781982
252699,1751924763.8725383,1751924965.2698116,batch_consumer-sts-0_20250707_214936_150284.csv,True,False,False,1751924994.1864777,230313.93933296204
252709,1751924763.8727796,1751924965.2939303,batch_consumer-sts-0_20250707_214936_150284.csv,True,False,False,1751924994.1864777,230313.69805335999
252719,1751924763.8730252,1751924965.3179598,batch_consumer-sts-0_20250707_214936_150284.csv,True,False,False,1751924994.1864777,230313.4524822235
252729,1751924763.8732944,1751924965.3931236,batch_consumer-sts-0_20250707_214936_150284.csv,True,False,False,1751924994.1864777,230313.1833076477
252739,1751924763.873531,1751924965.4171298,batch_consumer-sts-0_20250707_214936_150284.csv,True,False,False,1751924994.1864777,230312.94655799866
252749,1751924763.873767,1751924965.4411557,batch_consumer-sts-0_20250707_214936_150284.csv,True,False,False,1751924994.1864777,230312.71076202393
252759,1751924763.8740098,1751924965.4650233,batch_consumer-sts-0_20250707_214936_150284.csv,True,False,False,1751924994.1864777,230312.46781349182
252769,1751924763.8742533,1751924965.4887576,batch_consumer-sts-0_20250707_214936_150284.csv,True,False,False,1751924994.1864777,230312.22438812256
252779,1751924763.8744855,1751924965.7965536,batch_consumer-sts-0_20250707_214936_150284.csv,True,False,False,1751924994.1864777,230311.9921684265
252789,1751924763.8747303,1751924965.8207266,batch_consumer-sts-0_20250707_214936_150284.csv,True,False,False,1751924994.1864777,230311.74731254578
252799,1751924763.8749676,1751924965.844596,batch_consumer-sts-0_20250707_214936_150284.csv,True,False,False,1751924994.1864777,230311.51008605957
252809,1751924763.8752124,1751924965.8682978,batch_consumer-sts-0_20250707_214936_150284.csv,True,False,False,1751924994.1864777,230311.26523017883
252819,1751924763.8754482,1751924965.8918126,batch_consumer-sts-0_20250707_214936_150284.csv,True,False,False,1751924994.1864777,230311.0294342041
252829,1751924763.87569,1751924965.91526,batch_consumer-sts-0_20250707_214936_150284.csv,True,False,False,1751924994.1864777,230310.7876777649
252839,1751924763.8759267,1751924965.9388218,batch_consumer-sts-0_20250707_214936_150284.csv,True,False,False,1751924994.1864777,230310.55092811584
252849,1751924763.8761775,1751924965.9625256,batch_consumer-sts-0_20250707_214936_150284.csv,True,False,False,1751924994.1864777,230310.30011177063
252859,1751924763.8764174,1751924965.986157,batch_consumer-sts-0_20250707_214936_150284.csv,True,False,False,1751924994.1864777,230310.06026268005
252869,1751924763.8766615,1751924966.0097198,batch_consumer-sts-0_20250707_214936_150284.csv,True,False,False,1751924994.1864777,230309.81612205505
252879,1751924763.8769023,1751924966.0334077,batch_consumer-sts-0_20250707_214936_150284.csv,True,False,False,1751924994.1864777,230309.57531929016
252889,1751924763.8771434,1751924966.0572574,batch_consumer-sts-0_20250707_214936_150284.csv,True,False,False,1751924994.1864777,230309.3342781067
252899,1751924763.87738,1751924966.0810585,batch_consumer-sts-0_20250707_214936_150284.csv,True,False,False,1751924994.1864777,230309.09776687622
252909,1751924763.87761,1751924966.1048243,batch_consumer-sts-0_20250707_214936_150284.csv,True,False,False,1751924994.1864777,230308.8676929474
252919,1751924763.8778412,1751924966.1282086,batch_consumer-sts-0_20250707_214936_150284.csv,True,False,False,1751924994.1864777,230308.63642692566
252929,1751924763.8780775,1751924966.1515312,batch_consumer-sts-0_20250707_214936_150284.csv,True,False,False,1751924994.1864777,230308.40015411377
252939,1751924763.8783317,1751924966.1739686,batch_consumer-sts-0_20250707_214936_150284.csv,True,False,False,1751924994.1864777,230308.14599990845
252949,1751924763.878571,1751924966.1976192,batch_consumer-sts-0_20250707_214936_150284.csv,True,False,False,1751924994.1864777,230307.90662765503
252959,1751924763.878814,1751924966.2215235,batch_consumer-sts-0_20250707_214936_150284.csv,True,False,False,1751924994.1864777,230307.66367912292
252969,1751924763.879052,1751924966.243946,batch_consumer-sts-0_20250707_214936_150284.csv,True,False,False,1751924994.1864777,230307.42573738098
252979,1751924763.8792875,1751924966.267522,batch_consumer-sts-0_20250707_214936_150284.csv,True,False,False,1751924994.1864777,230307.19017982483
252989,1751924763.879531,1751924966.2912188,batch_consumer-sts-0_20250707_214936_150284.csv,True,False,False,1751924994.1864777,230306.94675445557
252999,1751924763.8797665,1751924966.314747,batch_consumer-sts-0_20250707_214936_150284.csv,True,False,False,1751924994.1864777,230306.7111968994
253009,1751924763.879998,1751924966.3384745,batch_consumer-sts-0_20250707_214936_150284.csv,True,False,False,1751924994.1864777,230306.4796924591
253019,1751924763.8802328,1751924966.3615136,batch_consumer-sts-0_20250707_214936_150284.csv,True,False,False,1751924994.1864777,230306.2448501587
253029,1751924763.8804653,1751924966.3840468,batch_consumer-sts-0_20250707_214936_150284.csv,True,False,False,1751924994.1864777,230306.01239204407
253039,1751924763.8807032,1751924967.4092414,batch_consumer-sts-0_20250707_214936_150284.csv,True,False,False,1751924994.1864777,230305.77445030212
253049,1751924763.880942,1751924967.4332397,batch_consumer-sts-0_20250707_214936_150284.csv,True,False,False,1751924994.1864777,230305.53555488586
253059,1751924763.8811743,1751924967.456764,batch_consumer-sts-0_20250707_214936_150284.csv,True,False,False,1751924994.1864777,230305.30333518982
253069,1751924763.881416,1751924967.480343,batch_consumer-sts-0_20250707_214936_150284.csv,True,False,False,1751924994.1864777,230305.0615787506
253079,1751924763.8816729,1751924967.5040874,batch_consumer-sts-0_20250707_214936_150284.csv,True,False,False,1751924994.1864777,230304.80480194092
253089,1751924763.8819802,1751924967.528155,batch_consumer-sts-0_20250707_214936_150284.csv,True,False,False,1751924994.1864777,230304.49748039246
253099,1751924763.882243,1751924967.552618,batch_consumer-sts-0_20250707_214936_150284.csv,True,False,False,1751924994.1864777,230304.2347431183
253109,1751924763.8824823,1751924967.576349,batch_consumer-sts-0_20250707_214936_150284.csv,True,False,False,1751924994.1864777,230303.99537086487
253119,1751924763.882728,1751924967.5999336,batch_consumer-sts-0_20250707_214936_150284.csv,True,False,False,1751924994.1864777,230303.7495613098
253129,1751924763.882964,1751924967.623445,batch_consumer-sts-0_20250707_214936_150284.csv,True,False,False,1751924994.1864777,230303.51376533508
253139,1751924763.8856304,1751924967.9836078,batch_consumer-sts-0_20250707_214936_150284.csv,True,False,False,1751924994.1864777,230300.8472919464
253149,1751924763.8858838,1751924968.0070732,batch_consumer-sts-0_20250707_214936_150284.csv,True,False,False,1751924994.1864777,230300.59385299683
253159,1751924763.88612,1751924968.0307865,batch_consumer-sts-0_20250707_214936_150284.csv,True,False,False,1751924994.1864777,230300.35758018494
253169,1751924763.8864305,1751924968.054706,batch_consumer-sts-0_20250707_214936_150284.csv,True,False,False,1751924994.1864777,230300.04715919495
253179,1751924763.8866975,1751924968.07888,batch_consumer-sts-0_20250707_214936_150284.csv,True,False,False,1751924994.1864777,230299.78013038635
253189,1751924763.8869576,1751924968.1027558,batch_consumer-sts-0_20250707_214936_150284.csv,True,False,False,1751924994.1864777,230299.52001571655
253199,1751924763.8872168,1751924968.126187,batch_consumer-sts-0_20250707_214936_150284.csv,True,False,False,1751924994.1864777,230299.26085472107
253209,1751924763.8874807,1751924968.149651,batch_consumer-sts-0_20250707_214936_150284.csv,True,False,False,1751924994.1864777,230298.996925354
253219,1751924763.8877482,1751924968.1731875,batch_consumer-sts-0_20250707_214936_150284.csv,True,False,False,1751924994.1864777,230298.72941970825
253229,1751924763.8880146,1751924968.196776,batch_consumer-sts-0_20250707_214936_150284.csv,True,False,False,1751924994.1864777,230298.4631061554
253239,1751924763.8882756,1751924968.220775,batch_consumer-sts-0_20250707_214936_150284.csv,True,False,False,1751924994.1864777,230298.20203781128
253249,1751924763.8885412,1751924968.244288,batch_consumer-sts-0_20250707_214936_150284.csv,True,False,False,1751924994.1864777,230297.93643951416
253259,1751924763.8888052,1751924968.267838,batch_consumer-sts-0_20250707_214936_150284.csv,True,False,False,1751924994.1864777,230297.6725101471
253269,1751924763.8890655,1751924968.291497,batch_consumer-sts-0_20250707_214936_150284.csv,True,False,False,1751924994.1864777,230297.41215705872
253279,1751924763.8893256,1751924968.3152616,batch_consumer-sts-0_20250707_214936_150284.csv,True,False,False,1751924994.1864777,230297.15204238892
253289,1751924763.8895822,1751924968.3390777,batch_consumer-sts-0_20250707_214936_150284.csv,True,False,False,1751924994.1864777,230296.8955039978
253299,1751924763.8898268,1751924968.3628464,batch_consumer-sts-0_20250707_214936_150284.csv,True,False,False,1751924994.1864777,230296.65088653564
253309,1751924763.890087,1751924968.3865423,batch_consumer-sts-0_20250707_214936_150284.csv,True,False,False,1751924994.1864777,230296.39077186584
253319,1751924763.8903463,1751924968.4106765,batch_consumer-sts-0_20250707_214936_150284.csv,True,False,False,1751924994.1864777,230296.13137245178
253329,1751924763.890602,1751924968.4346857,batch_consumer-sts-0_20250707_214936_150284.csv,True,False,False,1751924994.1864777,230295.8755493164
253339,1751924763.8908455,1751924968.4589665,batch_consumer-sts-0_20250707_214936_150284.csv,True,False,False,1751924994.1864777,230295.63212394714
253349,1751924763.8910875,1751924968.482992,batch_consumer-sts-0_20250707_214936_150284.csv,True,False,False,1751924994.1864777,230295.39012908936
253359,1751924763.89133,1751924968.506857,batch_consumer-sts-0_20250707_214936_150284.csv,True,False,False,1751924994.1864777,230295.1476573944
253369,1751924763.8915718,1751924968.5309286,batch_consumer-sts-0_20250707_214936_150284.csv,True,False,False,1751924994.1864777,230294.9059009552
253379,1751924763.8918223,1751924968.5552216,batch_consumer-sts-0_20250707_214936_150284.csv,True,False,False,1751924994.1864777,230294.65532302856
253389,1751924763.8920562,1751924968.5796945,batch_consumer-sts-0_20250707_214936_150284.csv,True,False,False,1751924994.1864777,230294.42143440247
253399,1751924763.8922937,1751924968.6040888,batch_consumer-sts-0_20250707_214936_150284.csv,True,False,False,1751924994.1864777,230294.18396949768
253409,1751924763.8925452,1751924968.6278665,batch_consumer-sts-0_20250707_214936_150284.csv,True,False,False,1751924994.1864777,230293.93243789673
253419,1751924763.892784,1751924968.6520686,batch_consumer-sts-0_20250707_214936_150284.csv,True,False,False,1751924994.1864777,230293.69354248047
292359,1751924765.0586696,1751924968.676069,batch_consumer-sts-0_20250707_214936_150284.csv,True,False,False,1751924994.1864777,229127.80809402466
292369,1751924765.0589125,1751924968.699906,batch_consumer-sts-0_20250707_214936_150284.csv,True,False,False,1751924994.1864777,229127.56514549255
292379,1751924765.059149,1751924968.7232778,batch_consumer-sts-0_20250707_214936_150284.csv,True,False,False,1751924994.1864777,229127.32863426208
292389,1751924765.0593865,1751924968.7467794,batch_consumer-sts-0_20250707_214936_150284.csv,True,False,False,1751924994.1864777,229127.0911693573
292399,1751924765.059615,1751924968.770469,batch_consumer-sts-0_20250707_214936_150284.csv,True,False,False,1751924994.1864777,229126.86276435852
292409,1751924765.059845,1751924968.793829,batch_consumer-sts-0_20250707_214936_150284.csv,True,False,False,1751924994.1864777,229126.6326904297
292419,1751924765.0600767,1751924968.8171442,batch_consumer-sts-0_20250707_214936_150284.csv,True,False,False,1751924994.1864777,229126.4009475708
292429,1751924765.0603125,1751924968.84056,batch_consumer-sts-0_20250707_214936_150284.csv,True,False,False,1751924994.1864777,229126.16515159607
292439,1751924765.060549,1751924968.862846,batch_consumer-sts-0_20250707_214936_150284.csv,True,False,False,1751924994.1864777,229125.9286403656
292449,1751924765.0607896,1751924968.8861003,batch_consumer-sts-0_20250707_214936_150284.csv,True,False,False,1751924994.1864777,229125.6880760193
292459,1751924765.0610194,1751924968.9093788,batch_consumer-sts-0_20250707_214936_150284.csv,True,False,False,1751924994.1864777,229125.45824050903
292469,1751924765.0612638,1751924968.9327102,batch_consumer-sts-0_20250707_214936_150284.csv,True,False,False,1751924994.1864777,229125.21386146545
292479,1751924765.0614924,1751924968.9560535,batch_consumer-sts-0_20250707_214936_150284.csv,True,False,False,1751924994.1864777,229124.9852180481
292489,1751924765.0617225,1751924968.9795344,batch_consumer-sts-0_20250707_214936_150284.csv,True,False,False,1751924994.1864777,229124.75514411926
292499,1751924765.061957,1751924969.0029,batch_consumer-sts-0_20250707_214936_150284.csv,True,False,False,1751924994.1864777,229124.520778656
292509,1751924765.062197,1751924969.0267994,batch_consumer-sts-0_20250707_214936_150284.csv,True,False,False,1751924994.1864777,229124.28069114685
292519,1751924765.0624382,1751924969.05054,batch_consumer-sts-0_20250707_214936_150284.csv,True,False,False,1751924994.1864777,229124.0394115448
292529,1751924765.0626743,1751924969.074417,batch_consumer-sts-0_20250707_214936_150284.csv,True,False,False,1751924994.1864777,229123.8033771515
292539,1751924765.0629346,1751924969.0981567,batch_consumer-sts-0_20250707_214936_150284.csv,True,False,False,1751924994.1864777,229123.5430240631
292549,1751924765.063388,1751924969.1220596,batch_consumer-sts-0_20250707_214936_150284.csv,True,False,False,1751924994.1864777,229123.08955192566
292559,1751924765.063929,1751924969.1459763,batch_consumer-sts-0_20250707_214936_150284.csv,True,False,False,1751924994.1864777,229122.54858016968
292569,1751924765.0642672,1751924969.169705,batch_consumer-sts-0_20250707_214936_150284.csv,True,False,False,1751924994.1864777,229122.2105026245
292579,1751924765.0647962,1751924969.1931963,batch_consumer-sts-0_20250707_214936_150284.csv,True,False,False,1751924994.1864777,229121.68145179749
292589,1751924765.0650206,1751924969.217018,batch_consumer-sts-0_20250707_214936_150284.csv,True,False,False,1751924994.1864777,229121.45709991455
292599,1751924765.0652504,1751924969.240522,batch_consumer-sts-0_20250707_214936_150284.csv,True,False,False,1751924994.1864777,229121.2272644043
292609,1751924765.065477,1751924969.263113,batch_consumer-sts-0_20250707_214936_150284.csv,True,False,False,1751924994.1864777,229121.00076675415
292619,1751924765.0657127,1751924969.286881,batch_consumer-sts-0_20250707_214936_150284.csv,True,False,False,1751924994.1864777,229120.76497077942
292629,1751924765.065941,1751924969.3104918,batch_consumer-sts-0_20250707_214936_150284.csv,True,False,False,1751924994.1864777,229120.53656578064
292639,1751924765.066194,1751924969.3339396,batch_consumer-sts-0_20250707_214936_150284.csv,True,False,False,1751924994.1864777,229120.2836036682
292649,1751924765.0664277,1751924969.3575914,batch_consumer-sts-0_20250707_214936_150284.csv,True,False,False,1751924994.1864777,229120.0499534607
292659,1751924765.0666702,1751924969.3813205,batch_consumer-sts-0_20250707_214936_150284.csv,True,False,False,1751924994.1864777,229119.80748176575
292669,1751924765.0669048,1751924969.4050136,batch_consumer-sts-0_20250707_214936_150284.csv,True,False,False,1751924994.1864777,229119.5728778839
292679,1751924765.0671484,1751924969.4287589,batch_consumer-sts-0_20250707_214936_150284.csv,True,False,False,1751924994.1864777,229119.32921409607
292689,1751924765.0673933,1751924969.4522316,batch_consumer-sts-0_20250707_214936_150284.csv,True,False,False,1751924994.1864777,229119.08435821533
292699,1751924765.067609,1751924969.476011,batch_consumer-sts-0_20250707_214936_150284.csv,True,False,False,1751924994.1864777,229118.86858940125
292709,1751924765.0678527,1751924969.4998903,batch_consumer-sts-0_20250707_214936_150284.csv,True,False,False,1751924994.1864777,229118.6249256134
292719,1751924765.068088,1751924969.523333,batch_consumer-sts-0_20250707_214936_150284.csv,True,False,False,1751924994.1864777,229118.38960647583
292729,1751924765.068322,1751924969.5471044,batch_consumer-sts-0_20250707_214936_150284.csv,True,False,False,1751924994.1864777,229118.15571784973
292739,1751924765.0685563,1751924969.5707097,batch_consumer-sts-0_20250707_214936_150284.csv,True,False,False,1751924994.1864777,229117.92135238647
292749,1751924765.0687969,1751924969.5940702,batch_consumer-sts-0_20250707_214936_150284.csv,True,False,False,1751924994.1864777,229117.68078804016
292759,1751924765.0690317,1751924969.6176033,batch_consumer-sts-0_20250707_214936_150284.csv,True,False,False,1751924994.1864777,229117.44594573975
292769,1751924765.0695832,1751924969.6410398,batch_consumer-sts-0_20250707_214936_150284.csv,True,False,False,1751924994.1864777,229116.89448356628
292779,1751924765.0703444,1751924969.6645188,batch_consumer-sts-0_20250707_214936_150284.csv,True,False,False,1751924994.1864777,229116.1332130432
292789,1751924765.070625,1751924969.6879597,batch_consumer-sts-0_20250707_214936_150284.csv,True,False,False,1751924994.1864777,229115.8525943756
292799,1751924765.0710597,1751924969.7118018,batch_consumer-sts-0_20250707_214936_150284.csv,True,False,False,1751924994.1864777,229115.4179573059
292809,1751924765.0712852,1751924969.735222,batch_consumer-sts-0_20250707_214936_150284.csv,True,False,False,1751924994.1864777,229115.19241333008
292819,1751924765.0715165,1751924969.7585547,batch_consumer-sts-0_20250707_214936_150284.csv,True,False,False,1751924994.1864777,229114.96114730835
292829,1751924765.07175,1751924969.782092,batch_consumer-sts-0_20250707_214936_150284.csv,True,False,False,1751924994.1864777,229114.7277355194
292839,1751924765.0719795,1751924969.8056087,batch_consumer-sts-0_20250707_214936_150284.csv,True,False,False,1751924994.1864777,229114.49813842773
292849,1751924765.0722136,1751924969.82905,batch_consumer-sts-0_20250707_214936_150284.csv,True,False,False,1751924994.1864777,229114.26401138306
292859,1751924765.0724444,1751924969.8528109,batch_consumer-sts-0_20250707_214936_150284.csv,True,False,False,1751924994.1864777,229114.0332221985
292869,1751924765.0726805,1751924969.8763175,batch_consumer-sts-0_20250707_214936_150284.csv,True,False,False,1751924994.1864777,229113.79718780518
292879,1751924765.0729222,1751924969.8999796,batch_consumer-sts-0_20250707_214936_150284.csv,True,False,False,1751924994.1864777,229113.55543136597
292889,1751924765.0731575,1751924969.923626,batch_consumer-sts-0_20250707_214936_150284.csv,True,False,False,1751924994.1864777,229113.3201122284
292899,1751924765.0733962,1751924969.9903047,batch_consumer-sts-0_20250707_214936_150284.csv,True,False,False,1751924994.1864777,229113.0814552307
292909,1751924765.073627,1751924970.0145354,batch_consumer-sts-0_20250707_214936_150284.csv,True,False,False,1751924994.1864777,229112.85066604614
292919,1751924765.0738535,1751924970.0385425,batch_consumer-sts-0_20250707_214936_150284.csv,True,False,False,1751924994.1864777,229112.624168396
292929,1751924765.0741107,1751924970.062336,batch_consumer-sts-0_20250707_214936_150284.csv,True,False,False,1751924994.1864777,229112.36691474915
292939,1751924765.0743554,1751924970.0860806,batch_consumer-sts-0_20250707_214936_150284.csv,True,False,False,1751924994.1864777,229112.122297287
292949,1751924765.074593,1751924970.109958,batch_consumer-sts-0_20250707_214936_150284.csv,True,False,False,1751924994.1864777,229111.88459396362
292959,1751924765.074829,1751924970.1337864,batch_consumer-sts-0_20250707_214936_150284.csv,True,False,False,1751924994.1864777,229111.6485595703
292969,1751924765.0750754,1751924970.1574817,batch_consumer-sts-0_20250707_214936_150284.csv,True,False,False,1751924994.1864777,229111.4022731781
292979,1751924765.0753107,1751924970.1813169,batch_consumer-sts-0_20250707_214936_150284.csv,True,False,False,1751924994.1864777,229111.16695404053
292989,1751924765.075555,1751924970.2050438,batch_consumer-sts-0_20250707_214936_150284.csv,True,False,False,1751924994.1864777,229110.92257499695
292999,1751924765.075792,1751924970.2287276,batch_consumer-sts-0_20250707_214936_150284.csv,True,False,False,1751924994.1864777,229110.68558692932
293009,1751924765.0760322,1751924970.2525814,batch_consumer-sts-0_20250707_214936_150284.csv,True,False,False,1751924994.1864777,229110.44549942017
293019,1751924765.0762675,1751924970.2763717,batch_consumer-sts-0_20250707_214936_150284.csv,True,False,False,1751924994.1864777,229110.2101802826
293029,1751924765.0765092,1751924970.2999892,batch_consumer-sts-0_20250707_214936_150284.csv,True,False,False,1751924994.1864777,229109.96842384338
293039,1751924765.0767462,1751924970.3236623,batch_consumer-sts-0_20250707_214936_150284.csv,True,False,False,1751924994.1864777,229109.73143577576
293049,1751924765.076986,1751924970.347422,batch_consumer-sts-0_20250707_214936_150284.csv,True,False,False,1751924994.1864777,229109.49158668518
293059,1751924765.0772266,1751924970.371028,batch_consumer-sts-0_20250707_214936_150284.csv,True,False,False,1751924994.1864777,229109.25102233887
293069,1751924765.077469,1751924970.394661,batch_consumer-sts-0_20250707_214936_150284.csv,True,False,False,1751924994.1864777,229109.00855064392
293079,1751924765.0777044,1751924970.4183042,batch_consumer-sts-0_20250707_214936_150284.csv,True,False,False,1751924994.1864777,229108.77323150635
293089,1751924765.0779445,1751924970.4420414,batch_consumer-sts-0_20250707_214936_150284.csv,True,False,False,1751924994.1864777,229108.5331439972
293099,1751924765.0781977,1751924970.502241,batch_consumer-sts-0_20250707_214936_150284.csv,True,False,False,1751924994.1864777,229108.2799434662
293109,1751924765.0784376,1751924970.5257864,batch_consumer-sts-0_20250707_214936_150284.csv,True,False,False,1751924994.1864777,229108.0400943756
293119,1751924765.078679,1751924970.5493324,batch_consumer-sts-0_20250707_214936_150284.csv,True,False,False,1751924994.1864777,229107.79857635498
293129,1751924765.0789208,1751924970.5727978,batch_consumer-sts-0_20250707_214936_150284.csv,True,False,False,1751924994.1864777,229107.55681991577
293139,1751924765.0791624,1751924970.5961246,batch_consumer-sts-0_20250707_214936_150284.csv,True,False,False,1751924994.1864777,229107.31530189514
293149,1751924765.0794022,1751924970.6196404,batch_consumer-sts-0_20250707_214936_150284.csv,True,False,False,1751924994.1864777,229107.07545280457
293159,1751924765.0796473,1751924970.6431162,batch_consumer-sts-0_20250707_214936_150284.csv,True,False,False,1751924994.1864777,229106.83035850525
293169,1751924765.0798855,1751924970.6665015,batch_consumer-sts-0_20250707_214936_150284.csv,True,False,False,1751924994.1864777,229106.59217834473
293179,1751924765.08012,1751924970.689953,batch_consumer-sts-0_20250707_214936_150284.csv,True,False,False,1751924994.1864777,229106.3575744629
293189,1751924765.080358,1751924970.7132533,batch_consumer-sts-0_20250707_214936_150284.csv,True,False,False,1751924994.1864777,229106.11963272095
293199,1751924765.0806024,1751924970.736755,batch_consumer-sts-0_20250707_214936_150284.csv,True,False,False,1751924994.1864777,229105.87525367737
293209,1751924765.0808115,1751924970.7600052,batch_consumer-sts-0_20250707_214936_150284.csv,True,False,False,1751924994.1864777,229105.6661605835
293219,1751924765.0810006,1751924970.783498,batch_consumer-sts-0_20250707_214936_150284.csv,True,False,False,1751924994.1864777,229105.47709465027
293229,1751924765.0811884,1751924970.8071113,batch_consumer-sts-0_20250707_214936_150284.csv,True,False,False,1751924994.1864777,229105.28922080994
293239,1751924765.08138,1751924970.8305798,batch_consumer-sts-0_20250707_214936_150284.csv,True,False,False,1751924994.1864777,229105.09777069092
293249,1751924765.081572,1751924970.853909,batch_consumer-sts-0_20250707_214936_150284.csv,True,False,False,1751924994.1864777,229104.90560531616
293259,1751924765.0817556,1751924970.8773935,batch_consumer-sts-0_20250707_214936_150284.csv,True,False,False,1751924994.1864777,229104.72202301025
293269,1751924765.0819445,1751924970.901051,batch_consumer-sts-0_20250707_214936_150284.csv,True,False,False,1751924994.1864777,229104.5331954956
293279,1751924765.0821292,1751924970.9245698,batch_consumer-sts-0_20250707_214936_150284.csv,True,False,False,1751924994.1864777,229104.3484210968
293289,1751924765.082379,1751924970.9479814,batch_consumer-sts-0_20250707_214936_150284.csv,True,False,False,1751924994.1864777,229104.0985584259
293299,1751924765.0826204,1751924970.9717808,batch_consumer-sts-0_20250707_214936_150284.csv,True,False,False,1751924994.1864777,229103.85727882385
293309,1751924765.0828614,1751924970.9952042,batch_consumer-sts-0_20250707_214936_150284.csv,True,False,False,1751924994.1864777,229103.61623764038
293319,1751924765.0830944,1751924971.0185783,batch_consumer-sts-0_20250707_214936_150284.csv,True,False,False,1751924994.1864777,229103.3833026886
293329,1751924765.0833435,1751924971.0421004,batch_consumer-sts-0_20250707_214936_150284.csv,True,False,False,1751924994.1864777,229103.13415527344
293339,1751924765.0835843,1751924971.065556,batch_consumer-sts-0_20250707_214936_150284.csv,True,False,False,1751924994.1864777,229102.89335250854
293349,1751924765.0838292,1751924971.0889475,batch_consumer-sts-0_20250707_214936_150284.csv,True,False,False,1751924994.1864777,229102.6484966278
293359,1751924765.0840733,1751924971.112713,batch_consumer-sts-0_20250707_214936_150284.csv,True,False,False,1751924994.1864777,229102.4043560028
293369,1751924765.0843215,1751924971.1364174,batch_consumer-sts-0_20250707_214936_150284.csv,True,False,False,1751924994.1864777,229102.15616226196
293379,1751924765.0845582,1751924971.160129,batch_consumer-sts-0_20250707_214936_150284.csv,True,False,False,1751924994.1864777,229101.91941261292
293389,1751924765.0847986,1751924971.1840162,batch_consumer-sts-0_20250707_214936_150284.csv,True,False,False,1751924994.1864777,229101.67908668518
293399,1751924765.0850365,1751924971.2075346,batch_consumer-sts-0_20250707_214936_150284.csv,True,False,False,1751924994.1864777,229101.44114494324
293409,1751924765.0852776,1751924971.2308228,batch_consumer-sts-0_20250707_214936_150284.csv,True,False,False,1751924994.1864777,229101.20010375977
293419,1751924765.0855222,1751924971.254281,batch_consumer-sts-0_20250707_214936_150284.csv,True,False,False,1751924994.1864777,229100.9554862976
293429,1751924765.0857592,1751924971.2777016,batch_consumer-sts-0_20250707_214936_150284.csv,True,False,False,1751924994.1864777,229100.71849822998
293439,1751924765.085992,1751924971.3012278,batch_consumer-sts-0_20250707_214936_150284.csv,True,False,False,1751924994.1864777,229100.4855632782
293449,1751924765.086235,1751924971.324546,batch_consumer-sts-0_20250707_214936_150284.csv,True,False,False,1751924994.1864777,229100.2426147461
293459,1751924765.0864658,1751924971.347051,batch_consumer-sts-0_20250707_214936_150284.csv,True,False,False,1751924994.1864777,229100.01182556152
293469,1751924765.086699,1751924971.3704472,batch_consumer-sts-0_20250707_214936_150284.csv,True,False,False,1751924994.1864777,229099.77865219116
300019,1751924765.313203,1751924971.393893,batch_consumer-sts-0_20250707_214936_150284.csv,True,False,False,1751924994.1864777,228873.27456474304
300029,1751924765.3134408,1751924971.4174256,batch_consumer-sts-0_20250707_214936_150284.csv,True,False,False,1751924994.1864777,228873.03686141968
300039,1751924765.3136914,1751924971.4399962,batch_consumer-sts-0_20250707_214936_150284.csv,True,False,False,1751924994.1864777,228872.78628349304
300049,1751924765.3139346,1751924971.4635882,batch_consumer-sts-0_20250707_214936_150284.csv,True,False,False,1751924994.1864777,228872.54309654236
300059,1751924765.3141763,1751924971.487005,batch_consumer-sts-0_20250707_214936_150284.csv,True,False,False,1751924994.1864777,228872.30134010315
300069,1751924765.314412,1751924971.5104487,batch_consumer-sts-0_20250707_214936_150284.csv,True,False,False,1751924994.1864777,228872.06554412842
300079,1751924765.3148596,1751924971.5338354,batch_consumer-sts-0_20250707_214936_150284.csv,True,False,False,1751924994.1864777,228871.61803245544
300089,1751924765.315276,1751924971.5572634,batch_consumer-sts-0_20250707_214936_150284.csv,True,False,False,1751924994.1864777,228871.20175361633
300099,1751924765.3158734,1751924971.5808575,batch_consumer-sts-0_20250707_214936_150284.csv,True,False,False,1751924994.1864777,228870.6042766571
300109,1751924765.316289,1751924972.606064,batch_consumer-sts-0_20250707_214936_150284.csv,True,False,False,1751924994.1864777,228870.18871307373
300119,1751924765.3165126,1751924972.6297815,batch_consumer-sts-0_20250707_214936_150284.csv,True,False,False,1751924994.1864777,228869.96507644653
300129,1751924765.3167498,1751924972.6533394,batch_consumer-sts-0_20250707_214936_150284.csv,True,False,False,1751924994.1864777,228869.72784996033
300139,1751924765.31698,1751924972.6767735,batch_consumer-sts-0_20250707_214936_150284.csv,True,False,False,1751924994.1864777,228869.4977760315
300149,1751924765.3172135,1751924972.7002947,batch_consumer-sts-0_20250707_214936_150284.csv,True,False,False,1751924994.1864777,228869.26412582397
300159,1751924765.317447,1751924972.7239065,batch_consumer-sts-0_20250707_214936_150284.csv,True,False,False,1751924994.1864777,228869.03071403503
300169,1751924765.3176775,1751924972.7474997,batch_consumer-sts-0_20250707_214936_150284.csv,True,False,False,1751924994.1864777,228868.80016326904
300179,1751924765.3179047,1751924973.2296565,batch_consumer-sts-0_20250707_214936_150284.csv,True,False,False,1751924994.1864777,228868.57295036316
300189,1751924765.3181293,1751924973.2532976,batch_consumer-sts-0_20250707_214936_150284.csv,True,False,False,1751924994.1864777,228868.34836006165
300199,1751924765.3183684,1751924973.2769673,batch_consumer-sts-0_20250707_214936_150284.csv,True,False,False,1751924994.1864777,228868.1092262268
300209,1751924765.3187952,1751924973.3006124,batch_consumer-sts-0_20250707_214936_150284.csv,True,False,False,1751924994.1864777,228867.68245697021
300219,1751924765.3195984,1751924973.324248,batch_consumer-sts-0_20250707_214936_150284.csv,True,False,False,1751924994.1864777,228866.87922477722
300229,1751924765.320008,1751924973.3479812,batch_consumer-sts-0_20250707_214936_150284.csv,True,False,False,1751924994.1864777,228866.46962165833
300239,1751924765.3202848,1751924973.371972,batch_consumer-sts-0_20250707_214936_150284.csv,True,False,False,1751924994.1864777,228866.192817688
300249,1751924765.3205285,1751924973.395754,batch_consumer-sts-0_20250707_214936_150284.csv,True,False,False,1751924994.1864777,228865.94915390015
300259,1751924765.3207705,1751924973.4194956,batch_consumer-sts-0_20250707_214936_150284.csv,True,False,False,1751924994.1864777,228865.70715904236
300269,1751924765.3210034,1751924973.4419816,batch_consumer-sts-0_20250707_214936_150284.csv,True,False,False,1751924994.1864777,228865.47422409058
300279,1751924765.321237,1751924973.465516,batch_consumer-sts-0_20250707_214936_150284.csv,True,False,False,1751924994.1864777,228865.24057388306
300289,1751924765.3214688,1751924973.4890864,batch_consumer-sts-0_20250707_214936_150284.csv,True,False,False,1751924994.1864777,228865.00883102417
300299,1751924765.3216856,1751924973.5126984,batch_consumer-sts-0_20250707_214936_150284.csv,True,False,False,1751924994.1864777,228864.79210853577
300309,1751924765.3218768,1751924973.5361638,batch_consumer-sts-0_20250707_214936_150284.csv,True,False,False,1751924994.1864777,228864.60089683533
300319,1751924765.3220751,1751924973.5598395,batch_consumer-sts-0_20250707_214936_150284.csv,True,False,False,1751924994.1864777,228864.40253257751
300329,1751924765.322328,1751924973.5833411,batch_consumer-sts-0_20250707_214936_150284.csv,True,False,False,1751924994.1864777,228864.1495704651
300339,1751924765.3225653,1751924973.6068764,batch_consumer-sts-0_20250707_214936_150284.csv,True,False,False,1751924994.1864777,228863.91234397888
300349,1751924765.3228033,1751924973.630351,batch_consumer-sts-0_20250707_214936_150284.csv,True,False,False,1751924994.1864777,228863.67440223694
300359,1751924765.323039,1751924973.653855,batch_consumer-sts-0_20250707_214936_150284.csv,True,False,False,1751924994.1864777,228863.4386062622
300369,1751924765.323279,1751924973.677263,batch_consumer-sts-0_20250707_214936_150284.csv,True,False,False,1751924994.1864777,228863.19875717163
300379,1751924765.3235128,1751924973.7006118,batch_consumer-sts-0_20250707_214936_150284.csv,True,False,False,1751924994.1864777,228862.96486854553
300389,1751924765.3237548,1751924973.7240424,batch_consumer-sts-0_20250707_214936_150284.csv,True,False,False,1751924994.1864777,228862.72287368774
300399,1751924765.32401,1751924973.747547,batch_consumer-sts-0_20250707_214936_150284.csv,True,False,False,1751924994.1864777,228862.4677658081
300409,1751924765.3242514,1751924973.7709727,batch_consumer-sts-0_20250707_214936_150284.csv,True,False,False,1751924994.1864777,228862.22624778748
300419,1751924765.3244894,1751924973.7943835,batch_consumer-sts-0_20250707_214936_150284.csv,True,False,False,1751924994.1864777,228861.98830604553
300429,1751924765.324731,1751924973.817857,batch_consumer-sts-0_20250707_214936_150284.csv,True,False,False,1751924994.1864777,228861.74654960632
300439,1751924765.3251688,1751924973.841565,batch_consumer-sts-0_20250707_214936_150284.csv,True,False,False,1751924994.1864777,228861.3088130951
300449,1751924765.3256006,1751924973.8650584,batch_consumer-sts-0_20250707_214936_150284.csv,True,False,False,1751924994.1864777,228860.87703704834
300459,1751924765.326625,1751924973.888656,batch_consumer-sts-0_20250707_214936_150284.csv,True,False,False,1751924994.1864777,228859.85255241394
300469,1751924765.3268564,1751924973.912218,batch_consumer-sts-0_20250707_214936_150284.csv,True,False,False,1751924994.1864777,228859.6212863922
300479,1751924765.3270886,1751924973.935882,batch_consumer-sts-0_20250707_214936_150284.csv,True,False,False,1751924994.1864777,228859.38906669617
300489,1751924765.3273163,1751924973.9595492,batch_consumer-sts-0_20250707_214936_150284.csv,True,False,False,1751924994.1864777,228859.16137695312
300499,1751924765.327545,1751924973.983572,batch_consumer-sts-0_20250707_214936_150284.csv,True,False,False,1751924994.1864777,228858.93273353577
300509,1751924765.327781,1751924974.0070405,batch_consumer-sts-0_20250707_214936_150284.csv,True,False,False,1751924994.1864777,228858.69669914246
300519,1751924765.3280118,1751924974.0306938,batch_consumer-sts-0_20250707_214936_150284.csv,True,False,False,1751924994.1864777,228858.4659099579
300529,1751924765.3282378,1751924974.0541725,batch_consumer-sts-0_20250707_214936_150284.csv,True,False,False,1751924994.1864777,228858.2398891449
300539,1751924765.3284636,1751924974.0779445,batch_consumer-sts-0_20250707_214936_150284.csv,True,False,False,1751924994.1864777,228858.0141067505
300549,1751924765.3286946,1751924974.1017678,batch_consumer-sts-0_20250707_214936_150284.csv,True,False,False,1751924994.1864777,228857.78307914734
300559,1751924765.3289254,1751924974.1255322,batch_consumer-sts-0_20250707_214936_150284.csv,True,False,False,1751924994.1864777,228857.55228996277
300569,1751924765.3291566,1751924974.1498575,batch_consumer-sts-0_20250707_214936_150284.csv,True,False,False,1751924994.1864777,228857.32102394104
300579,1751924765.3293877,1751924974.1740122,batch_consumer-sts-0_20250707_214936_150284.csv,True,False,False,1751924994.1864777,228857.0899963379
300589,1751924765.3296142,1751924974.1980658,batch_consumer-sts-0_20250707_214936_150284.csv,True,False,False,1751924994.1864777,228856.86349868774
300599,1751924765.329851,1751924974.2220252,batch_consumer-sts-0_20250707_214936_150284.csv,True,False,False,1751924994.1864777,228856.6267490387
300609,1751924765.3300874,1751924974.2454665,batch_consumer-sts-0_20250707_214936_150284.csv,True,False,False,1751924994.1864777,228856.39023780823
300619,1751924765.330327,1751924974.26906,batch_consumer-sts-0_20250707_214936_150284.csv,True,False,False,1751924994.1864777,228856.15062713623
300629,1751924765.330557,1751924974.2924776,batch_consumer-sts-0_20250707_214936_150284.csv,True,False,False,1751924994.1864777,228855.9205532074
300639,1751924765.3307908,1751924974.315799,batch_consumer-sts-0_20250707_214936_150284.csv,True,False,False,1751924994.1864777,228855.68690299988
300649,1751924765.3310227,1751924974.339883,batch_consumer-sts-0_20250707_214936_150284.csv,True,False,False,1751924994.1864777,228855.4549217224
300659,1751924765.3312654,1751924974.363463,batch_consumer-sts-0_20250707_214936_150284.csv,True,False,False,1751924994.1864777,228855.2122116089
300669,1751924765.3314989,1751924974.3867326,batch_consumer-sts-0_20250707_214936_150284.csv,True,False,False,1751924994.1864777,228854.97879981995
300679,1751924765.3317325,1751924974.4102838,batch_consumer-sts-0_20250707_214936_150284.csv,True,False,False,1751924994.1864777,228854.74514961243
300689,1751924765.3319695,1751924974.4338388,batch_consumer-sts-0_20250707_214936_150284.csv,True,False,False,1751924994.1864777,228854.5081615448
300699,1751924765.3322058,1751924974.4572372,batch_consumer-sts-0_20250707_214936_150284.csv,True,False,False,1751924994.1864777,228854.2718887329
300709,1751924765.332443,1751924974.4810708,batch_consumer-sts-0_20250707_214936_150284.csv,True,False,False,1751924994.1864777,228854.0346622467
300719,1751924765.3326795,1751924974.5045986,batch_consumer-sts-0_20250707_214936_150284.csv,True,False,False,1751924994.1864777,228853.79815101624
300729,1751924765.3329155,1751924974.5281005,batch_consumer-sts-0_20250707_214936_150284.csv,True,False,False,1751924994.1864777,228853.56211662292
300739,1751924765.3331478,1751924974.5518863,batch_consumer-sts-0_20250707_214936_150284.csv,True,False,False,1751924994.1864777,228853.32989692688
300749,1751924765.3333898,1751924974.57564,batch_consumer-sts-0_20250707_214936_150284.csv,True,False,False,1751924994.1864777,228853.0879020691
300759,1751924765.3336284,1751924974.5993736,batch_consumer-sts-0_20250707_214936_150284.csv,True,False,False,1751924994.1864777,228852.8492450714
300769,1751924765.333887,1751924974.622452,batch_consumer-sts-0_20250707_214936_150284.csv,True,False,False,1751924994.1864777,228852.5905609131
300779,1751924765.3341262,1751924974.6461987,batch_consumer-sts-0_20250707_214936_150284.csv,True,False,False,1751924994.1864777,228852.35142707825
300789,1751924765.334392,1751924974.6697743,batch_consumer-sts-0_20250707_214936_150284.csv,True,False,False,1751924994.1864777,228852.08559036255
300799,1751924765.3346348,1751924974.6931422,batch_consumer-sts-0_20250707_214936_150284.csv,True,False,False,1751924994.1864777,228851.84288024902
300809,1751924765.3348742,1751924974.7164974,batch_consumer-sts-0_20250707_214936_150284.csv,True,False,False,1751924994.1864777,228851.6035079956
300819,1751924765.3351097,1751924974.739943,batch_consumer-sts-0_20250707_214936_150284.csv,True,False,False,1751924994.1864777,228851.36795043945
300829,1751924765.33535,1751924974.7635596,batch_consumer-sts-0_20250707_214936_150284.csv,True,False,False,1751924994.1864777,228851.12762451172
300839,1751924765.3355963,1751924974.7870796,batch_consumer-sts-0_20250707_214936_150284.csv,True,False,False,1751924994.1864777,228850.8813381195
300849,1751924765.3358352,1751924974.8105185,batch_consumer-sts-0_20250707_214936_150284.csv,True,False,False,1751924994.1864777,228850.64244270325
300859,1751924765.3360777,1751924974.8332877,batch_consumer-sts-0_20250707_214936_150284.csv,True,False,False,1751924994.1864777,228850.3999710083
300869,1751924765.3363233,1751924974.8569012,batch_consumer-sts-0_20250707_214936_150284.csv,True,False,False,1751924994.1864777,228850.15439987183
300879,1751924765.3365676,1751924974.880608,batch_consumer-sts-0_20250707_214936_150284.csv,True,False,False,1751924994.1864777,228849.91002082825
300889,1751924765.3368068,1751924974.90433,batch_consumer-sts-0_20250707_214936_150284.csv,True,False,False,1751924994.1864777,228849.6708869934
300899,1751924765.3370469,1751924974.9279184,batch_consumer-sts-0_20250707_214936_150284.csv,True,False,False,1751924994.1864777,228849.43079948425
300909,1751924765.337287,1751924974.951985,batch_consumer-sts-0_20250707_214936_150284.csv,True,False,False,1751924994.1864777,228849.1907119751
300919,1751924765.3375306,1751924974.9758556,batch_consumer-sts-0_20250707_214936_150284.csv,True,False,False,1751924994.1864777,228848.94704818726
300929,1751924765.3377795,1751924974.99957,batch_consumer-sts-0_20250707_214936_150284.csv,True,False,False,1751924994.1864777,228848.69813919067
300939,1751924765.338018,1751924975.02394,batch_consumer-sts-0_20250707_214936_150284.csv,True,False,False,1751924994.1864777,228848.45972061157
300949,1751924765.3382645,1751924975.0474508,batch_consumer-sts-0_20250707_214936_150284.csv,True,False,False,1751924994.1864777,228848.21319580078
300959,1751924765.3385048,1751924975.1054132,batch_consumer-sts-0_20250707_214936_150284.csv,True,False,False,1751924994.1864777,228847.97286987305
300969,1751924765.3387492,1751924975.128976,batch_consumer-sts-0_20250707_214936_150284.csv,True,False,False,1751924994.1864777,228847.72849082947
300979,1751924765.3389926,1751924975.1525197,batch_consumer-sts-0_20250707_214936_150284.csv,True,False,False,1751924994.1864777,228847.4850654602
300989,1751924765.339233,1751924975.176124,batch_consumer-sts-0_20250707_214936_150284.csv,True,False,False,1751924994.1864777,228847.24473953247
300999,1751924765.3394697,1751924975.2000003,batch_consumer-sts-0_20250707_214936_150284.csv,True,False,False,1751924994.1864777,228847.00798988342
301009,1751924765.3397086,1751924975.2235775,batch_consumer-sts-0_20250707_214936_150284.csv,True,False,False,1751924994.1864777,228846.76909446716
301019,1751924765.3399482,1751924975.2473066,batch_consumer-sts-0_20250707_214936_150284.csv,True,False,False,1751924994.1864777,228846.52948379517
301029,1751924765.3401928,1751924975.2710538,batch_consumer-sts-0_20250707_214936_150284.csv,True,False,False,1751924994.1864777,228846.284866333
301039,1751924765.3404295,1751924975.295408,batch_consumer-sts-0_20250707_214936_150284.csv,True,False,False,1751924994.1864777,228846.04811668396
301049,1751924765.340669,1751924975.3192835,batch_consumer-sts-0_20250707_214936_150284.csv,True,False,False,1751924994.1864777,228845.80874443054
301059,1751924765.3409069,1751924975.3432307,batch_consumer-sts-0_20250707_214936_150284.csv,True,False,False,1751924994.1864777,228845.5708026886
301069,1751924765.3411658,1751924975.3668926,batch_consumer-sts-0_20250707_214936_150284.csv,True,False,False,1751924994.1864777,228845.3118801117
301079,1751924765.3414004,1751924975.390594,batch_consumer-sts-0_20250707_214936_150284.csv,True,False,False,1751924994.1864777,228845.07727622986
301089,1751924765.3416429,1751924975.4141986,batch_consumer-sts-0_20250707_214936_150284.csv,True,False,False,1751924994.1864777,228844.8348045349
301099,1751924765.3418734,1751924975.437589,batch_consumer-sts-0_20250707_214936_150284.csv,True,False,False,1751924994.1864777,228844.60425376892
301109,1751924765.3421123,1751924975.4611423,batch_consumer-sts-0_20250707_214936_150284.csv,True,False,False,1751924994.1864777,228844.36535835266
301119,1751924765.342372,1751924975.4845445,batch_consumer-sts-0_20250707_214936_150284.csv,True,False,False,1751924994.1864777,228844.10572052002
301129,1751924765.3426137,1751924975.5079489,batch_consumer-sts-0_20250707_214936_150284.csv,True,False,False,1751924994.1864777,228843.8639640808
301139,1751924765.3428524,1751924975.5314918,batch_consumer-sts-0_20250707_214936_150284.csv,True,False,False,1751924994.1864777,228843.62530708313
301149,1751924765.3433063,1751924975.5549653,batch_consumer-sts-0_20250707_214936_150284.csv,True,False,False,1751924994.1864777,228843.17135810852
301159,1751924765.343557,1751924975.6307883,batch_consumer-sts-0_20250707_214936_150284.csv,True,False,False,1751924994.1864777,228842.92078018188
301169,1751924765.3438056,1751924975.655559,batch_consumer-sts-0_20250707_214936_150284.csv,True,False,False,1751924994.1864777,228842.67210960388
301179,1751924765.3440452,1751924975.679734,batch_consumer-sts-0_20250707_214936_150284.csv,True,False,False,1751924994.1864777,228842.43249893188
301189,1751924765.3442862,1751924975.7036116,batch_consumer-sts-0_20250707_214936_150284.csv,True,False,False,1751924994.1864777,228842.1914577484
301199,1751924765.3445415,1751924975.727421,batch_consumer-sts-0_20250707_214936_150284.csv,True,False,False,1751924994.1864777,228841.9361114502
301209,1751924765.3447852,1751924975.751157,batch_consumer-sts-0_20250707_214936_150284.csv,True,False,False,1751924994.1864777,228841.69244766235
301219,1751924765.3450267,1751924975.7747016,batch_consumer-sts-0_20250707_214936_150284.csv,True,False,False,1751924994.1864777,228841.45092964172
301229,1751924765.3452797,1751924975.798366,batch_consumer-sts-0_20250707_214936_150284.csv,True,False,False,1751924994.1864777,228841.1979675293
301239,1751924765.345474,1751924975.8215177,batch_consumer-sts-0_20250707_214936_150284.csv,True,False,False,1751924994.1864777,228841.00365638733
301249,1751924765.345675,1751924975.8451254,batch_consumer-sts-0_20250707_214936_150284.csv,True,False,False,1751924994.1864777,228840.80266952515
301259,1751924765.3458695,1751924975.869673,batch_consumer-sts-0_20250707_214936_150284.csv,True,False,False,1751924994.1864777,228840.6081199646
301269,1751924765.3460703,1751924975.8941748,batch_consumer-sts-0_20250707_214936_150284.csv,True,False,False,1751924994.1864777,228840.407371521
301279,1751924765.346315,1751924975.9189932,batch_consumer-sts-0_20250707_214936_150284.csv,True,False,False,1751924994.1864777,228840.16275405884
301289,1751924765.3465471,1751924976.1008394,batch_consumer-sts-0_20250707_214936_150284.csv,True,False,False,1751924994.1864777,228839.9305343628
301299,1751924765.346787,1751924976.1257615,batch_consumer-sts-0_20250707_214936_150284.csv,False,False,False,1751924994.1864777,228839.69068527222
