index,topic,size_bytes,producer_timestamp,consumer_timestamp,consumer_delay_sec,application_timestamp,application_delay_sec,merge_timestamp,end_to_end_delay,is_late,is_out_of_order,is_duplicate,is_missing_critical,source_file
4701662,synthetic_2,98,1750890069.2195308,1751153873.0081258,263803.7885949612,1751153876.3271432,3.3190174102783203,1751153881.317893,263812.0983622074,False,False,False,False,consumer_pod0_proc0_20250628_233753_013174.csv
4701672,synthetic_2,97,1750890069.2197497,1751153873.0081954,263803.78844571114,1751153876.3271432,3.3189477920532227,1751153881.317893,263812.09814333916,False,False,False,False,consumer_pod0_proc0_20250628_233753_013174.csv
4701682,synthetic_2,90,1750890069.2200208,1751153873.0082092,263803.7881884575,1751153876.3271432,3.3189339637756348,1751153881.317893,263812.09787225723,False,False,False,False,consumer_pod0_proc0_20250628_233753_013174.csv
4403622,synthetic_2,97,1750890069.219631,1751153873.0082176,263803.7885866165,1751153876.3271432,3.318925619125366,1751153881.317893,263812.0982620716,False,True,False,False,consumer_pod0_proc0_20250628_233753_013174.csv
4701692,synthetic_2,103,1750890069.2202303,1751153873.0082269,263803.78799653053,1751153876.3271432,3.318916320800781,1751153881.317893,263812.0976626873,False,False,False,False,consumer_pod0_proc0_20250628_233753_013174.csv
4701702,synthetic_2,105,1750890069.2204025,1751153873.0082357,263803.7878332138,1751153876.3271432,3.3189074993133545,1751153881.317893,263812.0974905491,False,False,False,False,consumer_pod0_proc0_20250628_233753_013174.csv
4403632,synthetic_2,96,1750890069.220006,1751153873.008244,263803.7882380485,1751153876.3271432,3.318899154663086,1751153881.317893,263812.0978870392,False,True,False,False,consumer_pod0_proc0_20250628_233753_013174.csv
4701712,synthetic_2,104,1750890069.2206364,1751153873.0082524,263803.7876160145,1751153876.3271432,3.3188908100128174,1751153881.317893,263812.09725666046,False,False,False,False,consumer_pod0_proc0_20250628_233753_013174.csv
4701722,synthetic_2,83,1750890069.2209392,1751153873.008261,263803.78732180595,1751153876.3271432,3.3188822269439697,1751153881.317893,263812.09695386887,False,False,False,False,consumer_pod0_proc0_20250628_233753_013174.csv
4701732,synthetic_2,83,1750890069.2211032,1751153873.0082686,263803.78716540337,1751153876.3271432,3.3188745975494385,1751153881.317893,263812.0967898369,False,False,False,False,consumer_pod0_proc0_20250628_233753_013174.csv
4701742,synthetic_2,84,1750890069.2212772,1751153873.0082762,263803.7869989872,1751153876.3271432,3.3188669681549072,1751153881.317893,263812.0966157913,False,False,False,False,consumer_pod0_proc0_20250628_233753_013174.csv
4701752,synthetic_2,96,1750890069.2215798,1751153873.008285,263803.7867052555,1751153876.3271432,3.3188581466674805,1751153881.317893,263812.09631323814,False,False,False,False,consumer_pod0_proc0_20250628_233753_013174.csv
4701762,synthetic_2,100,1750890069.2217538,1751153873.008294,263803.78654026985,1751153876.3271432,3.3188490867614746,1751153881.317893,263812.0961391926,False,False,False,False,consumer_pod0_proc0_20250628_233753_013174.csv
4701772,synthetic_2,101,1750890069.22192,1751153873.008305,263803.78638505936,1751153876.3271432,3.318838119506836,1751153881.317893,263812.09597301483,False,False,False,False,consumer_pod0_proc0_20250628_233753_013174.csv
4701782,synthetic_2,103,1750890069.222119,1751153873.0083156,263803.78619623184,1751153876.3271432,3.3188276290893555,1751153881.317893,263812.0957739353,False,False,False,False,consumer_pod0_proc0_20250628_233753_013174.csv
4701792,synthetic_2,82,1750890069.22241,1751153873.0083237,263803.7859137058,1751153876.3271432,3.318819522857666,1751153881.317893,263812.09548306465,False,False,False,False,consumer_pod0_proc0_20250628_233753_013174.csv
4701802,synthetic_2,104,1750890069.2225995,1751153873.0083308,263803.7857310772,1751153876.3271432,3.318812370300293,1751153881.317893,263812.0952935219,False,False,False,False,consumer_pod0_proc0_20250628_233753_013174.csv
4701812,synthetic_2,96,1750890069.2227845,1751153873.0083394,263803.7855551243,1751153876.3271432,3.3188037872314453,1751153881.317893,263812.09510850906,False,False,False,False,consumer_pod0_proc0_20250628_233753_013174.csv
4701822,synthetic_2,90,1750890069.2229607,1751153873.008348,263803.7853872776,1751153876.3271432,3.3187952041625977,1751153881.317893,263812.09493231773,False,False,False,False,consumer_pod0_proc0_20250628_233753_013174.csv
4701832,synthetic_2,96,1750890069.2231622,1751153873.008356,263803.7851936817,1751153876.3271432,3.318787097930908,1751153881.317893,263812.09473085403,False,False,False,False,consumer_pod0_proc0_20250628_233753_013174.csv
4701842,synthetic_2,98,1750890069.2233546,1751153873.0083635,263803.78500914574,1751153876.3271432,3.318779706954956,1751153881.317893,263812.09453845024,False,False,False,False,consumer_pod0_proc0_20250628_233753_013174.csv
4701852,synthetic_2,96,1750890069.223538,1751153873.0083718,263803.7848339081,1751153876.3271432,3.3187713623046875,1751153881.317893,263812.09435510635,False,False,False,False,consumer_pod0_proc0_20250628_233753_013174.csv
4701862,synthetic_2,98,1750890069.2237296,1751153873.0083797,263803.78464984894,1751153876.3271432,3.318763494491577,1751153881.317893,263812.0941634178,False,False,False,False,consumer_pod0_proc0_20250628_233753_013174.csv
4701872,synthetic_2,100,1750890069.223905,1751153873.008387,263803.7844822407,1751153876.3271432,3.318756103515625,1751153881.317893,263812.09398794174,False,False,False,False,consumer_pod0_proc0_20250628_233753_013174.csv
4701882,synthetic_2,105,1750890069.2241127,1751153873.0083952,263803.7842824459,1751153876.3271432,3.3187479972839355,1751153881.317893,263812.09378027916,False,False,False,False,consumer_pod0_proc0_20250628_233753_013174.csv
4701892,synthetic_2,83,1750890069.2242875,1751153873.0084045,263803.7841169834,1751153876.3271432,3.3187386989593506,1751153881.317893,263812.09360551834,False,False,False,False,consumer_pod0_proc0_20250628_233753_013174.csv
4701902,synthetic_2,83,1750890069.2244675,1751153873.008413,263803.78394556046,1751153876.3271432,3.318730115890503,1751153881.317893,263812.0934255123,False,False,False,False,consumer_pod0_proc0_20250628_233753_013174.csv
4701912,synthetic_2,84,1750890069.2246358,1751153873.0084205,263803.7837846279,1751153876.3271432,3.318722724914551,1751153881.317893,263812.0932571888,False,False,False,False,consumer_pod0_proc0_20250628_233753_013174.csv
4701922,synthetic_2,101,1750890069.2247891,1751153873.008428,263803.78363895416,1751153876.3271432,3.3187150955200195,1751153881.317893,263812.09310388565,False,False,False,False,consumer_pod0_proc0_20250628_233753_013174.csv
4701932,synthetic_2,97,1750890069.2249465,1751153873.0084364,263803.78349018097,1751153876.3271432,3.318706750869751,1751153881.317893,263812.0929465294,False,False,False,False,consumer_pod0_proc0_20250628_233753_013174.csv
4701942,synthetic_2,90,1750890069.2250965,1751153873.0084448,263803.7833483219,1751153876.3271432,3.3186984062194824,1751153881.317893,263812.0927965641,False,False,False,False,consumer_pod0_proc0_20250628_233753_013174.csv
4701952,synthetic_2,95,1750890069.22525,1751153873.008452,263803.7832019329,1751153876.3271432,3.3186912536621094,1751153881.317893,263812.09264302254,False,False,False,False,consumer_pod0_proc0_20250628_233753_013174.csv
4701962,synthetic_2,90,1750890069.2254624,1751153873.008459,263803.7829968929,1751153876.3271432,3.3186841011047363,1751153881.317893,263812.0924305916,False,False,False,False,consumer_pod0_proc0_20250628_233753_013174.csv
4701972,synthetic_2,84,1750890069.2256222,1751153873.0084672,263803.7828450203,1751153876.3271432,3.318675994873047,1751153881.317893,263812.09227085114,False,False,False,False,consumer_pod0_proc0_20250628_233753_013174.csv
4701982,synthetic_2,98,1750890069.2257924,1751153873.0084918,263803.78269934654,1751153876.3271432,3.3186514377593994,1751153881.317893,263812.09210062027,False,False,False,False,consumer_pod0_proc0_20250628_233753_013174.csv
4701992,synthetic_2,101,1750890069.225968,1751153873.0085018,263803.78253364563,1751153876.3271432,3.318641424179077,1751153881.317893,263812.0919251442,False,False,False,False,consumer_pod0_proc0_20250628_233753_013174.csv
4702002,synthetic_2,89,1750890069.2261112,1751153873.0085096,263803.7823984623,1751153876.3271432,3.318633556365967,1751153881.317893,263812.09178185463,False,False,False,False,consumer_pod0_proc0_20250628_233753_013174.csv
4702012,synthetic_2,90,1750890069.2262485,1751153873.0085173,263803.7822687626,1751153876.3271432,3.3186259269714355,1751153881.317893,263812.0916445255,False,False,False,False,consumer_pod0_proc0_20250628_233753_013174.csv
4702022,synthetic_2,82,1750890069.2263885,1751153873.0085242,263803.782135725,1751153876.3271432,3.3186190128326416,1751153881.317893,263812.0915045738,False,False,False,False,consumer_pod0_proc0_20250628_233753_013174.csv
4702032,synthetic_2,91,1750890069.2265267,1751153873.008533,263803.78200626373,1751153876.3271432,3.318610191345215,1751153881.317893,263812.09136629105,False,False,False,False,consumer_pod0_proc0_20250628_233753_013174.csv
4702042,synthetic_2,84,1750890069.2266688,1751153873.008541,263803.7818722725,1751153876.3271432,3.3186020851135254,1751153881.317893,263812.0912241936,False,False,False,False,consumer_pod0_proc0_20250628_233753_013174.csv
4702052,synthetic_2,97,1750890069.2268105,1751153873.0085492,263803.7817387581,1751153876.3271432,3.318593978881836,1751153881.317893,263812.09108257294,False,False,False,False,consumer_pod0_proc0_20250628_233753_013174.csv
4702062,synthetic_2,97,1750890069.2269475,1751153873.008557,263803.78160977364,1751153876.3271432,3.3185861110687256,1751153881.317893,263812.09094548225,False,False,False,False,consumer_pod0_proc0_20250628_233753_013174.csv
4702072,synthetic_2,104,1750890069.2270868,1751153873.0085647,263803.78147792816,1751153876.3271432,3.3185784816741943,1751153881.317893,263812.0908062458,False,False,False,False,consumer_pod0_proc0_20250628_233753_013174.csv
4702082,synthetic_2,83,1750890069.227221,1751153873.0085723,263803.7813513279,1751153876.3271432,3.318570852279663,1751153881.317893,263812.09067201614,False,False,False,False,consumer_pod0_proc0_20250628_233753_013174.csv
4702092,synthetic_2,104,1750890069.227358,1751153873.0085795,263803.78122138977,1751153876.3271432,3.31856369972229,1751153881.317893,263812.09053492546,False,False,False,False,consumer_pod0_proc0_20250628_233753_013174.csv
4702102,synthetic_2,89,1750890069.2275016,1751153873.0085866,263803.78108501434,1751153876.3271432,3.318556547164917,1751153881.317893,263812.0903913975,False,False,False,False,consumer_pod0_proc0_20250628_233753_013174.csv
4702112,synthetic_2,97,1750890069.2276392,1751153873.0085945,263803.7809550762,1751153876.3271432,3.318548679351806,1751153881.317893,263812.09025382996,False,False,False,False,consumer_pod0_proc0_20250628_233753_013174.csv
4702122,synthetic_2,103,1750890069.227778,1751153873.008602,263803.780823946,1751153876.3271432,3.3185412883758545,1751153881.317893,263812.09011507034,False,False,False,False,consumer_pod0_proc0_20250628_233753_013174.csv
4702132,synthetic_2,104,1750890069.2279146,1751153873.00861,263803.7806954384,1751153876.3271432,3.318533182144165,1751153881.317893,263812.0899784565,False,False,False,False,consumer_pod0_proc0_20250628_233753_013174.csv
4702142,synthetic_2,82,1750890069.2280564,1751153873.0086184,263803.780561924,1751153876.3271432,3.3185248374938965,1751153881.317893,263812.08983659744,False,False,False,False,consumer_pod0_proc0_20250628_233753_013174.csv
4702152,synthetic_2,89,1750890069.2281947,1751153873.0086248,263803.7804300785,1751153876.3271432,3.3185184001922607,1751153881.317893,263812.08969831467,False,False,False,False,consumer_pod0_proc0_20250628_233753_013174.csv
4702162,synthetic_2,97,1750890069.2283368,1751153873.0086334,263803.7802965641,1751153876.3271432,3.318509817123413,1751153881.317893,263812.0895562172,False,False,False,False,consumer_pod0_proc0_20250628_233753_013174.csv
4702172,synthetic_2,91,1750890069.3165686,1751153873.0086415,263803.6920731068,1751153876.3271432,3.318501710891724,1751153881.317893,263812.0013244152,False,False,False,False,consumer_pod0_proc0_20250628_233753_013174.csv
4702182,synthetic_2,90,1750890069.3209095,1751153873.0086486,263803.68773913383,1751153876.3271432,3.3184945583343506,1751153881.317893,263811.99698352814,False,False,False,False,consumer_pod0_proc0_20250628_233753_013174.csv
4702192,synthetic_2,83,1750890069.3211029,1751153873.0086565,263803.6875536442,1751153876.3271432,3.31848669052124,1751153881.317893,263811.99679017067,False,False,False,False,consumer_pod0_proc0_20250628_233753_013174.csv
4702202,synthetic_2,102,1750890069.321317,1751153873.0086646,263803.6873476505,1751153876.3271432,3.318478584289551,1751153881.317893,263811.9965760708,False,False,False,False,consumer_pod0_proc0_20250628_233753_013174.csv
4702212,synthetic_2,83,1750890069.3218284,1751153873.0086722,263803.68684387207,1751153876.3271432,3.3184709548950195,1751153881.317893,263811.99606466293,False,False,False,False,consumer_pod0_proc0_20250628_233753_013174.csv
4702222,synthetic_2,104,1750890069.3220086,1751153873.0086794,263803.6866707802,1751153876.3271432,3.3184638023376465,1751153881.317893,263811.9958844185,False,False,False,False,consumer_pod0_proc0_20250628_233753_013174.csv
4702232,synthetic_2,104,1750890069.3221786,1751153873.008687,263803.6865084172,1751153876.3271432,3.3184561729431152,1751153881.317893,263811.99571442604,False,False,False,False,consumer_pod0_proc0_20250628_233753_013174.csv
4702242,synthetic_2,84,1750890069.3227367,1751153873.0086944,263803.6859576702,1751153876.3271432,3.318448781967163,1751153881.317893,263811.99515628815,False,False,False,False,consumer_pod0_proc0_20250628_233753_013174.csv
4702252,synthetic_2,91,1750890069.3229415,1751153873.0087018,263803.6857602596,1751153876.3271432,3.318441390991211,1751153881.317893,263811.9949514866,False,False,False,False,consumer_pod0_proc0_20250628_233753_013174.csv
4702262,synthetic_2,97,1750890069.3231225,1751153873.0087082,263803.6855857372,1751153876.3271432,3.318434953689575,1751153881.317893,263811.9947705269,False,False,False,False,consumer_pod0_proc0_20250628_233753_013174.csv
4702272,synthetic_2,89,1750890069.323342,1751153873.008716,263803.6853737831,1751153876.3271432,3.318427085876465,1751153881.317893,263811.9945509434,False,False,False,False,consumer_pod0_proc0_20250628_233753_013174.csv
4702282,synthetic_2,103,1750890069.323547,1751153873.008724,263803.6851770878,1751153876.3271432,3.3184192180633545,1751153881.317893,263811.9943461418,False,False,False,False,consumer_pod0_proc0_20250628_233753_013174.csv
4702292,synthetic_2,103,1750890069.3237329,1751153873.0087314,263803.68499851227,1751153876.3271432,3.3184118270874023,1751153881.317893,263811.9941601753,False,False,False,False,consumer_pod0_proc0_20250628_233753_013174.csv
4702302,synthetic_2,90,1750890069.3238878,1751153873.0087385,263803.68485069275,1751153876.3271432,3.3184046745300293,1751153881.317893,263811.99400520325,False,False,False,False,consumer_pod0_proc0_20250628_233753_013174.csv
4702312,synthetic_2,104,1750890069.3241034,1751153873.0087454,263803.6846420765,1751153876.3271432,3.318397760391236,1751153881.317893,263811.99378967285,False,False,False,False,consumer_pod0_proc0_20250628_233753_013174.csv
4702322,synthetic_2,104,1750890069.3243048,1751153873.0087526,263803.6844477653,1751153876.3271432,3.3183906078338623,1751153881.317893,263811.99358820915,False,False,False,False,consumer_pod0_proc0_20250628_233753_013174.csv
4702332,synthetic_2,83,1750890069.3245175,1751153873.00876,263803.68424224854,1751153876.3271432,3.31838321685791,1751153881.317893,263811.9933755398,False,False,False,False,consumer_pod0_proc0_20250628_233753_013174.csv
4702342,synthetic_2,83,1750890069.3247128,1751153873.0087676,263803.68405485153,1751153876.3271432,3.318375587463379,1751153881.317893,263811.99318027496,False,False,False,False,consumer_pod0_proc0_20250628_233753_013174.csv
4702352,synthetic_2,84,1750890069.3248985,1751153873.0087757,263803.6838769913,1751153876.3271432,3.318367481231689,1751153881.317893,263811.9929945469,False,False,False,False,consumer_pod0_proc0_20250628_233753_013174.csv
4702362,synthetic_2,104,1750890069.325092,1751153873.0087824,263803.6836903095,1751153876.3271432,3.3183608055114746,1751153881.317893,263811.992800951,False,False,False,False,consumer_pod0_proc0_20250628_233753_013174.csv
4702372,synthetic_2,92,1750890069.3253,1751153873.0087912,263803.68349123,1751153876.3271432,3.318351984024048,1751153881.317893,263811.99259305,False,False,False,False,consumer_pod0_proc0_20250628_233753_013174.csv
4403642,synthetic_2,91,1750890069.2202363,1751153873.0087996,263803.7885632515,1751153876.3271432,3.3183436393737797,1751153881.317893,263812.09765672684,False,True,False,False,consumer_pod0_proc0_20250628_233753_013174.csv
4702382,synthetic_2,83,1750890069.325903,1751153873.008806,263803.6829030514,1751153876.3271432,3.318337202072144,1751153881.317893,263811.9919900894,False,False,False,False,consumer_pod0_proc0_20250628_233753_013174.csv
4702912,synthetic_2,83,1750890069.5261896,1751153873.0088122,263803.48262262344,1751153876.3271432,3.318331003189087,1751153881.317893,263811.7917034626,False,False,False,False,consumer_pod0_proc0_20250628_233753_013174.csv
4702922,synthetic_2,97,1750890069.5263524,1751153873.0088212,263803.48246884346,1751153876.3271432,3.318321943283081,1751153881.317893,263811.7915406227,False,False,False,False,consumer_pod0_proc0_20250628_233753_013174.csv
4702932,synthetic_2,90,1750890069.5265226,1751153873.00883,263803.4823074341,1751153876.3271432,3.3183131217956543,1751153881.317893,263811.79137039185,False,False,False,False,consumer_pod0_proc0_20250628_233753_013174.csv
4702942,synthetic_2,97,1750890069.526676,1751153873.0088382,263803.4821622372,1751153876.3271432,3.318305015563965,1751153881.317893,263811.7912170887,False,False,False,False,consumer_pod0_proc0_20250628_233753_013174.csv
4702952,synthetic_2,84,1750890069.5268135,1751153873.008845,263803.4820318222,1751153876.3271432,3.318298101425171,1751153881.317893,263811.7910795212,False,False,False,False,consumer_pod0_proc0_20250628_233753_013174.csv
4702962,synthetic_2,91,1750890069.5269566,1751153873.008852,263803.4818954468,1751153876.3271432,3.318291187286377,1751153881.317893,263811.79093647003,False,False,False,False,consumer_pod0_proc0_20250628_233753_013174.csv
4702972,synthetic_2,104,1750890069.5270996,1751153873.008859,263803.4817590713,1751153876.3271432,3.318284273147583,1751153881.317893,263811.7907934189,False,False,False,False,consumer_pod0_proc0_20250628_233753_013174.csv
4702982,synthetic_2,98,1750890069.5272453,1751153873.008866,263803.4816207886,1751153876.3271432,3.31827712059021,1751153881.317893,263811.79064774513,False,False,False,False,consumer_pod0_proc0_20250628_233753_013174.csv
4702992,synthetic_2,97,1750890069.5273895,1751153873.008873,263803.4814834595,1751153876.3271432,3.318270206451416,1751153881.317893,263811.7905035019,False,False,False,False,consumer_pod0_proc0_20250628_233753_013174.csv
4703002,synthetic_2,104,1750890069.5275288,1751153873.0088797,263803.48135089874,1751153876.3271432,3.318263530731201,1751153881.317893,263811.79036426544,False,False,False,False,consumer_pod0_proc0_20250628_233753_013174.csv
4703012,synthetic_2,91,1750890069.527665,1751153873.0088866,263803.4812219143,1751153876.3271432,3.3182566165924072,1751153881.317893,263811.79022812843,False,False,False,False,consumer_pod0_proc0_20250628_233753_013174.csv
4703022,synthetic_2,105,1750890069.5278049,1751153873.0088935,263803.4810886383,1751153876.3271432,3.3182497024536133,1751153881.317893,263811.7900881767,False,False,False,False,consumer_pod0_proc0_20250628_233753_013174.csv
4703032,synthetic_2,91,1750890069.5279455,1751153873.0089004,263803.4809548855,1751153876.3271432,3.31824278831482,1751153881.317893,263811.78994750977,False,False,False,False,consumer_pod0_proc0_20250628_233753_013174.csv
4703042,synthetic_2,87,1750890069.528086,1751153873.008907,263803.48082113266,1751153876.3271432,3.3182361125946045,1751153881.317893,263811.7898070812,False,False,False,False,consumer_pod0_proc0_20250628_233753_013174.csv
4703052,synthetic_2,95,1750890069.5282254,1751153873.0089152,263803.480689764,1751153876.3271432,3.318228006362915,1751153881.317893,263811.78966760635,False,False,False,False,consumer_pod0_proc0_20250628_233753_013174.csv
4703062,synthetic_2,97,1750890069.5283666,1751153873.0089223,263803.4805557728,1751153876.3271432,3.318220853805542,1751153881.317893,263811.78952646255,False,False,False,False,consumer_pod0_proc0_20250628_233753_013174.csv
4703072,synthetic_2,84,1750890069.6176724,1751153873.0089293,263803.39125680923,1751153876.3271432,3.318213939666748,1751153881.317893,263811.70022058487,False,False,False,False,consumer_pod0_proc0_20250628_233753_013174.csv
4703082,synthetic_2,89,1750890069.618564,1751153873.008936,263803.3903720379,1751153876.3271432,3.318207263946533,1751153881.317893,263811.6993291378,False,False,False,False,consumer_pod0_proc0_20250628_233753_013174.csv
4703092,synthetic_2,84,1750890069.6192317,1751153873.0089426,263803.3897109032,1751153876.3271432,3.3182005882263184,1751153881.317893,263811.69866132736,False,False,False,False,consumer_pod0_proc0_20250628_233753_013174.csv
4703102,synthetic_2,82,1750890069.619677,1751153873.0089495,263803.3892724514,1751153876.3271432,3.3181936740875244,1751153881.317893,263811.69821596146,False,False,False,False,consumer_pod0_proc0_20250628_233753_013174.csv
4703112,synthetic_2,95,1750890069.620056,1751153873.0089564,263803.3889005184,1751153876.3271432,3.3181867599487305,1751153881.317893,263811.69783711433,False,False,False,False,consumer_pod0_proc0_20250628_233753_013174.csv
4703122,synthetic_2,105,1750890069.6204588,1751153873.0089636,263803.3885047436,1751153876.3271432,3.3181796073913574,1751153881.317893,263811.69743418694,False,False,False,False,consumer_pod0_proc0_20250628_233753_013174.csv
4703132,synthetic_2,103,1750890069.6208434,1751153873.0089707,263803.38812732697,1751153876.3271432,3.3181724548339844,1751153881.317893,263811.69704961777,False,False,False,False,consumer_pod0_proc0_20250628_233753_013174.csv
4703142,synthetic_2,84,1750890069.6211054,1751153873.0089788,263803.3878734112,1751153876.3271432,3.318164348602295,1751153881.317893,263811.69678759575,False,False,False,False,consumer_pod0_proc0_20250628_233753_013174.csv
4703152,synthetic_2,96,1750890069.6213913,1751153873.0089855,263803.387594223,1751153876.3271432,3.31815767288208,1751153881.317893,263811.6965017319,False,False,False,False,consumer_pod0_proc0_20250628_233753_013174.csv
4703162,synthetic_2,104,1750890069.6215725,1751153873.0089924,263803.38742017746,1751153876.3271432,3.318150758743286,1751153881.317893,263811.69632053375,False,False,False,False,consumer_pod0_proc0_20250628_233753_013174.csv
4703172,synthetic_2,84,1750890069.6217077,1751153873.008999,263803.38729166985,1751153876.3271432,3.3181440830230717,1751153881.317893,263811.6961853504,False,False,False,False,consumer_pod0_proc0_20250628_233753_013174.csv
4703182,synthetic_2,103,1750890069.621847,1751153873.0090067,263803.3871600628,1751153876.3271432,3.31813645362854,1751153881.317893,263811.69604611397,False,False,False,False,consumer_pod0_proc0_20250628_233753_013174.csv
4703192,synthetic_2,99,1750890069.621981,1751153873.0090137,263803.38703274727,1751153876.3271432,3.318129539489746,1751153881.317893,263811.6959121227,False,False,False,False,consumer_pod0_proc0_20250628_233753_013174.csv
4703202,synthetic_2,101,1750890069.62212,1751153873.0090213,263803.38690137863,1751153876.3271432,3.318121910095215,1751153881.317893,263811.6957731247,False,False,False,False,consumer_pod0_proc0_20250628_233753_013174.csv
4703212,synthetic_2,89,1750890069.6222548,1751153873.009028,263803.38677310944,1751153876.3271432,3.318115234375,1751153881.317893,263811.6956381798,False,False,False,False,consumer_pod0_proc0_20250628_233753_013174.csv
4703222,synthetic_2,84,1750890069.6223836,1751153873.0090342,263803.3866505623,1751153876.3271432,3.318109035491944,1751153881.317893,263811.69550943375,False,False,False,False,consumer_pod0_proc0_20250628_233753_013174.csv
4703232,synthetic_2,84,1750890069.6225166,1751153873.0090408,263803.38652420044,1751153876.3271432,3.3181023597717285,1751153881.317893,263811.6953763962,False,False,False,False,consumer_pod0_proc0_20250628_233753_013174.csv
4703242,synthetic_2,82,1750890069.6226542,1751153873.009048,263803.3863937855,1751153876.3271432,3.3180952072143555,1751153881.317893,263811.69523882866,False,False,False,False,consumer_pod0_proc0_20250628_233753_013174.csv
4703252,synthetic_2,104,1750890069.6227927,1751153873.0090544,263803.3862617016,1751153876.3271432,3.31808876991272,1751153881.317893,263811.69510030746,False,False,False,False,consumer_pod0_proc0_20250628_233753_013174.csv
4703262,synthetic_2,91,1750890069.6229372,1751153873.009061,263803.38612413406,1751153876.3271432,3.318082094192505,1751153881.317893,263811.6949558258,False,False,False,False,consumer_pod0_proc0_20250628_233753_013174.csv
4703272,synthetic_2,83,1750890069.623079,1751153873.0090685,263803.38598918915,1751153876.3271432,3.3180747032165527,1751153881.317893,263811.69481396675,False,False,False,False,consumer_pod0_proc0_20250628_233753_013174.csv
4703282,synthetic_2,98,1750890069.6232262,1751153873.009075,263803.3858487606,1751153876.3271432,3.318068265914917,1751153881.317893,263811.6946668625,False,False,False,False,consumer_pod0_proc0_20250628_233753_013174.csv
4703292,synthetic_2,91,1750890069.6233697,1751153873.0090826,263803.38571310043,1751153876.3271432,3.3180606365203857,1751153881.317893,263811.6945233345,False,False,False,False,consumer_pod0_proc0_20250628_233753_013174.csv
4703302,synthetic_2,104,1750890069.6235163,1751153873.0090902,263803.385573864,1751153876.3271432,3.3180530071258545,1751153881.317893,263811.6943767071,False,False,False,False,consumer_pod0_proc0_20250628_233753_013174.csv
4703312,synthetic_2,95,1750890069.623659,1751153873.0091004,263803.3854415417,1751153876.3271432,3.318042755126953,1751153881.317893,263811.69423413277,False,False,False,False,consumer_pod0_proc0_20250628_233753_013174.csv
4703322,synthetic_2,83,1750890069.6238065,1751153873.0091088,263803.3853023052,1751153876.3271432,3.318034410476685,1751153881.317893,263811.69408655167,False,False,False,False,consumer_pod0_proc0_20250628_233753_013174.csv
4703332,synthetic_2,81,1750890069.62398,1751153873.0091157,263803.38513565063,1751153876.3271432,3.31802749633789,1751153881.317893,263811.69391298294,False,False,False,False,consumer_pod0_proc0_20250628_233753_013174.csv
4703342,synthetic_2,91,1750890069.6241288,1751153873.009123,263803.3849942684,1751153876.3271432,3.3180201053619385,1751153881.317893,263811.69376420975,False,False,False,False,consumer_pod0_proc0_20250628_233753_013174.csv
4703352,synthetic_2,97,1750890069.6242664,1751153873.0091305,263803.3848640919,1751153876.3271432,3.3180127143859863,1751153881.317893,263811.6936266422,False,False,False,False,consumer_pod0_proc0_20250628_233753_013174.csv
4703362,synthetic_2,90,1750890069.6244082,1751153873.009139,263803.3847308159,1751153876.3271432,3.3180041313171387,1751153881.317893,263811.6934847832,False,False,False,False,consumer_pod0_proc0_20250628_233753_013174.csv
4716012,synthetic_2,82,1750890073.020582,1751153873.0091462,263799.98856425285,1751153876.3271432,3.3179969787597656,1751153881.317893,263808.2973110676,False,False,False,False,consumer_pod0_proc0_20250628_233753_013174.csv
4716022,synthetic_2,98,1750890073.0217333,1751153873.009153,263799.98741936684,1751153876.3271432,3.317990303039551,1751153881.317893,263808.29615974426,False,False,False,False,consumer_pod0_proc0_20250628_233753_013174.csv
4716032,synthetic_2,96,1750890073.021939,1751153873.00916,263799.9872210026,1751153876.3271432,3.3179831504821777,1751153881.317893,263808.295953989,False,False,False,False,consumer_pod0_proc0_20250628_233753_013174.csv
4716042,synthetic_2,103,1750890073.0221903,1751153873.009168,263799.9869778156,1751153876.3271432,3.3179752826690674,1751153881.317893,263808.29570269585,False,False,False,False,consumer_pod0_proc0_20250628_233753_013174.csv
4716052,synthetic_2,91,1750890073.0224028,1751153873.009176,263799.9867732525,1751153876.3271432,3.317967176437378,1751153881.317893,263808.2954902649,False,False,False,False,consumer_pod0_proc0_20250628_233753_013174.csv
4716062,synthetic_2,103,1750890073.022625,1751153873.0091832,263799.9865581989,1751153876.3271432,3.317960023880005,1751153881.317893,263808.2952680588,False,False,False,False,consumer_pod0_proc0_20250628_233753_013174.csv
4716072,synthetic_2,83,1750890073.022925,1751153873.0091918,263799.9862668514,1751153876.3271432,3.317951440811157,1751153881.317893,263808.2949681282,False,False,False,False,consumer_pod0_proc0_20250628_233753_013174.csv
4716082,synthetic_2,88,1750890073.02317,1751153873.009199,263799.9860289097,1751153876.3271432,3.317944288253784,1751153881.317893,263808.2947230339,False,False,False,False,consumer_pod0_proc0_20250628_233753_013174.csv
4716092,synthetic_2,91,1750890073.0233798,1751153873.0092056,263799.98582577705,1751153876.3271432,3.3179376125335693,1751153881.317893,263808.29451322556,False,False,False,False,consumer_pod0_proc0_20250628_233753_013174.csv
4716102,synthetic_2,83,1750890073.0236197,1751153873.0092127,263799.9855930805,1751153876.3271432,3.3179304599761963,1751153881.317893,263808.29427337646,False,False,False,False,consumer_pod0_proc0_20250628_233753_013174.csv
4716112,synthetic_2,103,1750890073.0237868,1751153873.00922,263799.98543310165,1751153876.3271432,3.3179233074188232,1751153881.317893,263808.29410624504,False,False,False,False,consumer_pod0_proc0_20250628_233753_013174.csv
4716122,synthetic_2,90,1750890073.0240512,1751153873.0092273,263799.9851760864,1751153876.3271432,3.317915916442871,1751153881.317893,263808.29384183884,False,False,False,False,consumer_pod0_proc0_20250628_233753_013174.csv
4716132,synthetic_2,91,1750890073.0244198,1751153873.0092337,263799.9848139286,1751153876.3271432,3.317909479141236,1751153881.317893,263808.2934732437,False,False,False,False,consumer_pod0_proc0_20250628_233753_013174.csv
4716142,synthetic_2,84,1750890073.0247765,1751153873.0092406,263799.98446416855,1751153876.3271432,3.3179025650024414,1751153881.317893,263808.2931165695,False,False,False,False,consumer_pod0_proc0_20250628_233753_013174.csv
4413452,synthetic_2,83,1750890073.1183922,1751153873.0092478,263799.8908555508,1751153876.3271432,3.3178954124450684,1751153881.317893,263808.1995007992,False,True,False,False,consumer_pod0_proc0_20250628_233753_013174.csv
4413462,synthetic_2,89,1750890073.118673,1751153873.0092542,263799.890581131,1751153876.3271432,3.3178889751434326,1751153881.317893,263808.1992199421,False,False,False,False,consumer_pod0_proc0_20250628_233753_013174.csv
4413472,synthetic_2,84,1750890073.1190946,1751153873.009261,263799.89016628265,1751153876.3271432,3.3178822994232178,1751153881.317893,263808.19879841805,False,False,False,False,consumer_pod0_proc0_20250628_233753_013174.csv
4413482,synthetic_2,104,1750890073.1194918,1751153873.0092676,263799.889775753,1751153876.3271432,3.317875623703003,1751153881.317893,263808.1984012127,False,False,False,False,consumer_pod0_proc0_20250628_233753_013174.csv
4413492,synthetic_2,105,1750890073.1198883,1751153873.0092752,263799.8893866539,1751153876.3271432,3.317867994308472,1751153881.317893,263808.1980047226,False,False,False,False,consumer_pod0_proc0_20250628_233753_013174.csv
4716152,synthetic_2,89,1750890073.0249994,1751153873.0092845,263799.9842848778,1751153876.3271432,3.3178586959838867,1751153881.317893,263808.29289364815,False,False,False,False,consumer_pod0_proc0_20250628_233753_013174.csv
4716162,synthetic_2,84,1750890073.0251873,1751153873.0092924,263799.98410511017,1751153876.3271432,3.3178508281707764,1751153881.317893,263808.2927057743,False,False,False,False,consumer_pod0_proc0_20250628_233753_013174.csv
4413502,synthetic_2,97,1750890073.1203291,1751153873.009299,263799.8889698982,1751153876.3271432,3.317844152450561,1751153881.317893,263808.19756388664,False,True,False,False,consumer_pod0_proc0_20250628_233753_013174.csv
4413512,synthetic_2,84,1750890073.1207435,1751153873.0093062,263799.8885626793,1751153876.3271432,3.3178369998931885,1751153881.317893,263808.19714951515,False,False,False,False,consumer_pod0_proc0_20250628_233753_013174.csv
4413522,synthetic_2,88,1750890073.121158,1751153873.009313,263799.88815522194,1751153876.3271432,3.3178300857543945,1751153881.317893,263808.19673514366,False,False,False,False,consumer_pod0_proc0_20250628_233753_013174.csv
4413532,synthetic_2,102,1750890073.121621,1751153873.00932,263799.8876991272,1751153876.3271432,3.3178231716156006,1751153881.317893,263808.1962721348,False,False,False,False,consumer_pod0_proc0_20250628_233753_013174.csv
4716172,synthetic_2,91,1750890073.0253398,1751153873.009327,263799.983987093,1751153876.3271432,3.317816257476806,1751153881.317893,263808.2925531864,False,False,False,False,consumer_pod0_proc0_20250628_233753_013174.csv
4716182,synthetic_2,83,1750890073.025505,1751153873.0093338,263799.98382878304,1751153876.3271432,3.3178093433380127,1751153881.317893,263808.29238796234,False,False,False,False,consumer_pod0_proc0_20250628_233753_013174.csv
4413542,synthetic_2,82,1750890073.1221294,1751153873.0093408,263799.8872113228,1751153876.3271432,3.3178024291992188,1751153881.317893,263808.19576358795,False,True,False,False,consumer_pod0_proc0_20250628_233753_013174.csv
4413552,synthetic_2,104,1750890073.1226084,1751153873.009348,263799.8867394924,1751153876.3271432,3.3177952766418457,1751153881.317893,263808.195284605,False,False,False,False,consumer_pod0_proc0_20250628_233753_013174.csv
4413562,synthetic_2,82,1750890073.123043,1751153873.009355,263799.8863120079,1751153876.3271432,3.3177881240844727,1751153881.317893,263808.19484996796,False,False,False,False,consumer_pod0_proc0_20250628_233753_013174.csv
4716192,synthetic_2,97,1750890073.0256722,1751153873.0093615,263799.98368930817,1751153876.3271432,3.317781686782837,1751153881.317893,263808.2922208309,False,False,False,False,consumer_pod0_proc0_20250628_233753_013174.csv
4413572,synthetic_2,83,1750890073.1234877,1751153873.0093684,263799.8858809471,1751153876.3271432,3.317774772644043,1751153881.317893,263808.1944053173,False,True,False,False,consumer_pod0_proc0_20250628_233753_013174.csv
4716202,synthetic_2,92,1750890073.0258305,1751153873.0093768,263799.983546257,1751153876.3271432,3.3177664279937744,1751153881.317893,263808.292062521,False,False,False,False,consumer_pod0_proc0_20250628_233753_013174.csv
4716212,synthetic_2,104,1750890073.0259848,1751153873.0093837,263799.98339891434,1751153876.3271432,3.3177595138549805,1751153881.317893,263808.29190826416,False,False,False,False,consumer_pod0_proc0_20250628_233753_013174.csv
4413582,synthetic_2,89,1750890073.1238096,1751153873.009391,263799.8855814934,1751153876.3271432,3.3177521228790283,1751153881.317893,263808.1940834522,False,True,False,False,consumer_pod0_proc0_20250628_233753_013174.csv
4413592,synthetic_2,96,1750890073.12413,1751153873.0093975,263799.8852677345,1751153876.3271432,3.3177456855773926,1751153881.317893,263808.19376301765,False,False,False,False,consumer_pod0_proc0_20250628_233753_013174.csv
4716222,synthetic_2,89,1750890073.0261514,1751153873.0094044,263799.98325300217,1751153876.3271432,3.317738771438598,1751153881.317893,263808.2917416096,False,False,False,False,consumer_pod0_proc0_20250628_233753_013174.csv
4716232,synthetic_2,84,1750890073.0263202,1751153873.0094116,263799.9830913544,1751153876.3271432,3.3177316188812256,1751153881.317893,263808.2915728092,False,False,False,False,consumer_pod0_proc0_20250628_233753_013174.csv
4716242,synthetic_2,105,1750890073.026477,1751153873.0094182,263799.98294091225,1751153876.3271432,3.3177249431610107,1751153881.317893,263808.2914159298,False,False,False,False,consumer_pod0_proc0_20250628_233753_013174.csv
4716252,synthetic_2,91,1750890073.0266497,1751153873.009425,263799.98277521133,1751153876.3271432,3.317718267440796,1751153881.317893,263808.29124331474,False,False,False,False,consumer_pod0_proc0_20250628_233753_013174.csv
4716262,synthetic_2,83,1750890073.0268033,1751153873.0094314,263799.9826281071,1751153876.3271432,3.31771183013916,1751153881.317893,263808.2910897732,False,False,False,False,consumer_pod0_proc0_20250628_233753_013174.csv
4716272,synthetic_2,105,1750890073.0269752,1751153873.009438,263799.982462883,1751153876.3271432,3.3177051544189453,1751153881.317893,263808.2909178734,False,False,False,False,consumer_pod0_proc0_20250628_233753_013174.csv
4716282,synthetic_2,89,1750890073.0271454,1751153873.009446,263799.9823007584,1751153876.3271432,3.317697286605835,1751153881.317893,263808.2907476425,False,False,False,False,consumer_pod0_proc0_20250628_233753_013174.csv
4716292,synthetic_2,96,1750890073.027301,1751153873.0094528,263799.98215174675,1751153876.3271432,3.317690372467041,1751153881.317893,263808.2905919552,False,False,False,False,consumer_pod0_proc0_20250628_233753_013174.csv
4716302,synthetic_2,83,1750890073.0274663,1751153873.0094595,263799.9819931984,1751153876.3271432,3.317683696746826,1751153881.317893,263808.2904267311,False,False,False,False,consumer_pod0_proc0_20250628_233753_013174.csv
4716312,synthetic_2,89,1750890073.0276406,1751153873.0094676,263799.98182702065,1751153876.3271432,3.3176755905151367,1751153881.317893,263808.2902524471,False,False,False,False,consumer_pod0_proc0_20250628_233753_013174.csv
4716322,synthetic_2,83,1750890073.027781,1751153873.0094745,263799.98169350624,1751153876.3271432,3.3176686763763428,1751153881.317893,263808.2901120186,False,False,False,False,consumer_pod0_proc0_20250628_233753_013174.csv
4716332,synthetic_2,104,1750890073.0279226,1751153873.0094814,263799.98155879974,1751153876.3271432,3.317661762237549,1751153881.317893,263808.28997039795,False,False,False,False,consumer_pod0_proc0_20250628_233753_013174.csv
4716342,synthetic_2,91,1750890073.0280588,1751153873.0094883,263799.9814295769,1751153876.3271432,3.317654848098755,1751153881.317893,263808.28983426094,False,False,False,False,consumer_pod0_proc0_20250628_233753_013174.csv
4716352,synthetic_2,80,1750890073.0282006,1751153873.0094953,263799.981294632,1751153876.3271432,3.317647933959961,1751153881.317893,263808.2896924019,False,False,False,False,consumer_pod0_proc0_20250628_233753_013174.csv
4716362,synthetic_2,84,1750890073.028339,1751153873.009502,263799.9811632633,1751153876.3271432,3.317641258239746,1751153881.317893,263808.2895541191,False,False,False,False,consumer_pod0_proc0_20250628_233753_013174.csv
4716372,synthetic_2,92,1750890073.116531,1751153873.0095086,263799.89297771454,1751153876.3271432,3.3176345825195312,1751153881.317893,263808.201362133,False,False,False,False,consumer_pod0_proc0_20250628_233753_013174.csv
4716382,synthetic_2,98,1750890073.1213884,1751153873.0095155,263799.88812708855,1751153876.3271432,3.3176276683807373,1751153881.317893,263808.1965045929,False,False,False,False,consumer_pod0_proc0_20250628_233753_013174.csv
4716392,synthetic_2,89,1750890073.1216996,1751153873.0095224,263799.88782286644,1751153876.3271432,3.317620754241944,1751153881.317893,263808.19619345665,False,False,False,False,consumer_pod0_proc0_20250628_233753_013174.csv
4716402,synthetic_2,97,1750890073.121984,1751153873.0095294,263799.8875453472,1751153876.3271432,3.3176138401031494,1751153881.317893,263808.1959090233,False,False,False,False,consumer_pod0_proc0_20250628_233753_013174.csv
4716412,synthetic_2,83,1750890073.122407,1751153873.0095365,263799.8871293068,1751153876.3271432,3.3176066875457764,1751153881.317893,263808.1954860687,False,False,False,False,consumer_pod0_proc0_20250628_233753_013174.csv
4716422,synthetic_2,104,1750890073.1226814,1751153873.0095437,263799.886862278,1751153876.3271432,3.3175995349884038,1751153881.317893,263808.19521164894,False,False,False,False,consumer_pod0_proc0_20250628_233753_013174.csv
4716432,synthetic_2,84,1750890073.1230571,1751153873.0095513,263799.8864941597,1751153876.3271432,3.317591905593872,1751153881.317893,263808.19483590126,False,False,False,False,consumer_pod0_proc0_20250628_233753_013174.csv
4716442,synthetic_2,96,1750890073.1233532,1751153873.00956,263799.8862068653,1751153876.3271432,3.3175830841064453,1751153881.317893,263808.1945397854,False,False,False,False,consumer_pod0_proc0_20250628_233753_013174.csv
4716452,synthetic_2,104,1750890073.1236005,1751153873.0095682,263799.8859677315,1751153876.3271432,3.317574977874756,1751153881.317893,263808.1942925453,False,False,False,False,consumer_pod0_proc0_20250628_233753_013174.csv
4413602,synthetic_2,90,1750890073.1244242,1751153873.0095758,263799.8851516247,1751153876.3271432,3.3175673484802246,1751153881.317893,263808.1934688091,False,True,False,False,consumer_pod0_proc0_20250628_233753_013174.csv
4413612,synthetic_2,91,1750890073.1246943,1751153873.0095828,263799.88488841057,1751153876.3271432,3.3175604343414307,1751153881.317893,263808.1931986809,False,False,False,False,consumer_pod0_proc0_20250628_233753_013174.csv
4413622,synthetic_2,82,1750890073.124926,1751153873.0095894,263799.88466334343,1751153876.3271432,3.317553758621216,1751153881.317893,263808.192966938,False,False,False,False,consumer_pod0_proc0_20250628_233753_013174.csv
4413632,synthetic_2,105,1750890073.1251605,1751153873.0095978,263799.8844373226,1751153876.3271432,3.3175454139709477,1751153881.317893,263808.19273257256,False,False,False,False,consumer_pod0_proc0_20250628_233753_013174.csv
4413642,synthetic_2,96,1750890073.125401,1751153873.009605,263799.8842039108,1751153876.3271432,3.317538261413574,1751153881.317893,263808.1924920082,False,False,False,False,consumer_pod0_proc0_20250628_233753_013174.csv
4413652,synthetic_2,91,1750890073.1256328,1751153873.009612,263799.8839793205,1751153876.3271432,3.317531108856201,1751153881.317893,263808.19226026535,False,False,False,False,consumer_pod0_proc0_20250628_233753_013174.csv
4716462,synthetic_2,83,1750890073.1237762,1751153873.0096188,263799.8858425617,1751153876.3271432,3.3175244331359863,1751153881.317893,263808.1941168308,False,False,False,False,consumer_pod0_proc0_20250628_233753_013174.csv
4716472,synthetic_2,105,1750890073.1239786,1751153873.0096254,263799.88564682007,1751153876.3271432,3.3175177574157715,1751153881.317893,263808.19391441345,False,False,False,False,consumer_pod0_proc0_20250628_233753_013174.csv
4413662,synthetic_2,91,1750890073.1258743,1751153873.0096326,263799.8837580681,1751153876.3271432,3.3175106048583984,1751153881.317893,263808.19201874733,False,True,False,False,consumer_pod0_proc0_20250628_233753_013174.csv
4413672,synthetic_2,104,1750890073.1261091,1751153873.0096393,263799.8835301399,1751153876.3271432,3.317503929138184,1751153881.317893,263808.19178390503,False,False,False,False,consumer_pod0_proc0_20250628_233753_013174.csv
4413682,synthetic_2,83,1750890073.1263332,1751153873.0096474,263799.8833141327,1751153876.3271432,3.317495822906494,1751153881.317893,263808.19155979156,False,False,False,False,consumer_pod0_proc0_20250628_233753_013174.csv
4413692,synthetic_2,84,1750890073.1265616,1751153873.0096543,263799.88309288025,1751153876.3271432,3.3174889087677,1751153881.317893,263808.19133138657,False,False,False,False,consumer_pod0_proc0_20250628_233753_013174.csv
4413702,synthetic_2,103,1750890073.1267886,1751153873.0096617,263799.8828730583,1751153876.3271432,3.317481517791748,1751153881.317893,263808.1911044121,False,False,False,False,consumer_pod0_proc0_20250628_233753_013174.csv
4413712,synthetic_2,84,1750890073.127035,1751153873.009669,263799.8826344013,1751153876.3271432,3.317474126815796,1751153881.317893,263808.1908581257,False,False,False,False,consumer_pod0_proc0_20250628_233753_013174.csv
4716482,synthetic_2,95,1750890073.124158,1751153873.0096755,263799.8855178356,1751153876.3271432,3.31746768951416,1751153881.317893,263808.1937351227,False,False,False,False,consumer_pod0_proc0_20250628_233753_013174.csv
4716492,synthetic_2,91,1750890073.1243334,1751153873.0096831,263799.8853497505,1751153876.3271432,3.317460060119629,1751153881.317893,263808.1935596466,False,False,False,False,consumer_pod0_proc0_20250628_233753_013174.csv
4413722,synthetic_2,90,1750890073.127255,1751153873.00969,263799.8824350834,1751153876.3271432,3.317453145980835,1751153881.317893,263808.19063806534,False,True,False,False,consumer_pod0_proc0_20250628_233753_013174.csv
4413732,synthetic_2,102,1750890073.1274898,1751153873.009697,263799.8822071552,1751153876.3271432,3.317446231842041,1751153881.317893,263808.19040322304,False,False,False,False,consumer_pod0_proc0_20250628_233753_013174.csv
4413742,synthetic_2,84,1750890073.1277182,1751153873.009704,263799.8819856644,1751153876.3271432,3.317439079284668,1751153881.317893,263808.19017481804,False,False,False,False,consumer_pod0_proc0_20250628_233753_013174.csv
4413752,synthetic_2,89,1750890073.1279476,1751153873.0097108,263799.88176321983,1751153876.3271432,3.317432403564453,1751153881.317893,263808.18994545937,False,False,False,False,consumer_pod0_proc0_20250628_233753_013174.csv
4413762,synthetic_2,81,1750890073.128177,1751153873.0097177,263799.8815407753,1751153876.3271432,3.317425489425659,1751153881.317893,263808.1897161007,False,False,False,False,consumer_pod0_proc0_20250628_233753_013174.csv
4716502,synthetic_2,90,1750890073.124503,1751153873.0097244,263799.8852214813,1751153876.3271432,3.3174188137054443,1751153881.317893,263808.193390131,False,False,False,False,consumer_pod0_proc0_20250628_233753_013174.csv
4413772,synthetic_2,83,1750890073.1284096,1751153873.0097308,263799.8813211918,1751153876.3271432,3.3174123764038086,1751153881.317893,263808.18948340416,False,True,False,False,consumer_pod0_proc0_20250628_233753_013174.csv
4716512,synthetic_2,88,1750890073.1246846,1751153873.0097392,263799.8850545883,1751153876.3271432,3.31740403175354,1751153881.317893,263808.19320845604,False,False,False,False,consumer_pod0_proc0_20250628_233753_013174.csv
4413782,synthetic_2,98,1750890073.2175047,1751153873.009746,263799.7922413349,1751153876.3271432,3.317397117614746,1751153881.317893,263808.1003882885,False,True,False,False,consumer_pod0_proc0_20250628_233753_013174.csv
4413792,synthetic_2,105,1750890073.2179697,1751153873.009755,263799.7917852402,1751153876.3271432,3.31738829612732,1751153881.317893,263808.09992337227,False,False,False,False,consumer_pod0_proc0_20250628_233753_013174.csv
4413802,synthetic_2,98,1750890073.218475,1751153873.0097618,263799.7912864685,1751153876.3271432,3.3173813819885254,1751153881.317893,263808.0994179249,False,False,False,False,consumer_pod0_proc0_20250628_233753_013174.csv
4716522,synthetic_2,104,1750890073.1248486,1751153873.0097685,263799.8849198818,1751153876.3271432,3.3173747062683105,1751153881.317893,263808.19304442406,False,False,False,False,consumer_pod0_proc0_20250628_233753_013174.csv
4716532,synthetic_2,91,1750890073.1249857,1751153873.009776,263799.88479042053,1751153876.3271432,3.3173670768737797,1751153881.317893,263808.1929073334,False,False,False,False,consumer_pod0_proc0_20250628_233753_013174.csv
4413812,synthetic_2,97,1750890073.2189343,1751153873.0097828,263799.7908484936,1751153876.3271432,3.3173604011535645,1751153881.317893,263808.0989587307,False,True,False,False,consumer_pod0_proc0_20250628_233753_013174.csv
4716542,synthetic_2,91,1750890073.1251209,1751153873.0097897,263799.88466858864,1751153876.3271432,3.3173534870147705,1751153881.317893,263808.19277215004,False,False,False,False,consumer_pod0_proc0_20250628_233753_013174.csv
4716552,synthetic_2,83,1750890073.125255,1751153873.009796,263799.8845410347,1751153876.3271432,3.317347288131714,1751153881.317893,263808.1926379204,False,False,False,False,consumer_pod0_proc0_20250628_233753_013174.csv
4716562,synthetic_2,95,1750890073.1253896,1751153873.0098028,263799.88441324234,1751153876.3271432,3.31734037399292,1751153881.317893,263808.1925034523,False,False,False,False,consumer_pod0_proc0_20250628_233753_013174.csv
4716572,synthetic_2,83,1750890073.1255312,1751153873.0098095,263799.88427853584,1751153876.3271432,3.317333698272705,1751153881.317893,263808.19236183167,False,False,False,False,consumer_pod0_proc0_20250628_233753_013174.csv
4716582,synthetic_2,105,1750890073.1256752,1751153873.0098162,263799.8841409683,1751153876.3271432,3.3173270225524902,1751153881.317893,263808.19221782684,False,False,False,False,consumer_pod0_proc0_20250628_233753_013174.csv
4413822,synthetic_2,83,1750890073.219421,1751153873.0098224,263799.79040145874,1751153876.3271432,3.3173208236694336,1751153881.317893,263808.0984721184,False,True,False,False,consumer_pod0_proc0_20250628_233753_013174.csv
4716592,synthetic_2,97,1750890073.1258202,1751153873.0098307,263799.88401055336,1751153876.3271432,3.317312479019165,1751153881.317893,263808.19207286835,False,False,False,False,consumer_pod0_proc0_20250628_233753_013174.csv
4413832,synthetic_2,101,1750890073.219937,1751153873.009838,263799.7899005413,1751153876.3271432,3.317305088043213,1751153881.317893,263808.09795594215,False,True,False,False,consumer_pod0_proc0_20250628_233753_013174.csv
4413842,synthetic_2,90,1750890073.2205522,1751153873.0098448,263799.7892925739,1751153876.3271432,3.317298412322998,1751153881.317893,263808.0973408222,False,False,False,False,consumer_pod0_proc0_20250628_233753_013174.csv
4413852,synthetic_2,103,1750890073.2210042,1751153873.0098512,263799.7888469696,1751153876.3271432,3.3172919750213623,1751153881.317893,263808.0968887806,False,False,False,False,consumer_pod0_proc0_20250628_233753_013174.csv
4716602,synthetic_2,97,1750890073.1259654,1751153873.009858,263799.88389253616,1751153876.3271432,3.3172852993011475,1751153881.317893,263808.19192767143,False,False,False,False,consumer_pod0_proc0_20250628_233753_013174.csv
4716612,synthetic_2,84,1750890073.1261055,1751153873.0098648,263799.8837592602,1751153876.3271432,3.317278385162353,1751153881.317893,263808.1917874813,False,False,False,False,consumer_pod0_proc0_20250628_233753_013174.csv
4716622,synthetic_2,97,1750890073.1262426,1751153873.0098708,263799.88362813,1751153876.3271432,3.317272424697876,1751153881.317893,263808.1916503906,False,False,False,False,consumer_pod0_proc0_20250628_233753_013174.csv
4716632,synthetic_2,90,1750890073.1263857,1751153873.0098777,263799.8834919929,1751153876.3271432,3.317265510559082,1751153881.317893,263808.1915073395,False,False,False,False,consumer_pod0_proc0_20250628_233753_013174.csv
4413862,synthetic_2,104,1750890073.2213812,1751153873.0098846,263799.78850340843,1751153876.3271432,3.317258596420288,1751153881.317893,263808.0965118408,False,True,False,False,consumer_pod0_proc0_20250628_233753_013174.csv
4716642,synthetic_2,83,1750890073.1265216,1751153873.0098915,263799.88336992264,1751153876.3271432,3.317251682281494,1751153881.317893,263808.1913714409,False,False,False,False,consumer_pod0_proc0_20250628_233753_013174.csv
4716652,synthetic_2,97,1750890073.126664,1751153873.0098996,263799.883235693,1751153876.3271432,3.3172435760498047,1751153881.317893,263808.191229105,False,False,False,False,consumer_pod0_proc0_20250628_233753_013174.csv
4413872,synthetic_2,81,1750890073.22188,1751153873.0099068,263799.7880268097,1751153876.3271432,3.317236423492432,1751153881.317893,263808.09601306915,False,True,False,False,consumer_pod0_proc0_20250628_233753_013174.csv
4413882,synthetic_2,105,1750890073.2221704,1751153873.0099127,263799.7877423763,1751153876.3271432,3.317230463027954,1751153881.317893,263808.0957226753,False,False,False,False,consumer_pod0_proc0_20250628_233753_013174.csv
4716662,synthetic_2,104,1750890073.126803,1751153873.009921,263799.8831181526,1751153876.3271432,3.317222118377685,1751153881.317893,263808.19109010696,False,False,False,False,consumer_pod0_proc0_20250628_233753_013174.csv
4716672,synthetic_2,96,1750890073.1269429,1751153873.0099275,263799.88298487663,1751153876.3271432,3.31721568107605,1751153881.317893,263808.19095015526,False,False,False,False,consumer_pod0_proc0_20250628_233753_013174.csv
4413892,synthetic_2,90,1750890073.2224662,1751153873.009935,263799.7874684334,1751153876.3271432,3.3172082901000977,1751153881.317893,263808.09542679787,False,True,False,False,consumer_pod0_proc0_20250628_233753_013174.csv
4716682,synthetic_2,101,1750890073.127085,1751153873.0099416,263799.88285660744,1751153876.3271432,3.317201614379883,1751153881.317893,263808.1908080578,False,False,False,False,consumer_pod0_proc0_20250628_233753_013174.csv
4413902,synthetic_2,105,1750890073.2227428,1751153873.0099485,263799.7872056961,1751153876.3271432,3.317194700241089,1751153881.317893,263808.0951502323,False,True,False,False,consumer_pod0_proc0_20250628_233753_013174.csv
4716692,synthetic_2,104,1750890073.127228,1751153873.0099554,263799.88272738457,1751153876.3271432,3.317187786102295,1751153881.317893,263808.19066500664,False,False,False,False,consumer_pod0_proc0_20250628_233753_013174.csv
4716702,synthetic_2,102,1750890073.1273687,1751153873.009962,263799.8825933933,1751153876.3271432,3.31718111038208,1751153881.317893,263808.1905243397,False,False,False,False,consumer_pod0_proc0_20250628_233753_013174.csv
4716712,synthetic_2,84,1750890073.1275043,1751153873.009969,263799.8824646473,1751153876.3271432,3.317174196243286,1751153881.317893,263808.1903886795,False,False,False,False,consumer_pod0_proc0_20250628_233753_013174.csv
4413912,synthetic_2,82,1750890073.22302,1751153873.0099754,263799.7869553566,1751153876.3271432,3.3171677589416504,1751153881.317893,263808.0948729515,False,True,False,False,consumer_pod0_proc0_20250628_233753_013174.csv
4413922,synthetic_2,95,1750890073.22331,1751153873.0099814,263799.78667140007,1751153876.3271432,3.317161798477173,1751153881.317893,263808.0945830345,False,False,False,False,consumer_pod0_proc0_20250628_233753_013174.csv
4413932,synthetic_2,105,1750890073.2235827,1751153873.0099893,263799.786406517,1751153876.3271432,3.3171539306640625,1751153881.317893,263808.09431028366,False,False,False,False,consumer_pod0_proc0_20250628_233753_013174.csv
4413942,synthetic_2,83,1750890073.223856,1751153873.0099976,263799.786141634,1751153876.3271432,3.317145586013794,1751153881.317893,263808.09403705597,False,False,False,False,consumer_pod0_proc0_20250628_233753_013174.csv
4413952,synthetic_2,104,1750890073.2241397,1751153873.010005,263799.7858655453,1751153876.3271432,3.317138195037842,1751153881.317893,263808.09375333786,False,False,False,False,consumer_pod0_proc0_20250628_233753_013174.csv
4413962,synthetic_2,83,1750890073.2244153,1751153873.010014,263799.7855987549,1751153876.3271432,3.317129135131836,1751153881.317893,263808.093477726,False,False,False,False,consumer_pod0_proc0_20250628_233753_013174.csv
4413972,synthetic_2,105,1750890073.2247396,1751153873.0100212,263799.7852816582,1751153876.3271432,3.317121982574463,1751153881.317893,263808.0931534767,False,False,False,False,consumer_pod0_proc0_20250628_233753_013174.csv
4413982,synthetic_2,91,1750890073.2249954,1751153873.0100286,263799.785033226,1751153876.3271432,3.3171145915985107,1751153881.317893,263808.0928976536,False,False,False,False,consumer_pod0_proc0_20250628_233753_013174.csv
4413992,synthetic_2,98,1750890073.2252753,1751153873.0100355,263799.78476023674,1751153876.3271432,3.317107677459717,1751153881.317893,263808.09261775017,False,False,False,False,consumer_pod0_proc0_20250628_233753_013174.csv
4414002,synthetic_2,103,1750890073.225543,1751153873.010043,263799.78449988365,1751153876.3271432,3.3171002864837646,1751153881.317893,263808.0923500061,False,False,False,False,consumer_pod0_proc0_20250628_233753_013174.csv
4716722,synthetic_2,103,1750890073.1276426,1751153873.0100515,263799.88240885735,1751153876.3271432,3.317091703414917,1751153881.317893,263808.1902503967,False,False,False,False,consumer_pod0_proc0_20250628_233753_013174.csv
4716732,synthetic_2,83,1750890073.1277747,1751153873.0100586,263799.882283926,1751153876.3271432,3.317084550857544,1751153881.317893,263808.19011831284,False,False,False,False,consumer_pod0_proc0_20250628_233753_013174.csv
4716742,synthetic_2,104,1750890073.1279266,1751153873.0100656,263799.8821389675,1751153876.3271432,3.31707763671875,1751153881.317893,263808.1899664402,False,False,False,False,consumer_pod0_proc0_20250628_233753_013174.csv
4716752,synthetic_2,96,1750890073.1280692,1751153873.010073,263799.8820037842,1751153876.3271432,3.317070245742798,1751153881.317893,263808.1898238659,False,False,False,False,consumer_pod0_proc0_20250628_233753_013174.csv
4716762,synthetic_2,102,1750890073.128217,1751153873.0100806,263799.88186359406,1751153876.3271432,3.3170626163482666,1751153881.317893,263808.1896760464,False,False,False,False,consumer_pod0_proc0_20250628_233753_013174.csv
4716772,synthetic_2,83,1750890073.1283574,1751153873.0100875,263799.88173007965,1751153876.3271432,3.3170557022094727,1751153881.317893,263808.1895356178,False,False,False,False,consumer_pod0_proc0_20250628_233753_013174.csv
4716782,synthetic_2,97,1750890073.2170813,1751153873.0100942,263799.79301285744,1751153876.3271432,3.317049026489258,1751153881.317893,263808.1008117199,False,False,False,False,consumer_pod0_proc0_20250628_233753_013174.csv
4716792,synthetic_2,98,1750890073.2189958,1751153873.0101027,263799.7911069393,1751153876.3271432,3.31704044342041,1751153881.317893,263808.0988972187,False,False,False,False,consumer_pod0_proc0_20250628_233753_013174.csv
4716802,synthetic_2,91,1750890073.2193289,1751153873.01011,263799.79078125954,1751153876.3271432,3.317033290863037,1751153881.317893,263808.09856414795,False,False,False,False,consumer_pod0_proc0_20250628_233753_013174.csv
4716812,synthetic_2,84,1750890073.2196753,1751153873.010117,263799.7904417515,1751153876.3271432,3.317026138305664,1751153881.317893,263808.09821772575,False,False,False,False,consumer_pod0_proc0_20250628_233753_013174.csv
4716822,synthetic_2,81,1750890073.2199688,1751153873.0101235,263799.790154934,1751153876.3271432,3.3170197010040283,1751153881.317893,263808.0979242325,False,False,False,False,consumer_pod0_proc0_20250628_233753_013174.csv
4716832,synthetic_2,90,1750890073.220249,1751153873.0101306,263799.78988170624,1751153876.3271432,3.3170125484466557,1751153881.317893,263808.09764409065,False,False,False,False,consumer_pod0_proc0_20250628_233753_013174.csv
4414012,synthetic_2,89,1750890073.225793,1751153873.0101378,263799.7843449116,1751153876.3271432,3.3170053958892822,1751153881.317893,263808.09210014343,False,True,False,False,consumer_pod0_proc0_20250628_233753_013174.csv
4414022,synthetic_2,83,1750890073.2260158,1751153873.0101445,263799.7841286659,1751153876.3271432,3.3169987201690674,1751153881.317893,263808.09187722206,False,False,False,False,consumer_pod0_proc0_20250628_233753_013174.csv
4414032,synthetic_2,91,1750890073.2262352,1751153873.0101511,263799.7839159965,1751153876.3271432,3.3169920444488525,1751153881.317893,263808.09165787697,False,False,False,False,consumer_pod0_proc0_20250628_233753_013174.csv
4414042,synthetic_2,93,1750890073.226457,1751153873.010158,263799.783700943,1751153876.3271432,3.3169851303100586,1751153881.317893,263808.0914359093,False,False,False,False,consumer_pod0_proc0_20250628_233753_013174.csv
4414052,synthetic_2,101,1750890073.226693,1751153873.010165,263799.7834722996,1751153876.3271432,3.3169782161712646,1751153881.317893,263808.0912001133,False,False,False,False,consumer_pod0_proc0_20250628_233753_013174.csv
4414062,synthetic_2,90,1750890073.2269237,1751153873.0101724,263799.78324890137,1751153876.3271432,3.3169708251953125,1751153881.317893,263808.0909693241,False,False,False,False,consumer_pod0_proc0_20250628_233753_013174.csv
4414072,synthetic_2,97,1750890073.2271452,1751153873.0101793,263799.7830340862,1751153876.3271432,3.3169639110565186,1751153881.317893,263808.09074783325,False,False,False,False,consumer_pod0_proc0_20250628_233753_013174.csv
4414082,synthetic_2,103,1750890073.2273722,1751153873.010187,263799.7828145027,1751153876.3271432,3.3169562816619877,1751153881.317893,263808.09052085876,False,False,False,False,consumer_pod0_proc0_20250628_233753_013174.csv
4414092,synthetic_2,88,1750890073.227592,1751153873.0101955,263799.7826037407,1751153876.3271432,3.31694769859314,1751153881.317893,263808.09030103683,False,False,False,False,consumer_pod0_proc0_20250628_233753_013174.csv
4414102,synthetic_2,98,1750890073.227816,1751153873.0102024,263799.78238654137,1751153876.3271432,3.3169407844543457,1751153881.317893,263808.09007692337,False,False,False,False,consumer_pod0_proc0_20250628_233753_013174.csv
4414112,synthetic_2,84,1750890073.2280364,1751153873.0102105,263799.7821741104,1751153876.3271432,3.316932678222656,1751153881.317893,263808.0898566246,False,False,False,False,consumer_pod0_proc0_20250628_233753_013174.csv
4414122,synthetic_2,104,1750890073.2282662,1751153873.010217,263799.7819507122,1751153876.3271432,3.3169262409210205,1751153881.317893,263808.0896267891,False,False,False,False,consumer_pod0_proc0_20250628_233753_013174.csv
4414132,synthetic_2,103,1750890073.3173754,1751153873.010224,263799.692848444,1751153876.3271432,3.3169190883636475,1751153881.317893,263808.00051760674,False,False,False,False,consumer_pod0_proc0_20250628_233753_013174.csv
4716842,synthetic_2,89,1750890073.220466,1751153873.0102303,263799.7897646427,1751153876.3271432,3.316912889480591,1751153881.317893,263808.09742712975,False,False,False,False,consumer_pod0_proc0_20250628_233753_013174.csv
4718892,synthetic_2,84,1750890073.9191952,1751153873.0102372,263799.0910420418,1751153876.3271432,3.316905975341797,1751153881.317893,263807.3986978531,False,False,False,False,consumer_pod0_proc0_20250628_233753_013174.csv
4718902,synthetic_2,105,1750890073.9196842,1751153873.0102437,263799.0905594826,1751153876.3271432,3.316899538040161,1751153881.317893,263807.3982088566,False,False,False,False,consumer_pod0_proc0_20250628_233753_013174.csv
4718912,synthetic_2,104,1750890073.920006,1751153873.010251,263799.09024500847,1751153876.3271432,3.316892147064209,1751153881.317893,263807.3978869915,False,False,False,False,consumer_pod0_proc0_20250628_233753_013174.csv
4718922,synthetic_2,97,1750890073.9203205,1751153873.010258,263799.0899376869,1751153876.3271432,3.316885232925415,1751153881.317893,263807.3975725174,False,False,False,False,consumer_pod0_proc0_20250628_233753_013174.csv
4718932,synthetic_2,102,1750890073.920708,1751153873.0102646,263799.08955669403,1751153876.3271432,3.3168785572052,1751153881.317893,263807.3971850872,False,False,False,False,consumer_pod0_proc0_20250628_233753_013174.csv
4718942,synthetic_2,104,1750890073.9212856,1751153873.0102718,263799.0889861584,1751153876.3271432,3.316871404647827,1751153881.317893,263807.396607399,False,False,False,False,consumer_pod0_proc0_20250628_233753_013174.csv
4718952,synthetic_2,97,1750890073.9216125,1751153873.0102787,263799.08866620064,1751153876.3271432,3.316864490509033,1751153881.317893,263807.3962805271,False,False,False,False,consumer_pod0_proc0_20250628_233753_013174.csv
4718962,synthetic_2,97,1750890073.9219358,1751153873.0102866,263799.08835077286,1751153876.3271432,3.316856622695923,1751153881.317893,263807.3959572315,False,False,False,False,consumer_pod0_proc0_20250628_233753_013174.csv
4718972,synthetic_2,84,1750890073.9222448,1751153873.0102932,263799.0880484581,1751153876.3271432,3.316849946975708,1751153881.317893,263807.39564824104,False,False,False,False,consumer_pod0_proc0_20250628_233753_013174.csv
4718982,synthetic_2,84,1750890073.922526,1751153873.0102997,263799.0877735615,1751153876.3271432,3.3168435096740723,1751153881.317893,263807.39536714554,False,False,False,False,consumer_pod0_proc0_20250628_233753_013174.csv
4718992,synthetic_2,105,1750890073.9228127,1751153873.010306,263799.08749341965,1751153876.3271432,3.316837310791016,1751153881.317893,263807.395080328,False,False,False,False,consumer_pod0_proc0_20250628_233753_013174.csv
4719002,synthetic_2,81,1750890073.923059,1751153873.0103128,263799.087253809,1751153876.3271432,3.3168303966522217,1751153881.317893,263807.3948340416,False,False,False,False,consumer_pod0_proc0_20250628_233753_013174.csv
4719012,synthetic_2,97,1750890073.923309,1751153873.0103197,263799.0870103836,1751153876.3271432,3.316823482513428,1751153881.317893,263807.3945839405,False,False,False,False,consumer_pod0_proc0_20250628_233753_013174.csv
4719022,synthetic_2,98,1750890073.9235463,1751153873.010326,263799.0867795944,1751153876.3271432,3.316817283630371,1751153881.317893,263807.394346714,False,False,False,False,consumer_pod0_proc0_20250628_233753_013174.csv
4719032,synthetic_2,103,1750890073.9237952,1751153873.0103326,263799.08653736115,1751153876.3271432,3.316810607910156,1751153881.317893,263807.394097805,False,False,False,False,consumer_pod0_proc0_20250628_233753_013174.csv
4719042,synthetic_2,83,1750890073.9240632,1751153873.0103395,263799.0862762928,1751153876.3271432,3.3168036937713623,1751153881.317893,263807.39382982254,False,False,False,False,consumer_pod0_proc0_20250628_233753_013174.csv
4719052,synthetic_2,104,1750890073.9243062,1751153873.0103464,263799.0860402584,1751153876.3271432,3.3167967796325684,1751153881.317893,263807.393586874,False,False,False,False,consumer_pod0_proc0_20250628_233753_013174.csv
4719062,synthetic_2,90,1750890074.0183878,1751153873.0103545,263798.9919667244,1751153876.3271432,3.316788673400879,1751153881.317893,263807.29950523376,False,False,False,False,consumer_pod0_proc0_20250628_233753_013174.csv
4719072,synthetic_2,104,1750890074.0186498,1751153873.0103614,263798.9917116165,1751153876.3271432,3.316781759262085,1751153881.317893,263807.29924321175,False,False,False,False,consumer_pod0_proc0_20250628_233753_013174.csv
4719082,synthetic_2,105,1750890074.0189347,1751153873.0103676,263798.9914329052,1751153876.3271432,3.3167755603790283,1751153881.317893,263807.29895830154,False,False,False,False,consumer_pod0_proc0_20250628_233753_013174.csv
4719092,synthetic_2,83,1750890074.0192084,1751153873.010376,263798.9911675453,1751153876.3271432,3.31676721572876,1751153881.317893,263807.298684597,False,False,False,False,consumer_pod0_proc0_20250628_233753_013174.csv
4719102,synthetic_2,81,1750890074.01951,1751153873.0103824,263798.9908723831,1751153876.3271432,3.316760778427124,1751153881.317893,263807.2983829975,False,False,False,False,consumer_pod0_proc0_20250628_233753_013174.csv
4719112,synthetic_2,83,1750890074.0197942,1751153873.0103889,263798.9905946255,1751153876.3271432,3.3167543411254883,1751153881.317893,263807.29809880257,False,False,False,False,consumer_pod0_proc0_20250628_233753_013174.csv
4719122,synthetic_2,103,1750890074.0201173,1751153873.0103953,263798.9902780056,1751153876.3271432,3.3167479038238525,1751153881.317893,263807.2977757454,False,False,False,False,consumer_pod0_proc0_20250628_233753_013174.csv
4719132,synthetic_2,91,1750890074.0204155,1751153873.010402,263798.9899864197,1751153876.3271432,3.3167412281036377,1751153881.317893,263807.29747748375,False,False,False,False,consumer_pod0_proc0_20250628_233753_013174.csv
4719142,synthetic_2,87,1750890074.0207217,1751153873.0104086,263798.98968696594,1751153876.3271432,3.316734552383423,1751153881.317893,263807.2971713543,False,False,False,False,consumer_pod0_proc0_20250628_233753_013174.csv
4719152,synthetic_2,84,1750890074.0209482,1751153873.0104153,263798.989467144,1751153876.3271432,3.316727876663208,1751153881.317893,263807.29694485664,False,False,False,False,consumer_pod0_proc0_20250628_233753_013174.csv
4719162,synthetic_2,97,1750890074.0212018,1751153873.0104215,263798.9892196655,1751153876.3271432,3.316721677780152,1751153881.317893,263807.2966911793,False,False,False,False,consumer_pod0_proc0_20250628_233753_013174.csv
4719172,synthetic_2,82,1750890074.0214567,1751153873.0104282,263798.9889714718,1751153876.3271432,3.3167150020599365,1751153881.317893,263807.2964363098,False,False,False,False,consumer_pod0_proc0_20250628_233753_013174.csv
4719182,synthetic_2,104,1750890074.021711,1751153873.010435,263798.9887239933,1751153876.3271432,3.3167080879211426,1751153881.317893,263807.2961819172,False,False,False,False,consumer_pod0_proc0_20250628_233753_013174.csv
4719192,synthetic_2,97,1750890074.021966,1751153873.010443,263798.98847699165,1751153876.3271432,3.316700220108032,1751153881.317893,263807.29592704773,False,False,False,False,consumer_pod0_proc0_20250628_233753_013174.csv
4719202,synthetic_2,89,1750890074.022217,1751153873.01045,263798.98823308945,1751153876.3271432,3.3166933059692383,1751153881.317893,263807.29567599297,False,False,False,False,consumer_pod0_proc0_20250628_233753_013174.csv
4719212,synthetic_2,103,1750890074.0224438,1751153873.0104568,263798.9880130291,1751153876.3271432,3.3166863918304443,1751153881.317893,263807.2954492569,False,False,False,False,consumer_pod0_proc0_20250628_233753_013174.csv
4719222,synthetic_2,104,1750890074.0226836,1751153873.010465,263798.98778128624,1751153876.3271432,3.316678285598755,1751153881.317893,263807.2952094078,False,False,False,False,consumer_pod0_proc0_20250628_233753_013174.csv
4719232,synthetic_2,88,1750890074.0229533,1751153873.010473,263798.98751974106,1751153876.3271432,3.316670179367065,1751153881.317893,263807.2949397564,False,False,False,False,consumer_pod0_proc0_20250628_233753_013174.csv
4719242,synthetic_2,105,1750890074.0231843,1751153873.0104804,263798.987295866,1751153876.3271432,3.3166627883911133,1751153881.317893,263807.2947087288,False,False,False,False,consumer_pod0_proc0_20250628_233753_013174.csv
4719252,synthetic_2,89,1750890074.0233848,1751153873.0104876,263798.98710274696,1751153876.3271432,3.31665563583374,1751153881.317893,263807.29450821877,False,False,False,False,consumer_pod0_proc0_20250628_233753_013174.csv
4719262,synthetic_2,89,1750890074.023586,1751153873.0104945,263798.9869084358,1751153876.3271432,3.3166487216949463,1751153881.317893,263807.2943069935,False,False,False,False,consumer_pod0_proc0_20250628_233753_013174.csv
4719272,synthetic_2,84,1750890074.0237608,1751153873.010503,263798.9867422581,1751153876.3271432,3.316640138626098,1751153881.317893,263807.29413223267,False,False,False,False,consumer_pod0_proc0_20250628_233753_013174.csv
4719282,synthetic_2,91,1750890074.0239782,1751153873.01051,263798.98653173447,1751153876.3271432,3.3166332244873047,1751153881.317893,263807.2939147949,False,False,False,False,consumer_pod0_proc0_20250628_233753_013174.csv
4719292,synthetic_2,104,1750890074.0241823,1751153873.010517,263798.9863345623,1751153876.3271432,3.3166263103485107,1751153881.317893,263807.2937107086,False,False,False,False,consumer_pod0_proc0_20250628_233753_013174.csv
4719302,synthetic_2,95,1750890074.024373,1751153873.0105245,263798.9861512184,1751153876.3271432,3.3166186809539795,1751153881.317893,263807.29351997375,False,False,False,False,consumer_pod0_proc0_20250628_233753_013174.csv
4719312,synthetic_2,97,1750890074.0246298,1751153873.0105312,263798.98590135574,1751153876.3271432,3.3166120052337646,1751153881.317893,263807.29326319695,False,False,False,False,consumer_pod0_proc0_20250628_233753_013174.csv
4719322,synthetic_2,96,1750890074.0248363,1751153873.0105376,263798.98570132256,1751153876.3271432,3.316605567932129,1751153881.317893,263807.29305672646,False,False,False,False,consumer_pod0_proc0_20250628_233753_013174.csv
4719332,synthetic_2,97,1750890074.025006,1751153873.0105453,263798.9855391979,1751153876.3271432,3.3165979385375977,1751153881.317893,263807.2928869724,False,False,False,False,consumer_pod0_proc0_20250628_233753_013174.csv
4719342,synthetic_2,98,1750890074.0251796,1751153873.0105531,263798.985373497,1751153876.3271432,3.3165900707244877,1751153881.317893,263807.2927134037,False,False,False,False,consumer_pod0_proc0_20250628_233753_013174.csv
4719352,synthetic_2,101,1750890074.0253456,1751153873.0105605,263798.98521471024,1751153876.3271432,3.316582679748535,1751153881.317893,263807.29254746437,False,False,False,False,consumer_pod0_proc0_20250628_233753_013174.csv
4719362,synthetic_2,82,1750890074.0254989,1751153873.010567,263798.9850680828,1751153876.3271432,3.3165762424468994,1751153881.317893,263807.2923941612,False,False,False,False,consumer_pod0_proc0_20250628_233753_013174.csv
4719372,synthetic_2,88,1750890074.0256395,1751153873.0105736,263798.9849340916,1751153876.3271432,3.316569566726685,1751153881.317893,263807.29225349426,False,False,False,False,consumer_pod0_proc0_20250628_233753_013174.csv
4719382,synthetic_2,83,1750890074.0257812,1751153873.0105803,263798.98479938507,1751153876.3271432,3.3165628910064697,1751153881.317893,263807.2921118736,False,False,False,False,consumer_pod0_proc0_20250628_233753_013174.csv
4719392,synthetic_2,104,1750890074.0259175,1751153873.0105872,263798.98466968536,1751153876.3271432,3.316555976867676,1751153881.317893,263807.2919754982,False,False,False,False,consumer_pod0_proc0_20250628_233753_013174.csv
4719402,synthetic_2,97,1750890074.0260584,1751153873.010594,263798.9845354557,1751153876.3271432,3.316549301147461,1751153881.317893,263807.2918345928,False,False,False,False,consumer_pod0_proc0_20250628_233753_013174.csv
4719412,synthetic_2,101,1750890074.026199,1751153873.0106006,263798.98440122604,1751153876.3271432,3.316542625427246,1751153881.317893,263807.29169392586,False,False,False,False,consumer_pod0_proc0_20250628_233753_013174.csv
4719422,synthetic_2,98,1750890074.0263429,1751153873.010608,263798.98426508904,1751153876.3271432,3.316535234451294,1751153881.317893,263807.29155015945,False,False,False,False,consumer_pod0_proc0_20250628_233753_013174.csv
4719432,synthetic_2,90,1750890074.0264874,1751153873.0106149,263798.9841275215,1751153876.3271432,3.3165283203125,1751153881.317893,263807.2914056778,False,False,False,False,consumer_pod0_proc0_20250628_233753_013174.csv
4719442,synthetic_2,82,1750890074.0266316,1751153873.010621,263798.9839894772,1751153876.3271432,3.316522121429444,1751153881.317893,263807.29126143456,False,False,False,False,consumer_pod0_proc0_20250628_233753_013174.csv
4719452,synthetic_2,91,1750890074.0267732,1751153873.0106275,263798.9838542938,1751153876.3271432,3.316515684127808,1751153881.317893,263807.2911198139,False,False,False,False,consumer_pod0_proc0_20250628_233753_013174.csv
4719462,synthetic_2,103,1750890074.0269215,1751153873.010634,263798.9837124348,1751153876.3271432,3.316509246826172,1751153881.317893,263807.29097151756,False,False,False,False,consumer_pod0_proc0_20250628_233753_013174.csv
4719472,synthetic_2,83,1750890074.0270653,1751153873.010643,263798.9835777283,1751153876.3271432,3.316500186920166,1751153881.317893,263807.29082775116,False,False,False,False,consumer_pod0_proc0_20250628_233753_013174.csv
4719482,synthetic_2,84,1750890074.027208,1751153873.0106506,263798.98344278336,1751153876.3271432,3.3164925575256348,1751153881.317893,263807.29068493843,False,False,False,False,consumer_pod0_proc0_20250628_233753_013174.csv
4719492,synthetic_2,90,1750890074.0273523,1751153873.0106573,263798.9833049774,1751153876.3271432,3.31648588180542,1751153881.317893,263807.2905406952,False,False,False,False,consumer_pod0_proc0_20250628_233753_013174.csv
4719502,synthetic_2,91,1750890074.0274937,1751153873.0106645,263798.98317074776,1751153876.3271432,3.316478729248047,1751153881.317893,263807.290399313,False,False,False,False,consumer_pod0_proc0_20250628_233753_013174.csv
4719512,synthetic_2,104,1750890074.027639,1751153873.0106714,263798.9830327034,1751153876.3271432,3.316471815109253,1751153881.317893,263807.29025411606,False,False,False,False,consumer_pod0_proc0_20250628_233753_013174.csv
4719522,synthetic_2,103,1750890074.0277758,1751153873.0106783,263798.9829027653,1751153876.3271432,3.316464900970459,1751153881.317893,263807.2901172638,False,False,False,False,consumer_pod0_proc0_20250628_233753_013174.csv
4719532,synthetic_2,90,1750890074.0279212,1751153873.0106857,263798.9827644825,1751153876.3271432,3.316457509994507,1751153881.317893,263807.28997182846,False,False,False,False,consumer_pod0_proc0_20250628_233753_013174.csv
4719542,synthetic_2,83,1750890074.0280647,1751153873.0106924,263798.98262763023,1751153876.3271432,3.316450834274292,1751153881.317893,263807.2898283005,False,False,False,False,consumer_pod0_proc0_20250628_233753_013174.csv
4719552,synthetic_2,90,1750890074.0282032,1751153873.010699,263798.9824957848,1751153876.3271432,3.316444158554077,1751153881.317893,263807.2896897793,False,False,False,False,consumer_pod0_proc0_20250628_233753_013174.csv
4719562,synthetic_2,104,1750890074.028345,1751153873.0107057,263798.9823606014,1751153876.3271432,3.3164374828338623,1751153881.317893,263807.2895479202,False,False,False,False,consumer_pod0_proc0_20250628_233753_013174.csv
4719572,synthetic_2,83,1750890074.1166768,1751153873.0107129,263798.8940360546,1751153876.3271432,3.3164303302764893,1751153881.317893,263807.20121622086,False,False,False,False,consumer_pod0_proc0_20250628_233753_013174.csv
4719582,synthetic_2,90,1750890074.1184816,1751153873.0107195,263798.8922379017,1751153876.3271432,3.3164236545562744,1751153881.317893,263807.1994113922,False,False,False,False,consumer_pod0_proc0_20250628_233753_013174.csv
4719592,synthetic_2,81,1750890074.1186898,1751153873.010726,263798.8920361996,1751153876.3271432,3.3164172172546387,1751153881.317893,263807.1992032528,False,False,False,False,consumer_pod0_proc0_20250628_233753_013174.csv
4719602,synthetic_2,89,1750890074.1189034,1751153873.010734,263798.89183068275,1751153876.3271432,3.316409111022949,1751153881.317893,263807.19898962975,False,False,False,False,consumer_pod0_proc0_20250628_233753_013174.csv
4719612,synthetic_2,97,1750890074.1190903,1751153873.010741,263798.8916506767,1751153876.3271432,3.3164021968841557,1751153881.317893,263807.1988027096,False,False,False,False,consumer_pod0_proc0_20250628_233753_013174.csv
4417002,synthetic_2,91,1750890074.522235,1751153873.0107474,263798.48851275444,1751153876.3271432,3.3163957595825195,1751153881.317893,263806.7956581116,False,True,False,False,consumer_pod0_proc0_20250628_233753_013174.csv
4417012,synthetic_2,104,1750890074.5228386,1751153873.0107543,263798.4879157543,1751153876.3271432,3.3163888454437256,1751153881.317893,263806.79505443573,False,False,False,False,consumer_pod0_proc0_20250628_233753_013174.csv
4417022,synthetic_2,83,1750890074.5231147,1751153873.0107615,263798.48764681816,1751153876.3271432,3.3163816928863525,1751153881.317893,263806.794778347,False,False,False,False,consumer_pod0_proc0_20250628_233753_013174.csv
4417032,synthetic_2,82,1750890074.5233994,1751153873.010768,263798.4873685837,1751153876.3271432,3.316375255584717,1751153881.317893,263806.79449367523,False,False,False,False,consumer_pod0_proc0_20250628_233753_013174.csv
4417042,synthetic_2,84,1750890074.5238864,1751153873.0107744,263798.4868879318,1751153876.3271432,3.316368818283081,1751153881.317893,263806.7940065861,False,False,False,False,consumer_pod0_proc0_20250628_233753_013174.csv
4417052,synthetic_2,97,1750890074.524147,1751153873.0107815,263798.4866344929,1751153876.3271432,3.316361665725708,1751153881.317893,263806.79374599457,False,False,False,False,consumer_pod0_proc0_20250628_233753_013174.csv
4417062,synthetic_2,96,1750890074.5243866,1751153873.010789,263798.4864022732,1751153876.3271432,3.316354274749756,1751153881.317893,263806.7935063839,False,False,False,False,consumer_pod0_proc0_20250628_233753_013174.csv
4417072,synthetic_2,98,1750890074.5246668,1751153873.010796,263798.4861292839,1751153876.3271432,3.316347122192383,1751153881.317893,263806.79322624207,False,False,False,False,consumer_pod0_proc0_20250628_233753_013174.csv
4417082,synthetic_2,105,1750890074.5249088,1751153873.0108042,263798.4858953953,1751153876.3271432,3.3163390159606934,1751153881.317893,263806.7929842472,False,False,False,False,consumer_pod0_proc0_20250628_233753_013174.csv
4417092,synthetic_2,97,1750890074.5251205,1751153873.010811,263798.48569083214,1751153876.3271432,3.3163321018218994,1751153881.317893,263806.7927725315,False,False,False,False,consumer_pod0_proc0_20250628_233753_013174.csv
4417102,synthetic_2,103,1750890074.525355,1751153873.0108182,263798.485462904,1751153876.3271432,3.3163249492645264,1751153881.317893,263806.7925379276,False,False,False,False,consumer_pod0_proc0_20250628_233753_013174.csv
4417112,synthetic_2,88,1750890074.5255806,1751153873.0108268,263798.4852461815,1751153876.3271432,3.3163163661956787,1751153881.317893,263806.79231238365,False,False,False,False,consumer_pod0_proc0_20250628_233753_013174.csv
4417122,synthetic_2,103,1750890074.5257952,1751153873.0108335,263798.4850385189,1751153876.3271432,3.316309690475464,1751153881.317893,263806.79209780693,False,False,False,False,consumer_pod0_proc0_20250628_233753_013174.csv
4417132,synthetic_2,102,1750890074.5260165,1751153873.0108411,263798.48482465744,1751153876.3271432,3.3163020610809326,1751153881.317893,263806.7918765545,False,False,False,False,consumer_pod0_proc0_20250628_233753_013174.csv
4417142,synthetic_2,96,1750890074.5262306,1751153873.0108483,263798.48461794853,1751153876.3271432,3.31629490852356,1751153881.317893,263806.7916624546,False,False,False,False,consumer_pod0_proc0_20250628_233753_013174.csv
4417152,synthetic_2,83,1750890074.5264409,1751153873.0108557,263798.4844148159,1751153876.3271432,3.3162875175476074,1751153881.317893,263806.7914521694,False,False,False,False,consumer_pod0_proc0_20250628_233753_013174.csv
4417162,synthetic_2,104,1750890074.5266418,1751153873.0108626,263798.4842207432,1751153876.3271432,3.316280603408813,1751153881.317893,263806.79125118256,False,False,False,False,consumer_pod0_proc0_20250628_233753_013174.csv
4417172,synthetic_2,90,1750890074.526855,1751153873.0108695,263798.4840147495,1751153876.3271432,3.3162736892700195,1751153881.317893,263806.79103803635,False,False,False,False,consumer_pod0_proc0_20250628_233753_013174.csv
4417182,synthetic_2,83,1750890074.527055,1751153873.010877,263798.4838216305,1751153876.3271432,3.3162662982940674,1751153881.317893,263806.79083800316,False,False,False,False,consumer_pod0_proc0_20250628_233753_013174.csv
4417192,synthetic_2,98,1750890074.5272677,1751153873.010883,263798.4836156368,1751153876.3271432,3.3162600994110107,1751153881.317893,263806.7906253338,False,False,False,False,consumer_pod0_proc0_20250628_233753_013174.csv
4417202,synthetic_2,96,1750890074.5274856,1751153873.0108912,263798.48340559006,1751153876.3271432,3.3162519931793213,1751153881.317893,263806.7904074192,False,False,False,False,consumer_pod0_proc0_20250628_233753_013174.csv
4417212,synthetic_2,97,1750890074.5277011,1751153873.0108995,263798.4831984043,1751153876.3271432,3.3162436485290527,1751153881.317893,263806.7901918888,False,False,False,False,consumer_pod0_proc0_20250628_233753_013174.csv
4417222,synthetic_2,91,1750890074.5279138,1751153873.0109072,263798.48299336433,1751153876.3271432,3.316236019134521,1751153881.317893,263806.78997921944,False,False,False,False,consumer_pod0_proc0_20250628_233753_013174.csv
4417232,synthetic_2,97,1750890074.5281274,1751153873.0109148,263798.4827873707,1751153876.3271432,3.3162283897399902,1751153881.317893,263806.7897655964,False,False,False,False,consumer_pod0_proc0_20250628_233753_013174.csv
4417242,synthetic_2,84,1750890074.5283444,1751153873.010924,263798.4825794697,1751153876.3271432,3.3162190914154053,1751153881.317893,263806.7895486355,False,False,False,False,consumer_pod0_proc0_20250628_233753_013174.csv
4417252,synthetic_2,98,1750890074.6172318,1751153873.0109313,263798.3936994076,1751153876.3271432,3.316211938858032,1751153881.317893,263806.7006611824,False,False,False,False,consumer_pod0_proc0_20250628_233753_013174.csv
4417262,synthetic_2,81,1750890074.6177585,1751153873.0109391,263798.3931808472,1751153876.3271432,3.316204071044922,1751153881.317893,263806.70013451576,False,False,False,False,consumer_pod0_proc0_20250628_233753_013174.csv
4417272,synthetic_2,82,1750890074.618099,1751153873.0109465,263798.3928472996,1751153876.3271432,3.3161966800689697,1751153881.317893,263806.69979405403,False,False,False,False,consumer_pod0_proc0_20250628_233753_013174.csv
4417282,synthetic_2,91,1750890074.6184735,1751153873.010953,263798.3924794197,1751153876.3271432,3.316190242767334,1751153881.317893,263806.69941949844,False,False,False,False,consumer_pod0_proc0_20250628_233753_013174.csv
4417292,synthetic_2,105,1750890074.6188486,1751153873.0109622,263798.3921136856,1751153876.3271432,3.316180944442749,1751153881.317893,263806.699044466,False,False,False,False,consumer_pod0_proc0_20250628_233753_013174.csv
4417302,synthetic_2,89,1750890074.6192534,1751153873.0109704,263798.3917169571,1751153876.3271432,3.31617283821106,1751153881.317893,263806.6986396313,False,False,False,False,consumer_pod0_proc0_20250628_233753_013174.csv
4417312,synthetic_2,90,1750890074.6195178,1751153873.0109775,263798.39145970345,1751153876.3271432,3.3161656856536865,1751153881.317893,263806.69837522507,False,False,False,False,consumer_pod0_proc0_20250628_233753_013174.csv
4417322,synthetic_2,96,1750890074.619855,1751153873.010985,263798.3911299705,1751153876.3271432,3.3161582946777344,1751153881.317893,263806.6980381012,False,False,False,False,consumer_pod0_proc0_20250628_233753_013174.csv
4417332,synthetic_2,89,1750890074.620197,1751153873.0109937,263798.39079642296,1751153876.3271432,3.316149473190308,1751153881.317893,263806.69769597054,False,False,False,False,consumer_pod0_proc0_20250628_233753_013174.csv
4417342,synthetic_2,96,1750890074.6205535,1751153873.0110009,263798.39044713974,1751153876.3271432,3.3161423206329346,1751153881.317893,263806.69733953476,False,False,False,False,consumer_pod0_proc0_20250628_233753_013174.csv
4417352,synthetic_2,84,1750890074.6208386,1751153873.0110097,263798.3901708126,1751153876.3271432,3.316133499145508,1751153881.317893,263806.69705438614,False,False,False,False,consumer_pod0_proc0_20250628_233753_013174.csv
4417362,synthetic_2,82,1750890074.621082,1751153873.0110185,263798.38993644714,1751153876.3271432,3.316124677658081,1751153881.317893,263806.69681096077,False,False,False,False,consumer_pod0_proc0_20250628_233753_013174.csv
4417372,synthetic_2,84,1750890074.6213005,1751153873.0110264,263798.38972592354,1751153876.3271432,3.3161168098449707,1751153881.317893,263806.69659256935,False,False,False,False,consumer_pod0_proc0_20250628_233753_013174.csv
4417382,synthetic_2,104,1750890074.6217575,1751153873.011034,263798.3892765045,1751153876.3271432,3.3161091804504395,1751153881.317893,263806.69613552094,False,False,False,False,consumer_pod0_proc0_20250628_233753_013174.csv
4417392,synthetic_2,105,1750890074.622048,1751153873.0110424,263798.3889942169,1751153876.3271432,3.316100835800171,1751153881.317893,263806.6958451271,False,False,False,False,consumer_pod0_proc0_20250628_233753_013174.csv
4417402,synthetic_2,103,1750890074.6223118,1751153873.01105,263798.38873815536,1751153876.3271432,3.31609320640564,1751153881.317893,263806.69558119774,False,False,False,False,consumer_pod0_proc0_20250628_233753_013174.csv
4417412,synthetic_2,90,1750890074.6227577,1751153873.0110576,263798.388299942,1751153876.3271432,3.3160855770111084,1751153881.317893,263806.695135355,False,False,False,False,consumer_pod0_proc0_20250628_233753_013174.csv
4417422,synthetic_2,82,1750890074.6230395,1751153873.0110652,263798.38802552223,1751153876.3271432,3.316077947616577,1751153881.317893,263806.69485354424,False,False,False,False,consumer_pod0_proc0_20250628_233753_013174.csv
4417432,synthetic_2,96,1750890074.6233034,1751153873.0110722,263798.3877687454,1751153876.3271432,3.316071033477783,1751153881.317893,263806.69458961487,False,False,False,False,consumer_pod0_proc0_20250628_233753_013174.csv
4417442,synthetic_2,89,1750890074.6235805,1751153873.01108,263798.38749957085,1751153876.3271432,3.316063165664673,1751153881.317893,263806.6943125725,False,False,False,False,consumer_pod0_proc0_20250628_233753_013174.csv
4417452,synthetic_2,91,1750890074.6238503,1751153873.0110877,263798.3872373104,1751153876.3271432,3.3160555362701416,1751153881.317893,263806.69404268265,False,False,False,False,consumer_pod0_proc0_20250628_233753_013174.csv
4417462,synthetic_2,96,1750890074.6241095,1751153873.0110953,263798.3869855404,1751153876.3271432,3.3160479068756104,1751153881.317893,263806.69378352165,False,False,False,False,consumer_pod0_proc0_20250628_233753_013174.csv
4417472,synthetic_2,91,1750890074.6243663,1751153873.0111032,263798.3867366314,1751153876.3271432,3.3160400390625,1751153881.317893,263806.69352674484,False,False,False,False,consumer_pod0_proc0_20250628_233753_013174.csv
4722772,synthetic_2,89,1750890074.921502,1751153873.0111098,263798.0896077156,1751153876.3271432,3.316033363342285,1751153881.317893,263806.3963909149,False,False,False,False,consumer_pod0_proc0_20250628_233753_013174.csv
4722782,synthetic_2,90,1750890074.9217565,1751153873.011119,263798.08936214447,1751153876.3271432,3.3160243034362797,1751153881.317893,263806.3961365223,False,False,False,False,consumer_pod0_proc0_20250628_233753_013174.csv
4722792,synthetic_2,97,1750890074.9220152,1751153873.0111258,263798.08911061287,1751153876.3271432,3.3160173892974854,1751153881.317893,263806.39587783813,False,False,False,False,consumer_pod0_proc0_20250628_233753_013174.csv
4722802,synthetic_2,105,1750890074.9225872,1751153873.0111344,263798.08854722977,1751153876.3271432,3.3160088062286377,1751153881.317893,263806.39530587196,False,False,False,False,consumer_pod0_proc0_20250628_233753_013174.csv
4722812,synthetic_2,95,1750890074.9228964,1751153873.0111418,263798.08824539185,1751153876.3271432,3.316001415252685,1751153881.317893,263806.39499664307,False,False,False,False,consumer_pod0_proc0_20250628_233753_013174.csv
4722822,synthetic_2,83,1750890074.9231594,1751153873.0111496,263798.087990284,1751153876.3271432,3.315993547439575,1751153881.317893,263806.3947336674,False,False,False,False,consumer_pod0_proc0_20250628_233753_013174.csv
4722832,synthetic_2,90,1750890074.9234304,1751153873.0111566,263798.0877261162,1751153876.3271432,3.315986633300781,1751153881.317893,263806.39446258545,False,False,False,False,consumer_pod0_proc0_20250628_233753_013174.csv
4722842,synthetic_2,89,1750890074.923661,1751153873.0111637,263798.087502718,1751153876.3271432,3.315979480743408,1751153881.317893,263806.3942320347,False,False,False,False,consumer_pod0_proc0_20250628_233753_013174.csv
4722852,synthetic_2,83,1750890074.923918,1751153873.0111709,263798.0872528553,1751153876.3271432,3.315972328186035,1751153881.317893,263806.39397501945,False,False,False,False,consumer_pod0_proc0_20250628_233753_013174.csv
4722862,synthetic_2,83,1750890074.924224,1751153873.0111778,263798.08695364,1751153876.3271432,3.315965414047241,1751153881.317893,263806.3936691284,False,False,False,False,consumer_pod0_proc0_20250628_233753_013174.csv
4722872,synthetic_2,103,1750890074.924524,1751153873.0111845,263798.08666038513,1751153876.3271432,3.3159587383270264,1751153881.317893,263806.3933689594,False,False,False,False,consumer_pod0_proc0_20250628_233753_013174.csv
4722882,synthetic_2,83,1750890074.9247577,1751153873.0111918,263798.0864343643,1751153876.3271432,3.315951347351074,1751153881.317893,263806.3931353092,False,False,False,False,consumer_pod0_proc0_20250628_233753_013174.csv
4722892,synthetic_2,97,1750890074.925001,1751153873.0111988,263798.0861980915,1751153876.3271432,3.3159444332122803,1751153881.317893,263806.39289212227,False,False,False,False,consumer_pod0_proc0_20250628_233753_013174.csv
4722902,synthetic_2,103,1750890074.925228,1751153873.0112064,263798.085978508,1751153876.3271432,3.315936803817749,1751153881.317893,263806.39266490936,False,False,False,False,consumer_pod0_proc0_20250628_233753_013174.csv
4722912,synthetic_2,96,1750890074.925437,1751153873.0112157,263798.0857787132,1751153876.3271432,3.315927505493164,1751153881.317893,263806.3924560547,False,False,False,False,consumer_pod0_proc0_20250628_233753_013174.csv
4722922,synthetic_2,90,1750890074.925645,1751153873.011223,263798.0855779648,1751153876.3271432,3.315920114517212,1751153881.317893,263806.39224791527,False,False,False,False,consumer_pod0_proc0_20250628_233753_013174.csv
4722932,synthetic_2,91,1750890074.9259598,1751153873.01123,263798.0852701664,1751153876.3271432,3.315913200378418,1751153881.317893,263806.39193320274,False,False,False,False,consumer_pod0_proc0_20250628_233753_013174.csv
4722942,synthetic_2,95,1750890074.9262047,1751153873.011237,263798.08503198624,1751153876.3271432,3.315906286239624,1751153881.317893,263806.39168834686,False,False,False,False,consumer_pod0_proc0_20250628_233753_013174.csv
4722952,synthetic_2,98,1750890074.9264572,1751153873.011244,263798.08478689194,1751153876.3271432,3.315899133682251,1751153881.317893,263806.3914358616,False,False,False,False,consumer_pod0_proc0_20250628_233753_013174.csv
4722962,synthetic_2,91,1750890074.9266837,1751153873.0112517,263798.0845680237,1751153876.3271432,3.31589150428772,1751153881.317893,263806.39120936394,False,False,False,False,consumer_pod0_proc0_20250628_233753_013174.csv
4722972,synthetic_2,90,1750890074.9269156,1751153873.0112586,263798.08434295654,1751153876.3271432,3.315884590148926,1751153881.317893,263806.39097738266,False,False,False,False,consumer_pod0_proc0_20250628_233753_013174.csv
4722982,synthetic_2,97,1750890074.9271398,1751153873.0112655,263798.0841257572,1751153876.3271432,3.315877676010132,1751153881.317893,263806.3907532692,False,False,False,False,consumer_pod0_proc0_20250628_233753_013174.csv
4722992,synthetic_2,83,1750890074.9273622,1751153873.011273,263798.08391046524,1751153876.3271432,3.31587028503418,1751153881.317893,263806.39053082466,False,False,False,False,consumer_pod0_proc0_20250628_233753_013174.csv
4723002,synthetic_2,83,1750890074.927596,1751153873.011279,263798.08368349075,1751153876.3271432,3.315864086151123,1751153881.317893,263806.39029693604,False,False,False,False,consumer_pod0_proc0_20250628_233753_013174.csv
4723012,synthetic_2,104,1750890074.928128,1751153873.0112872,263798.0831592083,1751153876.3271432,3.3158559799194336,1751153881.317893,263806.3897650242,False,False,False,False,consumer_pod0_proc0_20250628_233753_013174.csv
4723022,synthetic_2,84,1750890074.9283187,1751153873.0112946,263798.0829758644,1751153876.3271432,3.315848588943481,1751153881.317893,263806.3895742893,False,False,False,False,consumer_pod0_proc0_20250628_233753_013174.csv
4723032,synthetic_2,89,1750890075.017861,1751153873.0113013,263797.99344038963,1751153876.3271432,3.3158419132232666,1751153881.317893,263806.3000321388,False,False,False,False,consumer_pod0_proc0_20250628_233753_013174.csv
4723042,synthetic_2,84,1750890075.0203502,1751153873.0113096,263797.9909594059,1751153876.3271432,3.315833568572998,1751153881.317893,263806.29754281044,False,False,False,False,consumer_pod0_proc0_20250628_233753_013174.csv
4723052,synthetic_2,91,1750890075.0207016,1751153873.0113163,263797.99061465263,1751153876.3271432,3.315826892852783,1751153881.317893,263806.29719138145,False,False,False,False,consumer_pod0_proc0_20250628_233753_013174.csv
4723062,synthetic_2,98,1750890075.0211072,1751153873.0113237,263797.9902164936,1751153876.3271432,3.315819501876831,1751153881.317893,263806.29678583145,False,False,False,False,consumer_pod0_proc0_20250628_233753_013174.csv
4723072,synthetic_2,88,1750890075.021384,1751153873.011331,263797.98994731903,1751153876.3271432,3.315812110900879,1751153881.317893,263806.2965090275,False,False,False,False,consumer_pod0_proc0_20250628_233753_013174.csv
4723082,synthetic_2,90,1750890075.0216582,1751153873.0113385,263797.9896802902,1751153876.3271432,3.3158047199249268,1751153881.317893,263806.2962348461,False,False,False,False,consumer_pod0_proc0_20250628_233753_013174.csv
4723092,synthetic_2,98,1750890075.0219102,1751153873.011345,263797.9894347191,1751153876.3271432,3.315798282623291,1751153881.317893,263806.2959828377,False,False,False,False,consumer_pod0_proc0_20250628_233753_013174.csv
4723102,synthetic_2,94,1750890075.0222187,1751153873.0113518,263797.9891331196,1751153876.3271432,3.315791368484497,1751153881.317893,263806.29567432404,False,False,False,False,consumer_pod0_proc0_20250628_233753_013174.csv
4723112,synthetic_2,95,1750890075.022508,1751153873.0113585,263797.98885035515,1751153876.3271432,3.3157846927642822,1751153881.317893,263806.2953851223,False,False,False,False,consumer_pod0_proc0_20250628_233753_013174.csv
4723122,synthetic_2,105,1750890075.0228264,1751153873.011366,263797.9885394573,1751153876.3271432,3.31577730178833,1751153881.317893,263806.2950665951,False,False,False,False,consumer_pod0_proc0_20250628_233753_013174.csv
4723132,synthetic_2,95,1750890075.023127,1751153873.0113728,263797.98824572563,1751153876.3271432,3.315770387649536,1751153881.317893,263806.29476594925,False,False,False,False,consumer_pod0_proc0_20250628_233753_013174.csv
4723142,synthetic_2,90,1750890075.0234213,1751153873.0113797,263797.98795843124,1751153876.3271432,3.315763473510742,1751153881.317893,263806.2944717407,False,False,False,False,consumer_pod0_proc0_20250628_233753_013174.csv
4723152,synthetic_2,89,1750890075.0237072,1751153873.0113869,263797.9876797199,1751153876.3271432,3.315756320953369,1751153881.317893,263806.29418587685,False,False,False,False,consumer_pod0_proc0_20250628_233753_013174.csv
4723162,synthetic_2,83,1750890075.0239775,1751153873.0113938,263797.9874162674,1751153876.3271432,3.315749406814575,1751153881.317893,263806.2939155102,False,False,False,False,consumer_pod0_proc0_20250628_233753_013174.csv
4723172,synthetic_2,98,1750890075.024259,1751153873.011402,263797.9871428013,1751153876.3271432,3.3157413005828857,1751153881.317893,263806.29363393784,False,False,False,False,consumer_pod0_proc0_20250628_233753_013174.csv
4723182,synthetic_2,96,1750890075.0245275,1751153873.0114095,263797.98688197136,1751153876.3271432,3.3157336711883545,1751153881.317893,263806.2933654785,False,False,False,False,consumer_pod0_proc0_20250628_233753_013174.csv
4723192,synthetic_2,90,1750890075.0247338,1751153873.011417,263797.98668313026,1751153876.3271432,3.3157262802124023,1751153881.317893,263806.29315924644,False,False,False,False,consumer_pod0_proc0_20250628_233753_013174.csv
4723202,synthetic_2,90,1750890075.0249412,1751153873.0114236,263797.9864823818,1751153876.3271432,3.3157196044921875,1751153881.317893,263806.2929518223,False,False,False,False,consumer_pod0_proc0_20250628_233753_013174.csv
4723212,synthetic_2,95,1750890075.0251482,1751153873.01143,263797.9862818718,1751153876.3271432,3.315713167190552,1751153881.317893,263806.29274487495,False,False,False,False,consumer_pod0_proc0_20250628_233753_013174.csv
4723222,synthetic_2,91,1750890075.0253534,1751153873.011437,263797.98608350754,1751153876.3271432,3.315706253051758,1751153881.317893,263806.29253959656,False,False,False,False,consumer_pod0_proc0_20250628_233753_013174.csv
4723232,synthetic_2,102,1750890075.02556,1751153873.011445,263797.9858851433,1751153876.3271432,3.3156981468200684,1751153881.317893,263806.29233312607,False,False,False,False,consumer_pod0_proc0_20250628_233753_013174.csv
4723242,synthetic_2,88,1750890075.025764,1751153873.0114515,263797.9856877327,1751153876.3271432,3.3156917095184326,1751153881.317893,263806.29212903976,False,False,False,False,consumer_pod0_proc0_20250628_233753_013174.csv
4723252,synthetic_2,102,1750890075.025984,1751153873.0114584,263797.98547434807,1751153876.3271432,3.3156847953796387,1751153881.317893,263806.2919089794,False,False,False,False,consumer_pod0_proc0_20250628_233753_013174.csv
4723262,synthetic_2,96,1750890075.0261862,1751153873.0114653,263797.98527908325,1751153876.3271432,3.3156778812408447,1751153881.317893,263806.29170680046,False,False,False,False,consumer_pod0_proc0_20250628_233753_013174.csv
4723272,synthetic_2,96,1750890075.026397,1751153873.0114725,263797.9850754738,1751153876.3271432,3.315670728683472,1751153881.317893,263806.29149603844,False,False,False,False,consumer_pod0_proc0_20250628_233753_013174.csv
4723282,synthetic_2,91,1750890075.0266156,1751153873.0114794,263797.9848637581,1751153876.3271432,3.3156638145446777,1751153881.317893,263806.2912774086,False,False,False,False,consumer_pod0_proc0_20250628_233753_013174.csv
4723292,synthetic_2,84,1750890075.0268283,1751153873.0114872,263797.9846589565,1751153876.3271432,3.3156559467315674,1751153881.317893,263806.2910647392,False,False,False,False,consumer_pod0_proc0_20250628_233753_013174.csv
4723302,synthetic_2,97,1750890075.0270202,1751153873.011494,263797.9844737053,1751153876.3271432,3.3156492710113525,1751153881.317893,263806.2908728123,False,False,False,False,consumer_pod0_proc0_20250628_233753_013174.csv
4723312,synthetic_2,95,1750890075.027217,1751153873.0115016,263797.98428463936,1751153876.3271432,3.3156416416168213,1751153881.317893,263806.29067611694,False,False,False,False,consumer_pod0_proc0_20250628_233753_013174.csv
4723322,synthetic_2,104,1750890075.0274005,1751153873.0115092,263797.98410868645,1751153876.3271432,3.31563401222229,1751153881.317893,263806.29049253464,False,False,False,False,consumer_pod0_proc0_20250628_233753_013174.csv
4723332,synthetic_2,102,1750890075.0275998,1751153873.0115163,263797.9839165211,1751153876.3271432,3.315626859664917,1751153881.317893,263806.2902932167,False,False,False,False,consumer_pod0_proc0_20250628_233753_013174.csv
4723342,synthetic_2,84,1750890075.0278003,1751153873.0115235,263797.983723402,1751153876.3271432,3.315619707107544,1751153881.317893,263806.2900927067,False,False,False,False,consumer_pod0_proc0_20250628_233753_013174.csv
4723352,synthetic_2,98,1750890075.0279944,1751153873.0115306,263797.98353624344,1751153876.3271432,3.315612554550171,1751153881.317893,263806.28989863396,False,False,False,False,consumer_pod0_proc0_20250628_233753_013174.csv
4723362,synthetic_2,105,1750890075.0281923,1751153873.0115385,263797.983345747,1751153876.3271432,3.3156046867370605,1751153881.317893,263806.28970074654,False,False,False,False,consumer_pod0_proc0_20250628_233753_013174.csv
4723372,synthetic_2,103,1750890075.0283885,1751153873.0115454,263797.9831571579,1751153876.3271432,3.3155977725982666,1751153881.317893,263806.28950452805,False,False,False,False,consumer_pod0_proc0_20250628_233753_013174.csv
4418652,synthetic_2,104,1750890075.1417778,1751153873.0115526,263797.8697748184,1751153876.3271432,3.3155906200408936,1751153881.317893,263806.17611527443,False,True,False,False,consumer_pod0_proc0_20250628_233753_013174.csv
4418662,synthetic_2,88,1750890075.143882,1751153873.0115595,263797.8676776886,1751153876.3271432,3.3155837059021,1751153881.317893,263806.17401099205,False,False,False,False,consumer_pod0_proc0_20250628_233753_013174.csv
4418672,synthetic_2,84,1750890075.1441808,1751153873.0115666,263797.86738586426,1751153876.3271432,3.3155765533447266,1751153881.317893,263806.17371225357,False,False,False,False,consumer_pod0_proc0_20250628_233753_013174.csv
4418682,synthetic_2,104,1750890075.1444108,1751153873.0115733,263797.86716246605,1751153876.3271432,3.315569877624512,1751153881.317893,263806.17348217964,False,False,False,False,consumer_pod0_proc0_20250628_233753_013174.csv
4418692,synthetic_2,82,1750890075.144615,1751153873.011582,263797.8669669628,1751153876.3271432,3.315561294555664,1751153881.317893,263806.17327809334,False,False,False,False,consumer_pod0_proc0_20250628_233753_013174.csv
4418702,synthetic_2,90,1750890075.144759,1751153873.0115888,263797.86682987213,1751153876.3271432,3.31555438041687,1751153881.317893,263806.1731340885,False,False,False,False,consumer_pod0_proc0_20250628_233753_013174.csv
4418712,synthetic_2,90,1750890075.1449423,1751153873.0115974,263797.8666548729,1751153876.3271432,3.3155457973480225,1751153881.317893,263806.1729507446,False,False,False,False,consumer_pod0_proc0_20250628_233753_013174.csv
4418722,synthetic_2,98,1750890075.1450772,1751153873.0116043,263797.8665273189,1751153876.3271432,3.3155388832092285,1751153881.317893,263806.1728157997,False,False,False,False,consumer_pod0_proc0_20250628_233753_013174.csv
4418732,synthetic_2,104,1750890075.1452155,1751153873.0116117,263797.8663959503,1751153876.3271432,3.3155314922332764,1751153881.317893,263806.17267751694,False,False,False,False,consumer_pod0_proc0_20250628_233753_013174.csv
4418742,synthetic_2,94,1750890075.145353,1751153873.0116186,263797.8662655353,1751153876.3271432,3.3155245780944824,1751153881.317893,263806.1725399494,False,False,False,False,consumer_pod0_proc0_20250628_233753_013174.csv
4418752,synthetic_2,95,1750890075.1454868,1751153873.0116255,263797.86613869667,1751153876.3271432,3.3155176639556885,1751153881.317893,263806.1724061966,False,False,False,False,consumer_pod0_proc0_20250628_233753_013174.csv
4418762,synthetic_2,90,1750890075.145623,1751153873.011633,263797.86600995064,1751153876.3271432,3.3155102729797363,1751153881.317893,263806.1722700596,False,False,False,False,consumer_pod0_proc0_20250628_233753_013174.csv
4418772,synthetic_2,83,1750890075.1457624,1751153873.0116398,263797.8658773899,1751153876.3271432,3.3155033588409424,1751153881.317893,263806.1721305847,False,False,False,False,consumer_pod0_proc0_20250628_233753_013174.csv
4418782,synthetic_2,90,1750890075.1458998,1751153873.0116465,263797.8657464981,1751153876.3271432,3.3154966831207275,1751153881.317893,263806.1719932556,False,False,False,False,consumer_pod0_proc0_20250628_233753_013174.csv
4418792,synthetic_2,97,1750890075.1460395,1751153873.0116534,263797.86561369896,1751153876.3271432,3.3154897689819336,1751153881.317893,263806.1718535423,False,False,False,False,consumer_pod0_proc0_20250628_233753_013174.csv
4418802,synthetic_2,91,1750890075.1461775,1751153873.0116606,263797.8654830456,1751153876.3271432,3.3154826164245605,1751153881.317893,263806.17171549797,False,False,False,False,consumer_pod0_proc0_20250628_233753_013174.csv
4418812,synthetic_2,102,1750890075.1463132,1751153873.0116675,263797.86535429955,1751153876.3271432,3.3154757022857666,1751153881.317893,263806.1715798378,False,False,False,False,consumer_pod0_proc0_20250628_233753_013174.csv
4418822,synthetic_2,83,1750890075.1464522,1751153873.0116763,263797.865224123,1751153876.3271432,3.31546688079834,1751153881.317893,263806.17144083977,False,False,False,False,consumer_pod0_proc0_20250628_233753_013174.csv
4418832,synthetic_2,82,1750890075.146592,1751153873.0116837,263797.8650918007,1751153876.3271432,3.315459489822388,1751153881.317893,263806.1713011265,False,False,False,False,consumer_pod0_proc0_20250628_233753_013174.csv
4418842,synthetic_2,82,1750890075.1467233,1751153873.01169,263797.8649668693,1751153876.3271432,3.315453290939331,1751153881.317893,263806.17116975784,False,False,False,False,consumer_pod0_proc0_20250628_233753_013174.csv
4418852,synthetic_2,103,1750890075.1468637,1751153873.0116968,263797.86483311653,1751153876.3271432,3.315446376800537,1751153881.317893,263806.1710293293,False,False,False,False,consumer_pod0_proc0_20250628_233753_013174.csv
4418862,synthetic_2,90,1750890075.147006,1751153873.0117042,263797.8646981716,1751153876.3271432,3.315438985824585,1751153881.317893,263806.1708869934,False,False,False,False,consumer_pod0_proc0_20250628_233753_013174.csv
4418872,synthetic_2,82,1750890075.147149,1751153873.0117111,263797.8645620346,1751153876.3271432,3.315432071685791,1751153881.317893,263806.17074394226,False,False,False,False,consumer_pod0_proc0_20250628_233753_013174.csv
4418882,synthetic_2,103,1750890075.1472902,1751153873.0117178,263797.8644275665,1751153876.3271432,3.315425395965576,1751153881.317893,263806.17060279846,False,False,False,False,consumer_pod0_proc0_20250628_233753_013174.csv
4418892,synthetic_2,97,1750890075.1474302,1751153873.0117254,263797.8642952442,1751153876.3271432,3.315417766571045,1751153881.317893,263806.17046284676,False,False,False,False,consumer_pod0_proc0_20250628_233753_013174.csv
4418902,synthetic_2,98,1750890075.1475658,1751153873.0117326,263797.8641667366,1751153876.3271432,3.315410614013672,1751153881.317893,263806.1703271866,False,False,False,False,consumer_pod0_proc0_20250628_233753_013174.csv
4418912,synthetic_2,83,1750890075.1477475,1751153873.0117395,263797.8639919758,1751153876.3271432,3.315403699874878,1751153881.317893,263806.1701455116,False,False,False,False,consumer_pod0_proc0_20250628_233753_013174.csv
4418922,synthetic_2,90,1750890075.1478958,1751153873.011746,263797.8638501168,1751153876.3271432,3.315397262573242,1751153881.317893,263806.1699972153,False,False,False,False,consumer_pod0_proc0_20250628_233753_013174.csv
4418932,synthetic_2,83,1750890075.148032,1751153873.0117545,263797.8637223244,1751153876.3271432,3.3153886795043945,1751153881.317893,263806.16986107826,False,False,False,False,consumer_pod0_proc0_20250628_233753_013174.csv
4418942,synthetic_2,102,1750890075.1481686,1751153873.0117612,263797.86359262466,1751153876.3271432,3.31538200378418,1751153881.317893,263806.1697244644,False,False,False,False,consumer_pod0_proc0_20250628_233753_013174.csv
4418952,synthetic_2,96,1750890075.148306,1751153873.01177,263797.86346411705,1751153876.3271432,3.315373182296753,1751153881.317893,263806.1695871353,False,False,False,False,consumer_pod0_proc0_20250628_233753_013174.csv
4418962,synthetic_2,83,1750890075.1484408,1751153873.011778,263797.86333703995,1751153876.3271432,3.3153650760650635,1751153881.317893,263806.1694521904,False,False,False,False,consumer_pod0_proc0_20250628_233753_013174.csv
4418972,synthetic_2,97,1750890075.218534,1751153873.0117846,263797.7932505608,1751153876.3271432,3.315358638763428,1751153881.317893,263806.0993590355,False,False,False,False,consumer_pod0_proc0_20250628_233753_013174.csv
4418982,synthetic_2,80,1750890075.2192,1751153873.011792,263797.79259204865,1751153876.3271432,3.315351247787476,1751153881.317893,263806.0986931324,False,False,False,False,consumer_pod0_proc0_20250628_233753_013174.csv
4418992,synthetic_2,89,1750890075.219583,1751153873.0117986,263797.7922155857,1751153876.3271432,3.3153445720672607,1751153881.317893,263806.09830999374,False,False,False,False,consumer_pod0_proc0_20250628_233753_013174.csv
4419002,synthetic_2,96,1750890075.219903,1751153873.0118053,263797.7919023037,1751153876.3271432,3.315337896347046,1751153881.317893,263806.097990036,False,False,False,False,consumer_pod0_proc0_20250628_233753_013174.csv
4419012,synthetic_2,105,1750890075.2202294,1751153873.011813,263797.79158353806,1751153876.3271432,3.315330266952514,1751153881.317893,263806.097663641,False,False,False,False,consumer_pod0_proc0_20250628_233753_013174.csv
4419022,synthetic_2,104,1750890075.2206678,1751153873.01182,263797.79115223885,1751153876.3271432,3.3153231143951416,1751153881.317893,263806.0972251892,False,False,False,False,consumer_pod0_proc0_20250628_233753_013174.csv
4419032,synthetic_2,103,1750890075.2208903,1751153873.011827,263797.79093670845,1751153876.3271432,3.315316200256348,1751153881.317893,263806.0970027447,False,False,False,False,consumer_pod0_proc0_20250628_233753_013174.csv
4419042,synthetic_2,96,1750890075.221254,1751153873.011834,263797.79057979584,1751153876.3271432,3.3153092861175537,1751153881.317893,263806.0966389179,False,False,False,False,consumer_pod0_proc0_20250628_233753_013174.csv
4419052,synthetic_2,82,1750890075.221642,1751153873.011841,263797.79019904137,1751153876.3271432,3.3153021335601807,1751153881.317893,263806.0962510109,False,False,False,False,consumer_pod0_proc0_20250628_233753_013174.csv
4419062,synthetic_2,105,1750890075.2218564,1751153873.0118475,263797.7899913788,1751153876.3271432,3.315295696258545,1751153881.317893,263806.0960366726,False,False,False,False,consumer_pod0_proc0_20250628_233753_013174.csv
4419072,synthetic_2,104,1750890075.2220752,1751153873.0118554,263797.7897801399,1751153876.3271432,3.3152878284454346,1751153881.317893,263806.09581780434,False,False,False,False,consumer_pod0_proc0_20250628_233753_013174.csv
2896461,synthetic_1,97,1750889546.6282914,1751153876.6990938,264330.0708024502,1751153879.7645235,3.065429925918579,1751153881.317893,264334.6896016598,True,True,False,False,consumer_pod0_proc0_20250628_233756_704719.csv
2896471,synthetic_1,83,1750889546.718528,1751153876.6991794,264329.98065137863,1751153879.7645235,3.0653443336486816,1751153881.317893,264334.59936499596,True,False,False,False,consumer_pod0_proc0_20250628_233756_704719.csv
2896481,synthetic_1,84,1750889546.7187395,1751153876.699193,264329.9804532528,1751153879.7645235,3.065330743789673,1751153881.317893,264334.5991535187,True,False,False,False,consumer_pod0_proc0_20250628_233756_704719.csv
2896491,synthetic_1,83,1750889546.7189577,1751153876.6992028,264329.9802451134,1751153879.7645235,3.0653209686279297,1751153881.317893,264334.5989353657,True,False,False,False,consumer_pod0_proc0_20250628_233756_704719.csv
2896501,synthetic_1,84,1750889546.7192724,1751153876.6992116,264329.97993922234,1751153879.7645235,3.065312147140503,1751153881.317893,264334.59862065315,True,False,False,False,consumer_pod0_proc0_20250628_233756_704719.csv
2896511,synthetic_1,84,1750889546.7195358,1751153876.6992197,264329.97968387604,1751153879.7645235,3.065304040908813,1751153881.317893,264334.5983572006,True,False,False,False,consumer_pod0_proc0_20250628_233756_704719.csv
2896521,synthetic_1,97,1750889546.7197642,1751153876.6993065,264329.9795422554,1751153879.7645235,3.0652172565460205,1751153881.317893,264334.5981287956,True,False,False,False,consumer_pod0_proc0_20250628_233756_704719.csv
2896531,synthetic_1,84,1750889546.7199752,1751153876.6993208,264329.9793455601,1751153879.7645235,3.0652029514312744,1751153881.317893,264334.5979177952,True,False,False,False,consumer_pod0_proc0_20250628_233756_704719.csv
2896541,synthetic_1,105,1750889546.7201731,1751153876.699333,264329.979159832,1751153879.7645235,3.06519079208374,1751153881.317893,264334.59771990776,True,False,False,False,consumer_pod0_proc0_20250628_233756_704719.csv
2896551,synthetic_1,103,1750889546.720389,1751153876.6993418,264329.9789528847,1751153879.7645235,3.065181970596313,1751153881.317893,264334.59750413895,True,False,False,False,consumer_pod0_proc0_20250628_233756_704719.csv
2901941,synthetic_1,91,1750889548.621029,1751153876.6993506,264328.07832193375,1751153879.7645235,3.0651731491088867,1751153881.317893,264332.6968641281,True,False,False,False,consumer_pod0_proc0_20250628_233756_704719.csv
2901951,synthetic_1,90,1750889548.6212935,1751153876.6993582,264328.0780646801,1751153879.7645235,3.0651655197143555,1751153881.317893,264332.6965994835,True,False,False,False,consumer_pod0_proc0_20250628_233756_704719.csv
2901961,synthetic_1,101,1750889548.6215413,1751153876.6993654,264328.0778241157,1751153879.7645235,3.0651583671569824,1751153881.317893,264332.6963517666,True,False,False,False,consumer_pod0_proc0_20250628_233756_704719.csv
2901971,synthetic_1,96,1750889548.6217818,1751153876.6993742,264328.0775923729,1751153879.7645235,3.065149545669556,1751153881.317893,264332.69611120224,True,False,False,False,consumer_pod0_proc0_20250628_233756_704719.csv
2901981,synthetic_1,96,1750889548.62203,1751153876.699382,264328.07735204697,1751153879.7645235,3.0651416778564453,1751153881.317893,264332.6958630085,True,False,False,False,consumer_pod0_proc0_20250628_233756_704719.csv
2901991,synthetic_1,89,1750889548.6222782,1751153876.6993988,264328.0771205425,1751153879.7645235,3.065124988555908,1751153881.317893,264332.69561481476,True,False,False,False,consumer_pod0_proc0_20250628_233756_704719.csv
2902001,synthetic_1,97,1750889548.6225626,1751153876.699406,264328.07684350014,1751153879.7645235,3.065117835998535,1751153881.317893,264332.6953303814,True,False,False,False,consumer_pod0_proc0_20250628_233756_704719.csv
2902011,synthetic_1,91,1750889548.6228168,1751153876.6994145,264328.0765976906,1751153879.7645235,3.0651092529296875,1751153881.317893,264332.6950762272,True,False,False,False,consumer_pod0_proc0_20250628_233756_704719.csv
2902021,synthetic_1,97,1750889548.6230483,1751153876.6994286,264328.07638025284,1751153879.7645235,3.0650951862335205,1751153881.317893,264332.69484472275,True,False,False,False,consumer_pod0_proc0_20250628_233756_704719.csv
2902031,synthetic_1,91,1750889548.623237,1751153876.6994371,264328.07620048523,1751153879.7645235,3.065086603164673,1751153881.317893,264332.69465613365,True,False,False,False,consumer_pod0_proc0_20250628_233756_704719.csv
2902041,synthetic_1,91,1750889548.6234288,1751153876.6994448,264328.07601594925,1751153879.7645235,3.0650789737701416,1751153881.317893,264332.6944642067,True,False,False,False,consumer_pod0_proc0_20250628_233756_704719.csv
2902051,synthetic_1,82,1750889548.6236284,1751153876.6994524,264328.0758240223,1751153879.7645235,3.0650713443756104,1751153881.317893,264332.69426465034,True,False,False,False,consumer_pod0_proc0_20250628_233756_704719.csv
2902061,synthetic_1,97,1750889548.6238244,1751153876.69946,264328.0756356716,1751153879.7645235,3.065063714981079,1751153881.317893,264332.6940686703,True,False,False,False,consumer_pod0_proc0_20250628_233756_704719.csv
2902071,synthetic_1,95,1750889548.624005,1751153876.699468,264328.07546305656,1751153879.7645235,3.0650558471679688,1751153881.317893,264332.693887949,True,False,False,False,consumer_pod0_proc0_20250628_233756_704719.csv
2902081,synthetic_1,95,1750889548.6241848,1751153876.6994762,264328.0752913952,1751153879.7645235,3.0650475025177,1751153881.317893,264332.6937081814,True,False,False,False,consumer_pod0_proc0_20250628_233756_704719.csv
2902091,synthetic_1,96,1750889548.6243544,1751153876.6994846,264328.0751302242,1751153879.7645235,3.065039157867432,1751153881.317893,264332.6935386658,True,False,False,False,consumer_pod0_proc0_20250628_233756_704719.csv
2902101,synthetic_1,102,1750889548.624543,1751153876.699492,264328.0749490261,1751153879.7645235,3.0650317668914795,1751153881.317893,264332.6933500767,True,False,False,False,consumer_pod0_proc0_20250628_233756_704719.csv
2902111,synthetic_1,103,1750889548.6246974,1751153876.6994998,264328.0748023987,1751153879.7645235,3.065023899078369,1751153881.317893,264332.69319558144,True,False,False,False,consumer_pod0_proc0_20250628_233756_704719.csv
2902121,synthetic_1,89,1750889548.6248486,1751153876.6995072,264328.0746586323,1751153879.7645235,3.065016508102417,1751153881.317893,264332.69304442406,True,False,False,False,consumer_pod0_proc0_20250628_233756_704719.csv
2902131,synthetic_1,90,1750889548.6249957,1751153876.6995144,264328.074518919,1751153879.7645235,3.065009355545044,1751153881.317893,264332.6928973198,True,False,False,False,consumer_pod0_proc0_20250628_233756_704719.csv
2902141,synthetic_1,84,1750889548.6251366,1751153876.699521,264328.0743844509,1751153879.7645235,3.065002679824829,1751153881.317893,264332.6927564144,True,False,False,False,consumer_pod0_proc0_20250628_233756_704719.csv
2902151,synthetic_1,84,1750889548.625285,1751153876.699535,264328.07424998283,1751153879.7645235,3.064988851547241,1751153881.317893,264332.69260811806,True,False,False,False,consumer_pod0_proc0_20250628_233756_704719.csv
2902161,synthetic_1,90,1750889548.6254396,1751153876.699542,264328.07410240173,1751153879.7645235,3.064981698989868,1751153881.317893,264332.6924533844,True,False,False,False,consumer_pod0_proc0_20250628_233756_704719.csv
2902171,synthetic_1,101,1750889548.625598,1751153876.69955,264328.0739519596,1751153879.7645235,3.064973831176758,1751153881.317893,264332.69229507446,True,False,False,False,consumer_pod0_proc0_20250628_233756_704719.csv
2902181,synthetic_1,98,1750889548.6257498,1751153876.6995578,264328.0738079548,1751153879.7645235,3.0649659633636475,1751153881.317893,264332.6921432018,True,False,False,False,consumer_pod0_proc0_20250628_233756_704719.csv
2902191,synthetic_1,104,1750889548.625903,1751153876.6995664,264328.07366371155,1751153879.7645235,3.0649573802948,1751153881.317893,264332.6919901371,True,False,False,False,consumer_pod0_proc0_20250628_233756_704719.csv
2902201,synthetic_1,90,1750889548.6260622,1751153876.69958,264328.0735177994,1751153879.7645235,3.064943790435791,1751153881.317893,264332.6918308735,True,False,False,False,consumer_pod0_proc0_20250628_233756_704719.csv
2902211,synthetic_1,90,1750889548.6262105,1751153876.699587,264328.073376894,1751153879.7645235,3.064936637878418,1751153881.317893,264332.69168257713,True,False,False,False,consumer_pod0_proc0_20250628_233756_704719.csv
2902221,synthetic_1,95,1750889548.6263652,1751153876.6995945,264328.0732290745,1751153879.7645235,3.064929246902466,1751153881.317893,264332.6915278435,True,False,False,False,consumer_pod0_proc0_20250628_233756_704719.csv
2902231,synthetic_1,84,1750889548.6265163,1751153876.699602,264328.0730855465,1751153879.7645235,3.0649218559265137,1751153881.317893,264332.6913766861,True,False,False,False,consumer_pod0_proc0_20250628_233756_704719.csv
2902241,synthetic_1,83,1750889548.6266537,1751153876.6996088,264328.0729551316,1751153879.7645235,3.06491494178772,1751153881.317893,264332.691239357,True,False,False,False,consumer_pod0_proc0_20250628_233756_704719.csv
2902251,synthetic_1,91,1750889548.6267996,1751153876.6996162,264328.07281661034,1751153879.7645235,3.064907550811768,1751153881.317893,264332.6910934448,True,False,False,False,consumer_pod0_proc0_20250628_233756_704719.csv
2902261,synthetic_1,82,1750889548.62694,1751153876.6996236,264328.0726835728,1751153879.7645235,3.0649001598358154,1751153881.317893,264332.6909530163,True,False,False,False,consumer_pod0_proc0_20250628_233756_704719.csv
2902271,synthetic_1,98,1750889548.6270933,1751153876.6996305,264328.07253718376,1751153879.7645235,3.064893245697021,1751153881.317893,264332.69079971313,True,False,False,False,consumer_pod0_proc0_20250628_233756_704719.csv
2902281,synthetic_1,97,1750889548.6272397,1751153876.699644,264328.0724043846,1751153879.7645235,3.0648796558380127,1751153881.317893,264332.6906533241,True,False,False,False,consumer_pod0_proc0_20250628_233756_704719.csv
2902291,synthetic_1,98,1750889548.6273909,1751153876.699652,264328.07226109505,1751153879.7645235,3.0648717880249023,1751153881.317893,264332.69050216675,True,False,False,False,consumer_pod0_proc0_20250628_233756_704719.csv
2902301,synthetic_1,82,1750889548.62754,1751153876.69966,264328.07211995125,1751153879.7645235,3.064863681793213,1751153881.317893,264332.6903529167,True,False,False,False,consumer_pod0_proc0_20250628_233756_704719.csv
2902311,synthetic_1,96,1750889548.627694,1751153876.699667,264328.071972847,1751153879.7645235,3.064856767654419,1751153881.317893,264332.69019913673,True,False,False,False,consumer_pod0_proc0_20250628_233756_704719.csv
2902321,synthetic_1,84,1750889548.6278455,1751153876.699674,264328.0718283653,1751153879.7645235,3.064849853515625,1751153881.317893,264332.6900475025,True,False,False,False,consumer_pod0_proc0_20250628_233756_704719.csv
2902331,synthetic_1,97,1750889548.6280005,1751153876.699681,264328.0716807842,1751153879.7645235,3.064842700958252,1751153881.317893,264332.68989253044,True,False,False,False,consumer_pod0_proc0_20250628_233756_704719.csv
2902341,synthetic_1,91,1750889548.6281505,1751153876.699688,264328.07153749466,1751153879.7645235,3.064835786819458,1751153881.317893,264332.68974256516,True,False,False,False,consumer_pod0_proc0_20250628_233756_704719.csv
2902351,synthetic_1,97,1750889548.6282988,1751153876.699695,264328.07139635086,1751153879.7645235,3.064828634262085,1751153881.317893,264332.6895942688,True,False,False,False,consumer_pod0_proc0_20250628_233756_704719.csv
2902361,synthetic_1,84,1750889548.6284523,1751153876.699702,264328.07124972343,1751153879.7645235,3.064821720123291,1751153881.317893,264332.68944072723,True,False,False,False,consumer_pod0_proc0_20250628_233756_704719.csv
2902371,synthetic_1,91,1750889548.7225933,1751153876.6997097,264327.9771163464,1751153879.7645235,3.06481409072876,1751153881.317893,264332.59529972076,True,False,False,False,consumer_pod0_proc0_20250628_233756_704719.csv
2902381,synthetic_1,90,1750889548.7228005,1751153876.6997163,264327.97691583633,1751153879.7645235,3.064807415008545,1751153881.317893,264332.595092535,True,False,False,False,consumer_pod0_proc0_20250628_233756_704719.csv
2902391,synthetic_1,89,1750889548.7230067,1751153876.6997235,264327.97671699524,1751153879.7645235,3.064800262451172,1751153881.317893,264332.59488630295,True,False,False,False,consumer_pod0_proc0_20250628_233756_704719.csv
2902401,synthetic_1,90,1750889548.7232032,1751153876.6997309,264327.9765276909,1751153879.7645235,3.06479287147522,1751153881.317893,264332.59468984604,True,False,False,False,consumer_pod0_proc0_20250628_233756_704719.csv
2902411,synthetic_1,97,1750889548.8196027,1751153876.6997452,264327.88014245033,1751153879.7645235,3.0647785663604736,1751153881.317893,264332.49829030037,True,False,False,False,consumer_pod0_proc0_20250628_233756_704719.csv
2902421,synthetic_1,91,1750889548.8198586,1751153876.6997592,264327.8799006939,1751153879.7645235,3.064764499664306,1751153881.317893,264332.49803447723,True,False,False,False,consumer_pod0_proc0_20250628_233756_704719.csv
2902431,synthetic_1,83,1750889548.820107,1751153876.6997669,264327.8796598911,1751153879.7645235,3.0647568702697754,1751153881.317893,264332.4977860451,True,False,False,False,consumer_pod0_proc0_20250628_233756_704719.csv
2902441,synthetic_1,105,1750889548.8204231,1751153876.699773,264327.879349947,1751153879.7645235,3.0647506713867188,1751153881.317893,264332.49746990204,True,False,False,False,consumer_pod0_proc0_20250628_233756_704719.csv
2902451,synthetic_1,104,1750889548.8206823,1751153876.6997812,264327.8790986538,1751153879.7645235,3.0647425651550293,1751153881.317893,264332.49721074104,True,False,False,False,consumer_pod0_proc0_20250628_233756_704719.csv
2902461,synthetic_1,91,1750889548.820927,1751153876.6997883,264327.8788616657,1751153879.7645235,3.064735412597656,1751153881.317893,264332.4969661236,True,False,False,False,consumer_pod0_proc0_20250628_233756_704719.csv
3036881,synthetic_1,97,1750889549.1230648,1751153876.699795,264327.5767302513,1751153879.7645235,3.0647287368774414,1751153881.317893,264332.19482827187,True,False,False,False,consumer_pod0_proc0_20250628_233756_704719.csv
3036891,synthetic_1,102,1750889549.1234076,1751153876.699802,264327.57639431953,1751153879.7645235,3.0647218227386475,1751153881.317893,264332.19448542595,True,False,False,False,consumer_pod0_proc0_20250628_233756_704719.csv
3036901,synthetic_1,95,1750889549.12382,1751153876.6998093,264327.5759892464,1751153879.7645235,3.0647144317626958,1751153881.317893,264332.1940729618,True,False,False,False,consumer_pod0_proc0_20250628_233756_704719.csv
3036911,synthetic_1,83,1750889549.1243134,1751153876.6998162,264327.57550287247,1751153879.7645235,3.0647075176239014,1751153881.317893,264332.19357967377,True,False,False,False,consumer_pod0_proc0_20250628_233756_704719.csv
3036921,synthetic_1,82,1750889549.1248488,1751153876.6998231,264327.5749742985,1751153879.7645235,3.0647006034851074,1751153881.317893,264332.19304418564,True,False,False,False,consumer_pod0_proc0_20250628_233756_704719.csv
3036931,synthetic_1,104,1750889549.1253278,1751153876.6998298,264327.5745019913,1751153879.7645235,3.0646939277648926,1751153881.317893,264332.1925652027,True,False,False,False,consumer_pod0_proc0_20250628_233756_704719.csv
3036941,synthetic_1,97,1750889549.1258335,1751153876.6998374,264327.57400393486,1751153879.7645235,3.0646862983703613,1751153881.317893,264332.1920595169,True,False,False,False,consumer_pod0_proc0_20250628_233756_704719.csv
3036951,synthetic_1,102,1750889549.126205,1751153876.6998525,264327.5736474991,1751153879.7645235,3.064671277999878,1751153881.317893,264332.19168806076,True,False,False,False,consumer_pod0_proc0_20250628_233756_704719.csv
3036961,synthetic_1,96,1750889549.126676,1751153876.6998603,264327.5731842518,1751153879.7645235,3.064663410186768,1751153881.317893,264332.19121694565,True,False,False,False,consumer_pod0_proc0_20250628_233756_704719.csv
3036971,synthetic_1,90,1750889549.1270096,1751153876.6998672,264327.57285761833,1751153879.7645235,3.0646564960479736,1751153881.317893,264332.19088339806,True,False,False,False,consumer_pod0_proc0_20250628_233756_704719.csv
3036981,synthetic_1,95,1750889549.127308,1751153876.6998744,264327.57256650925,1751153879.7645235,3.0646493434906006,1751153881.317893,264332.1905851364,True,False,False,False,consumer_pod0_proc0_20250628_233756_704719.csv
3036991,synthetic_1,98,1750889549.1275628,1751153876.6998816,264327.57231879234,1751153879.7645235,3.0646421909332275,1751153881.317893,264332.19033026695,True,False,False,False,consumer_pod0_proc0_20250628_233756_704719.csv
3037001,synthetic_1,98,1750889549.1278162,1751153876.699889,264327.5720727444,1751153879.7645235,3.0646347999572754,1751153881.317893,264332.190076828,True,False,False,False,consumer_pod0_proc0_20250628_233756_704719.csv
3037011,synthetic_1,96,1750889549.128059,1751153876.699896,264327.5718369484,1751153879.7645235,3.0646276473999023,1751153881.317893,264332.1898341179,True,False,False,False,consumer_pod0_proc0_20250628_233756_704719.csv
3037021,synthetic_1,83,1750889549.128294,1751153876.6999042,264327.5716102123,1751153879.7645235,3.064619541168213,1751153881.317893,264332.18959903717,True,False,False,False,consumer_pod0_proc0_20250628_233756_704719.csv
3037031,synthetic_1,83,1750889549.2175217,1751153876.699911,264327.4823894501,1751153879.7645235,3.064612627029419,1751153881.317893,264332.1003713608,True,False,False,False,consumer_pod0_proc0_20250628_233756_704719.csv
3037041,synthetic_1,84,1750889549.2214794,1751153876.6999245,264327.4784450531,1751153879.7645235,3.0645992755889893,1751153881.317893,264332.09641361237,True,False,False,False,consumer_pod0_proc0_20250628_233756_704719.csv
3037051,synthetic_1,89,1750889549.2217977,1751153876.6999314,264327.47813391685,1751153879.7645235,3.0645923614501958,1751153881.317893,264332.09609532356,True,False,False,False,consumer_pod0_proc0_20250628_233756_704719.csv
3037061,synthetic_1,98,1750889549.2221255,1751153876.6999383,264327.477812767,1751153879.7645235,3.0645854473114014,1751153881.317893,264332.095767498,True,False,False,False,consumer_pod0_proc0_20250628_233756_704719.csv
3037071,synthetic_1,90,1750889549.2224543,1751153876.6999516,264327.47749733925,1751153879.7645235,3.064572095870972,1751153881.317893,264332.0954387188,True,False,False,False,consumer_pod0_proc0_20250628_233756_704719.csv
3037081,synthetic_1,104,1750889549.222756,1751153876.6999588,264327.4772026539,1751153879.7645235,3.064564943313598,1751153881.317893,264332.0951371193,True,False,False,False,consumer_pod0_proc0_20250628_233756_704719.csv
3037091,synthetic_1,98,1750889549.2230124,1751153876.6999657,264327.47695326805,1751153879.7645235,3.0645580291748047,1751153881.317893,264332.0948805809,True,False,False,False,consumer_pod0_proc0_20250628_233756_704719.csv
3037101,synthetic_1,103,1750889549.2232924,1751153876.6999726,264327.4766802788,1751153879.7645235,3.0645511150360107,1751153881.317893,264332.0946006775,True,False,False,False,consumer_pod0_proc0_20250628_233756_704719.csv
3037111,synthetic_1,89,1750889549.2235465,1751153876.6999798,264327.47643351555,1751153879.7645235,3.0645439624786377,1751153881.317893,264332.0943465233,True,False,False,False,consumer_pod0_proc0_20250628_233756_704719.csv
3037121,synthetic_1,98,1750889549.2237794,1751153876.6999867,264327.4762072563,1751153879.7645235,3.064537048339844,1751153881.317893,264332.09411358833,True,False,False,False,consumer_pod0_proc0_20250628_233756_704719.csv
3037131,synthetic_1,104,1750889549.224016,1751153876.6999934,264327.4759774208,1751153879.7645235,3.064530372619629,1751153881.317893,264332.0938770771,True,False,False,False,consumer_pod0_proc0_20250628_233756_704719.csv
3037141,synthetic_1,82,1750889549.224244,1751153876.7000008,264327.4757566452,1751153879.7645235,3.0645229816436768,1751153881.317893,264332.0936489105,True,False,False,False,consumer_pod0_proc0_20250628_233756_704719.csv
3037151,synthetic_1,103,1750889549.2244668,1751153876.7000072,264327.47554039955,1751153879.7645235,3.064516544342041,1751153881.317893,264332.09342622757,True,False,False,False,consumer_pod0_proc0_20250628_233756_704719.csv
3037161,synthetic_1,83,1750889549.317809,1751153876.700014,264327.38220477104,1751153879.7645235,3.064509630203247,1751153881.317893,264332.00008392334,True,False,False,False,consumer_pod0_proc0_20250628_233756_704719.csv
3037171,synthetic_1,103,1750889549.318031,1751153876.7000206,264327.38198947906,1751153879.7645235,3.0645031929016118,1751153881.317893,264331.99986195564,True,False,False,False,consumer_pod0_proc0_20250628_233756_704719.csv
3037181,synthetic_1,97,1750889549.3182416,1751153876.7000277,264327.381786108,1751153879.7645235,3.0644960403442383,1751153881.317893,264331.99965143204,True,False,False,False,consumer_pod0_proc0_20250628_233756_704719.csv
3037191,synthetic_1,88,1750889549.318523,1751153876.7000346,264327.38151168823,1751153879.7645235,3.0644891262054443,1751153881.317893,264331.9993700981,True,False,False,False,consumer_pod0_proc0_20250628_233756_704719.csv
3037201,synthetic_1,95,1750889549.31885,1751153876.7000473,264327.3811972141,1751153879.7645235,3.064476490020752,1751153881.317893,264331.9990429878,True,False,False,False,consumer_pod0_proc0_20250628_233756_704719.csv
3037211,synthetic_1,96,1750889549.3190882,1751153876.7000542,264327.3809659481,1751153879.7645235,3.064469575881958,1751153881.317893,264331.99880480766,True,False,False,False,consumer_pod0_proc0_20250628_233756_704719.csv
3037221,synthetic_1,91,1750889549.3193755,1751153876.700061,264327.3806858063,1751153879.7645235,3.064462661743164,1751153881.317893,264331.9985175133,True,False,False,False,consumer_pod0_proc0_20250628_233756_704719.csv
3037231,synthetic_1,103,1750889549.3197043,1751153876.7000678,264327.38036322594,1751153879.7645235,3.064455986022949,1751153881.317893,264331.99818873405,True,False,False,False,consumer_pod0_proc0_20250628_233756_704719.csv
3037241,synthetic_1,82,1750889549.319964,1751153876.7000744,264327.38011050224,1751153879.7645235,3.0644493103027344,1751153881.317893,264331.9979290962,True,False,False,False,consumer_pod0_proc0_20250628_233756_704719.csv
3037251,synthetic_1,98,1750889549.3201485,1751153876.700081,264327.379932642,1751153879.7645235,3.0644426345825195,1751153881.317893,264331.99774456024,True,False,False,False,consumer_pod0_proc0_20250628_233756_704719.csv
3037261,synthetic_1,83,1750889549.320376,1751153876.700094,264327.37971806526,1751153879.7645235,3.064429759979248,1751153881.317893,264331.9975171089,True,False,False,False,consumer_pod0_proc0_20250628_233756_704719.csv
3037271,synthetic_1,105,1750889549.3206198,1751153876.700101,264327.3794810772,1751153879.7645235,3.064422845840454,1751153881.317893,264331.9972732067,True,False,False,False,consumer_pod0_proc0_20250628_233756_704719.csv
3037281,synthetic_1,98,1750889549.3208451,1751153876.7001078,264327.3792626858,1751153879.7645235,3.06441593170166,1751153881.317893,264331.99704790115,True,False,False,False,consumer_pod0_proc0_20250628_233756_704719.csv
3037291,synthetic_1,96,1750889549.3210857,1751153876.7001145,264327.3790290356,1751153879.7645235,3.0644092559814453,1751153881.317893,264331.9968073368,True,False,False,False,consumer_pod0_proc0_20250628_233756_704719.csv
3037301,synthetic_1,83,1750889549.3213308,1751153876.700121,264327.3787901401,1751153879.7645235,3.0644028186798096,1751153881.317893,264331.9965622425,True,False,False,False,consumer_pod0_proc0_20250628_233756_704719.csv
3037311,synthetic_1,88,1750889549.321683,1751153876.7001271,264327.3784441948,1751153879.7645235,3.064396619796753,1751153881.317893,264331.99621009827,True,False,False,False,consumer_pod0_proc0_20250628_233756_704719.csv
3037321,synthetic_1,88,1750889549.321988,1751153876.7001336,264327.3781454563,1751153879.7645235,3.064390182495117,1751153881.317893,264331.9959049225,True,False,False,False,consumer_pod0_proc0_20250628_233756_704719.csv
3037331,synthetic_1,98,1750889549.3223474,1751153876.700146,264327.3777985573,1751153879.7645235,3.064377784729004,1751153881.317893,264331.9955456257,True,False,False,False,consumer_pod0_proc0_20250628_233756_704719.csv
3037341,synthetic_1,84,1750889549.3227367,1751153876.7001534,264327.3774166107,1751153879.7645235,3.064370393753052,1751153881.317893,264331.99515628815,True,False,False,False,consumer_pod0_proc0_20250628_233756_704719.csv
3038311,synthetic_1,97,1750889549.5232017,1751153876.7001598,264327.1769583225,1751153879.7645235,3.064363956451416,1751153881.317893,264331.79469132423,True,False,False,False,consumer_pod0_proc0_20250628_233756_704719.csv
3038321,synthetic_1,89,1750889549.523352,1751153876.7001665,264327.1768145561,1751153879.7645235,3.064357280731201,1751153881.317893,264331.79454112053,True,False,False,False,consumer_pod0_proc0_20250628_233756_704719.csv
3038331,synthetic_1,102,1750889549.5234983,1751153876.700173,264327.176674366,1751153879.7645235,3.064350843429565,1751153881.317893,264331.7943947315,True,False,False,False,consumer_pod0_proc0_20250628_233756_704719.csv
3038341,synthetic_1,105,1750889549.5236518,1751153876.70018,264327.1765282154,1751153879.7645235,3.0643436908721924,1751153881.317893,264331.79424118996,True,False,False,False,consumer_pod0_proc0_20250628_233756_704719.csv
3038351,synthetic_1,89,1750889549.523798,1751153876.7001874,264327.1763894558,1751153879.7645235,3.06433629989624,1751153881.317893,264331.79409503937,True,False,False,False,consumer_pod0_proc0_20250628_233756_704719.csv
3038361,synthetic_1,97,1750889549.5239422,1751153876.7001946,264327.1762523651,1751153879.7645235,3.064329147338867,1751153881.317893,264331.7939507961,True,False,False,False,consumer_pod0_proc0_20250628_233756_704719.csv
3038371,synthetic_1,93,1750889549.524087,1751153876.700202,264327.176115036,1751153879.7645235,3.064321756362915,1751153881.317893,264331.79380607605,True,False,False,False,consumer_pod0_proc0_20250628_233756_704719.csv
3038381,synthetic_1,98,1750889549.5242317,1751153876.7002091,264327.1759774685,1751153879.7645235,3.064314603805542,1751153881.317893,264331.793661356,True,False,False,False,consumer_pod0_proc0_20250628_233756_704719.csv
3038391,synthetic_1,83,1750889549.5243824,1751153876.7002163,264327.1758339405,1751153879.7645235,3.064307451248169,1751153881.317893,264331.79351067543,True,False,False,False,consumer_pod0_proc0_20250628_233756_704719.csv
3038401,synthetic_1,97,1750889549.524548,1751153876.700223,264327.1756749153,1751153879.7645235,3.064300775527954,1751153881.317893,264331.7933449745,True,False,False,False,consumer_pod0_proc0_20250628_233756_704719.csv
3038411,synthetic_1,99,1750889549.5247045,1751153876.70023,264327.1755256653,1751153879.7645235,3.06429386138916,1751153881.317893,264331.79318857193,True,False,False,False,consumer_pod0_proc0_20250628_233756_704719.csv
3038421,synthetic_1,104,1750889549.5248594,1751153876.7002473,264327.17538785934,1751153879.7645235,3.0642764568328857,1751153881.317893,264331.79303359985,True,False,False,False,consumer_pod0_proc0_20250628_233756_704719.csv
3038431,synthetic_1,104,1750889549.5250158,1751153876.7002616,264327.1752457619,1751153879.7645235,3.06426215171814,1751153881.317893,264331.79287719727,True,False,False,False,consumer_pod0_proc0_20250628_233756_704719.csv
3038441,synthetic_1,96,1750889549.5251667,1751153876.700271,264327.1751039028,1751153879.7645235,3.0642528533935547,1751153881.317893,264331.7927262783,True,False,False,False,consumer_pod0_proc0_20250628_233756_704719.csv
3038451,synthetic_1,102,1750889549.5253203,1751153876.7002778,264327.1749575138,1751153879.7645235,3.0642459392547607,1751153881.317893,264331.79257273674,True,False,False,False,consumer_pod0_proc0_20250628_233756_704719.csv
3038461,synthetic_1,82,1750889549.5254653,1751153876.7002854,264327.1748201847,1751153879.7645235,3.064238309860229,1751153881.317893,264331.79242777824,True,False,False,False,consumer_pod0_proc0_20250628_233756_704719.csv
3038471,synthetic_1,91,1750889549.5256128,1751153876.700292,264327.1746790409,1751153879.7645235,3.064231634140014,1751153881.317893,264331.79228019714,True,False,False,False,consumer_pod0_proc0_20250628_233756_704719.csv
3038481,synthetic_1,90,1750889549.5257623,1751153876.7002983,264327.17453598976,1751153879.7645235,3.064225435256958,1751153881.317893,264331.7921307087,True,False,False,False,consumer_pod0_proc0_20250628_233756_704719.csv
3038491,synthetic_1,102,1750889549.525913,1751153876.700305,264327.17439198494,1751153879.7645235,3.064218759536743,1751153881.317893,264331.79198002815,True,False,False,False,consumer_pod0_proc0_20250628_233756_704719.csv
3038501,synthetic_1,97,1750889549.5260649,1751153876.7003138,264327.1742489338,1751153879.7645235,3.0642099380493164,1751153881.317893,264331.7918281555,True,False,False,False,consumer_pod0_proc0_20250628_233756_704719.csv
3038511,synthetic_1,87,1750889549.526215,1751153876.7003207,264327.1741056442,1751153879.7645235,3.0642030239105225,1751153881.317893,264331.7916779518,True,False,False,False,consumer_pod0_proc0_20250628_233756_704719.csv
3038521,synthetic_1,82,1750889549.526363,1751153876.7003286,264327.17396593094,1751153879.7645235,3.064195156097412,1751153881.317893,264331.7915301323,True,False,False,False,consumer_pod0_proc0_20250628_233756_704719.csv
3038531,synthetic_1,104,1750889549.5265143,1751153876.700335,264327.173820734,1751153879.7645235,3.0641887187957764,1751153881.317893,264331.7913787365,True,False,False,False,consumer_pod0_proc0_20250628_233756_704719.csv
3038541,synthetic_1,91,1750889549.5266652,1751153876.7003424,264327.17367720604,1751153879.7645235,3.064181327819824,1751153881.317893,264331.79122781754,True,False,False,False,consumer_pod0_proc0_20250628_233756_704719.csv
3038551,synthetic_1,101,1750889549.526821,1751153876.7003562,264327.173535347,1751153879.7645235,3.0641674995422363,1751153881.317893,264331.7910721302,True,False,False,False,consumer_pod0_proc0_20250628_233756_704719.csv
3038561,synthetic_1,82,1750889549.526972,1751153876.700364,264327.173391819,1751153879.7645235,3.064159631729126,1751153881.317893,264331.7909209728,True,False,False,False,consumer_pod0_proc0_20250628_233756_704719.csv
3038571,synthetic_1,97,1750889549.5271227,1751153876.7003706,264327.1732478142,1751153879.7645235,3.0641531944274902,1751153881.317893,264331.7907702923,True,False,False,False,consumer_pod0_proc0_20250628_233756_704719.csv
3038581,synthetic_1,95,1750889549.527272,1751153876.7003772,264327.17310523987,1751153879.7645235,3.0641465187072754,1751153881.317893,264331.79062104225,True,False,False,False,consumer_pod0_proc0_20250628_233756_704719.csv
3038591,synthetic_1,97,1750889549.5274258,1751153876.700384,264327.1729581356,1751153879.7645235,3.0641398429870605,1751153881.317893,264331.79046726227,True,False,False,False,consumer_pod0_proc0_20250628_233756_704719.csv
3038601,synthetic_1,105,1750889549.5275738,1751153876.7003906,264327.1728167534,1751153879.7645235,3.0641331672668457,1751153881.317893,264331.79031920433,True,False,False,False,consumer_pod0_proc0_20250628_233756_704719.csv
3038611,synthetic_1,95,1750889549.527726,1751153876.7003973,264327.17267131805,1751153879.7645235,3.064126491546631,1751153881.317893,264331.7901670933,True,False,False,False,consumer_pod0_proc0_20250628_233756_704719.csv
3038621,synthetic_1,97,1750889549.5278816,1751153876.700404,264327.17252230644,1751153879.7645235,3.064119815826416,1751153881.317893,264331.79001140594,True,False,False,False,consumer_pod0_proc0_20250628_233756_704719.csv
3038631,synthetic_1,90,1750889549.528032,1751153876.7004108,264327.17237877846,1751153879.7645235,3.064112901687622,1751153881.317893,264331.7898609638,True,False,False,False,consumer_pod0_proc0_20250628_233756_704719.csv
3038641,synthetic_1,91,1750889549.5281816,1751153876.700424,264327.17224240303,1751153879.7645235,3.0640997886657715,1751153881.317893,264331.7897114754,True,False,False,False,consumer_pod0_proc0_20250628_233756_704719.csv
3038651,synthetic_1,94,1750889549.528335,1751153876.7004309,264327.1720957756,1751153879.7645235,3.064092874526977,1751153881.317893,264331.7895579338,True,False,False,False,consumer_pod0_proc0_20250628_233756_704719.csv
3038661,synthetic_1,98,1750889549.6166608,1751153876.7004378,264327.08377695084,1751153879.7645235,3.064085960388184,1751153881.317893,264331.7012321949,True,False,False,False,consumer_pod0_proc0_20250628_233756_704719.csv
3038671,synthetic_1,102,1750889549.618228,1751153876.700451,264327.08222293854,1751153879.7645235,3.064072847366333,1751153881.317893,264331.6996650696,True,False,False,False,consumer_pod0_proc0_20250628_233756_704719.csv
3038681,synthetic_1,104,1750889549.6185997,1751153876.7004578,264327.0818581581,1751153879.7645235,3.064065933227539,1751153881.317893,264331.699293375,True,False,False,False,consumer_pod0_proc0_20250628_233756_704719.csv
3038691,synthetic_1,96,1750889549.619038,1751153876.7004647,264327.0814266205,1751153879.7645235,3.064059019088745,1751153881.317893,264331.69885492325,True,False,False,False,consumer_pod0_proc0_20250628_233756_704719.csv
3038701,synthetic_1,98,1750889549.6194005,1751153876.7004876,264327.0810871124,1751153879.7645235,3.064036130905152,1751153881.317893,264331.698492527,True,False,False,False,consumer_pod0_proc0_20250628_233756_704719.csv
3038711,synthetic_1,84,1750889549.6197772,1751153876.700495,264327.08071780205,1751153879.7645235,3.064028739929199,1751153881.317893,264331.69811582565,True,False,False,False,consumer_pod0_proc0_20250628_233756_704719.csv
3038721,synthetic_1,104,1750889549.6201837,1751153876.7005017,264327.0803179741,1751153879.7645235,3.0640220642089844,1751153881.317893,264331.697709322,True,False,False,False,consumer_pod0_proc0_20250628_233756_704719.csv
3038731,synthetic_1,91,1750889549.6205163,1751153876.7005084,264327.0799920559,1751153879.7645235,3.064015388488769,1751153881.317893,264331.69737672806,True,False,False,False,consumer_pod0_proc0_20250628_233756_704719.csv
3038741,synthetic_1,91,1750889549.6210058,1751153876.7005155,264327.0795097351,1751153879.7645235,3.0640082359313965,1751153881.317893,264331.6968872547,True,False,False,False,consumer_pod0_proc0_20250628_233756_704719.csv
3038751,synthetic_1,81,1750889549.621318,1751153876.7005222,264327.0792040825,1751153879.7645235,3.0640015602111816,1751153881.317893,264331.6965749264,True,False,False,False,consumer_pod0_proc0_20250628_233756_704719.csv
3038761,synthetic_1,97,1750889549.6215725,1751153876.7005286,264327.0789561272,1751153879.7645235,3.063995122909546,1751153881.317893,264331.69632053375,True,False,False,False,consumer_pod0_proc0_20250628_233756_704719.csv
3038771,synthetic_1,104,1750889549.6217942,1751153876.7005353,264327.0787410736,1751153879.7645235,3.063988447189331,1751153881.317893,264331.6960988045,True,False,False,False,consumer_pod0_proc0_20250628_233756_704719.csv
3038781,synthetic_1,103,1750889549.62198,1751153876.7005422,264327.0785622597,1751153879.7645235,3.063981533050537,1751153881.317893,264331.6959130764,True,False,False,False,consumer_pod0_proc0_20250628_233756_704719.csv
3038791,synthetic_1,89,1750889549.622196,1751153876.7005486,264327.07835268974,1751153879.7645235,3.0639750957489014,1751153881.317893,264331.69569706917,True,False,False,False,consumer_pod0_proc0_20250628_233756_704719.csv
3038801,synthetic_1,90,1750889549.6224985,1751153876.7005627,264327.07806420326,1751153879.7645235,3.0639610290527344,1751153881.317893,264331.695394516,True,False,False,False,consumer_pod0_proc0_20250628_233756_704719.csv
3038811,synthetic_1,104,1750889549.622755,1751153876.7005694,264327.0778143406,1751153879.7645235,3.0639543533325195,1751153881.317893,264331.6951379776,True,False,False,False,consumer_pod0_proc0_20250628_233756_704719.csv
3038821,synthetic_1,84,1750889549.6229725,1751153876.7005763,264327.0776040554,1751153879.7645235,3.0639474391937256,1751153881.317893,264331.69492053986,True,False,False,False,consumer_pod0_proc0_20250628_233756_704719.csv
3038831,synthetic_1,96,1750889549.62315,1751153876.7005827,264327.07743263245,1751153879.7645235,3.06394100189209,1751153881.317893,264331.694742918,True,False,False,False,consumer_pod0_proc0_20250628_233756_704719.csv
3038841,synthetic_1,84,1750889549.6233811,1751153876.7005894,264327.07720828056,1751153879.7645235,3.063934326171875,1751153881.317893,264331.6945118904,True,False,False,False,consumer_pod0_proc0_20250628_233756_704719.csv
3038851,synthetic_1,101,1750889549.62372,1751153876.700602,264327.07688212395,1751153879.7645235,3.0639216899871826,1751153881.317893,264331.6941730976,True,False,False,False,consumer_pod0_proc0_20250628_233756_704719.csv
3038861,synthetic_1,91,1750889549.6239595,1751153876.7006085,264327.0766489506,1751153879.7645235,3.063915252685547,1751153881.317893,264331.69393348694,True,False,False,False,consumer_pod0_proc0_20250628_233756_704719.csv
3038871,synthetic_1,82,1750889549.6241395,1751153876.7006152,264327.07647562027,1751153879.7645235,3.063908576965332,1751153881.317893,264331.6937534809,True,False,False,False,consumer_pod0_proc0_20250628_233756_704719.csv
3038881,synthetic_1,91,1750889549.6243474,1751153876.7006216,264327.07627415657,1751153879.7645235,3.0639021396636963,1751153881.317893,264331.6935455799,True,False,False,False,consumer_pod0_proc0_20250628_233756_704719.csv
3042901,synthetic_1,89,1750889551.0208406,1751153876.7006278,264325.67978715897,1751153879.7645235,3.06389594078064,1751153881.317893,264330.2970523834,True,False,False,False,consumer_pod0_proc0_20250628_233756_704719.csv
3042911,synthetic_1,105,1750889551.0211174,1751153876.700635,264325.67951750755,1751153879.7645235,3.0638887882232666,1751153881.317893,264330.29677557945,True,False,False,False,consumer_pod0_proc0_20250628_233756_704719.csv
3042921,synthetic_1,89,1750889551.0214431,1751153876.7006414,264325.6791982651,1751153879.7645235,3.063882350921631,1751153881.317893,264330.2964498997,True,False,False,False,consumer_pod0_proc0_20250628_233756_704719.csv
3042931,synthetic_1,82,1750889551.0217304,1751153876.7006483,264325.6789178848,1751153879.7645235,3.063875436782837,1751153881.317893,264330.2961626053,True,False,False,False,consumer_pod0_proc0_20250628_233756_704719.csv
3042941,synthetic_1,105,1750889551.021983,1751153876.7006612,264325.6786785126,1751153879.7645235,3.063862562179565,1751153881.317893,264330.29591012,True,False,False,False,consumer_pod0_proc0_20250628_233756_704719.csv
3042951,synthetic_1,95,1750889551.0224133,1751153876.7006683,264325.6782550812,1751153879.7645235,3.0638554096221924,1751153881.317893,264330.2954797745,True,False,False,False,consumer_pod0_proc0_20250628_233756_704719.csv
3042961,synthetic_1,97,1750889551.022679,1751153876.700675,264325.6779959202,1751153879.7645235,3.063848733901977,1751153881.317893,264330.29521393776,True,False,False,False,consumer_pod0_proc0_20250628_233756_704719.csv
3042971,synthetic_1,94,1750889551.022991,1751153876.700682,264325.6776909828,1751153879.7645235,3.063841819763184,1751153881.317893,264330.29490208626,True,False,False,False,consumer_pod0_proc0_20250628_233756_704719.csv
3042981,synthetic_1,91,1750889551.0232248,1751153876.7006884,264325.6774635315,1751153879.7645235,3.063835382461548,1751153881.317893,264330.29466819763,True,False,False,False,consumer_pod0_proc0_20250628_233756_704719.csv
3042991,synthetic_1,91,1750889551.0235765,1751153876.7006953,264325.67711901665,1751153879.7645235,3.063828468322754,1751153881.317893,264330.2943165302,True,False,False,False,consumer_pod0_proc0_20250628_233756_704719.csv
3043001,synthetic_1,90,1750889551.0237887,1751153876.700702,264325.6769132614,1751153879.7645235,3.063821792602539,1751153881.317893,264330.2941043377,True,False,False,False,consumer_pod0_proc0_20250628_233756_704719.csv
3043011,synthetic_1,97,1750889551.0240064,1751153876.7007089,264325.6767024994,1751153879.7645235,3.063814878463745,1751153881.317893,264330.29388666153,True,False,False,False,consumer_pod0_proc0_20250628_233756_704719.csv
3043021,synthetic_1,97,1750889551.0241575,1751153876.7007165,264325.676558733,1751153879.7645235,3.063807249069214,1751153881.317893,264330.29373550415,True,False,False,False,consumer_pod0_proc0_20250628_233756_704719.csv
3043031,synthetic_1,97,1750889551.024305,1751153876.700724,264325.6764187813,1751153879.7645235,3.0637998580932617,1751153881.317893,264330.29358792305,True,False,False,False,consumer_pod0_proc0_20250628_233756_704719.csv
3043041,synthetic_1,90,1750889551.0244567,1751153876.7007308,264325.6762740612,1751153879.7645235,3.063792943954468,1751153881.317893,264330.29343628883,True,False,False,False,consumer_pod0_proc0_20250628_233756_704719.csv
3043051,synthetic_1,97,1750889551.0246468,1751153876.7007377,264325.6760907173,1751153879.7645235,3.063786029815674,1751153881.317893,264330.2932462692,True,False,False,False,consumer_pod0_proc0_20250628_233756_704719.csv
3043061,synthetic_1,83,1750889551.0248551,1751153876.7007444,264325.6758892536,1751153879.7645235,3.063779354095459,1751153881.317893,264330.2930378914,True,False,False,False,consumer_pod0_proc0_20250628_233756_704719.csv
3043071,synthetic_1,98,1750889551.0250244,1751153876.7007575,264325.67573308945,1751153879.7645235,3.0637662410736084,1751153881.317893,264330.2928686142,True,False,False,False,consumer_pod0_proc0_20250628_233756_704719.csv
3043081,synthetic_1,105,1750889551.0252368,1751153876.7007706,264325.6755337715,1751153879.7645235,3.063753128051758,1751153881.317893,264330.29265618324,True,False,False,False,consumer_pod0_proc0_20250628_233756_704719.csv
3043091,synthetic_1,104,1750889551.0253968,1751153876.700778,264325.6753811836,1751153879.7645235,3.0637457370758057,1751153881.317893,264330.2924962044,True,False,False,False,consumer_pod0_proc0_20250628_233756_704719.csv
3043101,synthetic_1,84,1750889551.0255432,1751153876.7007852,264325.6752419472,1751153879.7645235,3.0637385845184326,1751153881.317893,264330.29234981537,True,False,False,False,consumer_pod0_proc0_20250628_233756_704719.csv
3043111,synthetic_1,104,1750889551.0256977,1751153876.7007916,264325.67509412766,1751153879.7645235,3.063732147216797,1751153881.317893,264330.29219532013,True,False,False,False,consumer_pod0_proc0_20250628_233756_704719.csv
3043121,synthetic_1,104,1750889551.0258574,1751153876.7007985,264325.6749410629,1751153879.7645235,3.063725233078003,1751153881.317893,264330.2920355797,True,False,False,False,consumer_pod0_proc0_20250628_233756_704719.csv
3043131,synthetic_1,82,1750889551.0260644,1751153876.7008057,264325.67474126816,1751153879.7645235,3.06371808052063,1751153881.317893,264330.29182863235,True,False,False,False,consumer_pod0_proc0_20250628_233756_704719.csv
3043141,synthetic_1,84,1750889551.0262363,1751153876.700812,264325.6745753288,1751153879.7645235,3.063711643218994,1751153881.317893,264330.29165673256,True,False,False,False,consumer_pod0_proc0_20250628_233756_704719.csv
3043151,synthetic_1,91,1750889551.0263908,1751153876.700818,264325.6744272709,1751153879.7645235,3.0637056827545166,1751153881.317893,264330.2915022373,True,False,False,False,consumer_pod0_proc0_20250628_233756_704719.csv
3043161,synthetic_1,82,1750889551.0265508,1751153876.700825,264325.67427420616,1751153879.7645235,3.0636987686157227,1751153881.317893,264330.29134225845,True,False,False,False,consumer_pod0_proc0_20250628_233756_704719.csv
3043171,synthetic_1,91,1750889551.0266984,1751153876.7008317,264325.6741333008,1751153879.7645235,3.063692092895508,1751153881.317893,264330.29119467735,True,False,False,False,consumer_pod0_proc0_20250628_233756_704719.csv
3043181,synthetic_1,96,1750889551.0268571,1751153876.7008383,264325.6739811897,1751153879.7645235,3.063685417175293,1751153881.317893,264330.2910358906,True,False,False,False,consumer_pod0_proc0_20250628_233756_704719.csv
3043191,synthetic_1,82,1750889551.0270095,1751153876.7008452,264325.673835516,1751153879.7645235,3.063678503036499,1751153881.317893,264330.2908835411,True,False,False,False,consumer_pod0_proc0_20250628_233756_704719.csv
3043201,synthetic_1,105,1750889551.0271575,1751153876.700858,264325.67370057106,1751153879.7645235,3.0636656284332275,1751153881.317893,264330.29073548317,True,False,False,False,consumer_pod0_proc0_20250628_233756_704719.csv
3043211,synthetic_1,104,1750889551.027353,1751153876.700865,264325.673511982,1751153879.7645235,3.0636587142944336,1751153881.317893,264330.29053997993,True,False,False,False,consumer_pod0_proc0_20250628_233756_704719.csv
3043221,synthetic_1,89,1750889551.0275257,1751153876.7008724,264325.6733467579,1751153879.7645235,3.063651323318481,1751153881.317893,264330.2903673649,True,False,False,False,consumer_pod0_proc0_20250628_233756_704719.csv
3043231,synthetic_1,83,1750889551.0276706,1751153876.700879,264325.67320871353,1751153879.7645235,3.0636446475982666,1751153881.317893,264330.2902224064,True,False,False,False,consumer_pod0_proc0_20250628_233756_704719.csv
3043241,synthetic_1,89,1750889551.0278268,1751153876.7008862,264325.6730594635,1751153879.7645235,3.0636374950408936,1751153881.317893,264330.2900662422,True,False,False,False,consumer_pod0_proc0_20250628_233756_704719.csv
3043251,synthetic_1,91,1750889551.0279727,1751153876.7008932,264325.67292046547,1751153879.7645235,3.0636305809021,1751153881.317893,264330.28992033005,True,False,False,False,consumer_pod0_proc0_20250628_233756_704719.csv
3043261,synthetic_1,80,1750889551.028121,1751153876.7008998,264325.67277884483,1751153879.7645235,3.0636239051818848,1751153881.317893,264330.2897720337,True,False,False,False,consumer_pod0_proc0_20250628_233756_704719.csv
3043271,synthetic_1,104,1750889551.0282726,1751153876.7009068,264325.6726341248,1751153879.7645235,3.063616991043091,1751153881.317893,264330.2896203995,True,False,False,False,consumer_pod0_proc0_20250628_233756_704719.csv
3043281,synthetic_1,83,1750889551.0284183,1751153876.7009137,264325.67249536514,1751153879.7645235,3.063610076904297,1751153881.317893,264330.2894747257,True,False,False,False,consumer_pod0_proc0_20250628_233756_704719.csv
3043291,synthetic_1,90,1750889551.1182184,1751153876.700927,264325.5827085972,1751153879.7645235,3.063596725463867,1751153881.317893,264330.1996746063,True,False,False,False,consumer_pod0_proc0_20250628_233756_704719.csv
3043301,synthetic_1,98,1750889551.1184618,1751153876.7009342,264325.5824723244,1751153879.7645235,3.063589572906494,1751153881.317893,264330.19943118095,True,False,False,False,consumer_pod0_proc0_20250628_233756_704719.csv
3043311,synthetic_1,90,1750889551.1186604,1751153876.700941,264325.58228087425,1751153879.7645235,3.0635826587677,1751153881.317893,264330.1992325783,True,False,False,False,consumer_pod0_proc0_20250628_233756_704719.csv
3043321,synthetic_1,91,1750889551.1188643,1751153876.7009544,264325.58208990097,1751153879.7645235,3.0635693073272705,1751153881.317893,264330.1990287304,True,False,False,False,consumer_pod0_proc0_20250628_233756_704719.csv
3043331,synthetic_1,97,1750889551.119136,1751153876.700961,264325.58182525635,1751153879.7645235,3.063562631607056,1751153881.317893,264330.1987569332,True,False,False,False,consumer_pod0_proc0_20250628_233756_704719.csv
3043341,synthetic_1,90,1750889551.1193812,1751153876.700968,264325.58158683777,1751153879.7645235,3.0635557174682617,1751153881.317893,264330.1985118389,True,False,False,False,consumer_pod0_proc0_20250628_233756_704719.csv
3043351,synthetic_1,83,1750889551.1195853,1751153876.7009742,264325.58138895035,1751153879.7645235,3.063549518585205,1751153881.317893,264330.1983077526,True,False,False,False,consumer_pod0_proc0_20250628_233756_704719.csv
3043361,synthetic_1,104,1750889551.119853,1751153876.7009804,264325.5811274052,1751153879.7645235,3.0635433197021484,1751153881.317893,264330.19804000854,True,False,False,False,consumer_pod0_proc0_20250628_233756_704719.csv
3043371,synthetic_1,91,1750889551.1200652,1751153876.700987,264325.5809221268,1751153879.7645235,3.0635366439819336,1751153881.317893,264330.197827816,True,False,False,False,consumer_pod0_proc0_20250628_233756_704719.csv
3043381,synthetic_1,98,1750889551.1202948,1751153876.700994,264325.5806992054,1751153879.7645235,3.06352972984314,1751153881.317893,264330.1975982189,True,False,False,False,consumer_pod0_proc0_20250628_233756_704719.csv
3043391,synthetic_1,89,1750889551.1205878,1751153876.701001,264325.5804131031,1751153879.7645235,3.0635228157043457,1751153881.317893,264330.1973052025,True,False,False,False,consumer_pod0_proc0_20250628_233756_704719.csv
3043401,synthetic_1,88,1750889551.1208012,1751153876.7010076,264325.5802063942,1751153879.7645235,3.063516139984131,1751153881.317893,264330.19709181786,True,False,False,False,consumer_pod0_proc0_20250628_233756_704719.csv
3043411,synthetic_1,90,1750889551.1211843,1751153876.7010138,264325.5798294544,1751153879.7645235,3.063509941101074,1751153881.317893,264330.1967086792,True,False,False,False,consumer_pod0_proc0_20250628_233756_704719.csv
3043421,synthetic_1,94,1750889551.1214838,1751153876.7010205,264325.5795366764,1751153879.7645235,3.06350326538086,1751153881.317893,264330.19640922546,True,False,False,False,consumer_pod0_proc0_20250628_233756_704719.csv
3043431,synthetic_1,98,1750889551.121739,1751153876.7010272,264325.57928848267,1751153879.7645235,3.0634965896606445,1751153881.317893,264330.1961541176,True,False,False,False,consumer_pod0_proc0_20250628_233756_704719.csv
3043441,synthetic_1,97,1750889551.122012,1751153876.7010334,264325.57902145386,1751153879.7645235,3.063490390777588,1751153881.317893,264330.1958811283,True,False,False,False,consumer_pod0_proc0_20250628_233756_704719.csv
3043451,synthetic_1,105,1750889551.1222556,1751153876.7010465,264325.5787909031,1751153879.7645235,3.0634772777557373,1751153881.317893,264330.1956374645,True,False,False,False,consumer_pod0_proc0_20250628_233756_704719.csv
3043461,synthetic_1,89,1750889551.1224809,1751153876.7010536,264325.5785727501,1751153879.7645235,3.0634701251983643,1751153881.317893,264330.19541215897,True,False,False,False,consumer_pod0_proc0_20250628_233756_704719.csv
3043471,synthetic_1,84,1750889551.1227052,1751153876.7010603,264325.5783550739,1751153879.7645235,3.0634634494781494,1751153881.317893,264330.1951878071,True,False,False,False,consumer_pod0_proc0_20250628_233756_704719.csv
3043481,synthetic_1,84,1750889551.1228633,1751153876.701067,264325.57820367813,1751153879.7645235,3.0634567737579346,1751153881.317893,264330.19502973557,True,False,False,False,consumer_pod0_proc0_20250628_233756_704719.csv
3043491,synthetic_1,96,1750889551.123087,1751153876.7010734,264325.5779864788,1751153879.7645235,3.063450336456299,1751153881.317893,264330.19480609894,True,False,False,False,consumer_pod0_proc0_20250628_233756_704719.csv
3043501,synthetic_1,96,1750889551.123314,1751153876.7010803,264325.57776618004,1751153879.7645235,3.063443422317505,1751153881.317893,264330.19457912445,True,False,False,False,consumer_pod0_proc0_20250628_233756_704719.csv
3043511,synthetic_1,83,1750889551.1236613,1751153876.7010944,264325.5774331093,1751153879.7645235,3.063429355621338,1751153881.317893,264330.1942317486,True,False,False,False,consumer_pod0_proc0_20250628_233756_704719.csv
3043521,synthetic_1,90,1750889551.1243389,1751153876.701101,264325.5767621994,1751153879.7645235,3.063422679901123,1751153881.317893,264330.193554163,True,False,False,False,consumer_pod0_proc0_20250628_233756_704719.csv
3043531,synthetic_1,84,1750889551.2205863,1751153876.7011073,264325.48052072525,1751153879.7645235,3.0634164810180664,1751153881.317893,264330.09730672836,True,False,False,False,consumer_pod0_proc0_20250628_233756_704719.csv
2910401,synthetic_1,84,1750889551.622305,1751153876.7011137,264325.0788090229,1751153879.7645235,3.0634100437164307,1751153881.317893,264329.6955881119,True,True,False,False,consumer_pod0_proc0_20250628_233756_704719.csv
2910411,synthetic_1,97,1750889551.6224608,1751153876.7011206,264325.0786597729,1751153879.7645235,3.0634031295776367,1751153881.317893,264329.6954321861,True,False,False,False,consumer_pod0_proc0_20250628_233756_704719.csv
2910421,synthetic_1,97,1750889551.6226487,1751153876.701127,264325.07847833633,1751153879.7645235,3.063396692276001,1751153881.317893,264329.6952443123,True,False,False,False,consumer_pod0_proc0_20250628_233756_704719.csv
2910431,synthetic_1,90,1750889551.6228368,1751153876.701134,264325.0782971382,1751153879.7645235,3.063389778137207,1751153881.317893,264329.6950562,True,False,False,False,consumer_pod0_proc0_20250628_233756_704719.csv
2910441,synthetic_1,103,1750889551.6230078,1751153876.7011492,264325.0781414509,1751153879.7645235,3.0633745193481445,1751153881.317893,264329.6948852539,True,False,False,False,consumer_pod0_proc0_20250628_233756_704719.csv
2910451,synthetic_1,104,1750889551.6231582,1751153876.7011564,264325.0779981613,1751153879.7645235,3.0633673667907715,1751153881.317893,264329.6947348118,True,False,False,False,consumer_pod0_proc0_20250628_233756_704719.csv
2910461,synthetic_1,102,1750889551.623347,1751153876.7011633,264325.07781624794,1751153879.7645235,3.063360452651977,1751153881.317893,264329.69454598427,True,False,False,False,consumer_pod0_proc0_20250628_233756_704719.csv
2910471,synthetic_1,89,1750889551.6235664,1751153876.7011702,264325.077603817,1751153879.7645235,3.063353538513184,1751153881.317893,264329.6943266392,True,False,False,False,consumer_pod0_proc0_20250628_233756_704719.csv
2910481,synthetic_1,91,1750889551.6238158,1751153876.701177,264325.0773611069,1751153879.7645235,3.0633468627929688,1751153881.317893,264329.69407725334,True,False,False,False,consumer_pod0_proc0_20250628_233756_704719.csv
2910491,synthetic_1,97,1750889551.6240814,1751153876.7011838,264325.0771024227,1751153879.7645235,3.063339948654175,1751153881.317893,264329.69381165504,True,False,False,False,consumer_pod0_proc0_20250628_233756_704719.csv
2910501,synthetic_1,84,1750889551.624334,1751153876.701191,264325.07685709,1751153879.7645235,3.0633327960968018,1751153881.317893,264329.69355893135,True,False,False,False,consumer_pod0_proc0_20250628_233756_704719.csv
2910511,synthetic_1,103,1750889551.624568,1751153876.701198,264325.0766301155,1751153879.7645235,3.0633256435394287,1751153881.317893,264329.6933250427,True,False,False,False,consumer_pod0_proc0_20250628_233756_704719.csv
2910521,synthetic_1,104,1750889551.6247838,1751153876.7012053,264325.07642149925,1751153879.7645235,3.063318490982056,1751153881.317893,264329.6931092739,True,False,False,False,consumer_pod0_proc0_20250628_233756_704719.csv
2910531,synthetic_1,103,1750889551.62497,1751153876.7012131,264325.07624316216,1751153879.7645235,3.0633106231689453,1751153881.317893,264329.692923069,True,False,False,False,consumer_pod0_proc0_20250628_233756_704719.csv
2910541,synthetic_1,102,1750889551.625143,1751153876.7012198,264325.076076746,1751153879.7645235,3.0633039474487305,1751153881.317893,264329.6927499771,True,False,False,False,consumer_pod0_proc0_20250628_233756_704719.csv
2910551,synthetic_1,83,1750889551.625325,1751153876.7012272,264325.0759022236,1751153879.7645235,3.0632965564727783,1751153881.317893,264329.69256806374,True,False,False,False,consumer_pod0_proc0_20250628_233756_704719.csv
2910561,synthetic_1,105,1750889551.6254926,1751153876.7012336,264325.0757410526,1751153879.7645235,3.0632901191711426,1751153881.317893,264329.6924004555,True,False,False,False,consumer_pod0_proc0_20250628_233756_704719.csv
2910571,synthetic_1,97,1750889551.6256926,1751153876.7012472,264325.0755546093,1751153879.7645235,3.063276529312134,1751153881.317893,264329.6922004223,True,False,False,False,consumer_pod0_proc0_20250628_233756_704719.csv
2910581,synthetic_1,84,1750889551.6259077,1751153876.701261,264325.075353384,1751153879.7645235,3.063262701034546,1751153881.317893,264329.6919853687,True,False,False,False,consumer_pod0_proc0_20250628_233756_704719.csv
2910591,synthetic_1,97,1750889551.6261108,1751153876.7012675,264325.0751569271,1751153879.7645235,3.06325626373291,1751153881.317893,264329.6917822361,True,False,False,False,consumer_pod0_proc0_20250628_233756_704719.csv
2910601,synthetic_1,82,1750889551.626311,1751153876.7012746,264325.07496356964,1751153879.7645235,3.063249111175537,1751153881.317893,264329.6915819645,True,False,False,False,consumer_pod0_proc0_20250628_233756_704719.csv
2910611,synthetic_1,97,1750889551.626513,1751153876.7012825,264325.0747692585,1751153879.7645235,3.0632412433624268,1751153881.317893,264329.69138002396,True,False,False,False,consumer_pod0_proc0_20250628_233756_704719.csv
2910621,synthetic_1,105,1750889551.6267283,1751153876.701291,264325.0745625496,1751153879.7645235,3.063232660293579,1751153881.317893,264329.691164732,True,False,False,False,consumer_pod0_proc0_20250628_233756_704719.csv
2910631,synthetic_1,90,1750889551.626948,1751153876.701301,264325.07435297966,1751153879.7645235,3.063222646713257,1751153881.317893,264329.69094491005,True,False,False,False,consumer_pod0_proc0_20250628_233756_704719.csv
2910641,synthetic_1,104,1750889551.6271422,1751153876.7013102,264325.07416796684,1751153879.7645235,3.063213586807251,1751153881.317893,264329.6907508373,True,False,False,False,consumer_pod0_proc0_20250628_233756_704719.csv
2910651,synthetic_1,90,1750889551.6273646,1751153876.7013187,264325.0739541054,1751153879.7645235,3.0632050037384038,1751153881.317893,264329.6905283928,True,False,False,False,consumer_pod0_proc0_20250628_233756_704719.csv
2910661,synthetic_1,104,1750889551.6275887,1751153876.7013257,264325.07373690605,1751153879.7645235,3.0631980895996094,1751153881.317893,264329.6903042793,True,False,False,False,consumer_pod0_proc0_20250628_233756_704719.csv
2910671,synthetic_1,88,1750889551.627758,1751153876.7013323,264325.0735743046,1751153879.7645235,3.0631914138793945,1751153881.317893,264329.69013500214,True,False,False,False,consumer_pod0_proc0_20250628_233756_704719.csv
2910681,synthetic_1,105,1750889551.6279418,1751153876.7013383,264325.07339668274,1751153879.7645235,3.063185453414917,1751153881.317893,264329.6899511814,True,False,False,False,consumer_pod0_proc0_20250628_233756_704719.csv
2910691,synthetic_1,91,1750889551.6281092,1751153876.7013452,264325.0732359886,1751153879.7645235,3.063178539276123,1751153881.317893,264329.68978381157,True,False,False,False,consumer_pod0_proc0_20250628_233756_704719.csv
2910701,synthetic_1,90,1750889551.628287,1751153876.701359,264325.07307195663,1751153879.7645235,3.063164710998535,1751153881.317893,264329.6896059513,True,False,False,False,consumer_pod0_proc0_20250628_233756_704719.csv
2910711,synthetic_1,95,1750889551.716565,1751153876.7013657,264324.984801054,1751153879.7645235,3.0631580352783203,1751153881.317893,264329.60132813454,True,False,False,False,consumer_pod0_proc0_20250628_233756_704719.csv
2910721,synthetic_1,95,1750889551.72041,1751153876.7013726,264324.9809625149,1751153879.7645235,3.0631511211395264,1751153881.317893,264329.5974829197,True,False,False,False,consumer_pod0_proc0_20250628_233756_704719.csv
2910731,synthetic_1,84,1750889551.7206912,1751153876.7013793,264324.9806880951,1751153879.7645235,3.0631444454193115,1751153881.317893,264329.5972018242,True,False,False,False,consumer_pod0_proc0_20250628_233756_704719.csv
2910741,synthetic_1,103,1750889551.720933,1751153876.7013855,264324.98045253754,1751153879.7645235,3.063138246536255,1751153881.317893,264329.59696006775,True,False,False,False,consumer_pod0_proc0_20250628_233756_704719.csv
2910751,synthetic_1,88,1750889551.7211974,1751153876.701392,264324.98019456863,1751153879.7645235,3.063131809234619,1751153881.317893,264329.59669566154,True,False,False,False,consumer_pod0_proc0_20250628_233756_704719.csv
2910761,synthetic_1,97,1750889551.7214432,1751153876.7013988,264324.9799556732,1751153879.7645235,3.063124895095825,1751153881.317893,264329.596449852,True,False,False,False,consumer_pod0_proc0_20250628_233756_704719.csv
2910771,synthetic_1,91,1750889551.7217114,1751153876.7014058,264324.97969436646,1751153879.7645235,3.0631179809570312,1751153881.317893,264329.5961816311,True,False,False,False,consumer_pod0_proc0_20250628_233756_704719.csv
2910781,synthetic_1,104,1750889551.7219474,1751153876.7014122,264324.97946476936,1751153879.7645235,3.0631115436553955,1751153881.317893,264329.5959455967,True,False,False,False,consumer_pod0_proc0_20250628_233756_704719.csv
2910791,synthetic_1,91,1750889551.7222297,1751153876.7014256,264324.9791958332,1751153879.7645235,3.063098192214966,1751153881.317893,264329.5956633091,True,False,False,False,consumer_pod0_proc0_20250628_233756_704719.csv
2910801,synthetic_1,89,1750889551.722419,1751153876.701433,264324.97901391983,1751153879.7645235,3.0630908012390137,1751153881.317893,264329.59547400475,True,False,False,False,consumer_pod0_proc0_20250628_233756_704719.csv
2910811,synthetic_1,89,1750889551.7226408,1751153876.7014391,264324.97879838943,1751153879.7645235,3.063084602355957,1751153881.317893,264329.59525227547,True,False,False,False,consumer_pod0_proc0_20250628_233756_704719.csv
2910821,synthetic_1,91,1750889551.7229817,1751153876.7014515,264324.97847008705,1751153879.7645235,3.063072204589844,1751153881.317893,264329.5949113369,True,False,False,False,consumer_pod0_proc0_20250628_233756_704719.csv
2910831,synthetic_1,90,1750889551.723176,1751153876.7014587,264324.97828269005,1751153879.7645235,3.0630650520324707,1751153881.317893,264329.59471702576,True,False,False,False,consumer_pod0_proc0_20250628_233756_704719.csv
2910841,synthetic_1,89,1750889551.7233486,1751153876.701465,264324.97811603546,1751153879.7645235,3.063058853149414,1751153881.317893,264329.5945444107,True,False,False,False,consumer_pod0_proc0_20250628_233756_704719.csv
2910851,synthetic_1,89,1750889551.723562,1751153876.701471,264324.9779093265,1751153879.7645235,3.0630526542663574,1751153881.317893,264329.5943310261,True,False,False,False,consumer_pod0_proc0_20250628_233756_704719.csv
2910861,synthetic_1,104,1750889551.7237446,1751153876.7014773,264324.9777326584,1751153879.7645235,3.063046455383301,1751153881.317893,264329.59414839745,True,False,False,False,consumer_pod0_proc0_20250628_233756_704719.csv
2910871,synthetic_1,98,1750889551.7239304,1751153876.701484,264324.97755360603,1751153879.7645235,3.063039779663086,1751153881.317893,264329.5939626694,True,False,False,False,consumer_pod0_proc0_20250628_233756_704719.csv
2910881,synthetic_1,97,1750889551.7241282,1751153876.7014902,264324.9773619175,1751153879.7645235,3.0630335807800293,1751153881.317893,264329.59376478195,True,False,False,False,consumer_pod0_proc0_20250628_233756_704719.csv
2910891,synthetic_1,102,1750889551.7243116,1751153876.701497,264324.97718548775,1751153879.7645235,3.063026666641236,1751153881.317893,264329.59358143806,True,False,False,False,consumer_pod0_proc0_20250628_233756_704719.csv
2910901,synthetic_1,96,1750889551.818741,1751153876.7015035,264324.8827624321,1751153879.7645235,3.0630202293396,1751153881.317893,264329.4991519451,True,False,False,False,consumer_pod0_proc0_20250628_233756_704719.csv
2910911,synthetic_1,98,1750889551.8192182,1751153876.70151,264324.8822917938,1751153879.7645235,3.063013792037964,1751153881.317893,264329.49867486954,True,False,False,False,consumer_pod0_proc0_20250628_233756_704719.csv
2910921,synthetic_1,83,1750889551.8196144,1751153876.7015164,264324.88190197945,1751153879.7645235,3.063007354736328,1751153881.317893,264329.49827861786,True,False,False,False,consumer_pod0_proc0_20250628_233756_704719.csv
2910931,synthetic_1,84,1750889551.8199866,1751153876.7015224,264324.8815357685,1751153879.7645235,3.0630013942718506,1751153881.317893,264329.49790644646,True,False,False,False,consumer_pod0_proc0_20250628_233756_704719.csv
2910941,synthetic_1,80,1750889551.8203592,1751153876.7015288,264324.8811695576,1751153879.7645235,3.062994956970215,1751153881.317893,264329.4975337982,True,False,False,False,consumer_pod0_proc0_20250628_233756_704719.csv
2910951,synthetic_1,83,1750889551.8208823,1751153876.7015414,264324.8806591034,1751153879.7645235,3.0629823207855225,1751153881.317893,264329.49701070786,True,False,False,False,consumer_pod0_proc0_20250628_233756_704719.csv
2910961,synthetic_1,98,1750889551.8213468,1751153876.701548,264324.8802011013,1751153879.7645235,3.062975645065308,1751153881.317893,264329.49654626846,True,False,False,False,consumer_pod0_proc0_20250628_233756_704719.csv
2910971,synthetic_1,89,1750889551.8216662,1751153876.7015543,264324.8798882961,1751153879.7645235,3.062969446182251,1751153881.317893,264329.49622678757,True,False,False,False,consumer_pod0_proc0_20250628_233756_704719.csv
2910981,synthetic_1,104,1750889551.8218503,1751153876.701561,264324.87971043587,1751153879.7645235,3.062962770462036,1751153881.317893,264329.4960427284,True,False,False,False,consumer_pod0_proc0_20250628_233756_704719.csv
2910991,synthetic_1,84,1750889551.8220568,1751153876.7015672,264324.8795104027,1751153879.7645235,3.0629565715789795,1751153881.317893,264329.49583625793,True,False,False,False,consumer_pod0_proc0_20250628_233756_704719.csv
2911001,synthetic_1,90,1750889551.8222802,1751153876.7015734,264324.8792932033,1751153879.7645235,3.062950372695923,1751153881.317893,264329.4956128597,True,False,False,False,consumer_pod0_proc0_20250628_233756_704719.csv
2911401,synthetic_1,91,1750889552.0224755,1751153876.7015858,264324.6791102886,1751153879.7645235,3.0629379749298096,1751153881.317893,264329.2954175472,True,False,False,False,consumer_pod0_proc0_20250628_233756_704719.csv
2911411,synthetic_1,97,1750889552.0228226,1751153876.7015922,264324.67876958847,1751153879.7645235,3.062931537628174,1751153881.317893,264329.2950704098,True,False,False,False,consumer_pod0_proc0_20250628_233756_704719.csv
2911421,synthetic_1,104,1750889552.0231345,1751153876.7015991,264324.6784646511,1751153879.7645235,3.06292462348938,1751153881.317893,264329.2947585583,True,False,False,False,consumer_pod0_proc0_20250628_233756_704719.csv
2911431,synthetic_1,91,1750889552.0234509,1751153876.7016058,264324.6781549454,1751153879.7645235,3.062917947769165,1751153881.317893,264329.2944421768,True,False,False,False,consumer_pod0_proc0_20250628_233756_704719.csv
2911441,synthetic_1,88,1750889552.0238,1751153876.7016122,264324.6778123379,1751153879.7645235,3.0629115104675293,1751153881.317893,264329.294093132,True,False,False,False,consumer_pod0_proc0_20250628_233756_704719.csv
2911451,synthetic_1,90,1750889552.024128,1751153876.7016184,264324.6774904728,1751153879.7645235,3.0629053115844727,1751153881.317893,264329.29376506805,True,False,False,False,consumer_pod0_proc0_20250628_233756_704719.csv
2911461,synthetic_1,97,1750889552.0244467,1751153876.7016249,264324.67717814445,1751153879.7645235,3.062898874282837,1751153881.317893,264329.2934463024,True,False,False,False,consumer_pod0_proc0_20250628_233756_704719.csv
2911471,synthetic_1,82,1750889552.024774,1751153876.701637,264324.6768629551,1751153879.7645235,3.0628867149353027,1751153881.317893,264329.2931189537,True,False,False,False,consumer_pod0_proc0_20250628_233756_704719.csv
2911481,synthetic_1,89,1750889552.025033,1751153876.7016437,264324.67661070824,1751153879.7645235,3.062880039215088,1751153881.317893,264329.2928600311,True,False,False,False,consumer_pod0_proc0_20250628_233756_704719.csv
2911491,synthetic_1,84,1750889552.0252562,1751153876.70165,264324.67639398575,1751153879.7645235,3.0628738403320312,1751153881.317893,264329.29263687134,True,False,False,False,consumer_pod0_proc0_20250628_233756_704719.csv
2911501,synthetic_1,83,1750889552.0255094,1751153876.7016563,264324.6761469841,1751153879.7645235,3.0628674030303955,1751153881.317893,264329.2923836708,True,False,False,False,consumer_pod0_proc0_20250628_233756_704719.csv
2911511,synthetic_1,98,1750889552.0257423,1751153876.7016623,264324.6759200096,1751153879.7645235,3.062861442565918,1751153881.317893,264329.29215073586,True,False,False,False,consumer_pod0_proc0_20250628_233756_704719.csv
2911521,synthetic_1,91,1750889552.0259628,1751153876.7016697,264324.675706625,1751153879.7645235,3.062854051589966,1751153881.317893,264329.29193019867,True,False,False,False,consumer_pod0_proc0_20250628_233756_704719.csv
2911531,synthetic_1,83,1750889552.0261846,1751153876.701676,264324.675491333,1751153879.7645235,3.062847852706909,1751153881.317893,264329.2917084694,True,False,False,False,consumer_pod0_proc0_20250628_233756_704719.csv
2911541,synthetic_1,84,1750889552.0264068,1751153876.701682,264324.6752753258,1751153879.7645235,3.0628416538238525,1751153881.317893,264329.2914862633,True,False,False,False,consumer_pod0_proc0_20250628_233756_704719.csv
2911551,synthetic_1,97,1750889552.026636,1751153876.701689,264324.67505288124,1751153879.7645235,3.0628347396850586,1751153881.317893,264329.291257143,True,False,False,False,consumer_pod0_proc0_20250628_233756_704719.csv
2911561,synthetic_1,91,1750889552.0268755,1751153876.7016964,264324.6748209,1751153879.7645235,3.0628273487091064,1751153881.317893,264329.29101753235,True,False,False,False,consumer_pod0_proc0_20250628_233756_704719.csv
2911571,synthetic_1,98,1750889552.0271027,1751153876.7017033,264324.6746006012,1751153879.7645235,3.0628204345703125,1751153881.317893,264329.29079031944,True,False,False,False,consumer_pod0_proc0_20250628_233756_704719.csv
2911581,synthetic_1,104,1750889552.0273376,1751153876.70171,264324.6743724346,1751153879.7645235,3.0628137588500977,1751153881.317893,264329.29055547714,True,False,False,False,consumer_pod0_proc0_20250628_233756_704719.csv
2911591,synthetic_1,89,1750889552.0275753,1751153876.701717,264324.67414164543,1751153879.7645235,3.062806844711304,1751153881.317893,264329.2903177738,True,False,False,False,consumer_pod0_proc0_20250628_233756_704719.csv
2911601,synthetic_1,82,1750889552.027812,1751153876.7017305,264324.6739182472,1751153879.7645235,3.062793254852295,1751153881.317893,264329.29008102417,True,False,False,False,consumer_pod0_proc0_20250628_233756_704719.csv
2911611,synthetic_1,95,1750889552.028046,1751153876.701743,264324.6736967564,1751153879.7645235,3.0627808570861816,1751153881.317893,264329.28984713554,True,False,False,False,consumer_pod0_proc0_20250628_233756_704719.csv
2911621,synthetic_1,90,1750889552.0282798,1751153876.70175,264324.6734702587,1751153879.7645235,3.0627737045288086,1751153881.317893,264329.2896132469,True,False,False,False,consumer_pod0_proc0_20250628_233756_704719.csv
2911631,synthetic_1,104,1750889552.1178253,1751153876.7017567,264324.5839314461,1751153879.7645235,3.0627670288085938,1751153881.317893,264329.20006775856,True,False,False,False,consumer_pod0_proc0_20250628_233756_704719.csv
2911641,synthetic_1,103,1750889552.118683,1751153876.7017636,264324.58308029175,1751153879.7645235,3.0627601146698,1751153881.317893,264329.1992099285,True,False,False,False,consumer_pod0_proc0_20250628_233756_704719.csv
2911651,synthetic_1,91,1750889552.1191752,1751153876.7017703,264324.5825953484,1751153879.7645235,3.062753438949585,1751153881.317893,264329.19871783257,True,False,False,False,consumer_pod0_proc0_20250628_233756_704719.csv
2911661,synthetic_1,89,1750889552.119626,1751153876.7017772,264324.58215117455,1751153879.7645235,3.062746524810791,1751153881.317893,264329.19826698303,True,False,False,False,consumer_pod0_proc0_20250628_233756_704719.csv
2911671,synthetic_1,96,1750889552.1203823,1751153876.7017837,264324.5814013481,1751153879.7645235,3.0627400875091557,1751153881.317893,264329.1975107193,True,False,False,False,consumer_pod0_proc0_20250628_233756_704719.csv
2911681,synthetic_1,97,1750889552.1208515,1751153876.70179,264324.58093857765,1751153879.7645235,3.0627336502075195,1751153881.317893,264329.19704151154,True,False,False,False,consumer_pod0_proc0_20250628_233756_704719.csv
2911691,synthetic_1,95,1750889552.1211836,1751153876.7017975,264324.58061385155,1751153879.7645235,3.0627262592315674,1751153881.317893,264329.19670939445,True,False,False,False,consumer_pod0_proc0_20250628_233756_704719.csv
2911701,synthetic_1,90,1750889552.1218312,1751153876.7018037,264324.5799725056,1751153879.7645235,3.0627200603485107,1751153881.317893,264329.1960618496,True,False,False,False,consumer_pod0_proc0_20250628_233756_704719.csv
2911711,synthetic_1,104,1750889552.122151,1751153876.70181,264324.579659462,1751153879.7645235,3.062713861465454,1751153881.317893,264329.1957421303,True,False,False,False,consumer_pod0_proc0_20250628_233756_704719.csv
2911721,synthetic_1,97,1750889552.1228724,1751153876.701817,264324.5789446831,1751153879.7645235,3.062706708908081,1751153881.317893,264329.19502067566,True,False,False,False,consumer_pod0_proc0_20250628_233756_704719.csv
2911731,synthetic_1,97,1750889552.123193,1751153876.7018402,264324.5786471367,1751153879.7645235,3.062683582305908,1751153881.317893,264329.19470000267,True,False,False,False,consumer_pod0_proc0_20250628_233756_704719.csv
2911741,synthetic_1,84,1750889552.123567,1751153876.7018473,264324.5782799721,1751153879.7645235,3.062676429748535,1751153881.317893,264329.1943259239,True,False,False,False,consumer_pod0_proc0_20250628_233756_704719.csv
2911751,synthetic_1,89,1750889552.1239364,1751153876.7018535,264324.577917099,1751153879.7645235,3.0626702308654785,1751153881.317893,264329.19395661354,True,False,False,False,consumer_pod0_proc0_20250628_233756_704719.csv
2911761,synthetic_1,83,1750889552.1242192,1751153876.70186,264324.57764077187,1751153879.7645235,3.0626637935638428,1751153881.317893,264329.1936738491,True,False,False,False,consumer_pod0_proc0_20250628_233756_704719.csv
2911771,synthetic_1,97,1750889552.124533,1751153876.7018664,264324.5773334503,1751153879.7645235,3.062657356262207,1751153881.317893,264329.19336009026,True,False,False,False,consumer_pod0_proc0_20250628_233756_704719.csv
2911781,synthetic_1,83,1750889552.1247635,1751153876.701873,264324.5771095753,1751153879.7645235,3.062650680541992,1751153881.317893,264329.1931295395,True,False,False,False,consumer_pod0_proc0_20250628_233756_704719.csv
2911791,synthetic_1,89,1750889552.1249683,1751153876.7018795,264324.5769109726,1751153879.7645235,3.0626442432403564,1751153881.317893,264329.19292473793,True,False,False,False,consumer_pod0_proc0_20250628_233756_704719.csv
2911801,synthetic_1,82,1750889552.1251895,1751153876.701886,264324.5766963959,1751153879.7645235,3.0626378059387207,1751153881.317893,264329.1927034855,True,False,False,False,consumer_pod0_proc0_20250628_233756_704719.csv
2911811,synthetic_1,104,1750889552.1254165,1751153876.7018924,264324.5764758587,1751153879.7645235,3.062631368637085,1751153881.317893,264329.192476511,True,False,False,False,consumer_pod0_proc0_20250628_233756_704719.csv
2911821,synthetic_1,89,1750889552.1256485,1751153876.7018995,264324.57625103,1751153879.7645235,3.062624216079712,1751153881.317893,264329.1922445297,True,False,False,False,consumer_pod0_proc0_20250628_233756_704719.csv
2911831,synthetic_1,87,1750889552.12587,1751153876.701913,264324.57604312897,1751153879.7645235,3.062610626220703,1751153881.317893,264329.19202303886,True,False,False,False,consumer_pod0_proc0_20250628_233756_704719.csv
2911841,synthetic_1,96,1750889552.1261106,1751153876.7019198,264324.57580924034,1751153879.7645235,3.0626039505004883,1751153881.317893,264329.1917824745,True,False,False,False,consumer_pod0_proc0_20250628_233756_704719.csv
2911851,synthetic_1,98,1750889552.1263409,1751153876.701933,264324.575592041,1751153879.7645235,3.0625908374786377,1751153881.317893,264329.19155216217,True,False,False,False,consumer_pod0_proc0_20250628_233756_704719.csv
2911861,synthetic_1,91,1750889552.1265662,1751153876.70194,264324.575373888,1751153879.7645235,3.0625836849212646,1751153881.317893,264329.1913268566,True,False,False,False,consumer_pod0_proc0_20250628_233756_704719.csv
2911871,synthetic_1,103,1750889552.126798,1751153876.7019465,264324.57514834404,1751153879.7645235,3.062577247619629,1751153881.317893,264329.19109511375,True,False,False,False,consumer_pod0_proc0_20250628_233756_704719.csv
2911881,synthetic_1,103,1750889552.1270268,1751153876.7019532,264324.57492637634,1751153879.7645235,3.062570571899414,1751153881.317893,264329.1908662319,True,False,False,False,consumer_pod0_proc0_20250628_233756_704719.csv
2911891,synthetic_1,84,1750889552.1272545,1751153876.7019598,264324.5747053623,1751153879.7645235,3.062563896179199,1751153881.317893,264329.1906385422,True,False,False,False,consumer_pod0_proc0_20250628_233756_704719.csv
2911901,synthetic_1,84,1750889552.1274862,1751153876.7019663,264324.5744800568,1751153879.7645235,3.0625574588775635,1751153881.317893,264329.1904067993,True,False,False,False,consumer_pod0_proc0_20250628_233756_704719.csv
2911911,synthetic_1,98,1750889552.1277068,1751153876.7019727,264324.5742659569,1751153879.7645235,3.062551021575928,1751153881.317893,264329.19018626213,True,False,False,False,consumer_pod0_proc0_20250628_233756_704719.csv
2911921,synthetic_1,96,1750889552.127937,1751153876.7019794,264324.57404232025,1751153879.7645235,3.062544345855713,1751153881.317893,264329.1899559498,True,False,False,False,consumer_pod0_proc0_20250628_233756_704719.csv
2911931,synthetic_1,92,1750889552.128158,1751153876.7019863,264324.5738284588,1751153879.7645235,3.062537431716919,1751153881.317893,264329.18973493576,True,False,False,False,consumer_pod0_proc0_20250628_233756_704719.csv
2911941,synthetic_1,83,1750889552.128408,1751153876.7019928,264324.573584795,1751153879.7645235,3.062530994415283,1751153881.317893,264329.1894850731,True,False,False,False,consumer_pod0_proc0_20250628_233756_704719.csv
2911951,synthetic_1,83,1750889552.221309,1751153876.701999,264324.48069000244,1751153879.7645235,3.0625247955322266,1751153881.317893,264329.09658408165,True,False,False,False,consumer_pod0_proc0_20250628_233756_704719.csv
2911961,synthetic_1,105,1750889552.2218435,1751153876.7020051,264324.48016166687,1751153879.7645235,3.06251859664917,1751153881.317893,264329.0960495472,True,False,False,False,consumer_pod0_proc0_20250628_233756_704719.csv
2911971,synthetic_1,90,1750889552.2224634,1751153876.7020118,264324.4795484543,1751153879.7645235,3.062511920928955,1751153881.317893,264329.0954296589,True,False,False,False,consumer_pod0_proc0_20250628_233756_704719.csv
3048171,synthetic_1,90,1750889552.6226015,1751153876.702024,264324.0794224739,1751153879.7645235,3.062499761581421,1751153881.317893,264328.69529151917,True,False,False,False,consumer_pod0_proc0_20250628_233756_704719.csv
3048181,synthetic_1,103,1750889552.622792,1751153876.702031,264324.0792386532,1751153879.7645235,3.062492847442627,1751153881.317893,264328.6951010227,True,False,False,False,consumer_pod0_proc0_20250628_233756_704719.csv
3048191,synthetic_1,90,1750889552.6229568,1751153876.7020383,264324.07908153534,1751153879.7645235,3.062485456466675,1751153881.317893,264328.6949362755,True,False,False,False,consumer_pod0_proc0_20250628_233756_704719.csv
3048201,synthetic_1,90,1750889552.623124,1751153876.7020452,264324.07892107964,1751153879.7645235,3.062478542327881,1751153881.317893,264328.69476914406,True,False,False,False,consumer_pod0_proc0_20250628_233756_704719.csv
3048211,synthetic_1,105,1750889552.623422,1751153876.702052,264324.0786299705,1751153879.7645235,3.062471628189087,1751153881.317893,264328.69447112083,True,False,False,False,consumer_pod0_proc0_20250628_233756_704719.csv
3048221,synthetic_1,101,1750889552.6235752,1751153876.702059,264324.07848382,1751153879.7645235,3.062464714050293,1751153881.317893,264328.6943178177,True,False,False,False,consumer_pod0_proc0_20250628_233756_704719.csv
3048231,synthetic_1,98,1750889552.623726,1751153876.7020755,264324.0783493519,1751153879.7645235,3.062448263168335,1751153881.317893,264328.69416713715,True,False,False,False,consumer_pod0_proc0_20250628_233756_704719.csv
3048241,synthetic_1,84,1750889552.6238716,1751153876.7020829,264324.0782113075,1751153879.7645235,3.062440872192383,1751153881.317893,264328.6940214634,True,False,False,False,consumer_pod0_proc0_20250628_233756_704719.csv
3048251,synthetic_1,104,1750889552.624026,1751153876.7020893,264324.0780632496,1751153879.7645235,3.062434434890747,1751153881.317893,264328.69386696815,True,False,False,False,consumer_pod0_proc0_20250628_233756_704719.csv
3048261,synthetic_1,90,1750889552.6241753,1751153876.7020962,264324.0779209137,1751153879.7645235,3.062427520751953,1751153881.317893,264328.6937177181,True,False,False,False,consumer_pod0_proc0_20250628_233756_704719.csv
3048271,synthetic_1,82,1750889552.624326,1751153876.702103,264324.0777769089,1751153879.7645235,3.0624208450317383,1751153881.317893,264328.6935670376,True,False,False,False,consumer_pod0_proc0_20250628_233756_704719.csv
3048281,synthetic_1,95,1750889552.6245005,1751153876.702109,264324.0776088238,1751153879.7645235,3.0624146461486816,1751153881.317893,264328.6933925152,True,False,False,False,consumer_pod0_proc0_20250628_233756_704719.csv
3048291,synthetic_1,90,1750889552.6246462,1751153876.7021158,264324.0774695873,1751153879.7645235,3.062407970428467,1751153881.317893,264328.69324684143,True,False,False,False,consumer_pod0_proc0_20250628_233756_704719.csv
3048301,synthetic_1,84,1750889552.6247947,1751153876.7021296,264324.0773348808,1751153879.7645235,3.062394142150879,1751153881.317893,264328.69309830666,True,False,False,False,consumer_pod0_proc0_20250628_233756_704719.csv
3048311,synthetic_1,97,1750889552.6249428,1751153876.7021365,264324.0771934986,1751153879.7645235,3.062387228012085,1751153881.317893,264328.6929502487,True,False,False,False,consumer_pod0_proc0_20250628_233756_704719.csv
3048321,synthetic_1,82,1750889552.6250892,1751153876.7021432,264324.07705402374,1751153879.7645235,3.06238055229187,1751153881.317893,264328.6928038597,True,False,False,False,consumer_pod0_proc0_20250628_233756_704719.csv
3048331,synthetic_1,84,1750889552.6252365,1751153876.7021496,264324.0769133568,1751153879.7645235,3.0623741149902344,1751153881.317893,264328.692656517,True,False,False,False,consumer_pod0_proc0_20250628_233756_704719.csv
3048341,synthetic_1,91,1750889552.6253858,1751153876.702156,264324.07677030563,1751153879.7645235,3.062367677688598,1751153881.317893,264328.692507267,True,False,False,False,consumer_pod0_proc0_20250628_233756_704719.csv
3048351,synthetic_1,90,1750889552.6255405,1751153876.7021632,264324.0766229629,1751153879.7645235,3.0623605251312256,1751153881.317893,264328.69235253334,True,False,False,False,consumer_pod0_proc0_20250628_233756_704719.csv
3048361,synthetic_1,82,1750889552.6256871,1751153876.7021704,264324.07648324966,1751153879.7645235,3.0623533725738525,1751153881.317893,264328.6922059059,True,False,False,False,consumer_pod0_proc0_20250628_233756_704719.csv
3048371,synthetic_1,103,1750889552.6258423,1751153876.7021773,264324.0763349533,1751153879.7645235,3.0623464584350586,1751153881.317893,264328.6920506954,True,False,False,False,consumer_pod0_proc0_20250628_233756_704719.csv
3048381,synthetic_1,79,1750889552.625987,1751153876.702185,264324.0761978626,1751153879.7645235,3.062338829040528,1751153881.317893,264328.69190597534,True,False,False,False,consumer_pod0_proc0_20250628_233756_704719.csv
3048391,synthetic_1,105,1750889552.6261406,1751153876.702192,264324.0760514736,1751153879.7645235,3.0623316764831543,1751153881.317893,264328.6917524338,True,False,False,False,consumer_pod0_proc0_20250628_233756_704719.csv
3048401,synthetic_1,84,1750889552.6262913,1751153876.7021997,264324.07590818405,1751153879.7645235,3.062324047088623,1751153881.317893,264328.69160175323,True,False,False,False,consumer_pod0_proc0_20250628_233756_704719.csv
3048411,synthetic_1,96,1750889552.6264422,1751153876.702206,264324.0757639408,1751153879.7645235,3.0623178482055664,1751153881.317893,264328.6914508343,True,False,False,False,consumer_pod0_proc0_20250628_233756_704719.csv
3048421,synthetic_1,97,1750889552.626594,1751153876.702213,264324.0756189823,1751153879.7645235,3.0623106956481934,1751153881.317893,264328.69129896164,True,False,False,False,consumer_pod0_proc0_20250628_233756_704719.csv
3048431,synthetic_1,89,1750889552.6267471,1751153876.702227,264324.0754799843,1751153879.7645235,3.0622966289520264,1751153881.317893,264328.6911458969,True,False,False,False,consumer_pod0_proc0_20250628_233756_704719.csv
3048441,synthetic_1,104,1750889552.6268978,1751153876.702234,264324.0753362179,1751153879.7645235,3.0622897148132324,1751153881.317893,264328.69099521637,True,False,False,False,consumer_pod0_proc0_20250628_233756_704719.csv
3048451,synthetic_1,88,1750889552.627043,1751153876.702248,264324.07520484924,1751153879.7645235,3.062275648117065,1751153881.317893,264328.69085001945,True,False,False,False,consumer_pod0_proc0_20250628_233756_704719.csv
3048461,synthetic_1,90,1750889552.6271925,1751153876.7022548,264324.07506227493,1751153879.7645235,3.0622689723968506,1751153881.317893,264328.690700531,True,False,False,False,consumer_pod0_proc0_20250628_233756_704719.csv
3048471,synthetic_1,97,1750889552.6273465,1751153876.7022614,264324.07491517067,1751153879.7645235,3.062262296676636,1751153881.317893,264328.6905465126,True,False,False,False,consumer_pod0_proc0_20250628_233756_704719.csv
3048481,synthetic_1,98,1750889552.6274967,1751153876.7022688,264324.0747721195,1751153879.7645235,3.062254905700684,1751153881.317893,264328.6903963089,True,False,False,False,consumer_pod0_proc0_20250628_233756_704719.csv
3048491,synthetic_1,98,1750889552.6276617,1751153876.7022765,264324.0746150017,1751153879.7645235,3.0622472763061523,1751153881.317893,264328.69023132324,True,False,False,False,consumer_pod0_proc0_20250628_233756_704719.csv
3048501,synthetic_1,82,1750889552.6278477,1751153876.7022834,264324.0744357109,1751153879.7645235,3.0622403621673584,1751153881.317893,264328.69004535675,True,False,False,False,consumer_pod0_proc0_20250628_233756_704719.csv
3048511,synthetic_1,82,1750889552.6279993,1751153876.7022898,264324.074290514,1751153879.7645235,3.0622339248657227,1751153881.317893,264328.68989372253,True,False,False,False,consumer_pod0_proc0_20250628_233756_704719.csv
3048521,synthetic_1,98,1750889552.6281536,1751153876.7022965,264324.0741426945,1751153879.7645235,3.062227249145508,1751153881.317893,264328.6897394657,True,False,False,False,consumer_pod0_proc0_20250628_233756_704719.csv
3048531,synthetic_1,104,1750889552.6283488,1751153876.7023034,264324.0739545822,1751153879.7645235,3.062220335006714,1751153881.317893,264328.6895442009,True,False,False,False,consumer_pod0_proc0_20250628_233756_704719.csv
3048541,synthetic_1,102,1750889552.7184236,1751153876.7023115,264323.98388791084,1751153879.7645235,3.0622122287750244,1751153881.317893,264328.5994694233,True,False,False,False,consumer_pod0_proc0_20250628_233756_704719.csv
3048551,synthetic_1,83,1750889552.7208896,1751153876.702319,264323.98142910004,1751153879.7645235,3.0622048377990723,1751153881.317893,264328.59700345993,True,False,False,False,consumer_pod0_proc0_20250628_233756_704719.csv
3048561,synthetic_1,89,1750889552.7212586,1751153876.7023313,264323.98107266426,1751153879.7645235,3.062192440032959,1751153881.317893,264328.59663438797,True,False,False,False,consumer_pod0_proc0_20250628_233756_704719.csv
3048571,synthetic_1,90,1750889552.721928,1751153876.7023382,264323.98041033745,1751153879.7645235,3.062185525894165,1751153881.317893,264328.595965147,True,False,False,False,consumer_pod0_proc0_20250628_233756_704719.csv
3048581,synthetic_1,104,1750889552.7221963,1751153876.7023451,264323.98014879227,1751153879.7645235,3.062178611755371,1751153881.317893,264328.5956966877,True,False,False,False,consumer_pod0_proc0_20250628_233756_704719.csv
3048591,synthetic_1,83,1750889552.722447,1751153876.7023523,264323.9799056053,1751153879.7645235,3.062171459197998,1751153881.317893,264328.5954461098,True,False,False,False,consumer_pod0_proc0_20250628_233756_704719.csv
3048601,synthetic_1,104,1750889552.7227106,1751153876.702361,264323.97965049744,1751153879.7645235,3.0621626377105717,1751153881.317893,264328.5951824188,True,False,False,False,consumer_pod0_proc0_20250628_233756_704719.csv
3048611,synthetic_1,103,1750889552.722966,1751153876.702371,264323.9794049263,1751153879.7645235,3.062152862548828,1751153881.317893,264328.5949270725,True,False,False,False,consumer_pod0_proc0_20250628_233756_704719.csv
3048621,synthetic_1,104,1750889552.7231345,1751153876.7023811,264323.9792466164,1751153879.7645235,3.0621426105499268,1751153881.317893,264328.5947585106,True,False,False,False,consumer_pod0_proc0_20250628_233756_704719.csv
3048631,synthetic_1,103,1750889552.7233255,1751153876.7023916,264323.9790661335,1751153879.7645235,3.0621321201324463,1751153881.317893,264328.5945675373,True,False,False,False,consumer_pod0_proc0_20250628_233756_704719.csv
3048641,synthetic_1,103,1750889552.723539,1751153876.702401,264323.9788618088,1751153879.7645235,3.0621228218078613,1751153881.317893,264328.59435391426,True,False,False,False,consumer_pod0_proc0_20250628_233756_704719.csv
3048651,synthetic_1,90,1750889552.7237642,1751153876.7024078,264323.9786436558,1751153879.7645235,3.0621159076690674,1751153881.317893,264328.5941288471,True,False,False,False,consumer_pod0_proc0_20250628_233756_704719.csv
3048661,synthetic_1,96,1750889552.724021,1751153876.7024238,264323.978402853,1751153879.7645235,3.062099933624268,1751153881.317893,264328.5938720703,True,False,False,False,consumer_pod0_proc0_20250628_233756_704719.csv
3048671,synthetic_1,95,1750889552.7242544,1751153876.702431,264323.9781765938,1751153879.7645235,3.0620927810668945,1751153881.317893,264328.5936386585,True,False,False,False,consumer_pod0_proc0_20250628_233756_704719.csv
3048681,synthetic_1,91,1750889552.8185685,1751153876.7024455,264323.88387703896,1751153879.7645235,3.0620782375335693,1751153881.317893,264328.49932456017,True,False,False,False,consumer_pod0_proc0_20250628_233756_704719.csv
3048691,synthetic_1,97,1750889552.8211868,1751153876.7024524,264323.88126564026,1751153879.7645235,3.0620713233947754,1751153881.317893,264328.49670624733,True,False,False,False,consumer_pod0_proc0_20250628_233756_704719.csv
3048701,synthetic_1,82,1750889552.8214216,1751153876.7024596,264323.8810379505,1751153879.7645235,3.0620641708374023,1751153881.317893,264328.49647140503,True,False,False,False,consumer_pod0_proc0_20250628_233756_704719.csv
3048711,synthetic_1,95,1750889552.821675,1751153876.7024662,264323.8807911873,1751153879.7645235,3.0620574951171875,1751153881.317893,264328.4962179661,True,False,False,False,consumer_pod0_proc0_20250628_233756_704719.csv
3048721,synthetic_1,103,1750889552.821897,1751153876.7024734,264323.88057637215,1751153879.7645235,3.0620503425598145,1751153881.317893,264328.4959959984,True,False,False,False,consumer_pod0_proc0_20250628_233756_704719.csv
3048731,synthetic_1,97,1750889552.8221593,1751153876.7024806,264323.88032126427,1751153879.7645235,3.0620431900024414,1751153881.317893,264328.49573373795,True,False,False,False,consumer_pod0_proc0_20250628_233756_704719.csv
3048741,synthetic_1,97,1750889552.8224046,1751153876.7024877,264323.8800828457,1751153879.7645235,3.0620360374450684,1751153881.317893,264328.4954884052,True,False,False,False,consumer_pod0_proc0_20250628_233756_704719.csv
2915711,synthetic_1,89,1750889553.718152,1751153876.7024944,264322.98434233665,1751153879.7645235,3.062029361724853,1751153881.317893,264327.59974098206,True,True,False,False,consumer_pod0_proc0_20250628_233756_704719.csv
2915721,synthetic_1,82,1750889553.7184937,1751153876.7025013,264322.9840078354,1751153879.7645235,3.06202244758606,1751153881.317893,264327.59939932823,True,False,False,False,consumer_pod0_proc0_20250628_233756_704719.csv
2915731,synthetic_1,97,1750889553.7188816,1751153876.7025075,264322.98362612724,1751153879.7645235,3.062016248703003,1751153881.317893,264327.5990114212,True,False,False,False,consumer_pod0_proc0_20250628_233756_704719.csv
2915741,synthetic_1,84,1750889553.7193818,1751153876.7025146,264322.9831328392,1751153879.7645235,3.06200909614563,1751153881.317893,264327.598511219,True,False,False,False,consumer_pod0_proc0_20250628_233756_704719.csv
2915751,synthetic_1,91,1750889553.7197945,1751153876.702521,264322.9827270508,1751153879.7645235,3.062002658843994,1751153881.317893,264327.59809851646,True,False,False,False,consumer_pod0_proc0_20250628_233756_704719.csv
2915761,synthetic_1,98,1750889553.7202427,1751153876.702528,264322.98228526115,1751153879.7645235,3.0619957447052,1751153881.317893,264327.59765028954,True,False,False,False,consumer_pod0_proc0_20250628_233756_704719.csv
2915771,synthetic_1,90,1750889553.7207448,1751153876.7025409,264322.98179602623,1751153879.7645235,3.0619828701019287,1751153881.317893,264327.59714818,True,False,False,False,consumer_pod0_proc0_20250628_233756_704719.csv
2915781,synthetic_1,83,1750889553.7211049,1751153876.702548,264322.98144316673,1751153879.7645235,3.061975717544556,1751153881.317893,264327.59678816795,True,False,False,False,consumer_pod0_proc0_20250628_233756_704719.csv
2915791,synthetic_1,96,1750889553.721565,1751153876.7025545,264322.9809894562,1751153879.7645235,3.06196928024292,1751153881.317893,264327.5963280201,True,False,False,False,consumer_pod0_proc0_20250628_233756_704719.csv
2915801,synthetic_1,83,1750889553.7220702,1751153876.7025616,264322.98049139977,1751153879.7645235,3.061962127685547,1751153881.317893,264327.5958228111,True,False,False,False,consumer_pod0_proc0_20250628_233756_704719.csv
2915811,synthetic_1,98,1750889553.7225304,1751153876.7025676,264322.9800372124,1751153879.7645235,3.0619561672210693,1751153881.317893,264327.59536266327,True,False,False,False,consumer_pod0_proc0_20250628_233756_704719.csv
2915821,synthetic_1,97,1750889553.7229495,1751153876.7025745,264322.97962474823,1751153879.7645235,3.0619492530822754,1751153881.317893,264327.5949435234,True,False,False,False,consumer_pod0_proc0_20250628_233756_704719.csv
2915831,synthetic_1,103,1750889553.7234256,1751153876.7025876,264322.97916197777,1751153879.7645235,3.061936140060425,1751153881.317893,264327.5944674015,True,False,False,False,consumer_pod0_proc0_20250628_233756_704719.csv
2915841,synthetic_1,97,1750889553.723876,1751153876.7025945,264322.9787185192,1751153879.7645235,3.061929225921631,1751153881.317893,264327.5940170288,True,False,False,False,consumer_pod0_proc0_20250628_233756_704719.csv
2915851,synthetic_1,97,1750889553.7242596,1751153876.7026012,264322.97834157944,1751153879.7645235,3.061922550201416,1751153881.317893,264327.5936334133,True,False,False,False,consumer_pod0_proc0_20250628_233756_704719.csv
2915861,synthetic_1,89,1750889553.724727,1751153876.7026076,264322.97788095474,1751153879.7645235,3.0619161128997803,1751153881.317893,264327.5931661129,True,False,False,False,consumer_pod0_proc0_20250628_233756_704719.csv
2915871,synthetic_1,83,1750889553.7252226,1751153876.702614,264322.9773914814,1751153879.7645235,3.0619096755981445,1751153881.317893,264327.5926704407,True,False,False,False,consumer_pod0_proc0_20250628_233756_704719.csv
2915881,synthetic_1,91,1750889553.7256236,1751153876.7026205,264322.97699666023,1751153879.7645235,3.061903238296509,1751153881.317893,264327.5922694206,True,False,False,False,consumer_pod0_proc0_20250628_233756_704719.csv
2915891,synthetic_1,96,1750889553.7260227,1751153876.7026267,264322.97660398483,1751153879.7645235,3.061897039413452,1751153881.317893,264327.5918703079,True,False,False,False,consumer_pod0_proc0_20250628_233756_704719.csv
2915901,synthetic_1,83,1750889553.7263355,1751153876.702639,264322.9763035774,1751153879.7645235,3.061884641647339,1751153881.317893,264327.59155750275,True,False,False,False,consumer_pod0_proc0_20250628_233756_704719.csv
2915911,synthetic_1,97,1750889553.7265787,1751153876.7026455,264322.9760668278,1751153879.7645235,3.061878204345703,1751153881.317893,264327.5913143158,True,False,False,False,consumer_pod0_proc0_20250628_233756_704719.csv
2915921,synthetic_1,104,1750889553.7268074,1751153876.702652,264322.97584462166,1751153879.7645235,3.0618717670440674,1751153881.317893,264327.5910856724,True,False,False,False,consumer_pod0_proc0_20250628_233756_704719.csv
2915931,synthetic_1,88,1750889553.727068,1751153876.702659,264322.9755909443,1751153879.7645235,3.061864852905273,1751153881.317893,264327.5908250809,True,False,False,False,consumer_pod0_proc0_20250628_233756_704719.csv
2915941,synthetic_1,103,1750889553.72732,1751153876.7026649,264322.9753448963,1751153879.7645235,3.061858892440796,1751153881.317893,264327.59057307243,True,False,False,False,consumer_pod0_proc0_20250628_233756_704719.csv
2915951,synthetic_1,102,1750889553.727565,1751153876.7026713,264322.9751062393,1751153879.7645235,3.06185245513916,1751153881.317893,264327.59032797813,True,False,False,False,consumer_pod0_proc0_20250628_233756_704719.csv
2915961,synthetic_1,102,1750889553.7277992,1751153876.7026782,264322.9748790264,1751153879.7645235,3.061845541000366,1751153881.317893,264327.5900938511,True,False,False,False,consumer_pod0_proc0_20250628_233756_704719.csv
2915971,synthetic_1,98,1750889553.7280405,1751153876.7026846,264322.9746441841,1751153879.7645235,3.0618391036987305,1751153881.317893,264327.5898525715,True,False,False,False,consumer_pod0_proc0_20250628_233756_704719.csv
2915981,synthetic_1,104,1750889553.728269,1751153876.702691,264322.974421978,1751153879.7645235,3.0618326663970947,1751153881.317893,264327.58962392807,True,False,False,False,consumer_pod0_proc0_20250628_233756_704719.csv
2915991,synthetic_1,90,1750889553.8202546,1751153876.7026978,264322.8824431896,1751153879.7645235,3.06182599067688,1751153881.317893,264327.497638464,True,False,False,False,consumer_pod0_proc0_20250628_233756_704719.csv
2916001,synthetic_1,104,1750889553.8212874,1751153876.702704,264322.8814165592,1751153879.7645235,3.0618197917938232,1751153881.317893,264327.4966056347,True,False,False,False,consumer_pod0_proc0_20250628_233756_704719.csv
2916011,synthetic_1,91,1750889553.8217096,1751153876.7027106,264322.88100099564,1751153879.7645235,3.0618131160736084,1751153881.317893,264327.4961833954,True,False,False,False,consumer_pod0_proc0_20250628_233756_704719.csv
2916021,synthetic_1,104,1750889553.8222108,1751153876.7027168,264322.88050603867,1751153879.7645235,3.061806917190552,1751153881.317893,264327.49568223953,True,False,False,False,consumer_pod0_proc0_20250628_233756_704719.csv
2916031,synthetic_1,96,1750889553.8226607,1751153876.7027314,264322.88007068634,1751153879.7645235,3.0617923736572266,1751153881.317893,264327.4952323437,True,False,False,False,consumer_pod0_proc0_20250628_233756_704719.csv
2916041,synthetic_1,97,1750889553.8231645,1751153876.702744,264322.87957954407,1751153879.7645235,3.061779737472534,1751153881.317893,264327.4947285652,True,False,False,False,consumer_pod0_proc0_20250628_233756_704719.csv
2916051,synthetic_1,103,1750889553.8236403,1751153876.7027504,264322.8791100979,1751153879.7645235,3.0617733001708984,1751153881.317893,264327.49425268173,True,False,False,False,consumer_pod0_proc0_20250628_233756_704719.csv
2916061,synthetic_1,91,1750889553.8240376,1751153876.702757,264322.87871932983,1751153879.7645235,3.0617668628692627,1751153881.317893,264327.4938554764,True,False,False,False,consumer_pod0_proc0_20250628_233756_704719.csv
2916071,synthetic_1,91,1750889553.9171605,1751153876.7027633,264322.785602808,1751153879.7645235,3.061760425567627,1751153881.317893,264327.40073251724,True,False,False,False,consumer_pod0_proc0_20250628_233756_704719.csv
2916081,synthetic_1,96,1750889553.917461,1751153876.7027698,264322.7853088379,1751153879.7645235,3.061753988265991,1751153881.317893,264327.40043210983,True,False,False,False,consumer_pod0_proc0_20250628_233756_704719.csv
2916091,synthetic_1,84,1750889553.917941,1751153876.7027764,264322.7848351002,1751153879.7645235,3.0617473125457764,1751153881.317893,264327.3999519348,True,False,False,False,consumer_pod0_proc0_20250628_233756_704719.csv
2916421,synthetic_1,104,1750889554.1185956,1751153876.7027824,264322.5841867924,1751153879.7645235,3.061741352081299,1751153881.317893,264327.19929742813,True,False,False,False,consumer_pod0_proc0_20250628_233756_704719.csv
2916431,synthetic_1,97,1750889554.1190145,1751153876.7027893,264322.58377480507,1751153879.7645235,3.061734437942505,1751153881.317893,264327.1988785267,True,False,False,False,consumer_pod0_proc0_20250628_233756_704719.csv
2916441,synthetic_1,82,1750889554.1199229,1751153876.702796,264322.582873106,1751153879.7645235,3.06172776222229,1751153881.317893,264327.1979701519,True,False,False,False,consumer_pod0_proc0_20250628_233756_704719.csv
2916451,synthetic_1,97,1750889554.1203258,1751153876.7028024,264322.5824766159,1751153879.7645235,3.0617213249206543,1751153881.317893,264327.1975672245,True,False,False,False,consumer_pod0_proc0_20250628_233756_704719.csv
2916461,synthetic_1,89,1750889554.1207955,1751153876.702809,264322.582013607,1751153879.7645235,3.0617146492004395,1751153881.317893,264327.1970975399,True,False,False,False,consumer_pod0_proc0_20250628_233756_704719.csv
2916471,synthetic_1,97,1750889554.1213272,1751153876.7028158,264322.5814886093,1751153879.7645235,3.0617079734802246,1751153881.317893,264327.19656586647,True,False,False,False,consumer_pod0_proc0_20250628_233756_704719.csv
2916481,synthetic_1,84,1750889554.1218338,1751153876.7028294,264322.5809955597,1751153879.7645235,3.061694383621216,1751153881.317893,264327.196059227,True,False,False,False,consumer_pod0_proc0_20250628_233756_704719.csv
2916491,synthetic_1,104,1750889554.1222343,1751153876.702836,264322.5806016922,1751153879.7645235,3.061687707901001,1751153881.317893,264327.1956586838,True,False,False,False,consumer_pod0_proc0_20250628_233756_704719.csv
2916501,synthetic_1,81,1750889554.12263,1751153876.7028427,264322.5802128315,1751153879.7645235,3.061681032180786,1751153881.317893,264327.19526314735,True,False,False,False,consumer_pod0_proc0_20250628_233756_704719.csv
2916511,synthetic_1,98,1750889554.1230912,1751153876.702849,264322.57975769043,1751153879.7645235,3.061674833297729,1751153881.317893,264327.1948018074,True,False,False,False,consumer_pod0_proc0_20250628_233756_704719.csv
2916521,synthetic_1,83,1750889554.123417,1751153876.702855,264322.57943844795,1751153879.7645235,3.061668634414673,1751153881.317893,264327.1944761276,True,False,False,False,consumer_pod0_proc0_20250628_233756_704719.csv
2916531,synthetic_1,82,1750889554.123845,1751153876.702862,264322.5790169239,1751153879.7645235,3.061661720275879,1751153881.317893,264327.19404792786,True,False,False,False,consumer_pod0_proc0_20250628_233756_704719.csv
2916541,synthetic_1,83,1750889554.1242683,1751153876.7028685,264322.5786001682,1751153879.7645235,3.061655282974243,1751153881.317893,264327.1936247349,True,False,False,False,consumer_pod0_proc0_20250628_233756_704719.csv
2916551,synthetic_1,90,1750889554.1247218,1751153876.702875,264322.5781531334,1751153879.7645235,3.0616488456726074,1751153881.317893,264327.19317126274,True,False,False,False,consumer_pod0_proc0_20250628_233756_704719.csv
2916561,synthetic_1,98,1750889554.1252112,1751153876.702881,264322.5776700973,1751153879.7645235,3.061642646789551,1751153881.317893,264327.1926817894,True,False,False,False,consumer_pod0_proc0_20250628_233756_704719.csv
2916571,synthetic_1,104,1750889554.1256204,1751153876.7028885,264322.5772678852,1751153879.7645235,3.061635255813598,1751153881.317893,264327.1922726631,True,False,False,False,consumer_pod0_proc0_20250628_233756_704719.csv
2916581,synthetic_1,91,1750889554.1259935,1751153876.7029016,264322.57690787315,1751153879.7645235,3.061622142791748,1751153881.317893,264327.19189953804,True,False,False,False,consumer_pod0_proc0_20250628_233756_704719.csv
2916591,synthetic_1,102,1750889554.126412,1751153876.7029085,264322.5764963627,1751153879.7645235,3.061615228652954,1751153881.317893,264327.19148111343,True,False,False,False,consumer_pod0_proc0_20250628_233756_704719.csv
2916601,synthetic_1,104,1750889554.126896,1751153876.702921,264322.57602477074,1751153879.7645235,3.061602830886841,1751153881.317893,264327.1909971237,True,False,False,False,consumer_pod0_proc0_20250628_233756_704719.csv
2916611,synthetic_1,91,1750889554.1273832,1751153876.7029276,264322.5755443573,1751153879.7645235,3.061596155166626,1751153881.317893,264327.19050979614,True,False,False,False,consumer_pod0_proc0_20250628_233756_704719.csv
2916621,synthetic_1,90,1750889554.127833,1751153876.702934,264322.5751011372,1751153879.7645235,3.0615897178649902,1751153881.317893,264327.1900601387,True,False,False,False,consumer_pod0_proc0_20250628_233756_704719.csv
2916631,synthetic_1,104,1750889554.1282272,1751153876.7029405,264322.57471323013,1751153879.7645235,3.0615832805633545,1751153881.317893,264327.1896657944,True,False,False,False,consumer_pod0_proc0_20250628_233756_704719.csv
2916641,synthetic_1,88,1750889554.217487,1751153876.7029474,264322.4854602814,1751153879.7645235,3.0615763664245605,1751153881.317893,264327.1004059315,True,False,False,False,consumer_pod0_proc0_20250628_233756_704719.csv
2916651,synthetic_1,104,1750889554.217991,1751153876.7029538,264322.4849627018,1751153879.7645235,3.061569929122925,1751153881.317893,264327.0999019146,True,False,False,False,consumer_pod0_proc0_20250628_233756_704719.csv
2916661,synthetic_1,97,1750889554.2184556,1751153876.7029605,264322.4845049381,1751153879.7645235,3.06156325340271,1751153881.317893,264327.0994374752,True,False,False,False,consumer_pod0_proc0_20250628_233756_704719.csv
2916671,synthetic_1,97,1750889554.2189057,1751153876.7029676,264322.4840619564,1751153879.7645235,3.061556100845337,1751153881.317893,264327.0989873409,True,False,False,False,consumer_pod0_proc0_20250628_233756_704719.csv
2916681,synthetic_1,96,1750889554.219357,1751153876.7029743,264322.48361730576,1751153879.7645235,3.061549425125122,1751153881.317893,264327.09853601456,True,False,False,False,consumer_pod0_proc0_20250628_233756_704719.csv
2916691,synthetic_1,91,1750889554.2197783,1751153876.7029808,264322.4832024574,1751153879.7645235,3.0615429878234863,1751153881.317893,264327.0981147289,True,False,False,False,consumer_pod0_proc0_20250628_233756_704719.csv
2916701,synthetic_1,80,1750889554.220248,1751153876.7029874,264322.48273944855,1751153879.7645235,3.0615363121032715,1751153881.317893,264327.0976450443,True,False,False,False,consumer_pod0_proc0_20250628_233756_704719.csv
2916711,synthetic_1,90,1750889554.2206695,1751153876.702994,264322.4823241234,1751153879.7645235,3.0615296363830566,1751153881.317893,264327.0972235203,True,False,False,False,consumer_pod0_proc0_20250628_233756_704719.csv
2916721,synthetic_1,80,1750889554.221104,1751153876.7030003,264322.48189663887,1751153879.7645235,3.0615234375,1751153881.317893,264327.0967891216,True,False,False,False,consumer_pod0_proc0_20250628_233756_704719.csv
2916731,synthetic_1,98,1750889554.2215767,1751153876.703016,264322.48143935204,1751153879.7645235,3.0615077018737797,1751153881.317893,264327.0963163376,True,False,False,False,consumer_pod0_proc0_20250628_233756_704719.csv
2916741,synthetic_1,97,1750889554.2220058,1751153876.703023,264322.48101711273,1751153879.7645235,3.0615007877349854,1751153881.317893,264327.09588718414,True,False,False,False,consumer_pod0_proc0_20250628_233756_704719.csv
2916751,synthetic_1,104,1750889554.2224867,1751153876.70303,264322.480543375,1751153879.7645235,3.0614936351776123,1751153881.317893,264327.09540629387,True,False,False,False,consumer_pod0_proc0_20250628_233756_704719.csv
2916761,synthetic_1,103,1750889554.2230072,1751153876.703037,264322.4800298214,1751153879.7645235,3.0614867210388184,1751153881.317893,264327.0948858261,True,False,False,False,consumer_pod0_proc0_20250628_233756_704719.csv
2916771,synthetic_1,90,1750889554.2234545,1751153876.703044,264322.4795894623,1751153879.7645235,3.0614798069000244,1751153881.317893,264327.09443855286,True,False,False,False,consumer_pod0_proc0_20250628_233756_704719.csv
2916781,synthetic_1,90,1750889554.2238965,1751153876.703051,264322.4791548252,1751153879.7645235,3.061472654342652,1751153881.317893,264327.0939965248,True,False,False,False,consumer_pod0_proc0_20250628_233756_704719.csv
2916791,synthetic_1,103,1750889554.2243671,1751153876.7030652,264322.4786980152,1751153879.7645235,3.0614585876464844,1751153881.317893,264327.09352588654,True,False,False,False,consumer_pod0_proc0_20250628_233756_704719.csv
2916801,synthetic_1,97,1750889554.2248144,1751153876.703073,264322.4782586098,1751153879.7645235,3.061450719833374,1751153881.317893,264327.0930786133,True,False,False,False,consumer_pod0_proc0_20250628_233756_704719.csv
2916811,synthetic_1,91,1750889554.2252316,1751153876.70308,264322.4778482914,1751153879.7645235,3.06144380569458,1751153881.317893,264327.09266138077,True,False,False,False,consumer_pod0_proc0_20250628_233756_704719.csv
2916821,synthetic_1,91,1750889554.2256112,1751153876.7030864,264322.4774751663,1751153879.7645235,3.0614373683929443,1751153881.317893,264327.0922818184,True,False,False,False,consumer_pod0_proc0_20250628_233756_704719.csv
2916831,synthetic_1,97,1750889554.2259643,1751153876.7030928,264322.4771282673,1751153879.7645235,3.0614309310913086,1751153881.317893,264327.0919287205,True,False,False,False,consumer_pod0_proc0_20250628_233756_704719.csv
2916841,synthetic_1,97,1750889554.2262414,1751153876.7030995,264322.47685837746,1751153879.7645235,3.0614242553710938,1751153881.317893,264327.0916516781,True,False,False,False,consumer_pod0_proc0_20250628_233756_704719.csv
2916851,synthetic_1,96,1750889554.226488,1751153876.7031074,264322.4766192436,1751153879.7645235,3.0614163875579834,1751153881.317893,264327.09140491486,True,False,False,False,consumer_pod0_proc0_20250628_233756_704719.csv
2916861,synthetic_1,90,1750889554.2267344,1751153876.7031207,264322.47638630867,1751153879.7645235,3.0614030361175537,1751153881.317893,264327.09115862846,True,False,False,False,consumer_pod0_proc0_20250628_233756_704719.csv
2916871,synthetic_1,104,1750889554.2269824,1751153876.703128,264322.4761455059,1751153879.7645235,3.0613956451416016,1751153881.317893,264327.09091067314,True,False,False,False,consumer_pod0_proc0_20250628_233756_704719.csv
2916881,synthetic_1,90,1750889554.2272213,1751153876.703135,264322.47591376305,1751153879.7645235,3.061388731002808,1751153881.317893,264327.0906717777,True,False,False,False,consumer_pod0_proc0_20250628_233756_704719.csv
2916891,synthetic_1,98,1750889554.2274678,1751153876.7031422,264322.4756743908,1751153879.7645235,3.0613815784454346,1751153881.317893,264327.0904252529,True,False,False,False,consumer_pod0_proc0_20250628_233756_704719.csv
2916901,synthetic_1,104,1750889554.227715,1751153876.7031493,264322.4754343033,1751153879.7645235,3.061374425888061,1751153881.317893,264327.09017801285,True,False,False,False,consumer_pod0_proc0_20250628_233756_704719.csv
2916911,synthetic_1,82,1750889554.22796,1751153876.7031562,264322.4751961231,1751153879.7645235,3.061367511749268,1751153881.317893,264327.08993291855,True,False,False,False,consumer_pod0_proc0_20250628_233756_704719.csv
2916921,synthetic_1,83,1750889554.228207,1751153876.7031624,264322.4749553204,1751153879.7645235,3.061361312866211,1751153881.317893,264327.0896859169,True,False,False,False,consumer_pod0_proc0_20250628_233756_704719.csv
2916931,synthetic_1,84,1750889554.2284496,1751153876.7031689,264322.474719286,1751153879.7645235,3.061354875564575,1751153881.317893,264327.0894434452,True,False,False,False,consumer_pod0_proc0_20250628_233756_704719.csv
3006044,synthetic_4,104,1750889539.9268062,1751153868.8155096,264328.88870334625,1751153871.9796877,3.1641781330108643,1751153881.317893,264341.3910868168,True,False,False,False,consumer_pod0_proc1_20250628_233748_821339.csv
3006054,synthetic_4,89,1750889539.9269562,1751153868.8156736,264328.88871741295,1751153871.9796877,3.1640141010284424,1751153881.317893,264341.3909368515,True,False,False,False,consumer_pod0_proc1_20250628_233748_821339.csv
3006064,synthetic_4,105,1750889539.9271052,1751153868.8157992,264328.8886940479,1751153871.9796877,3.163888454437256,1751153881.317893,264341.3907878399,True,False,False,False,consumer_pod0_proc1_20250628_233748_821339.csv
3006074,synthetic_4,84,1750889539.9272962,1751153868.8158145,264328.888518095,1751153871.9796877,3.1638731956481934,1751153881.317893,264341.3905968666,True,False,False,False,consumer_pod0_proc1_20250628_233748_821339.csv
3006084,synthetic_4,84,1750889539.9274693,1751153868.8158238,264328.8883545399,1751153871.9796877,3.1638638973236084,1751153881.317893,264341.3904237747,True,False,False,False,consumer_pod0_proc1_20250628_233748_821339.csv
3006094,synthetic_4,89,1750889539.927617,1751153868.8158326,264328.88821554184,1751153871.9796877,3.1638550758361816,1751153881.317893,264341.3902759552,True,False,False,False,consumer_pod0_proc1_20250628_233748_821339.csv
3006104,synthetic_4,90,1750889539.927761,1751153868.815841,264328.88807988167,1751153871.9796877,3.163846731185913,1751153881.317893,264341.3901319504,True,False,False,False,consumer_pod0_proc1_20250628_233748_821339.csv
3006114,synthetic_4,91,1750889539.9279015,1751153868.8158505,264328.88794875145,1751153871.9796877,3.163837194442749,1751153881.317893,264341.38999152184,True,False,False,False,consumer_pod0_proc1_20250628_233748_821339.csv
3006124,synthetic_4,96,1750889539.9280758,1751153868.8158643,264328.88778853416,1751153871.9796877,3.163823366165161,1751153881.317893,264341.38981723785,True,False,False,False,consumer_pod0_proc1_20250628_233748_821339.csv
3006134,synthetic_4,102,1750889539.92823,1751153868.8158736,264328.88764357567,1751153871.9796877,3.163814067840576,1751153881.317893,264341.38966298103,True,False,False,False,consumer_pod0_proc1_20250628_233748_821339.csv
3006144,synthetic_4,90,1750889539.928413,1751153868.8158822,264328.8874692917,1751153871.9796877,3.1638054847717285,1751153881.317893,264341.389480114,True,False,False,False,consumer_pod0_proc1_20250628_233748_821339.csv
3006154,synthetic_4,96,1750889540.019291,1751153868.8158906,264328.79659962654,1751153871.9796877,3.16379714012146,1751153881.317893,264341.2986021042,True,False,False,False,consumer_pod0_proc1_20250628_233748_821339.csv
3006164,synthetic_4,84,1750889540.0197256,1751153868.815899,264328.7961733341,1751153871.9796877,3.1637887954711914,1751153881.317893,264341.2981674671,True,False,False,False,consumer_pod0_proc1_20250628_233748_821339.csv
3006174,synthetic_4,102,1750889540.020153,1751153868.815907,264328.79575395584,1751153871.9796877,3.163780689239502,1751153881.317893,264341.2977399826,True,False,False,False,consumer_pod0_proc1_20250628_233748_821339.csv
3006184,synthetic_4,97,1750889540.0206866,1751153868.815918,264328.7952313423,1751153871.9796877,3.1637697219848637,1751153881.317893,264341.2972064018,True,False,False,False,consumer_pod0_proc1_20250628_233748_821339.csv
3006194,synthetic_4,97,1750889540.021053,1751153868.815927,264328.79487395287,1751153871.9796877,3.1637606620788574,1751153881.317893,264341.29683995247,True,False,False,False,consumer_pod0_proc1_20250628_233748_821339.csv
2879144,synthetic_4,91,1750889540.6233337,1751153868.8159354,264328.1926019192,1751153871.9796877,3.163752317428589,1751153881.317893,264340.6945593357,True,True,False,False,consumer_pod0_proc1_20250628_233748_821339.csv
2879154,synthetic_4,91,1750889540.6237602,1751153868.8159437,264328.19218349457,1751153871.9796877,3.1637439727783203,1751153881.317893,264340.69413280487,True,False,False,False,consumer_pod0_proc1_20250628_233748_821339.csv
2879164,synthetic_4,90,1750889540.624174,1751153868.8159518,264328.19177794456,1751153871.9796877,3.163735866546631,1751153881.317893,264340.6937189102,True,False,False,False,consumer_pod0_proc1_20250628_233748_821339.csv
2879174,synthetic_4,97,1750889540.6246176,1751153868.8159604,264328.19134283066,1751153871.9796877,3.163727283477783,1751153881.317893,264340.69327545166,True,False,False,False,consumer_pod0_proc1_20250628_233748_821339.csv
2879184,synthetic_4,102,1750889540.6249092,1751153868.8159692,264328.1910600662,1751153871.9796877,3.1637184619903564,1751153881.317893,264340.69298386574,True,False,False,False,consumer_pod0_proc1_20250628_233748_821339.csv
2879194,synthetic_4,95,1750889540.625239,1751153868.8159783,264328.19073939323,1751153871.9796877,3.1637094020843506,1751153881.317893,264340.69265413284,True,False,False,False,consumer_pod0_proc1_20250628_233748_821339.csv
2879204,synthetic_4,83,1750889540.625631,1751153868.815987,264328.19035577774,1751153871.9796877,3.163700580596924,1751153881.317893,264340.6922619343,True,False,False,False,consumer_pod0_proc1_20250628_233748_821339.csv
2879214,synthetic_4,97,1750889540.6259823,1751153868.8159952,264328.1900126934,1751153871.9796877,3.1636924743652344,1751153881.317893,264340.6919107437,True,False,False,False,consumer_pod0_proc1_20250628_233748_821339.csv
2879224,synthetic_4,105,1750889540.6262772,1751153868.816003,264328.1897261143,1751153871.9796877,3.163684606552124,1751153881.317893,264340.69161581993,True,False,False,False,consumer_pod0_proc1_20250628_233748_821339.csv
2879234,synthetic_4,97,1750889540.6265583,1751153868.8160138,264328.1894552708,1751153871.9796877,3.1636738777160645,1751153881.317893,264340.6913347244,True,False,False,False,consumer_pod0_proc1_20250628_233748_821339.csv
2879244,synthetic_4,104,1750889540.6268256,1751153868.8160226,264328.18919706345,1751153871.9796877,3.1636650562286377,1751153881.317893,264340.6910674572,True,False,False,False,consumer_pod0_proc1_20250628_233748_821339.csv
2879254,synthetic_4,103,1750889540.627083,1751153868.8160334,264328.1889503002,1751153871.9796877,3.163654327392578,1751153881.317893,264340.69080996513,True,False,False,False,consumer_pod0_proc1_20250628_233748_821339.csv
2879264,synthetic_4,90,1750889540.627315,1751153868.8160417,264328.1887264252,1751153871.9796877,3.1636459827423096,1751153881.317893,264340.69057798386,True,False,False,False,consumer_pod0_proc1_20250628_233748_821339.csv
2879274,synthetic_4,87,1750889540.6275342,1751153868.8160515,264328.1885175705,1751153871.9796877,3.1636362075805664,1751153881.317893,264340.6903588772,True,False,False,False,consumer_pod0_proc1_20250628_233748_821339.csv
2879284,synthetic_4,83,1750889540.6277635,1751153868.8160596,264328.1882958412,1751153871.9796877,3.163628101348877,1751153881.317893,264340.6901295185,True,False,False,False,consumer_pod0_proc1_20250628_233748_821339.csv
2879294,synthetic_4,97,1750889540.628009,1751153868.8160672,264328.1880578995,1751153871.9796877,3.1636204719543457,1751153881.317893,264340.6898839474,True,False,False,False,consumer_pod0_proc1_20250628_233748_821339.csv
2879304,synthetic_4,90,1750889540.62824,1751153868.8160758,264328.1878359318,1751153871.9796877,3.163611888885498,1751153881.317893,264340.68965291977,True,False,False,False,consumer_pod0_proc1_20250628_233748_821339.csv
2879314,synthetic_4,104,1750889540.7165818,1751153868.816085,264328.09950351715,1751153871.9796877,3.163602590560913,1751153881.317893,264340.6013112068,True,False,False,False,consumer_pod0_proc1_20250628_233748_821339.csv
2879324,synthetic_4,83,1750889540.718218,1751153868.816094,264328.0978758335,1751153871.9796877,3.1635937690734863,1751153881.317893,264340.5996749401,True,False,False,False,consumer_pod0_proc1_20250628_233748_821339.csv
2879334,synthetic_4,90,1750889540.718496,1751153868.8161018,264328.09760570526,1751153871.9796877,3.163585901260376,1751153881.317893,264340.59939694405,True,False,False,False,consumer_pod0_proc1_20250628_233748_821339.csv
2879344,synthetic_4,84,1750889540.7187707,1751153868.8161087,264328.0973379612,1751153871.9796877,3.163578987121582,1751153881.317893,264340.59912228584,True,False,False,False,consumer_pod0_proc1_20250628_233748_821339.csv
2879354,synthetic_4,97,1750889540.7191527,1751153868.8161166,264328.09696388245,1751153871.9796877,3.163571119308472,1751153881.317893,264340.5987403393,True,False,False,False,consumer_pod0_proc1_20250628_233748_821339.csv
2879364,synthetic_4,83,1750889540.7194867,1751153868.8161242,264328.0966374874,1751153871.9796877,3.1635634899139404,1751153881.317893,264340.59840631485,True,False,False,False,consumer_pod0_proc1_20250628_233748_821339.csv
2879374,synthetic_4,103,1750889540.71982,1751153868.8161318,264328.09631180763,1751153871.9796877,3.163555860519409,1751153881.317893,264340.5980730057,True,False,False,False,consumer_pod0_proc1_20250628_233748_821339.csv
2879384,synthetic_4,89,1750889540.7201571,1751153868.816158,264328.0960009098,1751153871.9796877,3.163529634475708,1751153881.317893,264340.5977358818,True,False,False,False,consumer_pod0_proc1_20250628_233748_821339.csv
2879394,synthetic_4,105,1750889540.7205417,1751153868.8161669,264328.09562540054,1751153871.9796877,3.163520812988281,1751153881.317893,264340.59735131264,True,False,False,False,consumer_pod0_proc1_20250628_233748_821339.csv
2879404,synthetic_4,102,1750889540.7210107,1751153868.8161747,264328.0951640606,1751153871.9796877,3.163512945175171,1751153881.317893,264340.5968823433,True,False,False,False,consumer_pod0_proc1_20250628_233748_821339.csv
2879414,synthetic_4,84,1750889540.7213557,1751153868.8161836,264328.0948278904,1751153871.9796877,3.163504123687744,1751153881.317893,264340.5965373516,True,False,False,False,consumer_pod0_proc1_20250628_233748_821339.csv
2879424,synthetic_4,97,1750889540.7217283,1751153868.8161902,264328.0944619179,1751153871.9796877,3.1634974479675293,1751153881.317893,264340.59616470337,True,False,False,False,consumer_pod0_proc1_20250628_233748_821339.csv
2879434,synthetic_4,90,1750889540.722061,1751153868.8161976,264328.09413671494,1751153871.9796877,3.163490056991577,1751153881.317893,264340.59583210945,True,False,False,False,consumer_pod0_proc1_20250628_233748_821339.csv
2879444,synthetic_4,98,1750889540.722447,1751153868.8162043,264328.0937578678,1751153871.9796877,3.1634833812713623,1751153881.317893,264340.5954461098,True,False,False,False,consumer_pod0_proc1_20250628_233748_821339.csv
2879454,synthetic_4,97,1750889540.7228584,1751153868.816212,264328.0933535099,1751153871.9796877,3.163475751876831,1751153881.317893,264340.5950345993,True,False,False,False,consumer_pod0_proc1_20250628_233748_821339.csv
2879464,synthetic_4,91,1750889540.723219,1751153868.8162198,264328.09300112724,1751153871.9796877,3.1634678840637207,1751153881.317893,264340.5946741104,True,False,False,False,consumer_pod0_proc1_20250628_233748_821339.csv
2879474,synthetic_4,104,1750889540.7235348,1751153868.8162267,264328.09269189835,1751153871.9796877,3.1634609699249268,1751153881.317893,264340.5943582058,True,False,False,False,consumer_pod0_proc1_20250628_233748_821339.csv
2879484,synthetic_4,103,1750889540.7237906,1751153868.8162365,264328.09244561195,1751153871.9796877,3.163451194763184,1751153881.317893,264340.59410238266,True,False,False,False,consumer_pod0_proc1_20250628_233748_821339.csv
2879494,synthetic_4,96,1750889540.724051,1751153868.816244,264328.0921931267,1751153871.9796877,3.1634438037872314,1751153881.317893,264340.5938420296,True,False,False,False,consumer_pod0_proc1_20250628_233748_821339.csv
2879504,synthetic_4,97,1750889540.7242846,1751153868.8162513,264328.091966629,1751153871.9796877,3.1634364128112797,1751153881.317893,264340.59360837936,True,False,False,False,consumer_pod0_proc1_20250628_233748_821339.csv
2879514,synthetic_4,84,1750889540.7245393,1751153868.8162663,264328.0917272568,1751153871.9796877,3.163421392440796,1751153881.317893,264340.5933537483,True,False,False,False,consumer_pod0_proc1_20250628_233748_821339.csv
2879524,synthetic_4,96,1750889540.7247703,1751153868.8162732,264328.0915029049,1751153871.9796877,3.163414478302002,1751153881.317893,264340.5931227207,True,False,False,False,consumer_pod0_proc1_20250628_233748_821339.csv
2879534,synthetic_4,103,1750889540.7249963,1751153868.8162806,264328.09128427505,1751153871.9796877,3.16340708732605,1751153881.317893,264340.5928966999,True,False,False,False,consumer_pod0_proc1_20250628_233748_821339.csv
2879544,synthetic_4,91,1750889540.7252178,1751153868.8162875,264328.09106969833,1751153871.9796877,3.163400173187256,1751153881.317893,264340.59267520905,True,False,False,False,consumer_pod0_proc1_20250628_233748_821339.csv
2879554,synthetic_4,105,1750889540.7254438,1751153868.8162944,264328.09085059166,1751153871.9796877,3.163393259048462,1751153881.317893,264340.59244918823,True,False,False,False,consumer_pod0_proc1_20250628_233748_821339.csv
2879564,synthetic_4,84,1750889540.7256708,1751153868.8163016,264328.09063076973,1751153871.9796877,3.163386106491089,1751153881.317893,264340.59222221375,True,False,False,False,consumer_pod0_proc1_20250628_233748_821339.csv
2879574,synthetic_4,84,1750889540.7258916,1751153868.816309,264328.0904173851,1751153871.9796877,3.1633787155151367,1751153881.317893,264340.59200143814,True,False,False,False,consumer_pod0_proc1_20250628_233748_821339.csv
2879584,synthetic_4,88,1750889540.72612,1751153868.8163154,264328.0901954174,1751153871.9796877,3.163372278213501,1751153881.317893,264340.59177303314,True,False,False,False,consumer_pod0_proc1_20250628_233748_821339.csv
2879594,synthetic_4,84,1750889540.7263422,1751153868.8163228,264328.08998060226,1751153871.9796877,3.163364887237549,1751153881.317893,264340.591550827,True,False,False,False,consumer_pod0_proc1_20250628_233748_821339.csv
2879604,synthetic_4,97,1750889540.726599,1751153868.81633,264328.089730978,1751153871.9796877,3.163357734680176,1751153881.317893,264340.5912940502,True,False,False,False,consumer_pod0_proc1_20250628_233748_821339.csv
2879614,synthetic_4,91,1750889540.7268314,1751153868.8163376,264328.0895061493,1751153871.9796877,3.1633501052856445,1751153881.317893,264340.5910615921,True,False,False,False,consumer_pod0_proc1_20250628_233748_821339.csv
2879624,synthetic_4,98,1750889540.7270555,1751153868.8163445,264328.08928895,1751153871.9796877,3.1633431911468506,1751153881.317893,264340.59083747864,True,False,False,False,consumer_pod0_proc1_20250628_233748_821339.csv
2879634,synthetic_4,97,1750889540.7272828,1751153868.8163593,264328.089076519,1751153871.9796877,3.1633284091949463,1751153881.317893,264340.59061026573,True,False,False,False,consumer_pod0_proc1_20250628_233748_821339.csv
2879644,synthetic_4,91,1750889540.7275324,1751153868.8163671,264328.0888347626,1751153871.9796877,3.163320541381836,1751153881.317893,264340.5903606415,True,False,False,False,consumer_pod0_proc1_20250628_233748_821339.csv
2879654,synthetic_4,97,1750889540.7277603,1751153868.8163738,264328.08861351013,1751153871.9796877,3.163313865661621,1751153881.317893,264340.5901327133,True,False,False,False,consumer_pod0_proc1_20250628_233748_821339.csv
2879664,synthetic_4,83,1750889540.727979,1751153868.8163807,264328.08840179443,1751153871.9796877,3.163306951522827,1751153881.317893,264340.5899140835,True,False,False,False,consumer_pod0_proc1_20250628_233748_821339.csv
2879674,synthetic_4,84,1750889540.7281969,1751153868.8163877,264328.088190794,1751153871.9796877,3.163300037384033,1751153881.317893,264340.5896961689,True,False,False,False,consumer_pod0_proc1_20250628_233748_821339.csv
2879684,synthetic_4,84,1750889540.7284226,1751153868.8163936,264328.08797097206,1751153871.9796877,3.163294076919556,1751153881.317893,264340.5894703865,True,False,False,False,consumer_pod0_proc1_20250628_233748_821339.csv
2879694,synthetic_4,96,1750889540.819927,1751153868.8164003,264327.9964733124,1751153871.9796877,3.163287401199341,1751153881.317893,264340.4979660511,True,False,False,False,consumer_pod0_proc1_20250628_233748_821339.csv
2879704,synthetic_4,91,1750889540.8204317,1751153868.816409,264327.9959776401,1751153871.9796877,3.163278579711914,1751153881.317893,264340.49746131897,True,False,False,False,consumer_pod0_proc1_20250628_233748_821339.csv
2879714,synthetic_4,83,1750889540.8209844,1751153868.8164158,264327.9954314232,1751153871.9796877,3.163271903991699,1751153881.317893,264340.4969086647,True,False,False,False,consumer_pod0_proc1_20250628_233748_821339.csv
2879724,synthetic_4,98,1750889540.8214374,1751153868.8164222,264327.9949848652,1751153871.9796877,3.1632654666900635,1751153881.317893,264340.4964556694,True,False,False,False,consumer_pod0_proc1_20250628_233748_821339.csv
2879734,synthetic_4,103,1750889540.8219786,1751153868.8164291,264327.99445056915,1751153871.9796877,3.163258552551269,1751153881.317893,264340.4959144592,True,False,False,False,consumer_pod0_proc1_20250628_233748_821339.csv
2879744,synthetic_4,90,1750889540.822507,1751153868.816436,264327.99392938614,1751153871.9796877,3.163251638412476,1751153881.317893,264340.49538612366,True,False,False,False,consumer_pod0_proc1_20250628_233748_821339.csv
2879754,synthetic_4,103,1750889540.8229918,1751153868.8164446,264327.9934527874,1751153871.9796877,3.163243055343628,1751153881.317893,264340.49490118027,True,False,False,False,consumer_pod0_proc1_20250628_233748_821339.csv
3009334,synthetic_4,90,1750889540.920174,1751153868.8164582,264327.8962843418,1751153871.9796877,3.163229465484619,1751153881.317893,264340.3977191448,True,False,False,False,consumer_pod0_proc1_20250628_233748_821339.csv
3009344,synthetic_4,83,1750889540.920411,1751153868.8164673,264327.89605617523,1751153871.9796877,3.1632204055786133,1751153881.317893,264340.39748191833,True,False,False,False,consumer_pod0_proc1_20250628_233748_821339.csv
3009354,synthetic_4,105,1750889540.9207673,1751153868.8164897,264327.8957221508,1751153871.9796877,3.1631979942321777,1751153881.317893,264340.397125721,True,False,False,False,consumer_pod0_proc1_20250628_233748_821339.csv
3009364,synthetic_4,105,1750889540.9210725,1751153868.8164992,264327.8954267502,1751153871.9796877,3.1631884574890137,1751153881.317893,264340.3968205452,True,False,False,False,consumer_pod0_proc1_20250628_233748_821339.csv
3009374,synthetic_4,84,1750889540.9213662,1751153868.8165083,264327.8951423168,1751153871.9796877,3.163179397583008,1751153881.317893,264340.3965268135,True,False,False,False,consumer_pod0_proc1_20250628_233748_821339.csv
3009384,synthetic_4,96,1750889540.9216528,1751153868.8165147,264327.89486193657,1751153871.9796877,3.163172960281372,1751153881.317893,264340.3962402344,True,False,False,False,consumer_pod0_proc1_20250628_233748_821339.csv
3009394,synthetic_4,105,1750889540.9218998,1751153868.8165214,264327.89462161064,1751153871.9796877,3.163166284561157,1751153881.317893,264340.3959932327,True,False,False,False,consumer_pod0_proc1_20250628_233748_821339.csv
3009404,synthetic_4,95,1750889540.922211,1751153868.8165286,264327.8943176269,1751153871.9796877,3.163159132003784,1751153881.317893,264340.3956820965,True,False,False,False,consumer_pod0_proc1_20250628_233748_821339.csv
3009414,synthetic_4,105,1750889540.9224894,1751153868.816535,264327.8940455913,1751153871.9796877,3.1631526947021484,1751153881.317893,264340.3954036236,True,False,False,False,consumer_pod0_proc1_20250628_233748_821339.csv
3009424,synthetic_4,98,1750889540.9227872,1751153868.816542,264327.8937549591,1751153871.9796877,3.1631457805633545,1751153881.317893,264340.3951058388,True,False,False,False,consumer_pod0_proc1_20250628_233748_821339.csv
3009434,synthetic_4,89,1750889540.92309,1751153868.816549,264327.89345908165,1751153871.9796877,3.163138628005981,1751153881.317893,264340.3948030472,True,False,False,False,consumer_pod0_proc1_20250628_233748_821339.csv
3009444,synthetic_4,91,1750889540.9233868,1751153868.8165553,264327.8931684494,1751153871.9796877,3.163132429122925,1751153881.317893,264340.39450621605,True,False,False,False,consumer_pod0_proc1_20250628_233748_821339.csv
3009454,synthetic_4,102,1750889540.923712,1751153868.816562,264327.8928499222,1751153871.9796877,3.16312575340271,1751153881.317893,264340.3941810131,True,False,False,False,consumer_pod0_proc1_20250628_233748_821339.csv
3009464,synthetic_4,104,1750889540.9240985,1751153868.8165762,264327.8924777508,1751153871.9796877,3.163111448287964,1751153881.317893,264340.3937945366,True,False,False,False,consumer_pod0_proc1_20250628_233748_821339.csv
3009474,synthetic_4,105,1750889540.9244132,1751153868.8165836,264327.89217042923,1751153871.9796877,3.163104057312012,1751153881.317893,264340.39347982407,True,False,False,False,consumer_pod0_proc1_20250628_233748_821339.csv
3009484,synthetic_4,90,1750889541.0173583,1751153868.816594,264327.79923558235,1751153871.9796877,3.1630938053131104,1751153881.317893,264340.3005347252,True,False,False,False,consumer_pod0_proc1_20250628_233748_821339.csv
3009494,synthetic_4,104,1750889541.017594,1751153868.8166003,264327.7990064621,1751153871.9796877,3.1630873680114746,1751153881.317893,264340.3002989292,True,False,False,False,consumer_pod0_proc1_20250628_233748_821339.csv
3009504,synthetic_4,102,1750889541.0179608,1751153868.8166072,264327.79864645004,1751153871.9796877,3.1630804538726807,1751153881.317893,264340.29993224144,True,False,False,False,consumer_pod0_proc1_20250628_233748_821339.csv
3009514,synthetic_4,97,1750889541.0182686,1751153868.816614,264327.7983453274,1751153871.9796877,3.163073778152466,1751153881.317893,264340.29962444305,True,False,False,False,consumer_pod0_proc1_20250628_233748_821339.csv
3009524,synthetic_4,97,1750889541.0186462,1751153868.8166208,264327.7979745865,1751153871.9796877,3.163066864013672,1751153881.317893,264340.299246788,True,False,False,False,consumer_pod0_proc1_20250628_233748_821339.csv
3009534,synthetic_4,94,1750889541.0189097,1751153868.8166273,264327.7977178097,1751153871.9796877,3.163060426712036,1751153881.317893,264340.2989833355,True,False,False,False,consumer_pod0_proc1_20250628_233748_821339.csv
3009544,synthetic_4,98,1750889541.0191965,1751153868.8166337,264327.7974374294,1751153871.9796877,3.1630539894104004,1751153881.317893,264340.29869651794,True,False,False,False,consumer_pod0_proc1_20250628_233748_821339.csv
3009554,synthetic_4,96,1750889541.019482,1751153868.8166406,264327.7971584797,1751153871.9796877,3.1630470752716064,1751153881.317893,264340.2984111309,True,False,False,False,consumer_pod0_proc1_20250628_233748_821339.csv
3009564,synthetic_4,89,1750889541.019773,1751153868.8166478,264327.7968747616,1751153871.9796877,3.1630399227142334,1751153881.317893,264340.2981200218,True,False,False,False,consumer_pod0_proc1_20250628_233748_821339.csv
3009574,synthetic_4,103,1750889541.02011,1751153868.816654,264327.796544075,1751153871.9796877,3.1630337238311768,1751153881.317893,264340.29778313637,True,False,False,False,consumer_pod0_proc1_20250628_233748_821339.csv
3009584,synthetic_4,82,1750889541.020513,1751153868.8166604,264327.7961473465,1751153871.9796877,3.163027286529541,1751153881.317893,264340.29737997055,True,False,False,False,consumer_pod0_proc1_20250628_233748_821339.csv
3009594,synthetic_4,104,1750889541.020864,1751153868.816674,264327.7958099842,1751153871.9796877,3.163013696670532,1751153881.317893,264340.2970290184,True,False,False,False,consumer_pod0_proc1_20250628_233748_821339.csv
3009604,synthetic_4,84,1750889541.0212483,1751153868.8166811,264327.795432806,1751153871.9796877,3.163006544113159,1751153881.317893,264340.29664468765,True,False,False,False,consumer_pod0_proc1_20250628_233748_821339.csv
3009614,synthetic_4,83,1750889541.021566,1751153868.8166878,264327.7951219082,1751153871.9796877,3.1629998683929443,1751153881.317893,264340.2963271141,True,False,False,False,consumer_pod0_proc1_20250628_233748_821339.csv
3009624,synthetic_4,82,1750889541.0219288,1751153868.816694,264327.794765234,1751153871.9796877,3.162993669509888,1751153881.317893,264340.295964241,True,False,False,False,consumer_pod0_proc1_20250628_233748_821339.csv
3009634,synthetic_4,102,1750889541.0222702,1751153868.8167007,264327.7944304943,1751153871.9796877,3.162986993789673,1751153881.317893,264340.2956228256,True,False,False,False,consumer_pod0_proc1_20250628_233748_821339.csv
3009644,synthetic_4,97,1750889541.0226324,1751153868.8167086,264327.7940762043,1751153871.9796877,3.1629791259765625,1751153881.317893,264340.2952606678,True,False,False,False,consumer_pod0_proc1_20250628_233748_821339.csv
3009654,synthetic_4,105,1750889541.0229287,1751153868.8167164,264327.7937877178,1751153871.9796877,3.162971258163452,1751153881.317893,264340.2949643135,True,False,False,False,consumer_pod0_proc1_20250628_233748_821339.csv
3009664,synthetic_4,96,1750889541.0231724,1751153868.816723,264327.7935507297,1751153871.9796877,3.1629645824432373,1751153881.317893,264340.2947206497,True,False,False,False,consumer_pod0_proc1_20250628_233748_821339.csv
3009674,synthetic_4,82,1750889541.023548,1751153868.8167298,264327.7931818962,1751153871.9796877,3.1629579067230225,1751153881.317893,264340.29434514046,True,False,False,False,consumer_pod0_proc1_20250628_233748_821339.csv
3009684,synthetic_4,91,1750889541.0241315,1751153868.8167367,264327.79260516167,1751153871.9796877,3.1629509925842285,1751153881.317893,264340.2937614918,True,False,False,False,consumer_pod0_proc1_20250628_233748_821339.csv
3009694,synthetic_4,91,1750889541.0244126,1751153868.8167462,264327.7923336029,1751153871.9796877,3.1629414558410645,1751153881.317893,264340.29348039627,True,False,False,False,consumer_pod0_proc1_20250628_233748_821339.csv
3009704,synthetic_4,102,1750889541.0247808,1751153868.816754,264327.79197335243,1751153871.9796877,3.162933588027954,1751153881.317893,264340.293112278,True,False,False,False,consumer_pod0_proc1_20250628_233748_821339.csv
3009714,synthetic_4,89,1750889541.025148,1751153868.816763,264327.7916150093,1751153871.9796877,3.162924766540528,1751153881.317893,264340.2927451134,True,False,False,False,consumer_pod0_proc1_20250628_233748_821339.csv
3009724,synthetic_4,84,1750889541.0253427,1751153868.816777,264327.791434288,1751153871.9796877,3.1629106998443604,1751153881.317893,264340.2925503254,True,False,False,False,consumer_pod0_proc1_20250628_233748_821339.csv
3009734,synthetic_4,84,1750889541.0255325,1751153868.8167844,264327.7912518978,1751153871.9796877,3.162903308868408,1751153881.317893,264340.2923605442,True,False,False,False,consumer_pod0_proc1_20250628_233748_821339.csv
3009744,synthetic_4,98,1750889541.0257025,1751153868.816791,264327.7910885811,1751153871.9796877,3.1628966331481934,1751153881.317893,264340.29219055176,True,False,False,False,consumer_pod0_proc1_20250628_233748_821339.csv
3009754,synthetic_4,103,1750889541.0258667,1751153868.8167987,264327.7909319401,1751153871.9796877,3.162889003753662,1751153881.317893,264340.29202628136,True,False,False,False,consumer_pod0_proc1_20250628_233748_821339.csv
3009764,synthetic_4,94,1750889541.0260396,1751153868.8168073,264327.7907676697,1751153871.9796877,3.1628804206848145,1751153881.317893,264340.2918534279,True,False,False,False,consumer_pod0_proc1_20250628_233748_821339.csv
3009774,synthetic_4,98,1750889541.026204,1751153868.8168144,264327.79061055183,1751153871.9796877,3.1628732681274414,1751153881.317893,264340.29168891907,True,False,False,False,consumer_pod0_proc1_20250628_233748_821339.csv
3009784,synthetic_4,102,1750889541.026354,1751153868.8168216,264327.7904675007,1751153871.9796877,3.1628661155700684,1751153881.317893,264340.2915389538,True,False,False,False,consumer_pod0_proc1_20250628_233748_821339.csv
3009794,synthetic_4,104,1750889541.0265057,1751153868.816829,264327.79032349586,1751153871.9796877,3.162858724594116,1751153881.317893,264340.29138731956,True,False,False,False,consumer_pod0_proc1_20250628_233748_821339.csv
3009804,synthetic_4,97,1750889541.0266602,1751153868.8168368,264327.79017663,1751153871.9796877,3.162850856781006,1751153881.317893,264340.2912328243,True,False,False,False,consumer_pod0_proc1_20250628_233748_821339.csv
3009814,synthetic_4,104,1750889541.0268104,1751153868.8168442,264327.7900338173,1751153871.9796877,3.1628434658050537,1751153881.317893,264340.2910826206,True,False,False,False,consumer_pod0_proc1_20250628_233748_821339.csv
3009824,synthetic_4,89,1750889541.02696,1751153868.816852,264327.78989195824,1751153871.9796877,3.162835597991944,1751153881.317893,264340.2909331322,True,False,False,False,consumer_pod0_proc1_20250628_233748_821339.csv
3009834,synthetic_4,104,1750889541.027108,1751153868.8168595,264327.7897515297,1751153871.9796877,3.162828207015991,1751153881.317893,264340.29078507423,True,False,False,False,consumer_pod0_proc1_20250628_233748_821339.csv
3009844,synthetic_4,105,1750889541.0272548,1751153868.816873,264327.7896182537,1751153871.9796877,3.1628146171569824,1751153881.317893,264340.2906382084,True,False,False,False,consumer_pod0_proc1_20250628_233748_821339.csv
3009854,synthetic_4,104,1750889541.0274076,1751153868.8168807,264327.7894730568,1751153871.9796877,3.162806987762451,1751153881.317893,264340.2904853821,True,False,False,False,consumer_pod0_proc1_20250628_233748_821339.csv
3009864,synthetic_4,84,1750889541.0275598,1751153868.8168876,264327.7893278599,1751153871.9796877,3.162800073623657,1751153881.317893,264340.290333271,True,False,False,False,consumer_pod0_proc1_20250628_233748_821339.csv
3009874,synthetic_4,84,1750889541.0277047,1751153868.8168943,264327.7891895771,1751153871.9796877,3.1627933979034424,1751153881.317893,264340.29018831253,True,False,False,False,consumer_pod0_proc1_20250628_233748_821339.csv
3009884,synthetic_4,83,1750889541.0278523,1751153868.8169012,264327.78904891014,1751153871.9796877,3.1627864837646484,1751153881.317893,264340.29004073143,True,False,False,False,consumer_pod0_proc1_20250628_233748_821339.csv
3009894,synthetic_4,102,1750889541.0279958,1751153868.816908,264327.7889120579,1751153871.9796877,3.1627798080444336,1751153881.317893,264340.28989720345,True,False,False,False,consumer_pod0_proc1_20250628_233748_821339.csv
3009904,synthetic_4,98,1750889541.0281415,1751153868.8169162,264327.7887747288,1751153871.9796877,3.162771463394165,1751153881.317893,264340.2897515297,True,False,False,False,consumer_pod0_proc1_20250628_233748_821339.csv
3009914,synthetic_4,96,1750889541.0282862,1751153868.816923,264327.7886366844,1751153871.9796877,3.16276478767395,1751153881.317893,264340.2896068096,True,False,False,False,consumer_pod0_proc1_20250628_233748_821339.csv
3009924,synthetic_4,79,1750889541.028433,1751153868.8169303,264327.788497448,1751153871.9796877,3.162757396697998,1751153881.317893,264340.2894599438,True,False,False,False,consumer_pod0_proc1_20250628_233748_821339.csv
3009934,synthetic_4,91,1750889541.1184392,1751153868.8169372,264327.69849801064,1751153871.9796877,3.162750482559204,1751153881.317893,264340.1994538307,True,False,False,False,consumer_pod0_proc1_20250628_233748_821339.csv
3009944,synthetic_4,83,1750889541.118859,1751153868.816944,264327.69808506966,1751153871.9796877,3.1627438068389893,1751153881.317893,264340.1990339756,True,False,False,False,consumer_pod0_proc1_20250628_233748_821339.csv
3009954,synthetic_4,103,1750889541.119352,1751153868.8169508,264327.69759869576,1751153871.9796877,3.1627368927001958,1751153881.317893,264340.198540926,True,False,False,False,consumer_pod0_proc1_20250628_233748_821339.csv
3009964,synthetic_4,82,1750889541.119902,1751153868.8169577,264327.69705581665,1751153871.9796877,3.1627299785614014,1751153881.317893,264340.19799113274,True,False,False,False,consumer_pod0_proc1_20250628_233748_821339.csv
3012464,synthetic_4,90,1750889541.9210308,1751153868.8169715,264326.89594078064,1751153871.9796877,3.162716150283813,1751153881.317893,264339.39686226845,True,False,False,False,consumer_pod0_proc1_20250628_233748_821339.csv
3012474,synthetic_4,89,1750889541.9213505,1751153868.8169785,264326.89562797546,1751153871.9796877,3.1627092361450195,1751153881.317893,264339.39654254913,True,False,False,False,consumer_pod0_proc1_20250628_233748_821339.csv
3012484,synthetic_4,96,1750889541.921611,1751153868.8169851,264326.8953740597,1751153871.9796877,3.1627025604248047,1751153881.317893,264339.3962819576,True,False,False,False,consumer_pod0_proc1_20250628_233748_821339.csv
3012494,synthetic_4,105,1750889541.9218698,1751153868.8169923,264326.8951225281,1751153871.9796877,3.162695407867432,1751153881.317893,264339.39602327347,True,False,False,False,consumer_pod0_proc1_20250628_233748_821339.csv
3012504,synthetic_4,84,1750889541.9221132,1751153868.8169992,264326.89488601685,1751153871.9796877,3.1626884937286377,1751153881.317893,264339.3957798481,True,False,False,False,consumer_pod0_proc1_20250628_233748_821339.csv
3012514,synthetic_4,91,1750889541.9223526,1751153868.817006,264326.8946533203,1751153871.9796877,3.162681579589844,1751153881.317893,264339.39554047585,True,False,False,False,consumer_pod0_proc1_20250628_233748_821339.csv
3012524,synthetic_4,90,1750889541.9225936,1751153868.8170123,264326.89441895485,1751153871.9796877,3.162675380706787,1751153881.317893,264339.39529943466,True,False,False,False,consumer_pod0_proc1_20250628_233748_821339.csv
3012534,synthetic_4,84,1750889541.922793,1751153868.817021,264326.8942279816,1751153871.9796877,3.1626667976379395,1751153881.317893,264339.39510011673,True,False,False,False,consumer_pod0_proc1_20250628_233748_821339.csv
3012544,synthetic_4,96,1750889541.923192,1751153868.817027,264326.89383506775,1751153871.9796877,3.162660598754883,1751153881.317893,264339.394701004,True,False,False,False,consumer_pod0_proc1_20250628_233748_821339.csv
3012554,synthetic_4,84,1750889541.9234178,1751153868.8170342,264326.8936164379,1751153871.9796877,3.1626534461975098,1751153881.317893,264339.39447522163,True,False,False,False,consumer_pod0_proc1_20250628_233748_821339.csv
3012564,synthetic_4,103,1750889541.923632,1751153868.8170407,264326.89340877533,1751153871.9796877,3.162647008895874,1751153881.317893,264339.39426112175,True,False,False,False,consumer_pod0_proc1_20250628_233748_821339.csv
3012574,synthetic_4,82,1750889541.923837,1751153868.8170478,264326.8932108879,1751153871.9796877,3.162639856338501,1751153881.317893,264339.3940560818,True,False,False,False,consumer_pod0_proc1_20250628_233748_821339.csv
3012584,synthetic_4,84,1750889541.924044,1751153868.8170545,264326.8930103779,1751153871.9796877,3.162633180618286,1751153881.317893,264339.39384913445,True,False,False,False,consumer_pod0_proc1_20250628_233748_821339.csv
3012594,synthetic_4,90,1750889541.9244509,1751153868.8170671,264326.892616272,1751153871.9796877,3.1626205444335938,1751153881.317893,264339.39344215393,True,False,False,False,consumer_pod0_proc1_20250628_233748_821339.csv
3012604,synthetic_4,104,1750889541.9246798,1751153868.8170743,264326.8923947811,1751153871.9796877,3.1626133918762207,1751153881.317893,264339.3932132721,True,False,False,False,consumer_pod0_proc1_20250628_233748_821339.csv
3012614,synthetic_4,98,1750889541.9248717,1751153868.8170836,264326.89221191406,1751153871.9796877,3.162604093551636,1751153881.317893,264339.39302134514,True,False,False,False,consumer_pod0_proc1_20250628_233748_821339.csv
3012624,synthetic_4,90,1750889541.925063,1751153868.8170905,264326.8920276165,1751153871.9796877,3.162597179412842,1751153881.317893,264339.39283013344,True,False,False,False,consumer_pod0_proc1_20250628_233748_821339.csv
3012634,synthetic_4,96,1750889541.9252422,1751153868.8170972,264326.89185500145,1751153871.9796877,3.162590503692627,1751153881.317893,264339.39265084267,True,False,False,False,consumer_pod0_proc1_20250628_233748_821339.csv
3012644,synthetic_4,90,1750889541.925433,1751153868.817104,264326.8916709423,1751153871.9796877,3.162583589553833,1751153881.317893,264339.3924601078,True,False,False,False,consumer_pod0_proc1_20250628_233748_821339.csv
3012654,synthetic_4,83,1750889541.9256244,1751153868.817111,264326.89148664474,1751153871.9796877,3.162576675415039,1751153881.317893,264339.3922686577,True,False,False,False,consumer_pod0_proc1_20250628_233748_821339.csv
3012664,synthetic_4,82,1750889541.925821,1751153868.8171177,264326.8912963867,1751153871.9796877,3.162569999694824,1751153881.317893,264339.39207196236,True,False,False,False,consumer_pod0_proc1_20250628_233748_821339.csv
3012674,synthetic_4,84,1750889541.9259882,1751153868.817124,264326.891135931,1751153871.9796877,3.162563800811768,1751153881.317893,264339.39190483093,True,False,False,False,consumer_pod0_proc1_20250628_233748_821339.csv
3012684,synthetic_4,96,1750889541.926156,1751153868.8171308,264326.89097476006,1751153871.9796877,3.1625568866729736,1751153881.317893,264339.39173698425,True,False,False,False,consumer_pod0_proc1_20250628_233748_821339.csv
3012694,synthetic_4,103,1750889541.9263136,1751153868.8171382,264326.89082455635,1751153871.9796877,3.162549495697021,1751153881.317893,264339.3915793896,True,False,False,False,consumer_pod0_proc1_20250628_233748_821339.csv
3012704,synthetic_4,104,1750889541.9264677,1751153868.8171463,264326.8906786442,1751153871.9796877,3.162541389465332,1751153881.317893,264339.39142537117,True,False,False,False,consumer_pod0_proc1_20250628_233748_821339.csv
3012714,synthetic_4,89,1750889541.926617,1751153868.8171544,264326.8905375004,1751153871.9796877,3.1625332832336426,1751153881.317893,264339.39127612114,True,False,False,False,consumer_pod0_proc1_20250628_233748_821339.csv
3012724,synthetic_4,89,1750889541.9267678,1751153868.8171675,264326.89039969444,1751153871.9796877,3.162520170211792,1751153881.317893,264339.3911252022,True,False,False,False,consumer_pod0_proc1_20250628_233748_821339.csv
3012734,synthetic_4,104,1750889541.9269142,1751153868.8171754,264326.89026117325,1751153871.9796877,3.1625123023986816,1751153881.317893,264339.3909788132,True,False,False,False,consumer_pod0_proc1_20250628_233748_821339.csv
3012744,synthetic_4,83,1750889541.9270642,1751153868.817183,264326.89011883736,1751153871.9796877,3.1625046730041504,1751153881.317893,264339.3908288479,True,False,False,False,consumer_pod0_proc1_20250628_233748_821339.csv
3012754,synthetic_4,91,1750889541.9272163,1751153868.81719,264326.889973402,1751153871.9796877,3.1624977588653564,1751153881.317893,264339.39067673683,True,False,False,False,consumer_pod0_proc1_20250628_233748_821339.csv
3012764,synthetic_4,96,1750889541.9273672,1751153868.8171966,264326.8898293972,1751153871.9796877,3.1624910831451416,1751153881.317893,264339.3905258179,True,False,False,False,consumer_pod0_proc1_20250628_233748_821339.csv
3012774,synthetic_4,103,1750889541.9275126,1751153868.8172045,264326.8896918297,1751153871.9796877,3.1624832153320312,1751153881.317893,264339.39038038254,True,False,False,False,consumer_pod0_proc1_20250628_233748_821339.csv
3012784,synthetic_4,89,1750889541.9276707,1751153868.817212,264326.8895413876,1751153871.9796877,3.1624755859375,1751153881.317893,264339.390222311,True,False,False,False,consumer_pod0_proc1_20250628_233748_821339.csv
3012794,synthetic_4,101,1750889541.9278286,1751153868.8172193,264326.889390707,1751153871.9796877,3.162468433380127,1751153881.317893,264339.3900644779,True,False,False,False,consumer_pod0_proc1_20250628_233748_821339.csv
3012804,synthetic_4,97,1750889541.927982,1751153868.8172266,264326.8892445564,1751153871.9796877,3.162461042404175,1751153881.317893,264339.38991093636,True,False,False,False,consumer_pod0_proc1_20250628_233748_821339.csv
3012814,synthetic_4,90,1750889541.928133,1751153868.8172357,264326.8891024589,1751153871.9796877,3.162451982498169,1751153881.317893,264339.3897600174,True,False,False,False,consumer_pod0_proc1_20250628_233748_821339.csv
3012824,synthetic_4,98,1750889541.9282897,1751153868.8172443,264326.88895487785,1751153871.9796877,3.1624433994293213,1751153881.317893,264339.3896033764,True,False,False,False,consumer_pod0_proc1_20250628_233748_821339.csv
3012834,synthetic_4,83,1750889541.9284403,1751153868.8172524,264326.8888120651,1751153871.9796877,3.162435293197632,1751153881.317893,264339.38945269585,True,False,False,False,consumer_pod0_proc1_20250628_233748_821339.csv
3012844,synthetic_4,104,1750889542.020522,1751153868.81726,264326.79673814774,1751153871.9796877,3.1624276638031006,1751153881.317893,264339.29737091064,True,False,False,False,consumer_pod0_proc1_20250628_233748_821339.csv
3012854,synthetic_4,97,1750889542.020765,1751153868.817274,264326.7965090275,1751153871.9796877,3.1624135971069336,1751153881.317893,264339.2971279621,True,False,False,False,consumer_pod0_proc1_20250628_233748_821339.csv
3012864,synthetic_4,87,1750889542.020988,1751153868.817281,264326.79629302025,1751153871.9796877,3.16240668296814,1751153881.317893,264339.29690504074,True,False,False,False,consumer_pod0_proc1_20250628_233748_821339.csv
3012874,synthetic_4,97,1750889542.0218644,1751153868.817288,264326.7954235077,1751153871.9796877,3.1623997688293457,1751153881.317893,264339.29602861404,True,False,False,False,consumer_pod0_proc1_20250628_233748_821339.csv
2883574,synthetic_4,84,1750889542.116547,1751153868.8172946,264326.7007472515,1751153871.9796877,3.162393093109131,1751153881.317893,264339.20134592056,True,True,False,False,consumer_pod0_proc1_20250628_233748_821339.csv
2883584,synthetic_4,89,1750889542.1179757,1751153868.817302,264326.6993265152,1751153871.9796877,3.1623857021331787,1751153881.317893,264339.19991731644,True,False,False,False,consumer_pod0_proc1_20250628_233748_821339.csv
3012884,synthetic_4,98,1750889542.0221756,1751153868.817309,264326.7951333523,1751153871.9796877,3.1623787879943848,1751153881.317893,264339.2957174778,True,False,False,False,consumer_pod0_proc1_20250628_233748_821339.csv
2883594,synthetic_4,98,1750889542.1185064,1751153868.8173163,264326.69880986214,1751153871.9796877,3.1623713970184326,1751153881.317893,264339.1993865967,True,True,False,False,consumer_pod0_proc1_20250628_233748_821339.csv
3012894,synthetic_4,81,1750889542.0224082,1751153868.8173232,264326.79491496086,1751153871.9796877,3.1623644828796387,1751153881.317893,264339.29548478127,True,False,False,False,consumer_pod0_proc1_20250628_233748_821339.csv
2883604,synthetic_4,96,1750889542.119005,1751153868.81733,264326.69832491875,1751153871.9796877,3.162357807159424,1751153881.317893,264339.19888806343,True,True,False,False,consumer_pod0_proc1_20250628_233748_821339.csv
2883614,synthetic_4,91,1750889542.1192937,1751153868.8173368,264326.698043108,1751153871.9796877,3.16235089302063,1751153881.317893,264339.19859933853,True,False,False,False,consumer_pod0_proc1_20250628_233748_821339.csv
2883624,synthetic_4,103,1750889542.1196637,1751153868.8173437,264326.6976799965,1751153871.9796877,3.162343978881836,1751153881.317893,264339.1982293129,True,False,False,False,consumer_pod0_proc1_20250628_233748_821339.csv
2883634,synthetic_4,105,1750889542.1200988,1751153868.8173504,264326.6972515583,1751153871.9796877,3.162337303161621,1751153881.317893,264339.197794199,True,False,False,False,consumer_pod0_proc1_20250628_233748_821339.csv
3012904,synthetic_4,88,1750889542.0225935,1751153868.8173645,264326.79477095604,1751153871.9796877,3.162323236465454,1751153881.317893,264339.29529953003,True,False,False,False,consumer_pod0_proc1_20250628_233748_821339.csv
3012914,synthetic_4,102,1750889542.022807,1751153868.8173718,264326.7945649624,1751153871.9796877,3.162315845489502,1751153881.317893,264339.2950861454,True,False,False,False,consumer_pod0_proc1_20250628_233748_821339.csv
3012924,synthetic_4,84,1750889542.0229712,1751153868.8173792,264326.79440808296,1751153871.9796877,3.16230845451355,1751153881.317893,264339.294921875,True,False,False,False,consumer_pod0_proc1_20250628_233748_821339.csv
3012934,synthetic_4,90,1750889542.0231447,1751153868.8173857,264326.79424095154,1751153871.9796877,3.162302017211914,1751153881.317893,264339.2947483063,True,False,False,False,consumer_pod0_proc1_20250628_233748_821339.csv
3012944,synthetic_4,83,1750889542.023296,1751153868.8173926,264326.7940964699,1751153871.9796877,3.16229510307312,1751153881.317893,264339.2945969105,True,False,False,False,consumer_pod0_proc1_20250628_233748_821339.csv
3012954,synthetic_4,82,1750889542.023492,1751153868.817399,264326.7939069271,1751153871.9796877,3.1622886657714844,1751153881.317893,264339.2944009304,True,False,False,False,consumer_pod0_proc1_20250628_233748_821339.csv
3012964,synthetic_4,103,1750889542.0236666,1751153868.8174057,264326.7937390804,1751153871.9796877,3.162281990051269,1751153881.317893,264339.294226408,True,False,False,False,consumer_pod0_proc1_20250628_233748_821339.csv
3012974,synthetic_4,101,1750889542.0238554,1751153868.817415,264326.79355955124,1751153871.9796877,3.162272691726685,1751153881.317893,264339.2940375805,True,False,False,False,consumer_pod0_proc1_20250628_233748_821339.csv
3012984,synthetic_4,84,1750889542.0240476,1751153868.8174229,264326.7933752537,1751153871.9796877,3.162264823913574,1751153881.317893,264339.2938454151,True,False,False,False,consumer_pod0_proc1_20250628_233748_821339.csv
3012994,synthetic_4,82,1750889542.024214,1751153868.8174293,264326.7932152748,1751153871.9796877,3.1622583866119385,1751153881.317893,264339.29367899895,True,False,False,False,consumer_pod0_proc1_20250628_233748_821339.csv
3013004,synthetic_4,98,1750889542.0244029,1751153868.817436,264326.793033123,1751153871.9796877,3.162251710891724,1751153881.317893,264339.29349017143,True,False,False,False,consumer_pod0_proc1_20250628_233748_821339.csv
3013014,synthetic_4,95,1750889542.024604,1751153868.817443,264326.7928388119,1751153871.9796877,3.1622447967529297,1751153881.317893,264339.29328894615,True,False,False,False,consumer_pod0_proc1_20250628_233748_821339.csv
3013024,synthetic_4,97,1750889542.0247865,1751153868.8174498,264326.7926633358,1751153871.9796877,3.162237882614136,1751153881.317893,264339.29310655594,True,False,False,False,consumer_pod0_proc1_20250628_233748_821339.csv
3013034,synthetic_4,97,1750889542.0249634,1751153868.817464,264326.7925007344,1751153871.9796877,3.1622235774993896,1751153881.317893,264339.29292964935,True,False,False,False,consumer_pod0_proc1_20250628_233748_821339.csv
3013044,synthetic_4,82,1750889542.0251167,1751153868.8174713,264326.79235458374,1751153871.9796877,3.1622164249420166,1751153881.317893,264339.2927763462,True,False,False,False,consumer_pod0_proc1_20250628_233748_821339.csv
3013054,synthetic_4,103,1750889542.0252593,1751153868.8174777,264326.7922182083,1751153871.9796877,3.162209987640381,1751153881.317893,264339.2926337719,True,False,False,False,consumer_pod0_proc1_20250628_233748_821339.csv
3013064,synthetic_4,84,1750889542.0254087,1751153868.8174846,264326.7920758724,1751153871.9796877,3.162203073501587,1751153881.317893,264339.29248428345,True,False,False,False,consumer_pod0_proc1_20250628_233748_821339.csv
3013074,synthetic_4,103,1750889542.025562,1751153868.8174918,264326.79192972183,1751153871.9796877,3.162195920944214,1751153881.317893,264339.2923309803,True,False,False,False,consumer_pod0_proc1_20250628_233748_821339.csv
3013084,synthetic_4,83,1750889542.0257084,1751153868.8174984,264326.79179000854,1751153871.9796877,3.162189245223999,1751153881.317893,264339.2921845913,True,False,False,False,consumer_pod0_proc1_20250628_233748_821339.csv
3013094,synthetic_4,89,1750889542.0258558,1751153868.8175051,264326.7916493416,1751153871.9796877,3.162182569503784,1751153881.317893,264339.2920372486,True,False,False,False,consumer_pod0_proc1_20250628_233748_821339.csv
3013104,synthetic_4,102,1750889542.026001,1751153868.8175118,264326.7915108204,1751153871.9796877,3.1621758937835693,1751153881.317893,264339.2918920517,True,False,False,False,consumer_pod0_proc1_20250628_233748_821339.csv
3013114,synthetic_4,82,1750889542.0261495,1751153868.8175182,264326.7913684845,1751153871.9796877,3.1621694564819336,1751153881.317893,264339.2917435169,True,False,False,False,consumer_pod0_proc1_20250628_233748_821339.csv
3013124,synthetic_4,91,1750889542.0262945,1751153868.817525,264326.7912302017,1751153871.9796877,3.1621627807617188,1751153881.317893,264339.2915985584,True,False,False,False,consumer_pod0_proc1_20250628_233748_821339.csv
3013134,synthetic_4,103,1750889542.0264409,1751153868.817531,264326.79109025,1751153871.9796877,3.162156581878662,1751153881.317893,264339.2914521694,True,False,False,False,consumer_pod0_proc1_20250628_233748_821339.csv
3013144,synthetic_4,89,1750889542.026585,1751153868.8175385,264326.79095315933,1751153871.9796877,3.16214919090271,1751153881.317893,264339.2913079262,True,False,False,False,consumer_pod0_proc1_20250628_233748_821339.csv
3013154,synthetic_4,82,1750889542.026736,1751153868.817545,264326.7908089161,1751153871.9796877,3.162142753601074,1751153881.317893,264339.2911570072,True,False,False,False,consumer_pod0_proc1_20250628_233748_821339.csv
3013164,synthetic_4,104,1750889542.026883,1751153868.817561,264326.7906780243,1751153871.9796877,3.1621267795562744,1751153881.317893,264339.2910101414,True,False,False,False,consumer_pod0_proc1_20250628_233748_821339.csv
3013174,synthetic_4,90,1750889542.0270388,1751153868.817568,264326.7905292511,1751153871.9796877,3.1621196269989014,1751153881.317893,264339.2908542156,True,False,False,False,consumer_pod0_proc1_20250628_233748_821339.csv
3013184,synthetic_4,98,1750889542.027187,1751153868.8175764,264326.790389061,1751153871.9796877,3.162111282348633,1751153881.317893,264339.29070591927,True,False,False,False,consumer_pod0_proc1_20250628_233748_821339.csv
3013194,synthetic_4,95,1750889542.0273392,1751153868.817583,264326.7902441025,1751153871.9796877,3.162104606628418,1751153881.317893,264339.2905538082,True,False,False,False,consumer_pod0_proc1_20250628_233748_821339.csv
3013204,synthetic_4,84,1750889542.0274842,1751153868.8175902,264326.7901060581,1751153871.9796877,3.162097454071045,1751153881.317893,264339.2904088497,True,False,False,False,consumer_pod0_proc1_20250628_233748_821339.csv
3013214,synthetic_4,104,1750889542.0276327,1751153868.8175964,264326.7899637222,1751153871.9796877,3.1620912551879883,1751153881.317893,264339.29026031494,True,False,False,False,consumer_pod0_proc1_20250628_233748_821339.csv
3013224,synthetic_4,89,1750889542.027777,1751153868.817603,264326.7898261547,1751153871.9796877,3.162084579467773,1751153881.317893,264339.2901160717,True,False,False,False,consumer_pod0_proc1_20250628_233748_821339.csv
3013234,synthetic_4,104,1750889542.0279293,1751153868.8176098,264326.78968048096,1751153871.9796877,3.1620779037475586,1751153881.317893,264339.2899637222,True,False,False,False,consumer_pod0_proc1_20250628_233748_821339.csv
3013244,synthetic_4,88,1750889542.028084,1751153868.8176165,264326.789532423,1751153871.9796877,3.162071228027344,1751153881.317893,264339.2898089886,True,False,False,False,consumer_pod0_proc1_20250628_233748_821339.csv
3013254,synthetic_4,91,1750889542.0282345,1751153868.817623,264326.7893884182,1751153871.9796877,3.162064790725708,1751153881.317893,264339.28965854645,True,False,False,False,consumer_pod0_proc1_20250628_233748_821339.csv
3013264,synthetic_4,97,1750889542.028381,1751153868.817629,264326.78924798965,1751153871.9796877,3.162058591842652,1751153881.317893,264339.289511919,True,False,False,False,consumer_pod0_proc1_20250628_233748_821339.csv
3013274,synthetic_4,105,1750889542.1205735,1751153868.817636,264326.6970624924,1751153871.9796877,3.1620516777038574,1751153881.317893,264339.1973195076,True,False,False,False,consumer_pod0_proc1_20250628_233748_821339.csv
2883644,synthetic_4,84,1750889542.2191873,1751153868.8176427,264326.5984554291,1751153871.9796877,3.1620450019836426,1751153881.317893,264339.0987057686,True,True,False,False,consumer_pod0_proc1_20250628_233748_821339.csv
2883654,synthetic_4,82,1750889542.2211874,1751153868.817655,264326.5964677334,1751153871.9796877,3.1620326042175293,1751153881.317893,264339.0967056751,True,False,False,False,consumer_pod0_proc1_20250628_233748_821339.csv
2883664,synthetic_4,82,1750889542.221486,1751153868.8176622,264326.59617614746,1751153871.9796877,3.162025451660156,1751153881.317893,264339.09640693665,True,False,False,False,consumer_pod0_proc1_20250628_233748_821339.csv
2883674,synthetic_4,90,1750889542.221824,1751153868.817669,264326.59584474564,1751153871.9796877,3.1620187759399414,1751153881.317893,264339.0960690975,True,False,False,False,consumer_pod0_proc1_20250628_233748_821339.csv
2883684,synthetic_4,84,1750889542.2221508,1751153868.817675,264326.59552431107,1751153871.9796877,3.1620125770568848,1751153881.317893,264339.09574222565,True,False,False,False,consumer_pod0_proc1_20250628_233748_821339.csv
2883694,synthetic_4,95,1750889542.2224586,1751153868.8176813,264326.5952227116,1751153871.9796877,3.162006378173828,1751153881.317893,264339.09543442726,True,False,False,False,consumer_pod0_proc1_20250628_233748_821339.csv
2883704,synthetic_4,90,1750889542.222755,1751153868.817688,264326.594933033,1751153871.9796877,3.1619997024536133,1751153881.317893,264339.09513807297,True,False,False,False,consumer_pod0_proc1_20250628_233748_821339.csv
2883714,synthetic_4,105,1750889542.223086,1751153868.817695,264326.5946087837,1751153871.9796877,3.16199278831482,1751153881.317893,264339.09480690956,True,False,False,False,consumer_pod0_proc1_20250628_233748_821339.csv
2883724,synthetic_4,83,1750889542.2234836,1751153868.817701,264326.59421753883,1751153871.9796877,3.1619865894317627,1751153881.317893,264339.0944094658,True,False,False,False,consumer_pod0_proc1_20250628_233748_821339.csv
2883734,synthetic_4,105,1750889542.2238936,1751153868.8177078,264326.5938141346,1751153871.9796877,3.161979913711548,1751153881.317893,264339.09399938583,True,False,False,False,consumer_pod0_proc1_20250628_233748_821339.csv
2883744,synthetic_4,91,1750889542.2241335,1751153868.8177152,264326.59358143806,1751153871.9796877,3.161972522735596,1751153881.317893,264339.09375953674,True,False,False,False,consumer_pod0_proc1_20250628_233748_821339.csv
2883754,synthetic_4,96,1750889542.2243505,1751153868.8177233,264326.5933728218,1751153871.9796877,3.1619644165039062,1751153881.317893,264339.09354257584,True,False,False,False,consumer_pod0_proc1_20250628_233748_821339.csv
2883764,synthetic_4,89,1750889542.224584,1751153868.8177328,264326.5931489468,1751153871.9796877,3.161954879760742,1751153881.317893,264339.0933089256,True,False,False,False,consumer_pod0_proc1_20250628_233748_821339.csv
2883774,synthetic_4,94,1750889542.2248087,1751153868.81774,264326.5929312706,1751153871.9796877,3.161947727203369,1751153881.317893,264339.0930843353,True,False,False,False,consumer_pod0_proc1_20250628_233748_821339.csv
2883784,synthetic_4,84,1750889542.2250187,1751153868.8177538,264326.5927350521,1751153871.9796877,3.161933898925781,1751153881.317893,264339.09287428856,True,False,False,False,consumer_pod0_proc1_20250628_233748_821339.csv
2883794,synthetic_4,93,1750889542.2252262,1751153868.8177607,264326.5925345421,1751153871.9796877,3.1619269847869877,1751153881.317893,264339.0926668644,True,False,False,False,consumer_pod0_proc1_20250628_233748_821339.csv
2883804,synthetic_4,83,1750889542.2254496,1751153868.8177683,264326.59231877327,1751153871.9796877,3.161919355392456,1751153881.317893,264339.0924434662,True,False,False,False,consumer_pod0_proc1_20250628_233748_821339.csv
2883814,synthetic_4,83,1750889542.2256625,1751153868.817775,264326.5921125412,1751153871.9796877,3.161912679672241,1751153881.317893,264339.0922305584,True,False,False,False,consumer_pod0_proc1_20250628_233748_821339.csv
2883824,synthetic_4,83,1750889542.225886,1751153868.8177826,264326.591896534,1751153871.9796877,3.16190505027771,1751153881.317893,264339.09200692177,True,False,False,False,consumer_pod0_proc1_20250628_233748_821339.csv
2883834,synthetic_4,96,1750889542.2261002,1751153868.817789,264326.5916888714,1751153871.9796877,3.161898612976074,1751153881.317893,264339.0917928219,True,False,False,False,consumer_pod0_proc1_20250628_233748_821339.csv
2883844,synthetic_4,102,1750889542.226312,1751153868.817797,264326.5914850235,1751153871.9796877,3.161890745162964,1751153881.317893,264339.0915811062,True,False,False,False,consumer_pod0_proc1_20250628_233748_821339.csv
2883854,synthetic_4,97,1750889542.2265365,1751153868.8178036,264326.59126734734,1751153871.9796877,3.161884069442749,1751153881.317893,264339.0913565159,True,False,False,False,consumer_pod0_proc1_20250628_233748_821339.csv
2883864,synthetic_4,98,1750889542.2267563,1751153868.8178113,264326.5910549164,1751153871.9796877,3.1618764400482178,1751153881.317893,264339.09113669395,True,False,False,False,consumer_pod0_proc1_20250628_233748_821339.csv
2883874,synthetic_4,82,1750889542.2269795,1751153868.817818,264326.5908381939,1751153871.9796877,3.161869764328003,1751153881.317893,264339.09091353416,True,False,False,False,consumer_pod0_proc1_20250628_233748_821339.csv
2883884,synthetic_4,91,1750889542.2271936,1751153868.8178246,264326.59063100815,1751153871.9796877,3.161863088607788,1751153881.317893,264339.0906994343,True,False,False,False,consumer_pod0_proc1_20250628_233748_821339.csv
2883894,synthetic_4,83,1750889542.2274122,1751153868.8178313,264326.59041905403,1751153871.9796877,3.161856412887573,1751153881.317893,264339.09048080444,True,False,False,False,consumer_pod0_proc1_20250628_233748_821339.csv
2883904,synthetic_4,90,1750889542.2276337,1751153868.8178444,264326.5902109146,1751153871.9796877,3.1618432998657227,1751153881.317893,264339.0902593136,True,False,False,False,consumer_pod0_proc1_20250628_233748_821339.csv
2883914,synthetic_4,91,1750889542.2278545,1751153868.8178513,264326.58999705315,1751153871.9796877,3.1618363857269287,1751153881.317893,264339.090038538,True,False,False,False,consumer_pod0_proc1_20250628_233748_821339.csv
2883924,synthetic_4,97,1750889542.2280748,1751153868.817858,264326.5897831917,1751153871.9796877,3.161829710006714,1751153881.317893,264339.0898182392,True,False,False,False,consumer_pod0_proc1_20250628_233748_821339.csv
2883934,synthetic_4,91,1750889542.2283044,1751153868.817865,264326.5895602703,1751153871.9796877,3.16182279586792,1751153881.317893,264339.0895886421,True,False,False,False,consumer_pod0_proc1_20250628_233748_821339.csv
2888204,synthetic_4,102,1750889543.8221817,1751153868.817871,264324.9956898689,1751153871.9796877,3.1618165969848637,1751153881.317893,264337.4957113266,True,False,False,False,consumer_pod0_proc1_20250628_233748_821339.csv
2888214,synthetic_4,96,1750889543.822495,1751153868.8178785,264324.99538350105,1751153871.9796877,3.161809206008911,1751153881.317893,264337.4953980446,True,False,False,False,consumer_pod0_proc1_20250628_233748_821339.csv
2888224,synthetic_4,96,1750889543.8228295,1751153868.8178856,264324.9950559139,1751153871.9796877,3.161802053451538,1751153881.317893,264337.4950635433,True,False,False,False,consumer_pod0_proc1_20250628_233748_821339.csv
2888234,synthetic_4,97,1750889543.823192,1751153868.8178942,264324.9947023392,1751153871.9796877,3.1617934703826904,1751153881.317893,264337.4947011471,True,False,False,False,consumer_pod0_proc1_20250628_233748_821339.csv
2888244,synthetic_4,95,1750889543.823504,1751153868.8179011,264324.9943971634,1751153871.9796877,3.1617865562438965,1751153881.317893,264337.49438905716,True,False,False,False,consumer_pod0_proc1_20250628_233748_821339.csv
2888254,synthetic_4,91,1750889543.8238635,1751153868.8179078,264324.9940440655,1751153871.9796877,3.1617798805236816,1751153881.317893,264337.49402952194,True,False,False,False,consumer_pod0_proc1_20250628_233748_821339.csv
2888264,synthetic_4,84,1750889543.8240864,1751153868.8179138,264324.993827343,1751153871.9796877,3.161773920059204,1751153881.317893,264337.49380660057,True,False,False,False,consumer_pod0_proc1_20250628_233748_821339.csv
2888274,synthetic_4,98,1750889543.8243072,1751153868.8179204,264324.9936132431,1751153871.9796877,3.1617672443389893,1751153881.317893,264337.49358582497,True,False,False,False,consumer_pod0_proc1_20250628_233748_821339.csv
2888284,synthetic_4,102,1750889543.9182837,1751153868.8179276,264324.8996441364,1751153871.9796877,3.161760091781616,1751153881.317893,264337.3996093273,True,False,False,False,consumer_pod0_proc1_20250628_233748_821339.csv
2888294,synthetic_4,103,1750889543.9184697,1751153868.8179407,264324.89947104454,1751153871.9796877,3.1617469787597656,1751153881.317893,264337.3994233608,True,False,False,False,consumer_pod0_proc1_20250628_233748_821339.csv
2888304,synthetic_4,88,1750889543.918682,1751153868.817948,264324.89926600456,1751153871.9796877,3.161739587783813,1751153881.317893,264337.39921092987,True,False,False,False,consumer_pod0_proc1_20250628_233748_821339.csv
2888314,synthetic_4,97,1750889543.918973,1751153868.8179548,264324.8989818096,1751153871.9796877,3.161732912063598,1751153881.317893,264337.3989200592,True,False,False,False,consumer_pod0_proc1_20250628_233748_821339.csv
2888324,synthetic_4,96,1750889543.919269,1751153868.8179617,264324.89869213104,1751153871.9796877,3.1617259979248047,1751153881.317893,264337.3986239433,True,False,False,False,consumer_pod0_proc1_20250628_233748_821339.csv
2888334,synthetic_4,84,1750889543.9195282,1751153868.817968,264324.8984398842,1751153871.9796877,3.161719799041748,1751153881.317893,264337.39836478233,True,False,False,False,consumer_pod0_proc1_20250628_233748_821339.csv
2888344,synthetic_4,96,1750889543.919914,1751153868.8179743,264324.8980603218,1751153871.9796877,3.1617133617401123,1751153881.317893,264337.3979790211,True,False,False,False,consumer_pod0_proc1_20250628_233748_821339.csv
2888354,synthetic_4,91,1750889543.9202497,1751153868.817981,264324.89773130417,1751153871.9796877,3.161706686019897,1751153881.317893,264337.3976433277,True,False,False,False,consumer_pod0_proc1_20250628_233748_821339.csv
2888364,synthetic_4,83,1750889543.9205942,1751153868.8179877,264324.89739346504,1751153871.9796877,3.1617000102996826,1751153881.317893,264337.39729881287,True,False,False,False,consumer_pod0_proc1_20250628_233748_821339.csv
2888374,synthetic_4,101,1750889543.920942,1751153868.8179944,264324.89705228806,1751153871.9796877,3.161693334579468,1751153881.317893,264337.39695096016,True,False,False,False,consumer_pod0_proc1_20250628_233748_821339.csv
2888384,synthetic_4,103,1750889543.9213164,1751153868.8180013,264324.896684885,1751153871.9796877,3.161686420440674,1751153881.317893,264337.396576643,True,False,False,False,consumer_pod0_proc1_20250628_233748_821339.csv
2888394,synthetic_4,104,1750889543.9216354,1751153868.818008,264324.8963725567,1751153871.9796877,3.161679744720459,1751153881.317893,264337.39625763893,True,False,False,False,consumer_pod0_proc1_20250628_233748_821339.csv
2888404,synthetic_4,91,1750889543.9219034,1751153868.8180149,264324.89611148834,1751153871.9796877,3.161672830581665,1751153881.317893,264337.39598965645,True,False,False,False,consumer_pod0_proc1_20250628_233748_821339.csv
2888414,synthetic_4,83,1750889543.9222229,1751153868.8180213,264324.89579844475,1751153871.9796877,3.1616663932800293,1751153881.317893,264337.39567017555,True,False,False,False,consumer_pod0_proc1_20250628_233748_821339.csv
2888424,synthetic_4,82,1750889543.92256,1751153868.8180344,264324.8954744339,1751153871.9796877,3.1616532802581787,1751153881.317893,264337.3953330517,True,False,False,False,consumer_pod0_proc1_20250628_233748_821339.csv
2888434,synthetic_4,91,1750889543.9228573,1751153868.8180408,264324.89518356323,1751153871.9796877,3.161646842956543,1751153881.317893,264337.3950357437,True,False,False,False,consumer_pod0_proc1_20250628_233748_821339.csv
2888444,synthetic_4,83,1750889543.923206,1751153868.8180478,264324.894841671,1751153871.9796877,3.161639928817749,1751153881.317893,264337.39468693733,True,False,False,False,consumer_pod0_proc1_20250628_233748_821339.csv
2888454,synthetic_4,90,1750889543.923524,1751153868.8180554,264324.8945314884,1751153871.9796877,3.1616322994232178,1751153881.317893,264337.39436912537,True,False,False,False,consumer_pod0_proc1_20250628_233748_821339.csv
2888464,synthetic_4,102,1750889543.9238465,1751153868.818062,264324.8942155838,1751153871.9796877,3.161625623703003,1751153881.317893,264337.394046545,True,False,False,False,consumer_pod0_proc1_20250628_233748_821339.csv
2888474,synthetic_4,97,1750889543.9240828,1751153868.8180685,264324.8939857483,1751153871.9796877,3.161619186401367,1751153881.317893,264337.3938102722,True,False,False,False,consumer_pod0_proc1_20250628_233748_821339.csv
2888484,synthetic_4,104,1750889543.9243617,1751153868.8180754,264324.8937137127,1751153871.9796877,3.161612272262573,1751153881.317893,264337.3935313225,True,False,False,False,consumer_pod0_proc1_20250628_233748_821339.csv
2888494,synthetic_4,105,1750889543.9247196,1751153868.8180826,264324.89336299896,1751153871.9796877,3.1616051197052,1751153881.317893,264337.3931734562,True,False,False,False,consumer_pod0_proc1_20250628_233748_821339.csv
2888504,synthetic_4,104,1750889543.9249744,1751153868.8180902,264324.8931157589,1751153871.9796877,3.161597490310669,1751153881.317893,264337.39291858673,True,False,False,False,consumer_pod0_proc1_20250628_233748_821339.csv
2888514,synthetic_4,84,1750889543.9252293,1751153868.8180974,264324.892868042,1751153871.9796877,3.161590337753296,1751153881.317893,264337.39266371727,True,False,False,False,consumer_pod0_proc1_20250628_233748_821339.csv
2888524,synthetic_4,83,1750889543.9254727,1751153868.818104,264324.89263129234,1751153871.9796877,3.161583662033081,1751153881.317893,264337.3924202919,True,False,False,False,consumer_pod0_proc1_20250628_233748_821339.csv
2888534,synthetic_4,91,1750889543.9256942,1751153868.8181105,264324.8924162388,1751153871.9796877,3.1615772247314453,1751153881.317893,264337.39219880104,True,False,False,False,consumer_pod0_proc1_20250628_233748_821339.csv
2888544,synthetic_4,88,1750889544.0190203,1751153868.8181171,264324.79909682274,1751153871.9796877,3.1615705490112305,1751153881.317893,264337.2988727093,True,False,False,False,consumer_pod0_proc1_20250628_233748_821339.csv
2888554,synthetic_4,90,1750889544.0195282,1751153868.8181305,264324.7986023426,1751153871.9796877,3.161557197570801,1751153881.317893,264337.2983648777,True,False,False,False,consumer_pod0_proc1_20250628_233748_821339.csv
2888564,synthetic_4,89,1750889544.0198271,1751153868.8181376,264324.79831051826,1751153871.9796877,3.161550045013428,1751153881.317893,264337.2980659008,True,False,False,False,consumer_pod0_proc1_20250628_233748_821339.csv
2888574,synthetic_4,82,1750889544.020172,1751153868.818145,264324.7979729176,1751153871.9796877,3.161542654037476,1751153881.317893,264337.2977209091,True,False,False,False,consumer_pod0_proc1_20250628_233748_821339.csv
2888584,synthetic_4,91,1750889544.020558,1751153868.8181517,264324.7975935936,1751153871.9796877,3.1615359783172607,1751153881.317893,264337.29733490944,True,False,False,False,consumer_pod0_proc1_20250628_233748_821339.csv
2888594,synthetic_4,82,1750889544.020933,1751153868.8181584,264324.7972254753,1751153871.9796877,3.161529302597046,1751153881.317893,264337.29696011543,True,False,False,False,consumer_pod0_proc1_20250628_233748_821339.csv
2888604,synthetic_4,103,1750889544.021228,1751153868.818165,264324.79693698883,1751153871.9796877,3.161522626876831,1751153881.317893,264337.29666495323,True,False,False,False,consumer_pod0_proc1_20250628_233748_821339.csv
2888614,synthetic_4,83,1750889544.0215902,1751153868.8181722,264324.7965819836,1751153871.9796877,3.161515474319458,1751153881.317893,264337.2963027954,True,False,False,False,consumer_pod0_proc1_20250628_233748_821339.csv
3019764,synthetic_4,83,1750889544.1240437,1751153868.8181791,264324.6941354275,1751153871.9796877,3.161508560180664,1751153881.317893,264337.1938493252,True,False,False,False,consumer_pod0_proc1_20250628_233748_821339.csv
3019774,synthetic_4,89,1750889544.1244187,1751153868.8181856,264324.69376683235,1751153871.9796877,3.1615021228790283,1751153881.317893,264337.19347429276,True,False,False,False,consumer_pod0_proc1_20250628_233748_821339.csv
3019784,synthetic_4,105,1750889544.1247585,1751153868.8181925,264324.693434,1751153871.9796877,3.1614952087402344,1751153881.317893,264337.1931345463,True,False,False,False,consumer_pod0_proc1_20250628_233748_821339.csv
3019794,synthetic_4,104,1750889544.1249394,1751153868.8181994,264324.69325995445,1751153871.9796877,3.1614882946014404,1751153881.317893,264337.1929535866,True,False,False,False,consumer_pod0_proc1_20250628_233748_821339.csv
3019804,synthetic_4,90,1750889544.125105,1751153868.8182251,264324.6931204796,1751153871.9796877,3.161462545394897,1751153881.317893,264337.1927881241,True,False,False,False,consumer_pod0_proc1_20250628_233748_821339.csv
3019814,synthetic_4,97,1750889544.125273,1751153868.8182318,264324.6929588318,1751153871.9796877,3.1614558696746826,1751153881.317893,264337.192620039,True,False,False,False,consumer_pod0_proc1_20250628_233748_821339.csv
3019824,synthetic_4,100,1750889544.125422,1751153868.818246,264324.6928238869,1751153871.9796877,3.161441802978516,1751153881.317893,264337.1924710274,True,False,False,False,consumer_pod0_proc1_20250628_233748_821339.csv
3019834,synthetic_4,91,1750889544.1255624,1751153868.818253,264324.6926906109,1751153871.9796877,3.1614346504211426,1751153881.317893,264337.19233059883,True,False,False,False,consumer_pod0_proc1_20250628_233748_821339.csv
3019844,synthetic_4,83,1750889544.125706,1751153868.8182597,264324.6925535202,1751153871.9796877,3.161427974700928,1751153881.317893,264337.19218707085,True,False,False,False,consumer_pod0_proc1_20250628_233748_821339.csv
3019854,synthetic_4,90,1750889544.1258502,1751153868.818266,264324.69241571426,1751153871.9796877,3.161421775817871,1751153881.317893,264337.1920428276,True,False,False,False,consumer_pod0_proc1_20250628_233748_821339.csv
2888624,synthetic_4,82,1750889544.02193,1751153868.8182728,264324.79634284973,1751153871.9796877,3.161414861679077,1751153881.317893,264337.29596304893,True,True,False,False,consumer_pod0_proc1_20250628_233748_821339.csv
3019864,synthetic_4,91,1750889544.1259966,1751153868.818279,264324.6922824383,1751153871.9796877,3.1614086627960205,1751153881.317893,264337.1918964386,True,False,False,False,consumer_pod0_proc1_20250628_233748_821339.csv
3019874,synthetic_4,88,1750889544.126142,1751153868.8182852,264324.6921432018,1751153871.9796877,3.161402463912964,1751153881.317893,264337.19175100327,True,False,False,False,consumer_pod0_proc1_20250628_233748_821339.csv
3019884,synthetic_4,83,1750889544.1262815,1751153868.818292,264324.6920104027,1751153871.9796877,3.161395788192749,1751153881.317893,264337.1916115284,True,False,False,False,consumer_pod0_proc1_20250628_233748_821339.csv
3019894,synthetic_4,82,1750889544.126421,1751153868.8182986,264324.6918776036,1751153871.9796877,3.161389112472534,1751153881.317893,264337.1914720535,True,False,False,False,consumer_pod0_proc1_20250628_233748_821339.csv
3019904,synthetic_4,105,1750889544.1265707,1751153868.8183048,264324.69173407555,1751153871.9796877,3.161382913589477,1751153881.317893,264337.19132232666,True,False,False,False,consumer_pod0_proc1_20250628_233748_821339.csv
3019914,synthetic_4,103,1750889544.1267169,1751153868.8183117,264324.6915948391,1751153871.9796877,3.161375999450684,1751153881.317893,264337.1911761761,True,False,False,False,consumer_pod0_proc1_20250628_233748_821339.csv
3019924,synthetic_4,83,1750889544.126865,1751153868.8183188,264324.69145417213,1751153871.9796877,3.1613688468933105,1751153881.317893,264337.19102811813,True,False,False,False,consumer_pod0_proc1_20250628_233748_821339.csv
3019934,synthetic_4,91,1750889544.1270142,1751153868.8183317,264324.69131731987,1751153871.9796877,3.161355972290039,1751153881.317893,264337.1908788681,True,False,False,False,consumer_pod0_proc1_20250628_233748_821339.csv
3019944,synthetic_4,101,1750889544.1271548,1751153868.8183384,264324.69118356705,1751153871.9796877,3.161349296569824,1751153881.317893,264337.19073820114,True,False,False,False,consumer_pod0_proc1_20250628_233748_821339.csv
3019954,synthetic_4,83,1750889544.1272998,1751153868.8183453,264324.6910455227,1751153871.9796877,3.1613423824310303,1751153881.317893,264337.19059324265,True,False,False,False,consumer_pod0_proc1_20250628_233748_821339.csv
3019964,synthetic_4,96,1750889544.127445,1751153868.8183513,264324.69090628624,1751153871.9796877,3.1613364219665527,1751153881.317893,264337.19044804573,True,False,False,False,consumer_pod0_proc1_20250628_233748_821339.csv
3019974,synthetic_4,104,1750889544.1275942,1751153868.818359,264324.6907646656,1751153871.9796877,3.161328792572021,1751153881.317893,264337.1902987957,True,False,False,False,consumer_pod0_proc1_20250628_233748_821339.csv
3019984,synthetic_4,94,1750889544.127739,1751153868.818366,264324.6906270981,1751153871.9796877,3.1613216400146484,1751153881.317893,264337.1901540756,True,False,False,False,consumer_pod0_proc1_20250628_233748_821339.csv
3019994,synthetic_4,91,1750889544.1278791,1751153868.8183732,264324.6904940605,1751153871.9796877,3.1613144874572754,1751153881.317893,264337.1900138855,True,False,False,False,consumer_pod0_proc1_20250628_233748_821339.csv
3020004,synthetic_4,97,1750889544.1280308,1751153868.81838,264324.690349102,1751153871.9796877,3.161307573318481,1751153881.317893,264337.1898622513,True,False,False,False,consumer_pod0_proc1_20250628_233748_821339.csv
3020014,synthetic_4,81,1750889544.12818,1751153868.818393,264324.690212965,1751153871.9796877,3.16129469871521,1751153881.317893,264337.18971300125,True,False,False,False,consumer_pod0_proc1_20250628_233748_821339.csv
3020024,synthetic_4,97,1750889544.1283295,1751153868.8183994,264324.69006991386,1751153871.9796877,3.161288261413574,1751153881.317893,264337.1895635128,True,False,False,False,consumer_pod0_proc1_20250628_233748_821339.csv
3020034,synthetic_4,97,1750889544.216579,1751153868.8184066,264324.60182762146,1751153871.9796877,3.161281108856201,1751153881.317893,264337.10131406784,True,False,False,False,consumer_pod0_proc1_20250628_233748_821339.csv
3020044,synthetic_4,97,1750889544.2191105,1751153868.8184135,264324.5993030071,1751153871.9796877,3.1612741947174072,1751153881.317893,264337.09878253937,True,False,False,False,consumer_pod0_proc1_20250628_233748_821339.csv
3020054,synthetic_4,103,1750889544.2193053,1751153868.8184214,264324.59911608696,1751153871.9796877,3.161266326904297,1751153881.317893,264337.0985877514,True,False,False,False,consumer_pod0_proc1_20250628_233748_821339.csv
3020064,synthetic_4,103,1750889544.219517,1751153868.8184345,264324.5989174843,1751153871.9796877,3.1612532138824463,1751153881.317893,264337.0983760357,True,False,False,False,consumer_pod0_proc1_20250628_233748_821339.csv
3020074,synthetic_4,88,1750889544.219689,1751153868.8184414,264324.5987524986,1751153871.9796877,3.1612462997436523,1751153881.317893,264337.0982041359,True,False,False,False,consumer_pod0_proc1_20250628_233748_821339.csv
3020084,synthetic_4,103,1750889544.21992,1751153868.818448,264324.59852814674,1751153871.9796877,3.161239624023437,1751153881.317893,264337.0979731083,True,False,False,False,consumer_pod0_proc1_20250628_233748_821339.csv
3020094,synthetic_4,84,1750889544.2201428,1751153868.8184547,264324.5983119011,1751153871.9796877,3.1612329483032227,1751153881.317893,264337.0977501869,True,False,False,False,consumer_pod0_proc1_20250628_233748_821339.csv
3020104,synthetic_4,91,1750889544.2205565,1751153868.818461,264324.59790468216,1751153871.9796877,3.161226749420166,1751153881.317893,264337.0973365307,True,False,False,False,consumer_pod0_proc1_20250628_233748_821339.csv
3020114,synthetic_4,105,1750889544.220893,1751153868.8184674,264324.59757471085,1751153871.9796877,3.1612203121185303,1751153881.317893,264337.09700012207,True,False,False,False,consumer_pod0_proc1_20250628_233748_821339.csv
3020124,synthetic_4,84,1750889544.2212129,1751153868.8184743,264324.59726142883,1751153871.9796877,3.1612133979797363,1751153881.317893,264337.09668016434,True,False,False,False,consumer_pod0_proc1_20250628_233748_821339.csv
3020134,synthetic_4,96,1750889544.2215266,1751153868.818481,264324.5969543457,1751153871.9796877,3.161206722259521,1751153881.317893,264337.0963664055,True,False,False,False,consumer_pod0_proc1_20250628_233748_821339.csv
3020144,synthetic_4,104,1750889544.2219694,1751153868.8184874,264324.5965180397,1751153871.9796877,3.1612002849578857,1751153881.317893,264337.0959236622,True,False,False,False,consumer_pod0_proc1_20250628_233748_821339.csv
3020154,synthetic_4,83,1750889544.2224925,1751153868.8184938,264324.59600138664,1751153871.9796877,3.16119384765625,1751153881.317893,264337.0954005718,True,False,False,False,consumer_pod0_proc1_20250628_233748_821339.csv
3020164,synthetic_4,83,1750889544.2227097,1751153868.8185,264324.5957903862,1751153871.9796877,3.1611876487731934,1751153881.317893,264337.0951833725,True,False,False,False,consumer_pod0_proc1_20250628_233748_821339.csv
3020174,synthetic_4,97,1750889544.223112,1751153868.8185067,264324.59539461136,1751153871.9796877,3.1611809730529785,1751153881.317893,264337.09478092194,True,False,False,False,consumer_pod0_proc1_20250628_233748_821339.csv
3020184,synthetic_4,97,1750889544.2233205,1751153868.8185134,264324.59519290924,1751153871.9796877,3.161174297332764,1751153881.317893,264337.0945725441,True,False,False,False,consumer_pod0_proc1_20250628_233748_821339.csv
3020194,synthetic_4,89,1750889544.223517,1751153868.818527,264324.5950100422,1751153871.9796877,3.161160707473755,1751153881.317893,264337.0943760872,True,False,False,False,consumer_pod0_proc1_20250628_233748_821339.csv
3020204,synthetic_4,103,1750889544.2237108,1751153868.8185337,264324.5948228836,1751153871.9796877,3.16115403175354,1751153881.317893,264337.0941822529,True,False,False,False,consumer_pod0_proc1_20250628_233748_821339.csv
3020214,synthetic_4,89,1750889544.2239091,1751153868.8185403,264324.59463119507,1751153871.9796877,3.161147356033325,1751153881.317893,264337.0939838886,True,False,False,False,consumer_pod0_proc1_20250628_233748_821339.csv
3020224,synthetic_4,84,1750889544.2242436,1751153868.818553,264324.59430933,1751153871.9796877,3.161134719848633,1751153881.317893,264337.09364938736,True,False,False,False,consumer_pod0_proc1_20250628_233748_821339.csv
3020234,synthetic_4,104,1750889544.224442,1751153868.8185596,264324.59411764145,1751153871.9796877,3.161128044128418,1751153881.317893,264337.0934510231,True,False,False,False,consumer_pod0_proc1_20250628_233748_821339.csv
3020244,synthetic_4,90,1750889544.2246904,1751153868.8185666,264324.5938761234,1751153871.9796877,3.161121129989624,1751153881.317893,264337.09320259094,True,False,False,False,consumer_pod0_proc1_20250628_233748_821339.csv
3020254,synthetic_4,96,1750889544.22488,1751153868.8185737,264324.5936934948,1751153871.9796877,3.161113977432251,1751153881.317893,264337.0930130482,True,False,False,False,consumer_pod0_proc1_20250628_233748_821339.csv
3020264,synthetic_4,89,1750889544.2250764,1751153868.81858,264324.5935034752,1751153871.9796877,3.1611077785491943,1751153881.317893,264337.09281659126,True,False,False,False,consumer_pod0_proc1_20250628_233748_821339.csv
3020274,synthetic_4,104,1750889544.2252429,1751153868.8185863,264324.5933434963,1751153871.9796877,3.1611013412475586,1751153881.317893,264337.0926501751,True,False,False,False,consumer_pod0_proc1_20250628_233748_821339.csv
3020284,synthetic_4,105,1750889544.2254078,1751153868.818593,264324.5931851864,1751153871.9796877,3.161094665527344,1751153881.317893,264337.09248518944,True,False,False,False,consumer_pod0_proc1_20250628_233748_821339.csv
3020294,synthetic_4,88,1750889544.2255688,1751153868.8186,264324.593031168,1751153871.9796877,3.16108775138855,1751153881.317893,264337.0923242569,True,False,False,False,consumer_pod0_proc1_20250628_233748_821339.csv
3020304,synthetic_4,103,1750889544.225751,1751153868.818606,264324.5928552151,1751153871.9796877,3.1610817909240723,1751153881.317893,264337.0921421051,True,False,False,False,consumer_pod0_proc1_20250628_233748_821339.csv
3020314,synthetic_4,97,1750889544.225924,1751153868.8186128,264324.5926887989,1751153871.9796877,3.1610748767852783,1751153881.317893,264337.0919690132,True,False,False,False,consumer_pod0_proc1_20250628_233748_821339.csv
3020324,synthetic_4,81,1750889544.2260945,1751153868.8186262,264324.59253168106,1751153871.9796877,3.1610615253448486,1751153881.317893,264337.09179854393,True,False,False,False,consumer_pod0_proc1_20250628_233748_821339.csv
3020334,synthetic_4,103,1750889544.226262,1751153868.8186333,264324.59237122536,1751153871.9796877,3.161054372787476,1751153881.317893,264337.09163093567,True,False,False,False,consumer_pod0_proc1_20250628_233748_821339.csv
3020344,synthetic_4,97,1750889544.2264323,1751153868.8186398,264324.5922074318,1751153871.9796877,3.16104793548584,1751153881.317893,264337.0914607048,True,False,False,False,consumer_pod0_proc1_20250628_233748_821339.csv
3020354,synthetic_4,96,1750889544.226601,1751153868.8186464,264324.5920455456,1751153871.9796877,3.161041259765625,1751153881.317893,264337.09129214287,True,False,False,False,consumer_pod0_proc1_20250628_233748_821339.csv
3020364,synthetic_4,80,1750889544.226764,1751153868.818653,264324.591889143,1751153871.9796877,3.16103458404541,1751153881.317893,264337.09112906456,True,False,False,False,consumer_pod0_proc1_20250628_233748_821339.csv
3020374,synthetic_4,105,1750889544.2269368,1751153868.8186595,264324.5917227268,1751153871.9796877,3.1610281467437744,1751153881.317893,264337.0909562111,True,False,False,False,consumer_pod0_proc1_20250628_233748_821339.csv
3020384,synthetic_4,98,1750889544.2270863,1751153868.8186665,264324.5915799141,1751153871.9796877,3.1610212326049805,1751153881.317893,264337.09080672264,True,False,False,False,consumer_pod0_proc1_20250628_233748_821339.csv
3020394,synthetic_4,82,1750889544.227486,1751153868.8186736,264324.5911874771,1751153871.9796877,3.1610140800476074,1751153881.317893,264337.0904071331,True,False,False,False,consumer_pod0_proc1_20250628_233748_821339.csv
3020404,synthetic_4,84,1750889544.2276332,1751153868.8186798,264324.59104657173,1751153871.9796877,3.161007881164551,1751153881.317893,264337.0902597904,True,False,False,False,consumer_pod0_proc1_20250628_233748_821339.csv
3020414,synthetic_4,98,1750889544.227779,1751153868.8186865,264324.5909078121,1751153871.9796877,3.161001205444336,1751153881.317893,264337.09011411667,True,False,False,False,consumer_pod0_proc1_20250628_233748_821339.csv
3020424,synthetic_4,83,1750889544.2279222,1751153868.8186946,264324.5907723904,1751153871.9796877,3.1609930992126465,1751153881.317893,264337.0899708271,True,False,False,False,consumer_pod0_proc1_20250628_233748_821339.csv
3020434,synthetic_4,84,1750889544.2280722,1751153868.81871,264324.5906379223,1751153871.9796877,3.160977602005005,1751153881.317893,264337.0898208618,True,False,False,False,consumer_pod0_proc1_20250628_233748_821339.csv
3020444,synthetic_4,84,1750889544.2282164,1751153868.8187168,264324.5905003548,1751153871.9796877,3.16097092628479,1751153881.317893,264337.0896766186,True,False,False,False,consumer_pod0_proc1_20250628_233748_821339.csv
3020454,synthetic_4,84,1750889544.2283645,1751153868.8187296,264324.59036517143,1751153871.9796877,3.1609580516815186,1751153881.317893,264337.08952856064,True,False,False,False,consumer_pod0_proc1_20250628_233748_821339.csv
3020464,synthetic_4,98,1750889544.3171406,1751153868.8187368,264324.5015962124,1751153871.9796877,3.160950899124145,1751153881.317893,264337.00075244904,True,False,False,False,consumer_pod0_proc1_20250628_233748_821339.csv
3020474,synthetic_4,88,1750889544.319699,1751153868.8187437,264324.49904465675,1751153871.9796877,3.160943984985352,1751153881.317893,264336.99819397926,True,False,False,False,consumer_pod0_proc1_20250628_233748_821339.csv
3020484,synthetic_4,98,1750889544.3199267,1751153868.8187506,264324.49882388115,1751153871.9796877,3.1609370708465576,1751153881.317893,264336.9979662895,True,False,False,False,consumer_pod0_proc1_20250628_233748_821339.csv
3020494,synthetic_4,96,1750889544.320203,1751153868.8187582,264324.4985551834,1751153871.9796877,3.1609294414520264,1751153881.317893,264336.9976899624,True,False,False,False,consumer_pod0_proc1_20250628_233748_821339.csv
3020504,synthetic_4,91,1750889544.320495,1751153868.8187654,264324.49827075005,1751153871.9796877,3.1609222888946533,1751153881.317893,264336.99739813805,True,False,False,False,consumer_pod0_proc1_20250628_233748_821339.csv
3020514,synthetic_4,98,1750889544.3207242,1751153868.8187723,264324.4980480671,1751153871.9796877,3.16091537475586,1751153881.317893,264336.9971687794,True,False,False,False,consumer_pod0_proc1_20250628_233748_821339.csv
3020524,synthetic_4,84,1750889544.3208883,1751153868.818779,264324.49789071083,1751153871.9796877,3.1609086990356445,1751153881.317893,264336.9970047474,True,False,False,False,consumer_pod0_proc1_20250628_233748_821339.csv
3020534,synthetic_4,104,1750889544.3211057,1751153868.8187854,264324.4976799488,1751153871.9796877,3.160902261734009,1751153881.317893,264336.99678730965,True,False,False,False,consumer_pod0_proc1_20250628_233748_821339.csv
3020544,synthetic_4,91,1750889544.3212762,1751153868.8187923,264324.49751615524,1751153871.9796877,3.160895347595215,1751153881.317893,264336.99661684036,True,False,False,False,consumer_pod0_proc1_20250628_233748_821339.csv
3020554,synthetic_4,97,1750889544.321446,1751153868.818799,264324.49735307693,1751153871.9796877,3.160888671875,1751153881.317893,264336.99644708633,True,False,False,False,consumer_pod0_proc1_20250628_233748_821339.csv
3020564,synthetic_4,95,1750889544.321614,1751153868.8188062,264324.4971921444,1751153871.9796877,3.160881519317627,1751153881.317893,264336.99627900124,True,False,False,False,consumer_pod0_proc1_20250628_233748_821339.csv
3020574,synthetic_4,96,1750889544.3217824,1751153868.8188214,264324.49703907967,1751153871.9796877,3.1608662605285645,1751153881.317893,264336.9961106777,True,False,False,False,consumer_pod0_proc1_20250628_233748_821339.csv
3020584,synthetic_4,83,1750889544.321944,1751153868.818829,264324.49688506126,1751153871.9796877,3.160858631134033,1751153881.317893,264336.9959490299,True,False,False,False,consumer_pod0_proc1_20250628_233748_821339.csv
3020594,synthetic_4,91,1750889544.3221135,1751153868.818835,264324.4967215061,1751153871.9796877,3.160852670669556,1751153881.317893,264336.9957795143,True,False,False,False,consumer_pod0_proc1_20250628_233748_821339.csv
3020604,synthetic_4,102,1750889544.322289,1751153868.8188417,264324.49655246735,1751153871.9796877,3.160845994949341,1751153881.317893,264336.99560403824,True,False,False,False,consumer_pod0_proc1_20250628_233748_821339.csv
3020614,synthetic_4,98,1750889544.3224542,1751153868.8188484,264324.4963941574,1751153871.9796877,3.160839319229126,1751153881.317893,264336.99543881416,True,False,False,False,consumer_pod0_proc1_20250628_233748_821339.csv
3020624,synthetic_4,91,1750889544.3227465,1751153868.8188555,264324.4961092472,1751153871.9796877,3.160832166671753,1751153881.317893,264336.995146513,True,False,False,False,consumer_pod0_proc1_20250628_233748_821339.csv
3020634,synthetic_4,88,1750889544.322925,1751153868.8188624,264324.495937109,1751153871.9796877,3.160825252532959,1751153881.317893,264336.99496793747,True,False,False,False,consumer_pod0_proc1_20250628_233748_821339.csv
3020644,synthetic_4,91,1750889544.3230846,1751153868.8188689,264324.4957842827,1751153871.9796877,3.1608188152313232,1751153881.317893,264336.99480843544,True,False,False,False,consumer_pod0_proc1_20250628_233748_821339.csv
3020654,synthetic_4,97,1750889544.3232503,1751153868.8188818,264324.495631218,1751153871.9796877,3.160805940628052,1751153881.317893,264336.9946427345,True,False,False,False,consumer_pod0_proc1_20250628_233748_821339.csv
3020664,synthetic_4,83,1750889544.3234124,1751153868.818889,264324.4954764843,1751153871.9796877,3.1607987880706787,1751153881.317893,264336.9944806099,True,False,False,False,consumer_pod0_proc1_20250628_233748_821339.csv
2889484,synthetic_4,97,1750889544.4230876,1751153868.818895,264324.39580750465,1751153871.9796877,3.160792589187622,1751153881.317893,264336.89480543137,True,True,False,False,consumer_pod0_proc1_20250628_233748_821339.csv
2889494,synthetic_4,83,1750889544.4234624,1751153868.818902,264324.3954396248,1751153871.9796877,3.160785675048828,1751153881.317893,264336.89443063736,True,False,False,False,consumer_pod0_proc1_20250628_233748_821339.csv
2889504,synthetic_4,98,1750889544.423874,1751153868.8189092,264324.39503502846,1751153871.9796877,3.160778522491455,1751153881.317893,264336.8940191269,True,False,False,False,consumer_pod0_proc1_20250628_233748_821339.csv
2889514,synthetic_4,89,1750889544.4242604,1751153868.818922,264324.39466166496,1751153871.9796877,3.160765647888184,1751153881.317893,264336.8936326504,True,False,False,False,consumer_pod0_proc1_20250628_233748_821339.csv
2889524,synthetic_4,83,1750889544.4247005,1751153868.8189282,264324.39422774315,1751153871.9796877,3.160759449005127,1751153881.317893,264336.8931925297,True,False,False,False,consumer_pod0_proc1_20250628_233748_821339.csv
3020674,synthetic_4,95,1750889544.3239276,1751153868.818935,264324.4950070381,1751153871.9796877,3.160752773284912,1751153881.317893,264336.99396538734,True,False,False,False,consumer_pod0_proc1_20250628_233748_821339.csv
2889534,synthetic_4,90,1750889544.4250622,1751153868.818942,264324.39387989044,1751153871.9796877,3.160745620727539,1751153881.317893,264336.8928308487,True,True,False,False,consumer_pod0_proc1_20250628_233748_821339.csv
2889544,synthetic_4,103,1750889544.4254582,1751153868.8189485,264324.39349007607,1751153871.9796877,3.1607391834259038,1751153881.317893,264336.89243483543,True,False,False,False,consumer_pod0_proc1_20250628_233748_821339.csv
2889554,synthetic_4,84,1750889544.4257865,1751153868.8189552,264324.39316892624,1751153871.9796877,3.1607325077056885,1751153881.317893,264336.89210653305,True,False,False,False,consumer_pod0_proc1_20250628_233748_821339.csv
2889564,synthetic_4,82,1750889544.4260278,1751153868.8189616,264324.3929338455,1751153871.9796877,3.1607260704040527,1751153881.317893,264336.89186525345,True,False,False,False,consumer_pod0_proc1_20250628_233748_821339.csv
2889574,synthetic_4,102,1750889544.426263,1751153868.8189678,264324.39270448685,1751153871.9796877,3.160719871520996,1751153881.317893,264336.8916299343,True,False,False,False,consumer_pod0_proc1_20250628_233748_821339.csv
2889584,synthetic_4,84,1750889544.4264965,1751153868.8189745,264324.3924782276,1751153871.9796877,3.160713195800781,1751153881.317893,264336.8913965225,True,False,False,False,consumer_pod0_proc1_20250628_233748_821339.csv
2889594,synthetic_4,98,1750889544.4267154,1751153868.818981,264324.39226555824,1751153871.9796877,3.160706758499145,1751153881.317893,264336.89117765427,True,False,False,False,consumer_pod0_proc1_20250628_233748_821339.csv
2889604,synthetic_4,96,1750889544.426929,1751153868.8189874,264324.3920583725,1751153871.9796877,3.1607003211975098,1751153881.317893,264336.8909640312,True,False,False,False,consumer_pod0_proc1_20250628_233748_821339.csv
2889614,synthetic_4,102,1750889544.4271495,1751153868.8189943,264324.39184498787,1751153871.9796877,3.160693407058716,1751153881.317893,264336.89074349403,True,False,False,False,consumer_pod0_proc1_20250628_233748_821339.csv
2889624,synthetic_4,91,1750889544.4273667,1751153868.8190012,264324.39163446426,1751153871.9796877,3.160686492919922,1751153881.317893,264336.8905262947,True,False,False,False,consumer_pod0_proc1_20250628_233748_821339.csv
2889634,synthetic_4,90,1750889544.4276006,1751153868.8190143,264324.3914139271,1751153871.9796877,3.1606733798980717,1751153881.317893,264336.8902924061,True,False,False,False,consumer_pod0_proc1_20250628_233748_821339.csv
2889644,synthetic_4,104,1750889544.4278202,1751153868.819022,264324.39120173454,1751153871.9796877,3.16066575050354,1751153881.317893,264336.89007282257,True,False,False,False,consumer_pod0_proc1_20250628_233748_821339.csv
2889654,synthetic_4,103,1750889544.428045,1751153868.819029,264324.3909840584,1751153871.9796877,3.160658597946167,1751153881.317893,264336.88984799385,True,False,False,False,consumer_pod0_proc1_20250628_233748_821339.csv
2889664,synthetic_4,91,1750889544.4282615,1751153868.8190422,264324.39078068733,1751153871.9796877,3.1606454849243164,1751153881.317893,264336.8896315098,True,False,False,False,consumer_pod0_proc1_20250628_233748_821339.csv
2889674,synthetic_4,90,1750889544.5178416,1751153868.819049,264324.301207304,1751153871.9796877,3.1606388092041016,1751153881.317893,264336.80005145073,True,False,False,False,consumer_pod0_proc1_20250628_233748_821339.csv
2889684,synthetic_4,90,1750889544.5188289,1751153868.8190556,264324.3002266884,1751153871.9796877,3.1606321334838867,1751153881.317893,264336.7990641594,True,False,False,False,consumer_pod0_proc1_20250628_233748_821339.csv
2889694,synthetic_4,104,1750889544.519243,1751153868.8190627,264324.29981970787,1751153871.9796877,3.1606249809265137,1751153881.317893,264336.7986500263,True,False,False,False,consumer_pod0_proc1_20250628_233748_821339.csv
2889704,synthetic_4,81,1750889544.51966,1751153868.8190696,264324.2994096279,1751153871.9796877,3.16061806678772,1751153881.317893,264336.7982330322,True,False,False,False,consumer_pod0_proc1_20250628_233748_821339.csv
2889714,synthetic_4,102,1750889544.5200806,1751153868.8190763,264324.29899573326,1751153871.9796877,3.160611391067505,1751153881.317893,264336.79781246185,True,False,False,False,consumer_pod0_proc1_20250628_233748_821339.csv
2889724,synthetic_4,98,1750889544.5204537,1751153868.819083,264324.2986295223,1751153871.9796877,3.16060471534729,1751153881.317893,264336.7974393368,True,False,False,False,consumer_pod0_proc1_20250628_233748_821339.csv
2889734,synthetic_4,105,1750889544.5209088,1751153868.8190897,264324.29818081856,1751153871.9796877,3.160598039627075,1751153881.317893,264336.7969841957,True,False,False,False,consumer_pod0_proc1_20250628_233748_821339.csv
2889744,synthetic_4,104,1750889544.521305,1751153868.8190966,264324.2977912426,1751153871.9796877,3.160591125488281,1751153881.317893,264336.79658794403,True,False,False,False,consumer_pod0_proc1_20250628_233748_821339.csv
2889754,synthetic_4,95,1750889544.521679,1751153868.8191037,264324.2974245548,1751153871.9796877,3.160583972930908,1751153881.317893,264336.7962141037,True,False,False,False,consumer_pod0_proc1_20250628_233748_821339.csv
2889764,synthetic_4,90,1750889544.5220318,1751153868.819117,264324.2970852852,1751153871.9796877,3.1605706214904785,1751153881.317893,264336.7958612442,True,False,False,False,consumer_pod0_proc1_20250628_233748_821339.csv
2889774,synthetic_4,84,1750889544.5224257,1751153868.8191235,264324.2966980934,1751153871.9796877,3.1605641841888428,1751153881.317893,264336.7954673767,True,False,False,False,consumer_pod0_proc1_20250628_233748_821339.csv
2889784,synthetic_4,105,1750889544.5228145,1751153868.81913,264324.2963154316,1751153871.9796877,3.160557746887207,1751153881.317893,264336.795078516,True,False,False,False,consumer_pod0_proc1_20250628_233748_821339.csv
2889794,synthetic_4,101,1750889544.523238,1751153868.8191366,264324.2958986759,1751153871.9796877,3.160551071166992,1751153881.317893,264336.7946550846,True,False,False,False,consumer_pod0_proc1_20250628_233748_821339.csv
2889804,synthetic_4,89,1750889544.523642,1751153868.8191435,264324.29550147057,1751153871.9796877,3.1605441570281982,1751153881.317893,264336.7942509651,True,False,False,False,consumer_pod0_proc1_20250628_233748_821339.csv
2889814,synthetic_4,102,1750889544.523953,1751153868.8191495,264324.2951967716,1751153871.9796877,3.1605381965637207,1751153881.317893,264336.7939400673,True,False,False,False,consumer_pod0_proc1_20250628_233748_821339.csv
2889824,synthetic_4,97,1750889544.5241911,1751153868.8191562,264324.2949650288,1751153871.9796877,3.160531520843506,1751153881.317893,264336.79370188713,True,False,False,False,consumer_pod0_proc1_20250628_233748_821339.csv
2889834,synthetic_4,104,1750889544.524419,1751153868.819163,264324.29474401474,1751153871.9796877,3.160524606704712,1751153881.317893,264336.79347395897,True,False,False,False,consumer_pod0_proc1_20250628_233748_821339.csv
2889844,synthetic_4,104,1750889544.5246582,1751153868.8191695,264324.2945113182,1751153871.9796877,3.160518169403076,1751153881.317893,264336.79323482513,True,False,False,False,consumer_pod0_proc1_20250628_233748_821339.csv
2889854,synthetic_4,83,1750889544.524881,1751153868.8191764,264324.2942955494,1751153871.9796877,3.1605112552642822,1751153881.317893,264336.7930121422,True,False,False,False,consumer_pod0_proc1_20250628_233748_821339.csv
2889864,synthetic_4,83,1750889544.5251043,1751153868.8191826,264324.29407811165,1751153871.9796877,3.1605050563812256,1751153881.317893,264336.792788744,True,False,False,False,consumer_pod0_proc1_20250628_233748_821339.csv
2889874,synthetic_4,84,1750889544.5253327,1751153868.819189,264324.2938563824,1751153871.9796877,3.16049861907959,1751153881.317893,264336.792560339,True,False,False,False,consumer_pod0_proc1_20250628_233748_821339.csv
2889884,synthetic_4,90,1750889544.5255587,1751153868.819203,264324.2936439514,1751153871.9796877,3.160484790802002,1751153881.317893,264336.79233431816,True,False,False,False,consumer_pod0_proc1_20250628_233748_821339.csv
2889894,synthetic_4,104,1750889544.5258007,1751153868.8192177,264324.2934169769,1751153871.9796877,3.1604700088500977,1751153881.317893,264336.7920923233,True,False,False,False,consumer_pod0_proc1_20250628_233748_821339.csv
2889904,synthetic_4,88,1750889544.526032,1751153868.8192267,264324.2931947708,1751153871.9796877,3.160460948944092,1751153881.317893,264336.7918610573,True,False,False,False,consumer_pod0_proc1_20250628_233748_821339.csv
2889914,synthetic_4,83,1750889544.5262544,1751153868.8192348,264324.2929804325,1751153871.9796877,3.1604528427124023,1751153881.317893,264336.79163861275,True,False,False,False,consumer_pod0_proc1_20250628_233748_821339.csv
2889924,synthetic_4,91,1750889544.5264795,1751153868.819243,264324.2927632332,1751153871.9796877,3.160444736480713,1751153881.317893,264336.7914135456,True,False,False,False,consumer_pod0_proc1_20250628_233748_821339.csv
2889934,synthetic_4,84,1750889544.5267165,1751153868.819251,264324.29253458977,1751153871.9796877,3.1604366302490234,1751153881.317893,264336.79117655754,True,False,False,False,consumer_pod0_proc1_20250628_233748_821339.csv
2889944,synthetic_4,96,1750889544.526944,1751153868.819259,264324.29231500626,1751153871.9796877,3.160428762435913,1751153881.317893,264336.7909491062,True,False,False,False,consumer_pod0_proc1_20250628_233748_821339.csv
2889954,synthetic_4,90,1750889544.5271802,1751153868.8192673,264324.2920870781,1751153871.9796877,3.1604204177856445,1751153881.317893,264336.7907128334,True,False,False,False,consumer_pod0_proc1_20250628_233748_821339.csv
2889964,synthetic_4,104,1750889544.5274162,1751153868.8192754,264324.29185914993,1751153871.9796877,3.160412311553955,1751153881.317893,264336.790476799,True,False,False,False,consumer_pod0_proc1_20250628_233748_821339.csv
2889974,synthetic_4,84,1750889544.5276408,1751153868.8192835,264324.29164266586,1751153871.9796877,3.1604042053222656,1751153881.317893,264336.7902522087,True,False,False,False,consumer_pod0_proc1_20250628_233748_821339.csv
2889984,synthetic_4,83,1750889544.5278664,1751153868.819291,264324.2914247513,1751153871.9796877,3.1603965759277344,1751153881.317893,264336.79002666473,True,False,False,False,consumer_pod0_proc1_20250628_233748_821339.csv
2889994,synthetic_4,98,1750889544.5280776,1751153868.8192985,264324.2912209034,1751153871.9796877,3.1603891849517822,1751153881.317893,264336.7898154259,True,False,False,False,consumer_pod0_proc1_20250628_233748_821339.csv
2890004,synthetic_4,89,1750889544.5282989,1751153868.819307,264324.291008234,1751153871.9796877,3.1603806018829346,1751153881.317893,264336.78959417343,True,False,False,False,consumer_pod0_proc1_20250628_233748_821339.csv
2890014,synthetic_4,104,1750889544.6179118,1751153868.819323,264324.20141124725,1751153871.9796877,3.1603646278381348,1751153881.317893,264336.6999812126,True,False,False,False,consumer_pod0_proc1_20250628_233748_821339.csv
2890024,synthetic_4,90,1750889544.6197028,1751153868.819332,264324.1996290684,1751153871.9796877,3.160355806350708,1751153881.317893,264336.69819021225,True,False,False,False,consumer_pod0_proc1_20250628_233748_821339.csv
2890034,synthetic_4,84,1750889544.6199818,1751153868.8193398,264324.19935798645,1751153871.9796877,3.1603479385375977,1751153881.317893,264336.6979112625,True,False,False,False,consumer_pod0_proc1_20250628_233748_821339.csv
2890044,synthetic_4,83,1750889544.6202042,1751153868.8193471,264324.1991429329,1751153871.9796877,3.160340547561645,1751153881.317893,264336.697688818,True,False,False,False,consumer_pod0_proc1_20250628_233748_821339.csv
2890054,synthetic_4,97,1750889544.6205802,1751153868.8193552,264324.198775053,1751153871.9796877,3.160332441329956,1751153881.317893,264336.6973128319,True,False,False,False,consumer_pod0_proc1_20250628_233748_821339.csv
2890064,synthetic_4,89,1750889544.6209016,1751153868.8193634,264324.198461771,1751153871.9796877,3.1603243350982666,1751153881.317893,264336.69699144363,True,False,False,False,consumer_pod0_proc1_20250628_233748_821339.csv
2890074,synthetic_4,103,1750889544.6212444,1751153868.8193712,264324.1981267929,1751153871.9796877,3.160316467285156,1751153881.317893,264336.6966485977,True,False,False,False,consumer_pod0_proc1_20250628_233748_821339.csv
2890084,synthetic_4,97,1750889544.6215568,1751153868.8193789,264324.197822094,1751153871.9796877,3.160308837890625,1751153881.317893,264336.6963362694,True,False,False,False,consumer_pod0_proc1_20250628_233748_821339.csv
2890094,synthetic_4,83,1750889544.6218514,1751153868.8193965,264324.1975450516,1751153871.9796877,3.1602911949157715,1751153881.317893,264336.696041584,True,False,False,False,consumer_pod0_proc1_20250628_233748_821339.csv
2890104,synthetic_4,84,1750889544.622162,1751153868.8194046,264324.1972427368,1751153871.9796877,3.160283088684082,1751153881.317893,264336.6957309246,True,False,False,False,consumer_pod0_proc1_20250628_233748_821339.csv
2890114,synthetic_4,97,1750889544.6224413,1751153868.8194122,264324.19697093964,1751153871.9796877,3.160275459289551,1751153881.317893,264336.69545173645,True,False,False,False,consumer_pod0_proc1_20250628_233748_821339.csv
2890124,synthetic_4,97,1750889544.6227336,1751153868.81942,264324.1966865063,1751153871.9796877,3.1602675914764404,1751153881.317893,264336.6951594353,True,False,False,False,consumer_pod0_proc1_20250628_233748_821339.csv
2890134,synthetic_4,98,1750889544.6230316,1751153868.8194287,264324.1963970661,1751153871.9796877,3.1602590084075928,1751153881.317893,264336.69486141205,True,False,False,False,consumer_pod0_proc1_20250628_233748_821339.csv
2890144,synthetic_4,104,1750889544.623338,1751153868.8194437,264324.1961057186,1751153871.9796877,3.1602439880371094,1751153881.317893,264336.6945550442,True,False,False,False,consumer_pod0_proc1_20250628_233748_821339.csv
2890154,synthetic_4,98,1750889544.6236537,1751153868.819452,264324.19579839706,1751153871.9796877,3.160235643386841,1751153881.317893,264336.694239378,True,False,False,False,consumer_pod0_proc1_20250628_233748_821339.csv
2890164,synthetic_4,84,1750889544.6239295,1751153868.8194604,264324.195530653,1751153871.9796877,3.1602272987365723,1751153881.317893,264336.6939635277,True,False,False,False,consumer_pod0_proc1_20250628_233748_821339.csv
2890174,synthetic_4,98,1750889544.6241677,1751153868.8194678,264324.19530010223,1751153871.9796877,3.16021990776062,1751153881.317893,264336.6937253475,True,False,False,False,consumer_pod0_proc1_20250628_233748_821339.csv
2890184,synthetic_4,90,1750889544.6243927,1751153868.8194745,264324.1950817108,1751153871.9796877,3.1602132320404053,1751153881.317893,264336.6935002804,True,False,False,False,consumer_pod0_proc1_20250628_233748_821339.csv
2890194,synthetic_4,105,1750889544.6246295,1751153868.819481,264324.19485116005,1751153871.9796877,3.160206794738769,1751153881.317893,264336.69326353073,True,False,False,False,consumer_pod0_proc1_20250628_233748_821339.csv
2890204,synthetic_4,105,1750889544.6248686,1751153868.819487,264324.19461870193,1751153871.9796877,3.160200595855713,1751153881.317893,264336.6930243969,True,False,False,False,consumer_pod0_proc1_20250628_233748_821339.csv
2890214,synthetic_4,90,1750889544.6250951,1751153868.8194945,264324.19439935684,1751153871.9796877,3.1601932048797607,1751153881.317893,264336.69279789925,True,False,False,False,consumer_pod0_proc1_20250628_233748_821339.csv
2890224,synthetic_4,91,1750889544.6253247,1751153868.8195004,264324.1941757202,1751153871.9796877,3.160187244415283,1751153881.317893,264336.69256830215,True,False,False,False,consumer_pod0_proc1_20250628_233748_821339.csv
2890234,synthetic_4,84,1750889544.6255534,1751153868.8195066,264324.1939532757,1751153871.9796877,3.1601810455322266,1751153881.317893,264336.69233965874,True,False,False,False,consumer_pod0_proc1_20250628_233748_821339.csv
2890244,synthetic_4,102,1750889544.6257763,1751153868.819513,264324.1937365532,1751153871.9796877,3.160174608230591,1751153881.317893,264336.69211673737,True,False,False,False,consumer_pod0_proc1_20250628_233748_821339.csv
2890254,synthetic_4,88,1750889544.62601,1751153868.8195202,264324.193510294,1751153871.9796877,3.1601674556732178,1751153881.317893,264336.69188308716,True,False,False,False,consumer_pod0_proc1_20250628_233748_821339.csv
2890264,synthetic_4,90,1750889544.6262414,1751153868.8195264,264324.1932849884,1751153871.9796877,3.160161256790161,1751153881.317893,264336.6916515827,True,False,False,False,consumer_pod0_proc1_20250628_233748_821339.csv
2890274,synthetic_4,84,1750889544.6264777,1751153868.8195393,264324.1930618286,1751153871.9796877,3.1601483821868896,1751153881.317893,264336.6914153099,True,False,False,False,consumer_pod0_proc1_20250628_233748_821339.csv
2890284,synthetic_4,103,1750889544.626726,1751153868.8195462,264324.1928203106,1751153871.9796877,3.160141468048096,1751153881.317893,264336.69116711617,True,False,False,False,consumer_pod0_proc1_20250628_233748_821339.csv
2890294,synthetic_4,97,1750889544.6269658,1751153868.819553,264324.1925868988,1751153871.9796877,3.160134792327881,1751153881.317893,264336.6909272671,True,False,False,False,consumer_pod0_proc1_20250628_233748_821339.csv
2890304,synthetic_4,83,1750889544.6271987,1751153868.8195655,264324.19236683846,1751153871.9796877,3.1601221561431885,1751153881.317893,264336.6906943321,True,False,False,False,consumer_pod0_proc1_20250628_233748_821339.csv
2890314,synthetic_4,91,1750889544.6274216,1751153868.8195722,264324.1921505928,1751153871.9796877,3.1601154804229736,1751153881.317893,264336.69047141075,True,False,False,False,consumer_pod0_proc1_20250628_233748_821339.csv
2890324,synthetic_4,102,1750889544.6276674,1751153868.8195786,264324.1919112205,1751153871.9796877,3.160109043121338,1751153881.317893,264336.6902256012,True,False,False,False,consumer_pod0_proc1_20250628_233748_821339.csv
2890334,synthetic_4,82,1750889544.6278987,1751153868.8195858,264324.1916871071,1751153871.9796877,3.160101890563965,1751153881.317893,264336.6899943352,True,False,False,False,consumer_pod0_proc1_20250628_233748_821339.csv
2890344,synthetic_4,84,1750889544.6281404,1751153868.8195927,264324.1914522648,1751153871.9796877,3.160094976425171,1751153881.317893,264336.68975257874,True,False,False,False,consumer_pod0_proc1_20250628_233748_821339.csv
2890354,synthetic_4,89,1750889544.628374,1751153868.8195996,264324.1912255287,1751153871.9796877,3.160088062286377,1751153881.317893,264336.6895189285,True,False,False,False,consumer_pod0_proc1_20250628_233748_821339.csv
2890364,synthetic_4,104,1750889544.722268,1751153868.8196068,264324.09733867645,1751153871.9796877,3.160080909729004,1751153881.317893,264336.5956249237,True,False,False,False,consumer_pod0_proc1_20250628_233748_821339.csv
2890374,synthetic_4,89,1750889544.722568,1751153868.8196146,264324.0970466137,1751153871.9796877,3.1600730419158936,1751153881.317893,264336.59532499313,True,False,False,False,consumer_pod0_proc1_20250628_233748_821339.csv
2890384,synthetic_4,89,1750889544.722838,1751153868.819622,264324.09678411484,1751153871.9796877,3.1600656509399414,1751153881.317893,264336.5950551033,True,False,False,False,consumer_pod0_proc1_20250628_233748_821339.csv
2890394,synthetic_4,98,1750889544.7231174,1751153868.819629,264324.0965116024,1751153871.9796877,3.1600587368011475,1751153881.317893,264336.5947756767,True,False,False,False,consumer_pod0_proc1_20250628_233748_821339.csv
2890404,synthetic_4,84,1750889544.7233937,1751153868.8196454,264324.0962517261,1751153871.9796877,3.160042285919189,1751153881.317893,264336.5944993496,True,False,False,False,consumer_pod0_proc1_20250628_233748_821339.csv
2890414,synthetic_4,105,1750889544.7236743,1751153868.819652,264324.0959775448,1751153871.9796877,3.1600356101989746,1751153881.317893,264336.5942187309,True,False,False,False,consumer_pod0_proc1_20250628_233748_821339.csv
2890424,synthetic_4,84,1750889544.7239523,1751153868.819659,264324.09570646286,1751153871.9796877,3.1600286960601807,1751153881.317893,264336.59394073486,True,False,False,False,consumer_pod0_proc1_20250628_233748_821339.csv
2890434,synthetic_4,97,1750889544.7242403,1751153868.819666,264324.0954256058,1751153871.9796877,3.1600217819213867,1751153881.317893,264336.5936527252,True,False,False,False,consumer_pod0_proc1_20250628_233748_821339.csv
2890444,synthetic_4,91,1750889544.7245097,1751153868.819673,264324.09516334534,1751153871.9796877,3.1600146293640137,1751153881.317893,264336.5933833122,True,False,False,False,consumer_pod0_proc1_20250628_233748_821339.csv
2890454,synthetic_4,90,1750889544.7255583,1751153868.81968,264324.09412169456,1751153871.9796877,3.16000771522522,1751153881.317893,264336.5923347473,True,False,False,False,consumer_pod0_proc1_20250628_233748_821339.csv
2890464,synthetic_4,97,1750889544.7270513,1751153868.819687,264324.09263539314,1751153871.9796877,3.160000801086426,1751153881.317893,264336.5908417702,True,False,False,False,consumer_pod0_proc1_20250628_233748_821339.csv
2890474,synthetic_4,105,1750889544.7272804,1751153868.8196938,264324.09241342545,1751153871.9796877,3.159993886947632,1751153881.317893,264336.5906126499,True,False,False,False,consumer_pod0_proc1_20250628_233748_821339.csv
2890484,synthetic_4,90,1750889544.7275276,1751153868.8197012,264324.09217357635,1751153871.9796877,3.15998649597168,1751153881.317893,264336.59036540985,True,False,False,False,consumer_pod0_proc1_20250628_233748_821339.csv
2890494,synthetic_4,82,1750889544.727758,1751153868.8197083,264324.09195041656,1751153871.9796877,3.159979343414306,1751153881.317893,264336.5901350975,True,False,False,False,consumer_pod0_proc1_20250628_233748_821339.csv
2890504,synthetic_4,83,1750889544.7279782,1751153868.8197148,264324.0917365551,1751153871.9796877,3.159972906112671,1751153881.317893,264336.58991479874,True,False,False,False,consumer_pod0_proc1_20250628_233748_821339.csv
2890514,synthetic_4,97,1750889544.7282083,1751153868.8197217,264324.0915131569,1751153871.9796877,3.159965991973877,1751153881.317893,264336.5896847248,True,False,False,False,consumer_pod0_proc1_20250628_233748_821339.csv
3445265,synthetic_5,95,1750889733.725107,1751153872.4999027,264138.77479577065,1751153876.609455,4.109552383422852,1751153881.317893,264147.5927860737,True,False,False,False,consumer_pod0_proc1_20250628_233752_506760.csv
3445275,synthetic_5,97,1750889733.7253757,1751153872.4999905,264138.77461481094,1751153876.609455,4.109464645385742,1751153881.317893,264147.59251737595,True,False,False,False,consumer_pod0_proc1_20250628_233752_506760.csv
3445285,synthetic_5,82,1750889733.725628,1751153872.5000076,264138.7743797302,1751153876.609455,4.109447479248047,1751153881.317893,264147.5922651291,True,False,False,False,consumer_pod0_proc1_20250628_233752_506760.csv
3445295,synthetic_5,90,1750889733.7258885,1751153872.5000212,264138.7741327286,1751153876.609455,4.109433889389038,1751153881.317893,264147.5920045376,True,False,False,False,consumer_pod0_proc1_20250628_233752_506760.csv
3445305,synthetic_5,89,1750889733.7261558,1751153872.5000317,264138.77387571335,1751153876.609455,4.109423398971558,1751153881.317893,264147.59173727036,True,False,False,False,consumer_pod0_proc1_20250628_233752_506760.csv
3445315,synthetic_5,105,1750889733.7264068,1751153872.500042,264138.773635149,1751153876.609455,4.109413146972656,1751153881.317893,264147.5914862156,True,False,False,False,consumer_pod0_proc1_20250628_233752_506760.csv
3445325,synthetic_5,81,1750889733.7266717,1751153872.5000534,264138.77338171005,1751153876.609455,4.109401702880859,1751153881.317893,264147.59122133255,True,False,False,False,consumer_pod0_proc1_20250628_233752_506760.csv
3445335,synthetic_5,84,1750889733.726936,1751153872.5000644,264138.7731285095,1751153876.609455,4.109390735626221,1751153881.317893,264147.59095692635,True,False,False,False,consumer_pod0_proc1_20250628_233752_506760.csv
3445345,synthetic_5,84,1750889733.7271843,1751153872.5000734,264138.77288889885,1751153876.609455,4.109381675720215,1751153881.317893,264147.5907087326,True,False,False,False,consumer_pod0_proc1_20250628_233752_506760.csv
3445355,synthetic_5,105,1750889733.7274342,1751153872.5000825,264138.7726483345,1751153876.609455,4.109372615814209,1751153881.317893,264147.59045886993,True,False,False,False,consumer_pod0_proc1_20250628_233752_506760.csv
3445365,synthetic_5,102,1750889733.727713,1751153872.5000937,264138.77238059044,1751153876.609455,4.109361410140991,1751153881.317893,264147.5901799202,True,False,False,False,consumer_pod0_proc1_20250628_233752_506760.csv
3445375,synthetic_5,83,1750889733.7279809,1751153872.500105,264138.77212381363,1751153876.609455,4.109350204467773,1751153881.317893,264147.58991217613,True,False,False,False,consumer_pod0_proc1_20250628_233752_506760.csv
3445385,synthetic_5,82,1750889733.728249,1751153872.5001135,264138.77186465263,1751153876.609455,4.109341621398926,1751153881.317893,264147.58964395523,True,False,False,False,consumer_pod0_proc1_20250628_233752_506760.csv
3445395,synthetic_5,94,1750889733.816985,1751153872.5001235,264138.68313860893,1751153876.609455,4.109331607818604,1751153881.317893,264147.50090813637,True,False,False,False,consumer_pod0_proc1_20250628_233752_506760.csv
3445405,synthetic_5,84,1750889733.821236,1751153872.500136,264138.678899765,1751153876.609455,4.10931921005249,1751153881.317893,264147.4966571331,True,False,False,False,consumer_pod0_proc1_20250628_233752_506760.csv
3445415,synthetic_5,96,1750889733.821551,1751153872.5001457,264138.67859458923,1751153876.609455,4.109309434890747,1751153881.317893,264147.49634194374,True,False,False,False,consumer_pod0_proc1_20250628_233752_506760.csv
3445425,synthetic_5,104,1750889733.8218536,1751153872.500156,264138.67830228806,1751153876.609455,4.109299182891846,1751153881.317893,264147.49603939056,True,False,False,False,consumer_pod0_proc1_20250628_233752_506760.csv
3445435,synthetic_5,97,1750889733.8221805,1751153872.5001664,264138.6779859066,1751153876.609455,4.109288692474365,1751153881.317893,264147.4957125187,True,False,False,False,consumer_pod0_proc1_20250628_233752_506760.csv
3445445,synthetic_5,91,1750889733.8224776,1751153872.500177,264138.67769908905,1751153876.609455,4.109278202056885,1751153881.317893,264147.49541544914,True,False,False,False,consumer_pod0_proc1_20250628_233752_506760.csv
3445455,synthetic_5,104,1750889733.8228035,1751153872.5001862,264138.6773824692,1751153876.609455,4.1092689037323,1751153881.317893,264147.49508953094,True,False,False,False,consumer_pod0_proc1_20250628_233752_506760.csv
3445465,synthetic_5,90,1750889733.8231168,1751153872.5001955,264138.6770789623,1751153876.609455,4.109259605407715,1751153881.317893,264147.49477624893,True,False,False,False,consumer_pod0_proc1_20250628_233752_506760.csv
3445475,synthetic_5,89,1750889733.82345,1751153872.500205,264138.6767549515,1751153876.609455,4.109250068664551,1751153881.317893,264147.49444293976,True,False,False,False,consumer_pod0_proc1_20250628_233752_506760.csv
3445485,synthetic_5,97,1750889733.8237782,1751153872.500214,264138.6764359474,1751153876.609455,4.109241008758545,1751153881.317893,264147.4941148758,True,False,False,False,consumer_pod0_proc1_20250628_233752_506760.csv
3445495,synthetic_5,104,1750889733.8239937,1751153872.5002246,264138.67623090744,1751153876.609455,4.1092305183410645,1751153881.317893,264147.4938993454,True,False,False,False,consumer_pod0_proc1_20250628_233752_506760.csv
3445505,synthetic_5,101,1750889733.8242002,1751153872.5002346,264138.67603445053,1751153876.609455,4.109220504760742,1751153881.317893,264147.4936928749,True,False,False,False,consumer_pod0_proc1_20250628_233752_506760.csv
3445515,synthetic_5,90,1750889733.8244083,1751153872.500248,264138.6758396625,1751153876.609455,4.1092071533203125,1751153881.317893,264147.4934847355,True,False,False,False,consumer_pod0_proc1_20250628_233752_506760.csv
3445525,synthetic_5,97,1750889733.8246336,1751153872.5002575,264138.67562389374,1751153876.609455,4.109197616577148,1751153881.317893,264147.49325942993,True,False,False,False,consumer_pod0_proc1_20250628_233752_506760.csv
3445535,synthetic_5,91,1750889733.8248315,1751153872.50027,264138.6754386425,1751153876.609455,4.109185218811035,1751153881.317893,264147.4930615425,True,False,False,False,consumer_pod0_proc1_20250628_233752_506760.csv
3445545,synthetic_5,98,1750889733.8250425,1751153872.5002797,264138.6752371788,1751153876.609455,4.109175443649292,1751153881.317893,264147.49285054207,True,False,False,False,consumer_pod0_proc1_20250628_233752_506760.csv
3445555,synthetic_5,83,1750889733.8252454,1751153872.5002894,264138.6750440597,1751153876.609455,4.109165668487549,1751153881.317893,264147.49264764786,True,False,False,False,consumer_pod0_proc1_20250628_233752_506760.csv
3445565,synthetic_5,83,1750889733.8254533,1751153872.5002985,264138.67484498024,1751153876.609455,4.109156608581543,1751153881.317893,264147.49243974686,True,False,False,False,consumer_pod0_proc1_20250628_233752_506760.csv
3445575,synthetic_5,102,1750889733.825658,1751153872.500308,264138.67464995384,1751153876.609455,4.109147071838379,1751153881.317893,264147.4922349453,True,False,False,False,consumer_pod0_proc1_20250628_233752_506760.csv
3445585,synthetic_5,84,1750889733.8258572,1751153872.5003169,264138.6744596958,1751153876.609455,4.109138250350952,1751153881.317893,264147.4920358658,True,False,False,False,consumer_pod0_proc1_20250628_233752_506760.csv
3445595,synthetic_5,84,1750889733.8260646,1751153872.500327,264138.67426252365,1751153876.609455,4.109127998352051,1751153881.317893,264147.4918284416,True,False,False,False,consumer_pod0_proc1_20250628_233752_506760.csv
3445605,synthetic_5,90,1750889733.826278,1751153872.5003362,264138.6740581989,1751153876.609455,4.109118938446045,1751153881.317893,264147.491615057,True,False,False,False,consumer_pod0_proc1_20250628_233752_506760.csv
3445615,synthetic_5,84,1750889733.8264902,1751153872.500346,264138.6738557816,1751153876.609455,4.109109163284302,1751153881.317893,264147.49140286446,True,False,False,False,consumer_pod0_proc1_20250628_233752_506760.csv
3445625,synthetic_5,105,1750889733.8266954,1751153872.5003552,264138.6736598015,1751153876.609455,4.109099864959717,1751153881.317893,264147.49119758606,True,False,False,False,consumer_pod0_proc1_20250628_233752_506760.csv
3445635,synthetic_5,104,1750889733.8269072,1751153872.5003655,264138.6734583378,1751153876.609455,4.109089612960815,1751153881.317893,264147.49098587036,True,False,False,False,consumer_pod0_proc1_20250628_233752_506760.csv
3445645,synthetic_5,104,1750889733.8271122,1751153872.5003755,264138.6732635498,1751153876.609455,4.109079599380493,1751153881.317893,264147.4907808304,True,False,False,False,consumer_pod0_proc1_20250628_233752_506760.csv
3445655,synthetic_5,98,1750889733.8273208,1751153872.5003855,264138.6730647087,1751153876.609455,4.109069585800171,1751153881.317893,264147.4905722141,True,False,False,False,consumer_pod0_proc1_20250628_233752_506760.csv
3445665,synthetic_5,83,1750889733.8275254,1751153872.500397,264138.67287158966,1751153876.609455,4.109058141708374,1751153881.317893,264147.490367651,True,False,False,False,consumer_pod0_proc1_20250628_233752_506760.csv
3445675,synthetic_5,96,1750889733.827732,1751153872.5004077,264138.6726753712,1751153876.609455,4.1090474128723145,1751153881.317893,264147.4901609421,True,False,False,False,consumer_pod0_proc1_20250628_233752_506760.csv
3445685,synthetic_5,88,1750889733.8279345,1751153872.5004177,264138.6724829674,1751153876.609455,4.109037399291992,1751153881.317893,264147.4899585247,True,False,False,False,consumer_pod0_proc1_20250628_233752_506760.csv
3445695,synthetic_5,90,1750889733.8281455,1751153872.5004268,264138.67228126526,1751153876.609455,4.109028339385986,1751153881.317893,264147.48974752426,True,False,False,False,consumer_pod0_proc1_20250628_233752_506760.csv
3445705,synthetic_5,96,1750889733.8283606,1751153872.5004358,264138.6720752716,1751153876.609455,4.1090192794799805,1751153881.317893,264147.4895324707,True,False,False,False,consumer_pod0_proc1_20250628_233752_506760.csv
3445715,synthetic_5,95,1750889733.9172492,1751153872.5004458,264138.58319664,1751153876.609455,4.109009265899658,1751153881.317893,264147.40064382553,True,False,False,False,consumer_pod0_proc1_20250628_233752_506760.csv
3445725,synthetic_5,96,1750889733.917622,1751153872.5004575,264138.58283543587,1751153876.609455,4.108997583389282,1751153881.317893,264147.4002709389,True,False,False,False,consumer_pod0_proc1_20250628_233752_506760.csv
3445735,synthetic_5,90,1750889733.919314,1751153872.500467,264138.5811531544,1751153876.609455,4.108988046646118,1751153881.317893,264147.39857912064,True,False,False,False,consumer_pod0_proc1_20250628_233752_506760.csv
3445745,synthetic_5,82,1750889733.9196286,1751153872.5004938,264138.5808651448,1751153876.609455,4.108961343765259,1751153881.317893,264147.3982644081,True,False,False,False,consumer_pod0_proc1_20250628_233752_506760.csv
3445755,synthetic_5,91,1750889733.9199016,1751153872.500503,264138.5806014538,1751153876.609455,4.108952045440674,1751153881.317893,264147.39799141884,True,False,False,False,consumer_pod0_proc1_20250628_233752_506760.csv
3445765,synthetic_5,82,1750889733.920155,1751153872.5005124,264138.5803573132,1751153876.609455,4.108942747116089,1751153881.317893,264147.3977379799,True,False,False,False,consumer_pod0_proc1_20250628_233752_506760.csv
3445775,synthetic_5,84,1750889733.9204562,1751153872.5005212,264138.580065012,1751153876.609455,4.108933925628662,1751153881.317893,264147.3974368572,True,False,False,False,consumer_pod0_proc1_20250628_233752_506760.csv
3445785,synthetic_5,90,1750889733.9207904,1751153872.500532,264138.579741478,1751153876.609455,4.1089231967926025,1751153881.317893,264147.3971025944,True,False,False,False,consumer_pod0_proc1_20250628_233752_506760.csv
3445795,synthetic_5,84,1750889733.9210784,1751153872.5005424,264138.57946395874,1751153876.609455,4.108912706375122,1751153881.317893,264147.39681458473,True,False,False,False,consumer_pod0_proc1_20250628_233752_506760.csv
3445805,synthetic_5,105,1750889733.9215434,1751153872.5005517,264138.5790081024,1751153876.609455,4.108903408050537,1751153881.317893,264147.3963496685,True,False,False,False,consumer_pod0_proc1_20250628_233752_506760.csv
3445815,synthetic_5,89,1750889733.9221096,1751153872.5005617,264138.5784518719,1751153876.609455,4.108893394470215,1751153881.317893,264147.3957834244,True,False,False,False,consumer_pod0_proc1_20250628_233752_506760.csv
3445825,synthetic_5,91,1750889733.9224896,1751153872.5005703,264138.57808065414,1751153876.609455,4.108884811401367,1751153881.317893,264147.39540338516,True,False,False,False,consumer_pod0_proc1_20250628_233752_506760.csv
3445835,synthetic_5,95,1750889733.922768,1751153872.500579,264138.57781100273,1751153876.609455,4.10887598991394,1751153881.317893,264147.39512491226,True,False,False,False,consumer_pod0_proc1_20250628_233752_506760.csv
3445845,synthetic_5,89,1750889733.9230692,1751153872.500589,264138.5775196552,1751153876.609455,4.108866214752197,1751153881.317893,264147.3948237896,True,False,False,False,consumer_pod0_proc1_20250628_233752_506760.csv
3445855,synthetic_5,94,1750889733.9234278,1751153872.5005977,264138.5771698952,1751153876.609455,4.1088573932647705,1751153881.317893,264147.39446520805,True,False,False,False,consumer_pod0_proc1_20250628_233752_506760.csv
3445865,synthetic_5,82,1750889733.9237578,1751153872.5006073,264138.5768494606,1751153876.609455,4.1088478565216064,1751153881.317893,264147.39413523674,True,False,False,False,consumer_pod0_proc1_20250628_233752_506760.csv
3445875,synthetic_5,83,1750889733.924028,1751153872.5006175,264138.57658958435,1751153876.609455,4.108837604522705,1751153881.317893,264147.3938651085,True,False,False,False,consumer_pod0_proc1_20250628_233752_506760.csv
3445885,synthetic_5,89,1750889733.924307,1751153872.5006263,264138.57631897926,1751153876.609455,4.108828783035278,1751153881.317893,264147.39358592033,True,False,False,False,consumer_pod0_proc1_20250628_233752_506760.csv
3445895,synthetic_5,90,1750889734.0194829,1751153872.500636,264138.4811530113,1751153876.609455,4.108819007873535,1751153881.317893,264147.29841017723,True,False,False,False,consumer_pod0_proc1_20250628_233752_506760.csv
3445905,synthetic_5,90,1750889734.0197926,1751153872.500645,264138.4808523655,1751153876.609455,4.108810186386108,1751153881.317893,264147.2981004715,True,False,False,False,consumer_pod0_proc1_20250628_233752_506760.csv
3445915,synthetic_5,98,1750889734.0200946,1751153872.5006568,264138.4805622101,1751153876.609455,4.108798265457153,1751153881.317893,264147.29779839516,True,False,False,False,consumer_pod0_proc1_20250628_233752_506760.csv
3445925,synthetic_5,96,1750889734.0203846,1751153872.5006666,264138.48028206825,1751153876.609455,4.10878849029541,1751153881.317893,264147.29750847816,True,False,False,False,consumer_pod0_proc1_20250628_233752_506760.csv
3445935,synthetic_5,103,1750889734.020723,1751153872.5006766,264138.47995328903,1751153876.609455,4.108778476715088,1751153881.317893,264147.2971699238,True,False,False,False,consumer_pod0_proc1_20250628_233752_506760.csv
3445945,synthetic_5,91,1750889734.0210063,1751153872.500688,264138.47968173027,1751153876.609455,4.108767032623291,1751153881.317893,264147.2968866825,True,False,False,False,consumer_pod0_proc1_20250628_233752_506760.csv
3445955,synthetic_5,91,1750889734.021551,1751153872.500698,264138.47914743423,1751153876.609455,4.108757019042969,1751153881.317893,264147.2963421345,True,False,False,False,consumer_pod0_proc1_20250628_233752_506760.csv
3445965,synthetic_5,105,1750889734.0220668,1751153872.5007076,264138.47864079475,1751153876.609455,4.108747482299805,1751153881.317893,264147.29582619667,True,False,False,False,consumer_pod0_proc1_20250628_233752_506760.csv
3445975,synthetic_5,89,1750889734.0224156,1751153872.5007167,264138.4783010483,1751153876.609455,4.108738422393799,1751153881.317893,264147.2954773903,True,False,False,False,consumer_pod0_proc1_20250628_233752_506760.csv
3445985,synthetic_5,95,1750889734.0227487,1751153872.500726,264138.47797727585,1751153876.609455,4.108729124069214,1751153881.317893,264147.29514431953,True,False,False,False,consumer_pod0_proc1_20250628_233752_506760.csv
3445995,synthetic_5,105,1750889734.0230622,1751153872.5007353,264138.47767305374,1751153876.609455,4.108719825744629,1751153881.317893,264147.2948307991,True,False,False,False,consumer_pod0_proc1_20250628_233752_506760.csv
3446005,synthetic_5,83,1750889734.0233738,1751153872.5007443,264138.47737050056,1751153876.609455,4.108710765838623,1751153881.317893,264147.294519186,True,False,False,False,consumer_pod0_proc1_20250628_233752_506760.csv
3446015,synthetic_5,98,1750889734.0238328,1751153872.5007534,264138.4769206047,1751153876.609455,4.108701705932617,1751153881.317893,264147.29406023026,True,False,False,False,consumer_pod0_proc1_20250628_233752_506760.csv
3446025,synthetic_5,83,1750889734.0241652,1751153872.5007622,264138.4765970707,1751153876.609455,4.10869288444519,1751153881.317893,264147.29372787476,True,False,False,False,consumer_pod0_proc1_20250628_233752_506760.csv
3446035,synthetic_5,104,1750889734.1165376,1751153872.5007727,264138.38423514366,1751153876.609455,4.10868239402771,1751153881.317893,264147.2013554573,True,False,False,False,consumer_pod0_proc1_20250628_233752_506760.csv
3446045,synthetic_5,103,1750889734.1177878,1751153872.500784,264138.3829960823,1751153876.609455,4.108671188354492,1751153881.317893,264147.2001051903,True,False,False,False,consumer_pod0_proc1_20250628_233752_506760.csv
3446055,synthetic_5,83,1750889734.1180425,1751153872.5007937,264138.382750988,1751153876.609455,4.108661413192749,1751153881.317893,264147.19985055923,True,False,False,False,consumer_pod0_proc1_20250628_233752_506760.csv
3446065,synthetic_5,98,1750889734.1182966,1751153872.500802,264138.38250541687,1751153876.609455,4.1086530685424805,1751153881.317893,264147.19959640503,True,False,False,False,consumer_pod0_proc1_20250628_233752_506760.csv
3446075,synthetic_5,95,1750889734.1185658,1751153872.5008116,264138.38224577904,1751153876.609455,4.108643531799316,1751153881.317893,264147.19932723045,True,False,False,False,consumer_pod0_proc1_20250628_233752_506760.csv
3446085,synthetic_5,82,1750889734.119109,1751153872.5008214,264138.3817124367,1751153876.609455,4.108633756637573,1751153881.317893,264147.19878411293,True,False,False,False,consumer_pod0_proc1_20250628_233752_506760.csv
3446095,synthetic_5,90,1750889734.1194594,1751153872.5008304,264138.38137102127,1751153876.609455,4.108624696731567,1751153881.317893,264147.1984336376,True,False,False,False,consumer_pod0_proc1_20250628_233752_506760.csv
3446105,synthetic_5,103,1750889734.1197464,1751153872.500839,264138.3810925484,1751153876.609455,4.10861611366272,1751153881.317893,264147.19814658165,True,False,False,False,consumer_pod0_proc1_20250628_233752_506760.csv
3446115,synthetic_5,101,1750889734.1200943,1751153872.500848,264138.38075351715,1751153876.609455,4.108607053756714,1751153881.317893,264147.19779872894,True,False,False,False,consumer_pod0_proc1_20250628_233752_506760.csv
3446125,synthetic_5,96,1750889734.1204376,1751153872.500857,264138.3804194927,1751153876.609455,4.108597993850708,1751153881.317893,264147.1974554062,True,False,False,False,consumer_pod0_proc1_20250628_233752_506760.csv
3446135,synthetic_5,84,1750889734.1208494,1751153872.500866,264138.3800165653,1751153876.609455,4.108589172363281,1751153881.317893,264147.1970436573,True,False,False,False,consumer_pod0_proc1_20250628_233752_506760.csv
3446145,synthetic_5,83,1750889734.121224,1751153872.5008752,264138.37965130806,1751153876.609455,4.108579874038696,1751153881.317893,264147.1966691017,True,False,False,False,consumer_pod0_proc1_20250628_233752_506760.csv
3446155,synthetic_5,84,1750889734.121533,1751153872.5008855,264138.379352808,1751153876.609455,4.108569622039795,1751153881.317893,264147.19636011124,True,False,False,False,consumer_pod0_proc1_20250628_233752_506760.csv
3636485,synthetic_5,104,1750889734.1242063,1751153872.500895,264138.3766887188,1751153876.609455,4.108560085296631,1751153881.317893,264147.1936867237,True,False,False,False,consumer_pod0_proc1_20250628_233752_506760.csv
3446165,synthetic_5,98,1750889734.1219003,1751153872.500906,264138.37900567055,1751153876.609455,4.108549118041992,1751153881.317893,264147.1959927082,True,True,False,False,consumer_pod0_proc1_20250628_233752_506760.csv
3446175,synthetic_5,97,1750889734.1222432,1751153872.5009165,264138.37867331505,1751153876.609455,4.108538627624512,1751153881.317893,264147.1956498623,True,False,False,False,consumer_pod0_proc1_20250628_233752_506760.csv
3446185,synthetic_5,96,1750889734.122573,1751153872.5009258,264138.3783528805,1751153876.609455,4.108529329299927,1751153881.317893,264147.1953201294,True,False,False,False,consumer_pod0_proc1_20250628_233752_506760.csv
3636495,synthetic_5,83,1750889734.1245308,1751153872.5009348,264138.376404047,1751153876.609455,4.108520269393921,1751153881.317893,264147.193362236,True,False,False,False,consumer_pod0_proc1_20250628_233752_506760.csv
3446195,synthetic_5,90,1750889734.123089,1751153872.500944,264138.37785482407,1751153876.609455,4.108511209487915,1751153881.317893,264147.19480395317,True,True,False,False,consumer_pod0_proc1_20250628_233752_506760.csv
3636505,synthetic_5,83,1750889734.1247523,1751153872.5009522,264138.3761997223,1751153876.609455,4.108502864837647,1751153881.317893,264147.19314074516,True,False,False,False,consumer_pod0_proc1_20250628_233752_506760.csv
3446205,synthetic_5,96,1750889734.123447,1751153872.5009608,264138.3775138855,1751153876.609455,4.108494281768799,1751153881.317893,264147.1944460869,True,True,False,False,consumer_pod0_proc1_20250628_233752_506760.csv
3636515,synthetic_5,84,1750889734.1249816,1751153872.5009694,264138.3759877682,1751153876.609455,4.108485698699951,1751153881.317893,264147.1929113865,True,False,False,False,consumer_pod0_proc1_20250628_233752_506760.csv
3446215,synthetic_5,83,1750889734.1237986,1751153872.5009785,264138.37717986107,1751153876.609455,4.108476638793945,1751153881.317893,264147.1940944195,True,True,False,False,consumer_pod0_proc1_20250628_233752_506760.csv
3636525,synthetic_5,91,1750889734.1251764,1751153872.500987,264138.3758106232,1751153876.609455,4.108468055725098,1751153881.317893,264147.1927165985,True,False,False,False,consumer_pod0_proc1_20250628_233752_506760.csv
3636535,synthetic_5,97,1750889734.1253288,1751153872.5009964,264138.375667572,1751153876.609455,4.108458757400513,1751153881.317893,264147.19256424904,True,False,False,False,consumer_pod0_proc1_20250628_233752_506760.csv
3446225,synthetic_5,84,1750889734.1241453,1751153872.501006,264138.376860857,1751153876.609455,4.108449220657349,1751153881.317893,264147.19374775887,True,True,False,False,consumer_pod0_proc1_20250628_233752_506760.csv
3636545,synthetic_5,84,1750889734.1254857,1751153872.5010157,264138.3755300045,1751153876.609455,4.1084394454956055,1751153881.317893,264147.1924073696,True,False,False,False,consumer_pod0_proc1_20250628_233752_506760.csv
3636555,synthetic_5,103,1750889734.125639,1751153872.5010266,264138.3753876686,1751153876.609455,4.108428478240967,1751153881.317893,264147.19225406647,True,False,False,False,consumer_pod0_proc1_20250628_233752_506760.csv
3636565,synthetic_5,103,1750889734.1257894,1751153872.501036,264138.3752465248,1751153876.609455,4.108419179916382,1751153881.317893,264147.19210362434,True,False,False,False,consumer_pod0_proc1_20250628_233752_506760.csv
3636575,synthetic_5,105,1750889734.1259422,1751153872.501046,264138.3751037121,1751153876.609455,4.10840916633606,1751153881.317893,264147.19195079803,True,False,False,False,consumer_pod0_proc1_20250628_233752_506760.csv
3636585,synthetic_5,88,1750889734.126098,1751153872.5010552,264138.3749573231,1751153876.609455,4.108399868011475,1751153881.317893,264147.1917951107,True,False,False,False,consumer_pod0_proc1_20250628_233752_506760.csv
3636595,synthetic_5,84,1750889734.1262496,1751153872.5010636,264138.3748140335,1751153876.609455,4.108391523361206,1751153881.317893,264147.1916434765,True,False,False,False,consumer_pod0_proc1_20250628_233752_506760.csv
3636605,synthetic_5,84,1750889734.1263993,1751153872.5010731,264138.3746738434,1751153876.609455,4.108381986618042,1751153881.317893,264147.1914937496,True,False,False,False,consumer_pod0_proc1_20250628_233752_506760.csv
3636615,synthetic_5,91,1750889734.1265438,1751153872.501083,264138.3745391369,1751153876.609455,4.108372211456299,1751153881.317893,264147.19134926796,True,False,False,False,consumer_pod0_proc1_20250628_233752_506760.csv
3636625,synthetic_5,103,1750889734.1266978,1751153872.5010943,264138.3743965626,1751153876.609455,4.108360767364502,1751153881.317893,264147.19119524956,True,False,False,False,consumer_pod0_proc1_20250628_233752_506760.csv
3636635,synthetic_5,97,1750889734.1268487,1751153872.501104,264138.3742551804,1751153876.609455,4.108350992202759,1751153881.317893,264147.1910443306,True,False,False,False,consumer_pod0_proc1_20250628_233752_506760.csv
3636645,synthetic_5,98,1750889734.1269948,1751153872.5011134,264138.3741185665,1751153876.609455,4.108341693878174,1751153881.317893,264147.19089818,True,False,False,False,consumer_pod0_proc1_20250628_233752_506760.csv
3636655,synthetic_5,104,1750889734.127143,1751153872.5011234,264138.3739807606,1751153876.609455,4.108331680297852,1751153881.317893,264147.19075012207,True,False,False,False,consumer_pod0_proc1_20250628_233752_506760.csv
3636665,synthetic_5,89,1750889734.127293,1751153872.5011337,264138.37384057045,1751153876.609455,4.10832142829895,1751153881.317893,264147.19059991837,True,False,False,False,consumer_pod0_proc1_20250628_233752_506760.csv
3636675,synthetic_5,103,1750889734.127437,1751153872.5011451,264138.3737080097,1751153876.609455,4.108309984207153,1751153881.317893,264147.19045591354,True,False,False,False,consumer_pod0_proc1_20250628_233752_506760.csv
3636685,synthetic_5,84,1750889734.1275873,1751153872.5011551,264138.3735678196,1751153876.609455,4.108299970626831,1751153881.317893,264147.19030570984,True,False,False,False,consumer_pod0_proc1_20250628_233752_506760.csv
3636695,synthetic_5,91,1750889734.1277344,1751153872.5011642,264138.37342977524,1751153876.609455,4.108290910720825,1751153881.317893,264147.1901586056,True,False,False,False,consumer_pod0_proc1_20250628_233752_506760.csv
3446235,synthetic_5,90,1750889734.2174642,1751153872.5011733,264138.2837090492,1751153876.609455,4.108281850814819,1751153881.317893,264147.10042881966,True,True,False,False,consumer_pod0_proc1_20250628_233752_506760.csv
3446245,synthetic_5,104,1750889734.2178016,1751153872.5011826,264138.28338098526,1751153876.609455,4.108272552490234,1751153881.317893,264147.10009145737,True,False,False,False,consumer_pod0_proc1_20250628_233752_506760.csv
3446255,synthetic_5,89,1750889734.218198,1751153872.5011928,264138.2829947472,1751153876.609455,4.108262300491333,1751153881.317893,264147.09969496727,True,False,False,False,consumer_pod0_proc1_20250628_233752_506760.csv
3446265,synthetic_5,82,1750889734.2185776,1751153872.501202,264138.2826244831,1751153876.609455,4.108253002166748,1751153881.317893,264147.0993154049,True,False,False,False,consumer_pod0_proc1_20250628_233752_506760.csv
3446275,synthetic_5,103,1750889734.2191198,1751153872.5012112,264138.2820913792,1751153876.609455,4.108243942260742,1751153881.317893,264147.09877324104,True,False,False,False,consumer_pod0_proc1_20250628_233752_506760.csv
3446285,synthetic_5,103,1750889734.21951,1751153872.5012205,264138.2817103863,1751153876.609455,4.108234643936157,1751153881.317893,264147.0983829498,True,False,False,False,consumer_pod0_proc1_20250628_233752_506760.csv
3446295,synthetic_5,84,1750889734.2199025,1751153872.5012293,264138.2813270092,1751153876.609455,4.1082258224487305,1751153881.317893,264147.09799051285,True,False,False,False,consumer_pod0_proc1_20250628_233752_506760.csv
3636705,synthetic_5,105,1750889734.1278908,1751153872.501238,264138.3733472824,1751153876.609455,4.108217000961304,1751153881.317893,264147.190002203,True,False,False,False,consumer_pod0_proc1_20250628_233752_506760.csv
3636715,synthetic_5,105,1750889734.1280515,1751153872.5012476,264138.37319612503,1751153876.609455,4.10820746421814,1751153881.317893,264147.18984150887,True,False,False,False,consumer_pod0_proc1_20250628_233752_506760.csv
3636725,synthetic_5,97,1750889734.1282077,1751153872.501257,264138.3730492592,1751153876.609455,4.108198165893555,1751153881.317893,264147.1896853447,True,False,False,False,consumer_pod0_proc1_20250628_233752_506760.csv
3446305,synthetic_5,96,1750889734.2202995,1751153872.5012686,264138.2809689045,1751153876.609455,4.108186483383179,1751153881.317893,264147.0975935459,True,True,False,False,consumer_pod0_proc1_20250628_233752_506760.csv
3636735,synthetic_5,101,1750889734.1283576,1751153872.5012789,264138.3729212284,1751153876.609455,4.108176231384277,1751153881.317893,264147.1895353794,True,False,False,False,consumer_pod0_proc1_20250628_233752_506760.csv
3446315,synthetic_5,104,1750889734.2208114,1751153872.5012894,264138.28047800064,1751153876.609455,4.108165740966797,1751153881.317893,264147.0970816612,True,True,False,False,consumer_pod0_proc1_20250628_233752_506760.csv
3446325,synthetic_5,95,1750889734.22121,1751153872.5013013,264138.2800912857,1751153876.609455,4.108153820037842,1751153881.317893,264147.09668302536,True,False,False,False,consumer_pod0_proc1_20250628_233752_506760.csv
3446335,synthetic_5,104,1750889734.2217271,1751153872.501311,264138.27958393097,1751153876.609455,4.108144044876099,1751153881.317893,264147.09616589546,True,False,False,False,consumer_pod0_proc1_20250628_233752_506760.csv
3446345,synthetic_5,90,1750889734.222261,1751153872.5013206,264138.2790596485,1751153876.609455,4.108134508132935,1751153881.317893,264147.09563207626,True,False,False,False,consumer_pod0_proc1_20250628_233752_506760.csv
3636745,synthetic_5,96,1750889734.2167206,1751153872.5013297,264138.28460907936,1751153876.609455,4.108125448226929,1751153881.317893,264147.1011724472,True,False,False,False,consumer_pod0_proc1_20250628_233752_506760.csv
3636755,synthetic_5,82,1750889734.2193174,1751153872.5013392,264138.28202176094,1751153876.609455,4.108115911483765,1751153881.317893,264147.09857559204,True,False,False,False,consumer_pod0_proc1_20250628_233752_506760.csv
3636765,synthetic_5,89,1750889734.2225218,1751153872.5013485,264138.27882647514,1751153876.609455,4.10810661315918,1751153881.317893,264147.09537124634,True,False,False,False,consumer_pod0_proc1_20250628_233752_506760.csv
3636775,synthetic_5,97,1750889734.2228973,1751153872.5013573,264138.2784600258,1751153876.609455,4.108097791671753,1751153881.317893,264147.0949957371,True,False,False,False,consumer_pod0_proc1_20250628_233752_506760.csv
3636785,synthetic_5,82,1750889734.2232034,1751153872.5013676,264138.2781641484,1751153876.609455,4.108087539672852,1751153881.317893,264147.0946896076,True,False,False,False,consumer_pod0_proc1_20250628_233752_506760.csv
3636795,synthetic_5,104,1750889734.223559,1751153872.5013762,264138.2778174877,1751153876.609455,4.108078956604004,1751153881.317893,264147.0943341255,True,False,False,False,consumer_pod0_proc1_20250628_233752_506760.csv
3636805,synthetic_5,82,1750889734.223855,1751153872.5013862,264138.277531147,1751153876.609455,4.108068943023682,1751153881.317893,264147.09403800964,True,False,False,False,consumer_pod0_proc1_20250628_233752_506760.csv
3636815,synthetic_5,104,1750889734.2242148,1751153872.5013976,264138.27718281746,1751153876.609455,4.108057498931885,1751153881.317893,264147.093678236,True,False,False,False,consumer_pod0_proc1_20250628_233752_506760.csv
3636825,synthetic_5,96,1750889734.3177674,1751153872.501407,264138.1836395264,1751153876.609455,4.1080482006073,1751153881.317893,264147.0001256466,True,False,False,False,consumer_pod0_proc1_20250628_233752_506760.csv
3636835,synthetic_5,90,1750889734.3185363,1751153872.5014162,264138.1828799248,1751153876.609455,4.108038902282715,1751153881.317893,264146.9993567467,True,False,False,False,consumer_pod0_proc1_20250628_233752_506760.csv
3636845,synthetic_5,103,1750889734.318776,1751153872.5014253,264138.182649374,1751153876.609455,4.108029842376709,1751153881.317893,264146.999117136,True,False,False,False,consumer_pod0_proc1_20250628_233752_506760.csv
3636855,synthetic_5,94,1750889734.319224,1751153872.5014343,264138.182210207,1751153876.609455,4.108020782470703,1751153881.317893,264146.9986689091,True,False,False,False,consumer_pod0_proc1_20250628_233752_506760.csv
3636865,synthetic_5,96,1750889734.3195035,1751153872.501444,264138.1819405556,1751153876.609455,4.10801100730896,1751153881.317893,264146.9983894825,True,False,False,False,consumer_pod0_proc1_20250628_233752_506760.csv
3636875,synthetic_5,103,1750889734.319785,1751153872.5014544,264138.18166923523,1751153876.609455,4.108000755310059,1751153881.317893,264146.99810791016,True,False,False,False,consumer_pod0_proc1_20250628_233752_506760.csv
3636885,synthetic_5,104,1750889734.320069,1751153872.5014644,264138.1813952923,1751153876.609455,4.107990741729736,1751153881.317893,264146.9978239536,True,False,False,False,consumer_pod0_proc1_20250628_233752_506760.csv
3636895,synthetic_5,83,1750889734.32047,1751153872.5014734,264138.18100357056,1751153876.609455,4.1079816818237305,1751153881.317893,264146.9974229336,True,False,False,False,consumer_pod0_proc1_20250628_233752_506760.csv
3636905,synthetic_5,104,1750889734.3207705,1751153872.5014825,264138.18071222305,1751153876.609455,4.107972621917725,1751153881.317893,264146.99712252617,True,False,False,False,consumer_pod0_proc1_20250628_233752_506760.csv
3446355,synthetic_5,90,1750889734.2226636,1751153872.5014925,264138.2788286209,1751153876.609455,4.107962608337402,1751153881.317893,264147.0952293873,True,True,False,False,consumer_pod0_proc1_20250628_233752_506760.csv
3636915,synthetic_5,100,1750889734.321051,1751153872.501504,264138.18045306206,1751153876.609455,4.1079511642456055,1751153881.317893,264146.9968421459,True,False,False,False,consumer_pod0_proc1_20250628_233752_506760.csv
3636925,synthetic_5,90,1750889734.321335,1751153872.5015135,264138.18017840385,1751153876.609455,4.107941627502441,1751153881.317893,264146.996557951,True,False,False,False,consumer_pod0_proc1_20250628_233752_506760.csv
3636935,synthetic_5,98,1750889734.3216555,1751153872.501524,264138.1798684597,1751153876.609455,4.107931137084961,1751153881.317893,264146.9962375164,True,False,False,False,consumer_pod0_proc1_20250628_233752_506760.csv
3636945,synthetic_5,105,1750889734.3219566,1751153872.5015335,264138.1795768738,1751153876.609455,4.107921600341797,1751153881.317893,264146.99593639374,True,False,False,False,consumer_pod0_proc1_20250628_233752_506760.csv
3636955,synthetic_5,97,1750889734.322236,1751153872.5015428,264138.1793067456,1751153876.609455,4.107912302017212,1751153881.317893,264146.99565696716,True,False,False,False,consumer_pod0_proc1_20250628_233752_506760.csv
3636965,synthetic_5,98,1750889734.3225434,1751153872.501552,264138.1790087223,1751153876.609455,4.107903003692627,1751153881.317893,264146.9953496456,True,False,False,False,consumer_pod0_proc1_20250628_233752_506760.csv
3636975,synthetic_5,87,1750889734.322873,1751153872.501562,264138.1786887646,1751153876.609455,4.107892990112305,1751153881.317893,264146.9950199127,True,False,False,False,consumer_pod0_proc1_20250628_233752_506760.csv
3636985,synthetic_5,102,1750889734.3231847,1751153872.5015707,264138.178385973,1751153876.609455,4.107884407043457,1751153881.317893,264146.99470829964,True,False,False,False,consumer_pod0_proc1_20250628_233752_506760.csv
3636995,synthetic_5,88,1750889734.3235202,1751153872.50158,264138.1780598164,1751153876.609455,4.107875108718872,1751153881.317893,264146.9943728447,True,False,False,False,consumer_pod0_proc1_20250628_233752_506760.csv
3637005,synthetic_5,82,1750889734.3238566,1751153872.5015895,264138.1777329445,1751153876.609455,4.107865571975708,1751153881.317893,264146.9940364361,True,False,False,False,consumer_pod0_proc1_20250628_233752_506760.csv
3637015,synthetic_5,98,1750889734.3241217,1751153872.5015984,264138.1774766445,1751153876.609455,4.107856750488281,1751153881.317893,264146.9937713146,True,False,False,False,consumer_pod0_proc1_20250628_233752_506760.csv
3449075,synthetic_5,90,1750889735.2244644,1751153872.501608,264137.2771434784,1751153876.609455,4.107847213745117,1751153881.317893,264146.09342861176,True,True,False,False,consumer_pod0_proc1_20250628_233752_506760.csv
3449085,synthetic_5,100,1750889735.2247472,1751153872.5016177,264137.2768704891,1751153876.609455,4.107837438583374,1751153881.317893,264146.0931458473,True,False,False,False,consumer_pod0_proc1_20250628_233752_506760.csv
3449095,synthetic_5,103,1750889735.225252,1751153872.501628,264137.276376009,1751153876.609455,4.107827186584473,1751153881.317893,264146.0926411152,True,False,False,False,consumer_pod0_proc1_20250628_233752_506760.csv
3449105,synthetic_5,84,1750889735.2254498,1751153872.501638,264137.27618813515,1751153876.609455,4.10781717300415,1751153881.317893,264146.09244322777,True,False,False,False,consumer_pod0_proc1_20250628_233752_506760.csv
3449115,synthetic_5,82,1750889735.225679,1751153872.5016494,264137.275970459,1751153876.609455,4.1078057289123535,1751153881.317893,264146.0922141075,True,False,False,False,consumer_pod0_proc1_20250628_233752_506760.csv
3449125,synthetic_5,96,1750889735.225901,1751153872.501659,264137.27575802803,1751153876.609455,4.1077961921691895,1751153881.317893,264146.0919921398,True,False,False,False,consumer_pod0_proc1_20250628_233752_506760.csv
3449135,synthetic_5,84,1750889735.2261057,1751153872.5016685,264137.2755627632,1751153876.609455,4.107786655426025,1751153881.317893,264146.09178733826,True,False,False,False,consumer_pod0_proc1_20250628_233752_506760.csv
3449145,synthetic_5,83,1750889735.2262692,1751153872.501678,264137.2754087448,1751153876.609455,4.107777118682861,1751153881.317893,264146.0916237831,True,False,False,False,consumer_pod0_proc1_20250628_233752_506760.csv
3449155,synthetic_5,91,1750889735.2264123,1751153872.501687,264137.27527451515,1751153876.609455,4.107768058776856,1751153881.317893,264146.09148073196,True,False,False,False,consumer_pod0_proc1_20250628_233752_506760.csv
3449165,synthetic_5,91,1750889735.2265656,1751153872.5016968,264137.2751312256,1751153876.609455,4.107758283615112,1751153881.317893,264146.0913274288,True,False,False,False,consumer_pod0_proc1_20250628_233752_506760.csv
3449175,synthetic_5,104,1750889735.226725,1751153872.501708,264137.2749826908,1751153876.609455,4.107747077941895,1751153881.317893,264146.0911679268,True,False,False,False,consumer_pod0_proc1_20250628_233752_506760.csv
3449185,synthetic_5,96,1750889735.226892,1751153872.5017183,264137.27482652664,1751153876.609455,4.107736825942993,1751153881.317893,264146.0910010338,True,False,False,False,consumer_pod0_proc1_20250628_233752_506760.csv
3449195,synthetic_5,89,1750889735.2270465,1751153872.5017283,264137.27468180656,1751153876.609455,4.107726812362671,1751153881.317893,264146.09084653854,True,False,False,False,consumer_pod0_proc1_20250628_233752_506760.csv
3449205,synthetic_5,97,1750889735.2272005,1751153872.5017374,264137.27453684807,1751153876.609455,4.107717752456665,1751153881.317893,264146.09069252014,True,False,False,False,consumer_pod0_proc1_20250628_233752_506760.csv
3449215,synthetic_5,89,1750889735.2273598,1751153872.501747,264137.2743868828,1751153876.609455,4.107708215713501,1751153881.317893,264146.09053325653,True,False,False,False,consumer_pod0_proc1_20250628_233752_506760.csv
3449225,synthetic_5,104,1750889735.227512,1751153872.501756,264137.27424383163,1751153876.609455,4.107699155807495,1751153881.317893,264146.0903811455,True,False,False,False,consumer_pod0_proc1_20250628_233752_506760.csv
3449235,synthetic_5,97,1750889735.2276714,1751153872.501768,264137.2740964889,1751153876.609455,4.107686996459961,1751153881.317893,264146.09022164345,True,False,False,False,consumer_pod0_proc1_20250628_233752_506760.csv
3449245,synthetic_5,97,1750889735.2278304,1751153872.5017774,264137.2739470005,1751153876.609455,4.107677698135376,1751153881.317893,264146.09006261826,True,False,False,False,consumer_pod0_proc1_20250628_233752_506760.csv
3449255,synthetic_5,84,1750889735.2279816,1751153872.5017867,264137.27380514145,1751153876.609455,4.107668399810791,1751153881.317893,264146.0899114609,True,False,False,False,consumer_pod0_proc1_20250628_233752_506760.csv
3449265,synthetic_5,105,1750889735.2283285,1751153872.5017958,264137.2734673023,1751153876.609455,4.107659339904785,1751153881.317893,264146.08956456184,True,False,False,False,consumer_pod0_proc1_20250628_233752_506760.csv
3449275,synthetic_5,89,1750889735.228494,1751153872.5018055,264137.273311615,1751153876.609455,4.107649564743042,1751153881.317893,264146.08939909935,True,False,False,False,consumer_pod0_proc1_20250628_233752_506760.csv
3449285,synthetic_5,103,1750889735.2286432,1751153872.5018148,264137.2731716633,1751153876.609455,4.107640266418457,1751153881.317893,264146.0892498493,True,False,False,False,consumer_pod0_proc1_20250628_233752_506760.csv
3449295,synthetic_5,83,1750889735.2287896,1751153872.501824,264137.2730343342,1751153876.609455,4.107631206512451,1751153881.317893,264146.0891034603,True,False,False,False,consumer_pod0_proc1_20250628_233752_506760.csv
3449305,synthetic_5,104,1750889735.228936,1751153872.501833,264137.2728970051,1751153876.609455,4.107622146606445,1751153881.317893,264146.0889570713,True,False,False,False,consumer_pod0_proc1_20250628_233752_506760.csv
3449315,synthetic_5,104,1750889735.2290876,1751153872.5018425,264137.2727546692,1751153876.609455,4.107612609863281,1751153881.317893,264146.0888054371,True,False,False,False,consumer_pod0_proc1_20250628_233752_506760.csv
3449325,synthetic_5,105,1750889735.2292345,1751153872.5018518,264137.2726173401,1751153876.609455,4.107603311538696,1751153881.317893,264146.08865857124,True,False,False,False,consumer_pod0_proc1_20250628_233752_506760.csv
3449335,synthetic_5,104,1750889735.2293863,1751153872.501861,264137.2724747658,1751153876.609455,4.107594013214111,1751153881.317893,264146.0885066986,True,False,False,False,consumer_pod0_proc1_20250628_233752_506760.csv
3449345,synthetic_5,105,1750889735.2295318,1751153872.5018704,264137.2723386288,1751153876.609455,4.107584714889526,1751153881.317893,264146.0883612633,True,False,False,False,consumer_pod0_proc1_20250628_233752_506760.csv
3449355,synthetic_5,83,1750889735.229685,1751153872.5018797,264137.2721943855,1751153876.609455,4.107575416564941,1751153881.317893,264146.0882079601,True,False,False,False,consumer_pod0_proc1_20250628_233752_506760.csv
3449365,synthetic_5,83,1750889735.2298408,1751153872.501891,264137.27204990387,1751153876.609455,4.107564210891724,1751153881.317893,264146.0880522728,True,False,False,False,consumer_pod0_proc1_20250628_233752_506760.csv
3449375,synthetic_5,90,1750889735.2299895,1751153872.5018995,264137.27190995216,1751153876.609455,4.107555627822876,1751153881.317893,264146.0879034996,True,False,False,False,consumer_pod0_proc1_20250628_233752_506760.csv
3449385,synthetic_5,84,1750889735.2301316,1751153872.5019104,264137.27177882195,1751153876.609455,4.107544660568237,1751153881.317893,264146.08776140213,True,False,False,False,consumer_pod0_proc1_20250628_233752_506760.csv
3449395,synthetic_5,98,1750889735.2302804,1751153872.50192,264137.2716395855,1751153876.609455,4.107535123825073,1751153881.317893,264146.08761262894,True,False,False,False,consumer_pod0_proc1_20250628_233752_506760.csv
3449405,synthetic_5,81,1750889735.2304232,1751153872.5019295,264137.2715063095,1751153876.609455,4.107525587081909,1751153881.317893,264146.0874698162,True,False,False,False,consumer_pod0_proc1_20250628_233752_506760.csv
3449415,synthetic_5,84,1750889735.2305672,1751153872.5019393,264137.27137207985,1751153876.609455,4.107515811920166,1751153881.317893,264146.0873258114,True,False,False,False,consumer_pod0_proc1_20250628_233752_506760.csv
3449425,synthetic_5,104,1750889735.2307203,1751153872.501948,264137.2712275982,1751153876.609455,4.107506990432739,1751153881.317893,264146.08717274666,True,False,False,False,consumer_pod0_proc1_20250628_233752_506760.csv
3449435,synthetic_5,91,1750889735.2308838,1751153872.501958,264137.27107429504,1751153876.609455,4.107497215270996,1751153881.317893,264146.0870091915,True,False,False,False,consumer_pod0_proc1_20250628_233752_506760.csv
3449445,synthetic_5,91,1750889735.2310338,1751153872.5019684,264137.27093458176,1751153876.609455,4.107486724853516,1751153881.317893,264146.0868592262,True,False,False,False,consumer_pod0_proc1_20250628_233752_506760.csv
3449455,synthetic_5,97,1750889735.2311828,1751153872.5019774,264137.27079463005,1751153876.609455,4.10747766494751,1751153881.317893,264146.0867102146,True,False,False,False,consumer_pod0_proc1_20250628_233752_506760.csv
3449465,synthetic_5,89,1750889735.231335,1751153872.501987,264137.27065205574,1751153876.609455,4.107468128204346,1751153881.317893,264146.08655810356,True,False,False,False,consumer_pod0_proc1_20250628_233752_506760.csv
3449475,synthetic_5,103,1750889735.2314808,1751153872.5019965,264137.2705154419,1751153876.609455,4.107458591461182,1751153881.317893,264146.0864121914,True,False,False,False,consumer_pod0_proc1_20250628_233752_506760.csv
3449485,synthetic_5,83,1750889735.231626,1751153872.5020058,264137.2703797817,1751153876.609455,4.107449293136597,1751153881.317893,264146.0862669945,True,False,False,False,consumer_pod0_proc1_20250628_233752_506760.csv
3449495,synthetic_5,84,1750889735.231779,1751153872.502017,264137.27023768425,1751153876.609455,4.107438087463379,1751153881.317893,264146.08611392975,True,False,False,False,consumer_pod0_proc1_20250628_233752_506760.csv
3449505,synthetic_5,83,1750889735.231925,1751153872.502026,264137.2701010704,1751153876.609455,4.107429027557373,1751153881.317893,264146.0859680176,True,False,False,False,consumer_pod0_proc1_20250628_233752_506760.csv
3449515,synthetic_5,91,1750889735.2320783,1751153872.502035,264137.2699563503,1751153876.609455,4.107420206069946,1751153881.317893,264146.08581471443,True,False,False,False,consumer_pod0_proc1_20250628_233752_506760.csv
3449525,synthetic_5,90,1750889735.2322297,1751153872.5020435,264137.269813776,1751153876.609455,4.107411623001099,1751153881.317893,264146.08566331863,True,False,False,False,consumer_pod0_proc1_20250628_233752_506760.csv
3449535,synthetic_5,91,1750889735.2323754,1751153872.5020523,264137.2696769237,1751153876.609455,4.107402801513672,1751153881.317893,264146.0855176449,True,False,False,False,consumer_pod0_proc1_20250628_233752_506760.csv
3449545,synthetic_5,90,1750889735.3171222,1751153872.502062,264137.1849398613,1751153876.609455,4.107393026351929,1751153881.317893,264146.00077080727,True,False,False,False,consumer_pod0_proc1_20250628_233752_506760.csv
3449555,synthetic_5,104,1750889735.3175757,1751153872.502071,264137.1844949722,1751153876.609455,4.107384204864502,1751153881.317893,264146.0003173351,True,False,False,False,consumer_pod0_proc1_20250628_233752_506760.csv
3449565,synthetic_5,83,1750889735.317884,1751153872.50208,264137.18419599533,1751153876.609455,4.107375144958496,1751153881.317893,264146.0000090599,True,False,False,False,consumer_pod0_proc1_20250628_233752_506760.csv
3449575,synthetic_5,105,1750889735.3180892,1751153872.5020883,264137.1839993,1751153876.609455,4.107366800308228,1751153881.317893,264145.9998037815,True,False,False,False,consumer_pod0_proc1_20250628_233752_506760.csv
3449585,synthetic_5,89,1750889735.318289,1751153872.5020978,264137.1838088036,1751153876.609455,4.107357263565064,1751153881.317893,264145.99960398674,True,False,False,False,consumer_pod0_proc1_20250628_233752_506760.csv
3449595,synthetic_5,91,1750889735.3184905,1751153872.502107,264137.1836166382,1751153876.609455,4.107348203659058,1751153881.317893,264145.99940252304,True,False,False,False,consumer_pod0_proc1_20250628_233752_506760.csv
3449605,synthetic_5,90,1750889735.318697,1751153872.502118,264137.18342089653,1751153876.609455,4.10733699798584,1751153881.317893,264145.99919605255,True,False,False,False,consumer_pod0_proc1_20250628_233752_506760.csv
3449615,synthetic_5,84,1750889735.3189154,1751153872.502126,264137.18321061134,1751153876.609455,4.1073291301727295,1751153881.317893,264145.99897766113,True,False,False,False,consumer_pod0_proc1_20250628_233752_506760.csv
3449625,synthetic_5,90,1750889735.3191402,1751153872.502136,264137.1829957962,1751153876.609455,4.107319116592407,1751153881.317893,264145.9987528324,True,False,False,False,consumer_pod0_proc1_20250628_233752_506760.csv
3449635,synthetic_5,88,1750889735.31938,1751153872.5021448,264137.1827647686,1751153876.609455,4.1073102951049805,1751153881.317893,264145.9985129833,True,False,False,False,consumer_pod0_proc1_20250628_233752_506760.csv
3449645,synthetic_5,83,1750889735.319597,1751153872.5021524,264137.1825554371,1751153876.609455,4.107302665710449,1751153881.317893,264145.9982960224,True,False,False,False,consumer_pod0_proc1_20250628_233752_506760.csv
3449655,synthetic_5,88,1750889735.319911,1751153872.50216,264137.1822490692,1751153876.609455,4.107295036315918,1751153881.317893,264145.99798202515,True,False,False,False,consumer_pod0_proc1_20250628_233752_506760.csv
3449665,synthetic_5,88,1750889735.32014,1751153872.5021684,264137.182028532,1751153876.609455,4.107286691665649,1751153881.317893,264145.9977531433,True,False,False,False,consumer_pod0_proc1_20250628_233752_506760.csv
3449675,synthetic_5,104,1750889735.3203611,1751153872.502176,264137.181814909,1751153876.609455,4.107279062271118,1751153881.317893,264145.99753189087,True,False,False,False,consumer_pod0_proc1_20250628_233752_506760.csv
3449685,synthetic_5,84,1750889735.320645,1751153872.5021844,264137.1815390587,1751153876.609455,4.10727071762085,1751153881.317893,264145.99724793434,True,False,False,False,consumer_pod0_proc1_20250628_233752_506760.csv
3449695,synthetic_5,81,1750889735.3208854,1751153872.5021925,264137.1813070774,1751153876.609455,4.10726261138916,1751153881.317893,264145.9970076084,True,False,False,False,consumer_pod0_proc1_20250628_233752_506760.csv
3449705,synthetic_5,95,1750889735.321092,1751153872.5022008,264137.1811089516,1751153876.609455,4.107254266738892,1751153881.317893,264145.9968011379,True,False,False,False,consumer_pod0_proc1_20250628_233752_506760.csv
3449715,synthetic_5,97,1750889735.3213308,1751153872.5022092,264137.1808784008,1751153876.609455,4.107245922088623,1751153881.317893,264145.9965622425,True,False,False,False,consumer_pod0_proc1_20250628_233752_506760.csv
3449725,synthetic_5,83,1750889735.321555,1751153872.502218,264137.18066334724,1751153876.609455,4.107237100601196,1751153881.317893,264145.99633812904,True,False,False,False,consumer_pod0_proc1_20250628_233752_506760.csv
3449735,synthetic_5,84,1750889735.3217757,1751153872.502226,264137.18045043945,1751153876.609455,4.107228994369507,1751153881.317893,264145.99611735344,True,False,False,False,consumer_pod0_proc1_20250628_233752_506760.csv
3449745,synthetic_5,98,1750889735.4170215,1751153872.5022347,264137.0852131844,1751153876.609455,4.107220411300659,1751153881.317893,264145.9008715153,True,False,False,False,consumer_pod0_proc1_20250628_233752_506760.csv
3449755,synthetic_5,90,1750889735.4203374,1751153872.5022452,264137.0819077492,1751153876.609455,4.107209920883179,1751153881.317893,264145.8975555897,True,False,False,False,consumer_pod0_proc1_20250628_233752_506760.csv
3449765,synthetic_5,104,1750889735.420551,1751153872.502254,264137.0817029476,1751153876.609455,4.107201099395752,1751153881.317893,264145.8973419666,True,False,False,False,consumer_pod0_proc1_20250628_233752_506760.csv
3449775,synthetic_5,83,1750889735.4207475,1751153872.5022628,264137.0815153122,1751153876.609455,4.107192277908325,1751153881.317893,264145.8971455097,True,False,False,False,consumer_pod0_proc1_20250628_233752_506760.csv
3449785,synthetic_5,91,1750889735.4210746,1751153872.502271,264137.08119630814,1751153876.609455,4.107184171676636,1751153881.317893,264145.89681839943,True,False,False,False,consumer_pod0_proc1_20250628_233752_506760.csv
3449795,synthetic_5,89,1750889735.421264,1751153872.5022793,264137.08101534843,1751153876.609455,4.107175827026367,1751153881.317893,264145.8966290951,True,False,False,False,consumer_pod0_proc1_20250628_233752_506760.csv
3449805,synthetic_5,90,1750889735.4214752,1751153872.5022876,264137.0808124542,1751153876.609455,4.107167482376099,1751153881.317893,264145.8964178562,True,False,False,False,consumer_pod0_proc1_20250628_233752_506760.csv
3449815,synthetic_5,82,1750889735.421672,1751153872.502296,264137.08062410355,1751153876.609455,4.10715913772583,1751153881.317893,264145.89622092247,True,False,False,False,consumer_pod0_proc1_20250628_233752_506760.csv
3449825,synthetic_5,103,1750889735.4219687,1751153872.5023062,264137.0803375244,1751153876.609455,4.107148885726929,1751153881.317893,264145.89592432976,True,False,False,False,consumer_pod0_proc1_20250628_233752_506760.csv
3449835,synthetic_5,104,1750889735.4221685,1751153872.5023155,264137.0801472664,1751153876.609455,4.107139587402344,1751153881.317893,264145.895724535,True,False,False,False,consumer_pod0_proc1_20250628_233752_506760.csv
3449845,synthetic_5,105,1750889735.4223945,1751153872.5023253,264137.07993102074,1751153876.609455,4.107129812240601,1751153881.317893,264145.8954985142,True,False,False,False,consumer_pod0_proc1_20250628_233752_506760.csv
3449855,synthetic_5,88,1750889735.422649,1751153872.5023348,264137.07968592644,1751153876.609455,4.1071202754974365,1751153881.317893,264145.89524412155,True,False,False,False,consumer_pod0_proc1_20250628_233752_506760.csv
3449865,synthetic_5,96,1750889735.422823,1751153872.5023434,264137.07952046394,1751153876.609455,4.107111692428589,1751153881.317893,264145.895070076,True,False,False,False,consumer_pod0_proc1_20250628_233752_506760.csv
3449875,synthetic_5,88,1750889735.423107,1751153872.5023549,264137.0792481899,1751153876.609455,4.107100248336792,1751153881.317893,264145.89478611946,True,False,False,False,consumer_pod0_proc1_20250628_233752_506760.csv
3449885,synthetic_5,90,1750889735.4233544,1751153872.502364,264137.0790095329,1751153876.609455,4.107091188430786,1751153881.317893,264145.894538641,True,False,False,False,consumer_pod0_proc1_20250628_233752_506760.csv
3449895,synthetic_5,97,1750889735.4235778,1751153872.502373,264137.0787951946,1751153876.609455,4.10708212852478,1751153881.317893,264145.89431524277,True,False,False,False,consumer_pod0_proc1_20250628_233752_506760.csv
3449905,synthetic_5,84,1750889735.4238062,1751153872.502382,264137.07857584953,1751153876.609455,4.107073068618774,1751153881.317893,264145.89408683777,True,False,False,False,consumer_pod0_proc1_20250628_233752_506760.csv
3449915,synthetic_5,83,1750889735.424036,1751153872.5023906,264137.0783545971,1751153876.609455,4.107064485549927,1751153881.317893,264145.89385700226,True,False,False,False,consumer_pod0_proc1_20250628_233752_506760.csv
3449925,synthetic_5,92,1750889735.4243,1751153872.5023987,264137.078098774,1751153876.609455,4.107056379318237,1751153881.317893,264145.8935930729,True,False,False,False,consumer_pod0_proc1_20250628_233752_506760.csv
3450675,synthetic_5,90,1750889735.626768,1751153872.5024073,264136.87563943863,1751153876.609455,4.10704779624939,1751153881.317893,264145.6911249161,True,False,False,False,consumer_pod0_proc1_20250628_233752_506760.csv
3450685,synthetic_5,89,1750889735.627666,1751153872.502416,264136.8747501373,1751153876.609455,4.107039213180542,1751153881.317893,264145.6902270317,True,False,False,False,consumer_pod0_proc1_20250628_233752_506760.csv
3450695,synthetic_5,97,1750889735.6279385,1751153872.5024245,264136.874486208,1751153876.609455,4.107030630111694,1751153881.317893,264145.6899545193,True,False,False,False,consumer_pod0_proc1_20250628_233752_506760.csv
3450705,synthetic_5,96,1750889735.6282606,1751153872.502433,264136.8741724491,1751153876.609455,4.107022047042847,1751153881.317893,264145.6896324158,True,False,False,False,consumer_pod0_proc1_20250628_233752_506760.csv
3450715,synthetic_5,83,1750889735.720761,1751153872.5024414,264136.78168034554,1751153876.609455,4.107013702392578,1751153881.317893,264145.59713196754,True,False,False,False,consumer_pod0_proc1_20250628_233752_506760.csv
3450725,synthetic_5,103,1750889735.7210498,1751153872.5024495,264136.78139972687,1751153876.609455,4.107005596160889,1751153881.317893,264145.59684324265,True,False,False,False,consumer_pod0_proc1_20250628_233752_506760.csv
3450735,synthetic_5,98,1750889735.7219954,1751153872.5024586,264136.7804632187,1751153876.609455,4.106996536254883,1751153881.317893,264145.59589767456,True,False,False,False,consumer_pod0_proc1_20250628_233752_506760.csv
3450745,synthetic_5,90,1750889735.7222936,1751153872.5024698,264136.7801761627,1751153876.609455,4.106985330581665,1751153881.317893,264145.5955994129,True,False,False,False,consumer_pod0_proc1_20250628_233752_506760.csv
3450755,synthetic_5,98,1750889735.7225802,1751153872.5024784,264136.77989816666,1751153876.609455,4.106976747512817,1751153881.317893,264145.5953128338,True,False,False,False,consumer_pod0_proc1_20250628_233752_506760.csv
3450765,synthetic_5,89,1750889735.722878,1751153872.502487,264136.7796089649,1751153876.609455,4.10696816444397,1751153881.317893,264145.595015049,True,False,False,False,consumer_pod0_proc1_20250628_233752_506760.csv
3450775,synthetic_5,97,1750889735.7231514,1751153872.5024972,264136.7793457508,1751153876.609455,4.106957912445068,1751153881.317893,264145.59474158287,True,False,False,False,consumer_pod0_proc1_20250628_233752_506760.csv
3450785,synthetic_5,98,1750889735.7234373,1751153872.5025058,264136.77906847,1751153876.609455,4.106949329376221,1751153881.317893,264145.594455719,True,False,False,False,consumer_pod0_proc1_20250628_233752_506760.csv
3450795,synthetic_5,90,1750889735.7237048,1751153872.502514,264136.778809309,1751153876.609455,4.106941223144531,1751153881.317893,264145.59418821335,True,False,False,False,consumer_pod0_proc1_20250628_233752_506760.csv
3450805,synthetic_5,97,1750889735.7239928,1751153872.5025222,264136.7785294056,1751153876.609455,4.106932878494263,1751153881.317893,264145.5939002037,True,False,False,False,consumer_pod0_proc1_20250628_233752_506760.csv
3450815,synthetic_5,103,1750889735.724275,1751153872.5025306,264136.77825546265,1751153876.609455,4.106924533843994,1751153881.317893,264145.5936179161,True,False,False,False,consumer_pod0_proc1_20250628_233752_506760.csv
3450825,synthetic_5,104,1750889735.7249355,1751153872.502539,264136.77760338783,1751153876.609455,4.106916189193726,1751153881.317893,264145.59295749664,True,False,False,False,consumer_pod0_proc1_20250628_233752_506760.csv
3450835,synthetic_5,104,1750889735.7252314,1751153872.5025485,264136.7773170471,1751153876.609455,4.1069066524505615,1751153881.317893,264145.5926616192,True,False,False,False,consumer_pod0_proc1_20250628_233752_506760.csv
3450845,synthetic_5,98,1750889735.7255332,1751153872.5025573,264136.7770240307,1751153876.609455,4.106897830963135,1751153881.317893,264145.59235978127,True,False,False,False,consumer_pod0_proc1_20250628_233752_506760.csv
3450855,synthetic_5,83,1750889735.72582,1751153872.5025666,264136.77674651146,1751153876.609455,4.10688853263855,1751153881.317893,264145.5920729637,True,False,False,False,consumer_pod0_proc1_20250628_233752_506760.csv
3450865,synthetic_5,98,1750889735.7261083,1751153872.5025764,264136.77646803856,1751153876.609455,4.106878757476807,1751153881.317893,264145.59178471565,True,False,False,False,consumer_pod0_proc1_20250628_233752_506760.csv
3450875,synthetic_5,89,1750889735.7263813,1751153872.5025885,264136.7762069702,1751153876.609455,4.1068665981292725,1751153881.317893,264145.5915117264,True,False,False,False,consumer_pod0_proc1_20250628_233752_506760.csv
3450885,synthetic_5,97,1750889735.7266738,1751153872.5025976,264136.77592372894,1751153876.609455,4.106857538223267,1751153881.317893,264145.5912191868,True,False,False,False,consumer_pod0_proc1_20250628_233752_506760.csv
3450895,synthetic_5,102,1750889735.7269502,1751153872.502607,264136.7756569385,1751153876.609455,4.106848001480103,1751153881.317893,264145.59094285965,True,False,False,False,consumer_pod0_proc1_20250628_233752_506760.csv
3450905,synthetic_5,104,1750889735.727255,1751153872.5026157,264136.77536058426,1751153876.609455,4.106839418411255,1751153881.317893,264145.5906379223,True,False,False,False,consumer_pod0_proc1_20250628_233752_506760.csv
3450915,synthetic_5,104,1750889735.727527,1751153872.502625,264136.7750980854,1751153876.609455,4.10683012008667,1751153881.317893,264145.5903661251,True,False,False,False,consumer_pod0_proc1_20250628_233752_506760.csv
3450925,synthetic_5,84,1750889735.7278316,1751153872.5026343,264136.7748026848,1751153876.609455,4.106820821762085,1751153881.317893,264145.59006142616,True,False,False,False,consumer_pod0_proc1_20250628_233752_506760.csv
3450935,synthetic_5,88,1750889735.7280831,1751153872.502643,264136.77455997467,1751153876.609455,4.106812000274658,1751153881.317893,264145.58980989456,True,False,False,False,consumer_pod0_proc1_20250628_233752_506760.csv
3450945,synthetic_5,83,1750889735.728382,1751153872.5026524,264136.7742705345,1751153876.609455,4.106802701950073,1751153881.317893,264145.58951091766,True,False,False,False,consumer_pod0_proc1_20250628_233752_506760.csv
3450955,synthetic_5,83,1750889735.728793,1751153872.5026612,264136.7738685608,1751153876.609455,4.106793880462647,1751153881.317893,264145.58910012245,True,False,False,False,consumer_pod0_proc1_20250628_233752_506760.csv
3450965,synthetic_5,91,1750889735.7290764,1751153872.50267,264136.77359366417,1751153876.609455,4.10678505897522,1751153881.317893,264145.58881664276,True,False,False,False,consumer_pod0_proc1_20250628_233752_506760.csv
3450975,synthetic_5,83,1750889735.729395,1751153872.502679,264136.7732844353,1751153876.609455,4.106775999069214,1751153881.317893,264145.58849811554,True,False,False,False,consumer_pod0_proc1_20250628_233752_506760.csv
3450985,synthetic_5,103,1750889735.729741,1751153872.502688,264136.77294659615,1751153876.609455,4.106767177581787,1751153881.317893,264145.58815193176,True,False,False,False,consumer_pod0_proc1_20250628_233752_506760.csv
3450995,synthetic_5,96,1750889735.730089,1751153872.5026996,264136.7726106644,1751153876.609455,4.106755495071411,1751153881.317893,264145.58780407906,True,False,False,False,consumer_pod0_proc1_20250628_233752_506760.csv
3451005,synthetic_5,91,1750889735.7303813,1751153872.5027103,264136.772329092,1751153876.609455,4.106744766235352,1751153881.317893,264145.5875117779,True,False,False,False,consumer_pod0_proc1_20250628_233752_506760.csv
3451015,synthetic_5,85,1750889735.730667,1751153872.5027192,264136.77205204964,1751153876.609455,4.106735944747925,1751153881.317893,264145.587225914,True,False,False,False,consumer_pod0_proc1_20250628_233752_506760.csv
3451025,synthetic_5,84,1750889735.7309785,1751153872.5027287,264136.7717502117,1751153876.609455,4.106726408004761,1751153881.317893,264145.58691453934,True,False,False,False,consumer_pod0_proc1_20250628_233752_506760.csv
3451035,synthetic_5,81,1750889735.731288,1751153872.5027375,264136.7714495659,1751153876.609455,4.106717586517334,1751153881.317893,264145.586605072,True,False,False,False,consumer_pod0_proc1_20250628_233752_506760.csv
3451045,synthetic_5,98,1750889735.7315788,1751153872.5027463,264136.7711675167,1751153876.609455,4.106708765029907,1751153881.317893,264145.58631420135,True,False,False,False,consumer_pod0_proc1_20250628_233752_506760.csv
3451055,synthetic_5,83,1750889735.7318747,1751153872.5027554,264136.7708806992,1751153876.609455,4.106699705123901,1751153881.317893,264145.5860183239,True,False,False,False,consumer_pod0_proc1_20250628_233752_506760.csv
3451065,synthetic_5,89,1750889735.732152,1751153872.5027654,264136.770613432,1751153876.609455,4.106689691543579,1751153881.317893,264145.5857410431,True,False,False,False,consumer_pod0_proc1_20250628_233752_506760.csv
3451075,synthetic_5,103,1750889735.7324436,1751153872.502775,264136.77033138275,1751153876.609455,4.106680154800415,1751153881.317893,264145.58544945717,True,False,False,False,consumer_pod0_proc1_20250628_233752_506760.csv
3451085,synthetic_5,91,1750889735.7327485,1751153872.5027857,264136.7700371742,1751153876.609455,4.106669425964356,1751153881.317893,264145.5851445198,True,False,False,False,consumer_pod0_proc1_20250628_233752_506760.csv
3451095,synthetic_5,97,1750889735.7330475,1751153872.5027952,264136.76974749565,1751153876.609455,4.106659889221191,1751153881.317893,264145.5848455429,True,False,False,False,consumer_pod0_proc1_20250628_233752_506760.csv
3451105,synthetic_5,89,1750889735.7333376,1751153872.5028048,264136.7694671154,1751153876.609455,4.106650352478027,1751153881.317893,264145.5845553875,True,False,False,False,consumer_pod0_proc1_20250628_233752_506760.csv
3451115,synthetic_5,83,1750889735.7336266,1751153872.5028143,264136.76918792725,1751153876.609455,4.106640815734863,1751153881.317893,264145.5842664242,True,False,False,False,consumer_pod0_proc1_20250628_233752_506760.csv
3451125,synthetic_5,104,1750889735.7339272,1751153872.5028238,264136.76889657974,1751153876.609455,4.106631278991699,1751153881.317893,264145.58396577835,True,False,False,False,consumer_pod0_proc1_20250628_233752_506760.csv
3451135,synthetic_5,97,1750889735.734238,1751153872.5028367,264136.7685985565,1751153876.609455,4.106618404388428,1751153881.317893,264145.58365511894,True,False,False,False,consumer_pod0_proc1_20250628_233752_506760.csv
3451145,synthetic_5,91,1750889735.7345347,1751153872.5028472,264136.7683124542,1751153876.609455,4.106607913970947,1751153881.317893,264145.5833582878,True,False,False,False,consumer_pod0_proc1_20250628_233752_506760.csv
3451155,synthetic_5,104,1750889735.7348218,1751153872.5028565,264136.76803445816,1751153876.609455,4.106598615646362,1751153881.317893,264145.58307123184,True,False,False,False,consumer_pod0_proc1_20250628_233752_506760.csv
3451165,synthetic_5,90,1750889735.735139,1751153872.5028665,264136.76772737503,1751153876.609455,4.10658860206604,1751153881.317893,264145.58275413513,True,False,False,False,consumer_pod0_proc1_20250628_233752_506760.csv
3451175,synthetic_5,84,1750889735.7354393,1751153872.5028758,264136.7674365044,1751153876.609455,4.106579303741455,1751153881.317893,264145.5824537277,True,False,False,False,consumer_pod0_proc1_20250628_233752_506760.csv
3451185,synthetic_5,103,1750889735.7357333,1751153872.5028856,264136.7671523094,1751153876.609455,4.106569528579712,1751153881.317893,264145.5821597576,True,False,False,False,consumer_pod0_proc1_20250628_233752_506760.csv
3451195,synthetic_5,90,1750889735.7359884,1751153872.5028956,264136.7669072151,1751153876.609455,4.10655951499939,1751153881.317893,264145.58190464973,True,False,False,False,consumer_pod0_proc1_20250628_233752_506760.csv
3451205,synthetic_5,90,1750889735.7362866,1751153872.5029078,264136.7666211128,1751153876.609455,4.106547355651856,1751153881.317893,264145.5816063881,True,False,False,False,consumer_pod0_proc1_20250628_233752_506760.csv
3451215,synthetic_5,97,1750889735.822623,1751153872.5029173,264136.6802942753,1751153876.609455,4.106537818908691,1751153881.317893,264145.4952700138,True,False,False,False,consumer_pod0_proc1_20250628_233752_506760.csv
3451225,synthetic_5,84,1750889735.8229666,1751153872.5029275,264136.6799609661,1751153876.609455,4.10652756690979,1751153881.317893,264145.49492645264,True,False,False,False,consumer_pod0_proc1_20250628_233752_506760.csv
3451235,synthetic_5,84,1750889735.8232925,1751153872.5029373,264136.6796448231,1751153876.609455,4.106517791748047,1751153881.317893,264145.49460053444,True,False,False,False,consumer_pod0_proc1_20250628_233752_506760.csv
3451245,synthetic_5,83,1750889735.82364,1751153872.502946,264136.6793062687,1751153876.609455,4.106509208679199,1751153881.317893,264145.49425292015,True,False,False,False,consumer_pod0_proc1_20250628_233752_506760.csv
3451255,synthetic_5,97,1750889735.823979,1751153872.502957,264136.6789786816,1751153876.609455,4.106498003005981,1751153881.317893,264145.49391412735,True,False,False,False,consumer_pod0_proc1_20250628_233752_506760.csv
3451265,synthetic_5,91,1750889735.8242965,1751153872.502968,264136.67867159843,1751153876.609455,4.106487035751343,1751153881.317893,264145.4935965538,True,False,False,False,consumer_pod0_proc1_20250628_233752_506760.csv
3451275,synthetic_5,97,1750889735.824876,1751153872.5029774,264136.6781013012,1751153876.609455,4.106477737426758,1751153881.317893,264145.49301695824,True,False,False,False,consumer_pod0_proc1_20250628_233752_506760.csv
3451285,synthetic_5,96,1750889735.825257,1751153872.5029862,264136.6777291298,1751153876.609455,4.106468915939331,1751153881.317893,264145.49263596535,True,False,False,False,consumer_pod0_proc1_20250628_233752_506760.csv
3451295,synthetic_5,84,1750889735.8256576,1751153872.5029953,264136.6773376465,1751153876.609455,4.106459856033325,1751153881.317893,264145.49223542213,True,False,False,False,consumer_pod0_proc1_20250628_233752_506760.csv
3451305,synthetic_5,84,1750889735.8261936,1751153872.503004,264136.676810503,1751153876.609455,4.106451034545898,1751153881.317893,264145.49169945717,True,False,False,False,consumer_pod0_proc1_20250628_233752_506760.csv
3451315,synthetic_5,98,1750889735.8264973,1751153872.503013,264136.6765153408,1751153876.609455,4.106442213058472,1751153881.317893,264145.4913957119,True,False,False,False,consumer_pod0_proc1_20250628_233752_506760.csv
3644225,synthetic_5,84,1750889736.7168646,1751153872.5030217,264135.7861571312,1751153876.609455,4.106433391571045,1751153881.317893,264144.6010284424,True,False,False,False,consumer_pod0_proc1_20250628_233752_506760.csv
3452935,synthetic_5,105,1750889736.7193449,1751153872.50303,264135.78368520737,1751153876.609455,4.106425046920776,1751153881.317893,264144.5985481739,True,True,False,False,consumer_pod0_proc1_20250628_233752_506760.csv
3644235,synthetic_5,83,1750889736.7194164,1751153872.5030391,264135.7836227417,1751153876.609455,4.1064159870147705,1751153881.317893,264144.59847664833,True,False,False,False,consumer_pod0_proc1_20250628_233752_506760.csv
3644245,synthetic_5,96,1750889736.7196815,1751153872.5030482,264135.78336668015,1751153876.609455,4.106406927108765,1751153881.317893,264144.59821152687,True,False,False,False,consumer_pod0_proc1_20250628_233752_506760.csv
3644255,synthetic_5,104,1750889736.7199347,1751153872.5030577,264135.78312277794,1751153876.609455,4.106397390365601,1751153881.317893,264144.59795832634,True,False,False,False,consumer_pod0_proc1_20250628_233752_506760.csv
3452945,synthetic_5,96,1750889736.719901,1751153872.5030663,264135.78316521645,1751153876.609455,4.106388807296753,1751153881.317893,264144.59799194336,True,True,False,False,consumer_pod0_proc1_20250628_233752_506760.csv
3452955,synthetic_5,98,1750889736.7204428,1751153872.5030773,264135.7826344967,1751153876.609455,4.106377840042114,1751153881.317893,264144.59745025635,True,False,False,False,consumer_pod0_proc1_20250628_233752_506760.csv
3452965,synthetic_5,97,1750889736.7209032,1751153872.5030866,264135.78218340874,1751153876.609455,4.106368541717529,1751153881.317893,264144.5969898701,True,False,False,False,consumer_pod0_proc1_20250628_233752_506760.csv
3644265,synthetic_5,84,1750889736.720513,1751153872.5030956,264135.782582283,1751153876.609455,4.106359481811523,1751153881.317893,264144.59737992287,True,False,False,False,consumer_pod0_proc1_20250628_233752_506760.csv
3452975,synthetic_5,90,1750889736.7213066,1751153872.5031044,264135.7817978859,1751153876.609455,4.106350660324097,1751153881.317893,264144.59658646584,True,True,False,False,consumer_pod0_proc1_20250628_233752_506760.csv
3644275,synthetic_5,97,1750889736.720807,1751153872.5031152,264135.78230810165,1751153876.609455,4.106339931488037,1751153881.317893,264144.59708595276,True,False,False,False,consumer_pod0_proc1_20250628_233752_506760.csv
3452985,synthetic_5,104,1750889736.7216954,1751153872.503125,264135.7814295292,1751153876.609455,4.106330156326294,1751153881.317893,264144.59619760513,True,True,False,False,consumer_pod0_proc1_20250628_233752_506760.csv
3644285,synthetic_5,105,1750889736.7210815,1751153872.5031347,264135.7820532322,1751153876.609455,4.106320381164551,1751153881.317893,264144.596811533,True,False,False,False,consumer_pod0_proc1_20250628_233752_506760.csv
3644295,synthetic_5,83,1750889736.721387,1751153872.5031445,264135.7817578316,1751153876.609455,4.106310606002808,1751153881.317893,264144.5965061188,True,False,False,False,consumer_pod0_proc1_20250628_233752_506760.csv
3452995,synthetic_5,84,1750889736.7221365,1751153872.503153,264135.78101682663,1751153876.609455,4.10630202293396,1751153881.317893,264144.59575653076,True,True,False,False,consumer_pod0_proc1_20250628_233752_506760.csv
3453005,synthetic_5,84,1750889736.7225094,1751153872.503162,264135.78065276146,1751153876.609455,4.106293201446533,1751153881.317893,264144.5953836441,True,False,False,False,consumer_pod0_proc1_20250628_233752_506760.csv
3644305,synthetic_5,84,1750889736.7217174,1751153872.503171,264135.78145360947,1751153876.609455,4.106284141540527,1751153881.317893,264144.5961756706,True,False,False,False,consumer_pod0_proc1_20250628_233752_506760.csv
3644315,synthetic_5,104,1750889736.7220378,1751153872.5031798,264135.7811419964,1751153876.609455,4.106275320053101,1751153881.317893,264144.59585523605,True,False,False,False,consumer_pod0_proc1_20250628_233752_506760.csv
3453015,synthetic_5,90,1750889736.7229128,1751153872.5031896,264135.78027677536,1751153876.609455,4.106265544891357,1751153881.317893,264144.59498023987,True,True,False,False,consumer_pod0_proc1_20250628_233752_506760.csv
3644325,synthetic_5,83,1750889736.7223706,1751153872.503201,264135.7808303833,1751153876.609455,4.1062541007995605,1751153881.317893,264144.5955224037,True,False,False,False,consumer_pod0_proc1_20250628_233752_506760.csv
3453025,synthetic_5,89,1750889736.7233129,1751153872.50321,264135.779897213,1751153876.609455,4.106245040893555,1751153881.317893,264144.5945801735,True,True,False,False,consumer_pod0_proc1_20250628_233752_506760.csv
3453035,synthetic_5,104,1750889736.723729,1751153872.503219,264135.77948999405,1751153876.609455,4.106236219406128,1751153881.317893,264144.5941641331,True,False,False,False,consumer_pod0_proc1_20250628_233752_506760.csv
3644335,synthetic_5,98,1750889736.7226925,1751153872.5032284,264135.7805361748,1751153876.609455,4.106226682662964,1751153881.317893,264144.59520053864,True,False,False,False,consumer_pod0_proc1_20250628_233752_506760.csv
3644345,synthetic_5,87,1750889736.722997,1751153872.5032375,264135.78024053574,1751153876.609455,4.106217622756958,1751153881.317893,264144.5948960781,True,False,False,False,consumer_pod0_proc1_20250628_233752_506760.csv
3453045,synthetic_5,84,1750889736.7242498,1751153872.5032463,264135.7789964676,1751153876.609455,4.106208801269531,1751153881.317893,264144.5936431885,True,True,False,False,consumer_pod0_proc1_20250628_233752_506760.csv
3644355,synthetic_5,104,1750889736.7232652,1751153872.5032554,264135.7799901962,1751153876.609455,4.106199741363525,1751153881.317893,264144.5946278572,True,False,False,False,consumer_pod0_proc1_20250628_233752_506760.csv
3453055,synthetic_5,91,1750889736.7246523,1751153872.5032651,264135.7786126137,1751153876.609455,4.106189966201782,1751153881.317893,264144.5932407379,True,True,False,False,consumer_pod0_proc1_20250628_233752_506760.csv
3644365,synthetic_5,90,1750889736.723555,1751153872.5032744,264135.7797191143,1751153876.609455,4.106180667877197,1751153881.317893,264144.5943379402,True,False,False,False,consumer_pod0_proc1_20250628_233752_506760.csv
3644375,synthetic_5,104,1750889736.723806,1751153872.503284,264135.7794778347,1751153876.609455,4.106171131134033,1751153881.317893,264144.59408712387,True,False,False,False,consumer_pod0_proc1_20250628_233752_506760.csv
3453065,synthetic_5,83,1750889736.7249548,1751153872.5032942,264135.778339386,1751153876.609455,4.106160879135132,1751153881.317893,264144.59293818474,True,True,False,False,consumer_pod0_proc1_20250628_233752_506760.csv
3453075,synthetic_5,91,1750889736.725283,1751153872.5033035,264135.7780208588,1751153876.609455,4.106151580810547,1751153881.317893,264144.5926101208,True,False,False,False,consumer_pod0_proc1_20250628_233752_506760.csv
3644385,synthetic_5,104,1750889736.724115,1751153872.5033147,264135.77919983864,1751153876.609455,4.106140375137329,1751153881.317893,264144.5937781334,True,False,False,False,consumer_pod0_proc1_20250628_233752_506760.csv
3453085,synthetic_5,84,1750889736.7257838,1751153872.5033262,264135.7775423527,1751153876.609455,4.106128931045532,1751153881.317893,264144.59210920334,True,True,False,False,consumer_pod0_proc1_20250628_233752_506760.csv
3453095,synthetic_5,105,1750889736.7260523,1751153872.5033357,264135.7772831917,1751153876.609455,4.106119394302368,1751153881.317893,264144.591840744,True,False,False,False,consumer_pod0_proc1_20250628_233752_506760.csv
3453105,synthetic_5,102,1750889736.726375,1751153872.5033455,264135.7769703865,1751153876.609455,4.106109619140625,1751153881.317893,264144.59151792526,True,False,False,False,consumer_pod0_proc1_20250628_233752_506760.csv
3644395,synthetic_5,97,1750889736.7243884,1751153872.503355,264135.77896666527,1751153876.609455,4.106100082397461,1751153881.317893,264144.5935046673,True,False,False,False,consumer_pod0_proc1_20250628_233752_506760.csv
3644405,synthetic_5,91,1750889736.7247567,1751153872.5033653,264135.77860856056,1751153876.609455,4.10608983039856,1751153881.317893,264144.5931363106,True,False,False,False,consumer_pod0_proc1_20250628_233752_506760.csv
3453115,synthetic_5,95,1750889736.726811,1751153872.5033746,264135.7765636444,1751153876.609455,4.106080532073975,1751153881.317893,264144.5910820961,True,True,False,False,consumer_pod0_proc1_20250628_233752_506760.csv
3453125,synthetic_5,97,1750889736.7272527,1751153872.5033844,264135.77613162994,1751153876.609455,4.106070756912232,1751153881.317893,264144.5906403065,True,False,False,False,consumer_pod0_proc1_20250628_233752_506760.csv
3453135,synthetic_5,101,1750889736.7275004,1751153872.5033937,264135.77589321136,1751153876.609455,4.106061458587647,1751153881.317893,264144.59039258957,True,False,False,False,consumer_pod0_proc1_20250628_233752_506760.csv
3644415,synthetic_5,91,1750889736.7251248,1751153872.5034032,264135.77827835083,1751153876.609455,4.106051921844482,1751153881.317893,264144.5927681923,True,False,False,False,consumer_pod0_proc1_20250628_233752_506760.csv
3453145,synthetic_5,90,1750889736.727738,1751153872.5034122,264135.7756741047,1751153876.609455,4.106042861938477,1751153881.317893,264144.59015512466,True,True,False,False,consumer_pod0_proc1_20250628_233752_506760.csv
3453155,synthetic_5,95,1750889736.7280028,1751153872.5034215,264135.7754187584,1751153876.609455,4.106033563613892,1751153881.317893,264144.5898902416,True,False,False,False,consumer_pod0_proc1_20250628_233752_506760.csv
3644425,synthetic_5,95,1750889736.7254195,1751153872.503431,264135.77801179886,1751153876.609455,4.106024026870728,1751153881.317893,264144.5924735069,True,False,False,False,consumer_pod0_proc1_20250628_233752_506760.csv
3453165,synthetic_5,101,1750889736.728242,1751153872.503441,264135.7751991749,1751153876.609455,4.106014013290405,1751153881.317893,264144.5896511078,True,True,False,False,consumer_pod0_proc1_20250628_233752_506760.csv
3644435,synthetic_5,83,1750889736.725652,1751153872.5034528,264135.7778007984,1751153876.609455,4.106002330780029,1751153881.317893,264144.5922410488,True,False,False,False,consumer_pod0_proc1_20250628_233752_506760.csv
3453175,synthetic_5,103,1750889736.7284696,1751153872.503462,264135.774992466,1751153876.609455,4.105993032455444,1751153881.317893,264144.58942341805,True,True,False,False,consumer_pod0_proc1_20250628_233752_506760.csv
3644445,synthetic_5,97,1750889736.725894,1751153872.5034716,264135.7775776386,1751153876.609455,4.10598349571228,1751153881.317893,264144.59199905396,True,False,False,False,consumer_pod0_proc1_20250628_233752_506760.csv
3644455,synthetic_5,84,1750889736.7261283,1751153872.5034816,264135.77735328674,1751153876.609455,4.105973482131958,1751153881.317893,264144.5917646885,True,False,False,False,consumer_pod0_proc1_20250628_233752_506760.csv
3644465,synthetic_5,103,1750889736.7263708,1751153872.5034902,264135.7771193981,1751153876.609455,4.10596489906311,1751153881.317893,264144.5915222168,True,False,False,False,consumer_pod0_proc1_20250628_233752_506760.csv
3453185,synthetic_5,95,1750889736.817983,1751153872.5034995,264135.68551683426,1751153876.609455,4.105955600738525,1751153881.317893,264144.4999101162,True,True,False,False,consumer_pod0_proc1_20250628_233752_506760.csv
3644475,synthetic_5,91,1750889736.726534,1751153872.5035093,264135.7769751549,1751153876.609455,4.105945825576782,1751153881.317893,264144.5913591385,True,False,False,False,consumer_pod0_proc1_20250628_233752_506760.csv
3644485,synthetic_5,102,1750889736.726685,1751153872.5035207,264135.77683568,1751153876.609455,4.105934381484985,1751153881.317893,264144.5912079811,True,False,False,False,consumer_pod0_proc1_20250628_233752_506760.csv
3453195,synthetic_5,82,1750889736.8184278,1751153872.5035307,264135.6851029396,1751153876.609455,4.105924367904663,1751153881.317893,264144.4994652271,True,True,False,False,consumer_pod0_proc1_20250628_233752_506760.csv
3453205,synthetic_5,95,1750889736.818864,1751153872.5035408,264135.6846768856,1751153876.609455,4.105914354324341,1751153881.317893,264144.4990289211,True,False,False,False,consumer_pod0_proc1_20250628_233752_506760.csv
3453215,synthetic_5,97,1750889736.8195364,1751153872.503551,264135.6840145588,1751153876.609455,4.10590410232544,1751153881.317893,264144.49835658073,True,False,False,False,consumer_pod0_proc1_20250628_233752_506760.csv
3453225,synthetic_5,82,1750889736.819955,1751153872.5035613,264135.68360614777,1751153876.609455,4.105893850326538,1751153881.317893,264144.4979379177,True,False,False,False,consumer_pod0_proc1_20250628_233752_506760.csv
3644495,synthetic_5,104,1750889736.726829,1751153872.5035715,264135.7767426968,1751153876.609455,4.105883598327637,1751153881.317893,264144.5910639763,True,False,False,False,consumer_pod0_proc1_20250628_233752_506760.csv
3644505,synthetic_5,104,1750889736.7271178,1751153872.503581,264135.7764632702,1751153876.609455,4.105874061584473,1751153881.317893,264144.5907752514,True,False,False,False,consumer_pod0_proc1_20250628_233752_506760.csv
3453235,synthetic_5,97,1750889736.820526,1751153872.5035915,264135.68306565285,1751153876.609455,4.105863571166992,1751153881.317893,264144.49736714363,True,True,False,False,consumer_pod0_proc1_20250628_233752_506760.csv
3644515,synthetic_5,84,1750889736.7272666,1751153872.5036008,264135.77633428574,1751153876.609455,4.105854272842407,1751153881.317893,264144.5906264782,True,False,False,False,consumer_pod0_proc1_20250628_233752_506760.csv
3644525,synthetic_5,91,1750889736.727415,1751153872.5036104,264135.7761950493,1751153876.609455,4.105844736099243,1751153881.317893,264144.5904779434,True,False,False,False,consumer_pod0_proc1_20250628_233752_506760.csv
3644535,synthetic_5,97,1750889736.7275655,1751153872.5036204,264135.7760548592,1751153876.609455,4.105834722518921,1751153881.317893,264144.5903275013,True,False,False,False,consumer_pod0_proc1_20250628_233752_506760.csv
3644545,synthetic_5,89,1750889736.7277114,1751153872.5036302,264135.7759187221,1751153876.609455,4.105824947357178,1751153881.317893,264144.5901815891,True,False,False,False,consumer_pod0_proc1_20250628_233752_506760.csv
3453245,synthetic_5,98,1750889736.8210485,1751153872.5036397,264135.6825914383,1751153876.609455,4.105815410614014,1751153881.317893,264144.4968445301,True,True,False,False,consumer_pod0_proc1_20250628_233752_506760.csv
3644555,synthetic_5,90,1750889736.7278576,1751153872.5036497,264135.77579188347,1751153876.609455,4.105805397033691,1751153881.317893,264144.59003543854,True,False,False,False,consumer_pod0_proc1_20250628_233752_506760.csv
3644565,synthetic_5,88,1750889736.728005,1751153872.5036592,264135.77565431595,1751153876.609455,4.105795860290527,1751153881.317893,264144.58988809586,True,False,False,False,consumer_pod0_proc1_20250628_233752_506760.csv
3453255,synthetic_5,90,1750889736.821483,1751153872.5036683,264135.6821858883,1751153876.609455,4.1057868003845215,1751153881.317893,264144.49641013145,True,True,False,False,consumer_pod0_proc1_20250628_233752_506760.csv
3453265,synthetic_5,98,1750889736.8219888,1751153872.5036774,264135.68168854713,1751153876.609455,4.105777740478516,1751153881.317893,264144.49590420723,True,False,False,False,consumer_pod0_proc1_20250628_233752_506760.csv
3453275,synthetic_5,97,1750889736.8223991,1751153872.5036862,264135.68128705025,1751153876.609455,4.105768918991089,1751153881.317893,264144.49549388885,True,False,False,False,consumer_pod0_proc1_20250628_233752_506760.csv
3644575,synthetic_5,90,1750889736.7281487,1751153872.5036976,264135.77554893494,1751153876.609455,4.105757474899292,1751153881.317893,264144.58974432945,True,False,False,False,consumer_pod0_proc1_20250628_233752_506760.csv
3644585,synthetic_5,103,1750889736.7282946,1751153872.5037067,264135.7754120827,1751153876.609455,4.105748414993286,1751153881.317893,264144.5895984173,True,False,False,False,consumer_pod0_proc1_20250628_233752_506760.csv
3644595,synthetic_5,89,1750889736.728443,1751153872.5037165,264135.7752737999,1751153876.609455,4.105738639831543,1751153881.317893,264144.5894501209,True,False,False,False,consumer_pod0_proc1_20250628_233752_506760.csv
3453285,synthetic_5,96,1750889736.8227725,1751153872.5037255,264135.68095326424,1751153876.609455,4.105729579925537,1751153881.317893,264144.49512052536,True,True,False,False,consumer_pod0_proc1_20250628_233752_506760.csv
3453295,synthetic_5,91,1750889736.8231823,1751153872.5037367,264135.68055438995,1751153876.609455,4.105718374252319,1751153881.317893,264144.4947106838,True,False,False,False,consumer_pod0_proc1_20250628_233752_506760.csv
3453305,synthetic_5,84,1750889736.823527,1751153872.5037465,264135.68021917343,1751153876.609455,4.105708599090576,1751153881.317893,264144.49436593056,True,False,False,False,consumer_pod0_proc1_20250628_233752_506760.csv
3453315,synthetic_5,91,1750889736.8238351,1751153872.503756,264135.6799209118,1751153876.609455,4.105699062347412,1751153881.317893,264144.49405789375,True,False,False,False,consumer_pod0_proc1_20250628_233752_506760.csv
3453325,synthetic_5,104,1750889736.8242393,1751153872.503765,264135.6795260906,1751153876.609455,4.105690002441406,1751153881.317893,264144.49365377426,True,False,False,False,consumer_pod0_proc1_20250628_233752_506760.csv
3644605,synthetic_5,96,1750889736.8181598,1751153872.503775,264135.6856150627,1751153876.609455,4.105680227279663,1751153881.317893,264144.4997332096,True,False,False,False,consumer_pod0_proc1_20250628_233752_506760.csv
3644615,synthetic_5,83,1750889736.818668,1751153872.5037844,264135.68511629105,1751153876.609455,4.105670690536499,1751153881.317893,264144.4992251396,True,False,False,False,consumer_pod0_proc1_20250628_233752_506760.csv
3644625,synthetic_5,96,1750889736.8193116,1751153872.5037937,264135.6844818592,1751153876.609455,4.105661392211914,1751153881.317893,264144.49858140945,True,False,False,False,consumer_pod0_proc1_20250628_233752_506760.csv
3644635,synthetic_5,89,1750889736.8196166,1751153872.5038033,264135.684186697,1751153876.609455,4.10565185546875,1751153881.317893,264144.4982764721,True,False,False,False,consumer_pod0_proc1_20250628_233752_506760.csv
3644645,synthetic_5,98,1750889736.8200777,1751153872.5038123,264135.6837346554,1751153876.609455,4.105642795562744,1751153881.317893,264144.49781537056,True,False,False,False,consumer_pod0_proc1_20250628_233752_506760.csv
3644655,synthetic_5,91,1750889736.8204446,1751153872.5038245,264135.68337988853,1751153876.609455,4.10563063621521,1751153881.317893,264144.49744844437,True,False,False,False,consumer_pod0_proc1_20250628_233752_506760.csv
3644665,synthetic_5,82,1750889736.821054,1751153872.5038338,264135.682779789,1751153876.609455,4.105621337890625,1751153881.317893,264144.4968390465,True,False,False,False,consumer_pod0_proc1_20250628_233752_506760.csv
3644675,synthetic_5,97,1750889736.821432,1751153872.5038428,264135.6824109554,1751153876.609455,4.105612277984619,1751153881.317893,264144.4964609146,True,False,False,False,consumer_pod0_proc1_20250628_233752_506760.csv
3644685,synthetic_5,94,1750889736.821812,1751153872.5038526,264135.6820406914,1751153876.609455,4.105602502822876,1751153881.317893,264144.4960811138,True,False,False,False,consumer_pod0_proc1_20250628_233752_506760.csv
3644695,synthetic_5,83,1750889736.822225,1751153872.5038614,264135.68163633347,1751153876.609455,4.105593681335449,1751153881.317893,264144.4956679344,True,False,False,False,consumer_pod0_proc1_20250628_233752_506760.csv
3644705,synthetic_5,90,1750889736.8227315,1751153872.5038707,264135.6811389923,1751153876.609455,4.105584383010864,1751153881.317893,264144.49516153336,True,False,False,False,consumer_pod0_proc1_20250628_233752_506760.csv
3644715,synthetic_5,81,1750889736.8231578,1751153872.5038798,264135.6807219982,1751153876.609455,4.105575323104858,1751153881.317893,264144.49473524094,True,False,False,False,consumer_pod0_proc1_20250628_233752_506760.csv
3644725,synthetic_5,98,1750889736.8235424,1751153872.5038888,264135.6803464889,1751153876.609455,4.1055662631988525,1751153881.317893,264144.49435067177,True,False,False,False,consumer_pod0_proc1_20250628_233752_506760.csv
3644735,synthetic_5,90,1750889736.8239284,1751153872.503898,264135.6799695492,1751153876.609455,4.105557203292847,1751153881.317893,264144.4939646721,True,False,False,False,consumer_pod0_proc1_20250628_233752_506760.csv
3644745,synthetic_5,83,1750889736.824278,1751153872.5039074,264135.67962932587,1751153876.609455,4.105547666549683,1751153881.317893,264144.49361491203,True,False,False,False,consumer_pod0_proc1_20250628_233752_506760.csv
3644755,synthetic_5,80,1750889736.82466,1751153872.5039165,264135.6792562008,1751153876.609455,4.105538606643677,1751153881.317893,264144.49323296547,True,False,False,False,consumer_pod0_proc1_20250628_233752_506760.csv
3644765,synthetic_5,91,1750889736.8249526,1751153872.503925,264135.6789724827,1751153876.609455,4.105530023574829,1751153881.317893,264144.4929404259,True,False,False,False,consumer_pod0_proc1_20250628_233752_506760.csv
3644775,synthetic_5,87,1750889736.8251555,1751153872.503936,264135.6787803173,1751153876.609455,4.10551905632019,1751153881.317893,264144.49273753166,True,False,False,False,consumer_pod0_proc1_20250628_233752_506760.csv
3644785,synthetic_5,97,1750889736.8253632,1751153872.5039475,264135.67858433723,1751153876.609455,4.1055076122283936,1751153881.317893,264144.4925298691,True,False,False,False,consumer_pod0_proc1_20250628_233752_506760.csv
3644795,synthetic_5,84,1750889736.8255508,1751153872.5039575,264135.6784067154,1751153876.609455,4.105497598648071,1751153881.317893,264144.49234223366,True,False,False,False,consumer_pod0_proc1_20250628_233752_506760.csv
3644805,synthetic_5,91,1750889736.8257308,1751153872.5039668,264135.6782360077,1751153876.609455,4.105488300323486,1751153881.317893,264144.49216222763,True,False,False,False,consumer_pod0_proc1_20250628_233752_506760.csv
3644815,synthetic_5,103,1750889736.82591,1751153872.503976,264135.67806625366,1751153876.609455,4.105479001998901,1751153881.317893,264144.49198293686,True,False,False,False,consumer_pod0_proc1_20250628_233752_506760.csv
3644825,synthetic_5,97,1750889736.8260894,1751153872.503986,264135.67789649963,1751153876.609455,4.105469226837158,1751153881.317893,264144.4918036461,True,False,False,False,consumer_pod0_proc1_20250628_233752_506760.csv
3644835,synthetic_5,102,1750889736.8262713,1751153872.5039954,264135.677724123,1751153876.609455,4.105459690093994,1751153881.317893,264144.4916217327,True,False,False,False,consumer_pod0_proc1_20250628_233752_506760.csv
3644845,synthetic_5,105,1750889736.8264594,1751153872.5040054,264135.6775460243,1751153876.609455,4.105449676513672,1751153881.317893,264144.49143362045,True,False,False,False,consumer_pod0_proc1_20250628_233752_506760.csv
3644855,synthetic_5,101,1750889736.8266327,1751153872.5040152,264135.6773824692,1751153876.609455,4.105439901351929,1751153881.317893,264144.49126029015,True,False,False,False,consumer_pod0_proc1_20250628_233752_506760.csv
3644865,synthetic_5,83,1750889736.8268187,1751153872.5040247,264135.6772060394,1751153876.609455,4.105430364608765,1751153881.317893,264144.49107432365,True,False,False,False,consumer_pod0_proc1_20250628_233752_506760.csv
3644875,synthetic_5,104,1750889736.8271434,1751153872.5040338,264135.67689037323,1751153876.609455,4.105421304702759,1751153881.317893,264144.49074959755,True,False,False,False,consumer_pod0_proc1_20250628_233752_506760.csv
3453335,synthetic_5,104,1750889736.9183288,1751153872.504043,264135.5857143402,1751153876.609455,4.105412006378174,1751153881.317893,264144.3995642662,True,True,False,False,consumer_pod0_proc1_20250628_233752_506760.csv
3453345,synthetic_5,91,1750889736.9187543,1751153872.5040524,264135.58529806137,1751153876.609455,4.105402708053589,1751153881.317893,264144.39913868904,True,False,False,False,consumer_pod0_proc1_20250628_233752_506760.csv
3644885,synthetic_5,82,1750889736.8272867,1751153872.5040612,264135.6767745018,1751153876.609455,4.105393886566162,1751153881.317893,264144.490606308,True,False,False,False,consumer_pod0_proc1_20250628_233752_506760.csv
3644895,synthetic_5,90,1750889736.8274412,1751153872.5040722,264135.6766309738,1751153876.609455,4.105382919311523,1751153881.317893,264144.49045181274,True,False,False,False,consumer_pod0_proc1_20250628_233752_506760.csv
3644905,synthetic_5,82,1750889736.8275886,1751153872.504082,264135.6764934063,1751153876.609455,4.10537314414978,1751153881.317893,264144.49030447006,True,False,False,False,consumer_pod0_proc1_20250628_233752_506760.csv
3644915,synthetic_5,89,1750889736.8277357,1751153872.5040915,264135.6763558388,1751153876.609455,4.105363607406616,1751153881.317893,264144.4901573658,True,False,False,False,consumer_pod0_proc1_20250628_233752_506760.csv
3644925,synthetic_5,103,1750889736.8278832,1751153872.504101,264135.6762177944,1751153876.609455,4.105354070663452,1751153881.317893,264144.4900097847,True,False,False,False,consumer_pod0_proc1_20250628_233752_506760.csv
3644935,synthetic_5,89,1750889736.828041,1751153872.5041108,264135.6760697365,1751153876.609455,4.105344295501709,1751153881.317893,264144.4898519516,True,False,False,False,consumer_pod0_proc1_20250628_233752_506760.csv
3644945,synthetic_5,84,1750889736.8281977,1751153872.50412,264135.6759223938,1751153876.609455,4.105334997177124,1751153881.317893,264144.4896953106,True,False,False,False,consumer_pod0_proc1_20250628_233752_506760.csv
3644955,synthetic_5,90,1750889736.828359,1751153872.5041287,264135.6757698059,1751153876.609455,4.105326414108276,1751153881.317893,264144.48953413963,True,False,False,False,consumer_pod0_proc1_20250628_233752_506760.csv
3453355,synthetic_5,90,1750889736.919179,1751153872.5041385,264135.584959507,1751153876.609455,4.105316638946533,1751153881.317893,264144.39871406555,True,True,False,False,consumer_pod0_proc1_20250628_233752_506760.csv
3456195,synthetic_5,90,1750889737.9213128,1751153872.5041497,264134.5828368664,1751153876.609455,4.105305433273315,1751153881.317893,264143.39658021927,True,False,False,False,consumer_pod0_proc1_20250628_233752_506760.csv
3456205,synthetic_5,95,1750889737.9216964,1751153872.5041597,264134.58246302605,1751153876.609455,4.105295419692993,1751153881.317893,264143.3961966038,True,False,False,False,consumer_pod0_proc1_20250628_233752_506760.csv
3456215,synthetic_5,82,1750889737.9220822,1751153872.504169,264134.5820868015,1751153876.609455,4.105286121368408,1751153881.317893,264143.3958108425,True,False,False,False,consumer_pod0_proc1_20250628_233752_506760.csv
3456225,synthetic_5,89,1750889737.922486,1751153872.5041778,264134.58169174194,1751153876.609455,4.105277299880981,1751153881.317893,264143.39540696144,True,False,False,False,consumer_pod0_proc1_20250628_233752_506760.csv
3456235,synthetic_5,105,1750889737.9228125,1751153872.5041888,264134.58137631416,1751153876.609455,4.105266332626343,1751153881.317893,264143.3950805664,True,False,False,False,consumer_pod0_proc1_20250628_233752_506760.csv
3456245,synthetic_5,88,1750889737.923175,1751153872.504199,264134.5810239315,1751153876.609455,4.105256080627441,1751153881.317893,264143.39471793175,True,False,False,False,consumer_pod0_proc1_20250628_233752_506760.csv
3456255,synthetic_5,83,1750889737.9235256,1751153872.5042083,264134.5806827545,1751153876.609455,4.105246782302856,1751153881.317893,264143.39436745644,True,False,False,False,consumer_pod0_proc1_20250628_233752_506760.csv
3456265,synthetic_5,89,1750889737.923867,1751153872.5042174,264134.580350399,1751153876.609455,4.105237722396851,1751153881.317893,264143.39402604103,True,False,False,False,consumer_pod0_proc1_20250628_233752_506760.csv
3456275,synthetic_5,84,1750889737.92426,1751153872.5042264,264134.5799663067,1751153876.609455,4.105228662490845,1751153881.317893,264143.3936331272,True,False,False,False,consumer_pod0_proc1_20250628_233752_506760.csv
3456285,synthetic_5,103,1750889737.9246483,1751153872.5042355,264134.57958722115,1751153876.609455,4.105219602584839,1751153881.317893,264143.39324474335,True,False,False,False,consumer_pod0_proc1_20250628_233752_506760.csv
3456295,synthetic_5,96,1750889737.924939,1751153872.5042458,264134.5793068409,1751153876.609455,4.1052093505859375,1751153881.317893,264143.3929541111,True,False,False,False,consumer_pod0_proc1_20250628_233752_506760.csv
3456305,synthetic_5,95,1750889737.925239,1751153872.5042555,264134.57901620865,1751153876.609455,4.105199575424194,1751153881.317893,264143.3926539421,True,False,False,False,consumer_pod0_proc1_20250628_233752_506760.csv
3456315,synthetic_5,84,1750889737.9255395,1751153872.5042644,264134.57872486115,1751153876.609455,4.105190753936768,1751153881.317893,264143.3923535347,True,False,False,False,consumer_pod0_proc1_20250628_233752_506760.csv
3456325,synthetic_5,103,1750889737.9258575,1751153872.5042732,264134.57841563225,1751153876.609455,4.105181932449341,1751153881.317893,264143.3920354843,True,False,False,False,consumer_pod0_proc1_20250628_233752_506760.csv
3456335,synthetic_5,84,1750889737.9261491,1751153872.5042827,264134.57813358307,1751153876.609455,4.105172395706177,1751153881.317893,264143.3917438984,True,False,False,False,consumer_pod0_proc1_20250628_233752_506760.csv
3456345,synthetic_5,104,1750889737.9264622,1751153872.504291,264134.5778288841,1751153876.609455,4.105164051055908,1751153881.317893,264143.3914308548,True,False,False,False,consumer_pod0_proc1_20250628_233752_506760.csv
3456355,synthetic_5,83,1750889737.926782,1751153872.5043006,264134.57751846313,1751153876.609455,4.105154514312744,1751153881.317893,264143.3911111355,True,False,False,False,consumer_pod0_proc1_20250628_233752_506760.csv
3456365,synthetic_5,83,1750889737.9270957,1751153872.5043118,264134.5772161484,1751153876.609455,4.105143308639526,1751153881.317893,264143.39079737663,True,False,False,False,consumer_pod0_proc1_20250628_233752_506760.csv
3456375,synthetic_5,96,1750889737.9273896,1751153872.5043206,264134.57693099976,1751153876.609455,4.1051344871521,1751153881.317893,264143.3905034065,True,False,False,False,consumer_pod0_proc1_20250628_233752_506760.csv
3456385,synthetic_5,98,1750889737.9276834,1751153872.5043302,264134.5766468048,1751153876.609455,4.105124950408936,1751153881.317893,264143.39020967484,True,False,False,False,consumer_pod0_proc1_20250628_233752_506760.csv
3456395,synthetic_5,105,1750889737.9279904,1751153872.50434,264134.57634949684,1751153876.609455,4.105115175247192,1751153881.317893,264143.3899025917,True,False,False,False,consumer_pod0_proc1_20250628_233752_506760.csv
3456405,synthetic_5,98,1750889737.9282482,1751153872.5043523,264134.5761041641,1751153876.609455,4.105102777481079,1751153881.317893,264143.3896448612,True,False,False,False,consumer_pod0_proc1_20250628_233752_506760.csv
3456415,synthetic_5,105,1750889738.0169606,1751153872.5043635,264134.48740291595,1751153876.609455,4.105091571807861,1751153881.317893,264143.3009324074,True,False,False,False,consumer_pod0_proc1_20250628_233752_506760.csv
3456425,synthetic_5,105,1750889738.1206036,1751153872.5043733,264134.3837697506,1751153876.609455,4.105081796646118,1751153881.317893,264143.19728946686,True,False,False,False,consumer_pod0_proc1_20250628_233752_506760.csv
3456975,synthetic_5,101,1750889738.3221838,1751153872.5043845,264134.1822004318,1751153876.609455,4.1050705909729,1751153881.317893,264142.99570918083,True,False,False,False,consumer_pod0_proc1_20250628_233752_506760.csv
3456985,synthetic_5,98,1750889738.3225317,1751153872.504395,264134.18186330795,1751153876.609455,4.10506010055542,1751153881.317893,264142.9953613281,True,False,False,False,consumer_pod0_proc1_20250628_233752_506760.csv
3456995,synthetic_5,82,1750889738.322905,1751153872.5044053,264134.18150019646,1751153876.609455,4.105049848556519,1751153881.317893,264142.99498796463,True,False,False,False,consumer_pod0_proc1_20250628_233752_506760.csv
3457005,synthetic_5,105,1750889738.3232737,1751153872.5044148,264134.1811411381,1751153876.609455,4.1050403118133545,1751153881.317893,264142.9946193695,True,False,False,False,consumer_pod0_proc1_20250628_233752_506760.csv
3457015,synthetic_5,90,1750889738.3236177,1751153872.5044255,264134.1808080673,1751153876.609455,4.105029582977295,1751153881.317893,264142.9942753315,True,False,False,False,consumer_pod0_proc1_20250628_233752_506760.csv
3457025,synthetic_5,90,1750889738.323851,1751153872.5044365,264134.18058490753,1751153876.609455,4.105018615722656,1751153881.317893,264142.9940419197,True,False,False,False,consumer_pod0_proc1_20250628_233752_506760.csv
3457035,synthetic_5,90,1750889738.3240805,1751153872.5044494,264134.1803689003,1751153876.609455,4.105005741119385,1751153881.317893,264142.99381256104,True,False,False,False,consumer_pod0_proc1_20250628_233752_506760.csv
3457045,synthetic_5,83,1750889738.3243103,1751153872.5044608,264134.18015027046,1751153876.609455,4.104994297027588,1751153881.317893,264142.9935827255,True,False,False,False,consumer_pod0_proc1_20250628_233752_506760.csv
3457055,synthetic_5,83,1750889738.3245592,1751153872.5044878,264134.1799285412,1751153876.609455,4.104967355728149,1751153881.317893,264142.9933338165,True,False,False,False,consumer_pod0_proc1_20250628_233752_506760.csv
3457065,synthetic_5,95,1750889738.324782,1751153872.5045,264134.1797180176,1751153876.609455,4.104955196380615,1751153881.317893,264142.9931111336,True,False,False,False,consumer_pod0_proc1_20250628_233752_506760.csv
3457075,synthetic_5,84,1750889738.3250103,1751153872.5045106,264134.179500103,1751153876.609455,4.104944467544556,1751153881.317893,264142.9928827286,True,False,False,False,consumer_pod0_proc1_20250628_233752_506760.csv
3457085,synthetic_5,103,1750889738.3252406,1751153872.504521,264134.17928028107,1751153876.609455,4.104934215545654,1751153881.317893,264142.99265241623,True,False,False,False,consumer_pod0_proc1_20250628_233752_506760.csv
3457095,synthetic_5,97,1750889738.325467,1751153872.5045314,264134.17906427383,1751153876.609455,4.104923725128174,1751153881.317893,264142.9924259186,True,False,False,False,consumer_pod0_proc1_20250628_233752_506760.csv
3457105,synthetic_5,91,1750889738.325698,1751153872.5045433,264134.1788451672,1751153876.609455,4.104911804199219,1751153881.317893,264142.9921951294,True,False,False,False,consumer_pod0_proc1_20250628_233752_506760.csv
3457115,synthetic_5,88,1750889738.325924,1751153872.5045524,264134.1786284447,1751153876.609455,4.104902744293213,1751153881.317893,264142.9919691086,True,False,False,False,consumer_pod0_proc1_20250628_233752_506760.csv
3457125,synthetic_5,98,1750889738.3261476,1751153872.5045617,264134.1784141064,1751153876.609455,4.104893445968628,1751153881.317893,264142.99174547195,True,False,False,False,consumer_pod0_proc1_20250628_233752_506760.csv
3457135,synthetic_5,89,1750889738.326381,1751153872.5045712,264134.1781902313,1751153876.609455,4.104883909225464,1751153881.317893,264142.99151206017,True,False,False,False,consumer_pod0_proc1_20250628_233752_506760.csv
3457145,synthetic_5,98,1750889738.3266134,1751153872.5045805,264134.1779668331,1751153876.609455,4.104874610900879,1751153881.317893,264142.99127960205,True,False,False,False,consumer_pod0_proc1_20250628_233752_506760.csv
3457155,synthetic_5,102,1750889738.3268445,1751153872.5045924,264134.17774796486,1751153876.609455,4.104862689971924,1751153881.317893,264142.99104857445,True,False,False,False,consumer_pod0_proc1_20250628_233752_506760.csv
3457165,synthetic_5,98,1750889738.3270814,1751153872.5046048,264134.17752337456,1751153876.609455,4.1048502922058105,1751153881.317893,264142.9908115864,True,False,False,False,consumer_pod0_proc1_20250628_233752_506760.csv
3457175,synthetic_5,90,1750889738.3273296,1751153872.5046148,264134.1772851944,1751153876.609455,4.104840278625488,1751153881.317893,264142.99056339264,True,False,False,False,consumer_pod0_proc1_20250628_233752_506760.csv
3457185,synthetic_5,97,1750889738.327561,1751153872.504624,264134.1770632267,1751153876.609455,4.104831218719482,1751153881.317893,264142.9903321266,True,False,False,False,consumer_pod0_proc1_20250628_233752_506760.csv
3457195,synthetic_5,104,1750889738.3277948,1751153872.5046334,264134.1768386364,1751153876.609455,4.104821681976318,1751153881.317893,264142.990098238,True,False,False,False,consumer_pod0_proc1_20250628_233752_506760.csv
3457205,synthetic_5,84,1750889738.3280315,1751153872.504643,264134.1766114235,1751153876.609455,4.104812145233154,1751153881.317893,264142.98986148834,True,False,False,False,consumer_pod0_proc1_20250628_233752_506760.csv
3457215,synthetic_5,91,1750889738.3282535,1751153872.5046525,264134.1763987541,1751153876.609455,4.10480260848999,1751153881.317893,264142.98963952065,True,False,False,False,consumer_pod0_proc1_20250628_233752_506760.csv
3457225,synthetic_5,91,1750889738.4166064,1751153872.504661,264134.088054657,1751153876.609455,4.104794025421143,1751153881.317893,264142.901286602,True,False,False,False,consumer_pod0_proc1_20250628_233752_506760.csv
3457235,synthetic_5,98,1750889738.4195192,1751153872.50467,264134.0851507187,1751153876.609455,4.104785203933716,1751153881.317893,264142.89837384224,True,False,False,False,consumer_pod0_proc1_20250628_233752_506760.csv
3457245,synthetic_5,81,1750889738.4199102,1751153872.50468,264134.0847697258,1751153876.609455,4.1047751903533936,1751153881.317893,264142.89798283577,True,False,False,False,consumer_pod0_proc1_20250628_233752_506760.csv
3457255,synthetic_5,100,1750889738.4205573,1751153872.5046904,264134.0841331482,1751153876.609455,4.104764699935913,1751153881.317893,264142.89733576775,True,False,False,False,consumer_pod0_proc1_20250628_233752_506760.csv
3457265,synthetic_5,95,1750889738.4208815,1751153872.5047011,264134.08381962776,1751153876.609455,4.1047539710998535,1751153881.317893,264142.8970115185,True,False,False,False,consumer_pod0_proc1_20250628_233752_506760.csv
3457275,synthetic_5,105,1750889738.4212077,1751153872.504712,264134.0835042,1751153876.609455,4.104743003845215,1751153881.317893,264142.89668536186,True,False,False,False,consumer_pod0_proc1_20250628_233752_506760.csv
3457285,synthetic_5,82,1750889738.4214892,1751153872.5047216,264134.0832324028,1751153876.609455,4.104733467102051,1751153881.317893,264142.8964037895,True,False,False,False,consumer_pod0_proc1_20250628_233752_506760.csv
3457295,synthetic_5,90,1750889738.4219396,1751153872.5047328,264134.0827932358,1751153876.609455,4.104722261428833,1751153881.317893,264142.8959534168,True,False,False,False,consumer_pod0_proc1_20250628_233752_506760.csv
3457305,synthetic_5,101,1750889738.4222968,1751153872.5047429,264134.0824460983,1751153876.609455,4.104712247848511,1751153881.317893,264142.8955962658,True,False,False,False,consumer_pod0_proc1_20250628_233752_506760.csv
3457315,synthetic_5,98,1750889738.4226334,1751153872.5047526,264134.08211922646,1751153876.609455,4.104702472686768,1751153881.317893,264142.89525961876,True,False,False,False,consumer_pod0_proc1_20250628_233752_506760.csv
3457325,synthetic_5,84,1750889738.4229686,1751153872.5047626,264134.0817940235,1751153876.609455,4.104692459106445,1751153881.317893,264142.89492440224,True,False,False,False,consumer_pod0_proc1_20250628_233752_506760.csv
3457335,synthetic_5,83,1750889738.423261,1751153872.5047717,264134.0815105438,1751153876.609455,4.10468339920044,1751153881.317893,264142.89463210106,True,False,False,False,consumer_pod0_proc1_20250628_233752_506760.csv
3457345,synthetic_5,91,1750889738.4235616,1751153872.5047815,264134.0812199116,1751153876.609455,4.104673624038696,1751153881.317893,264142.89433145523,True,False,False,False,consumer_pod0_proc1_20250628_233752_506760.csv
3457355,synthetic_5,83,1750889738.4238467,1751153872.5047915,264134.08094477654,1751153876.609455,4.104663610458374,1751153881.317893,264142.8940463066,True,False,False,False,consumer_pod0_proc1_20250628_233752_506760.csv
3457365,synthetic_5,94,1750889738.424094,1751153872.5048008,264134.0807068348,1751153876.609455,4.104654312133789,1751153881.317893,264142.89379906654,True,False,False,False,consumer_pod0_proc1_20250628_233752_506760.csv
3457375,synthetic_5,100,1750889738.4244075,1751153872.5048127,264134.0804052353,1751153876.609455,4.104642391204834,1751153881.317893,264142.8934855461,True,False,False,False,consumer_pod0_proc1_20250628_233752_506760.csv
3457385,synthetic_5,101,1750889738.424747,1751153872.504823,264134.08007597923,1751153876.609455,4.104632139205933,1751153881.317893,264142.89314603806,True,False,False,False,consumer_pod0_proc1_20250628_233752_506760.csv
3457395,synthetic_5,91,1750889738.4250183,1751153872.504833,264134.07981443405,1751153876.609455,4.10462212562561,1751153881.317893,264142.8928747177,True,False,False,False,consumer_pod0_proc1_20250628_233752_506760.csv
3457405,synthetic_5,97,1750889738.425306,1751153872.504843,264134.0795369148,1751153876.609455,4.104612112045288,1751153881.317893,264142.8925869465,True,False,False,False,consumer_pod0_proc1_20250628_233752_506760.csv
3528194,synthetic_4,83,1750889699.924283,1751153877.8561196,264177.9318366051,1751153880.2979732,2.4418535232543945,1751153881.317893,264181.3936100006,True,False,False,False,consumer_pod0_proc1_20250628_233757_862045.csv
3528204,synthetic_4,81,1750889699.924584,1751153877.85618,264177.9315960407,1751153880.2979732,2.441793203353882,1751153881.317893,264181.39330911636,True,False,False,False,consumer_pod0_proc1_20250628_233757_862045.csv
3528214,synthetic_4,91,1750889699.9248688,1751153877.8561912,264177.9313223362,1751153880.2979732,2.441781997680664,1751153881.317893,264181.39302420616,True,False,False,False,consumer_pod0_proc1_20250628_233757_862045.csv
3528224,synthetic_4,97,1750889699.9251122,1751153877.85631,264177.9311978817,1751153880.2979732,2.4416632652282715,1751153881.317893,264181.3927807808,True,False,False,False,consumer_pod0_proc1_20250628_233757_862045.csv
3528234,synthetic_4,84,1750889699.9253392,1751153877.8564143,264177.93107509613,1751153880.2979732,2.441558837890625,1751153881.317893,264181.3925538063,True,False,False,False,consumer_pod0_proc1_20250628_233757_862045.csv
3528244,synthetic_4,96,1750889699.925581,1751153877.8564267,264177.93084573746,1751153880.2979732,2.441546440124512,1751153881.317893,264181.39231204987,True,False,False,False,consumer_pod0_proc1_20250628_233757_862045.csv
3528254,synthetic_4,83,1750889699.925813,1751153877.856437,264177.9306240082,1751153880.2979732,2.4415361881256104,1751153881.317893,264181.3920800686,True,False,False,False,consumer_pod0_proc1_20250628_233757_862045.csv
3528264,synthetic_4,105,1750889699.9260385,1751153877.856446,264177.9304075241,1751153880.2979732,2.4415271282196045,1751153881.317893,264181.3918545246,True,False,False,False,consumer_pod0_proc1_20250628_233757_862045.csv
3528274,synthetic_4,103,1750889699.9262657,1751153877.856456,264177.9301903248,1751153880.2979732,2.4415171146392822,1751153881.317893,264181.3916273117,True,False,False,False,consumer_pod0_proc1_20250628_233757_862045.csv
3528284,synthetic_4,96,1750889699.926465,1751153877.8564658,264177.930000782,1751153880.2979732,2.441507339477539,1751153881.317893,264181.3914279938,True,False,False,False,consumer_pod0_proc1_20250628_233757_862045.csv
3528294,synthetic_4,103,1750889699.926671,1751153877.8565152,264177.929844141,1751153880.2979732,2.441457986831665,1751153881.317893,264181.3912220001,True,False,False,False,consumer_pod0_proc1_20250628_233757_862045.csv
3528304,synthetic_4,84,1750889699.9268856,1751153877.856524,264177.9296383858,1751153880.2979732,2.4414491653442383,1751153881.317893,264181.3910074234,True,False,False,False,consumer_pod0_proc1_20250628_233757_862045.csv
3528314,synthetic_4,97,1750889699.927094,1751153877.8565323,264177.9294383526,1751153880.2979732,2.4414408206939697,1751153881.317893,264181.39079904556,True,False,False,False,consumer_pod0_proc1_20250628_233757_862045.csv
3528324,synthetic_4,96,1750889699.9273114,1751153877.8565404,264177.9292290211,1751153880.2979732,2.4414327144622803,1751153881.317893,264181.3905816078,True,False,False,False,consumer_pod0_proc1_20250628_233757_862045.csv
3528334,synthetic_4,98,1750889699.9275172,1751153877.856549,264177.9290318489,1751153880.2979732,2.4414241313934326,1751153881.317893,264181.3903758526,True,False,False,False,consumer_pod0_proc1_20250628_233757_862045.csv
3528344,synthetic_4,82,1750889699.9277198,1751153877.8565574,264177.92883753777,1751153880.2979732,2.441415786743164,1751153881.317893,264181.3901731968,True,False,False,False,consumer_pod0_proc1_20250628_233757_862045.csv
3528354,synthetic_4,96,1750889699.927926,1751153877.8565652,264177.9286391735,1751153880.2979732,2.4414079189300537,1751153881.317893,264181.3899669647,True,False,False,False,consumer_pod0_proc1_20250628_233757_862045.csv
3528364,synthetic_4,97,1750889699.9281392,1751153877.856574,264177.9284348488,1751153880.2979732,2.441399097442627,1751153881.317893,264181.3897538185,True,False,False,False,consumer_pod0_proc1_20250628_233757_862045.csv
3528374,synthetic_4,104,1750889699.9283507,1751153877.8565836,264177.92823290825,1751153880.2979732,2.441389560699463,1751153881.317893,264181.38954234123,True,False,False,False,consumer_pod0_proc1_20250628_233757_862045.csv
3528384,synthetic_4,84,1750889700.0200796,1751153877.856593,264177.83651328087,1751153880.2979732,2.441380262374878,1751153881.317893,264181.2978134155,True,False,False,False,consumer_pod0_proc1_20250628_233757_862045.csv
3528394,synthetic_4,94,1750889700.024693,1751153877.8566008,264177.8319077492,1751153880.2979732,2.441372394561768,1751153881.317893,264181.293200016,True,False,False,False,consumer_pod0_proc1_20250628_233757_862045.csv
3528404,synthetic_4,102,1750889700.0248735,1751153877.8566096,264177.8317358494,1751153880.2979732,2.441363573074341,1751153881.317893,264181.29301953316,True,False,False,False,consumer_pod0_proc1_20250628_233757_862045.csv
3530794,synthetic_4,82,1750889700.923271,1751153877.8566198,264176.9333488941,1751153880.2979732,2.4413533210754395,1751153881.317893,264180.3946220875,True,False,False,False,consumer_pod0_proc1_20250628_233757_862045.csv
3530804,synthetic_4,83,1750889700.923427,1751153877.856628,264176.9332008362,1751153880.2979732,2.44134521484375,1751153881.317893,264180.3944659233,True,False,False,False,consumer_pod0_proc1_20250628_233757_862045.csv
3530814,synthetic_4,84,1750889700.9235797,1751153877.8566356,264176.9330558777,1751153880.2979732,2.4413375854492188,1751153881.317893,264180.3943133354,True,False,False,False,consumer_pod0_proc1_20250628_233757_862045.csv
3530824,synthetic_4,94,1750889700.92373,1751153877.8566463,264176.9329164028,1751153880.2979732,2.441326856613159,1751153881.317893,264180.3941631317,True,False,False,False,consumer_pod0_proc1_20250628_233757_862045.csv
3530834,synthetic_4,94,1750889700.9240355,1751153877.856655,264176.93261933327,1751153880.2979732,2.4413182735443115,1751153881.317893,264180.3938574791,True,False,False,False,consumer_pod0_proc1_20250628_233757_862045.csv
3530844,synthetic_4,89,1750889700.924191,1751153877.8566637,264176.9324724674,1751153880.2979732,2.4413094520568848,1751153881.317893,264180.3937020302,True,False,False,False,consumer_pod0_proc1_20250628_233757_862045.csv
3530854,synthetic_4,89,1750889700.9243486,1751153877.8566716,264176.932322979,1751153880.2979732,2.4413015842437744,1751153881.317893,264180.3935444355,True,False,False,False,consumer_pod0_proc1_20250628_233757_862045.csv
3530864,synthetic_4,90,1750889700.9245255,1751153877.8566794,264176.9321537018,1751153880.2979732,2.441293716430664,1751153881.317893,264180.3933675289,True,False,False,False,consumer_pod0_proc1_20250628_233757_862045.csv
3530874,synthetic_4,89,1750889700.9246793,1751153877.8566866,264176.9320073128,1751153880.2979732,2.441286563873291,1751153881.317893,264180.39321374893,True,False,False,False,consumer_pod0_proc1_20250628_233757_862045.csv
3530884,synthetic_4,84,1750889700.9248326,1751153877.8566947,264176.93186211586,1751153880.2979732,2.4412784576416016,1751153881.317893,264180.3930604458,True,False,False,False,consumer_pod0_proc1_20250628_233757_862045.csv
3530894,synthetic_4,83,1750889700.9249802,1751153877.856702,264176.9317216873,1751153880.2979732,2.4412710666656494,1751153881.317893,264180.3929128647,True,False,False,False,consumer_pod0_proc1_20250628_233757_862045.csv
3530904,synthetic_4,83,1750889700.9251308,1751153877.8567104,264176.93157958984,1751153880.2979732,2.441262722015381,1751153881.317893,264180.39276218414,True,False,False,False,consumer_pod0_proc1_20250628_233757_862045.csv
3530914,synthetic_4,82,1750889700.9252863,1751153877.856718,264176.9314317703,1751153880.2979732,2.4412550926208496,1751153881.317893,264180.39260673523,True,False,False,False,consumer_pod0_proc1_20250628_233757_862045.csv
3530924,synthetic_4,90,1750889700.9254386,1751153877.8567271,264176.9312884808,1751153880.2979732,2.441246032714844,1751153881.317893,264180.39245438576,True,False,False,False,consumer_pod0_proc1_20250628_233757_862045.csv
3530934,synthetic_4,104,1750889700.9255826,1751153877.8567345,264176.9311518669,1751153880.2979732,2.441238641738892,1751153881.317893,264180.39231038094,True,False,False,False,consumer_pod0_proc1_20250628_233757_862045.csv
3530944,synthetic_4,97,1750889700.9257307,1751153877.8567429,264176.9310121536,1751153880.2979732,2.441230297088623,1751153881.317893,264180.392162323,True,False,False,False,consumer_pod0_proc1_20250628_233757_862045.csv
3530954,synthetic_4,97,1750889700.9258854,1751153877.8567512,264176.9308657646,1751153880.2979732,2.4412219524383545,1751153881.317893,264180.39200758934,True,False,False,False,consumer_pod0_proc1_20250628_233757_862045.csv
3530964,synthetic_4,82,1750889700.9260352,1751153877.8567588,264176.93072366714,1751153880.2979732,2.4412143230438232,1751153881.317893,264180.3918578625,True,False,False,False,consumer_pod0_proc1_20250628_233757_862045.csv
3530974,synthetic_4,83,1750889700.9261878,1751153877.8567655,264176.9305779934,1751153880.2979732,2.4412076473236084,1751153881.317893,264180.3917052746,True,False,False,False,consumer_pod0_proc1_20250628_233757_862045.csv
3530984,synthetic_4,81,1750889700.9263463,1751153877.8567736,264176.93042731285,1751153880.2979732,2.441199541091919,1751153881.317893,264180.3915467262,True,False,False,False,consumer_pod0_proc1_20250628_233757_862045.csv
3530994,synthetic_4,84,1750889700.9264958,1751153877.8567815,264176.93028593063,1751153880.2979732,2.4411916732788086,1751153881.317893,264180.3913972378,True,False,False,False,consumer_pod0_proc1_20250628_233757_862045.csv
3531004,synthetic_4,95,1750889700.926644,1751153877.8567894,264176.9301452637,1751153880.2979732,2.4411838054656982,1751153881.317893,264180.3912489414,True,False,False,False,consumer_pod0_proc1_20250628_233757_862045.csv
3531014,synthetic_4,91,1750889700.9267943,1751153877.8567972,264176.9300029278,1751153880.2979732,2.441175937652588,1751153881.317893,264180.3910987377,True,False,False,False,consumer_pod0_proc1_20250628_233757_862045.csv
3531024,synthetic_4,103,1750889700.9269483,1751153877.856805,264176.9298567772,1751153880.2979732,2.441168069839477,1751153881.317893,264180.3909447193,True,False,False,False,consumer_pod0_proc1_20250628_233757_862045.csv
3531034,synthetic_4,97,1750889700.927101,1751153877.8568127,264176.9297118187,1751153880.2979732,2.4411604404449463,1751153881.317893,264180.3907921314,True,False,False,False,consumer_pod0_proc1_20250628_233757_862045.csv
3531044,synthetic_4,84,1750889700.9272535,1751153877.8568225,264176.92956876755,1751153880.2979732,2.441150665283203,1751153881.317893,264180.39063954353,True,False,False,False,consumer_pod0_proc1_20250628_233757_862045.csv
3531054,synthetic_4,104,1750889700.9274142,1751153877.8568308,264176.9294166565,1751153880.2979732,2.4411423206329346,1751153881.317893,264180.3904788494,True,False,False,False,consumer_pod0_proc1_20250628_233757_862045.csv
3531064,synthetic_4,98,1750889700.927575,1751153877.8568387,264176.92926335335,1751153880.2979732,2.441134452819824,1751153881.317893,264180.39031791687,True,False,False,False,consumer_pod0_proc1_20250628_233757_862045.csv
3531074,synthetic_4,97,1750889700.9277256,1751153877.8568475,264176.9291219712,1751153880.2979732,2.441125631332397,1751153881.317893,264180.39016747475,True,False,False,False,consumer_pod0_proc1_20250628_233757_862045.csv
3531084,synthetic_4,104,1750889700.9278817,1751153877.8568552,264176.9289734364,1751153880.2979732,2.441118001937866,1751153881.317893,264180.3900113106,True,False,False,False,consumer_pod0_proc1_20250628_233757_862045.csv
3531094,synthetic_4,90,1750889700.9280305,1751153877.8568623,264176.92883229256,1751153880.2979732,2.441110849380493,1751153881.317893,264180.3898625374,True,False,False,False,consumer_pod0_proc1_20250628_233757_862045.csv
3531104,synthetic_4,102,1750889700.928181,1751153877.856871,264176.92868971825,1751153880.2979732,2.441102266311645,1751153881.317893,264180.38971209526,True,False,False,False,consumer_pod0_proc1_20250628_233757_862045.csv
3531114,synthetic_4,90,1750889700.9283395,1751153877.8568785,264176.9285387993,1751153880.2979732,2.4410946369171143,1751153881.317893,264180.3895535469,True,False,False,False,consumer_pod0_proc1_20250628_233757_862045.csv
3531124,synthetic_4,90,1750889701.0172298,1751153877.8568864,264176.8396565914,1751153880.2979732,2.441086769104004,1751153881.317893,264180.3006632328,True,False,False,False,consumer_pod0_proc1_20250628_233757_862045.csv
3531134,synthetic_4,104,1750889701.019847,1751153877.8568933,264176.83704662323,1751153880.2979732,2.44107985496521,1751153881.317893,264180.29804611206,True,False,False,False,consumer_pod0_proc1_20250628_233757_862045.csv
3531144,synthetic_4,90,1750889701.020075,1751153877.8569014,264176.83682632446,1751153880.2979732,2.4410717487335205,1751153881.317893,264180.2978179455,True,False,False,False,consumer_pod0_proc1_20250628_233757_862045.csv
3531154,synthetic_4,104,1750889701.0203612,1751153877.8569088,264176.83654761314,1751153880.2979732,2.4410643577575684,1751153881.317893,264180.2975318432,True,False,False,False,consumer_pod0_proc1_20250628_233757_862045.csv
3531164,synthetic_4,84,1750889701.0207171,1751153877.8569164,264176.8361992836,1751153880.2979732,2.441056728363037,1751153881.317893,264180.29717588425,True,False,False,False,consumer_pod0_proc1_20250628_233757_862045.csv
3531174,synthetic_4,83,1750889701.0209749,1751153877.8569236,264176.8359487057,1751153880.2979732,2.441049575805664,1751153881.317893,264180.29691815376,True,False,False,False,consumer_pod0_proc1_20250628_233757_862045.csv
3531184,synthetic_4,102,1750889701.021285,1751153877.856932,264176.8356468677,1751153880.2979732,2.4410412311553955,1751153881.317893,264180.2966079712,True,False,False,False,consumer_pod0_proc1_20250628_233757_862045.csv
3531194,synthetic_4,105,1750889701.021531,1751153877.8569398,264176.8354084492,1751153880.2979732,2.441033363342285,1751153881.317893,264180.2963619232,True,False,False,False,consumer_pod0_proc1_20250628_233757_862045.csv
3531204,synthetic_4,104,1750889701.0218198,1751153877.856948,264176.8351280689,1751153880.2979732,2.441025257110596,1751153881.317893,264180.2960731983,True,False,False,False,consumer_pod0_proc1_20250628_233757_862045.csv
3531214,synthetic_4,84,1750889701.0220058,1751153877.8569558,264176.83494997025,1751153880.2979732,2.4410173892974854,1751153881.317893,264180.2958872318,True,False,False,False,consumer_pod0_proc1_20250628_233757_862045.csv
3531224,synthetic_4,91,1750889701.0222254,1751153877.856963,264176.8347375393,1751153880.2979732,2.4410102367401123,1751153881.317893,264180.2956676483,True,False,False,False,consumer_pod0_proc1_20250628_233757_862045.csv
3531234,synthetic_4,91,1750889701.0224094,1751153877.8569698,264176.8345603943,1751153880.2979732,2.4410033226013184,1751153881.317893,264180.2954835892,True,False,False,False,consumer_pod0_proc1_20250628_233757_862045.csv
3531244,synthetic_4,96,1750889701.022581,1751153877.8569772,264176.83439588547,1751153880.2979732,2.440995931625366,1751153881.317893,264180.2953119278,True,False,False,False,consumer_pod0_proc1_20250628_233757_862045.csv
3531254,synthetic_4,97,1750889701.0227451,1751153877.8569858,264176.834240675,1751153880.2979732,2.4409873485565186,1751153881.317893,264180.2951478958,True,False,False,False,consumer_pod0_proc1_20250628_233757_862045.csv
3531264,synthetic_4,105,1750889701.0229115,1751153877.8569934,264176.8340818882,1751153880.2979732,2.4409797191619877,1751153881.317893,264180.29498147964,True,False,False,False,consumer_pod0_proc1_20250628_233757_862045.csv
3531274,synthetic_4,98,1750889701.0230742,1751153877.8570006,264176.8339264393,1751153880.2979732,2.4409725666046143,1751153881.317893,264180.2948188782,True,False,False,False,consumer_pod0_proc1_20250628_233757_862045.csv
3531284,synthetic_4,103,1750889701.0232537,1751153877.857008,264176.8337543011,1751153880.2979732,2.440965175628662,1751153881.317893,264180.294639349,True,False,False,False,consumer_pod0_proc1_20250628_233757_862045.csv
3531294,synthetic_4,84,1750889701.0234125,1751153877.8570156,264176.8336031437,1751153880.2979732,2.440957546234131,1751153881.317893,264180.2944805622,True,False,False,False,consumer_pod0_proc1_20250628_233757_862045.csv
3531304,synthetic_4,98,1750889701.0235784,1751153877.8570223,264176.8334438801,1751153880.2979732,2.440950870513916,1751153881.317893,264180.2943146229,True,False,False,False,consumer_pod0_proc1_20250628_233757_862045.csv
3531314,synthetic_4,89,1750889701.0237489,1751153877.8570306,264176.83328175545,1751153880.2979732,2.4409425258636475,1751153881.317893,264180.2941441536,True,False,False,False,consumer_pod0_proc1_20250628_233757_862045.csv
3531324,synthetic_4,83,1750889701.0239153,1751153877.857038,264176.83312273026,1751153880.2979732,2.4409351348876958,1751153881.317893,264180.2939777374,True,False,False,False,consumer_pod0_proc1_20250628_233757_862045.csv
3531334,synthetic_4,84,1750889701.0240812,1751153877.8570447,264176.83296346664,1751153880.2979732,2.4409284591674805,1751153881.317893,264180.2938117981,True,False,False,False,consumer_pod0_proc1_20250628_233757_862045.csv
3531344,synthetic_4,91,1750889701.0242734,1751153877.8570533,264176.83277988434,1751153880.2979732,2.440919876098633,1751153881.317893,264180.2936196327,True,False,False,False,consumer_pod0_proc1_20250628_233757_862045.csv
3531354,synthetic_4,97,1750889701.0245044,1751153877.85706,264176.83255553246,1751153880.2979732,2.440913200378418,1751153881.317893,264180.2933886051,True,False,False,False,consumer_pod0_proc1_20250628_233757_862045.csv
3531364,synthetic_4,98,1750889701.0247712,1751153877.8570688,264176.83229756355,1751153880.2979732,2.440904378890991,1751153881.317893,264180.2931218147,True,False,False,False,consumer_pod0_proc1_20250628_233757_862045.csv
3531374,synthetic_4,89,1750889701.025032,1751153877.857076,264176.8320438862,1751153880.2979732,2.440897226333618,1751153881.317893,264180.2928609848,True,False,False,False,consumer_pod0_proc1_20250628_233757_862045.csv
3531384,synthetic_4,83,1750889701.0252802,1751153877.8570826,264176.83180236816,1751153880.2979732,2.4408905506134038,1751153881.317893,264180.29261279106,True,False,False,False,consumer_pod0_proc1_20250628_233757_862045.csv
3531394,synthetic_4,102,1750889701.025534,1751153877.8570893,264176.8315553665,1751153880.2979732,2.4408838748931885,1751153881.317893,264180.2923591137,True,False,False,False,consumer_pod0_proc1_20250628_233757_862045.csv
3531404,synthetic_4,98,1750889701.0257778,1751153877.8570964,264176.83131861687,1751153880.2979732,2.4408767223358154,1751153881.317893,264180.2921152115,True,False,False,False,consumer_pod0_proc1_20250628_233757_862045.csv
3531414,synthetic_4,89,1750889701.0260425,1751153877.857103,264176.8310608864,1751153880.2979732,2.4408700466156006,1751153881.317893,264180.29185056686,True,False,False,False,consumer_pod0_proc1_20250628_233757_862045.csv
3531424,synthetic_4,84,1750889701.026296,1751153877.8571105,264176.8308143616,1751153880.2979732,2.4408626556396484,1751153881.317893,264180.2915971279,True,False,False,False,consumer_pod0_proc1_20250628_233757_862045.csv
3531434,synthetic_4,91,1750889701.0265496,1751153877.8571184,264176.83056879044,1751153880.2979732,2.440854787826538,1751153881.317893,264180.29134345055,True,False,False,False,consumer_pod0_proc1_20250628_233757_862045.csv
3531444,synthetic_4,97,1750889701.0268464,1751153877.8571253,264176.83027887344,1751153880.2979732,2.440847873687744,1751153881.317893,264180.2910466194,True,False,False,False,consumer_pod0_proc1_20250628_233757_862045.csv
3531454,synthetic_4,84,1750889701.0271227,1751153877.857133,264176.8300101757,1751153880.2979732,2.440840244293213,1751153881.317893,264180.2907702923,True,False,False,False,consumer_pod0_proc1_20250628_233757_862045.csv
3531464,synthetic_4,97,1750889701.027397,1751153877.8571408,264176.8297438621,1751153880.2979732,2.4408323764801025,1751153881.317893,264180.2904961109,True,False,False,False,consumer_pod0_proc1_20250628_233757_862045.csv
3531474,synthetic_4,84,1750889701.0276628,1751153877.8571477,264176.8294849396,1751153880.2979732,2.4408254623413086,1751153881.317893,264180.2902302742,True,False,False,False,consumer_pod0_proc1_20250628_233757_862045.csv
3531484,synthetic_4,95,1750889701.0279074,1751153877.8571544,264176.82924699783,1751153880.2979732,2.4408187866210938,1751153881.317893,264180.28998565674,True,False,False,False,consumer_pod0_proc1_20250628_233757_862045.csv
3531494,synthetic_4,105,1750889701.0281773,1751153877.8571615,264176.82898426056,1751153880.2979732,2.4408116340637207,1751153881.317893,264180.2897157669,True,False,False,False,consumer_pod0_proc1_20250628_233757_862045.csv
3531504,synthetic_4,84,1750889701.0284488,1751153877.857169,264176.8287200928,1751153880.2979732,2.440804243087769,1751153881.317893,264180.28944420815,True,False,False,False,consumer_pod0_proc1_20250628_233757_862045.csv
3531514,synthetic_4,101,1750889701.1245744,1751153877.8571756,264176.7326011658,1751153880.2979732,2.4407975673675537,1751153881.317893,264180.1933186054,True,False,False,False,consumer_pod0_proc1_20250628_233757_862045.csv
3531524,synthetic_4,89,1750889701.124975,1751153877.8571825,264176.7322075367,1751153880.2979732,2.44079065322876,1751153881.317893,264180.1929180622,True,False,False,False,consumer_pod0_proc1_20250628_233757_862045.csv
3531534,synthetic_4,83,1750889701.1254258,1751153877.85719,264176.73176407814,1751153880.2979732,2.440783262252808,1751153881.317893,264180.1924672127,True,False,False,False,consumer_pod0_proc1_20250628_233757_862045.csv
3531544,synthetic_4,98,1750889701.1257155,1751153877.8571966,264176.7314810753,1751153880.2979732,2.4407765865325928,1751153881.317893,264180.1921775341,True,False,False,False,consumer_pod0_proc1_20250628_233757_862045.csv
3531554,synthetic_4,104,1750889701.1259215,1751153877.8572035,264176.7312819958,1751153880.2979732,2.440769672393799,1751153881.317893,264180.19197154045,True,False,False,False,consumer_pod0_proc1_20250628_233757_862045.csv
3531564,synthetic_4,83,1750889701.126071,1751153877.8572116,264176.7311406136,1751153880.2979732,2.4407615661621094,1751153881.317893,264180.191822052,True,False,False,False,consumer_pod0_proc1_20250628_233757_862045.csv
3531574,synthetic_4,84,1750889701.126227,1751153877.8572185,264176.7309918404,1751153880.2979732,2.4407546520233154,1751153881.317893,264180.19166612625,True,False,False,False,consumer_pod0_proc1_20250628_233757_862045.csv
3531584,synthetic_4,83,1750889701.1263778,1751153877.857225,264176.7308471203,1751153880.2979732,2.44074821472168,1751153881.317893,264180.1915152073,True,False,False,False,consumer_pod0_proc1_20250628_233757_862045.csv
3531594,synthetic_4,82,1750889701.126532,1751153877.8572316,264176.7306995392,1751153880.2979732,2.440741539001465,1751153881.317893,264180.19136095047,True,False,False,False,consumer_pod0_proc1_20250628_233757_862045.csv
3531604,synthetic_4,91,1750889701.1266837,1751153877.8572383,264176.7305548191,1751153880.2979732,2.44073486328125,1751153881.317893,264180.19120931625,True,False,False,False,consumer_pod0_proc1_20250628_233757_862045.csv
3531614,synthetic_4,89,1750889701.1268384,1751153877.857245,264176.73040652275,1751153880.2979732,2.440728187561035,1751153881.317893,264180.1910545826,True,False,False,False,consumer_pod0_proc1_20250628_233757_862045.csv
3531624,synthetic_4,88,1750889701.126987,1751153877.8572524,264176.7302653789,1751153880.2979732,2.440720796585083,1751153881.317893,264180.1909060478,True,False,False,False,consumer_pod0_proc1_20250628_233757_862045.csv
3531634,synthetic_4,100,1750889701.127145,1751153877.8572588,264176.73011374474,1751153880.2979732,2.4407143592834477,1751153881.317893,264180.1907479763,True,False,False,False,consumer_pod0_proc1_20250628_233757_862045.csv
3531644,synthetic_4,97,1750889701.127298,1751153877.857266,264176.72996783257,1751153880.2979732,2.440707206726074,1751153881.317893,264180.1905949116,True,False,False,False,consumer_pod0_proc1_20250628_233757_862045.csv
3531654,synthetic_4,103,1750889701.1274512,1751153877.8572729,264176.729821682,1751153880.2979732,2.4407002925872803,1751153881.317893,264180.19044184685,True,False,False,False,consumer_pod0_proc1_20250628_233757_862045.csv
3531664,synthetic_4,91,1750889701.1276102,1751153877.857281,264176.729670763,1751153880.2979732,2.440692186355591,1751153881.317893,264180.19028282166,True,False,False,False,consumer_pod0_proc1_20250628_233757_862045.csv
3531674,synthetic_4,91,1750889701.1277635,1751153877.8572884,264176.7295246124,1751153880.2979732,2.4406847953796387,1751153881.317893,264180.1901295185,True,False,False,False,consumer_pod0_proc1_20250628_233757_862045.csv
3531684,synthetic_4,83,1750889701.127919,1751153877.8572967,264176.7293777466,1751153880.2979732,2.44067645072937,1751153881.317893,264180.1899740696,True,False,False,False,consumer_pod0_proc1_20250628_233757_862045.csv
3531694,synthetic_4,97,1750889701.1280837,1751153877.8573043,264176.7292208672,1751153880.2979732,2.440668821334839,1751153881.317893,264180.18980932236,True,False,False,False,consumer_pod0_proc1_20250628_233757_862045.csv
3531704,synthetic_4,96,1750889701.1282454,1751153877.857312,264176.72906661034,1751153880.2979732,2.440661191940308,1751153881.317893,264180.18964767456,True,False,False,False,consumer_pod0_proc1_20250628_233757_862045.csv
3531714,synthetic_4,89,1750889701.1284032,1751153877.8573203,264176.7289173603,1751153880.2979732,2.440652847290039,1751153881.317893,264180.18948984146,True,False,False,False,consumer_pod0_proc1_20250628_233757_862045.csv
3531724,synthetic_4,84,1750889701.2185578,1751153877.8573282,264176.6387703419,1751153880.2979732,2.4406449794769287,1751153881.317893,264180.09933519363,True,False,False,False,consumer_pod0_proc1_20250628_233757_862045.csv
3531734,synthetic_4,84,1750889701.2190628,1751153877.857335,264176.6382725239,1751153880.2979732,2.4406380653381348,1751153881.317893,264180.0988302231,True,False,False,False,consumer_pod0_proc1_20250628_233757_862045.csv
3531744,synthetic_4,90,1750889701.2195425,1751153877.8573425,264176.63779997826,1751153880.2979732,2.4406306743621826,1751153881.317893,264180.0983505249,True,False,False,False,consumer_pod0_proc1_20250628_233757_862045.csv
3531754,synthetic_4,90,1750889701.2200024,1751153877.85735,264176.6373474598,1751153880.2979732,2.440623044967652,1751153881.317893,264180.09789061546,True,False,False,False,consumer_pod0_proc1_20250628_233757_862045.csv
3531764,synthetic_4,98,1750889701.2204554,1751153877.8573575,264176.6369020939,1751153880.2979732,2.440615653991699,1751153881.317893,264180.09743762016,True,False,False,False,consumer_pod0_proc1_20250628_233757_862045.csv
3531774,synthetic_4,97,1750889701.2209682,1751153877.8573651,264176.6363968849,1751153880.2979732,2.440608024597168,1751153881.317893,264180.0969247818,True,False,False,False,consumer_pod0_proc1_20250628_233757_862045.csv
3531784,synthetic_4,90,1750889701.221472,1751153877.857373,264176.6359009743,1751153880.2979732,2.4406001567840576,1751153881.317893,264180.09642100334,True,False,False,False,consumer_pod0_proc1_20250628_233757_862045.csv
3531794,synthetic_4,105,1750889701.2220414,1751153877.8573802,264176.63533878326,1751153880.2979732,2.440593004226685,1751153881.317893,264180.0958516598,True,False,False,False,consumer_pod0_proc1_20250628_233757_862045.csv
3531804,synthetic_4,96,1750889701.2224245,1751153877.857388,264176.6349635124,1751153880.2979732,2.440585136413574,1751153881.317893,264180.0954685211,True,False,False,False,consumer_pod0_proc1_20250628_233757_862045.csv
3531814,synthetic_4,97,1750889701.2227802,1751153877.857396,264176.6346156597,1751153880.2979732,2.440577268600464,1751153881.317893,264180.0951128006,True,False,False,False,consumer_pod0_proc1_20250628_233757_862045.csv
3531824,synthetic_4,96,1750889701.223288,1751153877.8574052,264176.63411712646,1751153880.2979732,2.440567970275879,1751153881.317893,264180.094604969,True,False,False,False,consumer_pod0_proc1_20250628_233757_862045.csv
3531834,synthetic_4,98,1750889701.2236297,1751153877.857412,264176.6337821484,1751153880.2979732,2.440561056137085,1751153881.317893,264180.0942633152,True,False,False,False,consumer_pod0_proc1_20250628_233757_862045.csv
3531844,synthetic_4,84,1750889701.2239623,1751153877.8574188,264176.63345623016,1751153880.2979732,2.44055438041687,1751153881.317893,264180.0939307213,True,False,False,False,consumer_pod0_proc1_20250628_233757_862045.csv
3531854,synthetic_4,94,1750889701.2242963,1751153877.857426,264176.6331295967,1751153880.2979732,2.440547227859497,1751153881.317893,264180.09359669685,True,False,False,False,consumer_pod0_proc1_20250628_233757_862045.csv
3531864,synthetic_4,97,1750889701.224632,1751153877.857434,264176.6328020096,1751153880.2979732,2.440539121627808,1751153881.317893,264180.0932610035,True,False,False,False,consumer_pod0_proc1_20250628_233757_862045.csv
3531874,synthetic_4,84,1750889701.2249007,1751153877.857441,264176.632540226,1751153880.2979732,2.4405322074890137,1751153881.317893,264180.09299230576,True,False,False,False,consumer_pod0_proc1_20250628_233757_862045.csv
3531884,synthetic_4,83,1750889701.2251737,1751153877.8574483,264176.6322748661,1751153880.2979732,2.440524816513061,1751153881.317893,264180.0927193165,True,False,False,False,consumer_pod0_proc1_20250628_233757_862045.csv
3531894,synthetic_4,83,1750889701.2254362,1751153877.8574574,264176.63202118874,1751153880.2979732,2.440515756607056,1751153881.317893,264180.0924568176,True,False,False,False,consumer_pod0_proc1_20250628_233757_862045.csv
3531904,synthetic_4,105,1750889701.2256985,1751153877.8574646,264176.63176608086,1751153880.2979732,2.4405086040496826,1751153881.317893,264180.0921945572,True,False,False,False,consumer_pod0_proc1_20250628_233757_862045.csv
3531914,synthetic_4,91,1750889701.2259774,1751153877.857472,264176.6314945221,1751153880.2979732,2.4405012130737305,1751153881.317893,264180.09191560745,True,False,False,False,consumer_pod0_proc1_20250628_233757_862045.csv
3531924,synthetic_4,91,1750889701.226271,1751153877.8574796,264176.63120889664,1751153880.2979732,2.440493583679199,1751153881.317893,264180.0916221142,True,False,False,False,consumer_pod0_proc1_20250628_233757_862045.csv
3531934,synthetic_4,98,1750889701.2265277,1751153877.8574872,264176.6309595108,1751153880.2979732,2.440485954284668,1751153881.317893,264180.0913653374,True,False,False,False,consumer_pod0_proc1_20250628_233757_862045.csv
3531944,synthetic_4,98,1750889701.2268004,1751153877.8574944,264176.6306939125,1751153880.2979732,2.440478801727295,1751153881.317893,264180.0910925865,True,False,False,False,consumer_pod0_proc1_20250628_233757_862045.csv
3531954,synthetic_4,104,1750889701.2270844,1751153877.8575022,264176.6304178238,1751153880.2979732,2.440470933914185,1751153881.317893,264180.09080863,True,False,False,False,consumer_pod0_proc1_20250628_233757_862045.csv
3531964,synthetic_4,90,1750889701.227368,1751153877.8575096,264176.6301417351,1751153880.2979732,2.4404635429382324,1751153881.317893,264180.0905249119,True,False,False,False,consumer_pod0_proc1_20250628_233757_862045.csv
3531974,synthetic_4,97,1750889701.227653,1751153877.8575163,264176.6298632622,1751153880.2979732,2.4404568672180176,1751153881.317893,264180.0902400017,True,False,False,False,consumer_pod0_proc1_20250628_233757_862045.csv
3531984,synthetic_4,84,1750889701.2279131,1751153877.8575237,264176.6296105385,1751153880.2979732,2.440449476242065,1751153881.317893,264180.089979887,True,False,False,False,consumer_pod0_proc1_20250628_233757_862045.csv
3531994,synthetic_4,104,1750889701.2281606,1751153877.8575306,264176.62936997414,1751153880.2979732,2.4404425621032715,1751153881.317893,264180.0897324085,True,False,False,False,consumer_pod0_proc1_20250628_233757_862045.csv
3532004,synthetic_4,96,1750889701.2284057,1751153877.857538,264176.6291322708,1751153880.2979732,2.44043517112732,1751153881.317893,264180.0894873142,True,False,False,False,consumer_pod0_proc1_20250628_233757_862045.csv
3532014,synthetic_4,91,1750889701.3201272,1751153877.8575444,264176.5374171734,1751153880.2979732,2.440428733825684,1751153881.317893,264179.9977657795,True,False,False,False,consumer_pod0_proc1_20250628_233757_862045.csv
3532024,synthetic_4,83,1750889701.3207436,1751153877.857551,264176.5368077755,1751153880.2979732,2.4404220581054688,1751153881.317893,264179.99714946747,True,False,False,False,consumer_pod0_proc1_20250628_233757_862045.csv
3532034,synthetic_4,90,1750889701.3213563,1751153877.8575585,264176.5362019539,1751153880.2979732,2.4404146671295166,1751153881.317893,264179.9965367317,True,False,False,False,consumer_pod0_proc1_20250628_233757_862045.csv
3532044,synthetic_4,97,1750889701.3218892,1751153877.8575656,264176.53567647934,1751153880.2979732,2.440407514572144,1751153881.317893,264179.9960038662,True,False,False,False,consumer_pod0_proc1_20250628_233757_862045.csv
3532054,synthetic_4,89,1750889701.322422,1751153877.8575733,264176.5351512432,1751153880.2979732,2.4403998851776123,1751153881.317893,264179.9954710007,True,False,False,False,consumer_pod0_proc1_20250628_233757_862045.csv
3532064,synthetic_4,84,1750889701.322919,1751153877.8575816,264176.534662962,1751153880.2979732,2.440391540527344,1751153881.317893,264179.99497413635,True,False,False,False,consumer_pod0_proc1_20250628_233757_862045.csv
3532074,synthetic_4,82,1750889701.323266,1751153877.8575902,264176.5343241692,1751153880.2979732,2.440382957458496,1751153881.317893,264179.9946269989,True,False,False,False,consumer_pod0_proc1_20250628_233757_862045.csv
3532084,synthetic_4,97,1750889701.3235822,1751153877.8575974,264176.5340151787,1751153880.2979732,2.440375804901123,1751153881.317893,264179.99431085587,True,False,False,False,consumer_pod0_proc1_20250628_233757_862045.csv
3532094,synthetic_4,96,1750889701.323906,1751153877.8576045,264176.5336985588,1751153880.2979732,2.44036865234375,1751153881.317893,264179.99398708344,True,False,False,False,consumer_pod0_proc1_20250628_233757_862045.csv
3532104,synthetic_4,83,1750889701.324197,1751153877.857612,264176.5334148407,1751153880.2979732,2.440361261367798,1751153881.317893,264179.99369597435,True,False,False,False,consumer_pod0_proc1_20250628_233757_862045.csv
3532114,synthetic_4,89,1750889701.324466,1751153877.8576202,264176.5331542492,1751153880.2979732,2.4403529167175293,1751153881.317893,264179.9934270382,True,False,False,False,consumer_pod0_proc1_20250628_233757_862045.csv
3532124,synthetic_4,104,1750889701.3247564,1751153877.8576274,264176.5328710079,1751153880.2979732,2.440345764160156,1751153881.317893,264179.99313664436,True,False,False,False,consumer_pod0_proc1_20250628_233757_862045.csv
3532134,synthetic_4,88,1750889701.3250146,1751153877.857634,264176.5326194763,1751153880.2979732,2.4403390884399414,1751153881.317893,264179.99287843704,True,False,False,False,consumer_pod0_proc1_20250628_233757_862045.csv
3532144,synthetic_4,96,1750889701.325262,1751153877.8576412,264176.5323791504,1751153880.2979732,2.4403319358825684,1751153881.317893,264179.99263095856,True,False,False,False,consumer_pod0_proc1_20250628_233757_862045.csv
3532154,synthetic_4,103,1750889701.3255153,1751153877.857648,264176.532132864,1751153880.2979732,2.440325260162353,1751153881.317893,264179.992377758,True,False,False,False,consumer_pod0_proc1_20250628_233757_862045.csv
3532164,synthetic_4,84,1750889701.3257687,1751153877.8576555,264176.531886816,1751153880.2979732,2.4403176307678223,1751153881.317893,264179.9921243191,True,False,False,False,consumer_pod0_proc1_20250628_233757_862045.csv
3532174,synthetic_4,104,1750889701.3260255,1751153877.857662,264176.5316364765,1751153880.2979732,2.4403111934661865,1751153881.317893,264179.99186754227,True,False,False,False,consumer_pod0_proc1_20250628_233757_862045.csv
3532184,synthetic_4,97,1750889701.326304,1751153877.8576696,264176.531365633,1751153880.2979732,2.4403035640716557,1751153881.317893,264179.99158906937,True,False,False,False,consumer_pod0_proc1_20250628_233757_862045.csv
3532194,synthetic_4,88,1750889701.32656,1751153877.857677,264176.53111696243,1751153880.2979732,2.440296173095703,1751153881.317893,264179.9913330078,True,False,False,False,consumer_pod0_proc1_20250628_233757_862045.csv
3532204,synthetic_4,103,1750889701.3268044,1751153877.857685,264176.5308806896,1751153880.2979732,2.4402880668640137,1751153881.317893,264179.99108862877,True,False,False,False,consumer_pod0_proc1_20250628_233757_862045.csv
3532214,synthetic_4,97,1750889701.3270748,1751153877.8576927,264176.53061795235,1751153880.2979732,2.4402804374694824,1751153881.317893,264179.9908182621,True,False,False,False,consumer_pod0_proc1_20250628_233757_862045.csv
3532224,synthetic_4,90,1750889701.327342,1751153877.8577008,264176.5303587913,1751153880.2979732,2.440272331237793,1751153881.317893,264179.9905509949,True,False,False,False,consumer_pod0_proc1_20250628_233757_862045.csv
3532234,synthetic_4,83,1750889701.3276188,1751153877.857708,264176.53008913994,1751153880.2979732,2.44026517868042,1751153881.317893,264179.9902741909,True,False,False,False,consumer_pod0_proc1_20250628_233757_862045.csv
3532244,synthetic_4,95,1750889701.327905,1751153877.857715,264176.5298099518,1751153880.2979732,2.440258264541626,1751153881.317893,264179.9899880886,True,False,False,False,consumer_pod0_proc1_20250628_233757_862045.csv
3532254,synthetic_4,102,1750889701.32817,1751153877.8577232,264176.529553175,1751153880.2979732,2.4402499198913574,1751153881.317893,264179.98972296715,True,False,False,False,consumer_pod0_proc1_20250628_233757_862045.csv
3532264,synthetic_4,82,1750889701.328448,1751153877.857731,264176.5292830467,1751153880.2979732,2.440242052078247,1751153881.317893,264179.9894449711,True,False,False,False,consumer_pod0_proc1_20250628_233757_862045.csv
3532274,synthetic_4,103,1750889701.4181695,1751153877.8577387,264176.43956899643,1751153880.2979732,2.440234422683716,1751153881.317893,264179.8997235298,True,False,False,False,consumer_pod0_proc1_20250628_233757_862045.csv
3532284,synthetic_4,98,1750889701.4184062,1751153877.8577464,264176.4393401146,1751153880.2979732,2.440226793289185,1751153881.317893,264179.89948678017,True,False,False,False,consumer_pod0_proc1_20250628_233757_862045.csv
3532294,synthetic_4,84,1750889701.4186418,1751153877.8577538,264176.439111948,1751153880.2979732,2.4402194023132324,1751153881.317893,264179.8992512226,True,False,False,False,consumer_pod0_proc1_20250628_233757_862045.csv
3532304,synthetic_4,96,1750889701.418837,1751153877.857761,264176.4389238357,1751153880.2979732,2.44021224975586,1751153881.317893,264179.8990559578,True,False,False,False,consumer_pod0_proc1_20250628_233757_862045.csv
3532314,synthetic_4,83,1750889701.4191668,1751153877.8577683,264176.43860173225,1751153880.2979732,2.4402048587799072,1751153881.317893,264179.8987262249,True,False,False,False,consumer_pod0_proc1_20250628_233757_862045.csv
3532324,synthetic_4,83,1750889701.4193738,1751153877.857777,264176.438403368,1751153880.2979732,2.4401960372924805,1751153881.317893,264179.8985192776,True,False,False,False,consumer_pod0_proc1_20250628_233757_862045.csv
3532334,synthetic_4,98,1750889701.4195974,1751153877.857785,264176.4381875992,1751153880.2979732,2.44018816947937,1751153881.317893,264179.89829564095,True,False,False,False,consumer_pod0_proc1_20250628_233757_862045.csv
3532344,synthetic_4,105,1750889701.4198098,1751153877.857793,264176.43798327446,1751153880.2979732,2.4401800632476807,1751153881.317893,264179.89808321,True,False,False,False,consumer_pod0_proc1_20250628_233757_862045.csv
3532354,synthetic_4,91,1750889701.4200296,1751153877.8578012,264176.4377715588,1751153880.2979732,2.440171957015991,1751153881.317893,264179.89786338806,True,False,False,False,consumer_pod0_proc1_20250628_233757_862045.csv
3532364,synthetic_4,104,1750889701.4202774,1751153877.8578086,264176.43753123283,1751153880.2979732,2.440164566040039,1751153881.317893,264179.89761567116,True,False,False,False,consumer_pod0_proc1_20250628_233757_862045.csv
3532374,synthetic_4,97,1750889701.4205282,1751153877.8578162,264176.4372880459,1751153880.2979732,2.440156936645508,1751153881.317893,264179.8973648548,True,False,False,False,consumer_pod0_proc1_20250628_233757_862045.csv
3532384,synthetic_4,87,1750889701.420778,1751153877.8578246,264176.43704652786,1751153880.2979732,2.4401485919952397,1751153881.317893,264179.89711499214,True,False,False,False,consumer_pod0_proc1_20250628_233757_862045.csv
3532394,synthetic_4,84,1750889701.4209895,1751153877.8578317,264176.4368419647,1751153880.2979732,2.440141439437866,1751153881.317893,264179.89690351486,True,False,False,False,consumer_pod0_proc1_20250628_233757_862045.csv
3532404,synthetic_4,96,1750889701.4212186,1751153877.8578386,264176.436619997,1751153880.2979732,2.4401345252990723,1751153881.317893,264179.8966743946,True,False,False,False,consumer_pod0_proc1_20250628_233757_862045.csv
3532414,synthetic_4,103,1750889701.421465,1751153877.8578458,264176.4363808632,1751153880.2979732,2.440127372741699,1751153881.317893,264179.8964281082,True,False,False,False,consumer_pod0_proc1_20250628_233757_862045.csv
3532424,synthetic_4,79,1750889701.4216878,1751153877.857854,264176.43616628647,1751153880.2979732,2.4401192665100098,1751153881.317893,264179.89620518684,True,False,False,False,consumer_pod0_proc1_20250628_233757_862045.csv
3532434,synthetic_4,96,1750889701.4219315,1751153877.8578608,264176.43592906,1751153880.2979732,2.440112352371216,1751153881.317893,264179.89596152306,True,False,False,False,consumer_pod0_proc1_20250628_233757_862045.csv
3532444,synthetic_4,101,1750889701.4221778,1751153877.857869,264176.43569111824,1751153880.2979732,2.4401042461395264,1751153881.317893,264179.89571523666,True,False,False,False,consumer_pod0_proc1_20250628_233757_862045.csv
3532454,synthetic_4,90,1750889701.422428,1751153877.857876,264176.4354479313,1751153880.2979732,2.4400970935821533,1751153881.317893,264179.8954651356,True,False,False,False,consumer_pod0_proc1_20250628_233757_862045.csv
3532464,synthetic_4,83,1750889701.4226596,1751153877.8578846,264176.4352250099,1751153880.2979732,2.4400885105133057,1751153881.317893,264179.8952333927,True,False,False,False,consumer_pod0_proc1_20250628_233757_862045.csv
3532474,synthetic_4,104,1750889701.4228764,1751153877.857891,264176.43501496315,1751153880.2979732,2.44008207321167,1751153881.317893,264179.8950166702,True,False,False,False,consumer_pod0_proc1_20250628_233757_862045.csv
3532484,synthetic_4,97,1750889701.4230807,1751153877.8578985,264176.434817791,1751153880.2979732,2.4400746822357178,1751153881.317893,264179.8948123455,True,False,False,False,consumer_pod0_proc1_20250628_233757_862045.csv
3532494,synthetic_4,103,1750889701.4232826,1751153877.857906,264176.43462347984,1751153880.2979732,2.4400670528411865,1751153881.317893,264179.89461040497,True,False,False,False,consumer_pod0_proc1_20250628_233757_862045.csv
3532504,synthetic_4,89,1750889701.4234736,1751153877.8579135,264176.43443989754,1751153880.2979732,2.4400596618652344,1751153881.317893,264179.8944194317,True,False,False,False,consumer_pod0_proc1_20250628_233757_862045.csv
3532514,synthetic_4,103,1750889701.423649,1751153877.857921,264176.43427181244,1751153880.2979732,2.4400522708892822,1751153881.317893,264179.8942439556,True,False,False,False,consumer_pod0_proc1_20250628_233757_862045.csv
3532524,synthetic_4,90,1750889701.4238205,1751153877.8579276,264176.4341070652,1751153880.2979732,2.4400455951690674,1751153881.317893,264179.89407253265,True,False,False,False,consumer_pod0_proc1_20250628_233757_862045.csv
3532534,synthetic_4,90,1750889701.423985,1751153877.8579342,264176.4339492321,1751153880.2979732,2.4400389194488525,1751153881.317893,264179.89390802383,True,False,False,False,consumer_pod0_proc1_20250628_233757_862045.csv
3532544,synthetic_4,83,1750889701.4241388,1751153877.8579428,264176.4338040352,1751153880.2979732,2.440030336380005,1751153881.317893,264179.89375424385,True,False,False,False,consumer_pod0_proc1_20250628_233757_862045.csv
3532554,synthetic_4,82,1750889701.424285,1751153877.85795,264176.4336650372,1751153880.2979732,2.440023183822632,1751153881.317893,264179.89360809326,True,False,False,False,consumer_pod0_proc1_20250628_233757_862045.csv
3532564,synthetic_4,97,1750889701.4244423,1751153877.8579566,264176.4335143566,1751153880.2979732,2.440016508102417,1751153881.317893,264179.893450737,True,False,False,False,consumer_pod0_proc1_20250628_233757_862045.csv
3532574,synthetic_4,97,1750889701.4246078,1751153877.8579645,264176.4333565235,1751153880.2979732,2.440008640289306,1751153881.317893,264179.8932852745,True,False,False,False,consumer_pod0_proc1_20250628_233757_862045.csv
3532584,synthetic_4,104,1750889701.424765,1751153877.8579726,264176.4332075119,1751153880.2979732,2.440000534057617,1751153881.317893,264179.89312791824,True,False,False,False,consumer_pod0_proc1_20250628_233757_862045.csv
3532594,synthetic_4,102,1750889701.424914,1751153877.8579814,264176.4330675602,1751153880.2979732,2.4399917125701904,1751153881.317893,264179.89297914505,True,False,False,False,consumer_pod0_proc1_20250628_233757_862045.csv
3532604,synthetic_4,98,1750889701.4250736,1751153877.857989,264176.43291544914,1751153880.2979732,2.439984083175659,1751153881.317893,264179.8928194046,True,False,False,False,consumer_pod0_proc1_20250628_233757_862045.csv
3532614,synthetic_4,97,1750889701.4252253,1751153877.8579962,264176.4327709675,1751153880.2979732,2.439976930618286,1751153881.317893,264179.8926677704,True,False,False,False,consumer_pod0_proc1_20250628_233757_862045.csv
3532624,synthetic_4,100,1750889701.4253795,1751153877.858004,264176.43262434006,1751153880.2979732,2.439969062805176,1751153881.317893,264179.89251351357,True,False,False,False,consumer_pod0_proc1_20250628_233757_862045.csv
3532634,synthetic_4,89,1750889701.4255304,1751153877.8580115,264176.4324810505,1751153880.2979732,2.439961671829224,1751153881.317893,264179.8923625946,True,False,False,False,consumer_pod0_proc1_20250628_233757_862045.csv
3532644,synthetic_4,97,1750889701.4256806,1751153877.8580182,264176.4323375225,1751153880.2979732,2.439954996109009,1751153881.317893,264179.8922123909,True,False,False,False,consumer_pod0_proc1_20250628_233757_862045.csv
3532654,synthetic_4,96,1750889701.4258296,1751153877.8580253,264176.43219566345,1751153880.2979732,2.439947843551636,1751153881.317893,264179.8920633793,True,False,False,False,consumer_pod0_proc1_20250628_233757_862045.csv
3532664,synthetic_4,90,1750889701.425984,1751153877.8580327,264176.4320487976,1751153880.2979732,2.439940452575684,1751153881.317893,264179.89190912247,True,False,False,False,consumer_pod0_proc1_20250628_233757_862045.csv
3532674,synthetic_4,102,1750889701.4261374,1751153877.8580396,264176.4319021702,1751153880.2979732,2.4399335384368896,1751153881.317893,264179.8917555809,True,False,False,False,consumer_pod0_proc1_20250628_233757_862045.csv
3532684,synthetic_4,97,1750889701.4262962,1751153877.858047,264176.4317507744,1751153880.2979732,2.439926147460937,1751153881.317893,264179.8915967941,True,False,False,False,consumer_pod0_proc1_20250628_233757_862045.csv
3532694,synthetic_4,83,1750889701.426448,1751153877.8580537,264176.4316058159,1751153880.2979732,2.4399194717407227,1751153881.317893,264179.8914449215,True,False,False,False,consumer_pod0_proc1_20250628_233757_862045.csv
3532704,synthetic_4,103,1750889701.4265974,1751153877.8580606,264176.4314632416,1751153880.2979732,2.4399125576019287,1751153881.317893,264179.89129567146,True,False,False,False,consumer_pod0_proc1_20250628_233757_862045.csv
3532714,synthetic_4,103,1750889701.426751,1751153877.8580692,264176.4313185215,1751153880.2979732,2.439903974533081,1751153881.317893,264179.8911421299,True,False,False,False,consumer_pod0_proc1_20250628_233757_862045.csv
3532724,synthetic_4,105,1750889701.4269018,1751153877.8580768,264176.4311749935,1751153880.2979732,2.43989634513855,1751153881.317893,264179.89099121094,True,False,False,False,consumer_pod0_proc1_20250628_233757_862045.csv
3532734,synthetic_4,83,1750889701.4270463,1751153877.8580835,264176.4310369492,1751153880.2979732,2.439889669418335,1751153881.317893,264179.8908467293,True,False,False,False,consumer_pod0_proc1_20250628_233757_862045.csv
3532744,synthetic_4,83,1750889701.427194,1751153877.8580906,264176.43089675903,1751153880.2979732,2.439882516860962,1751153881.317893,264179.89069890976,True,False,False,False,consumer_pod0_proc1_20250628_233757_862045.csv
3532754,synthetic_4,97,1750889701.4273489,1751153877.8580997,264176.43075060844,1751153880.2979732,2.439873456954956,1751153881.317893,264179.8905441761,True,False,False,False,consumer_pod0_proc1_20250628_233757_862045.csv
3532764,synthetic_4,89,1750889701.427492,1751153877.8581064,264176.430614233,1751153880.2979732,2.439866781234741,1751153881.317893,264179.89040112495,True,False,False,False,consumer_pod0_proc1_20250628_233757_862045.csv
3532774,synthetic_4,83,1750889701.427643,1751153877.8581133,264176.4304702282,1751153880.2979732,2.4398598670959477,1751153881.317893,264179.8902499676,True,False,False,False,consumer_pod0_proc1_20250628_233757_862045.csv
3532784,synthetic_4,101,1750889701.427798,1751153877.8581204,264176.4303224087,1751153880.2979732,2.439852714538574,1751153881.317893,264179.8900949955,True,False,False,False,consumer_pod0_proc1_20250628_233757_862045.csv
3532794,synthetic_4,96,1750889701.4279485,1751153877.8581274,264176.4301788807,1751153880.2979732,2.4398458003997803,1751153881.317893,264179.8899445534,True,False,False,False,consumer_pod0_proc1_20250628_233757_862045.csv
3532804,synthetic_4,83,1750889701.428103,1751153877.8581345,264176.4300312996,1751153880.2979732,2.4398386478424072,1751153881.317893,264179.88979005814,True,False,False,False,consumer_pod0_proc1_20250628_233757_862045.csv
3532814,synthetic_4,103,1750889701.4282577,1751153877.8581412,264176.4298834801,1751153880.2979732,2.4398319721221924,1751153881.317893,264179.8896353245,True,False,False,False,consumer_pod0_proc1_20250628_233757_862045.csv
3532824,synthetic_4,84,1750889701.4284089,1751153877.8581486,264176.42973971367,1751153880.2979732,2.43982458114624,1751153881.317893,264179.8894841671,True,False,False,False,consumer_pod0_proc1_20250628_233757_862045.csv
3532834,synthetic_4,90,1750889701.5195131,1751153877.8581555,264176.3386425972,1751153880.2979732,2.4398176670074463,1751153881.317893,264179.7983798981,True,False,False,False,consumer_pod0_proc1_20250628_233757_862045.csv
3532844,synthetic_4,90,1750889701.519771,1751153877.858164,264176.3383927345,1751153880.2979732,2.439809083938598,1751153881.317893,264179.79812192917,True,False,False,False,consumer_pod0_proc1_20250628_233757_862045.csv
3532854,synthetic_4,83,1750889701.5199687,1751153877.8581705,264176.33820176125,1751153880.2979732,2.439802646636963,1751153881.317893,264179.79792428017,True,False,False,False,consumer_pod0_proc1_20250628_233757_862045.csv
3532864,synthetic_4,97,1750889701.5201554,1751153877.8581774,264176.33802199364,1751153880.2979732,2.439795732498169,1751153881.317893,264179.7977375984,True,False,False,False,consumer_pod0_proc1_20250628_233757_862045.csv
3532874,synthetic_4,89,1750889701.5203507,1751153877.8581843,264176.33783364296,1751153880.2979732,2.439788818359375,1751153881.317893,264179.7975423336,True,False,False,False,consumer_pod0_proc1_20250628_233757_862045.csv
3532884,synthetic_4,105,1750889701.5205886,1751153877.8581913,264176.33760261536,1751153880.2979732,2.439781904220581,1751153881.317893,264179.79730439186,True,False,False,False,consumer_pod0_proc1_20250628_233757_862045.csv
3532894,synthetic_4,104,1750889701.5207927,1751153877.8581986,264176.33740592,1751153880.2979732,2.439774513244629,1751153881.317893,264179.79710030556,True,False,False,False,consumer_pod0_proc1_20250628_233757_862045.csv
3532904,synthetic_4,84,1750889701.5209854,1751153877.8582065,264176.33722114563,1751153880.2979732,2.4397666454315186,1751153881.317893,264179.79690766335,True,False,False,False,consumer_pod0_proc1_20250628_233757_862045.csv
3532914,synthetic_4,90,1750889701.5211868,1751153877.8582132,264176.33702635765,1751153880.2979732,2.439759969711304,1751153881.317893,264179.79670619965,True,False,False,False,consumer_pod0_proc1_20250628_233757_862045.csv
3532924,synthetic_4,97,1750889701.521525,1751153877.85822,264176.33669519424,1751153880.2979732,2.4397530555725098,1751153881.317893,264179.7963681221,True,False,False,False,consumer_pod0_proc1_20250628_233757_862045.csv
3532934,synthetic_4,83,1750889701.521718,1751153877.8582263,264176.3365085125,1751153880.2979732,2.439746856689453,1751153881.317893,264179.79617500305,True,False,False,False,consumer_pod0_proc1_20250628_233757_862045.csv
3532944,synthetic_4,103,1750889701.5219088,1751153877.858233,264176.33632421494,1751153880.2979732,2.4397401809692383,1751153881.317893,264179.7959842682,True,False,False,False,consumer_pod0_proc1_20250628_233757_862045.csv
3532954,synthetic_4,103,1750889701.522125,1751153877.85824,264176.3361148834,1751153880.2979732,2.4397332668304443,1751153881.317893,264179.79576802254,True,False,False,False,consumer_pod0_proc1_20250628_233757_862045.csv
3532964,synthetic_4,90,1750889701.5225017,1751153877.858249,264176.3357474804,1751153880.2979732,2.4397242069244385,1751153881.317893,264179.7953913212,True,False,False,False,consumer_pod0_proc1_20250628_233757_862045.csv
3532974,synthetic_4,98,1750889701.5226853,1751153877.8582573,264176.3355720043,1751153880.2979732,2.43971586227417,1751153881.317893,264179.7952077389,True,False,False,False,consumer_pod0_proc1_20250628_233757_862045.csv
3532984,synthetic_4,91,1750889701.5230138,1751153877.8582656,264176.33525180817,1751153880.2979732,2.4397075176239014,1751153881.317893,264179.7948791981,True,False,False,False,consumer_pod0_proc1_20250628_233757_862045.csv
3532994,synthetic_4,88,1750889701.523224,1751153877.858273,264176.335048914,1751153880.2979732,2.439700126647949,1751153881.317893,264179.7946689129,True,False,False,False,consumer_pod0_proc1_20250628_233757_862045.csv
3533004,synthetic_4,104,1750889701.5234387,1751153877.858281,264176.3348419666,1751153880.2979732,2.439692258834839,1751153881.317893,264179.79445433617,True,False,False,False,consumer_pod0_proc1_20250628_233757_862045.csv
3533014,synthetic_4,86,1750889701.523654,1751153877.8582883,264176.33463454247,1751153880.2979732,2.4396848678588867,1751153881.317893,264179.7942390442,True,False,False,False,consumer_pod0_proc1_20250628_233757_862045.csv
3533024,synthetic_4,104,1750889701.5238686,1751153877.8582964,264176.3344278336,1751153880.2979732,2.4396767616271973,1751153881.317893,264179.79402446747,True,False,False,False,consumer_pod0_proc1_20250628_233757_862045.csv
3533034,synthetic_4,97,1750889701.5241013,1751153877.8583038,264176.334202528,1751153880.2979732,2.439669370651245,1751153881.317893,264179.79379177094,True,False,False,False,consumer_pod0_proc1_20250628_233757_862045.csv
3533044,synthetic_4,91,1750889701.5243137,1751153877.858312,264176.3339982033,1751153880.2979732,2.439661264419556,1751153881.317893,264179.79357934,True,False,False,False,consumer_pod0_proc1_20250628_233757_862045.csv
3533054,synthetic_4,91,1750889701.5245624,1751153877.8583186,264176.3337562084,1751153880.2979732,2.439654588699341,1751153881.317893,264179.7933306694,True,False,False,False,consumer_pod0_proc1_20250628_233757_862045.csv
3535874,synthetic_4,89,1750889702.4179275,1751153877.8583262,264175.4403986931,1751153880.2979732,2.4396469593048096,1751153881.317893,264178.8999655247,True,False,False,False,consumer_pod0_proc1_20250628_233757_862045.csv
3535884,synthetic_4,90,1750889702.4188375,1751153877.8583343,264175.4394967556,1751153880.2979732,2.43963885307312,1751153881.317893,264178.89905548096,True,False,False,False,consumer_pod0_proc1_20250628_233757_862045.csv
3535894,synthetic_4,88,1750889702.4193995,1751153877.8583417,264175.4389419556,1751153880.2979732,2.439631462097168,1751153881.317893,264178.89849352837,True,False,False,False,consumer_pod0_proc1_20250628_233757_862045.csv
3535904,synthetic_4,83,1750889702.4199972,1751153877.8583488,264175.4383516312,1751153880.2979732,2.439624309539795,1751153881.317893,264178.897895813,True,False,False,False,consumer_pod0_proc1_20250628_233757_862045.csv
3535914,synthetic_4,89,1750889702.420437,1751153877.8583577,264175.4379205704,1751153880.2979732,2.439615488052368,1751153881.317893,264178.8974559307,True,False,False,False,consumer_pod0_proc1_20250628_233757_862045.csv
3535924,synthetic_4,82,1750889702.420929,1751153877.8583646,264175.437435627,1751153880.2979732,2.439608573913574,1751153881.317893,264178.8969640732,True,False,False,False,consumer_pod0_proc1_20250628_233757_862045.csv
3535934,synthetic_4,89,1750889702.4212608,1751153877.8583724,264175.43711161613,1751153880.2979732,2.439600706100464,1751153881.317893,264178.8966321945,True,False,False,False,consumer_pod0_proc1_20250628_233757_862045.csv
3535944,synthetic_4,98,1750889702.4214904,1751153877.8583791,264175.4368886948,1751153880.2979732,2.439594030380249,1751153881.317893,264178.8964025974,True,False,False,False,consumer_pod0_proc1_20250628_233757_862045.csv
3535954,synthetic_4,98,1750889702.4217105,1751153877.8583872,264175.43667697906,1751153880.2979732,2.43958592414856,1751153881.317893,264178.8961825371,True,False,False,False,consumer_pod0_proc1_20250628_233757_862045.csv
3535964,synthetic_4,102,1750889702.421921,1751153877.8583946,264175.436473608,1751153880.2979732,2.4395785331726074,1751153881.317893,264178.8959720135,True,False,False,False,consumer_pod0_proc1_20250628_233757_862045.csv
3535974,synthetic_4,89,1750889702.422145,1751153877.8584025,264175.4362576008,1751153880.2979732,2.439570665359497,1751153881.317893,264178.8957481384,True,False,False,False,consumer_pod0_proc1_20250628_233757_862045.csv
3535984,synthetic_4,88,1750889702.4223702,1751153877.8584094,264175.43603920937,1751153880.2979732,2.439563751220703,1751153881.317893,264178.89552283287,True,False,False,False,consumer_pod0_proc1_20250628_233757_862045.csv
3535994,synthetic_4,97,1750889702.4225574,1751153877.8584182,264175.43586087227,1751153880.2979732,2.4395549297332764,1751153881.317893,264178.8953356743,True,False,False,False,consumer_pod0_proc1_20250628_233757_862045.csv
3536004,synthetic_4,83,1750889702.4227254,1751153877.858426,264175.43570041656,1751153880.2979732,2.439547061920166,1751153881.317893,264178.8951675892,True,False,False,False,consumer_pod0_proc1_20250628_233757_862045.csv
3536014,synthetic_4,83,1750889702.4230294,1751153877.858433,264175.43540358543,1751153880.2979732,2.439540147781372,1751153881.317893,264178.8948636055,True,False,False,False,consumer_pod0_proc1_20250628_233757_862045.csv
3536024,synthetic_4,91,1750889702.4232142,1751153877.8584397,264175.4352254868,1751153880.2979732,2.439533472061157,1751153881.317893,264178.8946788311,True,False,False,False,consumer_pod0_proc1_20250628_233757_862045.csv
3536034,synthetic_4,102,1750889702.4233854,1751153877.8584468,264175.4350614548,1751153880.2979732,2.439526319503784,1751153881.317893,264178.89450764656,True,False,False,False,consumer_pod0_proc1_20250628_233757_862045.csv
3536044,synthetic_4,89,1750889702.423553,1751153877.858456,264175.4349029064,1751153880.2979732,2.4395172595977783,1751153881.317893,264178.8943400383,True,False,False,False,consumer_pod0_proc1_20250628_233757_862045.csv
3536054,synthetic_4,90,1750889702.423718,1751153877.858463,264175.4347450733,1751153880.2979732,2.4395101070404053,1751153881.317893,264178.89417505264,True,False,False,False,consumer_pod0_proc1_20250628_233757_862045.csv
3536064,synthetic_4,102,1750889702.423895,1751153877.8584695,264175.43457484245,1751153880.2979732,2.439503669738769,1751153881.317893,264178.89399814606,True,False,False,False,consumer_pod0_proc1_20250628_233757_862045.csv
3536074,synthetic_4,91,1750889702.4240649,1751153877.8584778,264175.43441295624,1751153880.2979732,2.439495325088501,1751153881.317893,264178.8938281536,True,False,False,False,consumer_pod0_proc1_20250628_233757_862045.csv
3536084,synthetic_4,105,1750889702.4242427,1751153877.8584845,264175.4342417717,1751153880.2979732,2.439488649368286,1751153881.317893,264178.89365029335,True,False,False,False,consumer_pod0_proc1_20250628_233757_862045.csv
3536094,synthetic_4,89,1750889702.4244175,1751153877.8584924,264175.4340746403,1751153880.2979732,2.439480781555176,1751153881.317893,264178.89347553253,True,False,False,False,consumer_pod0_proc1_20250628_233757_862045.csv
3536104,synthetic_4,97,1750889702.4246054,1751153877.858499,264175.4338936806,1751153880.2979732,2.439474105834961,1751153881.317893,264178.8932876587,True,False,False,False,consumer_pod0_proc1_20250628_233757_862045.csv
3536114,synthetic_4,98,1750889702.4247782,1751153877.8585055,264175.4337275028,1751153880.2979732,2.439467668533325,1751153881.317893,264178.8931148052,True,False,False,False,consumer_pod0_proc1_20250628_233757_862045.csv
3536124,synthetic_4,104,1750889702.4249449,1751153877.8585126,264175.4335677624,1751153880.2979732,2.439460515975952,1751153881.317893,264178.89294815063,True,False,False,False,consumer_pod0_proc1_20250628_233757_862045.csv
3536134,synthetic_4,84,1750889702.425095,1751153877.8585198,264175.4334244728,1751153880.2979732,2.439453363418579,1751153881.317893,264178.89279794693,True,False,False,False,consumer_pod0_proc1_20250628_233757_862045.csv
3536144,synthetic_4,83,1750889702.4252532,1751153877.858527,264175.43327379227,1751153880.2979732,2.439446210861206,1751153881.317893,264178.8926398754,True,False,False,False,consumer_pod0_proc1_20250628_233757_862045.csv
3536154,synthetic_4,84,1750889702.4254029,1751153877.8585336,264175.4331307411,1751153880.2979732,2.439439535140991,1751153881.317893,264178.89249014854,True,False,False,False,consumer_pod0_proc1_20250628_233757_862045.csv
3536164,synthetic_4,90,1750889702.4255495,1751153877.8585415,264175.4329919815,1751153880.2979732,2.439431667327881,1751153881.317893,264178.8923435211,True,False,False,False,consumer_pod0_proc1_20250628_233757_862045.csv
3536174,synthetic_4,84,1750889702.4257042,1751153877.8585484,264175.432844162,1751153880.2979732,2.439424753189087,1751153881.317893,264178.89218878746,True,False,False,False,consumer_pod0_proc1_20250628_233757_862045.csv
3536184,synthetic_4,90,1750889702.4258552,1751153877.8585553,264175.4327001572,1751153880.2979732,2.439417839050293,1751153881.317893,264178.8920378685,True,False,False,False,consumer_pod0_proc1_20250628_233757_862045.csv
3536194,synthetic_4,105,1750889702.4260058,1751153877.858562,264175.43255615234,1751153880.2979732,2.439411163330078,1751153881.317893,264178.89188718796,True,False,False,False,consumer_pod0_proc1_20250628_233757_862045.csv
3536204,synthetic_4,96,1750889702.4261618,1751153877.8585703,264175.43240857124,1751153880.2979732,2.4394028186798096,1751153881.317893,264178.8917312622,True,False,False,False,consumer_pod0_proc1_20250628_233757_862045.csv
3536214,synthetic_4,103,1750889702.4263082,1751153877.8585775,264175.4322695732,1751153880.2979732,2.4393956661224365,1751153881.317893,264178.8915848732,True,False,False,False,consumer_pod0_proc1_20250628_233757_862045.csv
3536224,synthetic_4,105,1750889702.4264574,1751153877.8585846,264175.4321272373,1751153880.2979732,2.4393885135650635,1751153881.317893,264178.89143562317,True,False,False,False,consumer_pod0_proc1_20250628_233757_862045.csv
3536234,synthetic_4,96,1750889702.4266107,1751153877.8585918,264175.43198108673,1751153880.2979732,2.4393813610076904,1751153881.317893,264178.89128232,True,False,False,False,consumer_pod0_proc1_20250628_233757_862045.csv
3536244,synthetic_4,90,1750889702.4267628,1751153877.8585987,264175.4318358898,1751153880.2979732,2.4393744468688965,1751153881.317893,264178.89113020897,True,False,False,False,consumer_pod0_proc1_20250628_233757_862045.csv
3536254,synthetic_4,91,1750889702.4269123,1751153877.8586051,264175.43169260025,1751153880.2979732,2.4393680095672607,1751153881.317893,264178.8909807205,True,False,False,False,consumer_pod0_proc1_20250628_233757_862045.csv
3536264,synthetic_4,89,1750889702.4270668,1751153877.858612,264175.4315452576,1751153880.2979732,2.439361095428467,1751153881.317893,264178.8908262253,True,False,False,False,consumer_pod0_proc1_20250628_233757_862045.csv
3536274,synthetic_4,83,1750889702.4272225,1751153877.858619,264175.4313964844,1751153880.2979732,2.439354181289673,1751153881.317893,264178.89067053795,True,False,False,False,consumer_pod0_proc1_20250628_233757_862045.csv
3536284,synthetic_4,97,1750889702.4273725,1751153877.8586257,264175.4312531948,1751153880.2979732,2.439347505569458,1751153881.317893,264178.89052057266,True,False,False,False,consumer_pod0_proc1_20250628_233757_862045.csv
3536294,synthetic_4,83,1750889702.427527,1751153877.858635,264175.4311079979,1751153880.2979732,2.439338207244873,1751153881.317893,264178.8903660774,True,False,False,False,consumer_pod0_proc1_20250628_233757_862045.csv
3536304,synthetic_4,84,1750889702.4276814,1751153877.858642,264175.4309606552,1751153880.2979732,2.4393310546875,1751153881.317893,264178.8902115822,True,False,False,False,consumer_pod0_proc1_20250628_233757_862045.csv
3536314,synthetic_4,98,1750889702.4278357,1751153877.8586488,264175.43081331253,1751153880.2979732,2.439324378967285,1751153881.317893,264178.89005732536,True,False,False,False,consumer_pod0_proc1_20250628_233757_862045.csv
3536324,synthetic_4,80,1750889702.427988,1751153877.858657,264175.4306688309,1751153880.2979732,2.439316272735596,1751153881.317893,264178.8899049759,True,False,False,False,consumer_pod0_proc1_20250628_233757_862045.csv
3536334,synthetic_4,102,1750889702.428142,1751153877.858664,264175.430521965,1751153880.2979732,2.4393091201782227,1751153881.317893,264178.8897509575,True,False,False,False,consumer_pod0_proc1_20250628_233757_862045.csv
3536344,synthetic_4,91,1750889702.4282882,1751153877.8586712,264175.430382967,1751153880.2979732,2.4393019676208496,1751153881.317893,264178.8896048069,True,False,False,False,consumer_pod0_proc1_20250628_233757_862045.csv
3536354,synthetic_4,84,1750889702.4284368,1751153877.8586786,264175.4302418232,1751153880.2979732,2.439294576644897,1751153881.317893,264178.8894562721,True,False,False,False,consumer_pod0_proc1_20250628_233757_862045.csv
3536364,synthetic_4,95,1750889702.5197768,1751153877.858685,264175.3389081955,1751153880.2979732,2.4392881393432617,1751153881.317893,264178.7981162071,True,False,False,False,consumer_pod0_proc1_20250628_233757_862045.csv
3536374,synthetic_4,82,1750889702.5200596,1751153877.8586926,264175.33863306046,1751153880.2979732,2.4392805099487305,1751153881.317893,264178.7978334427,True,False,False,False,consumer_pod0_proc1_20250628_233757_862045.csv
3536384,synthetic_4,95,1750889702.520312,1751153877.858701,264175.33838891983,1751153880.2979732,2.439272165298462,1751153881.317893,264178.7975809574,True,False,False,False,consumer_pod0_proc1_20250628_233757_862045.csv
3536394,synthetic_4,97,1750889702.520509,1751153877.8587103,264175.3382012844,1751153880.2979732,2.439262866973877,1751153881.317893,264178.79738402367,True,False,False,False,consumer_pod0_proc1_20250628_233757_862045.csv
3536404,synthetic_4,91,1750889702.5207615,1751153877.8587203,264175.3379588127,1751153880.2979732,2.4392528533935547,1751153881.317893,264178.7971315384,True,False,False,False,consumer_pod0_proc1_20250628_233757_862045.csv
3536414,synthetic_4,97,1750889702.521034,1751153877.8587291,264175.33769512177,1751153880.2979732,2.439244031906128,1751153881.317893,264178.79685902596,True,False,False,False,consumer_pod0_proc1_20250628_233757_862045.csv
3536424,synthetic_4,83,1750889702.521299,1751153877.8587415,264175.3374426365,1751153880.2979732,2.439231634140014,1751153881.317893,264178.7965941429,True,False,False,False,consumer_pod0_proc1_20250628_233757_862045.csv
3536434,synthetic_4,105,1750889702.5215597,1751153877.8587513,264175.33719182014,1751153880.2979732,2.4392218589782715,1751153881.317893,264178.796333313,True,False,False,False,consumer_pod0_proc1_20250628_233757_862045.csv
3536444,synthetic_4,98,1750889702.5218055,1751153877.858761,264175.33695554733,1751153880.2979732,2.4392120838165283,1751153881.317893,264178.79608750343,True,False,False,False,consumer_pod0_proc1_20250628_233757_862045.csv
3536454,synthetic_4,90,1750889702.5220692,1751153877.8587704,264175.3367011547,1751153880.2979732,2.439202785491944,1751153881.317893,264178.7958238125,True,False,False,False,consumer_pod0_proc1_20250628_233757_862045.csv
3536464,synthetic_4,90,1750889702.5223167,1751153877.85878,264175.33646321297,1751153880.2979732,2.4391932487487797,1751153881.317893,264178.795576334,True,False,False,False,consumer_pod0_proc1_20250628_233757_862045.csv
3536474,synthetic_4,98,1750889702.5225563,1751153877.8587894,264175.33623313904,1751153880.2979732,2.4391837120056152,1751153881.317893,264178.7953367233,True,False,False,False,consumer_pod0_proc1_20250628_233757_862045.csv
3536484,synthetic_4,105,1750889702.5228035,1751153877.8587997,264175.3359959125,1751153880.2979732,2.439173460006714,1751153881.317893,264178.79508948326,True,False,False,False,consumer_pod0_proc1_20250628_233757_862045.csv
3536494,synthetic_4,84,1750889702.5230782,1751153877.8588092,264175.3357310295,1751153880.2979732,2.43916392326355,1751153881.317893,264178.79481482506,True,False,False,False,consumer_pod0_proc1_20250628_233757_862045.csv
3536504,synthetic_4,89,1750889702.5233052,1751153877.8588188,264175.33551359177,1751153880.2979732,2.4391543865203857,1751153881.317893,264178.79458785057,True,False,False,False,consumer_pod0_proc1_20250628_233757_862045.csv
3536514,synthetic_4,86,1750889702.523521,1751153877.8588305,264175.33530950546,1751153880.2979732,2.4391427040100098,1751153881.317893,264178.79437208176,True,False,False,False,consumer_pod0_proc1_20250628_233757_862045.csv
3536524,synthetic_4,89,1750889702.5237885,1751153877.8588398,264175.33505129814,1751153880.2979732,2.439133405685425,1751153881.317893,264178.7941045761,True,False,False,False,consumer_pod0_proc1_20250628_233757_862045.csv
3536534,synthetic_4,83,1750889702.5240877,1751153877.8588488,264175.3347611428,1751153880.2979732,2.439124345779419,1751153881.317893,264178.7938053608,True,False,False,False,consumer_pod0_proc1_20250628_233757_862045.csv
3536544,synthetic_4,97,1750889702.5243883,1751153877.8588576,264175.3344693184,1751153880.2979732,2.439115524291992,1751153881.317893,264178.79350471497,True,False,False,False,consumer_pod0_proc1_20250628_233757_862045.csv
3536554,synthetic_4,104,1750889702.5246315,1751153877.8588696,264175.3342380524,1751153880.2979732,2.439103603363037,1751153881.317893,264178.793261528,True,False,False,False,consumer_pod0_proc1_20250628_233757_862045.csv
3536564,synthetic_4,82,1750889702.52479,1751153877.8588798,264175.334089756,1751153880.2979732,2.439093351364136,1751153881.317893,264178.79310297966,True,False,False,False,consumer_pod0_proc1_20250628_233757_862045.csv
3536574,synthetic_4,96,1750889702.5249372,1751153877.8588889,264175.33395171165,1751153880.2979732,2.43908429145813,1751153881.317893,264178.7929558754,True,False,False,False,consumer_pod0_proc1_20250628_233757_862045.csv
3536584,synthetic_4,104,1750889702.5250916,1751153877.858898,264175.3338062763,1751153880.2979732,2.439075231552124,1751153881.317893,264178.79280138016,True,False,False,False,consumer_pod0_proc1_20250628_233757_862045.csv
3536594,synthetic_4,84,1750889702.525242,1751153877.8589077,264175.33366560936,1751153880.2979732,2.439065456390381,1751153881.317893,264178.79265093803,True,False,False,False,consumer_pod0_proc1_20250628_233757_862045.csv
3536604,synthetic_4,104,1750889702.5253909,1751153877.8589163,264175.33352541924,1751153880.2979732,2.439056873321533,1751153881.317893,264178.79250216484,True,False,False,False,consumer_pod0_proc1_20250628_233757_862045.csv
3536614,synthetic_4,83,1750889702.525535,1751153877.8589263,264175.3333909512,1751153880.2979732,2.439046859741211,1751153881.317893,264178.7923579216,True,False,False,False,consumer_pod0_proc1_20250628_233757_862045.csv
3536624,synthetic_4,90,1750889702.525678,1751153877.858936,264175.333258152,1751153880.2979732,2.439037084579468,1751153881.317893,264178.7922151089,True,False,False,False,consumer_pod0_proc1_20250628_233757_862045.csv
3536634,synthetic_4,96,1750889702.5258253,1751153877.8589478,264175.33312249184,1751153880.2979732,2.439025402069092,1751153881.317893,264178.7920677662,True,False,False,False,consumer_pod0_proc1_20250628_233757_862045.csv
3536644,synthetic_4,103,1750889702.525973,1751153877.8589582,264175.33298516273,1751153880.2979732,2.4390149116516118,1751153881.317893,264178.79191994667,True,False,False,False,consumer_pod0_proc1_20250628_233757_862045.csv
3536654,synthetic_4,103,1750889702.526124,1751153877.8589685,264175.3328444958,1751153880.2979732,2.43900465965271,1751153881.317893,264178.7917690277,True,False,False,False,consumer_pod0_proc1_20250628_233757_862045.csv
3536664,synthetic_4,90,1750889702.5262778,1751153877.858978,264175.33270025253,1751153880.2979732,2.438995122909546,1751153881.317893,264178.7916152477,True,False,False,False,consumer_pod0_proc1_20250628_233757_862045.csv
3536674,synthetic_4,90,1750889702.5264246,1751153877.8589957,264175.33257102966,1751153880.2979732,2.4389774799346924,1751153881.317893,264178.7914683819,True,False,False,False,consumer_pod0_proc1_20250628_233757_862045.csv
3536684,synthetic_4,103,1750889702.526576,1751153877.8590088,264175.3324327469,1751153880.2979732,2.438964366912842,1751153881.317893,264178.7913169861,True,False,False,False,consumer_pod0_proc1_20250628_233757_862045.csv
3536694,synthetic_4,96,1750889702.526722,1751153877.8590205,264175.3322985172,1751153880.2979732,2.438952684402466,1751153881.317893,264178.7911710739,True,False,False,False,consumer_pod0_proc1_20250628_233757_862045.csv
3536704,synthetic_4,97,1750889702.5270605,1751153877.8590312,264175.3319706917,1751153880.2979732,2.4389419555664062,1751153881.317893,264178.79083251953,True,False,False,False,consumer_pod0_proc1_20250628_233757_862045.csv
3536714,synthetic_4,90,1750889702.527206,1751153877.859041,264175.3318350315,1751153880.2979732,2.438932180404663,1751153881.317893,264178.7906870842,True,False,False,False,consumer_pod0_proc1_20250628_233757_862045.csv
3536724,synthetic_4,90,1750889702.5273583,1751153877.859051,264175.3316924572,1751153880.2979732,2.438922166824341,1751153881.317893,264178.7905347347,True,False,False,False,consumer_pod0_proc1_20250628_233757_862045.csv
3536734,synthetic_4,96,1750889702.5275066,1751153877.8590608,264175.3315541744,1751153880.2979732,2.4389123916625977,1751153881.317893,264178.79038643837,True,False,False,False,consumer_pod0_proc1_20250628_233757_862045.csv
3536744,synthetic_4,83,1750889702.527658,1751153877.8590727,264175.33141469955,1751153880.2979732,2.4389004707336426,1751153881.317893,264178.7902350426,True,False,False,False,consumer_pod0_proc1_20250628_233757_862045.csv
3536754,synthetic_4,96,1750889702.527813,1751153877.8590827,264175.33126974106,1751153880.2979732,2.4388904571533203,1751153881.317893,264178.7900800705,True,False,False,False,consumer_pod0_proc1_20250628_233757_862045.csv
3536764,synthetic_4,84,1750889702.5281365,1751153877.859093,264175.33095669746,1751153880.2979732,2.438880205154419,1751153881.317893,264178.7897565365,True,False,False,False,consumer_pod0_proc1_20250628_233757_862045.csv
3536774,synthetic_4,97,1750889702.528293,1751153877.8591027,264175.33081007004,1751153880.2979732,2.438870429992676,1751153881.317893,264178.7896001339,True,False,False,False,consumer_pod0_proc1_20250628_233757_862045.csv
3536784,synthetic_4,103,1750889702.5284567,1751153877.859112,264175.3306553364,1751153880.2979732,2.438861131668091,1751153881.317893,264178.78943634033,True,False,False,False,consumer_pod0_proc1_20250628_233757_862045.csv
3354094,synthetic_4,87,1750889703.02161,1751153877.8591292,264174.83751916885,1751153880.2979732,2.4388439655303955,1751153881.317893,264178.29628300667,True,True,False,False,consumer_pod0_proc1_20250628_233757_862045.csv
3354104,synthetic_4,91,1750889703.0218415,1751153877.8591418,264174.8373003006,1751153880.2979732,2.438831329345703,1751153881.317893,264178.2960515022,True,False,False,False,consumer_pod0_proc1_20250628_233757_862045.csv
3354114,synthetic_4,84,1750889703.0220668,1751153877.8591514,264174.8370845318,1751153880.2979732,2.438821792602539,1751153881.317893,264178.29582619667,True,False,False,False,consumer_pod0_proc1_20250628_233757_862045.csv
3354124,synthetic_4,79,1750889703.022279,1751153877.8591597,264174.8368804455,1751153880.2979732,2.4388134479522705,1751153881.317893,264178.29561400414,True,False,False,False,consumer_pod0_proc1_20250628_233757_862045.csv
3354134,synthetic_4,96,1750889703.0224943,1751153877.8591666,264174.83667230606,1751153880.2979732,2.438806533813477,1751153881.317893,264178.29539871216,True,False,False,False,consumer_pod0_proc1_20250628_233757_862045.csv
3354144,synthetic_4,89,1750889703.022715,1751153877.8591745,264174.83645939827,1751153880.2979732,2.438798666000366,1751153881.317893,264178.29517793655,True,False,False,False,consumer_pod0_proc1_20250628_233757_862045.csv
3354154,synthetic_4,83,1750889703.0229268,1751153877.8591833,264174.83625650406,1751153880.2979732,2.4387898445129395,1751153881.317893,264178.29496622086,True,False,False,False,consumer_pod0_proc1_20250628_233757_862045.csv
3354164,synthetic_4,97,1750889703.0231762,1751153877.8591902,264174.8360140324,1751153880.2979732,2.438782930374145,1751153881.317893,264178.294716835,True,False,False,False,consumer_pod0_proc1_20250628_233757_862045.csv
3354174,synthetic_4,84,1750889703.0234122,1751153877.8591976,264174.83578538895,1751153880.2979732,2.4387755393981934,1751153881.317893,264178.2944808006,True,False,False,False,consumer_pod0_proc1_20250628_233757_862045.csv
3354184,synthetic_4,98,1750889703.023657,1751153877.8592043,264174.8355472088,1751153880.2979732,2.4387688636779785,1751153881.317893,264178.29423594475,True,False,False,False,consumer_pod0_proc1_20250628_233757_862045.csv
3354194,synthetic_4,96,1750889703.0238967,1751153877.859212,264174.8353152275,1751153880.2979732,2.4387612342834477,1751153881.317893,264178.2939963341,True,False,False,False,consumer_pod0_proc1_20250628_233757_862045.csv
3354204,synthetic_4,102,1750889703.024141,1751153877.8592193,264174.83507823944,1751153880.2979732,2.438753843307495,1751153881.317893,264178.29375195503,True,False,False,False,consumer_pod0_proc1_20250628_233757_862045.csv
3354214,synthetic_4,97,1750889703.0243716,1751153877.8592272,264174.8348555565,1751153880.2979732,2.4387459754943848,1751153881.317893,264178.29352140427,True,False,False,False,consumer_pod0_proc1_20250628_233757_862045.csv
3354224,synthetic_4,103,1750889703.0246067,1751153877.859234,264174.8346273899,1751153880.2979732,2.438739061355591,1751153881.317893,264178.29328632355,True,False,False,False,consumer_pod0_proc1_20250628_233757_862045.csv
3354234,synthetic_4,96,1750889703.024819,1751153877.859243,264174.83442401886,1751153880.2979732,2.438730239868164,1751153881.317893,264178.293074131,True,False,False,False,consumer_pod0_proc1_20250628_233757_862045.csv
3354244,synthetic_4,90,1750889703.0250118,1751153877.8592503,264174.8342387676,1751153880.2979732,2.438722848892212,1751153881.317893,264178.2928812504,True,False,False,False,consumer_pod0_proc1_20250628_233757_862045.csv
3354254,synthetic_4,96,1750889703.025212,1751153877.8592598,264174.83404779434,1751153880.2979732,2.438713312149048,1751153881.317893,264178.2926809788,True,False,False,False,consumer_pod0_proc1_20250628_233757_862045.csv
3354264,synthetic_4,104,1750889703.0253875,1751153877.8592737,264174.83388614655,1751153880.2979732,2.43869948387146,1751153881.317893,264178.2925055027,True,False,False,False,consumer_pod0_proc1_20250628_233757_862045.csv
3354274,synthetic_4,97,1750889703.0255432,1751153877.859281,264174.8337378502,1751153880.2979732,2.438692092895508,1751153881.317893,264178.29234981537,True,False,False,False,consumer_pod0_proc1_20250628_233757_862045.csv
3354284,synthetic_4,84,1750889703.0256932,1751153877.859288,264174.83359479904,1751153880.2979732,2.438685178756714,1751153881.317893,264178.2921998501,True,False,False,False,consumer_pod0_proc1_20250628_233757_862045.csv
3354294,synthetic_4,104,1750889703.025842,1751153877.859295,264174.83345294,1751153880.2979732,2.43867826461792,1751153881.317893,264178.2920510769,True,False,False,False,consumer_pod0_proc1_20250628_233757_862045.csv
3354304,synthetic_4,84,1750889703.0259948,1751153877.859302,264174.83330726624,1751153880.2979732,2.438671112060547,1751153881.317893,264178.2918982506,True,False,False,False,consumer_pod0_proc1_20250628_233757_862045.csv
3354314,synthetic_4,84,1750889703.0261366,1751153877.859309,264174.8331723213,1751153880.2979732,2.438664197921753,1751153881.317893,264178.2917563915,True,False,False,False,consumer_pod0_proc1_20250628_233757_862045.csv
3354324,synthetic_4,94,1750889703.0262835,1751153877.8593156,264174.8330318928,1751153880.2979732,2.438657522201538,1751153881.317893,264178.2916095257,True,False,False,False,consumer_pod0_proc1_20250628_233757_862045.csv
3354334,synthetic_4,83,1750889703.0264356,1751153877.8593235,264174.83288788795,1751153880.2979732,2.438649654388428,1751153881.317893,264178.2914574146,True,False,False,False,consumer_pod0_proc1_20250628_233757_862045.csv
3354344,synthetic_4,90,1750889703.0265882,1751153877.8593304,264174.8327422142,1751153880.2979732,2.438642740249634,1751153881.317893,264178.29130482674,True,False,False,False,consumer_pod0_proc1_20250628_233757_862045.csv
3354354,synthetic_4,105,1750889703.0267394,1751153877.859337,264174.83259797096,1751153880.2979732,2.438636064529419,1751153881.317893,264178.29115366936,True,False,False,False,consumer_pod0_proc1_20250628_233757_862045.csv
3354364,synthetic_4,104,1750889703.026892,1751153877.8593483,264174.8324563503,1751153880.2979732,2.438624858856201,1751153881.317893,264178.29100108147,True,False,False,False,consumer_pod0_proc1_20250628_233757_862045.csv
3354374,synthetic_4,95,1750889703.027038,1751153877.8593569,264174.8323187828,1751153880.2979732,2.438616275787353,1751153881.317893,264178.2908549309,True,False,False,False,consumer_pod0_proc1_20250628_233757_862045.csv
3354384,synthetic_4,102,1750889703.0271888,1751153877.8593647,264174.8321759701,1751153880.2979732,2.438608407974243,1751153881.317893,264178.29070425034,True,False,False,False,consumer_pod0_proc1_20250628_233757_862045.csv
3354394,synthetic_4,84,1750889703.0273352,1751153877.859372,264174.83203697205,1751153880.2979732,2.43860125541687,1751153881.317893,264178.2905578613,True,False,False,False,consumer_pod0_proc1_20250628_233757_862045.csv
3354404,synthetic_4,88,1750889703.027488,1751153877.859379,264174.8318910599,1751153880.2979732,2.438594102859497,1751153881.317893,264178.290405035,True,False,False,False,consumer_pod0_proc1_20250628_233757_862045.csv
3354414,synthetic_4,104,1750889703.0276375,1751153877.8593867,264174.8317489624,1751153880.2979732,2.438586473464966,1751153881.317893,264178.29025554657,True,False,False,False,consumer_pod0_proc1_20250628_233757_862045.csv
3354424,synthetic_4,104,1750889703.027974,1751153877.8593943,264174.8314201832,1751153880.2979732,2.4385788440704346,1751153881.317893,264178.28991913795,True,False,False,False,consumer_pod0_proc1_20250628_233757_862045.csv
3354434,synthetic_4,91,1750889703.028128,1751153877.8594022,264174.8312740326,1751153880.2979732,2.438570976257324,1751153881.317893,264178.28976511955,True,False,False,False,consumer_pod0_proc1_20250628_233757_862045.csv
3354444,synthetic_4,84,1750889703.028278,1751153877.859409,264174.83113121986,1751153880.2979732,2.4385640621185303,1751153881.317893,264178.28961491585,True,False,False,False,consumer_pod0_proc1_20250628_233757_862045.csv
3354454,synthetic_4,83,1750889703.0284295,1751153877.8594165,264174.8309867382,1751153880.2979732,2.438556671142578,1751153881.317893,264178.28946352005,True,False,False,False,consumer_pod0_proc1_20250628_233757_862045.csv
3354464,synthetic_4,104,1750889703.118009,1751153877.8594244,264174.7414150238,1751153880.2979732,2.438548803329468,1751153881.317893,264178.19988393784,True,False,False,False,consumer_pod0_proc1_20250628_233757_862045.csv
3354474,synthetic_4,81,1750889703.118224,1751153877.859432,264174.7412080765,1751153880.2979732,2.4385411739349365,1751153881.317893,264178.1996691227,True,False,False,False,consumer_pod0_proc1_20250628_233757_862045.csv
3354484,synthetic_4,97,1750889703.1184042,1751153877.8594394,264174.741035223,1751153880.2979732,2.4385337829589844,1751153881.317893,264178.19948887825,True,False,False,False,consumer_pod0_proc1_20250628_233757_862045.csv
3354494,synthetic_4,97,1750889703.118575,1751153877.859449,264174.7408735752,1751153880.2979732,2.4385242462158203,1751153881.317893,264178.1993179321,True,False,False,False,consumer_pod0_proc1_20250628_233757_862045.csv
3354504,synthetic_4,90,1750889703.1187272,1751153877.8594563,264174.74072909355,1751153880.2979732,2.438516855239868,1751153881.317893,264178.1991658211,True,False,False,False,consumer_pod0_proc1_20250628_233757_862045.csv
3354514,synthetic_4,104,1750889703.118924,1751153877.8594632,264174.74053907394,1751153880.2979732,2.438509941101074,1751153881.317893,264178.19896912575,True,False,False,False,consumer_pod0_proc1_20250628_233757_862045.csv
3354524,synthetic_4,98,1750889703.1190956,1751153877.859471,264174.7403755188,1751153880.2979732,2.438502073287964,1751153881.317893,264178.19879746437,True,False,False,False,consumer_pod0_proc1_20250628_233757_862045.csv
3354534,synthetic_4,88,1750889703.1192863,1751153877.8594787,264174.74019241333,1751153880.2979732,2.4384944438934326,1751153881.317893,264178.1986067295,True,False,False,False,consumer_pod0_proc1_20250628_233757_862045.csv
3354544,synthetic_4,82,1750889703.119544,1751153877.859486,264174.7399418354,1751153880.2979732,2.4384870529174805,1751153881.317893,264178.198348999,True,False,False,False,consumer_pod0_proc1_20250628_233757_862045.csv
3354554,synthetic_4,90,1750889703.1197274,1751153877.8594928,264174.73976540565,1751153880.2979732,2.4384803771972656,1751153881.317893,264178.19816565514,True,False,False,False,consumer_pod0_proc1_20250628_233757_862045.csv
3354564,synthetic_4,102,1750889703.1199143,1751153877.8594997,264174.7395851612,1751153880.2979732,2.438473463058472,1751153881.317893,264178.19797873497,True,False,False,False,consumer_pod0_proc1_20250628_233757_862045.csv
3354574,synthetic_4,89,1750889703.1200926,1751153877.859509,264174.73941636086,1751153880.2979732,2.4384641647338867,1751153881.317893,264178.1978003979,True,False,False,False,consumer_pod0_proc1_20250628_233757_862045.csv
3354584,synthetic_4,90,1750889703.120298,1751153877.8595166,264174.73921847343,1751153880.2979732,2.4384565353393555,1751153881.317893,264178.1975951195,True,False,False,False,consumer_pod0_proc1_20250628_233757_862045.csv
3354594,synthetic_4,84,1750889703.2177646,1751153877.8595235,264174.6417589188,1751153880.2979732,2.438449621200561,1751153881.317893,264178.10012841225,True,False,False,False,consumer_pod0_proc1_20250628_233757_862045.csv
3357304,synthetic_4,81,1750889704.119574,1751153877.8595307,264173.73995661736,1751153880.2979732,2.4384424686431885,1751153881.317893,264177.1983189583,True,False,False,False,consumer_pod0_proc1_20250628_233757_862045.csv
3357314,synthetic_4,102,1750889704.1200469,1751153877.8595378,264173.73949098587,1751153880.2979732,2.4384353160858154,1751153881.317893,264177.19784617424,True,False,False,False,consumer_pod0_proc1_20250628_233757_862045.csv
3357324,synthetic_4,89,1750889704.1204667,1751153877.859547,264173.73908019066,1751153880.2979732,2.4384262561798096,1751153881.317893,264177.1974263191,True,False,False,False,consumer_pod0_proc1_20250628_233757_862045.csv
3357334,synthetic_4,102,1750889704.1209111,1751153877.8595536,264173.73864245415,1751153880.2979732,2.4384195804595947,1751153881.317893,264177.1969819069,True,False,False,False,consumer_pod0_proc1_20250628_233757_862045.csv
3357344,synthetic_4,92,1750889704.121321,1751153877.8595607,264173.7382397652,1751153880.2979732,2.4384124279022217,1751153881.317893,264177.19657206535,True,False,False,False,consumer_pod0_proc1_20250628_233757_862045.csv
3357354,synthetic_4,103,1750889704.1217492,1751153877.859568,264173.7378189564,1751153880.2979732,2.438405036926269,1751153881.317893,264177.1961438656,True,False,False,False,consumer_pod0_proc1_20250628_233757_862045.csv
3357364,synthetic_4,91,1750889704.1221688,1751153877.859575,264173.7374062538,1751153880.2979732,2.438398122787476,1751153881.317893,264177.1957242489,True,False,False,False,consumer_pod0_proc1_20250628_233757_862045.csv
3357374,synthetic_4,90,1750889704.1225758,1751153877.8595817,264173.737005949,1751153880.2979732,2.4383914470672607,1751153881.317893,264177.1953172684,True,False,False,False,consumer_pod0_proc1_20250628_233757_862045.csv
3357384,synthetic_4,91,1750889704.1230288,1751153877.8595886,264173.73655986786,1751153880.2979732,2.438384532928467,1751153881.317893,264177.1948642731,True,False,False,False,consumer_pod0_proc1_20250628_233757_862045.csv
3357394,synthetic_4,84,1750889704.1234877,1751153877.8595958,264173.73610806465,1751153880.2979732,2.4383773803710938,1751153881.317893,264177.1944053173,True,False,False,False,consumer_pod0_proc1_20250628_233757_862045.csv
3357404,synthetic_4,83,1750889704.123876,1751153877.859603,264173.73572683334,1751153880.2979732,2.4383702278137207,1751153881.317893,264177.19401693344,True,False,False,False,consumer_pod0_proc1_20250628_233757_862045.csv
3357414,synthetic_4,83,1750889704.124342,1751153877.8596096,264173.7352676392,1751153880.2979732,2.438363552093506,1751153881.317893,264177.19355106354,True,False,False,False,consumer_pod0_proc1_20250628_233757_862045.csv
3357424,synthetic_4,97,1750889704.1247609,1751153877.8596165,264173.73485541344,1751153880.2979732,2.438356637954712,1751153881.317893,264177.1931321621,True,False,False,False,consumer_pod0_proc1_20250628_233757_862045.csv
3357434,synthetic_4,83,1750889704.1250763,1751153877.8596232,264173.7345466614,1751153880.2979732,2.438349962234497,1751153881.317893,264177.1928167343,True,False,False,False,consumer_pod0_proc1_20250628_233757_862045.csv
3357444,synthetic_4,103,1750889704.125383,1751153877.8596313,264173.7342486381,1751153880.2979732,2.438341856002808,1751153881.317893,264177.192510128,True,False,False,False,consumer_pod0_proc1_20250628_233757_862045.csv
3357454,synthetic_4,104,1750889704.1256814,1751153877.859639,264173.73395752907,1751153880.2979732,2.4383342266082764,1751153881.317893,264177.19221162796,True,False,False,False,consumer_pod0_proc1_20250628_233757_862045.csv
3357464,synthetic_4,82,1750889704.1259406,1751153877.8596466,264173.73370599747,1751153880.2979732,2.438326597213745,1751153881.317893,264177.19195246696,True,False,False,False,consumer_pod0_proc1_20250628_233757_862045.csv
3357474,synthetic_4,98,1750889704.126156,1751153877.8596537,264173.7334976196,1751153880.2979732,2.438319444656372,1751153881.317893,264177.19173693657,True,False,False,False,consumer_pod0_proc1_20250628_233757_862045.csv
3357484,synthetic_4,105,1750889704.126408,1751153877.8596606,264173.73325276375,1751153880.2979732,2.438312530517578,1751153881.317893,264177.19148492813,True,False,False,False,consumer_pod0_proc1_20250628_233757_862045.csv
3357494,synthetic_4,81,1750889704.126646,1751153877.8596694,264173.7330234051,1751153880.2979732,2.438303709030152,1751153881.317893,264177.1912469864,True,False,False,False,consumer_pod0_proc1_20250628_233757_862045.csv
3357504,synthetic_4,91,1750889704.1268718,1751153877.8596768,264173.73280501366,1751153880.2979732,2.438296318054199,1751153881.317893,264177.191021204,True,False,False,False,consumer_pod0_proc1_20250628_233757_862045.csv
3357514,synthetic_4,83,1750889704.1270766,1751153877.8596838,264173.73260712624,1751153880.2979732,2.4382894039154053,1751153881.317893,264177.19081640244,True,False,False,False,consumer_pod0_proc1_20250628_233757_862045.csv
3357524,synthetic_4,82,1750889704.127303,1751153877.859691,264173.73238778114,1751153880.2979732,2.438282251358032,1751153881.317893,264177.1905901432,True,False,False,False,consumer_pod0_proc1_20250628_233757_862045.csv
3357534,synthetic_4,83,1750889704.1275291,1751153877.8596976,264173.73216843605,1751153880.2979732,2.4382755756378174,1751153881.317893,264177.190363884,True,False,False,False,consumer_pod0_proc1_20250628_233757_862045.csv
3357544,synthetic_4,105,1750889704.1277575,1751153877.8597045,264173.7319469452,1751153880.2979732,2.4382686614990234,1751153881.317893,264177.190135479,True,False,False,False,consumer_pod0_proc1_20250628_233757_862045.csv
3357554,synthetic_4,98,1750889704.1279836,1751153877.8597128,264173.731729269,1751153880.2979732,2.438260316848755,1751153881.317893,264177.18990945816,True,False,False,False,consumer_pod0_proc1_20250628_233757_862045.csv
3357564,synthetic_4,83,1750889704.1282177,1751153877.85972,264173.73150229454,1751153880.2979732,2.438253164291382,1751153881.317893,264177.1896753311,True,False,False,False,consumer_pod0_proc1_20250628_233757_862045.csv
3357574,synthetic_4,83,1750889704.1284528,1751153877.859728,264173.73127532005,1751153880.2979732,2.4382450580596924,1751153881.317893,264177.1894402504,True,False,False,False,consumer_pod0_proc1_20250628_233757_862045.csv
3357584,synthetic_4,97,1750889704.2187817,1751153877.8597348,264173.640953064,1751153880.2979732,2.438238382339477,1751153881.317893,264177.0991113186,True,False,False,False,consumer_pod0_proc1_20250628_233757_862045.csv
3357594,synthetic_4,100,1750889704.2193508,1751153877.859742,264173.6403911114,1751153880.2979732,2.4382312297821045,1751153881.317893,264177.09854221344,True,False,False,False,consumer_pod0_proc1_20250628_233757_862045.csv
3357604,synthetic_4,103,1750889704.2197292,1751153877.8597493,264173.64002013206,1751153880.2979732,2.4382238388061523,1751153881.317893,264177.09816384315,True,False,False,False,consumer_pod0_proc1_20250628_233757_862045.csv
3357614,synthetic_4,84,1750889704.2201498,1751153877.8597567,264173.63960695267,1751153880.2979732,2.4382164478302,1751153881.317893,264177.0977432728,True,False,False,False,consumer_pod0_proc1_20250628_233757_862045.csv
3357624,synthetic_4,90,1750889704.220511,1751153877.8597631,264173.6392521858,1751153880.2979732,2.4382100105285645,1751153881.317893,264177.09738206863,True,False,False,False,consumer_pod0_proc1_20250628_233757_862045.csv
3357634,synthetic_4,84,1750889704.2209363,1751153877.8597703,264173.6388337612,1751153880.2979732,2.4382028579711914,1751153881.317893,264177.0969567299,True,False,False,False,consumer_pod0_proc1_20250628_233757_862045.csv
3357644,synthetic_4,84,1750889704.2213736,1751153877.8597772,264173.6384036541,1751153880.2979732,2.438195943832397,1751153881.317893,264177.0965194702,True,False,False,False,consumer_pod0_proc1_20250628_233757_862045.csv
3357654,synthetic_4,98,1750889704.2217238,1751153877.8597856,264173.63806176186,1751153880.2979732,2.438187599182129,1751153881.317893,264177.0961692333,True,False,False,False,consumer_pod0_proc1_20250628_233757_862045.csv
3357664,synthetic_4,97,1750889704.2220073,1751153877.8597937,264173.6377863884,1751153880.2979732,2.4381794929504395,1751153881.317893,264177.09588575363,True,False,False,False,consumer_pod0_proc1_20250628_233757_862045.csv
3357674,synthetic_4,105,1750889704.2223375,1751153877.8598015,264173.6374640465,1751153880.2979732,2.438171625137329,1751153881.317893,264177.0955555439,True,False,False,False,consumer_pod0_proc1_20250628_233757_862045.csv
3357684,synthetic_4,100,1750889704.222744,1751153877.85981,264173.63706612587,1751153880.2979732,2.438163042068481,1751153881.317893,264177.0951490402,True,False,False,False,consumer_pod0_proc1_20250628_233757_862045.csv
3357694,synthetic_4,89,1750889704.2230806,1751153877.8598173,264173.6367366314,1751153880.2979732,2.4381558895111084,1751153881.317893,264177.0948123932,True,False,False,False,consumer_pod0_proc1_20250628_233757_862045.csv
3357704,synthetic_4,84,1750889704.2234514,1751153877.8598268,264173.63637542725,1751153880.2979732,2.4381463527679443,1751153881.317893,264177.0944416523,True,False,False,False,consumer_pod0_proc1_20250628_233757_862045.csv
3357714,synthetic_4,90,1750889704.2238667,1751153877.859834,264173.63596725464,1751153880.2979732,2.4381392002105717,1751153881.317893,264177.09402632713,True,False,False,False,consumer_pod0_proc1_20250628_233757_862045.csv
3357724,synthetic_4,90,1750889704.224193,1751153877.8598409,264173.6356475353,1751153880.2979732,2.4381322860717773,1751153881.317893,264177.0936999321,True,False,False,False,consumer_pod0_proc1_20250628_233757_862045.csv
3357734,synthetic_4,90,1750889704.31661,1751153877.859848,264173.543238163,1751153880.2979732,2.4381251335144043,1751153881.317893,264177.0012829304,True,False,False,False,consumer_pod0_proc1_20250628_233757_862045.csv
3357744,synthetic_4,94,1750889704.319122,1751153877.8598547,264173.54073262215,1751153880.2979732,2.438118457794189,1751153881.317893,264176.9987709522,True,False,False,False,consumer_pod0_proc1_20250628_233757_862045.csv
3357754,synthetic_4,91,1750889704.3194227,1751153877.859862,264173.5404393673,1751153880.2979732,2.4381110668182373,1751153881.317893,264176.9984703064,True,False,False,False,consumer_pod0_proc1_20250628_233757_862045.csv
3545144,synthetic_4,97,1750889705.122244,1751153877.8598697,264172.7376253605,1751153880.2979732,2.438103437423706,1751153881.317893,264176.19564914703,True,False,False,False,consumer_pod0_proc1_20250628_233757_862045.csv
3545154,synthetic_4,96,1750889705.122601,1751153877.8598766,264172.73727560043,1751153880.2979732,2.438096523284912,1751153881.317893,264176.195291996,True,False,False,False,consumer_pod0_proc1_20250628_233757_862045.csv
3545164,synthetic_4,83,1750889705.122821,1751153877.859884,264172.73706269264,1751153880.2979732,2.43808913230896,1751153881.317893,264176.19507193565,True,False,False,False,consumer_pod0_proc1_20250628_233757_862045.csv
3545174,synthetic_4,103,1750889705.123038,1751153877.859891,264172.7368528843,1751153880.2979732,2.438082218170166,1751153881.317893,264176.19485497475,True,False,False,False,consumer_pod0_proc1_20250628_233757_862045.csv
3545184,synthetic_4,96,1750889705.1232443,1751153877.8598986,264172.7366542816,1751153880.2979732,2.4380745887756348,1751153881.317893,264176.1946487427,True,False,False,False,consumer_pod0_proc1_20250628_233757_862045.csv
3545194,synthetic_4,98,1750889705.1234782,1751153877.8599055,264172.73642754555,1751153880.2979732,2.438067674636841,1751153881.317893,264176.19441485405,True,False,False,False,consumer_pod0_proc1_20250628_233757_862045.csv
3545204,synthetic_4,104,1750889705.1236892,1751153877.8599126,264172.73622345924,1751153880.2979732,2.438060522079468,1751153881.317893,264176.1942038536,True,False,False,False,consumer_pod0_proc1_20250628_233757_862045.csv
3545214,synthetic_4,89,1750889705.123917,1751153877.8599217,264172.73600435257,1751153880.2979732,2.438051462173462,1751153881.317893,264176.19397592545,True,False,False,False,consumer_pod0_proc1_20250628_233757_862045.csv
3545224,synthetic_4,98,1750889705.1241343,1751153877.8599284,264172.7357940674,1751153880.2979732,2.438044786453247,1751153881.317893,264176.1937587261,True,False,False,False,consumer_pod0_proc1_20250628_233757_862045.csv
3545234,synthetic_4,104,1750889705.1243594,1751153877.8599355,264172.7355761528,1751153880.2979732,2.438037633895874,1751153881.317893,264176.193533659,True,False,False,False,consumer_pod0_proc1_20250628_233757_862045.csv
3545244,synthetic_4,97,1750889705.1245992,1751153877.8599424,264172.73534321785,1751153880.2979732,2.43803071975708,1751153881.317893,264176.1932938099,True,False,False,False,consumer_pod0_proc1_20250628_233757_862045.csv
3545254,synthetic_4,90,1750889705.1247716,1751153877.8599494,264172.73517775536,1751153880.2979732,2.438023805618286,1751153881.317893,264176.19312143326,True,False,False,False,consumer_pod0_proc1_20250628_233757_862045.csv
3545264,synthetic_4,104,1750889705.1249478,1751153877.8599565,264172.73500847816,1751153880.2979732,2.438016653060913,1751153881.317893,264176.1929452419,True,False,False,False,consumer_pod0_proc1_20250628_233757_862045.csv
3545274,synthetic_4,105,1750889705.1251004,1751153877.8599658,264172.734865427,1751153880.2979732,2.438007354736328,1751153881.317893,264176.19279265404,True,False,False,False,consumer_pod0_proc1_20250628_233757_862045.csv
3545284,synthetic_4,83,1750889705.1252563,1751153877.8599775,264172.7347214222,1751153880.2979732,2.437995672225952,1751153881.317893,264176.1926367283,True,False,False,False,consumer_pod0_proc1_20250628_233757_862045.csv
3545294,synthetic_4,84,1750889705.1254077,1751153877.8599846,264172.73457694054,1751153880.2979732,2.437988519668579,1751153881.317893,264176.1924853325,True,False,False,False,consumer_pod0_proc1_20250628_233757_862045.csv
3545304,synthetic_4,97,1750889705.1255584,1751153877.859993,264172.73443460464,1751153880.2979732,2.4379801750183105,1751153881.317893,264176.19233465195,True,False,False,False,consumer_pod0_proc1_20250628_233757_862045.csv
3545314,synthetic_4,104,1750889705.1257071,1751153877.8600006,264172.73429346085,1751153880.2979732,2.4379725456237797,1751153881.317893,264176.19218587875,True,False,False,False,consumer_pod0_proc1_20250628_233757_862045.csv
3545324,synthetic_4,96,1750889705.125866,1751153877.8600078,264172.73414182663,1751153880.2979732,2.4379653930664062,1751153881.317893,264176.192027092,True,False,False,False,consumer_pod0_proc1_20250628_233757_862045.csv
3545334,synthetic_4,95,1750889705.126021,1751153877.8600152,264172.7339942456,1751153880.2979732,2.437958002090454,1751153881.317893,264176.1918721199,True,False,False,False,consumer_pod0_proc1_20250628_233757_862045.csv
3545344,synthetic_4,104,1750889705.126171,1751153877.8600235,264172.7338523865,1751153880.2979732,2.437949657440185,1751153881.317893,264176.1917219162,True,False,False,False,consumer_pod0_proc1_20250628_233757_862045.csv
3545354,synthetic_4,95,1750889705.1263266,1751153877.8600304,264172.7337038517,1751153880.2979732,2.437942743301392,1751153881.317893,264176.1915664673,True,False,False,False,consumer_pod0_proc1_20250628_233757_862045.csv
3545364,synthetic_4,105,1750889705.1264794,1751153877.860037,264172.7335579396,1751153880.2979732,2.4379360675811768,1751153881.317893,264176.191413641,True,False,False,False,consumer_pod0_proc1_20250628_233757_862045.csv
3545374,synthetic_4,103,1750889705.1266322,1751153877.8600445,264172.7334122658,1751153880.2979732,2.4379286766052246,1751153881.317893,264176.19126081467,True,False,False,False,consumer_pod0_proc1_20250628_233757_862045.csv
3545384,synthetic_4,91,1750889705.1267848,1751153877.8600516,264172.73326683044,1751153880.2979732,2.437921524047852,1751153881.317893,264176.1911082268,True,False,False,False,consumer_pod0_proc1_20250628_233757_862045.csv
3545394,synthetic_4,103,1750889705.1269386,1751153877.8600583,264172.7331199646,1751153880.2979732,2.4379148483276367,1751153881.317893,264176.1909544468,True,False,False,False,consumer_pod0_proc1_20250628_233757_862045.csv
3545404,synthetic_4,98,1750889705.1270905,1751153877.8600657,264172.7329750061,1751153880.2979732,2.437907457351685,1751153881.317893,264176.19080257416,True,False,False,False,consumer_pod0_proc1_20250628_233757_862045.csv
3545414,synthetic_4,91,1750889705.1272397,1751153877.8600729,264172.73283338547,1751153880.2979732,2.4379003047943115,1751153881.317893,264176.1906533241,True,False,False,False,consumer_pod0_proc1_20250628_233757_862045.csv
3545424,synthetic_4,103,1750889705.1273978,1751153877.8600798,264172.73268198967,1751153880.2979732,2.4378933906555176,1751153881.317893,264176.1904952526,True,False,False,False,consumer_pod0_proc1_20250628_233757_862045.csv
3545434,synthetic_4,84,1750889705.1275525,1751153877.8600872,264172.732534647,1751153880.2979732,2.437885999679565,1751153881.317893,264176.19034051895,True,False,False,False,consumer_pod0_proc1_20250628_233757_862045.csv
3545444,synthetic_4,90,1750889705.127698,1751153877.860094,264172.7323961258,1751153880.2979732,2.4378790855407715,1751153881.317893,264176.1901950836,True,False,False,False,consumer_pod0_proc1_20250628_233757_862045.csv
3545454,synthetic_4,95,1750889705.128018,1751153877.8601365,264172.73211836815,1751153880.2979732,2.4378366470336914,1751153881.317893,264176.1898751259,True,False,False,False,consumer_pod0_proc1_20250628_233757_862045.csv
3545464,synthetic_4,84,1750889705.1281772,1751153877.8601458,264172.7319686413,1751153880.2979732,2.4378273487091064,1751153881.317893,264176.1897158623,True,False,False,False,consumer_pod0_proc1_20250628_233757_862045.csv
3545474,synthetic_4,105,1750889705.1283298,1751153877.8601542,264172.73182439804,1751153880.2979732,2.437819004058838,1751153881.317893,264176.1895632744,True,False,False,False,consumer_pod0_proc1_20250628_233757_862045.csv
3545484,synthetic_4,91,1750889705.2218451,1751153877.8601615,264172.6383163929,1751153880.2979732,2.4378116130828857,1751153881.317893,264176.09604787827,True,False,False,False,consumer_pod0_proc1_20250628_233757_862045.csv
3545494,synthetic_4,103,1750889705.222869,1751153877.8601685,264172.63729953766,1751153880.2979732,2.437804698944092,1751153881.317893,264176.0950241089,True,False,False,False,consumer_pod0_proc1_20250628_233757_862045.csv
3545504,synthetic_4,104,1750889705.2236888,1751153877.8601756,264172.6364867687,1751153880.2979732,2.4377975463867188,1751153881.317893,264176.0942041874,True,False,False,False,consumer_pod0_proc1_20250628_233757_862045.csv
3545514,synthetic_4,98,1750889705.2246618,1751153877.860185,264172.6355230808,1751153880.2979732,2.437788248062134,1751153881.317893,264176.0932312012,True,False,False,False,consumer_pod0_proc1_20250628_233757_862045.csv
3545524,synthetic_4,90,1750889705.2249162,1751153877.8601923,264172.6352760792,1751153880.2979732,2.4377808570861816,1751153881.317893,264176.09297680855,True,False,False,False,consumer_pod0_proc1_20250628_233757_862045.csv
3545534,synthetic_4,83,1750889705.2250814,1751153877.8601987,264172.6351172924,1751153880.2979732,2.437774419784546,1751153881.317893,264176.0928115845,True,False,False,False,consumer_pod0_proc1_20250628_233757_862045.csv
3545544,synthetic_4,90,1750889705.2252288,1751153877.8602054,264172.63497662544,1751153880.2979732,2.437767744064331,1751153881.317893,264176.0926642418,True,False,False,False,consumer_pod0_proc1_20250628_233757_862045.csv
3545554,synthetic_4,98,1750889705.2253733,1751153877.8602123,264172.6348390579,1751153880.2979732,2.437760829925537,1751153881.317893,264176.09251976013,True,False,False,False,consumer_pod0_proc1_20250628_233757_862045.csv
3545564,synthetic_4,81,1750889705.2255228,1751153877.8602197,264172.63469672203,1751153880.2979732,2.437753438949585,1751153881.317893,264176.0923702717,True,False,False,False,consumer_pod0_proc1_20250628_233757_862045.csv
3545574,synthetic_4,83,1750889705.225667,1751153877.8602262,264172.6345591545,1751153880.2979732,2.437747001647949,1751153881.317893,264176.09222602844,True,False,False,False,consumer_pod0_proc1_20250628_233757_862045.csv
3545584,synthetic_4,98,1750889705.2258143,1751153877.860233,264172.634418726,1751153880.2979732,2.4377400875091557,1751153881.317893,264176.09207868576,True,False,False,False,consumer_pod0_proc1_20250628_233757_862045.csv
3545594,synthetic_4,103,1750889705.225969,1751153877.8602428,264172.6342737675,1751153880.2979732,2.437730312347412,1751153881.317893,264176.0919239521,True,False,False,False,consumer_pod0_proc1_20250628_233757_862045.csv
3545604,synthetic_4,98,1750889705.2261164,1751153877.8602514,264172.63413500786,1751153880.2979732,2.4377217292785645,1751153881.317893,264176.0917766094,True,False,False,False,consumer_pod0_proc1_20250628_233757_862045.csv
3545614,synthetic_4,89,1750889705.2262623,1751153877.8602593,264172.6339969635,1751153880.2979732,2.437713861465454,1751153881.317893,264176.09163069725,True,False,False,False,consumer_pod0_proc1_20250628_233757_862045.csv
3545624,synthetic_4,105,1750889705.2264092,1751153877.8602667,264172.63385748863,1751153880.2979732,2.437706470489502,1751153881.317893,264176.0914838314,True,False,False,False,consumer_pod0_proc1_20250628_233757_862045.csv
3545634,synthetic_4,83,1750889705.226554,1751153877.8602753,264172.6337213516,1751153880.2979732,2.4376978874206543,1751153881.317893,264176.0913391113,True,False,False,False,consumer_pod0_proc1_20250628_233757_862045.csv
3545644,synthetic_4,96,1750889705.2266994,1751153877.860283,264172.6335835457,1751153880.2979732,2.437690258026123,1751153881.317893,264176.091193676,True,False,False,False,consumer_pod0_proc1_20250628_233757_862045.csv
3545654,synthetic_4,98,1750889705.2268417,1751153877.8602903,264172.6334486008,1751153880.2979732,2.437682867050171,1751153881.317893,264176.0910513401,True,False,False,False,consumer_pod0_proc1_20250628_233757_862045.csv
3545664,synthetic_4,104,1750889705.2269874,1751153877.8602977,264172.633310318,1751153880.2979732,2.4376754760742188,1751153881.317893,264176.09090566635,True,False,False,False,consumer_pod0_proc1_20250628_233757_862045.csv
3545674,synthetic_4,97,1750889705.227128,1751153877.860305,264172.633177042,1751153880.2979732,2.4376680850982666,1751153881.317893,264176.0907649994,True,False,False,False,consumer_pod0_proc1_20250628_233757_862045.csv
3545684,synthetic_4,88,1750889705.227272,1751153877.860312,264172.6330399513,1751153880.2979732,2.4376611709594727,1751153881.317893,264176.09062099457,True,False,False,False,consumer_pod0_proc1_20250628_233757_862045.csv
3545694,synthetic_4,96,1750889705.227414,1751153877.860319,264172.632904768,1751153880.2979732,2.4376542568206787,1751153881.317893,264176.0904791355,True,False,False,False,consumer_pod0_proc1_20250628_233757_862045.csv
3545704,synthetic_4,104,1750889705.2275624,1751153877.860326,264172.6327636242,1751153880.2979732,2.4376471042633057,1751153881.317893,264176.09033060074,True,False,False,False,consumer_pod0_proc1_20250628_233757_862045.csv
3545714,synthetic_4,84,1750889705.2277062,1751153877.860334,264172.6326277256,1751153880.2979732,2.4376392364501958,1751153881.317893,264176.09018683434,True,False,False,False,consumer_pod0_proc1_20250628_233757_862045.csv
3545724,synthetic_4,89,1750889705.227849,1751153877.8603432,264172.6324942112,1751153880.2979732,2.4376299381256104,1751153881.317893,264176.0900440216,True,False,False,False,consumer_pod0_proc1_20250628_233757_862045.csv
3545734,synthetic_4,96,1750889705.227996,1751153877.8603506,264172.6323544979,1751153880.2979732,2.437622547149658,1751153881.317893,264176.08989691734,True,False,False,False,consumer_pod0_proc1_20250628_233757_862045.csv
3545744,synthetic_4,84,1750889705.2281437,1751153877.8603582,264172.6322147846,1751153880.2979732,2.437614917755127,1751153881.317893,264176.08974933624,True,False,False,False,consumer_pod0_proc1_20250628_233757_862045.csv
3545754,synthetic_4,95,1750889705.228293,1751153877.8603652,264172.6320722103,1751153880.2979732,2.437608003616333,1751153881.317893,264176.0896000862,True,False,False,False,consumer_pod0_proc1_20250628_233757_862045.csv
