index,topic,size_bytes,producer_timestamp,consumer_timestamp,consumer_delay_sec,application_timestamp,application_delay_sec,merge_timestamp,end_to_end_delay,is_late,is_out_of_order,is_duplicate,is_missing_critical,source_file
1914711,synthetic_1,82,1750889215.62395,1751153674.6782534,264459.05430340767,1751153676.9862132,2.307959794998169,1751153683.8216188,264468.1976687908,True,False,False,False,consumer_pod0_proc0_20250628_233434_684503.csv
1914721,synthetic_1,96,1750889215.624323,1751153674.6783402,264459.0540173054,1751153676.9862132,2.307873010635376,1751153683.8216188,264468.19729590416,True,False,False,False,consumer_pod0_proc0_20250628_233434_684503.csv
1965151,synthetic_1,83,1750889215.624724,1751153674.6783583,264459.05363440514,1751153676.9862132,2.3078548908233643,1751153683.8216188,264468.1968948841,True,False,False,False,consumer_pod0_proc0_20250628_233434_684503.csv
1914731,synthetic_1,102,1750889215.6247647,1751153674.6783695,264459.05360484123,1751153676.9862132,2.3078436851501465,1751153683.8216188,264468.19685411453,True,True,False,False,consumer_pod0_proc0_20250628_233434_684503.csv
1965161,synthetic_1,97,1750889215.62491,1751153674.6783817,264459.05347180367,1751153676.9862132,2.3078315258026123,1751153683.8216188,264468.1967086792,True,False,False,False,consumer_pod0_proc0_20250628_233434_684503.csv
1965171,synthetic_1,103,1750889215.625142,1751153674.6783931,264459.0532512665,1751153676.9862132,2.3078200817108154,1751153683.8216188,264468.1964766979,True,False,False,False,consumer_pod0_proc0_20250628_233434_684503.csv
1965181,synthetic_1,84,1750889215.6253374,1751153674.678404,264459.0530664921,1751153676.9862132,2.3078091144561768,1751153683.8216188,264468.1962814331,True,False,False,False,consumer_pod0_proc0_20250628_233434_684503.csv
1965191,synthetic_1,97,1750889215.6255107,1751153674.6784132,264459.0529024601,1751153676.9862132,2.307800054550171,1751153683.8216188,264468.1961081028,True,False,False,False,consumer_pod0_proc0_20250628_233434_684503.csv
1965201,synthetic_1,100,1750889215.6257155,1751153674.6784225,264459.05270671844,1751153676.9862132,2.307790756225586,1751153683.8216188,264468.19590330124,True,False,False,False,consumer_pod0_proc0_20250628_233434_684503.csv
1965211,synthetic_1,103,1750889215.6259234,1751153674.6784332,264459.0525097847,1751153676.9862132,2.3077800273895264,1751153683.8216188,264468.19569540024,True,False,False,False,consumer_pod0_proc0_20250628_233434_684503.csv
1965221,synthetic_1,84,1750889215.6261132,1751153674.6784434,264459.0523302555,1751153676.9862132,2.307769775390625,1751153683.8216188,264468.19550561905,True,False,False,False,consumer_pod0_proc0_20250628_233434_684503.csv
1965231,synthetic_1,84,1750889215.6263888,1751153674.678453,264459.0520641804,1751153676.9862132,2.307760238647461,1751153683.8216188,264468.1952300072,True,False,False,False,consumer_pod0_proc0_20250628_233434_684503.csv
1965241,synthetic_1,89,1750889215.6266935,1751153674.6784625,264459.0517690182,1751153676.9862132,2.307750701904297,1751153683.8216188,264468.1949253082,True,False,False,False,consumer_pod0_proc0_20250628_233434_684503.csv
1965251,synthetic_1,91,1750889215.6269352,1751153674.678472,264459.0515367985,1751153676.9862132,2.307741165161133,1751153683.8216188,264468.1946835518,True,False,False,False,consumer_pod0_proc0_20250628_233434_684503.csv
1965261,synthetic_1,98,1750889215.6271403,1751153674.6784816,264459.0513410568,1751153676.9862132,2.3077316284179688,1751153683.8216188,264468.1944785118,True,False,False,False,consumer_pod0_proc0_20250628_233434_684503.csv
1914741,synthetic_1,104,1750889215.6251218,1751153674.6784916,264459.0533697605,1751153676.9862132,2.3077216148376465,1751153683.8216188,264468.1964969635,True,True,False,False,consumer_pod0_proc0_20250628_233434_684503.csv
1965271,synthetic_1,90,1750889215.6273706,1751153674.678502,264459.0511314869,1751153676.9862132,2.307711124420166,1751153683.8216188,264468.19424819946,True,False,False,False,consumer_pod0_proc0_20250628_233434_684503.csv
1914751,synthetic_1,84,1750889215.6252952,1751153674.6785116,264459.05321645737,1751153676.9862132,2.307701587677002,1751153683.8216188,264468.1963236332,True,True,False,False,consumer_pod0_proc0_20250628_233434_684503.csv
1914761,synthetic_1,96,1750889215.625451,1751153674.6785188,264459.05306744576,1751153676.9862132,2.307694435119629,1751153683.8216188,264468.19616770744,True,False,False,False,consumer_pod0_proc0_20250628_233434_684503.csv
1914771,synthetic_1,91,1750889215.6256056,1751153674.678527,264459.0529215336,1751153676.9862132,2.3076860904693604,1751153683.8216188,264468.1960132122,True,False,False,False,consumer_pod0_proc0_20250628_233434_684503.csv
1914781,synthetic_1,89,1750889215.6257796,1751153674.6785345,264459.052754879,1751153676.9862132,2.307678699493408,1751153683.8216188,264468.19583916664,True,False,False,False,consumer_pod0_proc0_20250628_233434_684503.csv
1914791,synthetic_1,82,1750889215.625927,1751153674.678542,264459.0526151657,1751153676.9862132,2.307671308517456,1751153683.8216188,264468.19569182396,True,False,False,False,consumer_pod0_proc0_20250628_233434_684503.csv
1914801,synthetic_1,104,1750889215.6260805,1751153674.6785493,264459.0524687767,1751153676.9862132,2.307663917541504,1751153683.8216188,264468.1955382824,True,False,False,False,consumer_pod0_proc0_20250628_233434_684503.csv
1965281,synthetic_1,84,1750889215.627535,1751153674.6785572,264459.05102181435,1751153676.9862132,2.3076560497283936,1751153683.8216188,264468.19408369064,True,False,False,False,consumer_pod0_proc0_20250628_233434_684503.csv
1965291,synthetic_1,84,1750889215.6276867,1751153674.6785643,264459.0508778095,1751153676.9862132,2.3076488971710205,1751153683.8216188,264468.1939320564,True,False,False,False,consumer_pod0_proc0_20250628_233434_684503.csv
1914811,synthetic_1,90,1750889215.6262295,1751153674.678573,264459.0523431301,1751153676.9862132,2.307640314102173,1751153683.8216188,264468.1953892708,True,True,False,False,consumer_pod0_proc0_20250628_233434_684503.csv
1965301,synthetic_1,101,1750889215.62784,1751153674.6785803,264459.050740242,1751153676.9862132,2.3076329231262207,1751153683.8216188,264468.1937787533,True,False,False,False,consumer_pod0_proc0_20250628_233434_684503.csv
1914821,synthetic_1,82,1750889215.626373,1751153674.6785882,264459.05221509933,1751153676.9862132,2.3076250553131104,1751153683.8216188,264468.1952457428,True,True,False,False,consumer_pod0_proc0_20250628_233434_684503.csv
1965311,synthetic_1,102,1750889215.6279936,1751153674.678595,264459.0506014824,1751153676.9862132,2.3076181411743164,1751153683.8216188,264468.1936252117,True,False,False,False,consumer_pod0_proc0_20250628_233434_684503.csv
1965321,synthetic_1,98,1750889215.6281407,1751153674.678603,264459.05046224594,1751153676.9862132,2.307610273361206,1751153683.8216188,264468.19347810745,True,False,False,False,consumer_pod0_proc0_20250628_233434_684503.csv
1965331,synthetic_1,84,1750889215.6282904,1751153674.6786115,264459.05032110214,1751153676.9862132,2.3076016902923584,1751153683.8216188,264468.1933283806,True,False,False,False,consumer_pod0_proc0_20250628_233434_684503.csv
1914831,synthetic_1,91,1750889215.6265223,1751153674.6786208,264459.05209827423,1751153676.9862132,2.307592391967773,1751153683.8216188,264468.19509649277,True,True,False,False,consumer_pod0_proc0_20250628_233434_684503.csv
1965341,synthetic_1,91,1750889215.6284418,1751153674.67863,264459.0501880646,1751153676.9862132,2.3075830936431885,1751153683.8216188,264468.1931769848,True,False,False,False,consumer_pod0_proc0_20250628_233434_684503.csv
1914841,synthetic_1,84,1750889215.6266603,1751153674.67864,264459.0519797802,1751153676.9862132,2.3075733184814453,1751153683.8216188,264468.1949584484,True,True,False,False,consumer_pod0_proc0_20250628_233434_684503.csv
1914851,synthetic_1,95,1750889215.6268048,1751153674.6786492,264459.05184435844,1751153676.9862132,2.3075640201568604,1751153683.8216188,264468.19481396675,True,False,False,False,consumer_pod0_proc0_20250628_233434_684503.csv
1965351,synthetic_1,96,1750889215.718491,1751153674.678659,264458.9601678848,1751153676.9862132,2.307554244995117,1751153683.8216188,264468.103127718,True,False,False,False,consumer_pod0_proc0_20250628_233434_684503.csv
1914861,synthetic_1,90,1750889215.626963,1751153674.678669,264459.0517063141,1751153676.9862132,2.307544231414795,1751153683.8216188,264468.19465589523,True,True,False,False,consumer_pod0_proc0_20250628_233434_684503.csv
1914871,synthetic_1,98,1750889215.6271107,1751153674.6786785,264459.0515675545,1751153676.9862132,2.307534694671631,1751153683.8216188,264468.1945080757,True,False,False,False,consumer_pod0_proc0_20250628_233434_684503.csv
1914881,synthetic_1,83,1750889215.6272688,1751153674.678688,264459.0514192581,1751153676.9862132,2.307525157928467,1751153683.8216188,264468.1943500042,True,False,False,False,consumer_pod0_proc0_20250628_233434_684503.csv
1914891,synthetic_1,96,1750889215.627423,1751153674.678697,264459.0512740612,1751153676.9862132,2.307516098022461,1751153683.8216188,264468.1941957474,True,False,False,False,consumer_pod0_proc0_20250628_233434_684503.csv
1914901,synthetic_1,91,1750889215.6275668,1751153674.6787064,264459.0511395931,1751153676.9862132,2.307506799697876,1751153683.8216188,264468.194051981,True,False,False,False,consumer_pod0_proc0_20250628_233434_684503.csv
1965361,synthetic_1,91,1750889215.7187588,1751153674.678717,264458.9599580765,1751153676.9862132,2.3074963092803955,1751153683.8216188,264468.1028599739,True,False,False,False,consumer_pod0_proc0_20250628_233434_684503.csv
1914911,synthetic_1,88,1750889215.627711,1751153674.678726,264459.0510149002,1751153676.9862132,2.3074872493743896,1751153683.8216188,264468.19390773773,True,True,False,False,consumer_pod0_proc0_20250628_233434_684503.csv
1914921,synthetic_1,91,1750889215.6278555,1751153674.6787353,264459.0508797169,1751153676.9862132,2.3074779510498047,1751153683.8216188,264468.1937632561,True,False,False,False,consumer_pod0_proc0_20250628_233434_684503.csv
1914931,synthetic_1,82,1750889215.6280007,1751153674.6787448,264459.0507440567,1751153676.9862132,2.3074684143066406,1751153683.8216188,264468.19361805916,True,False,False,False,consumer_pod0_proc0_20250628_233434_684503.csv
1965371,synthetic_1,84,1750889215.7190146,1751153674.678754,264458.95973944664,1751153676.9862132,2.307459115982056,1751153683.8216188,264468.1026041508,True,False,False,False,consumer_pod0_proc0_20250628_233434_684503.csv
1914941,synthetic_1,97,1750889215.6281435,1751153674.678763,264459.0506193638,1751153676.9862132,2.307450294494629,1751153683.8216188,264468.19347524643,True,True,False,False,consumer_pod0_proc0_20250628_233434_684503.csv
1914951,synthetic_1,97,1750889215.6282885,1751153674.6787727,264459.05048418045,1751153676.9862132,2.3074405193328857,1751153683.8216188,264468.19333028793,True,False,False,False,consumer_pod0_proc0_20250628_233434_684503.csv
1965381,synthetic_1,90,1750889215.7195776,1751153674.6787827,264458.9592051506,1751153676.9862132,2.3074305057525635,1751153683.8216188,264468.1020412445,True,False,False,False,consumer_pod0_proc0_20250628_233434_684503.csv
1914961,synthetic_1,96,1750889215.6284373,1751153674.678792,264459.0503547192,1751153676.9862132,2.3074212074279785,1751153683.8216188,264468.19318151474,True,True,False,False,consumer_pod0_proc0_20250628_233434_684503.csv
1965391,synthetic_1,91,1750889215.7199051,1751153674.6788008,264458.9588956833,1751153676.9862132,2.307412385940552,1751153683.8216188,264468.1017136574,True,False,False,False,consumer_pod0_proc0_20250628_233434_684503.csv
1914971,synthetic_1,90,1750889215.7187169,1751153674.6788104,264458.96009349823,1751153676.9862132,2.307402849197388,1751153683.8216188,264468.1029019356,True,True,False,False,consumer_pod0_proc0_20250628_233434_684503.csv
1965401,synthetic_1,89,1750889215.720228,1751153674.6788194,264458.9585914612,1751153676.9862132,2.307393789291382,1751153683.8216188,264468.1013908386,True,False,False,False,consumer_pod0_proc0_20250628_233434_684503.csv
1914981,synthetic_1,86,1750889215.7190332,1751153674.67883,264458.9597966671,1751153676.9862132,2.3073832988739014,1751153683.8216188,264468.1025855541,True,True,False,False,consumer_pod0_proc0_20250628_233434_684503.csv
1965411,synthetic_1,97,1750889215.7206736,1751153674.6788394,264458.958165884,1751153676.9862132,2.3073737621307373,1751153683.8216188,264468.1009452343,True,False,False,False,consumer_pod0_proc0_20250628_233434_684503.csv
1914991,synthetic_1,91,1750889215.7195914,1751153674.678849,264458.9592576027,1751153676.9862132,2.307364225387573,1751153683.8216188,264468.10202741623,True,True,False,False,consumer_pod0_proc0_20250628_233434_684503.csv
1915001,synthetic_1,104,1750889215.7199948,1751153674.6788585,264458.9588634968,1751153676.9862132,2.307354688644409,1751153683.8216188,264468.101624012,True,False,False,False,consumer_pod0_proc0_20250628_233434_684503.csv
1965421,synthetic_1,84,1750889215.7209165,1751153674.678868,264458.95795178413,1751153676.9862132,2.307345151901245,1751153683.8216188,264468.10070228577,True,False,False,False,consumer_pod0_proc0_20250628_233434_684503.csv
1965431,synthetic_1,90,1750889215.721147,1751153674.678877,264458.95773005486,1751153676.9862132,2.3073360919952397,1751153683.8216188,264468.100471735,True,False,False,False,consumer_pod0_proc0_20250628_233434_684503.csv
1915011,synthetic_1,103,1750889215.7205555,1751153674.678887,264458.9583311081,1751153676.9862132,2.307326316833496,1751153683.8216188,264468.1010632515,True,True,False,False,consumer_pod0_proc0_20250628_233434_684503.csv
1965441,synthetic_1,83,1750889215.721516,1751153674.6788964,264458.9573802948,1751153676.9862132,2.307316780090332,1751153683.8216188,264468.10010290146,True,False,False,False,consumer_pod0_proc0_20250628_233434_684503.csv
1915021,synthetic_1,82,1750889215.72106,1751153674.6789055,264458.95784544945,1751153676.9862132,2.307307720184326,1751153683.8216188,264468.1005587578,True,True,False,False,consumer_pod0_proc0_20250628_233434_684503.csv
1915031,synthetic_1,89,1750889215.7215493,1751153674.6789138,264458.9573645592,1751153676.9862132,2.3072993755340576,1751153683.8216188,264468.10006952286,True,False,False,False,consumer_pod0_proc0_20250628_233434_684503.csv
1915041,synthetic_1,97,1750889215.7219546,1751153674.6789224,264458.95696783066,1751153676.9862132,2.30729079246521,1751153683.8216188,264468.0996642113,True,False,False,False,consumer_pod0_proc0_20250628_233434_684503.csv
1965451,synthetic_1,84,1750889215.7217317,1751153674.6789322,264458.9572005272,1751153676.9862132,2.307281017303467,1751153683.8216188,264468.09988713264,True,False,False,False,consumer_pod0_proc0_20250628_233434_684503.csv
1965461,synthetic_1,84,1750889215.7219489,1751153674.6789415,264458.9569926262,1751153676.9862132,2.307271718978882,1751153683.8216188,264468.0996699333,True,False,False,False,consumer_pod0_proc0_20250628_233434_684503.csv
1965471,synthetic_1,95,1750889215.722194,1751153674.6789503,264458.9567563534,1751153676.9862132,2.307262897491455,1751153683.8216188,264468.099424839,True,False,False,False,consumer_pod0_proc0_20250628_233434_684503.csv
1965481,synthetic_1,90,1750889215.7224417,1751153674.6789598,264458.9565181732,1751153676.9862132,2.307253360748291,1751153683.8216188,264468.0991771221,True,False,False,False,consumer_pod0_proc0_20250628_233434_684503.csv
1965491,synthetic_1,91,1750889215.722689,1751153674.6789691,264458.9562804699,1751153676.9862132,2.307244062423706,1751153683.8216188,264468.09892988205,True,False,False,False,consumer_pod0_proc0_20250628_233434_684503.csv
1965501,synthetic_1,105,1750889215.7229152,1751153674.6789775,264458.9560625553,1751153676.9862132,2.307235717773437,1751153683.8216188,264468.0987036228,True,False,False,False,consumer_pod0_proc0_20250628_233434_684503.csv
1915051,synthetic_1,90,1750889215.7223449,1751153674.6789875,264458.9566426277,1751153676.9862132,2.3072257041931152,1751153683.8216188,264468.09927392006,True,True,False,False,consumer_pod0_proc0_20250628_233434_684503.csv
1915061,synthetic_1,90,1750889215.7227426,1751153674.6789966,264458.95625400543,1751153676.9862132,2.3072166442871094,1751153683.8216188,264468.09887623787,True,False,False,False,consumer_pod0_proc0_20250628_233434_684503.csv
1915071,synthetic_1,91,1750889215.7231417,1751153674.6790056,264458.95586395264,1751153676.9862132,2.3072075843811035,1751153683.8216188,264468.09847712517,True,False,False,False,consumer_pod0_proc0_20250628_233434_684503.csv
1915081,synthetic_1,104,1750889215.7234485,1751153674.679015,264458.95556664467,1751153676.9862132,2.3071982860565186,1751153683.8216188,264468.09817028046,True,False,False,False,consumer_pod0_proc0_20250628_233434_684503.csv
1965511,synthetic_1,90,1750889215.7231505,1751153674.6790242,264458.9558737278,1751153676.9862132,2.3071889877319336,1751153683.8216188,264468.0984683037,True,False,False,False,consumer_pod0_proc0_20250628_233434_684503.csv
1965521,synthetic_1,96,1750889215.7234445,1751153674.679033,264458.9555885792,1751153676.9862132,2.307180166244507,1751153683.8216188,264468.0981743336,True,False,False,False,consumer_pod0_proc0_20250628_233434_684503.csv
1965531,synthetic_1,83,1750889215.7237468,1751153674.6790426,264458.9552958012,1751153676.9862132,2.3071706295013428,1751153683.8216188,264468.0978720188,True,False,False,False,consumer_pod0_proc0_20250628_233434_684503.csv
1965541,synthetic_1,86,1750889215.723966,1751153674.6790528,264458.9550869465,1751153676.9862132,2.3071603775024414,1751153683.8216188,264468.09765291214,True,False,False,False,consumer_pod0_proc0_20250628_233434_684503.csv
1965551,synthetic_1,96,1750889215.7241998,1751153674.6790617,264458.95486187935,1751153676.9862132,2.307151556015014,1751153683.8216188,264468.0974190235,True,False,False,False,consumer_pod0_proc0_20250628_233434_684503.csv
1965561,synthetic_1,89,1750889215.724437,1751153674.6790726,264458.9546356201,1751153676.9862132,2.307140588760376,1751153683.8216188,264468.097181797,True,False,False,False,consumer_pod0_proc0_20250628_233434_684503.csv
1965571,synthetic_1,90,1750889215.8187304,1751153674.6790817,264458.8603513241,1751153676.9862132,2.30713152885437,1751153683.8216188,264468.0028884411,True,False,False,False,consumer_pod0_proc0_20250628_233434_684503.csv
1965581,synthetic_1,98,1750889215.81893,1751153674.6790905,264458.8601601124,1751153676.9862132,2.307122707366944,1751153683.8216188,264468.00268888474,True,False,False,False,consumer_pod0_proc0_20250628_233434_684503.csv
1965591,synthetic_1,90,1750889215.8193083,1751153674.679099,264458.859790802,1751153676.9862132,2.307114124298096,1751153683.8216188,264468.00231051445,True,False,False,False,consumer_pod0_proc0_20250628_233434_684503.csv
1965601,synthetic_1,82,1750889215.8195384,1751153674.679108,264458.859569788,1751153676.9862132,2.307105302810669,1751153683.8216188,264468.0020804405,True,False,False,False,consumer_pod0_proc0_20250628_233434_684503.csv
1965611,synthetic_1,82,1750889215.819747,1751153674.6791165,264458.8593695164,1751153676.9862132,2.3070967197418213,1751153683.8216188,264468.00187182426,True,False,False,False,consumer_pod0_proc0_20250628_233434_684503.csv
1965621,synthetic_1,103,1750889215.819975,1751153674.679125,264458.8591504097,1751153676.9862132,2.3070881366729736,1751153683.8216188,264468.0016438961,True,False,False,False,consumer_pod0_proc0_20250628_233434_684503.csv
1915091,synthetic_1,98,1750889215.7236314,1751153674.6791337,264458.95550227165,1751153676.9862132,2.307079553604126,1751153683.8216188,264468.0979874134,True,True,False,False,consumer_pod0_proc0_20250628_233434_684503.csv
1965631,synthetic_1,103,1750889215.8201928,1751153674.679143,264458.8589501381,1751153676.9862132,2.307070255279541,1751153683.8216188,264468.0014259815,True,False,False,False,consumer_pod0_proc0_20250628_233434_684503.csv
1965641,synthetic_1,90,1750889215.820399,1751153674.6791513,264458.8587522507,1751153676.9862132,2.3070619106292725,1751153683.8216188,264468.00121974945,True,False,False,False,consumer_pod0_proc0_20250628_233434_684503.csv
1916391,synthetic_1,90,1750889216.2194717,1751153674.6791596,264458.4596879482,1751153676.9862132,2.307053565979004,1751153683.8216188,264467.60214710236,True,True,False,False,consumer_pod0_proc0_20250628_233434_684503.csv
1916401,synthetic_1,83,1750889216.219674,1751153674.679168,264458.4594938755,1751153676.9862132,2.307045221328736,1751153683.8216188,264467.601944685,True,False,False,False,consumer_pod0_proc0_20250628_233434_684503.csv
1916411,synthetic_1,96,1750889216.2200818,1751153674.6791768,264458.4590950012,1751153676.9862132,2.3070363998413086,1751153683.8216188,264467.6015369892,True,False,False,False,consumer_pod0_proc0_20250628_233434_684503.csv
1916421,synthetic_1,86,1750889216.220378,1751153674.6791856,264458.45880770683,1751153676.9862132,2.307027578353882,1751153683.8216188,264467.60124087334,True,False,False,False,consumer_pod0_proc0_20250628_233434_684503.csv
1916431,synthetic_1,89,1750889216.220598,1751153674.679195,264458.4585969448,1751153676.9862132,2.307018280029297,1751153683.8216188,264467.601020813,True,False,False,False,consumer_pod0_proc0_20250628_233434_684503.csv
1916441,synthetic_1,91,1750889216.2207782,1751153674.6792035,264458.45842528343,1751153676.9862132,2.307009696960449,1751153683.8216188,264467.60084056854,True,False,False,False,consumer_pod0_proc0_20250628_233434_684503.csv
1916451,synthetic_1,104,1750889216.2209425,1751153674.6792126,264458.45827031136,1751153676.9862132,2.307000637054444,1751153683.8216188,264467.60067629814,True,False,False,False,consumer_pod0_proc0_20250628_233434_684503.csv
1916461,synthetic_1,83,1750889216.2211146,1751153674.679222,264458.45810723305,1751153676.9862132,2.3069911003112797,1751153683.8216188,264467.6005041599,True,False,False,False,consumer_pod0_proc0_20250628_233434_684503.csv
1916471,synthetic_1,103,1750889216.2213018,1751153674.67923,264458.4579281807,1751153676.9862132,2.306983232498169,1751153683.8216188,264467.60031700134,True,False,False,False,consumer_pod0_proc0_20250628_233434_684503.csv
1916481,synthetic_1,90,1750889216.221504,1751153674.6792393,264458.45773530006,1751153676.9862132,2.306973934173584,1751153683.8216188,264467.6001148224,True,False,False,False,consumer_pod0_proc0_20250628_233434_684503.csv
1916491,synthetic_1,103,1750889216.2216876,1751153674.679248,264458.4575603008,1751153676.9862132,2.306965112686157,1751153683.8216188,264467.5999312401,True,False,False,False,consumer_pod0_proc0_20250628_233434_684503.csv
1916501,synthetic_1,90,1750889216.2218783,1751153674.679257,264458.45737838745,1751153676.9862132,2.3069562911987305,1751153683.8216188,264467.5997405052,True,False,False,False,consumer_pod0_proc0_20250628_233434_684503.csv
1916511,synthetic_1,83,1750889216.2220652,1751153674.6792653,264458.45720005035,1751153676.9862132,2.306947946548462,1751153683.8216188,264467.59955358505,True,False,False,False,consumer_pod0_proc0_20250628_233434_684503.csv
1916521,synthetic_1,97,1750889216.222255,1751153674.6792738,264458.45701885223,1751153676.9862132,2.3069393634796143,1751153683.8216188,264467.59936380386,True,False,False,False,consumer_pod0_proc0_20250628_233434_684503.csv
1916531,synthetic_1,82,1750889216.222449,1751153674.6792822,264458.45683312416,1751153676.9862132,2.3069310188293457,1751153683.8216188,264467.59916973114,True,False,False,False,consumer_pod0_proc0_20250628_233434_684503.csv
1916541,synthetic_1,104,1750889216.2228203,1751153674.6792903,264458.45647001266,1751153676.9862132,2.306922912597656,1751153683.8216188,264467.5987985134,True,False,False,False,consumer_pod0_proc0_20250628_233434_684503.csv
1916551,synthetic_1,101,1750889216.2230165,1751153674.6792994,264458.4562830925,1751153676.9862132,2.3069138526916504,1751153683.8216188,264467.5986022949,True,False,False,False,consumer_pod0_proc0_20250628_233434_684503.csv
1916561,synthetic_1,89,1750889216.223218,1751153674.679308,264458.45608997345,1751153676.9862132,2.3069052696228027,1751153683.8216188,264467.5984008312,True,False,False,False,consumer_pod0_proc0_20250628_233434_684503.csv
1916571,synthetic_1,89,1750889216.223482,1751153674.6793163,264458.45583438873,1751153676.9862132,2.306896924972534,1751153683.8216188,264467.59813690186,True,False,False,False,consumer_pod0_proc0_20250628_233434_684503.csv
1916581,synthetic_1,91,1750889216.2237008,1751153674.679325,264458.455624342,1751153676.9862132,2.3068881034851074,1751153683.8216188,264467.5979180336,True,False,False,False,consumer_pod0_proc0_20250628_233434_684503.csv
1916591,synthetic_1,104,1750889216.2239006,1751153674.6793342,264458.4554336071,1751153676.9862132,2.3068790435791016,1751153683.8216188,264467.59771823883,True,False,False,False,consumer_pod0_proc0_20250628_233434_684503.csv
1916601,synthetic_1,90,1750889216.2240844,1751153674.679343,264458.45525860786,1751153676.9862132,2.306870222091675,1751153683.8216188,264467.5975344181,True,False,False,False,consumer_pod0_proc0_20250628_233434_684503.csv
1916611,synthetic_1,104,1750889216.2242694,1751153674.6793516,264458.4550821781,1751153676.9862132,2.306861639022827,1751153683.8216188,264467.5973494053,True,False,False,False,consumer_pod0_proc0_20250628_233434_684503.csv
1916621,synthetic_1,97,1750889216.322309,1751153674.6793602,264458.3570511341,1751153676.9862132,2.3068530559539795,1751153683.8216188,264467.4993097782,True,False,False,False,consumer_pod0_proc0_20250628_233434_684503.csv
1916631,synthetic_1,89,1750889216.3230257,1751153674.679369,264458.35634350777,1751153676.9862132,2.3068442344665527,1751153683.8216188,264467.49859309196,True,False,False,False,consumer_pod0_proc0_20250628_233434_684503.csv
1916641,synthetic_1,91,1750889216.3233416,1751153674.6793776,264458.3560359478,1751153676.9862132,2.306835651397705,1751153683.8216188,264467.49827718735,True,False,False,False,consumer_pod0_proc0_20250628_233434_684503.csv
1916651,synthetic_1,84,1750889216.3235836,1751153674.6793864,264458.35580277443,1751153676.9862132,2.3068268299102783,1751153683.8216188,264467.4980351925,True,False,False,False,consumer_pod0_proc0_20250628_233434_684503.csv
1916661,synthetic_1,83,1750889216.3238025,1751153674.679395,264458.35559248924,1751153676.9862132,2.3068182468414307,1751153683.8216188,264467.49781632423,True,False,False,False,consumer_pod0_proc0_20250628_233434_684503.csv
1916671,synthetic_1,83,1750889216.3240144,1751153674.6794052,264458.3553907871,1751153676.9862132,2.3068079948425293,1751153683.8216188,264467.4976043701,True,False,False,False,consumer_pod0_proc0_20250628_233434_684503.csv
1916681,synthetic_1,96,1750889216.32424,1751153674.6794147,264458.3551747799,1751153676.9862132,2.306798458099365,1751153683.8216188,264467.49737882614,True,False,False,False,consumer_pod0_proc0_20250628_233434_684503.csv
1916691,synthetic_1,84,1750889216.3244324,1751153674.6794257,264458.35499310493,1751153676.9862132,2.3067874908447266,1751153683.8216188,264467.49718642235,True,False,False,False,consumer_pod0_proc0_20250628_233434_684503.csv
1916701,synthetic_1,96,1750889216.3246796,1751153674.679435,264458.3547554016,1751153676.9862132,2.3067781925201416,1751153683.8216188,264467.4969391823,True,False,False,False,consumer_pod0_proc0_20250628_233434_684503.csv
1916711,synthetic_1,104,1750889216.3248742,1751153674.6794443,264458.3545701504,1751153676.9862132,2.3067688941955566,1751153683.8216188,264467.4967446327,True,False,False,False,consumer_pod0_proc0_20250628_233434_684503.csv
1916721,synthetic_1,96,1750889216.3250575,1751153674.6794534,264458.3543958664,1751153676.9862132,2.306759834289551,1751153683.8216188,264467.49656128883,True,False,False,False,consumer_pod0_proc0_20250628_233434_684503.csv
1916731,synthetic_1,105,1750889216.3252342,1751153674.6794624,264458.35422825813,1751153676.9862132,2.306750774383545,1751153683.8216188,264467.49638462067,True,False,False,False,consumer_pod0_proc0_20250628_233434_684503.csv
1916741,synthetic_1,105,1750889216.3253813,1751153674.679471,264458.35408973694,1751153676.9862132,2.3067421913146973,1751153683.8216188,264467.4962375164,True,False,False,False,consumer_pod0_proc0_20250628_233434_684503.csv
1916751,synthetic_1,89,1750889216.3255389,1751153674.67948,264458.35394120216,1751153676.9862132,2.3067331314086914,1751153683.8216188,264467.4960799217,True,False,False,False,consumer_pod0_proc0_20250628_233434_684503.csv
1916761,synthetic_1,83,1750889216.3256874,1751153674.6794865,264458.3537991047,1751153676.9862132,2.306726694107056,1751153683.8216188,264467.49593138695,True,False,False,False,consumer_pod0_proc0_20250628_233434_684503.csv
1916771,synthetic_1,91,1750889216.3258417,1751153674.679493,264458.3536512852,1751153676.9862132,2.30672025680542,1751153683.8216188,264467.4957771301,True,False,False,False,consumer_pod0_proc0_20250628_233434_684503.csv
1916781,synthetic_1,95,1750889216.325992,1751153674.6795,264458.3535077572,1751153676.9862132,2.306713104248047,1751153683.8216188,264467.495626688,True,False,False,False,consumer_pod0_proc0_20250628_233434_684503.csv
1916791,synthetic_1,97,1750889216.3261416,1751153674.67951,264458.3533682823,1751153676.9862132,2.3067030906677246,1751153683.8216188,264467.49547719955,True,False,False,False,consumer_pod0_proc0_20250628_233434_684503.csv
1916801,synthetic_1,89,1750889216.3262942,1751153674.6795192,264458.35322499275,1751153676.9862132,2.3066940307617188,1751153683.8216188,264467.49532461166,True,False,False,False,consumer_pod0_proc0_20250628_233434_684503.csv
1916811,synthetic_1,84,1750889216.3264396,1751153674.6795278,264458.3530881405,1751153676.9862132,2.306685447692871,1751153683.8216188,264467.49517917633,True,False,False,False,consumer_pod0_proc0_20250628_233434_684503.csv
1916821,synthetic_1,101,1750889216.3265922,1751153674.679536,264458.35294389725,1751153676.9862132,2.3066771030426025,1751153683.8216188,264467.49502658844,True,False,False,False,consumer_pod0_proc0_20250628_233434_684503.csv
1916831,synthetic_1,98,1750889216.3267386,1751153674.6795454,264458.35280680656,1751153676.9862132,2.3066678047180176,1751153683.8216188,264467.49488019943,True,False,False,False,consumer_pod0_proc0_20250628_233434_684503.csv
1916841,synthetic_1,103,1750889216.326891,1751153674.6795535,264458.35266280174,1751153676.9862132,2.306659698486328,1751153683.8216188,264467.49472784996,True,False,False,False,consumer_pod0_proc0_20250628_233434_684503.csv
1916851,synthetic_1,96,1750889216.327042,1751153674.679563,264458.3525209427,1751153676.9862132,2.306650161743164,1751153683.8216188,264467.4945766926,True,False,False,False,consumer_pod0_proc0_20250628_233434_684503.csv
1916861,synthetic_1,97,1750889216.3272188,1751153674.6795716,264458.3523528576,1751153676.9862132,2.3066415786743164,1751153683.8216188,264467.4944000244,True,False,False,False,consumer_pod0_proc0_20250628_233434_684503.csv
1916871,synthetic_1,105,1750889216.3273857,1751153674.6795807,264458.3521950245,1751153676.9862132,2.3066325187683105,1751153683.8216188,264467.4942331314,True,False,False,False,consumer_pod0_proc0_20250628_233434_684503.csv
1916881,synthetic_1,96,1750889216.3275397,1751153674.6795895,264458.352050066,1751153676.9862132,2.306623697280884,1751153683.8216188,264467.494079113,True,False,False,False,consumer_pod0_proc0_20250628_233434_684503.csv
1916891,synthetic_1,83,1750889216.327696,1751153674.6795983,264458.3519022465,1751153676.9862132,2.306614875793457,1751153683.8216188,264467.4939227104,True,False,False,False,consumer_pod0_proc0_20250628_233434_684503.csv
1916901,synthetic_1,91,1750889216.3278522,1751153674.6796064,264458.35175418854,1751153676.9862132,2.306606769561768,1751153683.8216188,264467.49376654625,True,False,False,False,consumer_pod0_proc0_20250628_233434_684503.csv
1916911,synthetic_1,84,1750889216.3280036,1751153674.6796155,264458.35161185265,1751153676.9862132,2.3065977096557617,1751153683.8216188,264467.49361515045,True,False,False,False,consumer_pod0_proc0_20250628_233434_684503.csv
1916921,synthetic_1,83,1750889216.328158,1751153674.6796236,264458.35146546364,1751153676.9862132,2.3065896034240723,1751153683.8216188,264467.49346089363,True,False,False,False,consumer_pod0_proc0_20250628_233434_684503.csv
1916931,synthetic_1,84,1750889216.3283114,1751153674.6796322,264458.3513207436,1751153676.9862132,2.3065810203552246,1751153683.8216188,264467.49330735207,True,False,False,False,consumer_pod0_proc0_20250628_233434_684503.csv
1916941,synthetic_1,96,1750889216.3284583,1751153674.6796403,264458.35118198395,1751153676.9862132,2.306572914123535,1751153683.8216188,264467.4931604862,True,False,False,False,consumer_pod0_proc0_20250628_233434_684503.csv
1916951,synthetic_1,83,1750889216.4197855,1751153674.6796496,264458.2598640919,1751153676.9862132,2.30656361579895,1751153683.8216188,264467.4018332958,True,False,False,False,consumer_pod0_proc0_20250628_233434_684503.csv
1916961,synthetic_1,105,1750889216.4200594,1751153674.6796577,264458.2595982552,1751153676.9862132,2.3065555095672607,1751153683.8216188,264467.4015593529,True,False,False,False,consumer_pod0_proc0_20250628_233434_684503.csv
1916971,synthetic_1,104,1750889216.4203455,1751153674.6796668,264458.2593212128,1751153676.9862132,2.306546449661255,1751153683.8216188,264467.4012732506,True,False,False,False,consumer_pod0_proc0_20250628_233434_684503.csv
1967761,synthetic_1,102,1750889216.4233236,1751153674.679675,264458.25635170937,1751153676.9862132,2.3065381050109863,1751153683.8216188,264467.3982951641,True,False,False,False,consumer_pod0_proc0_20250628_233434_684503.csv
1916981,synthetic_1,89,1750889216.420754,1751153674.6796849,264458.25893092155,1751153676.9862132,2.306528329849243,1751153683.8216188,264467.40086483955,True,True,False,False,consumer_pod0_proc0_20250628_233434_684503.csv
1916991,synthetic_1,97,1750889216.421015,1751153674.679694,264458.2586789131,1751153676.9862132,2.3065192699432373,1751153683.8216188,264467.4006037712,True,False,False,False,consumer_pod0_proc0_20250628_233434_684503.csv
1917001,synthetic_1,103,1750889216.421436,1751153674.679703,264458.2582669258,1751153676.9862132,2.3065102100372314,1751153683.8216188,264467.400182724,True,False,False,False,consumer_pod0_proc0_20250628_233434_684503.csv
1917011,synthetic_1,103,1750889216.4220276,1751153674.6797118,264458.2576842308,1751153676.9862132,2.3065013885498047,1751153683.8216188,264467.3995912075,True,False,False,False,consumer_pod0_proc0_20250628_233434_684503.csv
1917021,synthetic_1,91,1750889216.4223263,1751153674.6797206,264458.2573943138,1751153676.9862132,2.306492567062378,1751153683.8216188,264467.399292469,True,False,False,False,consumer_pod0_proc0_20250628_233434_684503.csv
1917031,synthetic_1,83,1750889216.4225714,1751153674.6797297,264458.257158041,1751153676.9862132,2.306483507156372,1751153683.8216188,264467.3990473747,True,False,False,False,consumer_pod0_proc0_20250628_233434_684503.csv
1917041,synthetic_1,96,1750889216.422855,1751153674.6797378,264458.2568831444,1751153676.9862132,2.3064754009246826,1751153683.8216188,264467.39876389503,True,False,False,False,consumer_pod0_proc0_20250628_233434_684503.csv
1917051,synthetic_1,98,1750889216.4231372,1751153674.6797466,264458.25660943985,1751153676.9862132,2.306466579437256,1751153683.8216188,264467.39848160744,True,False,False,False,consumer_pod0_proc0_20250628_233434_684503.csv
1917061,synthetic_1,103,1750889216.423384,1751153674.679755,264458.25637102127,1751153676.9862132,2.3064582347869877,1751153683.8216188,264467.3982348442,True,False,False,False,consumer_pod0_proc0_20250628_233434_684503.csv
1967771,synthetic_1,98,1750889216.4236455,1751153674.6797633,264458.25611782074,1751153676.9862132,2.3064498901367188,1751153683.8216188,264467.397973299,True,False,False,False,consumer_pod0_proc0_20250628_233434_684503.csv
1917071,synthetic_1,96,1750889216.423613,1751153674.679772,264458.25615906715,1751153676.9862132,2.306441307067871,1751153683.8216188,264467.39800572395,True,True,False,False,consumer_pod0_proc0_20250628_233434_684503.csv
1967781,synthetic_1,105,1750889216.4238858,1751153674.679781,264458.2558951378,1751153676.9862132,2.306432247161865,1751153683.8216188,264467.3977329731,True,False,False,False,consumer_pod0_proc0_20250628_233434_684503.csv
1917081,synthetic_1,98,1750889216.4240117,1751153674.67979,264458.2557783127,1751153676.9862132,2.30642318725586,1751153683.8216188,264467.3976070881,True,True,False,False,consumer_pod0_proc0_20250628_233434_684503.csv
1917091,synthetic_1,97,1750889216.4242933,1751153674.6797988,264458.2555055618,1751153676.9862132,2.3064143657684326,1751153683.8216188,264467.39732551575,True,False,False,False,consumer_pod0_proc0_20250628_233434_684503.csv
1967791,synthetic_1,90,1750889216.4241056,1751153674.679808,264458.2557022572,1751153676.9862132,2.3064053058624268,1751153683.8216188,264467.39751315117,True,False,False,False,consumer_pod0_proc0_20250628_233434_684503.csv
1917101,synthetic_1,90,1750889216.424656,1751153674.6798167,264458.25516080856,1751153676.9862132,2.306396484375,1751153683.8216188,264467.3969628811,True,True,False,False,consumer_pod0_proc0_20250628_233434_684503.csv
1967801,synthetic_1,91,1750889216.4243264,1751153674.679826,264458.25549960136,1751153676.9862132,2.306387186050415,1751153683.8216188,264467.39729237556,True,False,False,False,consumer_pod0_proc0_20250628_233434_684503.csv
1917111,synthetic_1,97,1750889216.4248655,1751153674.6798348,264458.25496912,1751153676.9862132,2.3063783645629883,1751153683.8216188,264467.39675331116,True,True,False,False,consumer_pod0_proc0_20250628_233434_684503.csv
1917121,synthetic_1,82,1750889216.425049,1751153674.6798449,264458.2547957897,1751153676.9862132,2.306368350982666,1751153683.8216188,264467.39656972885,True,False,False,False,consumer_pod0_proc0_20250628_233434_684503.csv
1917131,synthetic_1,82,1750889216.425212,1751153674.6798532,264458.2546412945,1751153676.9862132,2.306360006332397,1751153683.8216188,264467.39640688896,True,False,False,False,consumer_pod0_proc0_20250628_233434_684503.csv
1917141,synthetic_1,103,1750889216.4253674,1751153674.6798625,264458.2544949055,1751153676.9862132,2.3063507080078125,1751153683.8216188,264467.39625144005,True,False,False,False,consumer_pod0_proc0_20250628_233434_684503.csv
1917151,synthetic_1,88,1750889216.4255283,1751153674.679872,264458.2543435097,1751153676.9862132,2.3063411712646484,1751153683.8216188,264467.3960905075,True,False,False,False,consumer_pod0_proc0_20250628_233434_684503.csv
1917161,synthetic_1,83,1750889216.425685,1751153674.6798809,264458.2541959286,1751153676.9862132,2.3063323497772217,1751153683.8216188,264467.3959338665,True,False,False,False,consumer_pod0_proc0_20250628_233434_684503.csv
1967811,synthetic_1,90,1750889216.517021,1751153674.6798894,264458.16286849976,1751153676.9862132,2.306323766708374,1751153683.8216188,264467.3045978546,True,False,False,False,consumer_pod0_proc0_20250628_233434_684503.csv
1917171,synthetic_1,91,1750889216.4258392,1751153674.6798985,264458.2540590763,1751153676.9862132,2.306314706802368,1751153683.8216188,264467.3957796097,True,True,False,False,consumer_pod0_proc0_20250628_233434_684503.csv
1917181,synthetic_1,95,1750889216.4259994,1751153674.6799068,264458.2539074421,1751153676.9862132,2.3063063621521,1751153683.8216188,264467.3956193924,True,False,False,False,consumer_pod0_proc0_20250628_233434_684503.csv
1917191,synthetic_1,88,1750889216.42615,1751153674.6799164,264458.2537662983,1751153676.9862132,2.3062968254089355,1751153683.8216188,264467.39546871185,True,False,False,False,consumer_pod0_proc0_20250628_233434_684503.csv
1967821,synthetic_1,95,1750889216.5180948,1751153674.679925,264458.16183018684,1751153676.9862132,2.306288242340088,1751153683.8216188,264467.30352401733,True,False,False,False,consumer_pod0_proc0_20250628_233434_684503.csv
1917201,synthetic_1,90,1750889216.4263077,1751153674.6799345,264458.253626585,1751153676.9862132,2.306278705596924,1751153683.8216188,264467.3953111172,True,True,False,False,consumer_pod0_proc0_20250628_233434_684503.csv
1967831,synthetic_1,84,1750889216.518432,1751153674.6799426,264458.1615104676,1751153676.9862132,2.3062705993652344,1751153683.8216188,264467.30318689346,True,False,False,False,consumer_pod0_proc0_20250628_233434_684503.csv
1917211,synthetic_1,90,1750889216.4264605,1751153674.6799514,264458.25349092484,1751153676.9862132,2.306261777877808,1751153683.8216188,264467.39515829086,True,True,False,False,consumer_pod0_proc0_20250628_233434_684503.csv
1917221,synthetic_1,103,1750889216.426627,1751153674.67996,264458.25333309174,1751153676.9862132,2.30625319480896,1751153683.8216188,264467.3949918747,True,False,False,False,consumer_pod0_proc0_20250628_233434_684503.csv
1917231,synthetic_1,103,1750889216.426789,1751153674.679968,264458.25317907333,1751153676.9862132,2.3062450885772705,1751153683.8216188,264467.39482975006,True,False,False,False,consumer_pod0_proc0_20250628_233434_684503.csv
1917241,synthetic_1,104,1750889216.4269454,1751153674.6799753,264458.2530298233,1751153676.9862132,2.306237936019897,1751153683.8216188,264467.3946733475,True,False,False,False,consumer_pod0_proc0_20250628_233434_684503.csv
1917251,synthetic_1,96,1750889216.4271038,1751153674.6799822,264458.2528784275,1751153676.9862132,2.3062310218811035,1751153683.8216188,264467.39451503754,True,False,False,False,consumer_pod0_proc0_20250628_233434_684503.csv
1967841,synthetic_1,91,1750889216.5187218,1751153674.679989,264458.161267519,1751153676.9862132,2.3062241077423096,1751153683.8216188,264467.3028969765,True,False,False,False,consumer_pod0_proc0_20250628_233434_684503.csv
1967851,synthetic_1,104,1750889216.5190415,1751153674.6799965,264458.1609547138,1751153676.9862132,2.3062167167663574,1751153683.8216188,264467.30257725716,True,False,False,False,consumer_pod0_proc0_20250628_233434_684503.csv
1967861,synthetic_1,104,1750889216.5194397,1751153674.6800034,264458.16056394577,1751153676.9862132,2.3062098026275635,1751153683.8216188,264467.30217909813,True,False,False,False,consumer_pod0_proc0_20250628_233434_684503.csv
1967871,synthetic_1,105,1750889216.5198643,1751153674.6800108,264458.16014647484,1751153676.9862132,2.3062024116516118,1751153683.8216188,264467.30175447464,True,False,False,False,consumer_pod0_proc0_20250628_233434_684503.csv
1917261,synthetic_1,91,1750889216.4272594,1751153674.6800177,264458.25275826454,1751153676.9862132,2.3061954975128174,1751153683.8216188,264467.3943593502,True,True,False,False,consumer_pod0_proc0_20250628_233434_684503.csv
1917271,synthetic_1,83,1750889216.4274137,1751153674.6800246,264458.25261092186,1751153676.9862132,2.3061885833740234,1751153683.8216188,264467.3942050934,True,False,False,False,consumer_pod0_proc0_20250628_233434_684503.csv
1917281,synthetic_1,82,1750889216.427575,1751153674.680031,264458.2524559498,1751153676.9862132,2.306182146072388,1751153683.8216188,264467.394043684,True,False,False,False,consumer_pod0_proc0_20250628_233434_684503.csv
1917291,synthetic_1,104,1750889216.4277325,1751153674.6800375,264458.25230526924,1751153676.9862132,2.306175708770752,1751153683.8216188,264467.39388632774,True,False,False,False,consumer_pod0_proc0_20250628_233434_684503.csv
1917301,synthetic_1,96,1750889216.4278948,1751153674.680045,264458.25215005875,1751153676.9862132,2.3061683177948,1751153683.8216188,264467.3937239647,True,False,False,False,consumer_pod0_proc0_20250628_233434_684503.csv
1917311,synthetic_1,104,1750889216.428055,1751153674.680053,264458.2519979477,1751153676.9862132,2.3061602115631104,1751153683.8216188,264467.3935637474,True,False,False,False,consumer_pod0_proc0_20250628_233434_684503.csv
1917321,synthetic_1,98,1750889216.4282184,1751153674.68006,264458.2518417835,1751153676.9862132,2.3061532974243164,1751153683.8216188,264467.3934004307,True,False,False,False,consumer_pod0_proc0_20250628_233434_684503.csv
1967881,synthetic_1,97,1750889216.5204244,1751153674.680067,264458.1596426964,1751153676.9862132,2.306146144866944,1751153683.8216188,264467.3011944294,True,False,False,False,consumer_pod0_proc0_20250628_233434_684503.csv
1967891,synthetic_1,89,1750889216.5210347,1751153674.6800742,264458.1590394974,1751153676.9862132,2.3061389923095703,1751153683.8216188,264467.30058407784,True,False,False,False,consumer_pod0_proc0_20250628_233434_684503.csv
1967901,synthetic_1,82,1750889216.5218573,1751153674.6800811,264458.1582238674,1751153676.9862132,2.3061320781707764,1751153683.8216188,264467.29976153374,True,False,False,False,consumer_pod0_proc0_20250628_233434_684503.csv
1917331,synthetic_1,97,1750889216.428378,1751153674.6800876,264458.25170969963,1751153676.9862132,2.3061256408691406,1751153683.8216188,264467.39324069023,True,True,False,False,consumer_pod0_proc0_20250628_233434_684503.csv
1917341,synthetic_1,97,1750889216.5200262,1751153674.6800952,264458.1600689888,1751153676.9862132,2.3061180114746094,1751153683.8216188,264467.3015925884,True,False,False,False,consumer_pod0_proc0_20250628_233434_684503.csv
1917351,synthetic_1,81,1750889216.520469,1751153674.680102,264458.15963315964,1751153676.9862132,2.3061110973358154,1751153683.8216188,264467.3011498451,True,False,False,False,consumer_pod0_proc0_20250628_233434_684503.csv
1917361,synthetic_1,98,1750889216.5208342,1751153674.6801095,264458.15927553177,1751153676.9862132,2.3061037063598637,1751153683.8216188,264467.30078458786,True,False,False,False,consumer_pod0_proc0_20250628_233434_684503.csv
1917371,synthetic_1,89,1750889216.521294,1751153674.680117,264458.15882253647,1751153676.9862132,2.306096315383911,1751153683.8216188,264467.3003246784,True,False,False,False,consumer_pod0_proc0_20250628_233434_684503.csv
1917381,synthetic_1,104,1750889216.5216286,1751153674.6801243,264458.158495903,1751153676.9862132,2.306088924407959,1751153683.8216188,264467.29999017715,True,False,False,False,consumer_pod0_proc0_20250628_233434_684503.csv
1917391,synthetic_1,84,1750889216.5218782,1751153674.680132,264458.15825366974,1751153676.9862132,2.306081295013428,1751153683.8216188,264467.2997405529,True,False,False,False,consumer_pod0_proc0_20250628_233434_684503.csv
1917401,synthetic_1,96,1750889216.5221326,1751153674.6801407,264458.1580080986,1751153676.9862132,2.306072473526001,1751153683.8216188,264467.2994861603,True,False,False,False,consumer_pod0_proc0_20250628_233434_684503.csv
1917411,synthetic_1,104,1750889216.522374,1751153674.6801493,264458.15777540207,1751153676.9862132,2.3060638904571533,1751153683.8216188,264467.2992448807,True,False,False,False,consumer_pod0_proc0_20250628_233434_684503.csv
1917421,synthetic_1,89,1750889216.522649,1751153674.6801586,264458.1575095653,1751153676.9862132,2.3060545921325684,1751153683.8216188,264467.29896974564,True,False,False,False,consumer_pod0_proc0_20250628_233434_684503.csv
1917431,synthetic_1,89,1750889216.5228872,1751153674.6801674,264458.1572802067,1751153676.9862132,2.3060457706451416,1751153683.8216188,264467.2987315655,True,False,False,False,consumer_pod0_proc0_20250628_233434_684503.csv
1917441,synthetic_1,104,1750889216.5231378,1751153674.680176,264458.1570382118,1751153676.9862132,2.306037187576294,1751153683.8216188,264467.29848098755,True,False,False,False,consumer_pod0_proc0_20250628_233434_684503.csv
1917451,synthetic_1,96,1750889216.5233796,1751153674.6801853,264458.1568057537,1751153676.9862132,2.306027889251709,1751153683.8216188,264467.2982392311,True,False,False,False,consumer_pod0_proc0_20250628_233434_684503.csv
1917461,synthetic_1,105,1750889216.5236487,1751153674.680195,264458.1565463543,1751153676.9862132,2.306018114089966,1751153683.8216188,264467.29797005653,True,False,False,False,consumer_pod0_proc0_20250628_233434_684503.csv
1917471,synthetic_1,98,1750889216.5239282,1751153674.680204,264458.1562757492,1751153676.9862132,2.306009292602539,1751153683.8216188,264467.29769062996,True,False,False,False,consumer_pod0_proc0_20250628_233434_684503.csv
1917481,synthetic_1,88,1750889216.5241573,1751153674.6802127,264458.15605545044,1751153676.9862132,2.3060004711151123,1751153683.8216188,264467.2974615097,True,False,False,False,consumer_pod0_proc0_20250628_233434_684503.csv
1917491,synthetic_1,82,1750889216.524423,1751153674.6802216,264458.15579867363,1751153676.9862132,2.305991649627685,1751153683.8216188,264467.2971959114,True,False,False,False,consumer_pod0_proc0_20250628_233434_684503.csv
1917501,synthetic_1,89,1750889216.5247324,1751153674.68023,264458.1554977894,1751153676.9862132,2.305983304977417,1751153683.8216188,264467.2968864441,True,False,False,False,consumer_pod0_proc0_20250628_233434_684503.csv
1917511,synthetic_1,91,1750889216.5249248,1751153674.6802385,264458.15531373024,1751153676.9862132,2.3059747219085693,1751153683.8216188,264467.2966940403,True,False,False,False,consumer_pod0_proc0_20250628_233434_684503.csv
1917521,synthetic_1,91,1750889216.5253155,1751153674.680247,264458.15493154526,1751153676.9862132,2.3059661388397217,1751153683.8216188,264467.29630327225,True,False,False,False,consumer_pod0_proc0_20250628_233434_684503.csv
1917531,synthetic_1,91,1750889216.5255203,1751153674.680256,264458.1547355652,1751153676.9862132,2.305957317352295,1751153683.8216188,264467.2960984707,True,False,False,False,consumer_pod0_proc0_20250628_233434_684503.csv
1917541,synthetic_1,97,1750889216.5257208,1751153674.6802647,264458.15454387665,1751153676.9862132,2.305948495864868,1751153683.8216188,264467.29589796066,True,False,False,False,consumer_pod0_proc0_20250628_233434_684503.csv
1917551,synthetic_1,90,1750889216.5259612,1751153674.6802733,264458.1543121338,1751153676.9862132,2.3059399127960205,1751153683.8216188,264467.29565763474,True,False,False,False,consumer_pod0_proc0_20250628_233434_684503.csv
1967911,synthetic_1,84,1750889216.5223289,1751153674.680282,264458.1579532623,1751153676.9862132,2.3059310913085938,1751153683.8216188,264467.2992899418,True,False,False,False,consumer_pod0_proc0_20250628_233434_684503.csv
1967921,synthetic_1,89,1750889216.5247254,1751153674.6802905,264458.1555650234,1751153676.9862132,2.305922746658325,1751153683.8216188,264467.29689335823,True,False,False,False,consumer_pod0_proc0_20250628_233434_684503.csv
1917561,synthetic_1,88,1750889216.526212,1751153674.6802993,264458.15408730507,1751153676.9862132,2.3059139251708984,1751153683.8216188,264467.2954068184,True,True,False,False,consumer_pod0_proc0_20250628_233434_684503.csv
1967931,synthetic_1,89,1750889216.525006,1751153674.680308,264458.1553018093,1751153676.9862132,2.305905103683472,1751153683.8216188,264467.29661273956,True,False,False,False,consumer_pod0_proc0_20250628_233434_684503.csv
1917571,synthetic_1,90,1750889216.5263784,1751153674.6803164,264458.15393805504,1751153676.9862132,2.305896759033203,1751153683.8216188,264467.2952404022,True,True,False,False,consumer_pod0_proc0_20250628_233434_684503.csv
1967941,synthetic_1,101,1750889216.525496,1751153674.6803253,264458.1548292637,1751153676.9862132,2.3058879375457764,1751153683.8216188,264467.2961227894,True,False,False,False,consumer_pod0_proc0_20250628_233434_684503.csv
1967951,synthetic_1,105,1750889216.5257633,1751153674.680334,264458.15457081795,1751153676.9862132,2.3058791160583496,1751153683.8216188,264467.29585552216,True,False,False,False,consumer_pod0_proc0_20250628_233434_684503.csv
1967961,synthetic_1,79,1750889216.526002,1751153674.6803432,264458.15434122086,1751153676.9862132,2.305870056152344,1751153683.8216188,264467.29561686516,True,False,False,False,consumer_pod0_proc0_20250628_233434_684503.csv
1967971,synthetic_1,84,1750889216.526235,1751153674.6803515,264458.1541161537,1751153676.9862132,2.305861711502075,1751153683.8216188,264467.2953836918,True,False,False,False,consumer_pod0_proc0_20250628_233434_684503.csv
1967981,synthetic_1,97,1750889216.5264642,1751153674.6803594,264458.1538951397,1751153676.9862132,2.305853843688965,1751153683.8216188,264467.29515457153,True,False,False,False,consumer_pod0_proc0_20250628_233434_684503.csv
1967991,synthetic_1,91,1750889216.5267031,1751153674.6803682,264458.15366506577,1751153676.9862132,2.305845022201538,1751153683.8216188,264467.2949156761,True,False,False,False,consumer_pod0_proc0_20250628_233434_684503.csv
1917581,synthetic_1,97,1750889216.5265474,1751153674.680376,264458.1538286209,1751153676.9862132,2.305837154388428,1751153683.8216188,264467.29507136345,True,True,False,False,consumer_pod0_proc0_20250628_233434_684503.csv
1917591,synthetic_1,84,1750889216.5267122,1751153674.680385,264458.1536729336,1751153676.9862132,2.305828094482422,1751153683.8216188,264467.2949066162,True,False,False,False,consumer_pod0_proc0_20250628_233434_684503.csv
1917601,synthetic_1,89,1750889216.5268707,1751153674.6803937,264458.1535227299,1751153676.9862132,2.305819511413574,1751153683.8216188,264467.29474806786,True,False,False,False,consumer_pod0_proc0_20250628_233434_684503.csv
1917611,synthetic_1,104,1750889216.5270236,1751153674.6804016,264458.1533780098,1751153676.9862132,2.305811643600464,1751153683.8216188,264467.29459524155,True,False,False,False,consumer_pod0_proc0_20250628_233434_684503.csv
1968001,synthetic_1,98,1750889216.5269682,1751153674.68041,264458.1534416676,1751153676.9862132,2.3058032989501958,1751153683.8216188,264467.29465055466,True,False,False,False,consumer_pod0_proc0_20250628_233434_684503.csv
1917621,synthetic_1,95,1750889216.5271783,1751153674.6804185,264458.153239727,1751153676.9862132,2.305794715881348,1751153683.8216188,264467.2944405079,True,True,False,False,consumer_pod0_proc0_20250628_233434_684503.csv
1968011,synthetic_1,90,1750889216.527256,1751153674.680427,264458.15317106247,1751153676.9862132,2.3057861328125,1751153683.8216188,264467.29436278343,True,False,False,False,consumer_pod0_proc0_20250628_233434_684503.csv
1917631,synthetic_1,84,1750889216.5273309,1751153674.6804352,264458.15310430527,1751153676.9862132,2.3057780265808105,1751153683.8216188,264467.29428792,True,True,False,False,consumer_pod0_proc0_20250628_233434_684503.csv
1968021,synthetic_1,103,1750889216.5275316,1751153674.6804438,264458.1529121399,1751153676.9862132,2.305769443511963,1751153683.8216188,264467.29408717155,True,False,False,False,consumer_pod0_proc0_20250628_233434_684503.csv
1968031,synthetic_1,83,1750889216.5277927,1751153674.680453,264458.1526603699,1751153676.9862132,2.305760145187378,1751153683.8216188,264467.2938261032,True,False,False,False,consumer_pod0_proc0_20250628_233434_684503.csv
1917641,synthetic_1,103,1750889216.5274868,1751153674.6804624,264458.15297555923,1751153676.9862132,2.305750846862793,1751153683.8216188,264467.29413199425,True,True,False,False,consumer_pod0_proc0_20250628_233434_684503.csv
1968041,synthetic_1,96,1750889216.52805,1751153674.6804886,264458.1524386406,1751153676.9862132,2.305724620819092,1751153683.8216188,264467.29356884956,True,False,False,False,consumer_pod0_proc0_20250628_233434_684503.csv
1917651,synthetic_1,89,1750889216.527635,1751153674.6804986,264458.1528635025,1751153676.9862132,2.305714607238769,1751153683.8216188,264467.2939836979,True,True,False,False,consumer_pod0_proc0_20250628_233434_684503.csv
1968051,synthetic_1,84,1750889216.5283303,1751153674.6805077,264458.15217733383,1751153676.9862132,2.305705547332764,1751153683.8216188,264467.2932884693,True,False,False,False,consumer_pod0_proc0_20250628_233434_684503.csv
1917661,synthetic_1,91,1750889216.5277913,1751153674.6805162,264458.1527249813,1751153676.9862132,2.305696964263916,1751153683.8216188,264467.2938275337,True,True,False,False,consumer_pod0_proc0_20250628_233434_684503.csv
1968061,synthetic_1,91,1750889216.6170256,1751153674.680525,264458.0634994507,1751153676.9862132,2.3056881427764893,1751153683.8216188,264467.2045931816,True,False,False,False,consumer_pod0_proc0_20250628_233434_684503.csv
1968071,synthetic_1,101,1750889216.617304,1751153674.6805334,264458.06322932243,1751153676.9862132,2.3056797981262207,1751153683.8216188,264467.2043147087,True,False,False,False,consumer_pod0_proc0_20250628_233434_684503.csv
1917671,synthetic_1,84,1750889216.5279467,1751153674.6805427,264458.15259599686,1751153676.9862132,2.305670499801636,1751153683.8216188,264467.2936720848,True,True,False,False,consumer_pod0_proc0_20250628_233434_684503.csv
1917681,synthetic_1,97,1750889216.5281005,1751153674.680552,264458.1524517536,1751153676.9862132,2.305661201477051,1751153683.8216188,264467.2935183048,True,False,False,False,consumer_pod0_proc0_20250628_233434_684503.csv
1917691,synthetic_1,90,1750889216.5282612,1751153674.6805606,264458.15229940414,1751153676.9862132,2.305652618408203,1751153683.8216188,264467.2933576107,True,False,False,False,consumer_pod0_proc0_20250628_233434_684503.csv
1917701,synthetic_1,96,1750889216.5284228,1751153674.6805694,264458.15214657784,1751153676.9862132,2.3056437969207764,1751153683.8216188,264467.2931959629,True,False,False,False,consumer_pod0_proc0_20250628_233434_684503.csv
1968081,synthetic_1,90,1750889216.6176095,1751153674.680578,264458.0629684925,1751153676.9862132,2.3056352138519287,1751153683.8216188,264467.2040092945,True,False,False,False,consumer_pod0_proc0_20250628_233434_684503.csv
1968091,synthetic_1,104,1750889216.6179411,1751153674.6805868,264458.0626456737,1751153676.9862132,2.305626392364502,1751153683.8216188,264467.20367765427,True,False,False,False,consumer_pod0_proc0_20250628_233434_684503.csv
1917711,synthetic_1,97,1750889216.6191926,1751153674.6805952,264458.0614025593,1751153676.9862132,2.3056180477142334,1751153683.8216188,264467.20242619514,True,True,False,False,consumer_pod0_proc0_20250628_233434_684503.csv
1917721,synthetic_1,90,1750889216.6194253,1751153674.680604,264458.06117868423,1751153676.9862132,2.305609226226806,1751153683.8216188,264467.2021934986,True,False,False,False,consumer_pod0_proc0_20250628_233434_684503.csv
1968101,synthetic_1,90,1750889216.6182656,1751153674.6806123,264458.06234669685,1751153676.9862132,2.305600881576538,1751153683.8216188,264467.2033531666,True,False,False,False,consumer_pod0_proc0_20250628_233434_684503.csv
1968111,synthetic_1,84,1750889216.6185973,1751153674.6806214,264458.0620241165,1751153676.9862132,2.305591821670532,1751153683.8216188,264467.20302152634,True,False,False,False,consumer_pod0_proc0_20250628_233434_684503.csv
1968121,synthetic_1,102,1750889216.6190183,1751153674.6806295,264458.061611414,1751153676.9862132,2.3055837154388428,1751153683.8216188,264467.2026004791,True,False,False,False,consumer_pod0_proc0_20250628_233434_684503.csv
1968131,synthetic_1,104,1750889216.6194024,1751153674.6806383,264458.0612359047,1751153676.9862132,2.305574893951416,1751153683.8216188,264467.2022163868,True,False,False,False,consumer_pod0_proc0_20250628_233434_684503.csv
1968141,synthetic_1,91,1750889216.619784,1751153674.680647,264458.06086301804,1751153676.9862132,2.3055663108825684,1751153683.8216188,264467.20183467865,True,False,False,False,consumer_pod0_proc0_20250628_233434_684503.csv
1968151,synthetic_1,88,1750889216.6202135,1751153674.6806548,264458.06044101715,1751153676.9862132,2.305558443069458,1751153683.8216188,264467.2014052868,True,False,False,False,consumer_pod0_proc0_20250628_233434_684503.csv
1968161,synthetic_1,90,1750889216.6206846,1751153674.6806629,264458.0599782467,1751153676.9862132,2.305550336837769,1751153683.8216188,264467.2009341717,True,False,False,False,consumer_pod0_proc0_20250628_233434_684503.csv
1968171,synthetic_1,96,1750889216.621143,1751153674.6806707,264458.0595273972,1751153676.9862132,2.305542469024658,1751153683.8216188,264467.20047569275,True,False,False,False,consumer_pod0_proc0_20250628_233434_684503.csv
1968181,synthetic_1,84,1750889216.6214702,1751153674.6806786,264458.0592083931,1751153676.9862132,2.305534601211548,1751153683.8216188,264467.20014858246,True,False,False,False,consumer_pod0_proc0_20250628_233434_684503.csv
1968191,synthetic_1,95,1750889216.62188,1751153674.680687,264458.0588068962,1751153676.9862132,2.3055262565612797,1751153683.8216188,264467.1997387409,True,False,False,False,consumer_pod0_proc0_20250628_233434_684503.csv
1968201,synthetic_1,104,1750889216.622422,1751153674.6806948,264458.0582728386,1751153676.9862132,2.305518388748169,1751153683.8216188,264467.1991968155,True,False,False,False,consumer_pod0_proc0_20250628_233434_684503.csv
1968211,synthetic_1,105,1750889216.6229184,1751153674.6807032,264458.05778479576,1751153676.9862132,2.3055100440979004,1751153683.8216188,264467.198700428,True,False,False,False,consumer_pod0_proc0_20250628_233434_684503.csv
1968221,synthetic_1,103,1750889216.623383,1751153674.680712,264458.05732893944,1751153676.9862132,2.3055012226104736,1751153683.8216188,264467.1982357502,True,False,False,False,consumer_pod0_proc0_20250628_233434_684503.csv
1968231,synthetic_1,90,1750889216.623848,1751153674.6807206,264458.0568726063,1751153676.9862132,2.305492639541626,1751153683.8216188,264467.19777083397,True,False,False,False,consumer_pod0_proc0_20250628_233434_684503.csv
1968241,synthetic_1,98,1750889216.624236,1751153674.680729,264458.0564930439,1751153676.9862132,2.3054842948913574,1751153683.8216188,264467.1973826885,True,False,False,False,consumer_pod0_proc0_20250628_233434_684503.csv
1917731,synthetic_1,90,1750889216.6196594,1751153674.6807368,264458.06107735634,1751153676.9862132,2.305476427078247,1751153683.8216188,264467.20195937157,True,True,False,False,consumer_pod0_proc0_20250628_233434_684503.csv
1968251,synthetic_1,97,1750889216.718314,1751153674.6807451,264457.9624311924,1751153676.9862132,2.3054680824279785,1751153683.8216188,264467.103304863,True,False,False,False,consumer_pod0_proc0_20250628_233434_684503.csv
1968261,synthetic_1,105,1750889216.7189035,1751153674.6807537,264457.9618499279,1751153676.9862132,2.305459499359131,1751153683.8216188,264467.10271525383,True,False,False,False,consumer_pod0_proc0_20250628_233434_684503.csv
1968271,synthetic_1,90,1750889216.7190917,1751153674.680762,264457.9616703987,1751153676.9862132,2.3054511547088623,1751153683.8216188,264467.1025271416,True,False,False,False,consumer_pod0_proc0_20250628_233434_684503.csv
1968281,synthetic_1,104,1750889216.7192786,1751153674.6807706,264457.9614920616,1751153676.9862132,2.305442571640014,1751153683.8216188,264467.1023402214,True,False,False,False,consumer_pod0_proc0_20250628_233434_684503.csv
1968291,synthetic_1,101,1750889216.719477,1751153674.6807787,264457.9613018036,1751153676.9862132,2.305434465408325,1751153683.8216188,264467.10214185715,True,False,False,False,consumer_pod0_proc0_20250628_233434_684503.csv
1968301,synthetic_1,95,1750889216.719689,1751153674.680788,264457.9610991478,1751153676.9862132,2.30542516708374,1751153683.8216188,264467.10192990303,True,False,False,False,consumer_pod0_proc0_20250628_233434_684503.csv
1968311,synthetic_1,105,1750889216.7198844,1751153674.680796,264457.9609117508,1751153676.9862132,2.30541729927063,1751153683.8216188,264467.1017343998,True,False,False,False,consumer_pod0_proc0_20250628_233434_684503.csv
1968321,synthetic_1,84,1750889216.7200696,1751153674.680805,264457.96073532104,1751153676.9862132,2.305408239364624,1751153683.8216188,264467.10154914856,True,False,False,False,consumer_pod0_proc0_20250628_233434_684503.csv
1968331,synthetic_1,83,1750889216.720306,1751153674.6808133,264457.9605073929,1751153676.9862132,2.3053998947143555,1751153683.8216188,264467.10131287575,True,False,False,False,consumer_pod0_proc0_20250628_233434_684503.csv
1968341,synthetic_1,90,1750889216.7204957,1751153674.6808212,264457.9603257179,1751153676.9862132,2.305392026901245,1751153683.8216188,264467.10112309456,True,False,False,False,consumer_pod0_proc0_20250628_233434_684503.csv
1968351,synthetic_1,82,1750889216.720911,1751153674.6808295,264457.959918499,1751153676.9862132,2.305383682250977,1751153683.8216188,264467.1007077694,True,False,False,False,consumer_pod0_proc0_20250628_233434_684503.csv
1968361,synthetic_1,90,1750889216.7210815,1751153674.6808372,264457.9597556591,1751153676.9862132,2.3053760528564453,1751153683.8216188,264467.1005373001,True,False,False,False,consumer_pod0_proc0_20250628_233434_684503.csv
1968371,synthetic_1,103,1750889216.7313807,1751153674.6808453,264457.9494645596,1751153676.9862132,2.305367946624756,1751153683.8216188,264467.09023809433,True,False,False,False,consumer_pod0_proc0_20250628_233434_684503.csv
1968381,synthetic_1,80,1750889216.731648,1751153674.6808543,264457.94920635223,1751153676.9862132,2.30535888671875,1751153683.8216188,264467.0899708271,True,False,False,False,consumer_pod0_proc0_20250628_233434_684503.csv
1968391,synthetic_1,97,1750889216.731926,1751153674.6808624,264457.9489364624,1751153676.9862132,2.3053507804870605,1751153683.8216188,264467.08969283104,True,False,False,False,consumer_pod0_proc0_20250628_233434_684503.csv
1968401,synthetic_1,103,1750889216.7337952,1751153674.680871,264457.9470758438,1751153676.9862132,2.305342197418213,1751153683.8216188,264467.0878236294,True,False,False,False,consumer_pod0_proc0_20250628_233434_684503.csv
1968411,synthetic_1,91,1750889216.7344778,1751153674.6808796,264457.9464018345,1751153676.9862132,2.305333614349365,1751153683.8216188,264467.087141037,True,False,False,False,consumer_pod0_proc0_20250628_233434_684503.csv
1968421,synthetic_1,97,1750889216.7352064,1751153674.680889,264457.9456822872,1751153676.9862132,2.3053243160247803,1751153683.8216188,264467.0864124298,True,False,False,False,consumer_pod0_proc0_20250628_233434_684503.csv
1968431,synthetic_1,104,1750889216.7354913,1751153674.680897,264457.94540572166,1751153676.9862132,2.305316209793091,1751153683.8216188,264467.0861275196,True,False,False,False,consumer_pod0_proc0_20250628_233434_684503.csv
1968441,synthetic_1,98,1750889216.7359023,1751153674.6809063,264457.9450042248,1751153676.9862132,2.305306911468506,1751153683.8216188,264467.085716486,True,False,False,False,consumer_pod0_proc0_20250628_233434_684503.csv
1968451,synthetic_1,84,1750889216.7361412,1751153674.6809156,264457.94477438927,1751153676.9862132,2.305297613143921,1751153683.8216188,264467.08547759056,True,False,False,False,consumer_pod0_proc0_20250628_233434_684503.csv
1968461,synthetic_1,91,1750889216.7363336,1751153674.6809244,264457.94459080696,1751153676.9862132,2.305288791656494,1751153683.8216188,264467.08528518677,True,False,False,False,consumer_pod0_proc0_20250628_233434_684503.csv
1968471,synthetic_1,87,1750889216.73654,1751153674.6809328,264457.9443926811,1751153676.9862132,2.3052804470062256,1751153683.8216188,264467.0850787163,True,False,False,False,consumer_pod0_proc0_20250628_233434_684503.csv
1968481,synthetic_1,96,1750889216.7367263,1751153674.680941,264457.94421482086,1751153676.9862132,2.305272102355957,1751153683.8216188,264467.08489251137,True,False,False,False,consumer_pod0_proc0_20250628_233434_684503.csv
1968491,synthetic_1,84,1750889216.7368927,1751153674.6809497,264457.94405698776,1751153676.9862132,2.3052635192871094,1751153683.8216188,264467.0847260952,True,False,False,False,consumer_pod0_proc0_20250628_233434_684503.csv
1968501,synthetic_1,105,1750889216.7370565,1751153674.680958,264457.94390177727,1751153676.9862132,2.305255174636841,1751153683.8216188,264467.08456230164,True,False,False,False,consumer_pod0_proc0_20250628_233434_684503.csv
1968511,synthetic_1,84,1750889216.7372217,1751153674.680967,264457.9437453747,1751153676.9862132,2.305246114730835,1751153683.8216188,264467.08439707756,True,False,False,False,consumer_pod0_proc0_20250628_233434_684503.csv
1968521,synthetic_1,97,1750889216.7373805,1751153674.6809754,264457.94359493256,1751153676.9862132,2.3052377700805664,1751153683.8216188,264467.0842382908,True,False,False,False,consumer_pod0_proc0_20250628_233434_684503.csv
1968531,synthetic_1,83,1750889216.737543,1751153674.6809838,264457.94344067574,1751153676.9862132,2.305229425430298,1751153683.8216188,264467.0840756893,True,False,False,False,consumer_pod0_proc0_20250628_233434_684503.csv
1968541,synthetic_1,97,1750889216.7377045,1751153674.6809916,264457.9432873726,1751153676.9862132,2.3052215576171875,1751153683.8216188,264467.08391427994,True,False,False,False,consumer_pod0_proc0_20250628_233434_684503.csv
1968551,synthetic_1,95,1750889216.737865,1751153674.6810002,264457.94313526154,1751153676.9862132,2.30521297454834,1751153683.8216188,264467.08375382423,True,False,False,False,consumer_pod0_proc0_20250628_233434_684503.csv
1968561,synthetic_1,84,1750889216.7380297,1751153674.681009,264457.9429795742,1751153676.9862132,2.305204153060913,1751153683.8216188,264467.083589077,True,False,False,False,consumer_pod0_proc0_20250628_233434_684503.csv
1968571,synthetic_1,97,1750889216.7382014,1751153674.6810174,264457.94281601906,1751153676.9862132,2.3051958084106445,1751153683.8216188,264467.0834174156,True,False,False,False,consumer_pod0_proc0_20250628_233434_684503.csv
1968581,synthetic_1,101,1750889216.738386,1751153674.6810262,264457.94264030457,1751153676.9862132,2.3051869869232178,1751153683.8216188,264467.08323287964,True,False,False,False,consumer_pod0_proc0_20250628_233434_684503.csv
1968591,synthetic_1,98,1750889216.7385614,1751153674.6810353,264457.9424738884,1751153676.9862132,2.305177927017212,1751153683.8216188,264467.08305740356,True,False,False,False,consumer_pod0_proc0_20250628_233434_684503.csv
1968601,synthetic_1,91,1750889216.7387495,1751153674.6810446,264457.94229483604,1751153676.9862132,2.305168628692627,1751153683.8216188,264467.0828692913,True,False,False,False,consumer_pod0_proc0_20250628_233434_684503.csv
1968611,synthetic_1,91,1750889216.738984,1751153674.681054,264457.9420700073,1751153676.9862132,2.305159091949463,1751153683.8216188,264467.0826346874,True,False,False,False,consumer_pod0_proc0_20250628_233434_684503.csv
1968621,synthetic_1,98,1750889216.7392154,1751153674.6810625,264457.94184708595,1751153676.9862132,2.3051507472991943,1751153683.8216188,264467.0824034214,True,False,False,False,consumer_pod0_proc0_20250628_233434_684503.csv
1968631,synthetic_1,86,1750889216.739376,1751153674.6810718,264457.94169569016,1751153676.9862132,2.3051414489746094,1751153683.8216188,264467.0822427273,True,False,False,False,consumer_pod0_proc0_20250628_233434_684503.csv
1968641,synthetic_1,96,1750889216.7395406,1751153674.681081,264457.94154047966,1751153676.9862132,2.3051321506500244,1751153683.8216188,264467.08207821846,True,False,False,False,consumer_pod0_proc0_20250628_233434_684503.csv
1968651,synthetic_1,89,1750889216.73971,1751153674.68109,264457.9413802624,1751153676.9862132,2.3051230907440186,1751153683.8216188,264467.08190870285,True,False,False,False,consumer_pod0_proc0_20250628_233434_684503.csv
1968661,synthetic_1,90,1750889216.7398777,1751153674.6810994,264457.941221714,1751153676.9862132,2.3051137924194336,1751153683.8216188,264467.0817410946,True,False,False,False,consumer_pod0_proc0_20250628_233434_684503.csv
1968671,synthetic_1,89,1750889216.740046,1751153674.6811085,264457.9410624504,1751153676.9862132,2.305104732513428,1751153683.8216188,264467.0815727711,True,False,False,False,consumer_pod0_proc0_20250628_233434_684503.csv
1968681,synthetic_1,105,1750889216.7402143,1751153674.6811175,264457.9409031868,1751153676.9862132,2.305095672607422,1751153683.8216188,264467.08140444756,True,False,False,False,consumer_pod0_proc0_20250628_233434_684503.csv
1968691,synthetic_1,102,1750889216.740386,1751153674.6811268,264457.94074082375,1751153676.9862132,2.305086374282837,1751153683.8216188,264467.0812327862,True,False,False,False,consumer_pod0_proc0_20250628_233434_684503.csv
1968701,synthetic_1,83,1750889216.8171306,1751153674.681136,264457.86400556564,1751153676.9862132,2.305077314376831,1751153683.8216188,264467.00448822975,True,False,False,False,consumer_pod0_proc0_20250628_233434_684503.csv
1968711,synthetic_1,97,1750889216.8174112,1751153674.6811452,264457.8637340069,1751153676.9862132,2.305068016052246,1751153683.8216188,264467.0042076111,True,False,False,False,consumer_pod0_proc0_20250628_233434_684503.csv
1968721,synthetic_1,83,1750889216.817678,1751153674.681154,264457.863476038,1751153676.9862132,2.30505919456482,1751153683.8216188,264467.0039408207,True,False,False,False,consumer_pod0_proc0_20250628_233434_684503.csv
1968731,synthetic_1,82,1750889216.8179543,1751153674.6811624,264457.8632078171,1751153676.9862132,2.305050849914551,1751153683.8216188,264467.00366449356,True,False,False,False,consumer_pod0_proc0_20250628_233434_684503.csv
1968741,synthetic_1,89,1750889216.8182335,1751153674.6811705,264457.8629369736,1751153676.9862132,2.3050427436828613,1751153683.8216188,264467.0033853054,True,False,False,False,consumer_pod0_proc0_20250628_233434_684503.csv
1968751,synthetic_1,88,1750889216.8184853,1751153674.6811793,264457.86269402504,1751153676.9862132,2.3050339221954346,1751153683.8216188,264467.0031335354,True,False,False,False,consumer_pod0_proc0_20250628_233434_684503.csv
1968761,synthetic_1,102,1750889216.8187878,1751153674.6811883,264457.86240053177,1751153676.9862132,2.3050248622894287,1751153683.8216188,264467.0028309822,True,False,False,False,consumer_pod0_proc0_20250628_233434_684503.csv
1968771,synthetic_1,83,1750889216.8190742,1751153674.6811974,264457.86212325096,1751153676.9862132,2.305015802383423,1751153683.8216188,264467.0025446415,True,False,False,False,consumer_pod0_proc0_20250628_233434_684503.csv
1968781,synthetic_1,91,1750889216.8193364,1751153674.681206,264457.8618695736,1751153676.9862132,2.305007219314575,1751153683.8216188,264467.00228238106,True,False,False,False,consumer_pod0_proc0_20250628_233434_684503.csv
1968791,synthetic_1,83,1750889216.8196366,1751153674.6812146,264457.8615779877,1751153676.9862132,2.3049986362457275,1751153683.8216188,264467.00198221207,True,False,False,False,consumer_pod0_proc0_20250628_233434_684503.csv
1968801,synthetic_1,89,1750889216.819924,1751153674.6812232,264457.86129927635,1751153676.9862132,2.30499005317688,1751153683.8216188,264467.00169467926,True,False,False,False,consumer_pod0_proc0_20250628_233434_684503.csv
1968811,synthetic_1,97,1750889216.8202145,1751153674.681232,264457.8610174656,1751153676.9862132,2.304981231689453,1751153683.8216188,264467.00140428543,True,False,False,False,consumer_pod0_proc0_20250628_233434_684503.csv
1968821,synthetic_1,80,1750889216.82054,1751153674.6812406,264457.8607006073,1751153676.9862132,2.304972648620605,1751153683.8216188,264467.00107884407,True,False,False,False,consumer_pod0_proc0_20250628_233434_684503.csv
1968831,synthetic_1,97,1750889216.8208456,1751153674.6812494,264457.86040377617,1751153676.9862132,2.3049638271331787,1751153683.8216188,264467.00077319145,True,False,False,False,consumer_pod0_proc0_20250628_233434_684503.csv
1968841,synthetic_1,103,1750889216.8211522,1751153674.681258,264457.86010575294,1751153676.9862132,2.304955244064331,1751153683.8216188,264467.00046658516,True,False,False,False,consumer_pod0_proc0_20250628_233434_684503.csv
1968851,synthetic_1,90,1750889216.8214192,1751153674.681267,264457.85984778404,1751153676.9862132,2.304946184158325,1751153683.8216188,264467.00019955635,True,False,False,False,consumer_pod0_proc0_20250628_233434_684503.csv
1968861,synthetic_1,97,1750889216.8216789,1751153674.6812754,264457.85959649086,1751153676.9862132,2.3049378395080566,1751153683.8216188,264466.9999399185,True,False,False,False,consumer_pod0_proc0_20250628_233434_684503.csv
1968871,synthetic_1,83,1750889216.8219533,1751153674.6812842,264457.85933089256,1751153676.9862132,2.30492901802063,1751153683.8216188,264466.99966549873,True,False,False,False,consumer_pod0_proc0_20250628_233434_684503.csv
1968881,synthetic_1,83,1750889216.8222466,1751153674.681293,264457.8590464592,1751153676.9862132,2.304920196533203,1751153683.8216188,264466.9993722439,True,False,False,False,consumer_pod0_proc0_20250628_233434_684503.csv
1968891,synthetic_1,96,1750889216.8225186,1751153674.6813014,264457.85878276825,1751153676.9862132,2.3049118518829346,1751153683.8216188,264466.9991002083,True,False,False,False,consumer_pod0_proc0_20250628_233434_684503.csv
1968901,synthetic_1,91,1750889216.8227904,1751153674.6813104,264457.858520031,1751153676.9862132,2.3049027919769287,1751153683.8216188,264466.9988284111,True,False,False,False,consumer_pod0_proc0_20250628_233434_684503.csv
1968911,synthetic_1,84,1750889216.8230648,1751153674.6813197,264457.8582549095,1751153676.9862132,2.304893493652344,1751153683.8216188,264466.9985539913,True,False,False,False,consumer_pod0_proc0_20250628_233434_684503.csv
1921631,synthetic_1,96,1750889217.7260215,1751153674.6813269,264456.9553053379,1751153676.9862132,2.3048863410949707,1751153683.8216188,264466.09559726715,True,True,False,False,consumer_pod0_proc0_20250628_233434_684503.csv
1921641,synthetic_1,84,1750889217.7264416,1751153674.6813333,264456.9548916817,1751153676.9862132,2.304879903793335,1751153683.8216188,264466.0951771736,True,False,False,False,consumer_pod0_proc0_20250628_233434_684503.csv
1921651,synthetic_1,90,1750889217.726621,1751153674.68134,264456.9547190666,1751153676.9862132,2.30487322807312,1751153683.8216188,264466.09499788284,True,False,False,False,consumer_pod0_proc0_20250628_233434_684503.csv
1921661,synthetic_1,90,1750889217.7268264,1751153674.6813464,264456.9545199871,1751153676.9862132,2.3048667907714844,1751153683.8216188,264466.094792366,True,False,False,False,consumer_pod0_proc0_20250628_233434_684503.csv
1921671,synthetic_1,89,1750889217.727022,1751153674.681353,264456.954331398,1751153676.9862132,2.304860115051269,1751153683.8216188,264466.0945968628,True,False,False,False,consumer_pod0_proc0_20250628_233434_684503.csv
1921681,synthetic_1,83,1750889217.7272065,1751153674.6813598,264456.95415329933,1751153676.9862132,2.3048534393310547,1751153683.8216188,264466.0944123268,True,False,False,False,consumer_pod0_proc0_20250628_233434_684503.csv
1921691,synthetic_1,90,1750889217.7273974,1751153674.6813664,264456.95396900177,1751153676.9862132,2.30484676361084,1751153683.8216188,264466.09422135353,True,False,False,False,consumer_pod0_proc0_20250628_233434_684503.csv
1921701,synthetic_1,82,1750889217.727604,1751153674.6813734,264456.9537694454,1751153676.9862132,2.304839849472046,1751153683.8216188,264466.09401488304,True,False,False,False,consumer_pod0_proc0_20250628_233434_684503.csv
1921711,synthetic_1,102,1750889217.727793,1751153674.6813798,264456.9535868168,1751153676.9862132,2.30483341217041,1751153683.8216188,264466.0938258171,True,False,False,False,consumer_pod0_proc0_20250628_233434_684503.csv
1921721,synthetic_1,84,1750889217.7279727,1751153674.6813867,264456.9534139633,1751153676.9862132,2.304826498031616,1751153683.8216188,264466.0936460495,True,False,False,False,consumer_pod0_proc0_20250628_233434_684503.csv
1921731,synthetic_1,91,1750889217.72816,1751153674.6813953,264456.9532351494,1751153676.9862132,2.304817914962769,1751153683.8216188,264466.0934588909,True,False,False,False,consumer_pod0_proc0_20250628_233434_684503.csv
1921741,synthetic_1,104,1750889217.7283678,1751153674.681404,264456.9530363083,1751153676.9862132,2.304809093475342,1751153683.8216188,264466.0932509899,True,False,False,False,consumer_pod0_proc0_20250628_233434_684503.csv
1921751,synthetic_1,90,1750889217.817969,1751153674.6814134,264456.8634440899,1751153676.9862132,2.304799795150757,1751153683.8216188,264466.0036497116,True,False,False,False,consumer_pod0_proc0_20250628_233434_684503.csv
1921761,synthetic_1,90,1750889217.8188672,1751153674.6814227,264456.86255550385,1751153676.9862132,2.304790496826172,1751153683.8216188,264466.0027515888,True,False,False,False,consumer_pod0_proc0_20250628_233434_684503.csv
1921771,synthetic_1,84,1750889217.8191023,1751153674.6814308,264456.86232829094,1751153676.9862132,2.3047823905944824,1751153683.8216188,264466.0025165081,True,False,False,False,consumer_pod0_proc0_20250628_233434_684503.csv
1921781,synthetic_1,105,1750889217.8192863,1751153674.6814394,264456.8621530533,1751153676.9862132,2.3047738075256348,1751153683.8216188,264466.00233244896,True,False,False,False,consumer_pod0_proc0_20250628_233434_684503.csv
1921791,synthetic_1,104,1750889217.819474,1751153674.6814485,264456.86197447777,1751153676.9862132,2.304764747619629,1751153683.8216188,264466.00214481354,True,False,False,False,consumer_pod0_proc0_20250628_233434_684503.csv
1921801,synthetic_1,84,1750889217.8196616,1751153674.6814575,264456.86179590225,1751153676.9862132,2.304755687713623,1751153683.8216188,264466.0019571781,True,False,False,False,consumer_pod0_proc0_20250628_233434_684503.csv
1921811,synthetic_1,90,1750889217.8198416,1751153674.6814656,264456.86162400246,1751153676.9862132,2.3047475814819336,1751153683.8216188,264466.0017771721,True,False,False,False,consumer_pod0_proc0_20250628_233434_684503.csv
1921821,synthetic_1,91,1750889217.8200295,1751153674.6814735,264456.86144399643,1751153676.9862132,2.3047397136688232,1751153683.8216188,264466.00158929825,True,False,False,False,consumer_pod0_proc0_20250628_233434_684503.csv
1921831,synthetic_1,105,1750889217.8202128,1751153674.6814826,264456.86126971245,1751153676.9862132,2.3047306537628174,1751153683.8216188,264466.00140595436,True,False,False,False,consumer_pod0_proc0_20250628_233434_684503.csv
1921841,synthetic_1,96,1750889217.820414,1751153674.6814914,264456.86107730865,1751153676.9862132,2.30472183227539,1751153683.8216188,264466.0012047291,True,False,False,False,consumer_pod0_proc0_20250628_233434_684503.csv
1921851,synthetic_1,96,1750889217.8206608,1751153674.6815004,264456.86083960533,1751153676.9862132,2.3047127723693848,1751153683.8216188,264466.00095796585,True,False,False,False,consumer_pod0_proc0_20250628_233434_684503.csv
1921861,synthetic_1,91,1750889217.8208609,1751153674.6815095,264456.86064863205,1751153676.9862132,2.304703712463379,1751153683.8216188,264466.00075793266,True,False,False,False,consumer_pod0_proc0_20250628_233434_684503.csv
1921871,synthetic_1,88,1750889217.821053,1751153674.6815176,264456.8604645729,1751153676.9862132,2.304695606231689,1751153683.8216188,264466.0005657673,True,False,False,False,consumer_pod0_proc0_20250628_233434_684503.csv
1921881,synthetic_1,89,1750889217.8212616,1751153674.6815262,264456.8602645397,1751153676.9862132,2.304687023162842,1751153683.8216188,264466.00035715103,True,False,False,False,consumer_pod0_proc0_20250628_233434_684503.csv
1921891,synthetic_1,91,1750889217.8214655,1751153674.681535,264456.8600695133,1751153676.9862132,2.304678201675415,1751153683.8216188,264466.00015330315,True,False,False,False,consumer_pod0_proc0_20250628_233434_684503.csv
1921901,synthetic_1,84,1750889217.8216784,1751153674.6815436,264456.8598651886,1751153676.9862132,2.3046696186065674,1751153683.8216188,264465.99994039536,True,False,False,False,consumer_pod0_proc0_20250628_233434_684503.csv
1921911,synthetic_1,95,1750889217.8218808,1751153674.6815524,264456.8596715927,1751153676.9862132,2.3046607971191406,1751153683.8216188,264465.999737978,True,False,False,False,consumer_pod0_proc0_20250628_233434_684503.csv
1921921,synthetic_1,84,1750889217.8220944,1751153674.6815612,264456.85946679115,1751153676.9862132,2.304651975631714,1751153683.8216188,264465.99952435493,True,False,False,False,consumer_pod0_proc0_20250628_233434_684503.csv
1921931,synthetic_1,103,1750889217.8223083,1751153674.6815703,264456.8592619896,1751153676.9862132,2.304642915725708,1751153683.8216188,264465.99931049347,True,False,False,False,consumer_pod0_proc0_20250628_233434_684503.csv
1921941,synthetic_1,104,1750889217.8225286,1751153674.68158,264456.859051466,1751153676.9862132,2.304633140563965,1751153683.8216188,264465.9990901947,True,False,False,False,consumer_pod0_proc0_20250628_233434_684503.csv
1921951,synthetic_1,98,1750889217.8227425,1751153674.6815896,264456.85884714127,1751153676.9862132,2.304623603820801,1751153683.8216188,264465.99887633324,True,False,False,False,consumer_pod0_proc0_20250628_233434_684503.csv
1921961,synthetic_1,103,1750889217.8229458,1751153674.681599,264456.85865306854,1751153676.9862132,2.304614305496216,1751153683.8216188,264465.9986729622,True,False,False,False,consumer_pod0_proc0_20250628_233434_684503.csv
1921971,synthetic_1,91,1750889217.8231523,1751153674.681608,264456.858455658,1751153676.9862132,2.30460524559021,1751153683.8216188,264465.9984664917,True,False,False,False,consumer_pod0_proc0_20250628_233434_684503.csv
1921981,synthetic_1,84,1750889217.8233492,1751153674.6816163,264456.8582673073,1751153676.9862132,2.3045969009399414,1751153683.8216188,264465.99826955795,True,False,False,False,consumer_pod0_proc0_20250628_233434_684503.csv
1921991,synthetic_1,97,1750889217.8235247,1751153674.6816251,264456.8581004143,1751153676.9862132,2.304588079452514,1751153683.8216188,264465.9980940819,True,False,False,False,consumer_pod0_proc0_20250628_233434_684503.csv
1922001,synthetic_1,90,1750889217.8237004,1751153674.6816342,264456.8579337597,1751153676.9862132,2.304579019546509,1751153683.8216188,264465.9979183674,True,False,False,False,consumer_pod0_proc0_20250628_233434_684503.csv
1922011,synthetic_1,102,1750889217.823871,1751153674.6816432,264456.8577723503,1751153676.9862132,2.304569959640503,1751153683.8216188,264465.9977478981,True,False,False,False,consumer_pod0_proc0_20250628_233434_684503.csv
1922021,synthetic_1,103,1750889217.824047,1751153674.681653,264456.85760593414,1751153676.9862132,2.30456018447876,1751153683.8216188,264465.9975717068,True,False,False,False,consumer_pod0_proc0_20250628_233434_684503.csv
1922031,synthetic_1,105,1750889217.8242197,1751153674.6816618,264456.857442379,1751153676.9862132,2.304551362991333,1751153683.8216188,264465.9973990917,True,False,False,False,consumer_pod0_proc0_20250628_233434_684503.csv
1922041,synthetic_1,103,1750889217.8243964,1751153674.6816711,264456.85727477074,1751153676.9862132,2.304542064666748,1751153683.8216188,264465.99722242355,True,False,False,False,consumer_pod0_proc0_20250628_233434_684503.csv
1922051,synthetic_1,97,1750889217.8245945,1751153674.6816802,264456.8570859432,1751153676.9862132,2.304533004760742,1751153683.8216188,264465.9970242977,True,False,False,False,consumer_pod0_proc0_20250628_233434_684503.csv
1922061,synthetic_1,82,1750889217.8247578,1751153674.6816888,264456.85693097115,1751153676.9862132,2.3045244216918945,1751153683.8216188,264465.996860981,True,False,False,False,consumer_pod0_proc0_20250628_233434_684503.csv
1922071,synthetic_1,103,1750889217.824926,1751153674.6816976,264456.85677170753,1751153676.9862132,2.304515600204468,1751153683.8216188,264465.9966928959,True,False,False,False,consumer_pod0_proc0_20250628_233434_684503.csv
1922081,synthetic_1,83,1750889217.825079,1751153674.6817064,264456.8566274643,1751153676.9862132,2.304506778717041,1751153683.8216188,264465.99653983116,True,False,False,False,consumer_pod0_proc0_20250628_233434_684503.csv
1922091,synthetic_1,81,1750889217.825238,1751153674.6817153,264456.8564772606,1751153676.9862132,2.3044979572296143,1751153683.8216188,264465.99638080597,True,False,False,False,consumer_pod0_proc0_20250628_233434_684503.csv
1922101,synthetic_1,98,1750889217.8254,1751153674.6817238,264456.85632395744,1751153676.9862132,2.3044893741607666,1751153683.8216188,264465.99621868134,True,False,False,False,consumer_pod0_proc0_20250628_233434_684503.csv
1922111,synthetic_1,83,1750889217.8255632,1751153674.6817336,264456.8561704159,1751153676.9862132,2.3044795989990234,1751153683.8216188,264465.996055603,True,False,False,False,consumer_pod0_proc0_20250628_233434_684503.csv
1922121,synthetic_1,82,1750889217.825723,1751153674.6817424,264456.8560194969,1751153676.9862132,2.3044707775115967,1751153683.8216188,264465.9958958626,True,False,False,False,consumer_pod0_proc0_20250628_233434_684503.csv
1922131,synthetic_1,82,1750889217.825879,1751153674.6817508,264456.855871439,1751153676.9862132,2.304462432861328,1751153683.8216188,264465.9957396984,True,False,False,False,consumer_pod0_proc0_20250628_233434_684503.csv
1922141,synthetic_1,97,1750889217.826042,1751153674.68176,264456.85571813583,1751153676.9862132,2.304453134536743,1751153683.8216188,264465.9955768585,True,False,False,False,consumer_pod0_proc0_20250628_233434_684503.csv
1922151,synthetic_1,89,1750889217.826205,1751153674.6817694,264456.85556435585,1751153676.9862132,2.304443836212158,1751153683.8216188,264465.9954137802,True,False,False,False,consumer_pod0_proc0_20250628_233434_684503.csv
1922161,synthetic_1,82,1750889217.826365,1751153674.681779,264456.8554136753,1751153676.9862132,2.304434299468994,1751153683.8216188,264465.99525380135,True,False,False,False,consumer_pod0_proc0_20250628_233434_684503.csv
1922171,synthetic_1,94,1750889217.8265262,1751153674.6817873,264456.8552610874,1751153676.9862132,2.3044259548187256,1751153683.8216188,264465.9950926304,True,False,False,False,consumer_pod0_proc0_20250628_233434_684503.csv
1922181,synthetic_1,98,1750889217.8266864,1751153674.6817963,264456.85510993004,1751153676.9862132,2.30441689491272,1751153683.8216188,264465.9949324131,True,False,False,False,consumer_pod0_proc0_20250628_233434_684503.csv
1922191,synthetic_1,103,1750889217.826845,1751153674.6818058,264456.8549609184,1751153676.9862132,2.304407358169556,1751153683.8216188,264465.99477386475,True,False,False,False,consumer_pod0_proc0_20250628_233434_684503.csv
1922201,synthetic_1,95,1750889217.8269987,1751153674.6818154,264456.8548166752,1751153676.9862132,2.304397821426392,1751153683.8216188,264465.99462008476,True,False,False,False,consumer_pod0_proc0_20250628_233434_684503.csv
1922211,synthetic_1,104,1750889217.8271594,1751153674.6818242,264456.8546648025,1751153676.9862132,2.304388999938965,1751153683.8216188,264465.99445939064,True,False,False,False,consumer_pod0_proc0_20250628_233434_684503.csv
1922221,synthetic_1,90,1750889217.8273892,1751153674.681833,264456.8544437885,1751153676.9862132,2.304380178451538,1751153683.8216188,264465.99422955513,True,False,False,False,consumer_pod0_proc0_20250628_233434_684503.csv
1922231,synthetic_1,105,1750889217.8275497,1751153674.6818404,264456.8542909622,1751153676.9862132,2.304372787475586,1751153683.8216188,264465.9940690994,True,False,False,False,consumer_pod0_proc0_20250628_233434_684503.csv
1922241,synthetic_1,83,1750889217.8277092,1751153674.6818478,264456.85413861275,1751153676.9862132,2.304365396499634,1751153683.8216188,264465.9939095974,True,False,False,False,consumer_pod0_proc0_20250628_233434_684503.csv
1922251,synthetic_1,88,1750889217.82787,1751153674.6818545,264456.85398459435,1751153676.9862132,2.304358720779419,1751153683.8216188,264465.9937489033,True,False,False,False,consumer_pod0_proc0_20250628_233434_684503.csv
1922261,synthetic_1,84,1750889217.8280203,1751153674.6818612,264456.85384082794,1751153676.9862132,2.304352045059204,1751153683.8216188,264465.99359846115,True,False,False,False,consumer_pod0_proc0_20250628_233434_684503.csv
1922271,synthetic_1,88,1750889217.8281753,1751153674.6818678,264456.8536925316,1751153676.9862132,2.3043453693389893,1751153683.8216188,264465.9934434891,True,False,False,False,consumer_pod0_proc0_20250628_233434_684503.csv
1922281,synthetic_1,84,1750889217.8283367,1751153674.6818748,264456.85353803635,1751153676.9862132,2.3043384552001958,1751153683.8216188,264465.9932820797,True,False,False,False,consumer_pod0_proc0_20250628_233434_684503.csv
1922291,synthetic_1,90,1750889217.9169369,1751153674.6818817,264456.7649447918,1751153676.9862132,2.3043315410614014,1751153683.8216188,264465.904681921,True,False,False,False,consumer_pod0_proc0_20250628_233434_684503.csv
1922301,synthetic_1,90,1750889217.9171252,1751153674.6818883,264456.76476311684,1751153676.9862132,2.3043248653411865,1751153683.8216188,264465.9044935703,True,False,False,False,consumer_pod0_proc0_20250628_233434_684503.csv
1922311,synthetic_1,96,1750889217.917317,1751153674.6818955,264456.76457858086,1751153676.9862132,2.304317712783813,1751153683.8216188,264465.9043018818,True,False,False,False,consumer_pod0_proc0_20250628_233434_684503.csv
1922321,synthetic_1,94,1750889217.9174888,1751153674.6819031,264456.76441431046,1751153676.9862132,2.3043100833892822,1751153683.8216188,264465.904129982,True,False,False,False,consumer_pod0_proc0_20250628_233434_684503.csv
1922331,synthetic_1,91,1750889217.9176729,1751153674.681913,264456.76423978806,1751153676.9862132,2.304300308227539,1751153683.8216188,264465.90394592285,True,False,False,False,consumer_pod0_proc0_20250628_233434_684503.csv
1922341,synthetic_1,96,1750889217.917858,1751153674.6819215,264456.7640635967,1751153676.9862132,2.3042917251586914,1751153683.8216188,264465.90376091003,True,False,False,False,consumer_pod0_proc0_20250628_233434_684503.csv
1922351,synthetic_1,98,1750889217.9180462,1751153674.6819303,264456.76388406754,1751153676.9862132,2.3042829036712646,1751153683.8216188,264465.90357255936,True,False,False,False,consumer_pod0_proc0_20250628_233434_684503.csv
1922361,synthetic_1,82,1750889217.918231,1751153674.6819391,264456.7637081146,1751153676.9862132,2.304274082183838,1751153683.8216188,264465.90338778496,True,False,False,False,consumer_pod0_proc0_20250628_233434_684503.csv
1922371,synthetic_1,89,1750889217.918426,1751153674.681948,264456.7635219097,1751153676.9862132,2.304265260696411,1751153683.8216188,264465.90319275856,True,False,False,False,consumer_pod0_proc0_20250628_233434_684503.csv
1922381,synthetic_1,95,1750889217.918614,1751153674.6819563,264456.7633423805,1751153676.9862132,2.3042569160461426,1751153683.8216188,264465.9030048847,True,False,False,False,consumer_pod0_proc0_20250628_233434_684503.csv
1922391,synthetic_1,103,1750889217.918808,1751153674.6819656,264456.7631576061,1751153676.9862132,2.3042476177215576,1751153683.8216188,264465.902810812,True,False,False,False,consumer_pod0_proc0_20250628_233434_684503.csv
1922401,synthetic_1,82,1750889217.9190097,1751153674.6819744,264456.7629647255,1751153676.9862132,2.304238796234131,1751153683.8216188,264465.9026091099,True,False,False,False,consumer_pod0_proc0_20250628_233434_684503.csv
1922411,synthetic_1,103,1750889217.919211,1751153674.6819832,264456.7627725601,1751153676.9862132,2.304229974746704,1751153683.8216188,264465.9024078846,True,False,False,False,consumer_pod0_proc0_20250628_233434_684503.csv
1922421,synthetic_1,84,1750889217.9194148,1751153674.6819923,264456.76257777214,1751153676.9862132,2.3042209148406982,1751153683.8216188,264465.9022040367,True,False,False,False,consumer_pod0_proc0_20250628_233434_684503.csv
1922431,synthetic_1,95,1750889217.919615,1751153674.682001,264456.7623860836,1751153676.9862132,2.3042120933532715,1751153683.8216188,264465.9020037651,True,False,False,False,consumer_pod0_proc0_20250628_233434_684503.csv
1922441,synthetic_1,104,1750889217.9198475,1751153674.6820104,264456.7621629238,1751153676.9862132,2.3042027950286865,1751153683.8216188,264465.901771307,True,False,False,False,consumer_pod0_proc0_20250628_233434_684503.csv
1922451,synthetic_1,82,1750889217.92005,1751153674.682021,264456.76197075844,1751153676.9862132,2.304192304611206,1751153683.8216188,264465.9015688896,True,False,False,False,consumer_pod0_proc0_20250628_233434_684503.csv
1922461,synthetic_1,83,1750889217.920253,1751153674.6820295,264456.7617764473,1751153676.9862132,2.3041837215423584,1751153683.8216188,264465.901365757,True,False,False,False,consumer_pod0_proc0_20250628_233434_684503.csv
1922471,synthetic_1,88,1750889217.9205084,1751153674.682038,264456.76152968407,1751153676.9862132,2.3041751384735107,1751153683.8216188,264465.9011104107,True,False,False,False,consumer_pod0_proc0_20250628_233434_684503.csv
1922481,synthetic_1,96,1750889217.9207218,1751153674.682047,264456.7613251209,1751153676.9862132,2.304166316986084,1751153683.8216188,264465.90089702606,True,False,False,False,consumer_pod0_proc0_20250628_233434_684503.csv
1922491,synthetic_1,82,1750889217.920926,1751153674.682056,264456.7611298561,1751153676.9862132,2.304157257080078,1751153683.8216188,264465.90069270134,True,False,False,False,consumer_pod0_proc0_20250628_233434_684503.csv
1922501,synthetic_1,104,1750889217.9211528,1751153674.6820643,264456.7609117031,1751153676.9862132,2.3041489124298096,1751153683.8216188,264465.9004659653,True,False,False,False,consumer_pod0_proc0_20250628_233434_684503.csv
1922511,synthetic_1,84,1750889217.921352,1751153674.6820734,264456.76072120667,1751153676.9862132,2.304139852523804,1751153683.8216188,264465.90026688576,True,False,False,False,consumer_pod0_proc0_20250628_233434_684503.csv
1922521,synthetic_1,97,1750889217.921557,1751153674.682082,264456.7605249882,1751153676.9862132,2.304131269454956,1751153683.8216188,264465.9000618458,True,False,False,False,consumer_pod0_proc0_20250628_233434_684503.csv
1922531,synthetic_1,81,1750889217.921759,1751153674.682091,264456.76033210754,1751153676.9862132,2.30412220954895,1751153683.8216188,264465.89985990524,True,False,False,False,consumer_pod0_proc0_20250628_233434_684503.csv
1922541,synthetic_1,96,1750889217.9219313,1751153674.6820998,264456.7601685524,1751153676.9862132,2.3041133880615234,1751153683.8216188,264465.8996875286,True,False,False,False,consumer_pod0_proc0_20250628_233434_684503.csv
1922551,synthetic_1,84,1750889217.9221375,1751153674.6821089,264456.7599711418,1751153676.9862132,2.3041043281555176,1751153683.8216188,264465.89948129654,True,False,False,False,consumer_pod0_proc0_20250628_233434_684503.csv
1922561,synthetic_1,83,1750889217.9223063,1751153674.6821177,264456.75981092453,1751153676.9862132,2.304095506668091,1751153683.8216188,264465.8993124962,True,False,False,False,consumer_pod0_proc0_20250628_233434_684503.csv
1922571,synthetic_1,103,1750889217.922473,1751153674.6821256,264456.7596526146,1751153676.9862132,2.3040876388549805,1751153683.8216188,264465.8991458416,True,False,False,False,consumer_pod0_proc0_20250628_233434_684503.csv
1922581,synthetic_1,91,1750889217.922649,1751153674.6821349,264456.7594861984,1751153676.9862132,2.3040783405303955,1751153683.8216188,264465.8989698887,True,False,False,False,consumer_pod0_proc0_20250628_233434_684503.csv
1922591,synthetic_1,97,1750889217.9228146,1751153674.6821434,264456.75932884216,1751153676.9862132,2.304069757461548,1751153683.8216188,264465.8988041878,True,False,False,False,consumer_pod0_proc0_20250628_233434_684503.csv
1922601,synthetic_1,102,1750889217.9229774,1751153674.6821525,264456.75917482376,1751153676.9862132,2.304060697555542,1751153683.8216188,264465.8986413479,True,False,False,False,consumer_pod0_proc0_20250628_233434_684503.csv
1922611,synthetic_1,98,1750889217.9231434,1751153674.682161,264456.75901794434,1751153676.9862132,2.3040521144866943,1751153683.8216188,264465.89847540855,True,False,False,False,consumer_pod0_proc0_20250628_233434_684503.csv
1922621,synthetic_1,91,1750889217.9233098,1751153674.6821704,264456.7588605881,1751153676.9862132,2.3040428161621094,1751153683.8216188,264465.8983089924,True,False,False,False,consumer_pod0_proc0_20250628_233434_684503.csv
1922631,synthetic_1,91,1750889217.9234707,1751153674.6821787,264456.7587080002,1751153676.9862132,2.304034471511841,1751153683.8216188,264465.89814805984,True,False,False,False,consumer_pod0_proc0_20250628_233434_684503.csv
1922641,synthetic_1,98,1750889217.9236317,1751153674.682187,264456.7585554123,1751153676.9862132,2.3040261268615723,1751153683.8216188,264465.8979871273,True,False,False,False,consumer_pod0_proc0_20250628_233434_684503.csv
1922651,synthetic_1,103,1750889217.9237952,1751153674.682196,264456.75840091705,1751153676.9862132,2.304017305374145,1751153683.8216188,264465.89782357216,True,False,False,False,consumer_pod0_proc0_20250628_233434_684503.csv
1922661,synthetic_1,105,1750889217.9239662,1751153674.6822052,264456.75823903084,1751153676.9862132,2.3040080070495605,1751153683.8216188,264465.89765262604,True,False,False,False,consumer_pod0_proc0_20250628_233434_684503.csv
1922671,synthetic_1,83,1750889217.9241345,1751153674.6822138,264456.7580792904,1751153676.9862132,2.303999423980713,1751153683.8216188,264465.8974843025,True,False,False,False,consumer_pod0_proc0_20250628_233434_684503.csv
1922681,synthetic_1,91,1750889217.9242947,1751153674.6822224,264456.7579276562,1751153676.9862132,2.303990840911865,1751153683.8216188,264465.89732408524,True,False,False,False,consumer_pod0_proc0_20250628_233434_684503.csv
1922691,synthetic_1,83,1750889217.9244528,1751153674.6822307,264456.7577779293,1751153676.9862132,2.3039824962615967,1751153683.8216188,264465.8971660137,True,False,False,False,consumer_pod0_proc0_20250628_233434_684503.csv
1922701,synthetic_1,96,1750889217.9246333,1751153674.6822393,264456.7576060295,1751153676.9862132,2.303973913192749,1751153683.8216188,264465.89698553085,True,False,False,False,consumer_pod0_proc0_20250628_233434_684503.csv
1922711,synthetic_1,104,1750889217.9247935,1751153674.6822476,264456.7574541569,1751153676.9862132,2.3039655685424805,1751153683.8216188,264465.89682531357,True,False,False,False,consumer_pod0_proc0_20250628_233434_684503.csv
1922721,synthetic_1,91,1750889217.9249682,1751153674.6822567,264456.757288456,1751153676.9862132,2.3039565086364746,1751153683.8216188,264465.89665055275,True,False,False,False,consumer_pod0_proc0_20250628_233434_684503.csv
1922731,synthetic_1,103,1750889217.925131,1751153674.682265,264456.7571339607,1751153676.9862132,2.303948163986206,1751153683.8216188,264465.89648771286,True,False,False,False,consumer_pod0_proc0_20250628_233434_684503.csv
1922741,synthetic_1,90,1750889217.9253006,1751153674.682274,264456.7569732666,1751153676.9862132,2.3039391040802,1751153683.8216188,264465.89631819725,True,False,False,False,consumer_pod0_proc0_20250628_233434_684503.csv
1922751,synthetic_1,84,1750889217.9254608,1751153674.6822824,264456.7568216324,1751153676.9862132,2.303930759429932,1751153683.8216188,264465.89615797997,True,False,False,False,consumer_pod0_proc0_20250628_233434_684503.csv
1922761,synthetic_1,90,1750889217.925622,1751153674.682291,264456.7566690445,1751153676.9862132,2.303922176361084,1751153683.8216188,264465.895996809,True,False,False,False,consumer_pod0_proc0_20250628_233434_684503.csv
1922771,synthetic_1,83,1750889217.9257834,1751153674.6822996,264456.7565162182,1751153676.9862132,2.3039135932922363,1751153683.8216188,264465.8958353996,True,False,False,False,consumer_pod0_proc0_20250628_233434_684503.csv
1922781,synthetic_1,103,1750889217.925957,1751153674.6823082,264456.7563512325,1751153676.9862132,2.3039050102233887,1751153683.8216188,264465.8956618309,True,False,False,False,consumer_pod0_proc0_20250628_233434_684503.csv
1927711,synthetic_1,98,1750889220.018154,1751153674.6823163,264454.6641623974,1751153676.9862132,2.303896903991699,1751153683.8216188,264463.8034648895,True,False,False,False,consumer_pod0_proc0_20250628_233434_684503.csv
1927721,synthetic_1,88,1750889220.018407,1751153674.6823258,264454.6639187336,1751153676.9862132,2.303887367248535,1751153683.8216188,264463.803211689,True,False,False,False,consumer_pod0_proc0_20250628_233434_684503.csv
1927731,synthetic_1,91,1750889220.0186434,1751153674.6823342,264454.66369080544,1751153676.9862132,2.3038790225982666,1751153683.8216188,264463.8029754162,True,False,False,False,consumer_pod0_proc0_20250628_233434_684503.csv
1927741,synthetic_1,103,1750889220.0189238,1751153674.6823428,264454.66341900826,1751153676.9862132,2.303870439529419,1751153683.8216188,264463.80269503593,True,False,False,False,consumer_pod0_proc0_20250628_233434_684503.csv
1927751,synthetic_1,90,1750889220.0191991,1751153674.682352,264454.6631529331,1751153676.9862132,2.303861141204834,1751153683.8216188,264463.8024196625,True,False,False,False,consumer_pod0_proc0_20250628_233434_684503.csv
1927761,synthetic_1,83,1750889220.0194645,1751153674.6823614,264454.66289711,1751153676.9862132,2.303851842880249,1751153683.8216188,264463.8021543026,True,False,False,False,consumer_pod0_proc0_20250628_233434_684503.csv
1927771,synthetic_1,90,1750889220.0197432,1751153674.68237,264454.6626267433,1751153676.9862132,2.3038432598114014,1751153683.8216188,264463.8018755913,True,False,False,False,consumer_pod0_proc0_20250628_233434_684503.csv
1927781,synthetic_1,96,1750889220.0200229,1751153674.6823792,264454.66235637665,1751153676.9862132,2.3038339614868164,1751153683.8216188,264463.8015959263,True,False,False,False,consumer_pod0_proc0_20250628_233434_684503.csv
1927791,synthetic_1,91,1750889220.0202954,1751153674.6823878,264454.6620924473,1751153676.9862132,2.3038253784179688,1751153683.8216188,264463.80132341385,True,False,False,False,consumer_pod0_proc0_20250628_233434_684503.csv
1927801,synthetic_1,98,1750889220.0205998,1751153674.6823964,264454.6617965698,1751153676.9862132,2.303816795349121,1751153683.8216188,264463.8010189533,True,False,False,False,consumer_pod0_proc0_20250628_233434_684503.csv
1927811,synthetic_1,104,1750889220.0208771,1751153674.6824052,264454.6615281105,1751153676.9862132,2.3038079738616943,1751153683.8216188,264463.8007416725,True,False,False,False,consumer_pod0_proc0_20250628_233434_684503.csv
1927821,synthetic_1,98,1750889220.0211446,1751153674.682414,264454.66126942635,1751153676.9862132,2.303799152374268,1751153683.8216188,264463.80047416687,True,False,False,False,consumer_pod0_proc0_20250628_233434_684503.csv
1927831,synthetic_1,90,1750889220.0213947,1751153674.6824226,264454.6610279083,1751153676.9862132,2.30379056930542,1751153683.8216188,264463.8002240658,True,False,False,False,consumer_pod0_proc0_20250628_233434_684503.csv
1927841,synthetic_1,84,1750889220.0216482,1751153674.6824307,264454.6607825756,1751153676.9862132,2.3037824630737305,1751153683.8216188,264463.79997062683,True,False,False,False,consumer_pod0_proc0_20250628_233434_684503.csv
1927851,synthetic_1,84,1750889220.0219038,1751153674.6824389,264454.6605350971,1751153676.9862132,2.303774356842041,1751153683.8216188,264463.7997150421,True,False,False,False,consumer_pod0_proc0_20250628_233434_684503.csv
1927861,synthetic_1,97,1750889220.0221565,1751153674.6824474,264454.6602909565,1751153676.9862132,2.3037657737731934,1751153683.8216188,264463.7994623184,True,False,False,False,consumer_pod0_proc0_20250628_233434_684503.csv
1927871,synthetic_1,97,1750889220.022459,1751153674.682456,264454.6599969864,1751153676.9862132,2.3037571907043457,1751153683.8216188,264463.79915976524,True,False,False,False,consumer_pod0_proc0_20250628_233434_684503.csv
1927881,synthetic_1,104,1750889220.0227678,1751153674.6824646,264454.6596968174,1751153676.9862132,2.303748607635498,1751153683.8216188,264463.7988510132,True,False,False,False,consumer_pod0_proc0_20250628_233434_684503.csv
1927891,synthetic_1,89,1750889220.0230658,1751153674.6824737,264454.6594078541,1751153676.9862132,2.303739547729492,1751153683.8216188,264463.79855298996,True,False,False,False,consumer_pod0_proc0_20250628_233434_684503.csv
1927901,synthetic_1,95,1750889220.0233374,1751153674.6824827,264454.6591453552,1751153676.9862132,2.3037304878234863,1751153683.8216188,264463.7982814312,True,False,False,False,consumer_pod0_proc0_20250628_233434_684503.csv
1927911,synthetic_1,84,1750889220.0236402,1751153674.6824913,264454.6588511467,1751153676.9862132,2.3037219047546387,1751153683.8216188,264463.7979786396,True,False,False,False,consumer_pod0_proc0_20250628_233434_684503.csv
1927921,synthetic_1,89,1750889220.023912,1751153674.6825,264454.6585879326,1751153676.9862132,2.303713321685791,1751153683.8216188,264463.7977068424,True,False,False,False,consumer_pod0_proc0_20250628_233434_684503.csv
1927931,synthetic_1,89,1750889220.024203,1751153674.6825085,264454.65830540657,1751153676.9862132,2.303704738616944,1751153683.8216188,264463.79741573334,True,False,False,False,consumer_pod0_proc0_20250628_233434_684503.csv
1927941,synthetic_1,96,1750889220.024493,1751153674.682517,264454.65802407265,1751153676.9862132,2.303696155548096,1751153683.8216188,264463.79712581635,True,False,False,False,consumer_pod0_proc0_20250628_233434_684503.csv
1927951,synthetic_1,102,1750889220.0247931,1751153674.6825254,264454.6577322483,1751153676.9862132,2.303687810897827,1751153683.8216188,264463.79682564735,True,False,False,False,consumer_pod0_proc0_20250628_233434_684503.csv
1927961,synthetic_1,90,1750889220.0250547,1751153674.6825347,264454.65748000145,1751153676.9862132,2.303678512573242,1751153683.8216188,264463.7965641022,True,False,False,False,consumer_pod0_proc0_20250628_233434_684503.csv
1927971,synthetic_1,83,1750889220.0253336,1751153674.6825435,264454.6572098732,1751153676.9862132,2.3036696910858154,1751153683.8216188,264463.79628515244,True,False,False,False,consumer_pod0_proc0_20250628_233434_684503.csv
1927981,synthetic_1,82,1750889220.0256016,1751153674.682552,264454.6569504738,1751153676.9862132,2.303661108016968,1751153683.8216188,264463.79601716995,True,False,False,False,consumer_pod0_proc0_20250628_233434_684503.csv
1927991,synthetic_1,83,1750889220.0258312,1751153674.6825604,264454.65672922134,1751153676.9862132,2.303652763366699,1751153683.8216188,264463.79578757286,True,False,False,False,consumer_pod0_proc0_20250628_233434_684503.csv
1928001,synthetic_1,103,1750889220.0260751,1751153674.682569,264454.6564939022,1751153676.9862132,2.303644180297852,1751153683.8216188,264463.79554367065,True,False,False,False,consumer_pod0_proc0_20250628_233434_684503.csv
1928011,synthetic_1,98,1750889220.0263038,1751153674.682578,264454.6562743187,1751153676.9862132,2.3036351203918457,1751153683.8216188,264463.79531502724,True,False,False,False,consumer_pod0_proc0_20250628_233434_684503.csv
1928021,synthetic_1,97,1750889220.0265431,1751153674.682587,264454.6560437679,1751153676.9862132,2.303626298904419,1751153683.8216188,264463.795075655,True,False,False,False,consumer_pod0_proc0_20250628_233434_684503.csv
1928031,synthetic_1,83,1750889220.0267625,1751153674.6825955,264454.6558330059,1751153676.9862132,2.3036177158355717,1751153683.8216188,264463.7948563099,True,False,False,False,consumer_pod0_proc0_20250628_233434_684503.csv
1928041,synthetic_1,83,1750889220.027006,1751153674.6826043,264454.655598402,1751153676.9862132,2.3036088943481445,1751153683.8216188,264463.7946128845,True,False,False,False,consumer_pod0_proc0_20250628_233434_684503.csv
1928051,synthetic_1,97,1750889220.027233,1751153674.6826124,264454.65537953377,1751153676.9862132,2.303600788116455,1751153683.8216188,264463.79438591003,True,False,False,False,consumer_pod0_proc0_20250628_233434_684503.csv
1928061,synthetic_1,97,1750889220.0276368,1751153674.6826222,264454.65498542786,1751153676.9862132,2.303591012954712,1751153683.8216188,264463.79398202896,True,False,False,False,consumer_pod0_proc0_20250628_233434_684503.csv
1928071,synthetic_1,98,1750889220.0278726,1751153674.6826313,264454.6547586918,1751153676.9862132,2.303581953048706,1751153683.8216188,264463.793746233,True,False,False,False,consumer_pod0_proc0_20250628_233434_684503.csv
1928081,synthetic_1,96,1750889220.028105,1751153674.6826398,264454.65453481674,1751153676.9862132,2.3035733699798584,1751153683.8216188,264463.7935137749,True,False,False,False,consumer_pod0_proc0_20250628_233434_684503.csv
1928091,synthetic_1,97,1750889220.0283377,1751153674.682649,264454.6543111801,1751153676.9862132,2.3035643100738525,1751153683.8216188,264463.79328107834,True,False,False,False,consumer_pod0_proc0_20250628_233434_684503.csv
1928101,synthetic_1,82,1750889220.0285945,1751153674.6826577,264454.6540632248,1751153676.9862132,2.303555488586426,1751153683.8216188,264463.7930243015,True,False,False,False,consumer_pod0_proc0_20250628_233434_684503.csv
1928111,synthetic_1,103,1750889220.028827,1751153674.682666,264454.6538391113,1751153676.9862132,2.303547143936157,1751153683.8216188,264463.7927918434,True,False,False,False,consumer_pod0_proc0_20250628_233434_684503.csv
1928121,synthetic_1,101,1750889220.0290697,1751153674.6826746,264454.6536049843,1751153676.9862132,2.3035385608673096,1751153683.8216188,264463.7925491333,True,False,False,False,consumer_pod0_proc0_20250628_233434_684503.csv
1928131,synthetic_1,89,1750889220.0292895,1751153674.682684,264454.65339422226,1751153676.9862132,2.3035292625427246,1751153683.8216188,264463.79232931137,True,False,False,False,consumer_pod0_proc0_20250628_233434_684503.csv
1928141,synthetic_1,90,1750889220.0295224,1751153674.6826923,264454.6531701088,1751153676.9862132,2.303520917892456,1751153683.8216188,264463.7920963764,True,False,False,False,consumer_pod0_proc0_20250628_233434_684503.csv
2107311,synthetic_1,91,1750889260.7229612,1751153677.536261,264416.81329989433,1751153681.0613534,3.525092363357544,1751153683.8216188,264423.09865760803,True,False,False,False,consumer_pod0_proc0_20250628_233437_540898.csv
2107321,synthetic_1,104,1750889260.7233298,1751153677.5363083,264416.8129785061,1751153681.0613534,3.525045156478882,1751153683.8216188,264423.0982890129,True,False,False,False,consumer_pod0_proc0_20250628_233437_540898.csv
2107331,synthetic_1,82,1750889260.723745,1751153677.5363216,264416.81257629395,1751153681.0613534,3.525031805038452,1751153683.8216188,264423.09787368774,True,False,False,False,consumer_pod0_proc0_20250628_233437_540898.csv
2107341,synthetic_1,84,1750889260.724115,1751153677.5363295,264416.8122148514,1751153681.0613534,3.525023937225342,1751153683.8216188,264423.0975039005,True,False,False,False,consumer_pod0_proc0_20250628_233437_540898.csv
2107351,synthetic_1,97,1750889260.7245066,1751153677.536337,264416.8118300438,1751153681.0613534,3.5250165462493896,1751153683.8216188,264423.0971121788,True,False,False,False,consumer_pod0_proc0_20250628_233437_540898.csv
2107361,synthetic_1,83,1750889260.7248578,1751153677.5363438,264416.8114860058,1751153681.0613534,3.525009632110596,1751153683.8216188,264423.09676098824,True,False,False,False,consumer_pod0_proc0_20250628_233437_540898.csv
2107371,synthetic_1,94,1750889260.725139,1751153677.5363507,264416.8112118244,1751153681.0613534,3.5250027179718018,1751153683.8216188,264423.09647989273,True,False,False,False,consumer_pod0_proc0_20250628_233437_540898.csv
2107381,synthetic_1,105,1750889260.7254474,1751153677.536358,264416.81091046333,1751153681.0613534,3.5249953269958496,1751153683.8216188,264423.0961713791,True,False,False,False,consumer_pod0_proc0_20250628_233437_540898.csv
2107391,synthetic_1,84,1750889260.7257383,1751153677.5363648,264416.8106262684,1751153681.0613534,3.5249886512756348,1751153683.8216188,264423.0958805084,True,False,False,False,consumer_pod0_proc0_20250628_233437_540898.csv
2107401,synthetic_1,96,1750889260.7259595,1751153677.5363717,264416.8104121685,1751153681.0613534,3.524981737136841,1751153683.8216188,264423.095659256,True,False,False,False,consumer_pod0_proc0_20250628_233437_540898.csv
2107411,synthetic_1,91,1750889260.7261653,1751153677.5363789,264416.8102135658,1751153681.0613534,3.524974584579468,1751153683.8216188,264423.09545350075,True,False,False,False,consumer_pod0_proc0_20250628_233437_540898.csv
2107421,synthetic_1,103,1750889260.7263536,1751153677.5363855,264416.81003189087,1751153681.0613534,3.524967908859253,1751153683.8216188,264423.09526515007,True,False,False,False,consumer_pod0_proc0_20250628_233437_540898.csv
2107431,synthetic_1,102,1750889260.726543,1751153677.5363922,264416.80984926224,1751153681.0613534,3.524961233139038,1751153683.8216188,264423.0950758457,True,False,False,False,consumer_pod0_proc0_20250628_233437_540898.csv
2107441,synthetic_1,90,1750889260.7267292,1751153677.536399,264416.80966973305,1751153681.0613534,3.5249545574188232,1751153683.8216188,264423.0948896408,True,False,False,False,consumer_pod0_proc0_20250628_233437_540898.csv
2107451,synthetic_1,98,1750889260.7269125,1751153677.536405,264416.80949258804,1751153681.0613534,3.5249483585357666,1751153683.8216188,264423.0947062969,True,False,False,False,consumer_pod0_proc0_20250628_233437_540898.csv
2107461,synthetic_1,90,1750889260.7270665,1751153677.5364122,264416.8093459606,1751153681.0613534,3.5249412059783936,1751153683.8216188,264423.0945522785,True,False,False,False,consumer_pod0_proc0_20250628_233437_540898.csv
2107471,synthetic_1,103,1750889260.7272172,1751153677.5364192,264416.8092019558,1751153681.0613534,3.5249342918396,1751153683.8216188,264423.094401598,True,False,False,False,consumer_pod0_proc0_20250628_233437_540898.csv
2107481,synthetic_1,97,1750889260.727368,1751153677.5364263,264416.8090581894,1751153681.0613534,3.5249271392822266,1751153683.8216188,264423.094250679,True,False,False,False,consumer_pod0_proc0_20250628_233437_540898.csv
2107491,synthetic_1,84,1750889260.7275128,1751153677.536433,264416.80892014503,1751153681.0613534,3.524920463562012,1751153683.8216188,264423.09410595894,True,False,False,False,consumer_pod0_proc0_20250628_233437_540898.csv
2107501,synthetic_1,84,1750889260.7276711,1751153677.53644,264416.80876874924,1751153681.0613534,3.5249135494232178,1751153683.8216188,264423.093947649,True,False,False,False,consumer_pod0_proc0_20250628_233437_540898.csv
2107511,synthetic_1,104,1750889260.7278252,1751153677.5364478,264416.80862259865,1751153681.0613534,3.5249056816101074,1751153683.8216188,264423.0937936306,True,False,False,False,consumer_pod0_proc0_20250628_233437_540898.csv
2107521,synthetic_1,97,1750889260.7279842,1751153677.5364554,264416.80847120285,1751153681.0613534,3.524898052215576,1751153683.8216188,264423.0936346054,True,False,False,False,consumer_pod0_proc0_20250628_233437_540898.csv
2107531,synthetic_1,102,1750889260.72814,1751153677.5364633,264416.8083231449,1751153681.0613534,3.524890184402466,1751153683.8216188,264423.09347867966,True,False,False,False,consumer_pod0_proc0_20250628_233437_540898.csv
2107541,synthetic_1,83,1750889260.7282894,1751153677.5364711,264416.8081817627,1751153681.0613534,3.5248823165893555,1751153683.8216188,264423.0933294296,True,False,False,False,consumer_pod0_proc0_20250628_233437_540898.csv
2107551,synthetic_1,84,1750889260.7284544,1751153677.5364928,264416.8080384732,1751153681.0613534,3.524860620498657,1751153683.8216188,264423.09316444397,True,False,False,False,consumer_pod0_proc0_20250628_233437_540898.csv
2107561,synthetic_1,91,1750889260.9178703,1751153677.5365014,264416.6186311245,1751153681.0613534,3.5248520374298096,1751153683.8216188,264422.90374851227,True,False,False,False,consumer_pod0_proc0_20250628_233437_540898.csv
2107571,synthetic_1,84,1750889260.9180615,1751153677.536508,264416.6184465885,1751153681.0613534,3.5248453617095947,1751153683.8216188,264422.90355730057,True,False,False,False,consumer_pod0_proc0_20250628_233437_540898.csv
2051551,synthetic_1,103,1750889260.9189456,1751153677.5365148,264416.61756920815,1751153681.0613534,3.52483868598938,1751153683.8216188,264422.9026732445,True,True,False,False,consumer_pod0_proc0_20250628_233437_540898.csv
2107581,synthetic_1,84,1750889260.9182491,1751153677.5365214,264416.61827230453,1751153681.0613534,3.524832010269165,1751153683.8216188,264422.90336966515,True,False,False,False,consumer_pod0_proc0_20250628_233437_540898.csv
2051561,synthetic_1,104,1750889260.9191866,1751153677.536528,264416.6173415184,1751153681.0613534,3.52482533454895,1751153683.8216188,264422.9024322033,True,True,False,False,consumer_pod0_proc0_20250628_233437_540898.csv
2107591,synthetic_1,84,1750889260.9185226,1751153677.5365348,264416.61801218987,1751153681.0613534,3.524818658828736,1751153683.8216188,264422.90309619904,True,False,False,False,consumer_pod0_proc0_20250628_233437_540898.csv
2107601,synthetic_1,104,1750889260.918763,1751153677.5365412,264416.61777830124,1751153681.0613534,3.5248122215271,1751153683.8216188,264422.9028558731,True,False,False,False,consumer_pod0_proc0_20250628_233437_540898.csv
2107611,synthetic_1,91,1750889260.9191327,1751153677.536548,264416.61741518974,1751153681.0613534,3.5248055458068848,1751153683.8216188,264422.9024860859,True,False,False,False,consumer_pod0_proc0_20250628_233437_540898.csv
2051571,synthetic_1,83,1750889260.9196117,1751153677.536555,264416.6169435978,1751153681.0613534,3.524798393249512,1751153683.8216188,264422.90200710297,True,True,False,False,consumer_pod0_proc0_20250628_233437_540898.csv
2107621,synthetic_1,91,1750889260.9195223,1751153677.5365615,264416.61703920364,1751153681.0613534,3.524791955947876,1751153683.8216188,264422.90209650993,True,False,False,False,consumer_pod0_proc0_20250628_233437_540898.csv
2051581,synthetic_1,83,1750889260.919854,1751153677.5365686,264416.616714716,1751153681.0613534,3.524784803390503,1751153683.8216188,264422.9017648697,True,True,False,False,consumer_pod0_proc0_20250628_233437_540898.csv
2051591,synthetic_1,90,1750889260.9201117,1751153677.5365753,264416.6164636612,1751153681.0613534,3.524778127670288,1751153683.8216188,264422.9015071392,True,False,False,False,consumer_pod0_proc0_20250628_233437_540898.csv
2051601,synthetic_1,100,1750889260.920365,1751153677.536582,264416.61621665955,1751153681.0613534,3.524771451950073,1751153683.8216188,264422.90125370026,True,False,False,False,consumer_pod0_proc0_20250628_233437_540898.csv
2051611,synthetic_1,84,1750889260.9206572,1751153677.5365891,264416.61593198776,1751153681.0613534,3.5247642993927,1751153683.8216188,264422.9009616375,True,False,False,False,consumer_pod0_proc0_20250628_233437_540898.csv
2051621,synthetic_1,96,1750889260.920942,1751153677.536596,264416.6156539917,1751153681.0613534,3.5247573852539062,1751153683.8216188,264422.9006767273,True,False,False,False,consumer_pod0_proc0_20250628_233437_540898.csv
2051631,synthetic_1,98,1750889260.9212215,1751153677.5366032,264416.6153817177,1751153681.0613534,3.524750232696533,1751153683.8216188,264422.9003973007,True,False,False,False,consumer_pod0_proc0_20250628_233437_540898.csv
2051641,synthetic_1,90,1750889260.9214602,1751153677.5366104,264416.61515021324,1751153681.0613534,3.52474308013916,1751153683.8216188,264422.9001586437,True,False,False,False,consumer_pod0_proc0_20250628_233437_540898.csv
2051651,synthetic_1,104,1750889260.921731,1751153677.536617,264416.61488604546,1751153681.0613534,3.5247364044189453,1751153683.8216188,264422.8998878002,True,False,False,False,consumer_pod0_proc0_20250628_233437_540898.csv
2051661,synthetic_1,101,1750889260.9220543,1751153677.5366237,264416.6145694256,1751153681.0613534,3.5247297286987305,1751153683.8216188,264422.8995645046,True,False,False,False,consumer_pod0_proc0_20250628_233437_540898.csv
2051671,synthetic_1,103,1750889260.9223533,1751153677.5366302,264416.614276886,1751153681.0613534,3.5247232913970947,1751153683.8216188,264422.8992655277,True,False,False,False,consumer_pod0_proc0_20250628_233437_540898.csv
2051681,synthetic_1,84,1750889260.9226508,1751153677.536637,264416.61398625374,1751153681.0613534,3.524716377258301,1751153683.8216188,264422.89896798134,True,False,False,False,consumer_pod0_proc0_20250628_233437_540898.csv
2051691,synthetic_1,84,1750889260.9229546,1751153677.5366435,264416.61368894577,1751153681.0613534,3.524709939956665,1751153683.8216188,264422.89866423607,True,False,False,False,consumer_pod0_proc0_20250628_233437_540898.csv
2051701,synthetic_1,83,1750889260.92321,1751153677.5366502,264416.6134400368,1751153681.0613534,3.52470326423645,1751153683.8216188,264422.89840888977,True,False,False,False,consumer_pod0_proc0_20250628_233437_540898.csv
2051711,synthetic_1,88,1750889260.9235065,1751153677.5366566,264416.6131501198,1751153681.0613534,3.5246968269348145,1751153683.8216188,264422.89811229706,True,False,False,False,consumer_pod0_proc0_20250628_233437_540898.csv
2051721,synthetic_1,97,1750889260.9238248,1751153677.5366638,264416.61283898354,1751153681.0613534,3.5246896743774414,1751153683.8216188,264422.89779400826,True,False,False,False,consumer_pod0_proc0_20250628_233437_540898.csv
2051731,synthetic_1,83,1750889260.9240637,1751153677.5366707,264416.61260700226,1751153681.0613534,3.5246827602386475,1751153683.8216188,264422.89755511284,True,False,False,False,consumer_pod0_proc0_20250628_233437_540898.csv
2051741,synthetic_1,105,1750889260.924327,1751153677.5366776,264416.6123509407,1751153681.0613534,3.524675846099853,1751153683.8216188,264422.8972918987,True,False,False,False,consumer_pod0_proc0_20250628_233437_540898.csv
2051751,synthetic_1,82,1750889260.924664,1751153677.5366845,264416.61202025414,1751153681.0613534,3.52466893196106,1751153683.8216188,264422.89695477486,True,False,False,False,consumer_pod0_proc0_20250628_233437_540898.csv
2051761,synthetic_1,98,1750889260.9249167,1751153677.536692,264416.61177539825,1751153681.0613534,3.5246615409851074,1751153683.8216188,264422.89670205116,True,False,False,False,consumer_pod0_proc0_20250628_233437_540898.csv
2051771,synthetic_1,103,1750889260.925187,1751153677.536699,264416.6115117073,1751153681.0613534,3.5246543884277344,1751153683.8216188,264422.8964316845,True,False,False,False,consumer_pod0_proc0_20250628_233437_540898.csv
2051781,synthetic_1,96,1750889260.925695,1751153677.5367064,264416.6110115051,1751153681.0613534,3.5246469974517822,1751153683.8216188,264422.8959238529,True,False,False,False,consumer_pod0_proc0_20250628_233437_540898.csv
2051791,synthetic_1,104,1750889260.9261358,1751153677.5367134,264416.6105775833,1751153681.0613534,3.5246400833129883,1751153683.8216188,264422.89548301697,True,False,False,False,consumer_pod0_proc0_20250628_233437_540898.csv
2051801,synthetic_1,101,1750889260.9264543,1751153677.5367205,264416.61026597023,1751153681.0613534,3.5246329307556152,1751153683.8216188,264422.89516448975,True,False,False,False,consumer_pod0_proc0_20250628_233437_540898.csv
2051811,synthetic_1,84,1750889260.9266737,1751153677.5367277,264416.6100540161,1751153681.0613534,3.524625778198242,1751153683.8216188,264422.89494514465,True,False,False,False,consumer_pod0_proc0_20250628_233437_540898.csv
2051821,synthetic_1,91,1750889260.9268346,1751153677.536734,264416.6098995209,1751153681.0613534,3.5246193408966064,1751153683.8216188,264422.8947842121,True,False,False,False,consumer_pod0_proc0_20250628_233437_540898.csv
2051831,synthetic_1,95,1750889260.926989,1751153677.5367408,264416.6097517013,1751153681.0613534,3.524612665176392,1751153683.8216188,264422.8946297169,True,False,False,False,consumer_pod0_proc0_20250628_233437_540898.csv
2051841,synthetic_1,102,1750889260.9271414,1751153677.5367477,264416.6096060276,1751153681.0613534,3.5246057510375977,1751153683.8216188,264422.8944773674,True,False,False,False,consumer_pod0_proc0_20250628_233437_540898.csv
2051851,synthetic_1,97,1750889260.9272888,1751153677.536754,264416.60946536064,1751153681.0613534,3.524599552154541,1751153683.8216188,264422.8943300247,True,False,False,False,consumer_pod0_proc0_20250628_233437_540898.csv
2051861,synthetic_1,88,1750889260.9274397,1751153677.536761,264416.6093213558,1751153681.0613534,3.524592399597168,1751153683.8216188,264422.89417910576,True,False,False,False,consumer_pod0_proc0_20250628_233437_540898.csv
2051871,synthetic_1,103,1750889260.9275866,1751153677.5367675,264416.6091811657,1751153681.0613534,3.524585962295532,1751153683.8216188,264422.8940322399,True,False,False,False,consumer_pod0_proc0_20250628_233437_540898.csv
2051881,synthetic_1,104,1750889260.9277413,1751153677.5367749,264416.6090335846,1751153681.0613534,3.52457857131958,1751153683.8216188,264422.89387750626,True,False,False,False,consumer_pod0_proc0_20250628_233437_540898.csv
2107631,synthetic_1,84,1750889260.9199436,1751153677.5367818,264416.6168382168,1751153681.0613534,3.524571657180786,1751153683.8216188,264422.9016752243,True,False,False,False,consumer_pod0_proc0_20250628_233437_540898.csv
2051891,synthetic_1,84,1750889260.9278858,1751153677.5367882,264416.6089024544,1751153681.0613534,3.5245652198791504,1751153683.8216188,264422.8937330246,True,True,False,False,consumer_pod0_proc0_20250628_233437_540898.csv
2051901,synthetic_1,105,1750889260.9280405,1751153677.536795,264416.60875463486,1751153681.0613534,3.5245585441589355,1751153683.8216188,264422.89357829094,True,False,False,False,consumer_pod0_proc0_20250628_233437_540898.csv
2051911,synthetic_1,84,1750889260.9281936,1751153677.5368018,264416.60860824585,1751153681.0613534,3.5245516300201416,1751153683.8216188,264422.8934252262,True,False,False,False,consumer_pod0_proc0_20250628_233437_540898.csv
2051921,synthetic_1,90,1750889260.9283433,1751153677.5368085,264416.6084649563,1751153681.0613534,3.5245449542999268,1751153683.8216188,264422.89327549934,True,False,False,False,consumer_pod0_proc0_20250628_233437_540898.csv
2051931,synthetic_1,95,1750889261.0167804,1751153677.5368145,264416.5200340748,1751153681.0613534,3.524538993835449,1751153683.8216188,264422.80483841896,True,False,False,False,consumer_pod0_proc0_20250628_233437_540898.csv
2051941,synthetic_1,82,1750889261.018069,1751153677.536821,264416.51875185966,1751153681.0613534,3.524532556533813,1751153683.8216188,264422.80354976654,True,False,False,False,consumer_pod0_proc0_20250628_233437_540898.csv
2051951,synthetic_1,100,1750889261.0182877,1751153677.536827,264416.5185396672,1751153681.0613534,3.524526357650757,1751153683.8216188,264422.8033311367,True,False,False,False,consumer_pod0_proc0_20250628_233437_540898.csv
2051961,synthetic_1,90,1750889261.0185611,1751153677.5368342,264416.5182731152,1751153681.0613534,3.524519205093384,1751153683.8216188,264422.8030576706,True,False,False,False,consumer_pod0_proc0_20250628_233437_540898.csv
2051971,synthetic_1,90,1750889261.0188088,1751153677.536841,264416.5180318356,1751153681.0613534,3.524512529373169,1751153683.8216188,264422.8028099537,True,False,False,False,consumer_pod0_proc0_20250628_233437_540898.csv
2051981,synthetic_1,102,1750889261.0190637,1751153677.5368474,264416.5177836418,1751153681.0613534,3.524506092071533,1751153683.8216188,264422.8025550842,True,False,False,False,consumer_pod0_proc0_20250628_233437_540898.csv
2051991,synthetic_1,96,1750889261.019341,1751153677.536855,264416.5175139904,1751153681.0613534,3.524498462677002,1751153683.8216188,264422.8022778034,True,False,False,False,consumer_pod0_proc0_20250628_233437_540898.csv
2052001,synthetic_1,102,1750889261.0196197,1751153677.5368614,264416.5172419548,1751153681.0613534,3.524492025375366,1751153683.8216188,264422.8019990921,True,False,False,False,consumer_pod0_proc0_20250628_233437_540898.csv
2052011,synthetic_1,84,1750889261.0198896,1751153677.5368686,264416.5169789791,1751153681.0613534,3.524484872817993,1751153683.8216188,264422.80172920227,True,False,False,False,consumer_pod0_proc0_20250628_233437_540898.csv
2052021,synthetic_1,91,1750889261.0200765,1751153677.5368748,264416.5167982578,1751153681.0613534,3.5244786739349365,1751153683.8216188,264422.8015422821,True,False,False,False,consumer_pod0_proc0_20250628_233437_540898.csv
2052031,synthetic_1,89,1750889261.020365,1751153677.5368812,264416.51651620865,1751153681.0613534,3.524472236633301,1751153683.8216188,264422.8012537956,True,False,False,False,consumer_pod0_proc0_20250628_233437_540898.csv
2052041,synthetic_1,83,1750889261.0206995,1751153677.5368874,264416.51618766785,1751153681.0613534,3.524466037750244,1751153683.8216188,264422.80091929436,True,False,False,False,consumer_pod0_proc0_20250628_233437_540898.csv
2052051,synthetic_1,103,1750889261.021001,1751153677.5368934,264416.5158922672,1751153681.0613534,3.5244600772857666,1751153683.8216188,264422.80061769485,True,False,False,False,consumer_pod0_proc0_20250628_233437_540898.csv
2052061,synthetic_1,103,1750889261.021255,1751153677.5369,264416.5156450272,1751153681.0613534,3.524453401565552,1751153683.8216188,264422.80036377907,True,False,False,False,consumer_pod0_proc0_20250628_233437_540898.csv
2052071,synthetic_1,98,1750889261.021556,1751153677.5369067,264416.51535081863,1751153681.0613534,3.524446725845337,1751153683.8216188,264422.8000628948,True,False,False,False,consumer_pod0_proc0_20250628_233437_540898.csv
2052081,synthetic_1,83,1750889261.0218604,1751153677.5369132,264416.5150527954,1751153681.0613534,3.524440288543701,1751153683.8216188,264422.7997584343,True,False,False,False,consumer_pod0_proc0_20250628_233437_540898.csv
2052091,synthetic_1,91,1750889261.0221753,1751153677.5369196,264416.51474428177,1751153681.0613534,3.524433851242065,1751153683.8216188,264422.79944348335,True,False,False,False,consumer_pod0_proc0_20250628_233437_540898.csv
2052101,synthetic_1,101,1750889261.0224843,1751153677.5369258,264416.5144412517,1751153681.0613534,3.524427652359009,1751153683.8216188,264422.7991344929,True,False,False,False,consumer_pod0_proc0_20250628_233437_540898.csv
2052111,synthetic_1,84,1750889261.0227942,1751153677.5369325,264416.51413822174,1751153681.0613534,3.524420976638794,1751153683.8216188,264422.7988245487,True,False,False,False,consumer_pod0_proc0_20250628_233437_540898.csv
2052121,synthetic_1,88,1750889261.023015,1751153677.5369384,264416.5139234066,1751153681.0613534,3.5244150161743164,1751153683.8216188,264422.7986037731,True,False,False,False,consumer_pod0_proc0_20250628_233437_540898.csv
2052131,synthetic_1,97,1750889261.0232444,1751153677.5369446,264416.5137002468,1751153681.0613534,3.52440881729126,1751153683.8216188,264422.79837441444,True,False,False,False,consumer_pod0_proc0_20250628_233437_540898.csv
2052141,synthetic_1,84,1750889261.0234685,1751153677.5369513,264416.51348280907,1751153681.0613534,3.524402141571045,1751153683.8216188,264422.798150301,True,False,False,False,consumer_pod0_proc0_20250628_233437_540898.csv
2052151,synthetic_1,89,1750889261.0236726,1751153677.5369582,264416.5132856369,1751153681.0613534,3.524395227432251,1751153683.8216188,264422.7979462147,True,False,False,False,consumer_pod0_proc0_20250628_233437_540898.csv
2052161,synthetic_1,103,1750889261.0238285,1751153677.536965,264416.51313614845,1751153681.0613534,3.524388551712036,1751153683.8216188,264422.7977902889,True,False,False,False,consumer_pod0_proc0_20250628_233437_540898.csv
2052171,synthetic_1,105,1750889261.0239966,1751153677.536971,264416.5129747391,1751153681.0613534,3.5243823528289795,1751153683.8216188,264422.7976222038,True,False,False,False,consumer_pod0_proc0_20250628_233437_540898.csv
2052181,synthetic_1,91,1750889261.0241575,1751153677.5369778,264416.51282024384,1751153681.0613534,3.5243756771087646,1751153683.8216188,264422.7974612713,True,False,False,False,consumer_pod0_proc0_20250628_233437_540898.csv
2052191,synthetic_1,89,1750889261.024316,1751153677.5369842,264416.5126681328,1751153681.0613534,3.524369239807129,1751153683.8216188,264422.79730272293,True,False,False,False,consumer_pod0_proc0_20250628_233437_540898.csv
2052201,synthetic_1,87,1750889261.0244682,1751153677.5369906,264416.51252245903,1751153681.0613534,3.524362802505493,1751153683.8216188,264422.7971506119,True,False,False,False,consumer_pod0_proc0_20250628_233437_540898.csv
2052211,synthetic_1,98,1750889261.0246384,1751153677.5369973,264416.5123589039,1751153681.0613534,3.5243561267852783,1751153683.8216188,264422.796980381,True,False,False,False,consumer_pod0_proc0_20250628_233437_540898.csv
2052221,synthetic_1,91,1750889261.0247967,1751153677.5370038,264416.51220703125,1751153681.0613534,3.5243496894836426,1751153683.8216188,264422.7968220711,True,False,False,False,consumer_pod0_proc0_20250628_233437_540898.csv
2052231,synthetic_1,103,1750889261.024962,1751153677.5370102,264416.5120482445,1751153681.0613534,3.524343252182007,1751153683.8216188,264422.796656847,True,False,False,False,consumer_pod0_proc0_20250628_233437_540898.csv
2052241,synthetic_1,89,1750889261.025125,1751153677.5370166,264416.51189160347,1751153681.0613534,3.524336814880371,1751153683.8216188,264422.7964937687,True,False,False,False,consumer_pod0_proc0_20250628_233437_540898.csv
2052251,synthetic_1,83,1750889261.025284,1751153677.5370228,264416.5117387772,1751153681.0613534,3.5243306159973145,1751153683.8216188,264422.7963347435,True,False,False,False,consumer_pod0_proc0_20250628_233437_540898.csv
2052261,synthetic_1,84,1750889261.0254471,1751153677.537029,264416.51158189774,1751153681.0613534,3.524324417114258,1751153683.8216188,264422.7961716652,True,False,False,False,consumer_pod0_proc0_20250628_233437_540898.csv
2052271,synthetic_1,89,1750889261.025607,1751153677.5370357,264416.51142835617,1751153681.0613534,3.524317741394043,1751153683.8216188,264422.7960116863,True,False,False,False,consumer_pod0_proc0_20250628_233437_540898.csv
2052281,synthetic_1,83,1750889261.0257657,1751153677.537042,264416.5112762451,1751153681.0613534,3.5243115425109863,1751153683.8216188,264422.79585313797,True,False,False,False,consumer_pod0_proc0_20250628_233437_540898.csv
2052291,synthetic_1,98,1750889261.0259247,1751153677.5370483,264416.5111236572,1751153681.0613534,3.5243051052093506,1751153683.8216188,264422.7956941128,True,False,False,False,consumer_pod0_proc0_20250628_233437_540898.csv
2052301,synthetic_1,98,1750889261.0260825,1751153677.5370548,264416.51097249985,1751153681.0613534,3.524298667907715,1751153683.8216188,264422.7955362797,True,False,False,False,consumer_pod0_proc0_20250628_233437_540898.csv
2052311,synthetic_1,83,1750889261.0262382,1751153677.5370617,264416.5108232498,1751153681.0613534,3.524291753768921,1751153683.8216188,264422.79538059235,True,False,False,False,consumer_pod0_proc0_20250628_233437_540898.csv
2052321,synthetic_1,105,1750889261.0263977,1751153677.537068,264416.5106704235,1751153681.0613534,3.5242855548858643,1751153683.8216188,264422.7952210903,True,False,False,False,consumer_pod0_proc0_20250628_233437_540898.csv
2052331,synthetic_1,91,1750889261.0265665,1751153677.5370743,264416.51050782204,1751153681.0613534,3.5242791175842285,1751153683.8216188,264422.79505228996,True,False,False,False,consumer_pod0_proc0_20250628_233437_540898.csv
2052341,synthetic_1,103,1750889261.0267267,1751153677.5370808,264416.51035404205,1751153681.0613534,3.5242726802825928,1751153683.8216188,264422.7948920727,True,False,False,False,consumer_pod0_proc0_20250628_233437_540898.csv
2052351,synthetic_1,83,1750889261.0268795,1751153677.5370877,264416.5102081299,1751153681.0613534,3.524265766143799,1751153683.8216188,264422.79473924637,True,False,False,False,consumer_pod0_proc0_20250628_233437_540898.csv
2052361,synthetic_1,103,1750889261.027038,1751153677.5370944,264416.51005625725,1751153681.0613534,3.524259090423584,1751153683.8216188,264422.794580698,True,False,False,False,consumer_pod0_proc0_20250628_233437_540898.csv
2052371,synthetic_1,90,1750889261.0271988,1751153677.537101,264416.50990223885,1751153681.0613534,3.524252414703369,1751153683.8216188,264422.7944200039,True,False,False,False,consumer_pod0_proc0_20250628_233437_540898.csv
2052381,synthetic_1,105,1750889261.027356,1751153677.5371077,264416.5097513199,1751153681.0613534,3.5242457389831543,1751153683.8216188,264422.79426288605,True,False,False,False,consumer_pod0_proc0_20250628_233437_540898.csv
2052391,synthetic_1,90,1750889261.0275202,1751153677.537114,264416.5095939636,1751153681.0613534,3.5242395401000977,1751153683.8216188,264422.79409861565,True,False,False,False,consumer_pod0_proc0_20250628_233437_540898.csv
2052401,synthetic_1,88,1750889261.0276794,1751153677.5371206,264416.5094411373,1751153681.0613534,3.524232864379883,1751153683.8216188,264422.79393935204,True,False,False,False,consumer_pod0_proc0_20250628_233437_540898.csv
2052411,synthetic_1,82,1750889261.027842,1751153677.537127,264416.50928497314,1751153681.0613534,3.524226427078247,1751153683.8216188,264422.79377675056,True,False,False,False,consumer_pod0_proc0_20250628_233437_540898.csv
2052421,synthetic_1,96,1750889261.027998,1751153677.537133,264416.50913500786,1751153681.0613534,3.524220466613769,1751153683.8216188,264422.7936208248,True,False,False,False,consumer_pod0_proc0_20250628_233437_540898.csv
2052431,synthetic_1,91,1750889261.0281606,1751153677.5371397,264416.5089790821,1751153681.0613534,3.5242137908935547,1751153683.8216188,264422.79345822334,True,False,False,False,consumer_pod0_proc0_20250628_233437_540898.csv
2052441,synthetic_1,98,1750889261.0283206,1751153677.537146,264416.50882554054,1751153681.0613534,3.524207353591919,1751153683.8216188,264422.7932982445,True,False,False,False,consumer_pod0_proc0_20250628_233437_540898.csv
2052451,synthetic_1,83,1750889261.1166148,1751153677.5371523,264416.4205377102,1751153681.0613534,3.5242011547088623,1751153683.8216188,264422.7050039768,True,False,False,False,consumer_pod0_proc0_20250628_233437_540898.csv
2112421,synthetic_1,105,1750889262.4220417,1751153677.537159,264415.1151173115,1751153681.0613534,3.5241944789886475,1751153683.8216188,264421.3995771408,True,False,False,False,consumer_pod0_proc0_20250628_233437_540898.csv
2112431,synthetic_1,102,1750889262.422554,1751153677.5371656,264415.1146116257,1751153681.0613534,3.5241878032684326,1751153683.8216188,264421.3990647793,True,False,False,False,consumer_pod0_proc0_20250628_233437_540898.csv
2056241,synthetic_1,90,1750889262.421681,1751153677.537172,264415.1154911518,1751153681.0613534,3.524181365966797,1751153683.8216188,264421.3999378681,True,True,False,False,consumer_pod0_proc0_20250628_233437_540898.csv
2056251,synthetic_1,103,1750889262.422119,1751153677.5371785,264415.11505937576,1751153681.0613534,3.524174928665161,1751153683.8216188,264421.3994998932,True,False,False,False,consumer_pod0_proc0_20250628_233437_540898.csv
2112441,synthetic_1,97,1750889262.4229896,1751153677.5371847,264415.1141951084,1751153681.0613534,3.5241687297821045,1751153683.8216188,264421.39862918854,True,False,False,False,consumer_pod0_proc0_20250628_233437_540898.csv
2056261,synthetic_1,94,1750889262.4226797,1751153677.5371916,264415.1145119667,1751153681.0613534,3.5241618156433105,1751153683.8216188,264421.3989391327,True,True,False,False,consumer_pod0_proc0_20250628_233437_540898.csv
2112451,synthetic_1,96,1750889262.4232717,1751153677.537199,264415.11392736435,1751153681.0613534,3.5241544246673584,1751153683.8216188,264421.39834713936,True,False,False,False,consumer_pod0_proc0_20250628_233437_540898.csv
2056271,synthetic_1,82,1750889262.423144,1751153677.5372057,264415.1140618324,1751153681.0613534,3.524147748947144,1751153683.8216188,264421.3984746933,True,True,False,False,consumer_pod0_proc0_20250628_233437_540898.csv
2112461,synthetic_1,84,1750889262.4234836,1751153677.537212,264415.11372852325,1751153681.0613534,3.524141550064087,1751153683.8216188,264421.39813518524,True,False,False,False,consumer_pod0_proc0_20250628_233437_540898.csv
2112471,synthetic_1,102,1750889262.4236915,1751153677.5372186,264415.11352682114,1751153681.0613534,3.524134874343872,1751153683.8216188,264421.39792728424,True,False,False,False,consumer_pod0_proc0_20250628_233437_540898.csv
2112481,synthetic_1,103,1750889262.4238846,1751153677.5372252,264415.1133406162,1751153681.0613534,3.524128198623657,1751153683.8216188,264421.3977341652,True,False,False,False,consumer_pod0_proc0_20250628_233437_540898.csv
2112491,synthetic_1,91,1750889262.424055,1751153677.5372317,264415.1131763458,1751153681.0613534,3.524121761322021,1751153683.8216188,264421.3975636959,True,False,False,False,consumer_pod0_proc0_20250628_233437_540898.csv
2112501,synthetic_1,90,1750889262.4242122,1751153677.537238,264415.1130259037,1751153681.0613534,3.524115562438965,1751153683.8216188,264421.39740657806,True,False,False,False,consumer_pod0_proc0_20250628_233437_540898.csv
2112511,synthetic_1,96,1750889262.424375,1751153677.5372443,264415.1128692627,1751153681.0613534,3.524109125137329,1751153683.8216188,264421.3972437382,True,False,False,False,consumer_pod0_proc0_20250628_233437_540898.csv
2112521,synthetic_1,96,1750889262.518539,1751153677.537251,264415.01871204376,1751153681.0613534,3.5241024494171143,1751153683.8216188,264421.3030798435,True,False,False,False,consumer_pod0_proc0_20250628_233437_540898.csv
2056281,synthetic_1,91,1750889262.4235053,1751153677.5372574,264415.1137521267,1751153681.0613534,3.5240960121154785,1751153683.8216188,264421.39811348915,True,True,False,False,consumer_pod0_proc0_20250628_233437_540898.csv
2056291,synthetic_1,84,1750889262.4237633,1751153677.537264,264415.1135008335,1751153681.0613534,3.524089336395264,1751153683.8216188,264421.39785552025,True,False,False,False,consumer_pod0_proc0_20250628_233437_540898.csv
2056301,synthetic_1,104,1750889262.4239752,1751153677.5372703,264415.1132950783,1751153681.0613534,3.524083137512207,1751153683.8216188,264421.39764356613,True,False,False,False,consumer_pod0_proc0_20250628_233437_540898.csv
2056311,synthetic_1,104,1750889262.4241316,1751153677.5372772,264415.1131455898,1751153681.0613534,3.524076223373413,1751153683.8216188,264421.39748716354,True,False,False,False,consumer_pod0_proc0_20250628_233437_540898.csv
2056321,synthetic_1,97,1750889262.4242845,1751153677.537284,264415.11299943924,1751153681.0613534,3.5240695476531982,1751153683.8216188,264421.39733433723,True,False,False,False,consumer_pod0_proc0_20250628_233437_540898.csv
2112531,synthetic_1,83,1750889262.5189545,1751153677.5372903,264415.01833581924,1751153681.0613534,3.5240631103515625,1751153683.8216188,264421.30266427994,True,False,False,False,consumer_pod0_proc0_20250628_233437_540898.csv
2112541,synthetic_1,104,1750889262.519472,1751153677.5372963,264415.0178244114,1751153681.0613534,3.524057149887085,1751153683.8216188,264421.3021469116,True,False,False,False,consumer_pod0_proc0_20250628_233437_540898.csv
2056331,synthetic_1,97,1750889262.424437,1751153677.537304,264415.1128668785,1751153681.0613534,3.5240495204925537,1751153683.8216188,264421.39718174934,True,True,False,False,consumer_pod0_proc0_20250628_233437_540898.csv
2056341,synthetic_1,104,1750889262.5194516,1751153677.53731,264415.01785850525,1751153681.0613534,3.524043560028076,1751153683.8216188,264421.3021671772,True,False,False,False,consumer_pod0_proc0_20250628_233437_540898.csv
2056351,synthetic_1,84,1750889262.5198228,1751153677.537317,264415.01749420166,1751153681.0613534,3.524036407470703,1751153683.8216188,264421.3017959595,True,False,False,False,consumer_pod0_proc0_20250628_233437_540898.csv
2056361,synthetic_1,98,1750889262.5201485,1751153677.537324,264415.01717567444,1751153681.0613534,3.524029493331909,1751153683.8216188,264421.3014702797,True,False,False,False,consumer_pod0_proc0_20250628_233437_540898.csv
2056371,synthetic_1,96,1750889262.520508,1751153677.5373306,264415.0168225765,1751153681.0613534,3.5240228176116943,1751153683.8216188,264421.3011107445,True,False,False,False,consumer_pod0_proc0_20250628_233437_540898.csv
2056381,synthetic_1,87,1750889262.520862,1751153677.5373373,264415.0164754391,1751153681.0613534,3.5240161418914795,1751153683.8216188,264421.3007566929,True,False,False,False,consumer_pod0_proc0_20250628_233437_540898.csv
2056391,synthetic_1,102,1750889262.5212014,1751153677.5373435,264415.0161423683,1751153681.0613534,3.524009943008423,1751153683.8216188,264421.30041742325,True,False,False,False,consumer_pod0_proc0_20250628_233437_540898.csv
2112551,synthetic_1,90,1750889262.5198486,1751153677.5373502,264415.01750159264,1751153681.0613534,3.524003267288208,1751153683.8216188,264421.30177021027,True,False,False,False,consumer_pod0_proc0_20250628_233437_540898.csv
2112561,synthetic_1,84,1750889262.5202954,1751153677.5373569,264415.01706147194,1751153681.0613534,3.523996591567993,1751153683.8216188,264421.30132341385,True,False,False,False,consumer_pod0_proc0_20250628_233437_540898.csv
2112571,synthetic_1,84,1750889262.5206363,1751153677.537363,264415.01672673225,1751153681.0613534,3.5239903926849365,1751153683.8216188,264421.3009824753,True,False,False,False,consumer_pod0_proc0_20250628_233437_540898.csv
2056401,synthetic_1,83,1750889262.521537,1751153677.5373693,264415.01583218575,1751153681.0613534,3.52398419380188,1751153683.8216188,264421.3000817299,True,True,False,False,consumer_pod0_proc0_20250628_233437_540898.csv
2112581,synthetic_1,104,1750889262.520928,1751153677.5373757,264415.0164475441,1751153681.0613534,3.523977756500244,1751153683.8216188,264421.30069088936,True,False,False,False,consumer_pod0_proc0_20250628_233437_540898.csv
2056411,synthetic_1,91,1750889262.5218875,1751153677.5373824,264415.01549482346,1751153681.0613534,3.5239710807800293,1751153683.8216188,264421.2997312546,True,True,False,False,consumer_pod0_proc0_20250628_233437_540898.csv
2056421,synthetic_1,97,1750889262.522257,1751153677.537389,264415.015131712,1751153681.0613534,3.5239644050598145,1751153683.8216188,264421.2993617058,True,False,False,False,consumer_pod0_proc0_20250628_233437_540898.csv
2112591,synthetic_1,104,1750889262.5212622,1751153677.5373957,264415.0161333084,1751153681.0613534,3.5239577293396,1751153683.8216188,264421.3003566265,True,False,False,False,consumer_pod0_proc0_20250628_233437_540898.csv
2056431,synthetic_1,96,1750889262.5226126,1751153677.5374022,264415.0147895813,1751153681.0613534,3.523951292037964,1751153683.8216188,264421.2990062237,True,True,False,False,consumer_pod0_proc0_20250628_233437_540898.csv
2112601,synthetic_1,103,1750889262.5216055,1751153677.5374093,264415.01580381393,1751153681.0613534,3.523944139480591,1751153683.8216188,264421.30001330376,True,False,False,False,consumer_pod0_proc0_20250628_233437_540898.csv
2112611,synthetic_1,96,1750889262.521925,1751153677.537416,264415.0154910088,1751153681.0613534,3.523937463760376,1751153683.8216188,264421.29969382286,True,False,False,False,consumer_pod0_proc0_20250628_233437_540898.csv
2112621,synthetic_1,103,1750889262.5223317,1751153677.5374222,264415.01509046555,1751153681.0613534,3.52393126487732,1751153683.8216188,264421.29928708076,True,False,False,False,consumer_pod0_proc0_20250628_233437_540898.csv
2056441,synthetic_1,103,1750889262.5229585,1751153677.537429,264415.01447081566,1751153681.0613534,3.5239243507385254,1751153683.8216188,264421.2986602783,True,True,False,False,consumer_pod0_proc0_20250628_233437_540898.csv
2112631,synthetic_1,83,1750889262.5227258,1751153677.537436,264415.0147101879,1751153681.0613534,3.5239174365997314,1751153683.8216188,264421.29889297485,True,False,False,False,consumer_pod0_proc0_20250628_233437_540898.csv
2112641,synthetic_1,95,1750889262.5232131,1751153677.5374422,264415.0142290592,1751153681.0613534,3.523911237716675,1751153683.8216188,264421.2984056473,True,False,False,False,consumer_pod0_proc0_20250628_233437_540898.csv
2112651,synthetic_1,95,1750889262.5236216,1751153677.5374491,264415.01382756233,1751153681.0613534,3.523904323577881,1751153683.8216188,264421.29799723625,True,False,False,False,consumer_pod0_proc0_20250628_233437_540898.csv
2112661,synthetic_1,101,1750889262.5239158,1751153677.5374558,264415.0135400295,1751153681.0613534,3.523897647857666,1751153683.8216188,264421.2977030277,True,False,False,False,consumer_pod0_proc0_20250628_233437_540898.csv
2056451,synthetic_1,90,1750889262.5232902,1751153677.5374627,264415.014172554,1751153681.0613534,3.523890733718872,1751153683.8216188,264421.2983286381,True,True,False,False,consumer_pod0_proc0_20250628_233437_540898.csv
2056461,synthetic_1,81,1750889262.52361,1751153677.5374691,264415.0138590336,1751153681.0613534,3.5238842964172363,1751153683.8216188,264421.29800868034,True,False,False,False,consumer_pod0_proc0_20250628_233437_540898.csv
2056471,synthetic_1,103,1750889262.523926,1751153677.537475,264415.01354932785,1751153681.0613534,3.523878335952759,1751153683.8216188,264421.2976927757,True,False,False,False,consumer_pod0_proc0_20250628_233437_540898.csv
2112671,synthetic_1,89,1750889262.5242734,1751153677.537482,264415.0132086277,1751153681.0613534,3.523871421813965,1751153683.8216188,264421.29734539986,True,False,False,False,consumer_pod0_proc0_20250628_233437_540898.csv
2112681,synthetic_1,84,1750889262.6179829,1751153677.5374887,264414.9195058346,1751153681.0613534,3.52386474609375,1751153683.8216188,264421.203635931,True,False,False,False,consumer_pod0_proc0_20250628_233437_540898.csv
2056481,synthetic_1,96,1750889262.5242257,1751153677.5374951,264415.01326966286,1751153681.0613534,3.5238583087921143,1751153683.8216188,264421.2973930836,True,True,False,False,consumer_pod0_proc0_20250628_233437_540898.csv
2056491,synthetic_1,97,1750889262.618169,1751153677.537501,264414.91933226585,1751153681.0613534,3.5238523483276367,1751153683.8216188,264421.2034497261,True,False,False,False,consumer_pod0_proc0_20250628_233437_540898.csv
2056501,synthetic_1,82,1750889262.618526,1751153677.5375078,264414.91898179054,1751153681.0613534,3.523845672607422,1751153683.8216188,264421.2030928135,True,False,False,False,consumer_pod0_proc0_20250628_233437_540898.csv
2112691,synthetic_1,83,1750889262.6183252,1751153677.5375144,264414.9191892147,1751153681.0613534,3.523838996887207,1751153683.8216188,264421.20329356194,True,False,False,False,consumer_pod0_proc0_20250628_233437_540898.csv
2112701,synthetic_1,89,1750889262.6186469,1751153677.537521,264414.91887402534,1751153681.0613534,3.5238325595855717,1751153683.8216188,264421.2029719353,True,False,False,False,consumer_pod0_proc0_20250628_233437_540898.csv
2056511,synthetic_1,98,1750889262.6188855,1751153677.537527,264414.91864180565,1751153681.0613534,3.523826360702514,1751153683.8216188,264421.2027332783,True,True,False,False,consumer_pod0_proc0_20250628_233437_540898.csv
2112711,synthetic_1,90,1750889262.6189802,1751153677.5375335,264414.9185533524,1751153681.0613534,3.523819923400879,1751153683.8216188,264421.2026386261,True,False,False,False,consumer_pod0_proc0_20250628_233437_540898.csv
2056521,synthetic_1,98,1750889262.6191864,1751153677.5375395,264414.91835308075,1751153681.0613534,3.5238139629364014,1751153683.8216188,264421.202432394,True,True,False,False,consumer_pod0_proc0_20250628_233437_540898.csv
2112721,synthetic_1,97,1750889262.6193583,1751153677.5375462,264414.91818761826,1751153681.0613534,3.5238072872161865,1751153683.8216188,264421.20226049423,True,False,False,False,consumer_pod0_proc0_20250628_233437_540898.csv
2112731,synthetic_1,104,1750889262.619741,1751153677.5375526,264414.91781163216,1751153681.0613534,3.523800849914551,1751153683.8216188,264421.2018778324,True,False,False,False,consumer_pod0_proc0_20250628_233437_540898.csv
2056531,synthetic_1,82,1750889262.619476,1751153677.5375593,264414.9180831909,1751153681.0613534,3.523794174194336,1751153683.8216188,264421.20214271545,True,True,False,False,consumer_pod0_proc0_20250628_233437_540898.csv
2056541,synthetic_1,104,1750889262.6198182,1751153677.5375657,264414.9177474976,1751153681.0613534,3.5237877368927,1751153683.8216188,264421.2018005848,True,False,False,False,consumer_pod0_proc0_20250628_233437_540898.csv
2112741,synthetic_1,105,1750889262.6201088,1751153677.5375724,264414.91746354103,1751153681.0613534,3.5237810611724854,1751153683.8216188,264421.20150995255,True,False,False,False,consumer_pod0_proc0_20250628_233437_540898.csv
2056551,synthetic_1,91,1750889262.6201637,1751153677.5375788,264414.91741514206,1751153681.0613534,3.5237746238708496,1751153683.8216188,264421.2014551163,True,True,False,False,consumer_pod0_proc0_20250628_233437_540898.csv
2112751,synthetic_1,105,1750889262.6204586,1751153677.5375853,264414.9171266556,1751153681.0613534,3.523768186569214,1751153683.8216188,264421.2011601925,True,False,False,False,consumer_pod0_proc0_20250628_233437_540898.csv
2056561,synthetic_1,83,1750889262.6205983,1751153677.5375917,264414.9169933796,1751153681.0613534,3.523761749267578,1751153683.8216188,264421.2010204792,True,True,False,False,consumer_pod0_proc0_20250628_233437_540898.csv
2056571,synthetic_1,104,1750889262.6209795,1751153677.537598,264414.9166185856,1751153681.0613534,3.523755550384521,1751153683.8216188,264421.2006392479,True,False,False,False,consumer_pod0_proc0_20250628_233437_540898.csv
2112761,synthetic_1,84,1750889262.6208918,1751153677.5376048,264414.91671299934,1751153681.0613534,3.5237486362457275,1751153683.8216188,264421.20072698593,True,False,False,False,consumer_pod0_proc0_20250628_233437_540898.csv
2112771,synthetic_1,105,1750889262.6212726,1751153677.537611,264414.91633844376,1751153681.0613534,3.523742437362671,1751153683.8216188,264421.20034623146,True,False,False,False,consumer_pod0_proc0_20250628_233437_540898.csv
2112781,synthetic_1,96,1750889262.621678,1751153677.5376177,264414.9159395695,1751153681.0613534,3.523735761642456,1751153683.8216188,264421.19994068146,True,False,False,False,consumer_pod0_proc0_20250628_233437_540898.csv
2056581,synthetic_1,96,1750889262.621357,1751153677.5376244,264414.916267395,1751153681.0613534,3.523729085922241,1751153683.8216188,264421.2002618313,True,True,False,False,consumer_pod0_proc0_20250628_233437_540898.csv
2058481,synthetic_1,90,1750889263.2219388,1751153677.5376306,264414.3156917095,1751153681.0613534,3.523722887039185,1751153683.8216188,264420.5996799469,True,False,False,False,consumer_pod0_proc0_20250628_233437_540898.csv
2058491,synthetic_1,91,1750889263.2223096,1751153677.5376372,264414.31532764435,1751153681.0613534,3.5237162113189697,1751153683.8216188,264420.599309206,True,False,False,False,consumer_pod0_proc0_20250628_233437_540898.csv
2058501,synthetic_1,91,1750889263.2227075,1751153677.5376434,264414.3149359226,1751153681.0613534,3.523710012435913,1751153683.8216188,264420.5989112854,True,False,False,False,consumer_pod0_proc0_20250628_233437_540898.csv
2058511,synthetic_1,90,1750889263.223082,1751153677.53765,264414.31456780434,1751153681.0613534,3.5237033367156982,1751153683.8216188,264420.5985367298,True,False,False,False,consumer_pod0_proc0_20250628_233437_540898.csv
2058521,synthetic_1,102,1750889263.2234411,1751153677.537656,264414.31421494484,1751153681.0613534,3.5236973762512207,1751153683.8216188,264420.59817767143,True,False,False,False,consumer_pod0_proc0_20250628_233437_540898.csv
2058531,synthetic_1,89,1750889263.223874,1751153677.5376632,264414.31378912926,1751153681.0613534,3.523690223693848,1751153683.8216188,264420.5977447033,True,False,False,False,consumer_pod0_proc0_20250628_233437_540898.csv
2058541,synthetic_1,82,1750889263.317047,1751153677.5376697,264414.2206225395,1751153681.0613534,3.523683786392212,1751153683.8216188,264420.50457167625,True,False,False,False,consumer_pod0_proc0_20250628_233437_540898.csv
2058551,synthetic_1,84,1750889263.3173146,1751153677.537676,264414.2203614712,1751153681.0613534,3.523677349090576,1751153683.8216188,264420.5043041706,True,False,False,False,consumer_pod0_proc0_20250628_233437_540898.csv
2058561,synthetic_1,95,1750889263.3176026,1751153677.5376823,264414.2200796604,1751153681.0613534,3.5236711502075195,1751153683.8216188,264420.50401616096,True,False,False,False,consumer_pod0_proc0_20250628_233437_540898.csv
2058571,synthetic_1,84,1750889263.3179398,1751153677.5376887,264414.21974897385,1751153681.0613534,3.523664712905884,1751153683.8216188,264420.5036790371,True,False,False,False,consumer_pod0_proc0_20250628_233437_540898.csv
2058581,synthetic_1,96,1750889263.318289,1751153677.537695,264414.2194058895,1751153681.0613534,3.523658514022827,1751153683.8216188,264420.5033297539,True,False,False,False,consumer_pod0_proc0_20250628_233437_540898.csv
2058591,synthetic_1,84,1750889263.3186166,1751153677.5377014,264414.2190847397,1751153681.0613534,3.5236520767211914,1751153683.8216188,264420.50300216675,True,False,False,False,consumer_pod0_proc0_20250628_233437_540898.csv
2058601,synthetic_1,103,1750889263.3189251,1751153677.537708,264414.21878290176,1751153681.0613534,3.523645401000977,1751153683.8216188,264420.5026936531,True,False,False,False,consumer_pod0_proc0_20250628_233437_540898.csv
2058611,synthetic_1,82,1750889263.319208,1751153677.5377145,264414.2185063362,1751153681.0613534,3.523638963699341,1751153683.8216188,264420.5024108887,True,False,False,False,consumer_pod0_proc0_20250628_233437_540898.csv
2058621,synthetic_1,90,1750889263.319462,1751153677.5377212,264414.21825909615,1751153681.0613534,3.523632287979126,1751153683.8216188,264420.50215673447,True,False,False,False,consumer_pod0_proc0_20250628_233437_540898.csv
2058631,synthetic_1,95,1750889263.319759,1751153677.5377276,264414.2179687023,1751153681.0613534,3.5236258506774902,1751153683.8216188,264420.50185990334,True,False,False,False,consumer_pod0_proc0_20250628_233437_540898.csv
2058641,synthetic_1,89,1750889263.3199737,1751153677.5377338,264414.21776008606,1751153681.0613534,3.5236196517944336,1751153683.8216188,264420.5016450882,True,False,False,False,consumer_pod0_proc0_20250628_233437_540898.csv
2058651,synthetic_1,103,1750889263.3203125,1751153677.5377402,264414.217427969,1751153681.0613534,3.523613214492798,1751153683.8216188,264420.5013062954,True,False,False,False,consumer_pod0_proc0_20250628_233437_540898.csv
2058661,synthetic_1,97,1750889263.3206928,1751153677.537747,264414.21705412865,1751153681.0613534,3.523606538772583,1751153683.8216188,264420.50092601776,True,False,False,False,consumer_pod0_proc0_20250628_233437_540898.csv
2058671,synthetic_1,96,1750889263.3210435,1751153677.537753,264414.2167096138,1751153681.0613534,3.5236003398895264,1751153683.8216188,264420.50057530403,True,False,False,False,consumer_pod0_proc0_20250628_233437_540898.csv
2058681,synthetic_1,104,1750889263.321349,1751153677.5377598,264414.21641111374,1751153681.0613534,3.5235936641693115,1751153683.8216188,264420.50026988983,True,False,False,False,consumer_pod0_proc0_20250628_233437_540898.csv
2058691,synthetic_1,83,1750889263.3216355,1751153677.5377665,264414.2161307335,1751153681.0613534,3.5235869884490967,1751153683.8216188,264420.4999833107,True,False,False,False,consumer_pod0_proc0_20250628_233437_540898.csv
2058701,synthetic_1,95,1750889263.3219972,1751153677.537773,264414.2157757282,1751153681.0613534,3.523580551147461,1751153683.8216188,264420.4996216297,True,False,False,False,consumer_pod0_proc0_20250628_233437_540898.csv
2058711,synthetic_1,104,1750889263.3224535,1751153677.5377796,264414.2153258324,1751153681.0613534,3.523573875427246,1751153683.8216188,264420.49916529655,True,False,False,False,consumer_pod0_proc0_20250628_233437_540898.csv
2058721,synthetic_1,84,1750889263.3230066,1751153677.5377858,264414.21477913857,1751153681.0613534,3.523567676544189,1751153683.8216188,264420.49861216545,True,False,False,False,consumer_pod0_proc0_20250628_233437_540898.csv
2058731,synthetic_1,88,1750889263.323411,1751153677.5377922,264414.214381218,1751153681.0613534,3.5235612392425537,1751153683.8216188,264420.49820780754,True,False,False,False,consumer_pod0_proc0_20250628_233437_540898.csv
2058741,synthetic_1,83,1750889263.323729,1751153677.5377984,264414.21406936646,1751153681.0613534,3.523555040359497,1751153683.8216188,264420.49788975716,True,False,False,False,consumer_pod0_proc0_20250628_233437_540898.csv
2058751,synthetic_1,103,1750889263.324106,1751153677.5378048,264414.213698864,1751153681.0613534,3.5235486030578613,1751153683.8216188,264420.4975128174,True,False,False,False,consumer_pod0_proc0_20250628_233437_540898.csv
2058761,synthetic_1,90,1750889263.4176292,1751153677.5378113,264414.1201820373,1751153681.0613534,3.5235421657562256,1751153683.8216188,264420.40398955345,True,False,False,False,consumer_pod0_proc0_20250628_233437_540898.csv
2058771,synthetic_1,89,1750889263.41793,1751153677.5378177,264414.1198878288,1751153681.0613534,3.52353572845459,1751153683.8216188,264420.4036889076,True,False,False,False,consumer_pod0_proc0_20250628_233437_540898.csv
2058781,synthetic_1,100,1750889263.418291,1751153677.5378237,264414.11953258514,1751153681.0613534,3.5235297679901123,1751153683.8216188,264420.4033277035,True,False,False,False,consumer_pod0_proc0_20250628_233437_540898.csv
2058791,synthetic_1,105,1750889263.4187198,1751153677.5378306,264414.1191108227,1751153681.0613534,3.5235228538513184,1751153683.8216188,264420.40289902687,True,False,False,False,consumer_pod0_proc0_20250628_233437_540898.csv
2058801,synthetic_1,103,1750889263.419109,1751153677.537837,264414.11872792244,1751153681.0613534,3.5235164165496826,1751153683.8216188,264420.40250968933,True,False,False,False,consumer_pod0_proc0_20250628_233437_540898.csv
2058811,synthetic_1,94,1750889263.4194837,1751153677.5378437,264414.1183600426,1751153681.0613534,3.523509740829468,1751153683.8216188,264420.40213513374,True,False,False,False,consumer_pod0_proc0_20250628_233437_540898.csv
2058821,synthetic_1,83,1750889263.419841,1751153677.53785,264414.1180090904,1751153681.0613534,3.523503541946411,1751153683.8216188,264420.4017777443,True,False,False,False,consumer_pod0_proc0_20250628_233437_540898.csv
2058831,synthetic_1,89,1750889263.4201827,1751153677.5378563,264414.1176736355,1751153681.0613534,3.5234971046447754,1751153683.8216188,264420.40143609047,True,False,False,False,consumer_pod0_proc0_20250628_233437_540898.csv
2058841,synthetic_1,103,1750889263.4206705,1751153677.5378623,264414.11719179153,1751153681.0613534,3.523491144180298,1751153683.8216188,264420.40094828606,True,False,False,False,consumer_pod0_proc0_20250628_233437_540898.csv
2058851,synthetic_1,101,1750889263.420985,1751153677.5378697,264414.11688447,1751153681.0613534,3.5234837532043457,1751153683.8216188,264420.40063381195,True,False,False,False,consumer_pod0_proc0_20250628_233437_540898.csv
2058861,synthetic_1,91,1750889263.4213808,1751153677.537876,264414.11649537086,1751153681.0613534,3.523477554321289,1751153683.8216188,264420.4002380371,True,False,False,False,consumer_pod0_proc0_20250628_233437_540898.csv
2058871,synthetic_1,97,1750889263.4217346,1751153677.5378828,264414.1161482334,1751153681.0613534,3.523470640182495,1751153683.8216188,264420.39988422394,True,False,False,False,consumer_pod0_proc0_20250628_233437_540898.csv
2119021,synthetic_1,82,1750889264.718298,1751153677.5378892,264412.8195912838,1751153681.0613534,3.52346420288086,1751153683.8216188,264419.103320837,True,False,False,False,consumer_pod0_proc0_20250628_233437_540898.csv
2119031,synthetic_1,95,1750889264.7187345,1751153677.537896,264412.8191614151,1751153681.0613534,3.5234575271606445,1751153683.8216188,264419.1028842926,True,False,False,False,consumer_pod0_proc0_20250628_233437_540898.csv
2119041,synthetic_1,96,1750889264.719019,1751153677.5379026,264412.81888365746,1751153681.0613534,3.5234508514404297,1751153683.8216188,264419.10259985924,True,False,False,False,consumer_pod0_proc0_20250628_233437_540898.csv
2119051,synthetic_1,84,1750889264.7193394,1751153677.537909,264412.8185696602,1751153681.0613534,3.523444414138794,1751153683.8216188,264419.10227942467,True,False,False,False,consumer_pod0_proc0_20250628_233437_540898.csv
2119061,synthetic_1,84,1750889264.719674,1751153677.5379157,264412.8182415962,1751153681.0613534,3.523437738418579,1751153683.8216188,264419.101944685,True,False,False,False,consumer_pod0_proc0_20250628_233437_540898.csv
2119071,synthetic_1,103,1750889264.7200792,1751153677.537922,264412.81784272194,1751153681.0613534,3.5234315395355225,1751153683.8216188,264419.1015396118,True,False,False,False,consumer_pod0_proc0_20250628_233437_540898.csv
2119081,synthetic_1,91,1750889264.7205863,1751153677.5379293,264412.8173429966,1751153681.0613534,3.5234241485595703,1751153683.8216188,264419.1010324955,True,False,False,False,consumer_pod0_proc0_20250628_233437_540898.csv
2119091,synthetic_1,83,1750889264.721008,1751153677.5379362,264412.81692814827,1751153681.0613534,3.5234172344207764,1751153683.8216188,264419.10061073303,True,False,False,False,consumer_pod0_proc0_20250628_233437_540898.csv
2119101,synthetic_1,96,1750889264.7212822,1751153677.5379424,264412.8166601658,1751153681.0613534,3.52341103553772,1751153683.8216188,264419.10033655167,True,False,False,False,consumer_pod0_proc0_20250628_233437_540898.csv
2119111,synthetic_1,103,1750889264.7216475,1751153677.5379488,264412.8163013458,1751153681.0613534,3.523404598236084,1751153683.8216188,264419.0999712944,True,False,False,False,consumer_pod0_proc0_20250628_233437_540898.csv
2119121,synthetic_1,91,1750889264.7219367,1751153677.5379558,264412.8160190582,1751153681.0613534,3.52339768409729,1751153683.8216188,264419.09968209267,True,False,False,False,consumer_pod0_proc0_20250628_233437_540898.csv
2119131,synthetic_1,91,1750889264.7222548,1751153677.5379624,264412.8157076836,1751153681.0613534,3.523391008377075,1751153683.8216188,264419.0993640423,True,False,False,False,consumer_pod0_proc0_20250628_233437_540898.csv
2119141,synthetic_1,96,1750889264.722603,1751153677.5379689,264412.8153657913,1751153681.0613534,3.5233845710754395,1751153683.8216188,264419.09901571274,True,False,False,False,consumer_pod0_proc0_20250628_233437_540898.csv
2119151,synthetic_1,84,1750889264.7229192,1751153677.5379753,264412.8150560856,1751153681.0613534,3.523378133773804,1751153683.8216188,264419.0986995697,True,False,False,False,consumer_pod0_proc0_20250628_233437_540898.csv
2119161,synthetic_1,103,1750889264.723243,1751153677.5379815,264412.81473875046,1751153681.0613534,3.523371934890747,1751153683.8216188,264419.0983757973,True,False,False,False,consumer_pod0_proc0_20250628_233437_540898.csv
2119171,synthetic_1,98,1750889264.7235737,1751153677.5379884,264412.8144147396,1751153681.0613534,3.523365020751953,1751153683.8216188,264419.0980451107,True,False,False,False,consumer_pod0_proc0_20250628_233437_540898.csv
2063251,synthetic_1,105,1750889264.7203035,1751153677.537995,264412.817691803,1751153681.0613534,3.5233583450317383,1751153683.8216188,264419.10131525993,True,True,False,False,consumer_pod0_proc0_20250628_233437_540898.csv
2119181,synthetic_1,98,1750889264.723843,1751153677.538002,264412.81415867805,1751153681.0613534,3.5233514308929443,1751153683.8216188,264419.0977756977,True,False,False,False,consumer_pod0_proc0_20250628_233437_540898.csv
2063261,synthetic_1,90,1750889264.720805,1751153677.538008,264412.8172030449,1751153681.0613534,3.523345470428467,1751153683.8216188,264419.10081386566,True,True,False,False,consumer_pod0_proc0_20250628_233437_540898.csv
2119191,synthetic_1,103,1750889264.7241793,1751153677.5380144,264412.81383514404,1751153681.0613534,3.523339033126831,1751153683.8216188,264419.0974395275,True,False,False,False,consumer_pod0_proc0_20250628_233437_540898.csv
2063271,synthetic_1,89,1750889264.721119,1751153677.538021,264412.81690216064,1751153681.0613534,3.523332357406616,1751153683.8216188,264419.1004998684,True,True,False,False,consumer_pod0_proc0_20250628_233437_540898.csv
2119201,synthetic_1,91,1750889264.7245154,1751153677.5380278,264412.8135123253,1751153681.0613534,3.5233256816864014,1751153683.8216188,264419.0971033573,True,False,False,False,consumer_pod0_proc0_20250628_233437_540898.csv
2063281,synthetic_1,91,1750889264.7214043,1751153677.5380342,264412.8166298866,1751153681.0613534,3.5233192443847656,1751153683.8216188,264419.10021448135,True,True,False,False,consumer_pod0_proc0_20250628_233437_540898.csv
2063291,synthetic_1,104,1750889264.7216246,1751153677.5380406,264412.8164160252,1751153681.0613534,3.52331280708313,1751153683.8216188,264419.0999941826,True,False,False,False,consumer_pod0_proc0_20250628_233437_540898.csv
2119211,synthetic_1,98,1750889264.7249713,1751153677.5380473,264412.8130760193,1751153681.0613534,3.523306131362915,1751153683.8216188,264419.096647501,True,False,False,False,consumer_pod0_proc0_20250628_233437_540898.csv
2119221,synthetic_1,90,1750889264.7252347,1751153677.5380538,264412.81281900406,1751153681.0613534,3.5232996940612797,1751153683.8216188,264419.09638404846,True,False,False,False,consumer_pod0_proc0_20250628_233437_540898.csv
2063301,synthetic_1,89,1750889264.721862,1751153677.53806,264412.81619787216,1751153681.0613534,3.5232934951782227,1751153683.8216188,264419.0997567177,True,True,False,False,consumer_pod0_proc0_20250628_233437_540898.csv
2063311,synthetic_1,83,1750889264.7220683,1751153677.5380664,264412.815997839,1751153681.0613534,3.523287057876587,1751153683.8216188,264419.0995504856,True,False,False,False,consumer_pod0_proc0_20250628_233437_540898.csv
2063321,synthetic_1,104,1750889264.722329,1751153677.5380728,264412.8157441616,1751153681.0613534,3.523280620574951,1751153683.8216188,264419.0992898941,True,False,False,False,consumer_pod0_proc0_20250628_233437_540898.csv
2063331,synthetic_1,96,1750889264.722554,1751153677.5380795,264412.81552553177,1751153681.0613534,3.5232739448547363,1751153683.8216188,264419.09906482697,True,False,False,False,consumer_pod0_proc0_20250628_233437_540898.csv
2063341,synthetic_1,82,1750889264.722774,1751153677.538086,264412.8153119087,1751153681.0613534,3.5232675075531006,1751153683.8216188,264419.0988447666,True,False,False,False,consumer_pod0_proc0_20250628_233437_540898.csv
2063351,synthetic_1,83,1750889264.723039,1751153677.538092,264412.815053463,1751153681.0613534,3.523261547088623,1751153683.8216188,264419.0985798836,True,False,False,False,consumer_pod0_proc0_20250628_233437_540898.csv
2063361,synthetic_1,90,1750889264.723267,1751153677.538098,264412.81483101845,1751153681.0613534,3.5232553482055664,1751153683.8216188,264419.098351717,True,False,False,False,consumer_pod0_proc0_20250628_233437_540898.csv
2063371,synthetic_1,97,1750889264.7235055,1751153677.538105,264412.814599514,1751153681.0613534,3.5232484340667725,1751153683.8216188,264419.0981132984,True,False,False,False,consumer_pod0_proc0_20250628_233437_540898.csv
2063381,synthetic_1,84,1750889264.7237463,1751153677.5381114,264412.81436514854,1751153681.0613534,3.5232419967651367,1751153683.8216188,264419.09787249565,True,False,False,False,consumer_pod0_proc0_20250628_233437_540898.csv
2063391,synthetic_1,104,1750889264.7240202,1751153677.5381176,264412.8140974045,1751153681.0613534,3.52323579788208,1751153683.8216188,264419.0975985527,True,False,False,False,consumer_pod0_proc0_20250628_233437_540898.csv
2119231,synthetic_1,88,1750889264.725467,1751153677.538124,264412.81265711784,1751153681.0613534,3.5232293605804443,1751153683.8216188,264419.09615182877,True,False,False,False,consumer_pod0_proc0_20250628_233437_540898.csv
2119241,synthetic_1,88,1750889264.7256951,1751153677.5381303,264412.81243538857,1751153681.0613534,3.523223161697388,1751153683.8216188,264419.0959236622,True,False,False,False,consumer_pod0_proc0_20250628_233437_540898.csv
2119251,synthetic_1,104,1750889264.725902,1751153677.5381372,264412.81223511696,1751153681.0613534,3.5232162475585938,1751153683.8216188,264419.09571671486,True,False,False,False,consumer_pod0_proc0_20250628_233437_540898.csv
2119261,synthetic_1,83,1750889264.726087,1751153677.5381436,264412.81205654144,1751153681.0613534,3.523209810256958,1751153683.8216188,264419.09553170204,True,False,False,False,consumer_pod0_proc0_20250628_233437_540898.csv
2119271,synthetic_1,105,1750889264.7264528,1751153677.53815,264412.81169724464,1751153681.0613534,3.5232033729553223,1751153683.8216188,264419.09516596794,True,False,False,False,consumer_pod0_proc0_20250628_233437_540898.csv
2119281,synthetic_1,90,1750889264.7266276,1751153677.5381567,264412.81152915955,1751153681.0613534,3.5231966972351074,1751153683.8216188,264419.0949912071,True,False,False,False,consumer_pod0_proc0_20250628_233437_540898.csv
2063401,synthetic_1,97,1750889264.7243526,1751153677.5381632,264412.81381058693,1751153681.0613534,3.523190259933472,1751153683.8216188,264419.0972661972,True,True,False,False,consumer_pod0_proc0_20250628_233437_540898.csv
2063411,synthetic_1,102,1750889264.819208,1751153677.5381696,264412.7189617157,1751153681.0613534,3.523183822631836,1751153683.8216188,264419.0024108887,True,False,False,False,consumer_pod0_proc0_20250628_233437_540898.csv
2119291,synthetic_1,103,1750889264.726797,1751153677.5381763,264412.81137895584,1751153681.0613534,3.523177146911621,1751153683.8216188,264419.0948216915,True,False,False,False,consumer_pod0_proc0_20250628_233437_540898.csv
2119301,synthetic_1,83,1750889264.7269666,1751153677.538183,264412.8112163544,1751153681.0613534,3.5231704711914062,1751153683.8216188,264419.0946521759,True,False,False,False,consumer_pod0_proc0_20250628_233437_540898.csv
2119311,synthetic_1,91,1750889264.7271333,1751153677.5381894,264412.8110561371,1751153681.0613534,3.5231640338897705,1751153683.8216188,264419.0944855213,True,False,False,False,consumer_pod0_proc0_20250628_233437_540898.csv
2119321,synthetic_1,94,1750889264.7273078,1751153677.5381954,264412.81088757515,1751153681.0613534,3.523158073425293,1751153683.8216188,264419.0943109989,True,False,False,False,consumer_pod0_proc0_20250628_233437_540898.csv
2119331,synthetic_1,96,1750889264.727474,1751153677.5382018,264412.8107278347,1751153681.0613534,3.523151636123657,1751153683.8216188,264419.09414482117,True,False,False,False,consumer_pod0_proc0_20250628_233437_540898.csv
2119341,synthetic_1,82,1750889264.727658,1751153677.5382082,264412.81055021286,1751153681.0613534,3.523145198822021,1751153683.8216188,264419.093960762,True,False,False,False,consumer_pod0_proc0_20250628_233437_540898.csv
2119351,synthetic_1,103,1750889264.727838,1751153677.5382147,264412.81037664413,1751153681.0613534,3.5231387615203857,1751153683.8216188,264419.093780756,True,False,False,False,consumer_pod0_proc0_20250628_233437_540898.csv
2063421,synthetic_1,83,1750889264.8196702,1751153677.5382211,264412.7185509205,1751153681.0613534,3.52313232421875,1751153683.8216188,264419.00194859505,True,True,False,False,consumer_pod0_proc0_20250628_233437_540898.csv
2063431,synthetic_1,90,1750889264.8200762,1751153677.538227,264412.7181508541,1751153681.0613534,3.5231263637542725,1751153683.8216188,264419.0015425682,True,False,False,False,consumer_pod0_proc0_20250628_233437_540898.csv
2063441,synthetic_1,90,1750889264.820361,1751153677.5382335,264412.7178726196,1751153681.0613534,3.5231199264526367,1751153683.8216188,264419.0012578964,True,False,False,False,consumer_pod0_proc0_20250628_233437_540898.csv
2119361,synthetic_1,103,1750889264.728011,1751153677.5382397,264412.8102288246,1751153681.0613534,3.52311372756958,1751153683.8216188,264419.0936079025,True,False,False,False,consumer_pod0_proc0_20250628_233437_540898.csv
2063451,synthetic_1,83,1750889264.8206854,1751153677.5382464,264412.71756100655,1751153681.0613534,3.523107051849365,1751153683.8216188,264419.00093340874,True,True,False,False,consumer_pod0_proc0_20250628_233437_540898.csv
2119371,synthetic_1,104,1750889264.7281904,1751153677.5382526,264412.81006217,1751153681.0613534,3.5231008529663086,1751153683.8216188,264419.09342837334,True,False,False,False,consumer_pod0_proc0_20250628_233437_540898.csv
2119381,synthetic_1,95,1750889264.7283602,1751153677.5382595,264412.80989933014,1751153681.0613534,3.523093938827514,1751153683.8216188,264419.0932586193,True,False,False,False,consumer_pod0_proc0_20250628_233437_540898.csv
2119391,synthetic_1,90,1750889264.8171954,1751153677.5382662,264412.72107076645,1751153681.0613534,3.5230872631073,1751153683.8216188,264419.0044233799,True,False,False,False,consumer_pod0_proc0_20250628_233437_540898.csv
2063461,synthetic_1,97,1750889264.8210118,1751153677.5382726,264412.71726083755,1751153681.0613534,3.523080825805664,1751153683.8216188,264419.0006070137,True,True,False,False,consumer_pod0_proc0_20250628_233437_540898.csv
2063471,synthetic_1,90,1750889264.8213522,1751153677.5382788,264412.7169265747,1751153681.0613534,3.5230746269226074,1751153683.8216188,264419.000266552,True,False,False,False,consumer_pod0_proc0_20250628_233437_540898.csv
2063481,synthetic_1,104,1750889264.8217735,1751153677.5382853,264412.7165117264,1751153681.0613534,3.523068189620972,1751153683.8216188,264418.99984526634,True,False,False,False,consumer_pod0_proc0_20250628_233437_540898.csv
2063491,synthetic_1,84,1750889264.8221424,1751153677.538292,264412.71614956856,1751153681.0613534,3.523061513900757,1751153683.8216188,264418.9994764328,True,False,False,False,consumer_pod0_proc0_20250628_233437_540898.csv
2119401,synthetic_1,89,1750889264.8182647,1751153677.538298,264412.7200334072,1751153681.0613534,3.5230555534362797,1751153683.8216188,264419.00335407257,True,False,False,False,consumer_pod0_proc0_20250628_233437_540898.csv
2063501,synthetic_1,97,1750889264.822554,1751153677.5383043,264412.71575045586,1751153681.0613534,3.523049116134644,1751153683.8216188,264418.9990646839,True,True,False,False,consumer_pod0_proc0_20250628_233437_540898.csv
2119411,synthetic_1,105,1750889264.8187523,1751153677.538311,264412.7195587158,1751153681.0613534,3.5230424404144287,1751153683.8216188,264419.0028665066,True,False,False,False,consumer_pod0_proc0_20250628_233437_540898.csv
2063511,synthetic_1,103,1750889264.8229322,1751153677.5383172,264412.7153849602,1751153681.0613534,3.523036241531372,1751153683.8216188,264418.99868655205,True,True,False,False,consumer_pod0_proc0_20250628_233437_540898.csv
2119421,synthetic_1,98,1750889264.8194416,1751153677.538324,264412.7188823223,1751153681.0613534,3.523029327392578,1751153683.8216188,264419.00217723846,True,False,False,False,consumer_pod0_proc0_20250628_233437_540898.csv
2119431,synthetic_1,97,1750889264.8200333,1751153677.5383306,264412.7182972431,1751153681.0613534,3.5230228900909424,1751153683.8216188,264419.00158548355,True,False,False,False,consumer_pod0_proc0_20250628_233437_540898.csv
2119441,synthetic_1,84,1750889264.8204706,1751153677.5383372,264412.7178666592,1751153681.0613534,3.5230162143707275,1751153683.8216188,264419.0011482239,True,False,False,False,consumer_pod0_proc0_20250628_233437_540898.csv
2119451,synthetic_1,89,1750889264.821055,1751153677.5383434,264412.7172884941,1751153681.0613534,3.523010015487671,1751153683.8216188,264419.00056385994,True,False,False,False,consumer_pod0_proc0_20250628_233437_540898.csv
2119461,synthetic_1,104,1750889264.8215933,1751153677.5383496,264412.71675634384,1751153681.0613534,3.5230038166046143,1751153683.8216188,264419.0000255108,True,False,False,False,consumer_pod0_proc0_20250628_233437_540898.csv
2119471,synthetic_1,105,1750889264.8219774,1751153677.5383563,264412.71637916565,1751153681.0613534,3.5229971408843994,1751153683.8216188,264418.99964141846,True,False,False,False,consumer_pod0_proc0_20250628_233437_540898.csv
2119481,synthetic_1,91,1750889264.8223298,1751153677.5383637,264412.7160336971,1751153681.0613534,3.5229897499084477,1751153683.8216188,264418.9992890358,True,False,False,False,consumer_pod0_proc0_20250628_233437_540898.csv
2119491,synthetic_1,83,1750889264.822795,1751153677.53837,264412.7155752182,1751153681.0613534,3.52298355102539,1751153683.8216188,264418.99882388115,True,False,False,False,consumer_pod0_proc0_20250628_233437_540898.csv
2063521,synthetic_1,94,1750889264.9184546,1751153677.538376,264412.61992144585,1751153681.0613534,3.522977352142334,1751153683.8216188,264418.90316414833,True,True,False,False,consumer_pod0_proc0_20250628_233437_540898.csv
2119501,synthetic_1,82,1750889264.917824,1751153677.5383823,264412.6205585003,1751153681.0613534,3.5229711532592773,1751153683.8216188,264418.9037947655,True,False,False,False,consumer_pod0_proc0_20250628_233437_540898.csv
2063531,synthetic_1,104,1750889264.9187446,1751153677.5383892,264412.6196446419,1751153681.0613534,3.5229642391204834,1751153683.8216188,264418.90287423134,True,True,False,False,consumer_pod0_proc0_20250628_233437_540898.csv
2063541,synthetic_1,91,1750889264.9191177,1751153677.538396,264412.61927843094,1751153681.0613534,3.522957563400269,1751153683.8216188,264418.90250110626,True,False,False,False,consumer_pod0_proc0_20250628_233437_540898.csv
2063551,synthetic_1,91,1750889264.91949,1751153677.5384028,264412.61891293526,1751153681.0613534,3.5229506492614746,1751153683.8216188,264418.90212869644,True,False,False,False,consumer_pod0_proc0_20250628_233437_540898.csv
2063561,synthetic_1,104,1750889264.9198089,1751153677.5384092,264412.6186003685,1751153681.0613534,3.522944211959839,1751153683.8216188,264418.9018099308,True,False,False,False,consumer_pod0_proc0_20250628_233437_540898.csv
2119511,synthetic_1,91,1750889264.9181063,1751153677.538416,264412.6203095913,1751153681.0613534,3.522937536239624,1751153683.8216188,264418.9035124779,True,False,False,False,consumer_pod0_proc0_20250628_233437_540898.csv
2063571,synthetic_1,84,1750889264.9201815,1751153677.5384226,264412.6182410717,1751153681.0613534,3.522930860519409,1751153683.8216188,264418.90143728256,True,True,False,False,consumer_pod0_proc0_20250628_233437_540898.csv
2066081,synthetic_1,95,1750889265.7217126,1751153677.538429,264411.8167164326,1751153681.0613534,3.522924423217773,1751153683.8216188,264418.09990620613,True,False,False,False,consumer_pod0_proc0_20250628_233437_540898.csv
2066091,synthetic_1,97,1750889265.7221313,1751153677.5384352,264411.81630396843,1751153681.0613534,3.522918224334717,1751153683.8216188,264418.0994875431,True,False,False,False,consumer_pod0_proc0_20250628_233437_540898.csv
2066101,synthetic_1,98,1750889265.7225232,1751153677.5384417,264411.8159184456,1751153681.0613534,3.522911787033081,1751153683.8216188,264418.09909558296,True,False,False,False,consumer_pod0_proc0_20250628_233437_540898.csv
2066111,synthetic_1,98,1750889265.7229388,1751153677.5384486,264411.81550979614,1751153681.0613534,3.522904872894287,1751153683.8216188,264418.0986800194,True,False,False,False,consumer_pod0_proc0_20250628_233437_540898.csv
2066121,synthetic_1,90,1750889265.8171706,1751153677.5384552,264411.7212846279,1751153681.0613534,3.5228981971740723,1751153683.8216188,264418.00444817543,True,False,False,False,consumer_pod0_proc0_20250628_233437_540898.csv
2066131,synthetic_1,84,1750889265.8175611,1751153677.5384614,264411.7209002972,1751153681.0613534,3.522891998291016,1751153683.8216188,264418.0040576458,True,False,False,False,consumer_pod0_proc0_20250628_233437_540898.csv
2066141,synthetic_1,90,1750889265.8178487,1751153677.5384676,264411.72061896324,1751153681.0613534,3.522885799407959,1751153683.8216188,264418.003770113,True,False,False,False,consumer_pod0_proc0_20250628_233437_540898.csv
2066151,synthetic_1,95,1750889265.818163,1751153677.5384738,264411.72031092644,1751153681.0613534,3.5228796005249023,1751153683.8216188,264418.0034558773,True,False,False,False,consumer_pod0_proc0_20250628_233437_540898.csv
2066161,synthetic_1,90,1750889265.8185558,1751153677.5384803,264411.7199244499,1751153681.0613534,3.5228731632232666,1751153683.8216188,264418.0030629635,True,False,False,False,consumer_pod0_proc0_20250628_233437_540898.csv
2066171,synthetic_1,96,1750889265.8189833,1751153677.5384865,264411.7195031643,1751153681.0613534,3.52286696434021,1751153683.8216188,264418.002635479,True,False,False,False,consumer_pod0_proc0_20250628_233437_540898.csv
2066181,synthetic_1,104,1750889265.8193748,1751153677.538493,264411.7191181183,1751153681.0613534,3.522860527038574,1751153683.8216188,264418.00224399567,True,False,False,False,consumer_pod0_proc0_20250628_233437_540898.csv
2066191,synthetic_1,82,1750889265.819783,1751153677.5384996,264411.7187166214,1751153681.0613534,3.52285385131836,1751153683.8216188,264418.00183582306,True,False,False,False,consumer_pod0_proc0_20250628_233437_540898.csv
2066201,synthetic_1,95,1750889265.82016,1751153677.5385065,264411.71834635735,1751153681.0613534,3.522846937179565,1751153683.8216188,264418.0014588833,True,False,False,False,consumer_pod0_proc0_20250628_233437_540898.csv
2066211,synthetic_1,83,1750889265.8205533,1751153677.5385125,264411.7179591656,1751153681.0613534,3.522840976715088,1751153683.8216188,264418.00106549263,True,False,False,False,consumer_pod0_proc0_20250628_233437_540898.csv
2066221,synthetic_1,97,1750889265.8209088,1751153677.538519,264411.71760988235,1751153681.0613534,3.522834539413452,1751153683.8216188,264418.0007100105,True,False,False,False,consumer_pod0_proc0_20250628_233437_540898.csv
2066231,synthetic_1,91,1750889265.8212657,1751153677.538525,264411.7172598839,1751153681.0613534,3.5228283405303955,1751153683.8216188,264418.0003530979,True,False,False,False,consumer_pod0_proc0_20250628_233437_540898.csv
2066241,synthetic_1,105,1750889265.8216524,1751153677.5385318,264411.7168793678,1751153681.0613534,3.5228216648101807,1751153683.8216188,264417.999966383,True,False,False,False,consumer_pod0_proc0_20250628_233437_540898.csv
2066251,synthetic_1,105,1750889265.8220196,1751153677.5385382,264411.7165186405,1751153681.0613534,3.522815227508545,1751153683.8216188,264417.99959921837,True,False,False,False,consumer_pod0_proc0_20250628_233437_540898.csv
2066261,synthetic_1,84,1750889265.8223014,1751153677.538545,264411.7162435055,1751153681.0613534,3.52280855178833,1751153683.8216188,264417.9993174076,True,False,False,False,consumer_pod0_proc0_20250628_233437_540898.csv
2066271,synthetic_1,82,1750889265.822811,1751153677.538551,264411.71574020386,1751153681.0613534,3.522802352905273,1751153683.8216188,264417.9988079071,True,False,False,False,consumer_pod0_proc0_20250628_233437_540898.csv
2066281,synthetic_1,96,1750889265.823188,1751153677.5385575,264411.71536946297,1751153681.0613534,3.5227959156036377,1751153683.8216188,264417.9984307289,True,False,False,False,consumer_pod0_proc0_20250628_233437_540898.csv
2066291,synthetic_1,103,1750889265.823547,1751153677.5385642,264411.7150173187,1751153681.0613534,3.522789239883423,1751153683.8216188,264417.99807190895,True,False,False,False,consumer_pod0_proc0_20250628_233437_540898.csv
2066301,synthetic_1,97,1750889265.8238816,1751153677.5385706,264411.71468901634,1751153681.0613534,3.522782802581787,1751153683.8216188,264417.99773716927,True,False,False,False,consumer_pod0_proc0_20250628_233437_540898.csv
2066311,synthetic_1,96,1750889265.824126,1751153677.5385773,264411.714451313,1751153681.0613534,3.5227761268615723,1751153683.8216188,264417.9974927902,True,False,False,False,consumer_pod0_proc0_20250628_233437_540898.csv
2066321,synthetic_1,105,1750889265.8243728,1751153677.5385838,264411.7142109871,1751153681.0613534,3.5227696895599365,1751153683.8216188,264417.997246027,True,False,False,False,consumer_pod0_proc0_20250628_233437_540898.csv
2066331,synthetic_1,90,1750889265.8246884,1751153677.5385904,264411.7139019966,1751153681.0613534,3.5227630138397217,1751153683.8216188,264417.9969303608,True,False,False,False,consumer_pod0_proc0_20250628_233437_540898.csv
2066341,synthetic_1,90,1750889265.8249662,1751153677.5385969,264411.71363067627,1751153681.0613534,3.522756576538086,1751153683.8216188,264417.99665260315,True,False,False,False,consumer_pod0_proc0_20250628_233437_540898.csv
2066351,synthetic_1,91,1750889265.8251245,1751153677.5386033,264411.71347904205,1751153681.0613534,3.52275013923645,1751153683.8216188,264417.9964942932,True,False,False,False,consumer_pod0_proc0_20250628_233437_540898.csv
2066361,synthetic_1,88,1750889265.825316,1751153677.5386095,264411.7132937908,1751153681.0613534,3.5227439403533936,1751153683.8216188,264417.9963028431,True,False,False,False,consumer_pod0_proc0_20250628_233437_540898.csv
2066371,synthetic_1,83,1750889265.8254924,1751153677.5386157,264411.71312332153,1751153681.0613534,3.522737741470337,1751153683.8216188,264417.99612641335,True,False,False,False,consumer_pod0_proc0_20250628_233437_540898.csv
2066381,synthetic_1,96,1750889265.8256893,1751153677.538622,264411.71293258667,1751153681.0613534,3.5227315425872803,1751153683.8216188,264417.9959294796,True,False,False,False,consumer_pod0_proc0_20250628_233437_540898.csv
2066391,synthetic_1,96,1750889265.825872,1751153677.5386283,264411.71275639534,1751153681.0613534,3.5227251052856445,1751153683.8216188,264417.99574685097,True,False,False,False,consumer_pod0_proc0_20250628_233437_540898.csv
2066401,synthetic_1,97,1750889265.8260791,1751153677.5386343,264411.7125554085,1751153681.0613534,3.522719144821167,1751153683.8216188,264417.9955396652,True,False,False,False,consumer_pod0_proc0_20250628_233437_540898.csv
2066411,synthetic_1,83,1750889265.8262627,1751153677.5386412,264411.7123785019,1751153681.0613534,3.522712230682373,1751153683.8216188,264417.9953560829,True,False,False,False,consumer_pod0_proc0_20250628_233437_540898.csv
2066421,synthetic_1,103,1750889265.826424,1751153677.5386477,264411.71222376823,1751153681.0613534,3.5227057933807373,1751153683.8216188,264417.99519491196,True,False,False,False,consumer_pod0_proc0_20250628_233437_540898.csv
2066431,synthetic_1,98,1750889265.8265824,1751153677.538654,264411.7120714188,1751153681.0613534,3.5226993560791016,1751153683.8216188,264417.9950363636,True,False,False,False,consumer_pod0_proc0_20250628_233437_540898.csv
2066441,synthetic_1,83,1750889265.8267488,1751153677.5386603,264411.7119114399,1751153681.0613534,3.522693157196045,1751153683.8216188,264417.99486994743,True,False,False,False,consumer_pod0_proc0_20250628_233437_540898.csv
2066451,synthetic_1,90,1750889265.8269083,1751153677.5386667,264411.7117583752,1751153681.0613534,3.522686719894409,1751153683.8216188,264417.9947104454,True,False,False,False,consumer_pod0_proc0_20250628_233437_540898.csv
2066461,synthetic_1,88,1750889265.827063,1751153677.5386736,264411.71161031723,1751153681.0613534,3.5226798057556152,1751153683.8216188,264417.99455571175,True,False,False,False,consumer_pod0_proc0_20250628_233437_540898.csv
2066471,synthetic_1,104,1750889265.8272269,1751153677.5386798,264411.71145296097,1751153681.0613534,3.5226736068725586,1751153683.8216188,264417.9943919182,True,False,False,False,consumer_pod0_proc0_20250628_233437_540898.csv
2066481,synthetic_1,88,1750889265.82739,1751153677.5386865,264411.7112965584,1751153681.0613534,3.522666931152344,1751153683.8216188,264417.9942288399,True,False,False,False,consumer_pod0_proc0_20250628_233437_540898.csv
2066491,synthetic_1,88,1750889265.82756,1751153677.5386922,264411.711132288,1751153681.0613534,3.5226612091064453,1751153683.8216188,264417.9940588474,True,False,False,False,consumer_pod0_proc0_20250628_233437_540898.csv
2066501,synthetic_1,84,1750889265.8277187,1751153677.5386984,264411.7109797001,1751153681.0613534,3.5226550102233887,1751153683.8216188,264417.99390006065,True,False,False,False,consumer_pod0_proc0_20250628_233437_540898.csv
2066511,synthetic_1,103,1750889265.8278878,1751153677.5387046,264411.7108168602,1751153681.0613534,3.522648811340332,1751153683.8216188,264417.9937310219,True,False,False,False,consumer_pod0_proc0_20250628_233437_540898.csv
2066521,synthetic_1,104,1750889265.828054,1751153677.538711,264411.7106571197,1751153681.0613534,3.5226423740386963,1751153683.8216188,264417.99356484413,True,False,False,False,consumer_pod0_proc0_20250628_233437_540898.csv
2066531,synthetic_1,97,1750889265.8282113,1751153677.5387175,264411.7105062008,1751153681.0613534,3.5226359367370605,1751153683.8216188,264417.99340748787,True,False,False,False,consumer_pod0_proc0_20250628_233437_540898.csv
2066541,synthetic_1,103,1750889265.828373,1751153677.5387242,264411.7103512287,1751153681.0613534,3.5226292610168457,1751153683.8216188,264417.9932458401,True,False,False,False,consumer_pod0_proc0_20250628_233437_540898.csv
2067781,synthetic_1,83,1750889266.5171397,1751153677.5387309,264411.0215911865,1751153681.0613534,3.522622585296631,1751153683.8216188,264417.30447912216,True,False,False,False,consumer_pod0_proc0_20250628_233437_540898.csv
2067791,synthetic_1,90,1750889266.5174792,1751153677.5387368,264411.02125763893,1751153681.0613534,3.5226166248321533,1751153683.8216188,264417.3041396141,True,False,False,False,consumer_pod0_proc0_20250628_233437_540898.csv
2067801,synthetic_1,91,1750889266.5178726,1751153677.5387433,264411.0208706856,1751153681.0613534,3.5226101875305176,1751153683.8216188,264417.30374622345,True,False,False,False,consumer_pod0_proc0_20250628_233437_540898.csv
2067811,synthetic_1,86,1750889266.518324,1751153677.5387502,264411.02042627335,1751153681.0613534,3.522603273391724,1751153683.8216188,264417.3032948971,True,False,False,False,consumer_pod0_proc0_20250628_233437_540898.csv
2067821,synthetic_1,84,1750889266.5187771,1751153677.5387568,264411.01997971535,1751153681.0613534,3.522596597671509,1751153683.8216188,264417.30284166336,True,False,False,False,consumer_pod0_proc0_20250628_233437_540898.csv
2067831,synthetic_1,103,1750889266.519209,1751153677.5387633,264411.019554615,1751153681.0613534,3.522590160369873,1751153683.8216188,264417.3024098873,True,False,False,False,consumer_pod0_proc0_20250628_233437_540898.csv
2067841,synthetic_1,83,1750889266.519728,1751153677.5387704,264411.0190424919,1751153681.0613534,3.5225830078125,1751153683.8216188,264417.30189085007,True,False,False,False,consumer_pod0_proc0_20250628_233437_540898.csv
2067851,synthetic_1,82,1750889266.5200408,1751153677.5387766,264411.0187358856,1751153681.0613534,3.522576808929444,1751153683.8216188,264417.3015780449,True,False,False,False,consumer_pod0_proc0_20250628_233437_540898.csv
2067861,synthetic_1,90,1750889266.520651,1751153677.538783,264411.01813173294,1751153681.0613534,3.522570371627808,1751153683.8216188,264417.3009676933,True,False,False,False,consumer_pod0_proc0_20250628_233437_540898.csv
2067871,synthetic_1,84,1750889266.5210855,1751153677.5387893,264411.0177035332,1751153681.0613534,3.522564172744751,1751153683.8216188,264417.3005332947,True,False,False,False,consumer_pod0_proc0_20250628_233437_540898.csv
2067881,synthetic_1,84,1750889266.5214863,1751153677.5387957,264411.01730918884,1751153681.0613534,3.5225577354431152,1751153683.8216188,264417.30013251305,True,False,False,False,consumer_pod0_proc0_20250628_233437_540898.csv
2067891,synthetic_1,91,1750889266.5218349,1751153677.5388017,264411.01696681976,1751153681.0613534,3.5225517749786377,1751153683.8216188,264417.2997839451,True,False,False,False,consumer_pod0_proc0_20250628_233437_540898.csv
2067901,synthetic_1,91,1750889266.5220892,1751153677.5388083,264411.01671910286,1751153681.0613534,3.522545099258423,1751153683.8216188,264417.29952955246,True,False,False,False,consumer_pod0_proc0_20250628_233437_540898.csv
2067911,synthetic_1,97,1750889266.522697,1751153677.5388153,264411.01611828804,1751153681.0613534,3.522538185119629,1751153683.8216188,264417.2989218235,True,False,False,False,consumer_pod0_proc0_20250628_233437_540898.csv
2067921,synthetic_1,91,1750889266.5229807,1751153677.538822,264411.01584124565,1751153681.0613534,3.522531509399414,1751153683.8216188,264417.2986381054,True,False,False,False,consumer_pod0_proc0_20250628_233437_540898.csv
2067931,synthetic_1,88,1750889266.523219,1751153677.5388286,264411.0156095028,1751153681.0613534,3.522524833679199,1751153683.8216188,264417.2983996868,True,False,False,False,consumer_pod0_proc0_20250628_233437_540898.csv
2067941,synthetic_1,94,1750889266.523602,1751153677.538835,264411.01523303986,1751153681.0613534,3.5225183963775635,1751153683.8216188,264417.2980167866,True,False,False,False,consumer_pod0_proc0_20250628_233437_540898.csv
2067951,synthetic_1,83,1750889266.523957,1751153677.5388412,264411.0148842335,1751153681.0613534,3.522512197494507,1751153683.8216188,264417.2976617813,True,False,False,False,consumer_pod0_proc0_20250628_233437_540898.csv
2067961,synthetic_1,90,1750889266.524361,1751153677.5388477,264411.0144867897,1751153681.0613534,3.522505760192871,1751153683.8216188,264417.29725790024,True,False,False,False,consumer_pod0_proc0_20250628_233437_540898.csv
2067971,synthetic_1,97,1750889266.524768,1751153677.5388544,264411.0140862465,1751153681.0613534,3.522499084472656,1751153683.8216188,264417.2968506813,True,False,False,False,consumer_pod0_proc0_20250628_233437_540898.csv
2067981,synthetic_1,97,1750889266.5251782,1751153677.5388613,264411.0136830807,1751153681.0613534,3.5224921703338623,1751153683.8216188,264417.29644060135,True,False,False,False,consumer_pod0_proc0_20250628_233437_540898.csv
2067991,synthetic_1,96,1750889266.525578,1751153677.5388677,264411.01328969,1751153681.0613534,3.5224857330322266,1751153683.8216188,264417.2960407734,True,False,False,False,consumer_pod0_proc0_20250628_233437_540898.csv
2068001,synthetic_1,95,1750889266.525912,1751153677.538874,264411.0129621029,1751153681.0613534,3.52247953414917,1751153683.8216188,264417.29570674896,True,False,False,False,consumer_pod0_proc0_20250628_233437_540898.csv
2068011,synthetic_1,91,1750889266.5262206,1751153677.5388806,264411.0126600265,1751153681.0613534,3.522472858428955,1751153683.8216188,264417.2953982353,True,False,False,False,consumer_pod0_proc0_20250628_233437_540898.csv
2068021,synthetic_1,96,1750889266.6178107,1751153677.5388863,264410.9210758209,1751153681.0613534,3.5224671363830566,1751153683.8216188,264417.20380806923,True,False,False,False,consumer_pod0_proc0_20250628_233437_540898.csv
2068031,synthetic_1,84,1750889266.618214,1751153677.5388932,264410.9206790924,1751153681.0613534,3.5224602222442627,1751153683.8216188,264417.2034049034,True,False,False,False,consumer_pod0_proc0_20250628_233437_540898.csv
2068041,synthetic_1,91,1750889266.6185462,1751153677.5388997,264410.9203534126,1751153681.0613534,3.522453784942627,1751153683.8216188,264417.2030725479,True,False,False,False,consumer_pod0_proc0_20250628_233437_540898.csv
2068051,synthetic_1,83,1750889266.618885,1751153677.5389063,264410.92002129555,1751153681.0613534,3.522447109222412,1751153683.8216188,264417.2027337551,True,False,False,False,consumer_pod0_proc0_20250628_233437_540898.csv
2068061,synthetic_1,89,1750889266.619248,1751153677.5389128,264410.9196648598,1751153681.0613534,3.5224406719207764,1751153683.8216188,264417.20237088203,True,False,False,False,consumer_pod0_proc0_20250628_233437_540898.csv
2068071,synthetic_1,88,1750889266.6196342,1751153677.5389192,264410.919285059,1751153681.0613534,3.5224342346191406,1751153683.8216188,264417.20198464394,True,False,False,False,consumer_pod0_proc0_20250628_233437_540898.csv
2068081,synthetic_1,105,1750889266.6200478,1751153677.5389254,264410.9188776016,1751153681.0613534,3.522428035736084,1751153683.8216188,264417.2015709877,True,False,False,False,consumer_pod0_proc0_20250628_233437_540898.csv
2068091,synthetic_1,84,1750889266.6205084,1751153677.5389326,264410.9184241295,1751153681.0613534,3.522420883178711,1751153683.8216188,264417.201110363,True,False,False,False,consumer_pod0_proc0_20250628_233437_540898.csv
2068101,synthetic_1,102,1750889266.6208706,1751153677.5389383,264410.9180679321,1751153681.0613534,3.5224151611328125,1751153683.8216188,264417.2007482052,True,False,False,False,consumer_pod0_proc0_20250628_233437_540898.csv
2068111,synthetic_1,82,1750889266.6212194,1751153677.5389454,264410.9177260399,1751153681.0613534,3.5224080085754395,1751153683.8216188,264417.2003993988,True,False,False,False,consumer_pod0_proc0_20250628_233437_540898.csv
2068121,synthetic_1,91,1750889266.6215997,1751153677.5389516,264410.91735196114,1751153681.0613534,3.522401809692383,1751153683.8216188,264417.20001912117,True,False,False,False,consumer_pod0_proc0_20250628_233437_540898.csv
2068131,synthetic_1,91,1750889266.6219792,1751153677.538958,264410.91697883606,1751153681.0613534,3.522395372390747,1751153683.8216188,264417.1996395588,True,False,False,False,consumer_pod0_proc0_20250628_233437_540898.csv
2068141,synthetic_1,96,1750889266.622625,1751153677.5389645,264410.91633939743,1751153681.0613534,3.5223889350891118,1751153683.8216188,264417.19899368286,True,False,False,False,consumer_pod0_proc0_20250628_233437_540898.csv
2068151,synthetic_1,97,1750889266.6229415,1751153677.538971,264410.91602921486,1751153681.0613534,3.522382497787476,1751153683.8216188,264417.1986773014,True,False,False,False,consumer_pod0_proc0_20250628_233437_540898.csv
2068161,synthetic_1,81,1750889266.6233115,1751153677.5389776,264410.91566610336,1751153681.0613534,3.5223758220672607,1751153683.8216188,264417.1983072758,True,False,False,False,consumer_pod0_proc0_20250628_233437_540898.csv
2068171,synthetic_1,98,1750889266.6236818,1751153677.5389843,264410.91530251503,1751153681.0613534,3.522369146347046,1751153683.8216188,264417.1979370117,True,False,False,False,consumer_pod0_proc0_20250628_233437_540898.csv
2068181,synthetic_1,84,1750889266.6240387,1751153677.5389905,264410.9149518013,1751153681.0613534,3.5223629474639893,1751153683.8216188,264417.1975800991,True,False,False,False,consumer_pod0_proc0_20250628_233437_540898.csv
2068191,synthetic_1,103,1750889266.624403,1751153677.5389967,264410.9145936966,1751153681.0613534,3.5223567485809326,1751153683.8216188,264417.1972157955,True,False,False,False,consumer_pod0_proc0_20250628_233437_540898.csv
2068201,synthetic_1,88,1750889266.717102,1751153677.5390034,264410.8219013214,1751153681.0613534,3.5223500728607178,1751153683.8216188,264417.1045167446,True,False,False,False,consumer_pod0_proc0_20250628_233437_540898.csv
2128811,synthetic_1,90,1750889267.7232509,1751153677.53901,264409.815759182,1751153681.0613534,3.522343397140503,1751153683.8216188,264416.09836792946,True,False,False,False,consumer_pod0_proc0_20250628_233437_540898.csv
2128821,synthetic_1,83,1750889267.7235122,1751153677.5390167,264409.81550455093,1751153681.0613534,3.522336721420288,1751153683.8216188,264416.0981066227,True,False,False,False,consumer_pod0_proc0_20250628_233437_540898.csv
2128831,synthetic_1,98,1750889267.72378,1751153677.539023,264409.8152430057,1751153681.0613534,3.5223305225372314,1751153683.8216188,264416.09783887863,True,False,False,False,consumer_pod0_proc0_20250628_233437_540898.csv
2128841,synthetic_1,96,1750889267.7239988,1751153677.5390294,264409.8150305748,1751153681.0613534,3.522324085235596,1751153683.8216188,264416.0976200104,True,False,False,False,consumer_pod0_proc0_20250628_233437_540898.csv
2128851,synthetic_1,91,1750889267.7242074,1751153677.5390358,264409.81482839584,1751153681.0613534,3.52231764793396,1751153683.8216188,264416.0974113941,True,False,False,False,consumer_pod0_proc0_20250628_233437_540898.csv
2128861,synthetic_1,82,1750889267.724409,1751153677.539042,264409.8146328926,1751153681.0613534,3.5223114490509038,1751153683.8216188,264416.097209692,True,False,False,False,consumer_pod0_proc0_20250628_233437_540898.csv
2128871,synthetic_1,98,1750889267.7246344,1751153677.5390482,264409.81441378593,1751153681.0613534,3.5223052501678467,1751153683.8216188,264416.09698438644,True,False,False,False,consumer_pod0_proc0_20250628_233437_540898.csv
2128881,synthetic_1,104,1750889267.724856,1751153677.539055,264409.8141989708,1751153681.0613534,3.5222983360290527,1751153683.8216188,264416.0967628956,True,False,False,False,consumer_pod0_proc0_20250628_233437_540898.csv
2128891,synthetic_1,98,1750889267.7250612,1751153677.5390625,264409.8140010834,1751153681.0613534,3.5222909450531006,1751153683.8216188,264416.0965576172,True,False,False,False,consumer_pod0_proc0_20250628_233437_540898.csv
2128901,synthetic_1,84,1750889267.7252743,1751153677.5390687,264409.81379437447,1751153681.0613534,3.522284746170044,1751153683.8216188,264416.096344471,True,False,False,False,consumer_pod0_proc0_20250628_233437_540898.csv
2128911,synthetic_1,105,1750889267.7254856,1751153677.5390751,264409.8135895729,1751153681.0613534,3.522278308868408,1751153683.8216188,264416.0961332321,True,False,False,False,consumer_pod0_proc0_20250628_233437_540898.csv
2128921,synthetic_1,84,1750889267.7257006,1751153677.5390816,264409.81338095665,1751153681.0613534,3.5222718715667725,1751153683.8216188,264416.09591817856,True,False,False,False,consumer_pod0_proc0_20250628_233437_540898.csv
2128931,synthetic_1,98,1750889267.725917,1751153677.5390878,264409.81317043304,1751153681.0613534,3.522265672683716,1751153683.8216188,264416.0957016945,True,False,False,False,consumer_pod0_proc0_20250628_233437_540898.csv
2128941,synthetic_1,95,1750889267.726128,1751153677.5390942,264409.81296634674,1751153681.0613534,3.52225923538208,1751153683.8216188,264416.09549069405,True,False,False,False,consumer_pod0_proc0_20250628_233437_540898.csv
2128951,synthetic_1,89,1750889267.726335,1751153677.5391006,264409.8127655983,1751153681.0613534,3.5222527980804443,1751153683.8216188,264416.0952837467,True,False,False,False,consumer_pod0_proc0_20250628_233437_540898.csv
2128961,synthetic_1,84,1750889267.726544,1751153677.5391068,264409.8125627041,1751153681.0613534,3.522246599197388,1751153683.8216188,264416.09507489204,True,False,False,False,consumer_pod0_proc0_20250628_233437_540898.csv
2128971,synthetic_1,89,1750889267.7267516,1751153677.5391135,264409.81236195564,1751153681.0613534,3.522239923477173,1751153683.8216188,264416.09486722946,True,False,False,False,consumer_pod0_proc0_20250628_233437_540898.csv
2128981,synthetic_1,102,1750889267.726967,1751153677.5391202,264409.81215310097,1751153681.0613534,3.522233247756958,1751153683.8216188,264416.09465169907,True,False,False,False,consumer_pod0_proc0_20250628_233437_540898.csv
2128991,synthetic_1,103,1750889267.727176,1751153677.5391269,264409.811950922,1751153681.0613534,3.522226572036743,1751153683.8216188,264416.0944428444,True,False,False,False,consumer_pod0_proc0_20250628_233437_540898.csv
2129001,synthetic_1,89,1750889267.727397,1751153677.539133,264409.8117361069,1751153681.0613534,3.5222203731536865,1751153683.8216188,264416.09422183037,True,False,False,False,consumer_pod0_proc0_20250628_233437_540898.csv
2129011,synthetic_1,104,1750889267.7276137,1751153677.5391395,264409.8115258217,1751153681.0613534,3.522213935852051,1751153683.8216188,264416.0940051079,True,False,False,False,consumer_pod0_proc0_20250628_233437_540898.csv
2129021,synthetic_1,98,1750889267.7278292,1751153677.539146,264409.8113167286,1751153681.0613534,3.522207498550415,1751153683.8216188,264416.0937895775,True,False,False,False,consumer_pod0_proc0_20250628_233437_540898.csv
2129031,synthetic_1,96,1750889267.728072,1751153677.5391524,264409.8110804558,1751153681.0613534,3.5222010612487797,1751153683.8216188,264416.09354686737,True,False,False,False,consumer_pod0_proc0_20250628_233437_540898.csv
2129041,synthetic_1,97,1750889267.7282832,1751153677.539159,264409.81087589264,1751153681.0613534,3.5221943855285645,1751153683.8216188,264416.0933356285,True,False,False,False,consumer_pod0_proc0_20250628_233437_540898.csv
2129051,synthetic_1,103,1750889267.8170469,1751153677.539166,264409.72211909294,1751153681.0613534,3.5221874713897705,1751153683.8216188,264416.0045719147,True,False,False,False,consumer_pod0_proc0_20250628_233437_540898.csv
2129061,synthetic_1,104,1750889267.8198507,1751153677.5391724,264409.7193217277,1751153681.0613534,3.5221810340881348,1751153683.8216188,264416.0017681122,True,False,False,False,consumer_pod0_proc0_20250628_233437_540898.csv
2129071,synthetic_1,98,1750889267.8201149,1751153677.539179,264409.7190642357,1751153681.0613534,3.52217435836792,1751153683.8216188,264416.0015039444,True,False,False,False,consumer_pod0_proc0_20250628_233437_540898.csv
2129081,synthetic_1,90,1750889267.8203945,1751153677.5391855,264409.7187912464,1751153681.0613534,3.522167921066284,1751153683.8216188,264416.0012242794,True,False,False,False,consumer_pod0_proc0_20250628_233437_540898.csv
2129091,synthetic_1,95,1750889267.8207078,1751153677.5391915,264409.71848392487,1751153681.0613534,3.522161960601806,1751153683.8216188,264416.0009109974,True,False,False,False,consumer_pod0_proc0_20250628_233437_540898.csv
2129101,synthetic_1,91,1750889267.8209698,1751153677.5391982,264409.71822834015,1751153681.0613534,3.522155284881592,1751153683.8216188,264416.0006489754,True,False,False,False,consumer_pod0_proc0_20250628_233437_540898.csv
2129111,synthetic_1,95,1750889267.821242,1751153677.5392044,264409.71796250343,1751153681.0613534,3.522149085998535,1751153683.8216188,264416.00037670135,True,False,False,False,consumer_pod0_proc0_20250628_233437_540898.csv
2129121,synthetic_1,102,1750889267.821524,1751153677.539211,264409.71768713,1751153681.0613534,3.5221424102783203,1751153683.8216188,264416.0000948906,True,False,False,False,consumer_pod0_proc0_20250628_233437_540898.csv
2129131,synthetic_1,82,1750889267.8219287,1751153677.5392177,264409.7172887325,1751153681.0613534,3.522135734558105,1751153683.8216188,264415.99969005585,True,False,False,False,consumer_pod0_proc0_20250628_233437_540898.csv
2129141,synthetic_1,84,1750889267.8222046,1751153677.5392237,264409.7170190811,1751153681.0613534,3.522129774093628,1751153683.8216188,264415.99941420555,True,False,False,False,consumer_pod0_proc0_20250628_233437_540898.csv
2129151,synthetic_1,104,1750889267.822482,1751153677.5392296,264409.7167477608,1751153681.0613534,3.5221238136291504,1751153683.8216188,264415.9991366863,True,False,False,False,consumer_pod0_proc0_20250628_233437_540898.csv
2129161,synthetic_1,84,1750889267.8227763,1751153677.539236,264409.7164597512,1751153681.0613534,3.522117376327514,1751153683.8216188,264415.9988424778,True,False,False,False,consumer_pod0_proc0_20250628_233437_540898.csv
2129171,synthetic_1,83,1750889267.823055,1751153677.5392425,264409.7161872387,1751153681.0613534,3.522110939025879,1751153683.8216188,264415.9985637665,True,False,False,False,consumer_pod0_proc0_20250628_233437_540898.csv
2129181,synthetic_1,98,1750889267.8233318,1751153677.5392485,264409.7159166336,1751153681.0613534,3.5221049785614014,1751153683.8216188,264415.9982869625,True,False,False,False,consumer_pod0_proc0_20250628_233437_540898.csv
2129191,synthetic_1,105,1750889267.8236046,1751153677.5392544,264409.7156498432,1751153681.0613534,3.522099018096924,1751153683.8216188,264415.99801421165,True,False,False,False,consumer_pod0_proc0_20250628_233437_540898.csv
2129201,synthetic_1,96,1750889267.8238735,1751153677.5392609,264409.7153873444,1751153681.0613534,3.522092580795288,1751153683.8216188,264415.9977452755,True,False,False,False,consumer_pod0_proc0_20250628_233437_540898.csv
2129211,synthetic_1,103,1750889267.8241713,1751153677.5392678,264409.7150964737,1751153681.0613534,3.522085666656494,1751153683.8216188,264415.9974474907,True,False,False,False,consumer_pod0_proc0_20250628_233437_540898.csv
2129221,synthetic_1,98,1750889267.8244507,1751153677.5392745,264409.71482372284,1751153681.0613534,3.5220789909362797,1751153683.8216188,264415.9971680641,True,False,False,False,consumer_pod0_proc0_20250628_233437_540898.csv
2074951,synthetic_1,90,1750889268.5218253,1751153677.5392811,264409.01745581627,1751153681.0613534,3.5220723152160645,1751153683.8216188,264415.2997934818,True,True,False,False,consumer_pod0_proc0_20250628_233437_540898.csv
2129231,synthetic_1,89,1750889267.918586,1751153677.539287,264409.620701313,1751153681.0613534,3.522066354751587,1751153683.8216188,264415.9030327797,True,False,False,False,consumer_pod0_proc0_20250628_233437_540898.csv
2129241,synthetic_1,84,1750889267.918851,1751153677.5392938,264409.6204431057,1751153681.0613534,3.522059679031372,1751153683.8216188,264415.90276789665,True,False,False,False,consumer_pod0_proc0_20250628_233437_540898.csv
2074961,synthetic_1,91,1750889268.522127,1751153677.5393002,264409.0171735287,1751153681.0613534,3.5220532417297363,1751153683.8216188,264415.2994918823,True,True,False,False,consumer_pod0_proc0_20250628_233437_540898.csv
2074971,synthetic_1,98,1750889268.5224495,1751153677.5393066,264409.0168571472,1751153681.0613534,3.5220468044281006,1751153683.8216188,264415.299169302,True,False,False,False,consumer_pod0_proc0_20250628_233437_540898.csv
2074981,synthetic_1,83,1750889268.5227282,1751153677.5393128,264409.0165846348,1751153681.0613534,3.522040605545044,1751153683.8216188,264415.29889059067,True,False,False,False,consumer_pod0_proc0_20250628_233437_540898.csv
2074991,synthetic_1,101,1750889268.523026,1751153677.5393193,264409.0162932873,1751153681.0613534,3.522034168243408,1751153683.8216188,264415.29859280586,True,False,False,False,consumer_pod0_proc0_20250628_233437_540898.csv
2075001,synthetic_1,95,1750889268.52327,1751153677.539326,264409.0160560608,1751153681.0613534,3.5220274925231934,1751153683.8216188,264415.29834890366,True,False,False,False,consumer_pod0_proc0_20250628_233437_540898.csv
2075011,synthetic_1,95,1750889268.5235596,1751153677.5393324,264409.0157728195,1751153681.0613534,3.5220210552215576,1751153683.8216188,264415.2980592251,True,False,False,False,consumer_pod0_proc0_20250628_233437_540898.csv
2075021,synthetic_1,105,1750889268.5238194,1751153677.5393388,264409.01551938057,1751153681.0613534,3.522014617919922,1751153683.8216188,264415.29779934883,True,False,False,False,consumer_pod0_proc0_20250628_233437_540898.csv
2075031,synthetic_1,91,1750889268.524052,1751153677.5393453,264409.01529312134,1751153681.0613534,3.522008180618286,1751153683.8216188,264415.2975668907,True,False,False,False,consumer_pod0_proc0_20250628_233437_540898.csv
2075041,synthetic_1,89,1750889268.5242777,1751153677.5393517,264409.01507377625,1751153681.0613534,3.5220017433166504,1751153683.8216188,264415.2973411083,True,False,False,False,consumer_pod0_proc0_20250628_233437_540898.csv
2075051,synthetic_1,105,1750889268.5245316,1751153677.539358,264409.01482629776,1751153681.0613534,3.5219955444335938,1751153683.8216188,264415.29708719254,True,False,False,False,consumer_pod0_proc0_20250628_233437_540898.csv
2075061,synthetic_1,90,1750889268.5247753,1751153677.5393643,264409.0145890713,1751153681.0613534,3.521989107131958,1751153683.8216188,264415.29684352875,True,False,False,False,consumer_pod0_proc0_20250628_233437_540898.csv
2075071,synthetic_1,96,1750889268.5250432,1751153677.5393708,264409.0143275261,1751153681.0613534,3.5219826698303223,1751153683.8216188,264415.29657554626,True,False,False,False,consumer_pod0_proc0_20250628_233437_540898.csv
2075081,synthetic_1,84,1750889268.5252173,1751153677.539377,264409.0141596794,1751153681.0613534,3.5219764709472656,1751153683.8216188,264415.2964015007,True,False,False,False,consumer_pod0_proc0_20250628_233437_540898.csv
2129251,synthetic_1,97,1750889267.919154,1751153677.5393834,264409.62022948265,1751153681.0613534,3.52197003364563,1751153683.8216188,264415.90246486664,True,False,False,False,consumer_pod0_proc0_20250628_233437_540898.csv
2075091,synthetic_1,96,1750889268.5253968,1751153677.5393896,264409.0139927864,1751153681.0613534,3.521963834762573,1751153683.8216188,264415.2962219715,True,True,False,False,consumer_pod0_proc0_20250628_233437_540898.csv
2075101,synthetic_1,90,1750889268.5255675,1751153677.539396,264409.013828516,1751153681.0613534,3.521957397460937,1751153683.8216188,264415.2960512638,True,False,False,False,consumer_pod0_proc0_20250628_233437_540898.csv
2075111,synthetic_1,96,1750889268.5257435,1751153677.5394025,264409.013658762,1751153681.0613534,3.5219509601593018,1751153683.8216188,264415.2958753109,True,False,False,False,consumer_pod0_proc0_20250628_233437_540898.csv
2075121,synthetic_1,90,1750889268.5259013,1751153677.5394087,264409.0135073662,1751153681.0613534,3.521944761276245,1751153683.8216188,264415.2957174778,True,False,False,False,consumer_pod0_proc0_20250628_233437_540898.csv
2075131,synthetic_1,101,1750889268.5260625,1751153677.539415,264409.0133526325,1751153681.0613534,3.5219385623931885,1751153683.8216188,264415.29555630684,True,False,False,False,consumer_pod0_proc0_20250628_233437_540898.csv
2075141,synthetic_1,84,1750889268.5262094,1751153677.5394216,264409.013212204,1751153681.0613534,3.5219318866729736,1751153683.8216188,264415.295409441,True,False,False,False,consumer_pod0_proc0_20250628_233437_540898.csv
2075151,synthetic_1,91,1750889268.5263596,1751153677.5394275,264409.01306796074,1751153681.0613534,3.521925926208496,1751153683.8216188,264415.2952592373,True,False,False,False,consumer_pod0_proc0_20250628_233437_540898.csv
2075161,synthetic_1,96,1750889268.5265064,1751153677.539434,264409.0129275322,1751153681.0613534,3.5219194889068604,1751153683.8216188,264415.29511237144,True,False,False,False,consumer_pod0_proc0_20250628_233437_540898.csv
2075171,synthetic_1,90,1750889268.5266657,1751153677.5394404,264409.0127747059,1751153681.0613534,3.5219130516052246,1751153683.8216188,264415.29495310783,True,False,False,False,consumer_pod0_proc0_20250628_233437_540898.csv
2075181,synthetic_1,97,1750889268.5268133,1751153677.5394468,264409.0126335621,1751153681.0613534,3.521906614303589,1751153683.8216188,264415.29480552673,True,False,False,False,consumer_pod0_proc0_20250628_233437_540898.csv
2075191,synthetic_1,98,1750889268.5269625,1751153677.5394533,264409.01249074936,1751153681.0613534,3.521900177001953,1751153683.8216188,264415.2946562767,True,False,False,False,consumer_pod0_proc0_20250628_233437_540898.csv
2075201,synthetic_1,104,1750889268.5271163,1751153677.5394597,264409.01234316826,1751153681.0613534,3.5218937397003174,1751153683.8216188,264415.2945024967,True,False,False,False,consumer_pod0_proc0_20250628_233437_540898.csv
2075211,synthetic_1,103,1750889268.5272658,1751153677.539466,264409.0122003556,1751153681.0613534,3.5218875408172607,1751153683.8216188,264415.29435300827,True,False,False,False,consumer_pod0_proc0_20250628_233437_540898.csv
2075221,synthetic_1,96,1750889268.5274172,1751153677.5394726,264409.01205539703,1751153681.0613534,3.521880865097046,1751153683.8216188,264415.2942016125,True,False,False,False,consumer_pod0_proc0_20250628_233437_540898.csv
2075231,synthetic_1,98,1750889268.5275652,1751153677.5394793,264409.0119140148,1751153681.0613534,3.521874189376831,1751153683.8216188,264415.29405355453,True,False,False,False,consumer_pod0_proc0_20250628_233437_540898.csv
2075241,synthetic_1,103,1750889268.5277245,1751153677.539486,264409.0117614269,1751153681.0613534,3.521867513656616,1751153683.8216188,264415.2938942909,True,False,False,False,consumer_pod0_proc0_20250628_233437_540898.csv
2075251,synthetic_1,105,1750889268.5278742,1751153677.5394924,264409.01161813736,1751153681.0613534,3.5218610763549805,1751153683.8216188,264415.29374456406,True,False,False,False,consumer_pod0_proc0_20250628_233437_540898.csv
2075261,synthetic_1,101,1750889268.528026,1751153677.539499,264409.01147317886,1751153681.0613534,3.5218544006347656,1751153683.8216188,264415.2935926914,True,False,False,False,consumer_pod0_proc0_20250628_233437_540898.csv
2075271,synthetic_1,95,1750889268.528178,1751153677.5395055,264409.0113275051,1751153681.0613534,3.52184796333313,1751153683.8216188,264415.2934408188,True,False,False,False,consumer_pod0_proc0_20250628_233437_540898.csv
2075281,synthetic_1,105,1750889268.5283322,1751153677.5395122,264409.011179924,1751153681.0613534,3.521841287612915,1751153683.8216188,264415.29328656197,True,False,False,False,consumer_pod0_proc0_20250628_233437_540898.csv
2075291,synthetic_1,91,1750889268.6165204,1751153677.5395188,264408.92299842834,1751153681.0613534,3.5218346118927,1751153683.8216188,264415.2050983906,True,False,False,False,consumer_pod0_proc0_20250628_233437_540898.csv
2075301,synthetic_1,97,1750889268.6167767,1751153677.539525,264408.92274832726,1751153681.0613534,3.521828413009644,1751153683.8216188,264415.2048420906,True,False,False,False,consumer_pod0_proc0_20250628_233437_540898.csv
2075311,synthetic_1,88,1750889268.616972,1751153677.5395317,264408.92255949974,1751153681.0613534,3.5218217372894287,1751153683.8216188,264415.2046468258,True,False,False,False,consumer_pod0_proc0_20250628_233437_540898.csv
2075321,synthetic_1,83,1750889268.6172152,1751153677.539538,264408.9223229885,1751153681.0613534,3.521815538406372,1751153683.8216188,264415.20440363884,True,False,False,False,consumer_pod0_proc0_20250628_233437_540898.csv
2075331,synthetic_1,95,1750889268.6176462,1751153677.5395443,264408.9218981266,1751153681.0613534,3.5218091011047363,1751153683.8216188,264415.20397257805,True,False,False,False,consumer_pod0_proc0_20250628_233437_540898.csv
2075341,synthetic_1,103,1750889268.618796,1751153677.539551,264408.92075514793,1751153681.0613534,3.521802425384521,1751153683.8216188,264415.20282268524,True,False,False,False,consumer_pod0_proc0_20250628_233437_540898.csv
2075351,synthetic_1,90,1750889268.623295,1751153677.5395577,264408.91626262665,1751153681.0613534,3.521795749664306,1751153683.8216188,264415.19832372665,True,False,False,False,consumer_pod0_proc0_20250628_233437_540898.csv
2075361,synthetic_1,103,1750889268.623613,1751153677.539564,264408.91595077515,1751153681.0613534,3.52178955078125,1751153683.8216188,264415.19800567627,True,False,False,False,consumer_pod0_proc0_20250628_233437_540898.csv
2075371,synthetic_1,98,1750889268.6239262,1751153677.5395703,264408.91564416885,1751153681.0613534,3.5217831134796143,1751153683.8216188,264415.1976926327,True,False,False,False,consumer_pod0_proc0_20250628_233437_540898.csv
2075381,synthetic_1,83,1750889268.6241822,1751153677.539577,264408.915394783,1751153681.0613534,3.5217764377593994,1751153683.8216188,264415.1974365711,True,False,False,False,consumer_pod0_proc0_20250628_233437_540898.csv
2075391,synthetic_1,102,1750889268.6245558,1751153677.5395837,264408.9150278568,1751153681.0613534,3.521769762039185,1751153683.8216188,264415.1970629692,True,False,False,False,consumer_pod0_proc0_20250628_233437_540898.csv
2075401,synthetic_1,96,1750889268.624832,1751153677.5395904,264408.91475844383,1751153681.0613534,3.5217630863189697,1751153683.8216188,264415.1967868805,True,False,False,False,consumer_pod0_proc0_20250628_233437_540898.csv
3300583,synthetic_3,90,1750889684.333771,1751153673.2799325,263988.94616127014,1751153675.4579828,2.1780502796173096,1751153683.8216188,263999.487847805,False,False,False,False,consumer_pod0_proc1_20250628_233433_285594.csv
3300593,synthetic_3,83,1750889684.334159,1751153673.280141,263988.9459822178,1751153675.4579828,2.177841663360596,1751153683.8216188,263999.487459898,False,False,False,False,consumer_pod0_proc1_20250628_233433_285594.csv
3300603,synthetic_3,90,1750889684.3345287,1751153673.280152,263988.9456233978,1751153675.4579828,2.177830696105957,1751153683.8216188,263999.4870901108,False,False,False,False,consumer_pod0_proc1_20250628_233433_285594.csv
3300613,synthetic_3,104,1750889684.3348572,1751153673.280161,263988.9453034401,1751153675.4579828,2.1778218746185303,1751153683.8216188,263999.48676157,False,False,False,False,consumer_pod0_proc1_20250628_233433_285594.csv
3300623,synthetic_3,84,1750889684.3351288,1751153673.2801688,263988.9450399876,1751153675.4579828,2.17781400680542,1751153683.8216188,263999.4864900112,False,False,False,False,consumer_pod0_proc1_20250628_233433_285594.csv
3300633,synthetic_3,103,1750889684.3353672,1751153673.2801757,263988.9448084831,1751153675.4579828,2.177807092666626,1751153683.8216188,263999.48625159264,False,False,False,False,consumer_pod0_proc1_20250628_233433_285594.csv
3300643,synthetic_3,96,1750889684.3356102,1751153673.2801826,263988.9445724488,1751153675.4579828,2.177800178527832,1751153683.8216188,263999.4860086441,False,False,False,False,consumer_pod0_proc1_20250628_233433_285594.csv
3300653,synthetic_3,98,1750889684.3358593,1751153673.2801898,263988.9443304539,1751153675.4579828,2.177793025970459,1751153683.8216188,263999.4857594967,False,False,False,False,consumer_pod0_proc1_20250628_233433_285594.csv
3300663,synthetic_3,81,1750889684.336094,1751153673.2801964,263988.9441022873,1751153675.4579828,2.177786350250244,1751153683.8216188,263999.4855248928,False,False,False,False,consumer_pod0_proc1_20250628_233433_285594.csv
3300673,synthetic_3,95,1750889684.3363316,1751153673.2802036,263988.94387197495,1751153675.4579828,2.177779197692871,1751153683.8216188,263999.4852871895,False,False,False,False,consumer_pod0_proc1_20250628_233433_285594.csv
3300683,synthetic_3,83,1750889684.3365915,1751153673.2802105,263988.943618536,1751153675.4579828,2.177772283554077,1751153683.8216188,263999.48502731323,False,False,False,False,consumer_pod0_proc1_20250628_233433_285594.csv
3300693,synthetic_3,97,1750889684.336829,1751153673.280217,263988.94338798523,1751153675.4579828,2.1777658462524414,1751153683.8216188,263999.4847898483,False,False,False,False,consumer_pod0_proc1_20250628_233433_285594.csv
3300703,synthetic_3,104,1750889684.3370595,1751153673.2802234,263988.94316363335,1751153675.4579828,2.1777594089508057,1751153683.8216188,263999.48455929756,False,False,False,False,consumer_pod0_proc1_20250628_233433_285594.csv
3300713,synthetic_3,96,1750889684.3372998,1751153673.2802308,263988.9429309368,1751153675.4579828,2.177752017974853,1751153683.8216188,263999.48431897163,False,False,False,False,consumer_pod0_proc1_20250628_233433_285594.csv
3300723,synthetic_3,102,1750889684.3375306,1751153673.280237,263988.9427063465,1751153675.4579828,2.177745819091797,1751153683.8216188,263999.48408818245,False,False,False,False,consumer_pod0_proc1_20250628_233433_285594.csv
3300733,synthetic_3,104,1750889684.3377662,1751153673.2802436,263988.9424774647,1751153675.4579828,2.177739143371582,1751153683.8216188,263999.4838526249,False,False,False,False,consumer_pod0_proc1_20250628_233433_285594.csv
3300743,synthetic_3,98,1750889684.3379903,1751153673.2802503,263988.9422602653,1751153675.4579828,2.177732467651367,1751153683.8216188,263999.4836285114,False,False,False,False,consumer_pod0_proc1_20250628_233433_285594.csv
3300753,synthetic_3,96,1750889684.3382194,1751153673.2802577,263988.94203829765,1751153675.4579828,2.177725076675415,1751153683.8216188,263999.4833993912,False,False,False,False,consumer_pod0_proc1_20250628_233433_285594.csv
3300763,synthetic_3,98,1750889684.3384447,1751153673.2802646,263988.94181990623,1751153675.4579828,2.177718162536621,1751153683.8216188,263999.4831740856,False,False,False,False,consumer_pod0_proc1_20250628_233433_285594.csv
3300773,synthetic_3,96,1750889684.3386772,1751153673.2802713,263988.94159412384,1751153675.4579828,2.1777114868164062,1751153683.8216188,263999.4829416275,False,False,False,False,consumer_pod0_proc1_20250628_233433_285594.csv
3300783,synthetic_3,103,1750889684.3389046,1751153673.2802775,263988.9413731098,1751153675.4579828,2.1777052879333496,1751153683.8216188,263999.4827141762,False,False,False,False,consumer_pod0_proc1_20250628_233433_285594.csv
3300793,synthetic_3,84,1750889684.3391511,1751153673.2802846,263988.94113349915,1751153675.4579828,2.177698135375977,1751153683.8216188,263999.48246765137,False,False,False,False,consumer_pod0_proc1_20250628_233433_285594.csv
3300803,synthetic_3,103,1750889684.3393905,1751153673.280291,263988.9409005642,1751153675.4579828,2.177691698074341,1751153683.8216188,263999.4822282791,False,False,False,False,consumer_pod0_proc1_20250628_233433_285594.csv
3300813,synthetic_3,90,1750889684.3396397,1751153673.2802978,263988.9406580925,1751153675.4579828,2.177685022354126,1751153683.8216188,263999.4819791317,False,False,False,False,consumer_pod0_proc1_20250628_233433_285594.csv
3300823,synthetic_3,91,1750889684.3398793,1751153673.2803042,263988.9404249191,1751153675.4579828,2.1776785850524902,1751153683.8216188,263999.481739521,False,False,False,False,consumer_pod0_proc1_20250628_233433_285594.csv
3300833,synthetic_3,90,1750889684.3401213,1751153673.280311,263988.9401898384,1751153675.4579828,2.1776716709136963,1751153683.8216188,263999.48149752617,False,False,False,False,consumer_pod0_proc1_20250628_233433_285594.csv
3300843,synthetic_3,97,1750889684.3403656,1751153673.2803178,263988.9399521351,1751153675.4579828,2.177664995193481,1751153683.8216188,263999.4812531471,False,False,False,False,consumer_pod0_proc1_20250628_233433_285594.csv
3300853,synthetic_3,82,1750889684.4226277,1751153673.2803245,263988.8576967716,1751153675.4579828,2.1776583194732666,1751153683.8216188,263999.39899110794,False,False,False,False,consumer_pod0_proc1_20250628_233433_285594.csv
3300863,synthetic_3,89,1750889684.4229145,1751153673.280331,263988.8574163914,1751153675.4579828,2.177651882171631,1751153683.8216188,263999.3987042904,False,False,False,False,consumer_pod0_proc1_20250628_233433_285594.csv
3300873,synthetic_3,82,1750889684.423221,1751153673.2803378,263988.8571164608,1751153675.4579828,2.177644968032837,1751153683.8216188,263999.3983976841,False,False,False,False,consumer_pod0_proc1_20250628_233433_285594.csv
3300883,synthetic_3,103,1750889684.4235218,1751153673.2803442,263988.8568224907,1751153675.4579828,2.177638530731201,1751153683.8216188,263999.39809703827,False,False,False,False,consumer_pod0_proc1_20250628_233433_285594.csv
3300893,synthetic_3,83,1750889684.4237976,1751153673.2803512,263988.85655355453,1751153675.4579828,2.1776316165924072,1751153683.8216188,263999.397821188,False,False,False,False,consumer_pod0_proc1_20250628_233433_285594.csv
3300903,synthetic_3,104,1750889684.4241853,1751153673.2803576,263988.8561723232,1751153675.4579828,2.1776251792907715,1751153683.8216188,263999.39743351936,False,False,False,False,consumer_pod0_proc1_20250628_233433_285594.csv
3300913,synthetic_3,90,1750889684.4245212,1751153673.2803652,263988.85584402084,1751153675.4579828,2.17761754989624,1751153683.8216188,263999.3970975876,False,False,False,False,consumer_pod0_proc1_20250628_233433_285594.csv
3300923,synthetic_3,105,1750889684.4248538,1751153673.2803726,263988.8555188179,1751153675.4579828,2.177610158920288,1751153683.8216188,263999.39676499367,False,False,False,False,consumer_pod0_proc1_20250628_233433_285594.csv
3300933,synthetic_3,90,1750889684.4251246,1751153673.2803795,263988.85525488853,1751153675.4579828,2.177603244781494,1751153683.8216188,263999.39649415016,False,False,False,False,consumer_pod0_proc1_20250628_233433_285594.csv
3300943,synthetic_3,83,1750889684.425428,1751153673.2803862,263988.8549582958,1751153675.4579828,2.1775965690612797,1751153683.8216188,263999.39619088173,False,False,False,False,consumer_pod0_proc1_20250628_233433_285594.csv
3300953,synthetic_3,84,1750889684.4257123,1751153673.280393,263988.8546805382,1751153675.4579828,2.1775898933410645,1751153683.8216188,263999.39590644836,False,False,False,False,consumer_pod0_proc1_20250628_233433_285594.csv
3300963,synthetic_3,98,1750889684.4259996,1751153673.280399,263988.8543994427,1751153675.4579828,2.177583694458008,1751153683.8216188,263999.395619154,False,False,False,False,consumer_pod0_proc1_20250628_233433_285594.csv
3300973,synthetic_3,101,1750889684.426322,1751153673.2804065,263988.85408449173,1751153675.4579828,2.177576303482056,1751153683.8216188,263999.39529681206,False,False,False,False,consumer_pod0_proc1_20250628_233433_285594.csv
3300983,synthetic_3,105,1750889684.4266264,1751153673.280414,263988.8537874222,1751153675.4579828,2.1775686740875244,1751153683.8216188,263999.39499235153,False,False,False,False,consumer_pod0_proc1_20250628_233433_285594.csv
3300993,synthetic_3,97,1750889684.4269445,1751153673.2804215,263988.8534772396,1751153675.4579828,2.1775612831115723,1751153683.8216188,263999.39467430115,False,False,False,False,consumer_pod0_proc1_20250628_233433_285594.csv
3301003,synthetic_3,104,1750889684.4272535,1751153673.2804286,263988.85317492485,1751153675.4579828,2.177554130554199,1751153683.8216188,263999.39436531067,False,False,False,False,consumer_pod0_proc1_20250628_233433_285594.csv
3301013,synthetic_3,91,1750889684.4275577,1751153673.2804356,263988.8528780937,1751153675.4579828,2.1775472164154053,1751153683.8216188,263999.39406108856,False,False,False,False,consumer_pod0_proc1_20250628_233433_285594.csv
3301023,synthetic_3,82,1750889684.4278383,1751153673.2804418,263988.8526034355,1751153675.4579828,2.1775410175323486,1751153683.8216188,263999.3937804699,False,False,False,False,consumer_pod0_proc1_20250628_233433_285594.csv
3301033,synthetic_3,83,1750889684.4281409,1751153673.2804482,263988.85230731964,1751153675.4579828,2.177534580230713,1751153683.8216188,263999.3934779167,False,False,False,False,consumer_pod0_proc1_20250628_233433_285594.csv
3301043,synthetic_3,96,1750889684.428465,1751153673.2804546,263988.8519897461,1751153675.4579828,2.177528142929077,1751153683.8216188,263999.39315390587,False,False,False,False,consumer_pod0_proc1_20250628_233433_285594.csv
3476633,synthetic_3,82,1750889684.519174,1751153673.2804615,263988.7612874508,1751153675.4579828,2.177521228790283,1751153683.8216188,263999.3024446964,False,False,False,False,consumer_pod0_proc1_20250628_233433_285594.csv
3301053,synthetic_3,103,1750889684.5204058,1751153673.2804682,263988.76006245613,1751153675.4579828,2.1775145530700684,1751153683.8216188,263999.30121302605,False,True,False,False,consumer_pod0_proc1_20250628_233433_285594.csv
3301063,synthetic_3,82,1750889684.521512,1751153673.280489,263988.75897693634,1751153675.4579828,2.1774938106536865,1751153683.8216188,263999.30010676384,False,False,False,False,consumer_pod0_proc1_20250628_233433_285594.csv
3476643,synthetic_3,90,1750889684.5201488,1751153673.2804956,263988.7603468895,1751153675.4579828,2.177487134933472,1751153683.8216188,263999.3014700413,False,False,False,False,consumer_pod0_proc1_20250628_233433_285594.csv
3476653,synthetic_3,104,1750889684.5205965,1751153673.2805026,263988.75990605354,1751153675.4579828,2.1774802207946777,1751153683.8216188,263999.3010222912,False,False,False,False,consumer_pod0_proc1_20250628_233433_285594.csv
3476663,synthetic_3,90,1750889684.5209453,1751153673.2805092,263988.7595639229,1751153675.4579828,2.177473545074463,1751153683.8216188,263999.3006734848,False,False,False,False,consumer_pod0_proc1_20250628_233433_285594.csv
3476673,synthetic_3,105,1750889684.5211773,1751153673.2805169,263988.759339571,1751153675.4579828,2.177465915679932,1751153683.8216188,263999.3004415035,False,False,False,False,consumer_pod0_proc1_20250628_233433_285594.csv
3476683,synthetic_3,82,1750889684.521506,1751153673.2805238,263988.7590177059,1751153675.4579828,2.1774590015411377,1751153683.8216188,263999.3001127243,False,False,False,False,consumer_pod0_proc1_20250628_233433_285594.csv
3476693,synthetic_3,103,1750889684.5218244,1751153673.2805305,263988.75870609283,1751153675.4579828,2.177452325820923,1751153683.8216188,263999.2997944355,False,False,False,False,consumer_pod0_proc1_20250628_233433_285594.csv
3476703,synthetic_3,105,1750889684.5221555,1751153673.2805371,263988.75838160515,1751153675.4579828,2.177445650100708,1751153683.8216188,263999.2994632721,False,False,False,False,consumer_pod0_proc1_20250628_233433_285594.csv
3476713,synthetic_3,83,1750889684.5224726,1751153673.280544,263988.7580714226,1751153675.4579828,2.177438735961914,1751153683.8216188,263999.2991461754,False,False,False,False,consumer_pod0_proc1_20250628_233433_285594.csv
3476723,synthetic_3,105,1750889684.5227897,1751153673.2805507,263988.7577610016,1751153675.4579828,2.177432060241699,1751153683.8216188,263999.2988290787,False,False,False,False,consumer_pod0_proc1_20250628_233433_285594.csv
3476733,synthetic_3,103,1750889684.5230691,1751153673.2805576,263988.75748848915,1751153675.4579828,2.1774251461029053,1751153683.8216188,263999.2985496521,False,False,False,False,consumer_pod0_proc1_20250628_233433_285594.csv
3476743,synthetic_3,103,1750889684.5233457,1751153673.2805643,263988.75721883774,1751153675.4579828,2.1774184703826904,1751153683.8216188,263999.29827308655,False,False,False,False,consumer_pod0_proc1_20250628_233433_285594.csv
3476753,synthetic_3,83,1750889684.523637,1751153673.2805717,263988.7569346428,1751153675.4579828,2.1774110794067383,1751153683.8216188,263999.29798173904,False,False,False,False,consumer_pod0_proc1_20250628_233433_285594.csv
3476763,synthetic_3,90,1750889684.523959,1751153673.280578,263988.7566189766,1751153675.4579828,2.1774048805236816,1751153683.8216188,263999.29765987396,False,False,False,False,consumer_pod0_proc1_20250628_233433_285594.csv
3476773,synthetic_3,97,1750889684.5242517,1751153673.2805843,263988.7563326359,1751153675.4579828,2.177398443222046,1751153683.8216188,263999.29736709595,False,False,False,False,consumer_pod0_proc1_20250628_233433_285594.csv
3476783,synthetic_3,103,1750889684.618528,1751153673.2805924,263988.6620645523,1751153675.4579828,2.1773903369903564,1751153683.8216188,263999.20309090614,False,False,False,False,consumer_pod0_proc1_20250628_233433_285594.csv
3476793,synthetic_3,84,1750889684.6187172,1751153673.2805998,263988.66188263893,1751153675.4579828,2.1773829460144043,1751153683.8216188,263999.2029016018,False,False,False,False,consumer_pod0_proc1_20250628_233433_285594.csv
3476803,synthetic_3,103,1750889684.618903,1751153673.2806065,263988.6617035866,1751153675.4579828,2.177376270294189,1751153683.8216188,263999.2027158737,False,False,False,False,consumer_pod0_proc1_20250628_233433_285594.csv
3476813,synthetic_3,84,1750889684.6191676,1751153673.2806134,263988.6614458561,1751153675.4579828,2.1773693561553955,1751153683.8216188,263999.2024512291,False,False,False,False,consumer_pod0_proc1_20250628_233433_285594.csv
3476823,synthetic_3,102,1750889684.619429,1751153673.28062,263988.6611907482,1751153675.4579828,2.1773626804351807,1751153683.8216188,263999.2021896839,False,False,False,False,consumer_pod0_proc1_20250628_233433_285594.csv
3476833,synthetic_3,97,1750889684.6196337,1751153673.2806268,263988.6609930992,1751153675.4579828,2.177356004714966,1751153683.8216188,263999.2019851208,False,False,False,False,consumer_pod0_proc1_20250628_233433_285594.csv
3476843,synthetic_3,84,1750889684.6198409,1751153673.2806334,263988.6607925892,1751153675.4579828,2.177349328994751,1751153683.8216188,263999.201777935,False,False,False,False,consumer_pod0_proc1_20250628_233433_285594.csv
3476853,synthetic_3,91,1750889684.6201246,1751153673.28064,263988.6605153084,1751153675.4579828,2.1773428916931152,1751153683.8216188,263999.2014942169,False,False,False,False,consumer_pod0_proc1_20250628_233433_285594.csv
3476863,synthetic_3,97,1750889684.6204474,1751153673.2806466,263988.66019916534,1751153675.4579828,2.1773362159729004,1751153683.8216188,263999.20117139816,False,False,False,False,consumer_pod0_proc1_20250628_233433_285594.csv
3476873,synthetic_3,102,1750889684.6209345,1751153673.2806532,263988.6597187519,1751153675.4579828,2.177329540252685,1751153683.8216188,263999.200684309,False,False,False,False,consumer_pod0_proc1_20250628_233433_285594.csv
3301073,synthetic_3,98,1750889684.5218785,1751153673.28066,263988.7587814331,1751153675.4579828,2.1773228645324707,1751153683.8216188,263999.2997403145,False,True,False,False,consumer_pod0_proc1_20250628_233433_285594.csv
3476883,synthetic_3,103,1750889684.621318,1751153673.2806664,263988.65934848785,1751153675.4579828,2.177316427230835,1751153683.8216188,263999.2003006935,False,False,False,False,consumer_pod0_proc1_20250628_233433_285594.csv
3476893,synthetic_3,90,1750889684.6216834,1751153673.280673,263988.6589896679,1751153675.4579828,2.17730975151062,1751153683.8216188,263999.19993543625,False,False,False,False,consumer_pod0_proc1_20250628_233433_285594.csv
3476903,synthetic_3,105,1750889684.622095,1751153673.2806802,263988.65858483315,1751153675.4579828,2.177302598953247,1751153683.8216188,263999.19952368736,False,False,False,False,consumer_pod0_proc1_20250628_233433_285594.csv
3476913,synthetic_3,82,1750889684.6225011,1751153673.2806869,263988.65818572044,1751153675.4579828,2.177295923233032,1751153683.8216188,263999.1991176605,False,False,False,False,consumer_pod0_proc1_20250628_233433_285594.csv
3476923,synthetic_3,84,1750889684.6229484,1751153673.2806938,263988.6577453613,1751153675.4579828,2.1772890090942383,1751153683.8216188,263999.19867038727,False,False,False,False,consumer_pod0_proc1_20250628_233433_285594.csv
3476933,synthetic_3,84,1750889684.6232464,1751153673.2807,263988.657453537,1751153675.4579828,2.1772828102111816,1751153683.8216188,263999.19837236404,False,False,False,False,consumer_pod0_proc1_20250628_233433_285594.csv
3476943,synthetic_3,91,1750889684.6236506,1751153673.2807064,263988.6570558548,1751153675.4579828,2.177276372909546,1751153683.8216188,263999.19796824455,False,False,False,False,consumer_pod0_proc1_20250628_233433_285594.csv
3476953,synthetic_3,84,1750889684.6240046,1751153673.2807126,263988.6567080021,1751153675.4579828,2.1772701740264893,1751153683.8216188,263999.19761419296,False,False,False,False,consumer_pod0_proc1_20250628_233433_285594.csv
3476963,synthetic_3,84,1750889684.6243596,1751153673.280719,263988.6563594341,1751153675.4579828,2.177263736724853,1751153683.8216188,263999.1972591877,False,False,False,False,consumer_pod0_proc1_20250628_233433_285594.csv
3476973,synthetic_3,84,1750889684.6247897,1751153673.2807252,263988.6559357643,1751153675.4579828,2.177257537841797,1751153683.8216188,263999.1968290806,False,False,False,False,consumer_pod0_proc1_20250628_233433_285594.csv
3476983,synthetic_3,105,1750889684.6251063,1751153673.2807317,263988.6556253433,1751153675.4579828,2.177251100540161,1751153683.8216188,263999.1965124607,False,False,False,False,consumer_pod0_proc1_20250628_233433_285594.csv
3476993,synthetic_3,84,1750889684.6254368,1751153673.280738,263988.65530109406,1751153675.4579828,2.1772446632385254,1751153683.8216188,263999.19618201256,False,False,False,False,consumer_pod0_proc1_20250628_233433_285594.csv
3477003,synthetic_3,91,1750889684.6257522,1751153673.280744,263988.6549918652,1751153675.4579828,2.177238702774048,1751153683.8216188,263999.1958665848,False,False,False,False,consumer_pod0_proc1_20250628_233433_285594.csv
3477013,synthetic_3,87,1750889684.6259356,1751153673.2807505,263988.6548147201,1751153675.4579828,2.177232265472412,1751153683.8216188,263999.1956832409,False,False,False,False,consumer_pod0_proc1_20250628_233433_285594.csv
3477023,synthetic_3,83,1750889684.626103,1751153673.280757,263988.65465402603,1751153675.4579828,2.1772258281707764,1751153683.8216188,263999.19551587105,False,False,False,False,consumer_pod0_proc1_20250628_233433_285594.csv
3477033,synthetic_3,95,1750889684.6262567,1751153673.2807631,263988.65450644493,1751153675.4579828,2.17721962928772,1751153683.8216188,263999.19536209106,False,False,False,False,consumer_pod0_proc1_20250628_233433_285594.csv
3477043,synthetic_3,104,1750889684.6264057,1751153673.2807698,263988.65436410904,1751153675.4579828,2.177212953567505,1751153683.8216188,263999.19521307945,False,False,False,False,consumer_pod0_proc1_20250628_233433_285594.csv
3477053,synthetic_3,89,1750889684.6265495,1751153673.2807765,263988.6542270184,1751153675.4579828,2.17720627784729,1751153683.8216188,263999.19506931305,False,False,False,False,consumer_pod0_proc1_20250628_233433_285594.csv
3477063,synthetic_3,98,1750889684.6267016,1751153673.2807832,263988.654081583,1751153675.4579828,2.177199602127075,1751153683.8216188,263999.194917202,False,False,False,False,consumer_pod0_proc1_20250628_233433_285594.csv
3477073,synthetic_3,97,1750889684.6268554,1751153673.2807896,263988.65393424034,1751153675.4579828,2.1771931648254395,1751153683.8216188,263999.194763422,False,False,False,False,consumer_pod0_proc1_20250628_233433_285594.csv
3477083,synthetic_3,97,1750889684.6270049,1751153673.280796,263988.6537911892,1751153675.4579828,2.177186727523804,1751153683.8216188,263999.19461393356,False,False,False,False,consumer_pod0_proc1_20250628_233433_285594.csv
3477093,synthetic_3,91,1750889684.6271565,1751153673.2808025,263988.6536459923,1751153675.4579828,2.177180290222168,1751153683.8216188,263999.19446229935,False,False,False,False,consumer_pod0_proc1_20250628_233433_285594.csv
3477103,synthetic_3,91,1750889684.6273086,1751153673.2808104,263988.65350174904,1751153675.4579828,2.1771724224090576,1751153683.8216188,263999.1943101883,False,False,False,False,consumer_pod0_proc1_20250628_233433_285594.csv
3477113,synthetic_3,96,1750889684.6274652,1751153673.2808175,263988.653352499,1751153675.4579828,2.177165269851685,1751153683.8216188,263999.1941535473,False,False,False,False,consumer_pod0_proc1_20250628_233433_285594.csv
3477123,synthetic_3,91,1750889684.6276193,1751153673.280824,263988.6532046795,1751153675.4579828,2.177158832550049,1751153683.8216188,263999.1939995289,False,False,False,False,consumer_pod0_proc1_20250628_233433_285594.csv
3477133,synthetic_3,89,1750889684.6277685,1751153673.2808304,263988.6530621052,1751153675.4579828,2.177152395248413,1751153683.8216188,263999.19385027885,False,False,False,False,consumer_pod0_proc1_20250628_233433_285594.csv
3477143,synthetic_3,98,1750889684.6279206,1751153673.2808368,263988.652916193,1751153675.4579828,2.1771459579467773,1751153683.8216188,263999.1936981678,False,False,False,False,consumer_pod0_proc1_20250628_233433_285594.csv
3477153,synthetic_3,81,1750889684.628074,1751153673.2808433,263988.6527693272,1751153675.4579828,2.1771395206451416,1751153683.8216188,263999.19354486465,False,False,False,False,consumer_pod0_proc1_20250628_233433_285594.csv
3477163,synthetic_3,83,1750889684.6282284,1751153673.2808497,263988.6526210308,1751153675.4579828,2.177133083343506,1751153683.8216188,263999.1933903694,False,False,False,False,consumer_pod0_proc1_20250628_233433_285594.csv
3477173,synthetic_3,90,1750889684.6283846,1751153673.2808557,263988.6524710655,1751153675.4579828,2.1771271228790283,1751153683.8216188,263999.19323420525,False,False,False,False,consumer_pod0_proc1_20250628_233433_285594.csv
3477183,synthetic_3,84,1750889684.7175355,1751153673.280862,263988.5633261204,1751153675.4579828,2.1771206855773926,1751153683.8216188,263999.10408329964,False,False,False,False,consumer_pod0_proc1_20250628_233433_285594.csv
3477193,synthetic_3,94,1750889684.7181036,1751153673.2808683,263988.5627646446,1751153675.4579828,2.177114486694336,1751153683.8216188,263999.10351514816,False,False,False,False,consumer_pod0_proc1_20250628_233433_285594.csv
3477203,synthetic_3,81,1750889684.718469,1751153673.2808747,263988.56240582466,1751153675.4579828,2.1771080493927,1751153683.8216188,263999.1031498909,False,False,False,False,consumer_pod0_proc1_20250628_233433_285594.csv
3477213,synthetic_3,91,1750889684.7190144,1751153673.2808812,263988.56186676025,1751153675.4579828,2.1771016120910645,1751153683.8216188,263999.1026043892,False,False,False,False,consumer_pod0_proc1_20250628_233433_285594.csv
3302223,synthetic_3,82,1750889684.922354,1751153673.2808876,263988.35853362083,1751153675.4579828,2.1770951747894287,1751153683.8216188,263998.89926481247,False,True,False,False,consumer_pod0_proc1_20250628_233433_285594.csv
3302233,synthetic_3,104,1750889684.9227743,1751153673.2808938,263988.35811948776,1751153675.4579828,2.177088975906372,1751153683.8216188,263998.8988444805,False,False,False,False,consumer_pod0_proc1_20250628_233433_285594.csv
3302243,synthetic_3,83,1750889684.9231791,1751153673.2809007,263988.35772156715,1751153675.4579828,2.177082061767578,1751153683.8216188,263998.89843964577,False,False,False,False,consumer_pod0_proc1_20250628_233433_285594.csv
3302253,synthetic_3,91,1750889684.9236069,1751153673.280907,263988.3572998047,1751153675.4579828,2.177075862884521,1751153683.8216188,263998.89801192284,False,False,False,False,consumer_pod0_proc1_20250628_233433_285594.csv
3302263,synthetic_3,92,1750889684.924085,1751153673.280913,263988.35682821274,1751153675.4579828,2.177069664001465,1751153683.8216188,263998.8975338936,False,False,False,False,consumer_pod0_proc1_20250628_233433_285594.csv
3302273,synthetic_3,97,1750889684.9244626,1751153673.2809198,263988.3564572334,1751153675.4579828,2.17706298828125,1751153683.8216188,263998.89715623856,False,False,False,False,consumer_pod0_proc1_20250628_233433_285594.csv
3302283,synthetic_3,84,1750889685.0190122,1751153673.2809267,263988.26191449165,1751153675.4579828,2.177056074142456,1751153683.8216188,263998.80260658264,False,False,False,False,consumer_pod0_proc1_20250628_233433_285594.csv
3302293,synthetic_3,105,1750889685.019272,1751153673.2809334,263988.26166152954,1751153675.4579828,2.177049398422241,1751153683.8216188,263998.8023467064,False,False,False,False,consumer_pod0_proc1_20250628_233433_285594.csv
3302303,synthetic_3,84,1750889685.0195436,1751153673.2809403,263988.2613966465,1751153675.4579828,2.1770424842834477,1751153683.8216188,263998.8020751476,False,False,False,False,consumer_pod0_proc1_20250628_233433_285594.csv
3302313,synthetic_3,89,1750889685.0198286,1751153673.280947,263988.261118412,1751153675.4579828,2.1770358085632324,1751153683.8216188,263998.8017902374,False,False,False,False,consumer_pod0_proc1_20250628_233433_285594.csv
3302323,synthetic_3,83,1750889685.0200782,1751153673.2809534,263988.26087522507,1751153675.4579828,2.1770293712615967,1751153683.8216188,263998.8015406132,False,False,False,False,consumer_pod0_proc1_20250628_233433_285594.csv
3302333,synthetic_3,97,1750889685.0203516,1751153673.28096,263988.2606084347,1751153675.4579828,2.177022695541382,1751153683.8216188,263998.80126714706,False,False,False,False,consumer_pod0_proc1_20250628_233433_285594.csv
3302343,synthetic_3,84,1750889685.0208228,1751153673.2809663,263988.26014351845,1751153675.4579828,2.177016496658325,1751153683.8216188,263998.80079603195,False,False,False,False,consumer_pod0_proc1_20250628_233433_285594.csv
3302353,synthetic_3,96,1750889685.021139,1751153673.2809727,263988.2598338127,1751153675.4579828,2.177010059356689,1751153683.8216188,263998.8004798889,False,False,False,False,consumer_pod0_proc1_20250628_233433_285594.csv
3302363,synthetic_3,83,1750889685.0214753,1751153673.2809794,263988.2595040798,1751153675.4579828,2.1770033836364746,1751153683.8216188,263998.8001434803,False,False,False,False,consumer_pod0_proc1_20250628_233433_285594.csv
3302373,synthetic_3,89,1750889685.0218377,1751153673.2809856,263988.25914788246,1751153675.4579828,2.176997184753418,1751153683.8216188,263998.79978108406,False,False,False,False,consumer_pod0_proc1_20250628_233433_285594.csv
3302383,synthetic_3,105,1750889685.0221653,1751153673.280992,263988.25882673264,1751153675.4579828,2.1769907474517822,1751153683.8216188,263998.79945349693,False,False,False,False,consumer_pod0_proc1_20250628_233433_285594.csv
3302393,synthetic_3,89,1750889685.022684,1751153673.2809987,263988.2583146095,1751153675.4579828,2.1769840717315674,1751153683.8216188,263998.7989346981,False,False,False,False,consumer_pod0_proc1_20250628_233433_285594.csv
3302403,synthetic_3,97,1750889685.0229886,1751153673.2810054,263988.2580168247,1751153675.4579828,2.1769773960113525,1751153683.8216188,263998.7986302376,False,False,False,False,consumer_pod0_proc1_20250628_233433_285594.csv
3302413,synthetic_3,90,1750889685.0233142,1751153673.2810118,263988.25769758224,1751153675.4579828,2.176970958709717,1751153683.8216188,263998.7983045578,False,False,False,False,consumer_pod0_proc1_20250628_233433_285594.csv
3302423,synthetic_3,97,1750889685.023672,1751153673.281019,263988.25734710693,1751153675.4579828,2.176963806152344,1751153683.8216188,263998.7979466915,False,False,False,False,consumer_pod0_proc1_20250628_233433_285594.csv
3302433,synthetic_3,91,1750889685.0239584,1751153673.281026,263988.25706744194,1751153675.4579828,2.17695689201355,1751153683.8216188,263998.7976603508,False,False,False,False,consumer_pod0_proc1_20250628_233433_285594.csv
3302443,synthetic_3,104,1750889685.0246491,1751153673.281032,263988.2563829422,1751153675.4579828,2.176950693130493,1751153683.8216188,263998.7969696522,False,False,False,False,consumer_pod0_proc1_20250628_233433_285594.csv
3302453,synthetic_3,84,1750889685.0249455,1751153673.2810397,263988.2560939789,1751153675.4579828,2.176943063735962,1751153683.8216188,263998.7966732979,False,False,False,False,consumer_pod0_proc1_20250628_233433_285594.csv
3302463,synthetic_3,94,1750889685.025328,1751153673.281046,263988.2557179928,1751153675.4579828,2.1769368648529053,1751153683.8216188,263998.7962908745,False,False,False,False,consumer_pod0_proc1_20250628_233433_285594.csv
3302473,synthetic_3,97,1750889685.0255997,1751153673.2810524,263988.2554526329,1751153675.4579828,2.176930427551269,1751153683.8216188,263998.7960190773,False,False,False,False,consumer_pod0_proc1_20250628_233433_285594.csv
3302483,synthetic_3,88,1750889685.02587,1751153673.281059,263988.255188942,1751153675.4579828,2.1769237518310547,1751153683.8216188,263998.79574871063,False,False,False,False,consumer_pod0_proc1_20250628_233433_285594.csv
3302493,synthetic_3,84,1750889685.0260904,1751153673.2810652,263988.2549748421,1751153675.4579828,2.176917552947998,1751153683.8216188,263998.79552841187,False,False,False,False,consumer_pod0_proc1_20250628_233433_285594.csv
3302503,synthetic_3,81,1750889685.026324,1751153673.2810714,263988.25474739075,1751153675.4579828,2.1769113540649414,1751153683.8216188,263998.79529476166,False,False,False,False,consumer_pod0_proc1_20250628_233433_285594.csv
3302513,synthetic_3,97,1750889685.0265503,1751153673.281078,263988.25452780724,1751153675.4579828,2.1769046783447266,1751153683.8216188,263998.7950685024,False,False,False,False,consumer_pod0_proc1_20250628_233433_285594.csv
3302523,synthetic_3,105,1750889685.0267737,1751153673.2810843,263988.2543108463,1751153675.4579828,2.17689847946167,1751153683.8216188,263998.7948451042,False,False,False,False,consumer_pod0_proc1_20250628_233433_285594.csv
3302533,synthetic_3,102,1750889685.0269983,1751153673.281091,263988.2540924549,1751153675.4579828,2.176891803741455,1751153683.8216188,263998.7946205139,False,False,False,False,consumer_pod0_proc1_20250628_233433_285594.csv
3302543,synthetic_3,90,1750889685.0272312,1751153673.2810977,263988.2538664341,1751153675.4579828,2.17688512802124,1751153683.8216188,263998.79438757896,False,False,False,False,consumer_pod0_proc1_20250628_233433_285594.csv
3302553,synthetic_3,105,1750889685.0274684,1751153673.2811043,263988.25363588333,1751153675.4579828,2.1768784523010254,1751153683.8216188,263998.7941503525,False,False,False,False,consumer_pod0_proc1_20250628_233433_285594.csv
3302563,synthetic_3,103,1750889685.02769,1751153673.281111,263988.2534210682,1751153675.4579828,2.1768717765808105,1751153683.8216188,263998.7939288616,False,False,False,False,consumer_pod0_proc1_20250628_233433_285594.csv
3302573,synthetic_3,98,1750889685.0279276,1751153673.2811177,263988.2531900406,1751153675.4579828,2.176865100860596,1751153683.8216188,263998.7936911583,False,False,False,False,consumer_pod0_proc1_20250628_233433_285594.csv
3302583,synthetic_3,90,1750889685.028149,1751153673.2811244,263988.25297546387,1751153675.4579828,2.176858425140381,1751153683.8216188,263998.79346990585,False,False,False,False,consumer_pod0_proc1_20250628_233433_285594.csv
3302593,synthetic_3,98,1750889685.0283988,1751153673.281131,263988.2527322769,1751153675.4579828,2.176851749420166,1751153683.8216188,263998.7932200432,False,False,False,False,consumer_pod0_proc1_20250628_233433_285594.csv
3302603,synthetic_3,105,1750889685.1184218,1751153673.2811377,263988.16271591187,1751153675.4579828,2.176845073699951,1751153683.8216188,263998.7031970024,False,False,False,False,consumer_pod0_proc1_20250628_233433_285594.csv
3302613,synthetic_3,98,1750889685.1189542,1751153673.281144,263988.1621899605,1751153675.4579828,2.1768388748168945,1751153683.8216188,263998.7026646137,False,False,False,False,consumer_pod0_proc1_20250628_233433_285594.csv
3302623,synthetic_3,90,1750889685.1194274,1751153673.2811513,263988.16172385216,1751153675.4579828,2.1768314838409424,1751153683.8216188,263998.70219135284,False,False,False,False,consumer_pod0_proc1_20250628_233433_285594.csv
3302633,synthetic_3,83,1750889685.1197844,1751153673.2811575,263988.1613731384,1751153675.4579828,2.1768252849578857,1751153683.8216188,263998.70183444023,False,False,False,False,consumer_pod0_proc1_20250628_233433_285594.csv
3302643,synthetic_3,104,1750889685.1228533,1751153673.2811637,263988.15831041336,1751153675.4579828,2.176819086074829,1751153683.8216188,263998.6987655163,False,False,False,False,consumer_pod0_proc1_20250628_233433_285594.csv
3302653,synthetic_3,83,1750889685.1232154,1751153673.28117,263988.15795469284,1751153675.4579828,2.1768128871917725,1751153683.8216188,263998.69840335846,False,False,False,False,consumer_pod0_proc1_20250628_233433_285594.csv
3302663,synthetic_3,105,1750889685.1235335,1751153673.2811766,263988.15764284134,1751153675.4579828,2.1768062114715576,1751153683.8216188,263998.6980853081,False,False,False,False,consumer_pod0_proc1_20250628_233433_285594.csv
3302673,synthetic_3,90,1750889685.1237864,1751153673.2811835,263988.1573970318,1751153675.4579828,2.176799297332764,1751153683.8216188,263998.69783234596,False,False,False,False,consumer_pod0_proc1_20250628_233433_285594.csv
3302683,synthetic_3,84,1750889685.1240318,1751153673.2811902,263988.1571583748,1751153675.4579828,2.176792621612549,1751153683.8216188,263998.69758701324,False,False,False,False,consumer_pod0_proc1_20250628_233433_285594.csv
3302693,synthetic_3,89,1750889685.1242516,1751153673.2811964,263988.15694475174,1751153675.4579828,2.176786422729492,1751153683.8216188,263998.6973671913,False,False,False,False,consumer_pod0_proc1_20250628_233433_285594.csv
3302703,synthetic_3,105,1750889685.1245005,1751153673.2812028,263988.15670228004,1751153675.4579828,2.1767799854278564,1751153683.8216188,263998.6971182823,False,False,False,False,consumer_pod0_proc1_20250628_233433_285594.csv
3302713,synthetic_3,83,1750889685.1247458,1751153673.2812092,263988.1564633846,1751153675.4579828,2.1767735481262207,1751153683.8216188,263998.6968729496,False,False,False,False,consumer_pod0_proc1_20250628_233433_285594.csv
3302723,synthetic_3,89,1750889685.124982,1751153673.2812157,263988.1562335491,1751153675.4579828,2.176767110824585,1751153683.8216188,263998.6966366768,False,False,False,False,consumer_pod0_proc1_20250628_233433_285594.csv
3302733,synthetic_3,83,1750889685.1252043,1751153673.281222,263988.1560175419,1751153675.4579828,2.176760673522949,1751153683.8216188,263998.6964144707,False,False,False,False,consumer_pod0_proc1_20250628_233433_285594.csv
3302743,synthetic_3,90,1750889685.1254318,1751153673.2812283,263988.15579652786,1751153675.4579828,2.1767544746398926,1751153683.8216188,263998.69618701935,False,False,False,False,consumer_pod0_proc1_20250628_233433_285594.csv
3302753,synthetic_3,97,1750889685.1256592,1751153673.281235,263988.15557575226,1751153675.4579828,2.1767477989196777,1751153683.8216188,263998.695959568,False,False,False,False,consumer_pod0_proc1_20250628_233433_285594.csv
3302763,synthetic_3,84,1750889685.1258874,1751153673.2812414,263988.155354023,1751153675.4579828,2.176741361618042,1751153683.8216188,263998.69573140144,False,False,False,False,consumer_pod0_proc1_20250628_233433_285594.csv
3302773,synthetic_3,97,1750889685.1261227,1751153673.281248,263988.15512514114,1751153675.4579828,2.176734685897827,1751153683.8216188,263998.6954960823,False,False,False,False,consumer_pod0_proc1_20250628_233433_285594.csv
3302783,synthetic_3,83,1750889685.1263504,1751153673.2812543,263988.1549038887,1751153675.4579828,2.1767284870147705,1751153683.8216188,263998.69526839256,False,False,False,False,consumer_pod0_proc1_20250628_233433_285594.csv
3302793,synthetic_3,98,1750889685.1265872,1751153673.2812605,263988.15467333794,1751153675.4579828,2.176722288131714,1751153683.8216188,263998.6950316429,False,False,False,False,consumer_pod0_proc1_20250628_233433_285594.csv
3302803,synthetic_3,84,1750889685.1268191,1751153673.2812667,263988.15444755554,1751153675.4579828,2.176716089248657,1751153683.8216188,263998.69479966164,False,False,False,False,consumer_pod0_proc1_20250628_233433_285594.csv
3302813,synthetic_3,97,1750889685.2203946,1751153673.2812731,263988.06087851524,1751153675.4579828,2.176709651947021,1751153683.8216188,263998.60122418404,False,False,False,False,consumer_pod0_proc1_20250628_233433_285594.csv
3302823,synthetic_3,98,1750889685.2208571,1751153673.2812796,263988.0604224205,1751153675.4579828,2.1767032146453857,1751153683.8216188,263998.600761652,False,False,False,False,consumer_pod0_proc1_20250628_233433_285594.csv
3302833,synthetic_3,96,1750889685.221222,1751153673.2812862,263988.0600643158,1751153675.4579828,2.176696538925171,1751153683.8216188,263998.60039687157,False,False,False,False,consumer_pod0_proc1_20250628_233433_285594.csv
3302843,synthetic_3,83,1750889685.2215636,1751153673.281293,263988.0597293377,1751153675.4579828,2.176689863204956,1751153683.8216188,263998.60005521774,False,False,False,False,consumer_pod0_proc1_20250628_233433_285594.csv
3302853,synthetic_3,90,1750889685.2220912,1751153673.2812998,263988.0592086315,1751153675.4579828,2.176682949066162,1751153683.8216188,263998.5995275974,False,False,False,False,consumer_pod0_proc1_20250628_233433_285594.csv
3302863,synthetic_3,103,1750889685.2223964,1751153673.2813065,263988.05891013145,1751153675.4579828,2.1766762733459477,1751153683.8216188,263998.59922242165,False,False,False,False,consumer_pod0_proc1_20250628_233433_285594.csv
3302873,synthetic_3,105,1750889685.2227364,1751153673.2813132,263988.0585768223,1751153675.4579828,2.1766695976257324,1751153683.8216188,263998.59888243675,False,False,False,False,consumer_pod0_proc1_20250628_233433_285594.csv
3302883,synthetic_3,89,1750889685.2229648,1751153673.28132,263988.0583553314,1751153675.4579828,2.1766626834869385,1751153683.8216188,263998.59865403175,False,False,False,False,consumer_pod0_proc1_20250628_233433_285594.csv
3302893,synthetic_3,96,1750889685.2231803,1751153673.281327,263988.05814647675,1751153675.4579828,2.1766557693481445,1751153683.8216188,263998.59843850136,False,False,False,False,consumer_pod0_proc1_20250628_233433_285594.csv
3302903,synthetic_3,84,1750889685.2234025,1751153673.2813337,263988.0579311848,1751153675.4579828,2.1766490936279297,1751153683.8216188,263998.59821629524,False,False,False,False,consumer_pod0_proc1_20250628_233433_285594.csv
3302913,synthetic_3,102,1750889685.2236466,1751153673.28134,263988.05769348145,1751153675.4579828,2.176642894744873,1751153683.8216188,263998.5979721546,False,False,False,False,consumer_pod0_proc1_20250628_233433_285594.csv
3302923,synthetic_3,91,1750889685.2238786,1751153673.281347,263988.0574684143,1751153675.4579828,2.1766357421875,1751153683.8216188,263998.59774017334,False,False,False,False,consumer_pod0_proc1_20250628_233433_285594.csv
3302933,synthetic_3,98,1750889685.2241187,1751153673.2813537,263988.0572347641,1751153675.4579828,2.176629066467285,1751153683.8216188,263998.59750008583,False,False,False,False,consumer_pod0_proc1_20250628_233433_285594.csv
3302943,synthetic_3,82,1750889685.2243552,1751153673.28136,263988.05700469017,1751153675.4579828,2.1766228675842285,1751153683.8216188,263998.5972635746,False,False,False,False,consumer_pod0_proc1_20250628_233433_285594.csv
3302953,synthetic_3,82,1750889685.224622,1751153673.2813663,263988.0567443371,1751153675.4579828,2.1766164302825928,1751153683.8216188,263998.5969967842,False,False,False,False,consumer_pod0_proc1_20250628_233433_285594.csv
3302963,synthetic_3,99,1750889685.224924,1751153673.2813728,263988.05644869804,1751153675.4579828,2.176609992980957,1751153683.8216188,263998.59669470787,False,False,False,False,consumer_pod0_proc1_20250628_233433_285594.csv
3302973,synthetic_3,83,1750889685.225235,1751153673.2813797,263988.0561447144,1751153675.4579828,2.176603078842163,1751153683.8216188,263998.59638381004,False,False,False,False,consumer_pod0_proc1_20250628_233433_285594.csv
3302983,synthetic_3,90,1750889685.225493,1751153673.281386,263988.05589318275,1751153675.4579828,2.1765968799591064,1751153683.8216188,263998.59612584114,False,False,False,False,consumer_pod0_proc1_20250628_233433_285594.csv
3302993,synthetic_3,91,1750889685.2257147,1751153673.2813928,263988.0556781292,1751153675.4579828,2.1765899658203125,1751153683.8216188,263998.59590411186,False,False,False,False,consumer_pod0_proc1_20250628_233433_285594.csv
3303003,synthetic_3,84,1750889685.2259464,1751153673.2814,263988.0554535389,1751153675.4579828,2.1765828132629395,1751153683.8216188,263998.595672369,False,False,False,False,consumer_pod0_proc1_20250628_233433_285594.csv
3303013,synthetic_3,91,1750889685.2261584,1751153673.2814078,263988.0552494526,1751153675.4579828,2.176574945449829,1751153683.8216188,263998.5954604149,False,False,False,False,consumer_pod0_proc1_20250628_233433_285594.csv
3303023,synthetic_3,90,1750889685.2263873,1751153673.2814145,263988.0550272465,1751153675.4579828,2.1765682697296143,1751153683.8216188,263998.59523153305,False,False,False,False,consumer_pod0_proc1_20250628_233433_285594.csv
3303033,synthetic_3,83,1750889685.2266204,1751153673.281422,263988.0548017025,1751153675.4579828,2.176560878753662,1751153683.8216188,263998.5949983597,False,False,False,False,consumer_pod0_proc1_20250628_233433_285594.csv
3303043,synthetic_3,94,1750889685.226858,1751153673.2814293,263988.0545713901,1751153675.4579828,2.17655348777771,1751153683.8216188,263998.5947608948,False,False,False,False,consumer_pod0_proc1_20250628_233433_285594.csv
3303053,synthetic_3,101,1750889685.2270994,1751153673.2814355,263988.05433630943,1751153675.4579828,2.1765472888946533,1751153683.8216188,263998.59451937675,False,False,False,False,consumer_pod0_proc1_20250628_233433_285594.csv
3303063,synthetic_3,104,1750889685.227344,1751153673.2814426,263988.0540986061,1751153675.4579828,2.1765401363372803,1751153683.8216188,263998.5942747593,False,False,False,False,consumer_pod0_proc1_20250628_233433_285594.csv
3303073,synthetic_3,98,1750889685.227573,1751153673.2814498,263988.05387711525,1751153675.4579828,2.1765329837799072,1751153683.8216188,263998.59404587746,False,False,False,False,consumer_pod0_proc1_20250628_233433_285594.csv
3303083,synthetic_3,90,1750889685.2277951,1751153673.2814565,263988.05366134644,1751153675.4579828,2.1765263080596924,1751153683.8216188,263998.59382367134,False,False,False,False,consumer_pod0_proc1_20250628_233433_285594.csv
3303093,synthetic_3,90,1750889685.228023,1751153673.2814631,263988.053440094,1751153675.4579828,2.176519632339477,1751153683.8216188,263998.5935957432,False,False,False,False,consumer_pod0_proc1_20250628_233433_285594.csv
3303103,synthetic_3,104,1750889685.228243,1751153673.2814696,263988.05322647095,1751153675.4579828,2.176513195037842,1751153683.8216188,263998.59337568283,False,False,False,False,consumer_pod0_proc1_20250628_233433_285594.csv
3303113,synthetic_3,88,1750889685.3170147,1751153673.281476,263987.9644613266,1751153675.4579828,2.176506757736206,1751153683.8216188,263998.5046041012,False,False,False,False,consumer_pod0_proc1_20250628_233433_285594.csv
3303123,synthetic_3,104,1750889685.3199744,1751153673.281483,263987.9615085125,1751153675.4579828,2.176499843597412,1751153683.8216188,263998.50164437294,False,False,False,False,consumer_pod0_proc1_20250628_233433_285594.csv
3303133,synthetic_3,89,1750889685.320617,1751153673.2814896,263987.96087265015,1751153675.4579828,2.1764931678771973,1751153683.8216188,263998.50100183487,False,False,False,False,consumer_pod0_proc1_20250628_233433_285594.csv
3303143,synthetic_3,88,1750889685.321169,1751153673.281496,263987.96032714844,1751153675.4579828,2.176486730575561,1751153683.8216188,263998.50044989586,False,False,False,False,consumer_pod0_proc1_20250628_233433_285594.csv
3303153,synthetic_3,104,1750889685.3214357,1751153673.281503,263987.9600672722,1751153675.4579828,2.176479816436768,1751153683.8216188,263998.50018310547,False,False,False,False,consumer_pod0_proc1_20250628_233433_285594.csv
3303163,synthetic_3,91,1750889685.3217216,1751153673.2815096,263987.95978808403,1751153675.4579828,2.1764731407165527,1751153683.8216188,263998.4998972416,False,False,False,False,consumer_pod0_proc1_20250628_233433_285594.csv
3303173,synthetic_3,104,1750889685.3220248,1751153673.2815158,263987.9594910145,1751153675.4579828,2.176466941833496,1751153683.8216188,263998.49959397316,False,False,False,False,consumer_pod0_proc1_20250628_233433_285594.csv
3303183,synthetic_3,97,1750889685.3222978,1751153673.2815225,263987.9592247009,1751153675.4579828,2.176460266113281,1751153683.8216188,263998.4993209839,False,False,False,False,consumer_pod0_proc1_20250628_233433_285594.csv
3303193,synthetic_3,105,1750889685.3226087,1751153673.2815292,263987.9589204788,1751153675.4579828,2.1764535903930664,1751153683.8216188,263998.49901008606,False,False,False,False,consumer_pod0_proc1_20250628_233433_285594.csv
3305823,synthetic_3,102,1750889686.3241155,1751153673.2815354,263986.9574198723,1751153675.4579828,2.1764473915100098,1751153683.8216188,263997.49750328064,False,False,False,False,consumer_pod0_proc1_20250628_233433_285594.csv
3305833,synthetic_3,90,1750889686.3243032,1751153673.281542,263986.9572389126,1751153675.4579828,2.176440715789795,1751153683.8216188,263997.4973156452,False,False,False,False,consumer_pod0_proc1_20250628_233433_285594.csv
3305843,synthetic_3,96,1750889686.3244662,1751153673.2815485,263986.9570822716,1751153675.4579828,2.176434278488159,1751153683.8216188,263997.4971525669,False,False,False,False,consumer_pod0_proc1_20250628_233433_285594.csv
3305853,synthetic_3,104,1750889686.3246384,1751153673.2815552,263986.9569168091,1751153675.4579828,2.1764276027679443,1751153683.8216188,263997.4969804287,False,False,False,False,consumer_pod0_proc1_20250628_233433_285594.csv
3305863,synthetic_3,97,1750889686.3247943,1751153673.281562,263986.95676755905,1751153675.4579828,2.1764206886291504,1751153683.8216188,263997.49682450294,False,False,False,False,consumer_pod0_proc1_20250628_233433_285594.csv
3305873,synthetic_3,96,1750889686.324936,1751153673.2815688,263986.9566328525,1751153675.4579828,2.1764140129089355,1751153683.8216188,263997.4966828823,False,False,False,False,consumer_pod0_proc1_20250628_233433_285594.csv
3305883,synthetic_3,89,1750889686.3252552,1751153673.2815754,263986.9563202858,1751153675.4579828,2.1764073371887207,1751153683.8216188,263997.49636363983,False,False,False,False,consumer_pod0_proc1_20250628_233433_285594.csv
3305893,synthetic_3,83,1750889686.3253925,1751153673.2815816,263986.9561891556,1751153675.4579828,2.176401138305664,1751153683.8216188,263997.49622631073,False,False,False,False,consumer_pod0_proc1_20250628_233433_285594.csv
3305903,synthetic_3,84,1750889686.3255365,1751153673.2815883,263986.9560520649,1751153675.4579828,2.176394462585449,1751153683.8216188,263997.4960823059,False,False,False,False,consumer_pod0_proc1_20250628_233433_285594.csv
3305913,synthetic_3,103,1750889686.325686,1751153673.2815945,263986.9559082985,1751153675.4579828,2.1763882637023926,1751153683.8216188,263997.49593281746,False,False,False,False,consumer_pod0_proc1_20250628_233433_285594.csv
3305923,synthetic_3,105,1750889686.3258271,1751153673.2816012,263986.95577406883,1751153675.4579828,2.1763815879821777,1751153683.8216188,263997.49579167366,False,False,False,False,consumer_pod0_proc1_20250628_233433_285594.csv
3305933,synthetic_3,90,1750889686.3259678,1751153673.281608,263986.9556400776,1751153675.4579828,2.176374673843384,1751153683.8216188,263997.4956510067,False,False,False,False,consumer_pod0_proc1_20250628_233433_285594.csv
3305943,synthetic_3,102,1750889686.3261106,1751153673.2816143,263986.9555039406,1751153675.4579828,2.176368474960327,1751153683.8216188,263997.49550819397,False,False,False,False,consumer_pod0_proc1_20250628_233433_285594.csv
3305953,synthetic_3,82,1750889686.3262515,1751153673.2816217,263986.95536994934,1751153675.4579828,2.176361083984375,1751153683.8216188,263997.4953672886,False,False,False,False,consumer_pod0_proc1_20250628_233433_285594.csv
3305963,synthetic_3,89,1750889686.3263936,1751153673.2816277,263986.95523405075,1751153675.4579828,2.176355123519897,1751153683.8216188,263997.4952251911,False,False,False,False,consumer_pod0_proc1_20250628_233433_285594.csv
3305973,synthetic_3,103,1750889686.32654,1751153673.281634,263986.95509409904,1751153675.4579828,2.1763486862182617,1751153683.8216188,263997.4950788021,False,False,False,False,consumer_pod0_proc1_20250628_233433_285594.csv
3305983,synthetic_3,91,1750889686.3266854,1751153673.2816408,263986.95495533943,1751153675.4579828,2.176342010498047,1751153683.8216188,263997.4949333668,False,False,False,False,consumer_pod0_proc1_20250628_233433_285594.csv
3305993,synthetic_3,96,1750889686.326829,1751153673.281647,263986.9548180104,1751153675.4579828,2.1763358116149902,1751153683.8216188,263997.4947898388,False,False,False,False,consumer_pod0_proc1_20250628_233433_285594.csv
3306003,synthetic_3,97,1750889686.3269725,1751153673.2816532,263986.9546806812,1751153675.4579828,2.1763296127319336,1751153683.8216188,263997.4946463108,False,False,False,False,consumer_pod0_proc1_20250628_233433_285594.csv
3306013,synthetic_3,83,1750889686.3271136,1751153673.2816598,263986.95454621315,1751153675.4579828,2.1763229370117188,1751153683.8216188,263997.494505167,False,False,False,False,consumer_pod0_proc1_20250628_233433_285594.csv
3306023,synthetic_3,90,1750889686.3272593,1751153673.2816665,263986.9544069767,1751153675.4579828,2.176316261291504,1751153683.8216188,263997.49435949326,False,False,False,False,consumer_pod0_proc1_20250628_233433_285594.csv
3306033,synthetic_3,98,1750889686.3274062,1751153673.2816727,263986.95426654816,1751153675.4579828,2.1763100624084477,1751153683.8216188,263997.4942126274,False,False,False,False,consumer_pod0_proc1_20250628_233433_285594.csv
3306043,synthetic_3,103,1750889686.3275518,1751153673.2816792,263986.9541273117,1751153675.4579828,2.1763036251068115,1751153683.8216188,263997.49406695366,False,False,False,False,consumer_pod0_proc1_20250628_233433_285594.csv
3306053,synthetic_3,84,1750889686.3277063,1751153673.2816856,263986.95397925377,1751153675.4579828,2.176297187805176,1751153683.8216188,263997.4939124584,False,False,False,False,consumer_pod0_proc1_20250628_233433_285594.csv
3306063,synthetic_3,84,1750889686.3278546,1751153673.2816925,263986.95383763313,1751153675.4579828,2.176290273666382,1751153683.8216188,263997.49376416206,False,False,False,False,consumer_pod0_proc1_20250628_233433_285594.csv
3306073,synthetic_3,97,1750889686.3280003,1751153673.2816982,263986.95369791985,1751153675.4579828,2.1762845516204834,1751153683.8216188,263997.4936184883,False,False,False,False,consumer_pod0_proc1_20250628_233433_285594.csv
3306083,synthetic_3,101,1750889686.3281465,1751153673.281705,263986.95355820656,1751153675.4579828,2.176277875900269,1751153683.8216188,263997.4934723377,False,False,False,False,consumer_pod0_proc1_20250628_233433_285594.csv
3306093,synthetic_3,102,1750889686.3282902,1751153673.281711,263986.95342087746,1751153675.4579828,2.176271677017212,1751153683.8216188,263997.4933285713,False,False,False,False,consumer_pod0_proc1_20250628_233433_285594.csv
3306103,synthetic_3,91,1750889686.3284347,1751153673.2817178,263986.9532830715,1751153675.4579828,2.176265001296997,1751153683.8216188,263997.49318408966,False,False,False,False,consumer_pod0_proc1_20250628_233433_285594.csv
3306113,synthetic_3,84,1750889686.4199305,1751153673.281724,263986.86179351807,1751153675.4579828,2.1762588024139404,1751153683.8216188,263997.4016883373,False,False,False,False,consumer_pod0_proc1_20250628_233433_285594.csv
3306123,synthetic_3,104,1750889686.4201396,1751153673.281731,263986.8615911007,1751153675.4579828,2.1762518882751465,1751153683.8216188,263997.40147924423,False,False,False,False,consumer_pod0_proc1_20250628_233433_285594.csv
3306133,synthetic_3,91,1750889686.4202938,1751153673.281737,263986.8614435196,1751153675.4579828,2.17624568939209,1751153683.8216188,263997.4013249874,False,False,False,False,consumer_pod0_proc1_20250628_233433_285594.csv
3306143,synthetic_3,80,1750889686.4205325,1751153673.2817435,263986.8612110615,1751153675.4579828,2.176239252090454,1751153683.8216188,263997.4010863304,False,False,False,False,consumer_pod0_proc1_20250628_233433_285594.csv
3306153,synthetic_3,84,1750889686.4207633,1751153673.2817502,263986.860986948,1751153675.4579828,2.1762325763702397,1751153683.8216188,263997.40085554123,False,False,False,False,consumer_pod0_proc1_20250628_233433_285594.csv
3306163,synthetic_3,105,1750889686.4209604,1751153673.2817564,263986.86079597473,1751153675.4579828,2.1762263774871826,1751153683.8216188,263997.40065836906,False,False,False,False,consumer_pod0_proc1_20250628_233433_285594.csv
3306173,synthetic_3,90,1750889686.4211464,1751153673.2817636,263986.8606171608,1751153675.4579828,2.1762192249298096,1751153683.8216188,263997.4004724026,False,False,False,False,consumer_pod0_proc1_20250628_233433_285594.csv
3306183,synthetic_3,104,1750889686.4213514,1751153673.28177,263986.8604185581,1751153675.4579828,2.176212787628174,1751153683.8216188,263997.4002673626,False,False,False,False,consumer_pod0_proc1_20250628_233433_285594.csv
3306193,synthetic_3,89,1750889686.42157,1751153673.281777,263986.860206604,1751153675.4579828,2.17620587348938,1751153683.8216188,263997.40004873276,False,False,False,False,consumer_pod0_proc1_20250628_233433_285594.csv
3306203,synthetic_3,90,1750889686.421755,1751153673.2817829,263986.86002779007,1751153675.4579828,2.1761999130249023,1751153683.8216188,263997.39986371994,False,False,False,False,consumer_pod0_proc1_20250628_233433_285594.csv
3306213,synthetic_3,91,1750889686.4219873,1751153673.2817895,263986.8598022461,1751153675.4579828,2.1761932373046875,1751153683.8216188,263997.39963150024,False,False,False,False,consumer_pod0_proc1_20250628_233433_285594.csv
3306223,synthetic_3,96,1750889686.4221897,1751153673.281796,263986.859606266,1751153675.4579828,2.176186800003052,1751153683.8216188,263997.39942908287,False,False,False,False,consumer_pod0_proc1_20250628_233433_285594.csv
3306233,synthetic_3,90,1750889686.4224255,1751153673.281803,263986.85937714577,1751153675.4579828,2.176179885864258,1751153683.8216188,263997.3991932869,False,False,False,False,consumer_pod0_proc1_20250628_233433_285594.csv
3306243,synthetic_3,83,1750889686.4226584,1751153673.281809,263986.85915088654,1751153675.4579828,2.176173686981201,1751153683.8216188,263997.39896035194,False,False,False,False,consumer_pod0_proc1_20250628_233433_285594.csv
3306253,synthetic_3,83,1750889686.4228628,1751153673.281816,263986.85895323753,1751153675.4579828,2.1761667728424072,1751153683.8216188,263997.3987560272,False,False,False,False,consumer_pod0_proc1_20250628_233433_285594.csv
3306263,synthetic_3,90,1750889686.423067,1751153673.2818227,263986.85875558853,1751153675.4579828,2.1761600971221924,1751153683.8216188,263997.3985517025,False,False,False,False,consumer_pod0_proc1_20250628_233433_285594.csv
3306273,synthetic_3,102,1750889686.4232745,1751153673.2818289,263986.85855436325,1751153675.4579828,2.176153898239136,1751153683.8216188,263997.39834427834,False,False,False,False,consumer_pod0_proc1_20250628_233433_285594.csv
3306283,synthetic_3,82,1750889686.42344,1751153673.281836,263986.8583960533,1751153675.4579828,2.1761467456817627,1751153683.8216188,263997.39817881584,False,False,False,False,consumer_pod0_proc1_20250628_233433_285594.csv
3306293,synthetic_3,103,1750889686.4236548,1751153673.2818422,263986.85818743706,1751153675.4579828,2.176140546798706,1751153683.8216188,263997.3979640007,False,False,False,False,consumer_pod0_proc1_20250628_233433_285594.csv
3306303,synthetic_3,82,1750889686.423841,1751153673.2818491,263986.8580081463,1751153675.4579828,2.176133632659912,1751153683.8216188,263997.3977777958,False,False,False,False,consumer_pod0_proc1_20250628_233433_285594.csv
3306313,synthetic_3,90,1750889686.4240313,1751153673.2818556,263986.8578243256,1751153675.4579828,2.1761271953582764,1751153683.8216188,263997.39758753777,False,False,False,False,consumer_pod0_proc1_20250628_233433_285594.csv
3306323,synthetic_3,83,1750889686.4242458,1751153673.2818618,263986.8576159477,1751153675.4579828,2.17612099647522,1751153683.8216188,263997.39737296104,False,False,False,False,consumer_pod0_proc1_20250628_233433_285594.csv
3306333,synthetic_3,105,1750889686.4244497,1751153673.2818685,263986.8574187756,1751153675.4579828,2.176114320755005,1751153683.8216188,263997.39716911316,False,False,False,False,consumer_pod0_proc1_20250628_233433_285594.csv
3306343,synthetic_3,104,1750889686.4246645,1751153673.2818751,263986.85721063614,1751153675.4579828,2.17610764503479,1751153683.8216188,263997.396954298,False,False,False,False,consumer_pod0_proc1_20250628_233433_285594.csv
3306353,synthetic_3,82,1750889686.4248328,1751153673.281882,263986.8570492268,1751153675.4579828,2.176100730895996,1751153683.8216188,263997.3967859745,False,False,False,False,consumer_pod0_proc1_20250628_233433_285594.csv
3306363,synthetic_3,98,1750889686.4250195,1751153673.2818882,263986.8568685055,1751153675.4579828,2.1760945320129395,1751153683.8216188,263997.39659929276,False,False,False,False,consumer_pod0_proc1_20250628_233433_285594.csv
3306373,synthetic_3,99,1750889686.42541,1751153673.281895,263986.85648489,1751153675.4579828,2.1760878562927246,1751153683.8216188,263997.3962087631,False,False,False,False,consumer_pod0_proc1_20250628_233433_285594.csv
3306383,synthetic_3,101,1750889686.4256,1751153673.2819014,263986.8563013077,1751153675.4579828,2.176081418991089,1751153683.8216188,263997.3960187435,False,False,False,False,consumer_pod0_proc1_20250628_233433_285594.csv
3306393,synthetic_3,104,1750889686.425755,1751153673.2819078,263986.8561527729,1751153675.4579828,2.176074981689453,1751153683.8216188,263997.39586377144,False,False,False,False,consumer_pod0_proc1_20250628_233433_285594.csv
3306403,synthetic_3,98,1750889686.4259074,1751153673.2819145,263986.85600709915,1751153675.4579828,2.1760683059692383,1751153683.8216188,263997.39571142197,False,False,False,False,consumer_pod0_proc1_20250628_233433_285594.csv
3306413,synthetic_3,89,1750889686.4260533,1751153673.281921,263986.8558676243,1751153675.4579828,2.1760618686676025,1751153683.8216188,263997.3955655098,False,False,False,False,consumer_pod0_proc1_20250628_233433_285594.csv
3306423,synthetic_3,102,1750889686.4262044,1751153673.281927,263986.8557226658,1751153675.4579828,2.176055669784546,1751153683.8216188,263997.3954143524,False,False,False,False,consumer_pod0_proc1_20250628_233433_285594.csv
3306433,synthetic_3,96,1750889686.426358,1751153673.2819338,263986.85557579994,1751153675.4579828,2.176048994064331,1751153683.8216188,263997.39526081085,False,False,False,False,consumer_pod0_proc1_20250628_233433_285594.csv
3306443,synthetic_3,101,1750889686.4265046,1751153673.2819405,263986.85543584824,1751153675.4579828,2.176042318344116,1751153683.8216188,263997.3951141834,False,False,False,False,consumer_pod0_proc1_20250628_233433_285594.csv
3306453,synthetic_3,84,1750889686.4266584,1751153673.2819474,263986.8552889824,1751153675.4579828,2.1760354042053223,1751153683.8216188,263997.39496040344,False,False,False,False,consumer_pod0_proc1_20250628_233433_285594.csv
3306463,synthetic_3,103,1750889686.4268134,1751153673.2819538,263986.8551404476,1751153675.4579828,2.1760289669036865,1751153683.8216188,263997.39480543137,False,False,False,False,consumer_pod0_proc1_20250628_233433_285594.csv
3306473,synthetic_3,90,1750889686.4269671,1751153673.2819605,263986.8549933433,1751153675.4579828,2.176022291183472,1751153683.8216188,263997.3946516514,False,False,False,False,consumer_pod0_proc1_20250628_233433_285594.csv
3306483,synthetic_3,103,1750889686.427121,1751153673.2819672,263986.8548462391,1751153675.4579828,2.176015615463257,1751153683.8216188,263997.3944978714,False,False,False,False,consumer_pod0_proc1_20250628_233433_285594.csv
3306493,synthetic_3,84,1750889686.4272716,1751153673.2819736,263986.85470199585,1751153675.4579828,2.176009178161621,1751153683.8216188,263997.39434719086,False,False,False,False,consumer_pod0_proc1_20250628_233433_285594.csv
3306503,synthetic_3,84,1750889686.4274275,1751153673.2819796,263986.85455203056,1751153675.4579828,2.176003217697144,1751153683.8216188,263997.3941912651,False,False,False,False,consumer_pod0_proc1_20250628_233433_285594.csv
3306513,synthetic_3,89,1750889686.4275844,1751153673.281986,263986.85440158844,1751153675.4579828,2.175996780395508,1751153683.8216188,263997.3940343857,False,False,False,False,consumer_pod0_proc1_20250628_233433_285594.csv
3306523,synthetic_3,88,1750889686.427737,1751153673.2819924,263986.85425543785,1751153675.4579828,2.175990343093872,1751153683.8216188,263997.3938817978,False,False,False,False,consumer_pod0_proc1_20250628_233433_285594.csv
3306533,synthetic_3,104,1750889686.4278898,1751153673.281999,263986.85410928726,1751153675.4579828,2.175983667373657,1751153683.8216188,263997.3937289715,False,False,False,False,consumer_pod0_proc1_20250628_233433_285594.csv
3306543,synthetic_3,103,1750889686.4280474,1751153673.282006,263986.8539586067,1751153675.4579828,2.1759767532348637,1751153683.8216188,263997.3935713768,False,False,False,False,consumer_pod0_proc1_20250628_233433_285594.csv
3306553,synthetic_3,88,1750889686.4282,1751153673.2820125,263986.85381245613,1751153675.4579828,2.1759703159332275,1751153683.8216188,263997.3934187889,False,False,False,False,consumer_pod0_proc1_20250628_233433_285594.csv
3306563,synthetic_3,90,1750889686.428353,1751153673.282019,263986.8536658287,1751153675.4579828,2.175963878631592,1751153683.8216188,263997.3932657242,False,False,False,False,consumer_pod0_proc1_20250628_233433_285594.csv
3306573,synthetic_3,101,1750889686.519763,1751153673.2820256,263986.7622625828,1751153675.4579828,2.175957202911377,1751153683.8216188,263997.30185580254,False,False,False,False,consumer_pod0_proc1_20250628_233433_285594.csv
3486023,synthetic_3,91,1750889687.3231802,1751153673.282032,263985.95885181427,1751153675.4579828,2.175950765609741,1751153683.8216188,263996.4984385967,False,False,False,False,consumer_pod0_proc1_20250628_233433_285594.csv
3486033,synthetic_3,100,1750889687.3235202,1751153673.282039,263985.9585187435,1751153675.4579828,2.1759438514709477,1751153683.8216188,263996.49809861183,False,False,False,False,consumer_pod0_proc1_20250628_233433_285594.csv
3486043,synthetic_3,102,1750889687.323874,1751153673.2820466,263985.95817255974,1751153675.4579828,2.175936222076416,1751153683.8216188,263996.49774479866,False,False,False,False,consumer_pod0_proc1_20250628_233433_285594.csv
3486053,synthetic_3,89,1750889687.3241646,1751153673.2820532,263985.9578886032,1751153675.4579828,2.175929546356201,1751153683.8216188,263996.4974541664,False,False,False,False,consumer_pod0_proc1_20250628_233433_285594.csv
3486063,synthetic_3,90,1750889687.3244214,1751153673.2820594,263985.9576380253,1751153675.4579828,2.1759233474731445,1751153683.8216188,263996.4971973896,False,False,False,False,consumer_pod0_proc1_20250628_233433_285594.csv
3486073,synthetic_3,97,1750889687.3246832,1751153673.282137,263985.9574537277,1751153675.4579828,2.1758458614349365,1751153683.8216188,263996.496935606,False,False,False,False,consumer_pod0_proc1_20250628_233433_285594.csv
3486083,synthetic_3,83,1750889687.3248746,1751153673.2821662,263985.9572916031,1751153675.4579828,2.175816535949707,1751153683.8216188,263996.4967441559,False,False,False,False,consumer_pod0_proc1_20250628_233433_285594.csv
3486093,synthetic_3,89,1750889687.325035,1751153673.282173,263985.9571375847,1751153675.4579828,2.175809860229492,1751153683.8216188,263996.4965837002,False,False,False,False,consumer_pod0_proc1_20250628_233433_285594.csv
3486103,synthetic_3,90,1750889687.3252175,1751153673.2821796,263985.9569621086,1751153675.4579828,2.1758031845092773,1751153683.8216188,263996.49640130997,False,False,False,False,consumer_pod0_proc1_20250628_233433_285594.csv
3486113,synthetic_3,83,1750889687.3253834,1751153673.282186,263985.9568026066,1751153675.4579828,2.1757967472076416,1751153683.8216188,263996.49623537064,False,False,False,False,consumer_pod0_proc1_20250628_233433_285594.csv
3486123,synthetic_3,104,1750889687.325547,1751153673.2821925,263985.95664548874,1751153675.4579828,2.175790309906006,1751153683.8216188,263996.4960718155,False,False,False,False,consumer_pod0_proc1_20250628_233433_285594.csv
3486133,synthetic_3,104,1750889687.3257115,1751153673.2821991,263985.9564874172,1751153675.4579828,2.175783634185791,1751153683.8216188,263996.4959073067,False,False,False,False,consumer_pod0_proc1_20250628_233433_285594.csv
3486143,synthetic_3,97,1750889687.3258724,1751153673.2822056,263985.9563331604,1751153675.4579828,2.1757771968841557,1751153683.8216188,263996.49574637413,False,False,False,False,consumer_pod0_proc1_20250628_233433_285594.csv
3486153,synthetic_3,84,1750889687.3260326,1751153673.282212,263985.9561793804,1751153675.4579828,2.1757707595825195,1751153683.8216188,263996.49558615685,False,False,False,False,consumer_pod0_proc1_20250628_233433_285594.csv
3486163,synthetic_3,96,1750889687.326179,1751153673.2822185,263985.9560394287,1751153675.4579828,2.175764322280884,1751153683.8216188,263996.49543976784,False,False,False,False,consumer_pod0_proc1_20250628_233433_285594.csv
3486173,synthetic_3,97,1750889687.3263452,1751153673.282225,263985.95587968826,1751153675.4579828,2.175757884979248,1751153683.8216188,263996.4952735901,False,False,False,False,consumer_pod0_proc1_20250628_233433_285594.csv
3486183,synthetic_3,89,1750889687.3265214,1751153673.2822316,263985.95571017265,1751153675.4579828,2.175751209259033,1751153683.8216188,263996.49509739876,False,False,False,False,consumer_pod0_proc1_20250628_233433_285594.csv
3486193,synthetic_3,83,1750889687.3266685,1751153673.282238,263985.9555695057,1751153675.4579828,2.175744771957397,1751153683.8216188,263996.4949502945,False,False,False,False,consumer_pod0_proc1_20250628_233433_285594.csv
3486203,synthetic_3,84,1750889687.3268583,1751153673.2822447,263985.9553864002,1751153675.4579828,2.1757380962371826,1751153683.8216188,263996.4947605133,False,False,False,False,consumer_pod0_proc1_20250628_233433_285594.csv
3486213,synthetic_3,90,1750889687.3270218,1751153673.2822511,263985.9552292824,1751153675.4579828,2.175731658935547,1751153683.8216188,263996.49459695816,False,False,False,False,consumer_pod0_proc1_20250628_233433_285594.csv
3486223,synthetic_3,83,1750889687.327188,1751153673.2822573,263985.9550693035,1751153675.4579828,2.1757254600524902,1751153683.8216188,263996.4944307804,False,False,False,False,consumer_pod0_proc1_20250628_233433_285594.csv
3486233,synthetic_3,104,1750889687.327359,1751153673.2822638,263985.9549047947,1751153675.4579828,2.1757190227508545,1751153683.8216188,263996.4942598343,False,False,False,False,consumer_pod0_proc1_20250628_233433_285594.csv
3486243,synthetic_3,89,1750889687.327514,1751153673.282271,263985.9547567368,1751153675.4579828,2.175711870193481,1751153683.8216188,263996.4941048622,False,False,False,False,consumer_pod0_proc1_20250628_233433_285594.csv
3486253,synthetic_3,83,1750889687.3276792,1751153673.2822769,263985.9545977116,1751153675.4579828,2.175705909729004,1751153683.8216188,263996.49393963814,False,False,False,False,consumer_pod0_proc1_20250628_233433_285594.csv
3486263,synthetic_3,90,1750889687.327844,1751153673.282283,263985.9544391632,1751153675.4579828,2.1756997108459477,1751153683.8216188,263996.4937748909,False,False,False,False,consumer_pod0_proc1_20250628_233433_285594.csv
3486273,synthetic_3,90,1750889687.3280272,1751153673.2822893,263985.9542620182,1751153675.4579828,2.17569351196289,1751153683.8216188,263996.493591547,False,False,False,False,consumer_pod0_proc1_20250628_233433_285594.csv
3486283,synthetic_3,91,1750889687.3281956,1751153673.2822957,263985.954100132,1751153675.4579828,2.175687074661255,1751153683.8216188,263996.4934232235,False,False,False,False,consumer_pod0_proc1_20250628_233433_285594.csv
3486293,synthetic_3,83,1750889687.3283622,1751153673.2823024,263985.9539401531,1751153675.4579828,2.17568039894104,1751153683.8216188,263996.4932565689,False,False,False,False,consumer_pod0_proc1_20250628_233433_285594.csv
3311213,synthetic_3,84,1750889687.9233372,1751153673.2823088,263985.35897159576,1751153675.4579828,2.1756739616394043,1751153683.8216188,263995.89828157425,False,True,False,False,consumer_pod0_proc1_20250628_233433_285594.csv
3486303,synthetic_3,90,1750889687.417324,1751153673.2823155,263985.86499142647,1751153675.4579828,2.175667285919189,1751153683.8216188,263996.40429472923,False,False,False,False,consumer_pod0_proc1_20250628_233433_285594.csv
3486313,synthetic_3,90,1750889687.417547,1751153673.282322,263985.8647749424,1751153675.4579828,2.1756608486175537,1751153683.8216188,263996.40407180786,False,False,False,False,consumer_pod0_proc1_20250628_233433_285594.csv
3486323,synthetic_3,83,1750889687.4177258,1751153673.2823284,263985.86460256577,1751153675.4579828,2.175654411315918,1751153683.8216188,263996.4038929939,False,False,False,False,consumer_pod0_proc1_20250628_233433_285594.csv
3486333,synthetic_3,84,1750889687.41793,1751153673.2823348,263985.86440467834,1751153675.4579828,2.1756479740142822,1751153683.8216188,263996.4036889076,False,False,False,False,consumer_pod0_proc1_20250628_233433_285594.csv
3486343,synthetic_3,84,1750889687.4181218,1751153673.2823408,263985.8642189503,1751153675.4579828,2.1756420135498047,1751153683.8216188,263996.40349698067,False,False,False,False,consumer_pod0_proc1_20250628_233433_285594.csv
3486353,synthetic_3,97,1750889687.4183328,1751153673.2823472,263985.8640143872,1751153675.4579828,2.175635576248169,1751153683.8216188,263996.4032859802,False,False,False,False,consumer_pod0_proc1_20250628_233433_285594.csv
3486363,synthetic_3,98,1750889687.4185271,1751153673.2823534,263985.8638262749,1751153675.4579828,2.1756293773651123,1751153683.8216188,263996.4030916691,False,False,False,False,consumer_pod0_proc1_20250628_233433_285594.csv
3486373,synthetic_3,83,1750889687.4187243,1751153673.28236,263985.8636357784,1751153675.4579828,2.175622701644897,1751153683.8216188,263996.4028944969,False,False,False,False,consumer_pod0_proc1_20250628_233433_285594.csv
3486383,synthetic_3,89,1750889687.4191785,1751153673.2823665,263985.8631877899,1751153675.4579828,2.1756162643432617,1751153683.8216188,263996.4024403095,False,False,False,False,consumer_pod0_proc1_20250628_233433_285594.csv
3311223,synthetic_3,91,1750889687.9236913,1751153673.2823727,263985.35868144035,1751153675.4579828,2.175610065460205,1751153683.8216188,263995.89792752266,False,True,False,False,consumer_pod0_proc1_20250628_233433_285594.csv
3311233,synthetic_3,89,1750889687.9240174,1751153673.282379,263985.3583614826,1751153675.4579828,2.1756038665771484,1751153683.8216188,263995.89760136604,False,False,False,False,consumer_pod0_proc1_20250628_233433_285594.csv
3311243,synthetic_3,80,1750889687.92435,1751153673.2823856,263985.3580355644,1751153675.4579828,2.1755971908569336,1751153683.8216188,263995.8972687721,False,False,False,False,consumer_pod0_proc1_20250628_233433_285594.csv
3311253,synthetic_3,98,1750889688.0181613,1751153673.2823918,263985.26423048973,1751153675.4579828,2.175590991973877,1751153683.8216188,263995.80345749855,False,False,False,False,consumer_pod0_proc1_20250628_233433_285594.csv
3311263,synthetic_3,82,1750889688.0185604,1751153673.2823987,263985.2638382912,1751153675.4579828,2.175584077835083,1751153683.8216188,263995.80305838585,False,False,False,False,consumer_pod0_proc1_20250628_233433_285594.csv
3311273,synthetic_3,84,1750889688.0189483,1751153673.282405,263985.263456583,1751153675.4579828,2.1755778789520264,1751153683.8216188,263995.8026704788,False,False,False,False,consumer_pod0_proc1_20250628_233433_285594.csv
3311283,synthetic_3,97,1750889688.0192988,1751153673.282411,263985.263112545,1751153675.4579828,2.1755716800689697,1751153683.8216188,263995.8023200035,False,False,False,False,consumer_pod0_proc1_20250628_233433_285594.csv
3311293,synthetic_3,83,1750889688.0195975,1751153673.282418,263985.26282048225,1751153675.4579828,2.175564765930176,1751153683.8216188,263995.80202126503,False,False,False,False,consumer_pod0_proc1_20250628_233433_285594.csv
3311303,synthetic_3,89,1750889688.0199034,1751153673.282424,263985.2625205517,1751153675.4579828,2.1755588054656982,1751153683.8216188,263995.801715374,False,False,False,False,consumer_pod0_proc1_20250628_233433_285594.csv
3311313,synthetic_3,101,1750889688.0202034,1751153673.2824304,263985.2622270584,1751153675.4579828,2.1755523681640625,1751153683.8216188,263995.8014154434,False,False,False,False,consumer_pod0_proc1_20250628_233433_285594.csv
3311323,synthetic_3,90,1750889688.119876,1751153673.282437,263985.1625611782,1751153675.4579828,2.175545692443848,1751153683.8216188,263995.7017428875,False,False,False,False,consumer_pod0_proc1_20250628_233433_285594.csv
3486393,synthetic_3,84,1750889687.419376,1751153673.2824433,263985.8630671501,1751153675.4579828,2.175539493560791,1751153683.8216188,263996.40224289894,False,False,False,False,consumer_pod0_proc1_20250628_233433_285594.csv
3486403,synthetic_3,103,1750889687.4196131,1751153673.2824495,263985.8628365993,1751153675.4579828,2.1755332946777344,1751153683.8216188,263996.40200567245,False,False,False,False,consumer_pod0_proc1_20250628_233433_285594.csv
3486413,synthetic_3,104,1750889687.4198503,1751153673.2824566,263985.862606287,1751153675.4579828,2.1755261421203613,1751153683.8216188,263996.40176844597,False,False,False,False,consumer_pod0_proc1_20250628_233433_285594.csv
3486423,synthetic_3,84,1750889687.4200585,1751153673.2824633,263985.8624050617,1751153675.4579828,2.1755194664001465,1751153683.8216188,263996.40156030655,False,False,False,False,consumer_pod0_proc1_20250628_233433_285594.csv
3486433,synthetic_3,82,1750889687.4202502,1751153673.2824695,263985.86221957207,1751153675.4579828,2.17551326751709,1751153683.8216188,263996.401368618,False,False,False,False,consumer_pod0_proc1_20250628_233433_285594.csv
3486443,synthetic_3,95,1750889687.4204946,1751153673.282476,263985.8619813919,1751153675.4579828,2.175506830215454,1751153683.8216188,263996.40112423897,False,False,False,False,consumer_pod0_proc1_20250628_233433_285594.csv
3486453,synthetic_3,103,1750889687.4207811,1751153673.2824824,263985.8617012501,1751153675.4579828,2.1755003929138184,1751153683.8216188,263996.40083765984,False,False,False,False,consumer_pod0_proc1_20250628_233433_285594.csv
3486463,synthetic_3,105,1750889687.4210656,1751153673.2824895,263985.86142396927,1751153675.4579828,2.1754932403564453,1751153683.8216188,263996.4005532265,False,False,False,False,consumer_pod0_proc1_20250628_233433_285594.csv
3486473,synthetic_3,98,1750889687.4213634,1751153673.2824965,263985.8611330986,1751153675.4579828,2.175486326217652,1751153683.8216188,263996.40025544167,False,False,False,False,consumer_pod0_proc1_20250628_233433_285594.csv
3486483,synthetic_3,81,1750889687.421687,1751153673.282503,263985.8608160019,1751153675.4579828,2.175479888916016,1751153683.8216188,263996.39993190765,False,False,False,False,consumer_pod0_proc1_20250628_233433_285594.csv
3486493,synthetic_3,89,1750889687.422215,1751153673.282509,263985.8602941036,1751153675.4579828,2.175473690032959,1751153683.8216188,263996.3994038105,False,False,False,False,consumer_pod0_proc1_20250628_233433_285594.csv
3486503,synthetic_3,97,1750889687.4224875,1751153673.2825155,263985.8600280285,1751153675.4579828,2.1754672527313232,1751153683.8216188,263996.39913129807,False,False,False,False,consumer_pod0_proc1_20250628_233433_285594.csv
3486513,synthetic_3,84,1750889687.4226751,1751153673.2825222,263985.8598470688,1751153675.4579828,2.1754605770111084,1751153683.8216188,263996.39894366264,False,False,False,False,consumer_pod0_proc1_20250628_233433_285594.csv
3486523,synthetic_3,84,1750889687.422892,1751153673.2825284,263985.8596365452,1751153675.4579828,2.175454378128052,1751153683.8216188,263996.39872670174,False,False,False,False,consumer_pod0_proc1_20250628_233433_285594.csv
3486533,synthetic_3,98,1750889687.4231057,1751153673.282535,263985.85942935944,1751153675.4579828,2.175447702407837,1751153683.8216188,263996.3985130787,False,False,False,False,consumer_pod0_proc1_20250628_233433_285594.csv
3486543,synthetic_3,84,1750889687.4232883,1751153673.2825418,263985.8592534065,1751153675.4579828,2.175441026687622,1751153683.8216188,263996.39833045006,False,False,False,False,consumer_pod0_proc1_20250628_233433_285594.csv
3486553,synthetic_3,83,1750889687.4234626,1751153673.282548,263985.8590853214,1751153675.4579828,2.175434827804565,1751153683.8216188,263996.3981561661,False,False,False,False,consumer_pod0_proc1_20250628_233433_285594.csv
3486563,synthetic_3,96,1750889687.4236288,1751153673.2825544,263985.858925581,1751153675.4579828,2.1754283905029297,1751153683.8216188,263996.3979899883,False,False,False,False,consumer_pod0_proc1_20250628_233433_285594.csv
3486573,synthetic_3,84,1750889687.423807,1751153673.282561,263985.85875439644,1751153675.4579828,2.175421714782715,1751153683.8216188,263996.39781188965,False,False,False,False,consumer_pod0_proc1_20250628_233433_285594.csv
3486583,synthetic_3,91,1750889687.4239695,1751153673.2825675,263985.85859823227,1751153675.4579828,2.175415277481079,1751153683.8216188,263996.3976492882,False,False,False,False,consumer_pod0_proc1_20250628_233433_285594.csv
3486593,synthetic_3,89,1750889687.4241672,1751153673.2825742,263985.85840702057,1751153675.4579828,2.1754086017608643,1751153683.8216188,263996.3974516392,False,False,False,False,consumer_pod0_proc1_20250628_233433_285594.csv
3486603,synthetic_3,91,1750889687.4243329,1751153673.282581,263985.8582482338,1751153675.4579828,2.1754016876220703,1751153683.8216188,263996.39728593826,False,False,False,False,consumer_pod0_proc1_20250628_233433_285594.csv
3486613,synthetic_3,89,1750889687.4245293,1751153673.2825873,263985.85805797577,1751153675.4579828,2.1753954887390137,1751153683.8216188,263996.39708948135,False,False,False,False,consumer_pod0_proc1_20250628_233433_285594.csv
3486623,synthetic_3,104,1750889687.4247017,1751153673.282594,263985.85789227486,1751153675.4579828,2.175388813018799,1751153683.8216188,263996.3969171047,False,False,False,False,consumer_pod0_proc1_20250628_233433_285594.csv
3486633,synthetic_3,84,1750889687.424867,1751153673.2826006,263985.8577339649,1751153675.4579828,2.175382137298584,1751153683.8216188,263996.39675188065,False,False,False,False,consumer_pod0_proc1_20250628_233433_285594.csv
3486643,synthetic_3,102,1750889687.425017,1751153673.282607,263985.8575899601,1751153675.4579828,2.175375699996948,1751153683.8216188,263996.39660167694,False,False,False,False,consumer_pod0_proc1_20250628_233433_285594.csv
3486653,synthetic_3,105,1750889687.4251814,1751153673.282614,263985.85743260384,1751153675.4579828,2.1753687858581543,1751153683.8216188,263996.39643740654,False,False,False,False,consumer_pod0_proc1_20250628_233433_285594.csv
3486663,synthetic_3,97,1750889687.4253418,1751153673.282621,263985.85727882385,1751153675.4579828,2.1753618717193604,1751153683.8216188,263996.39627695084,False,False,False,False,consumer_pod0_proc1_20250628_233433_285594.csv
3486673,synthetic_3,81,1750889687.4255178,1751153673.282627,263985.85710954666,1751153675.4579828,2.175355672836304,1751153683.8216188,263996.3961009979,False,False,False,False,consumer_pod0_proc1_20250628_233433_285594.csv
3486683,synthetic_3,98,1750889687.4256911,1751153673.282634,263985.8569428921,1751153675.4579828,2.1753487586975098,1751153683.8216188,263996.3959276676,False,False,False,False,consumer_pod0_proc1_20250628_233433_285594.csv
3486693,synthetic_3,90,1750889687.4258697,1751153673.2826407,263985.8567712307,1751153675.4579828,2.175342082977295,1751153683.8216188,263996.3957490921,False,False,False,False,consumer_pod0_proc1_20250628_233433_285594.csv
3486703,synthetic_3,104,1750889687.4260762,1751153673.2826471,263985.8565709591,1751153675.4579828,2.175335645675659,1751153683.8216188,263996.3955426216,False,False,False,False,consumer_pod0_proc1_20250628_233433_285594.csv
3486713,synthetic_3,83,1750889687.4262605,1751153673.2826538,263985.85639333725,1751153675.4579828,2.1753289699554443,1751153683.8216188,263996.39535832405,False,False,False,False,consumer_pod0_proc1_20250628_233433_285594.csv
3486723,synthetic_3,90,1750889687.4264436,1751153673.2826602,263985.8562166691,1751153675.4579828,2.1753225326538086,1751153683.8216188,263996.3951752186,False,False,False,False,consumer_pod0_proc1_20250628_233433_285594.csv
3486733,synthetic_3,96,1750889687.426627,1751153673.2826667,263985.8560397625,1751153675.4579828,2.175316095352173,1751153683.8216188,263996.3949918747,False,False,False,False,consumer_pod0_proc1_20250628_233433_285594.csv
3486743,synthetic_3,97,1750889687.4267902,1751153673.2826734,263985.8558831215,1751153675.4579828,2.175309419631958,1751153683.8216188,263996.39482855797,False,False,False,False,consumer_pod0_proc1_20250628_233433_285594.csv
3486753,synthetic_3,90,1750889687.426967,1751153673.2826805,263985.8557136059,1751153675.4579828,2.175302267074585,1751153683.8216188,263996.3946518898,False,False,False,False,consumer_pod0_proc1_20250628_233433_285594.csv
3486763,synthetic_3,105,1750889687.4271352,1751153673.282687,263985.85555171967,1751153675.4579828,2.175295829772949,1751153683.8216188,263996.3944835663,False,False,False,False,consumer_pod0_proc1_20250628_233433_285594.csv
3486773,synthetic_3,95,1750889687.4273112,1751153673.282694,263985.8553829193,1751153675.4579828,2.175288677215576,1751153683.8216188,263996.3943076134,False,False,False,False,consumer_pod0_proc1_20250628_233433_285594.csv
3486783,synthetic_3,89,1750889687.427475,1751153673.282701,263985.8552260399,1751153675.4579828,2.1752817630767822,1751153683.8216188,263996.3941438198,False,False,False,False,consumer_pod0_proc1_20250628_233433_285594.csv
3486793,synthetic_3,84,1750889687.4276495,1751153673.2827077,263985.8550579548,1751153675.4579828,2.1752750873565674,1751153683.8216188,263996.3939692974,False,False,False,False,consumer_pod0_proc1_20250628_233433_285594.csv
3486803,synthetic_3,94,1750889687.427819,1751153673.2827144,263985.8548953533,1751153675.4579828,2.1752684116363525,1751153683.8216188,263996.3937997818,False,False,False,False,consumer_pod0_proc1_20250628_233433_285594.csv
3486813,synthetic_3,97,1750889687.4279869,1751153673.2827213,263985.8547344208,1751153675.4579828,2.1752614974975586,1751153683.8216188,263996.3936319351,False,False,False,False,consumer_pod0_proc1_20250628_233433_285594.csv
3486823,synthetic_3,101,1750889687.428167,1751153673.2827282,263985.85456109047,1751153675.4579828,2.1752545833587646,1751153683.8216188,263996.3934516907,False,False,False,False,consumer_pod0_proc1_20250628_233433_285594.csv
3486833,synthetic_3,104,1750889687.4283495,1751153673.2827349,263985.8543851376,1751153675.4579828,2.17524790763855,1751153683.8216188,263996.39326930046,False,False,False,False,consumer_pod0_proc1_20250628_233433_285594.csv
3486843,synthetic_3,94,1750889687.517153,1751153673.2827418,263985.7655887604,1751153675.4579828,2.175240993499756,1751153683.8216188,263996.3044657707,False,False,False,False,consumer_pod0_proc1_20250628_233433_285594.csv
3486853,synthetic_3,89,1750889687.5197482,1751153673.2827482,263985.76300001144,1751153675.4579828,2.17523455619812,1751153683.8216188,263996.3018705845,False,False,False,False,consumer_pod0_proc1_20250628_233433_285594.csv
3486863,synthetic_3,90,1750889687.520039,1751153673.282755,263985.7627155781,1751153675.4579828,2.1752278804779053,1751153683.8216188,263996.3015797138,False,False,False,False,consumer_pod0_proc1_20250628_233433_285594.csv
3486873,synthetic_3,91,1750889687.5203574,1751153673.282761,263985.7624037266,1751153675.4579828,2.1752216815948486,1751153683.8216188,263996.301261425,False,False,False,False,consumer_pod0_proc1_20250628_233433_285594.csv
3486883,synthetic_3,103,1750889687.52064,1751153673.2827678,263985.7621278763,1751153675.4579828,2.175215005874634,1751153683.8216188,263996.300978899,False,False,False,False,consumer_pod0_proc1_20250628_233433_285594.csv
3486893,synthetic_3,83,1750889687.520957,1751153673.282774,263985.76181697845,1751153675.4579828,2.175208806991577,1751153683.8216188,263996.3006618023,False,False,False,False,consumer_pod0_proc1_20250628_233433_285594.csv
3486903,synthetic_3,83,1750889687.5212317,1751153673.2827804,263985.76154875755,1751153675.4579828,2.1752023696899414,1751153683.8216188,263996.3003871441,False,False,False,False,consumer_pod0_proc1_20250628_233433_285594.csv
3486913,synthetic_3,103,1750889687.5214906,1751153673.2827868,263985.7612962723,1751153675.4579828,2.1751959323883057,1751153683.8216188,263996.3001282215,False,False,False,False,consumer_pod0_proc1_20250628_233433_285594.csv
3486923,synthetic_3,97,1750889687.5220451,1751153673.2827935,263985.7607483864,1751153675.4579828,2.175189256668091,1751153683.8216188,263996.2995736599,False,False,False,False,consumer_pod0_proc1_20250628_233433_285594.csv
3486933,synthetic_3,104,1750889687.5223148,1751153673.2828,263985.7604851723,1751153675.4579828,2.175182819366455,1751153683.8216188,263996.2993040085,False,False,False,False,consumer_pod0_proc1_20250628_233433_285594.csv
3486943,synthetic_3,96,1750889687.52252,1751153673.2828069,263985.760286808,1751153675.4579828,2.175175905227661,1751153683.8216188,263996.2990987301,False,False,False,False,consumer_pod0_proc1_20250628_233433_285594.csv
3486953,synthetic_3,97,1750889687.5227504,1751153673.282813,263985.7600626945,1751153675.4579828,2.1751697063446045,1751153683.8216188,263996.29886841774,False,False,False,False,consumer_pod0_proc1_20250628_233433_285594.csv
3486963,synthetic_3,95,1750889687.5229547,1751153673.2828195,263985.7598648071,1751153675.4579828,2.1751632690429688,1751153683.8216188,263996.298664093,False,False,False,False,consumer_pod0_proc1_20250628_233433_285594.csv
3489533,synthetic_3,95,1750889688.123879,1751153673.2828262,263985.1589472294,1751153675.4579828,2.175156593322754,1751153683.8216188,263995.69773983955,False,False,False,False,consumer_pod0_proc1_20250628_233433_285594.csv
3489543,synthetic_3,103,1750889688.124087,1751153673.2828329,263985.15874552727,1751153675.4579828,2.175149917602539,1751153683.8216188,263995.69753170013,False,False,False,False,consumer_pod0_proc1_20250628_233433_285594.csv
3489553,synthetic_3,97,1750889688.1242962,1751153673.2828398,263985.15854358673,1751153675.4579828,2.175143003463745,1751153683.8216188,263995.69732260704,False,False,False,False,consumer_pod0_proc1_20250628_233433_285594.csv
3489563,synthetic_3,103,1750889688.1387925,1751153673.2828462,263985.144053936,1751153675.4579828,2.1751365661621094,1751153683.8216188,263995.6828262806,False,False,False,False,consumer_pod0_proc1_20250628_233433_285594.csv
3489573,synthetic_3,97,1750889688.1390054,1751153673.282853,263985.1438474655,1751153675.4579828,2.1751298904418945,1751153683.8216188,263995.6826133728,False,False,False,False,consumer_pod0_proc1_20250628_233433_285594.csv
3489583,synthetic_3,86,1750889688.1392,1751153673.2828596,263985.1436595917,1751153675.4579828,2.17512321472168,1751153683.8216188,263995.68241882324,False,False,False,False,consumer_pod0_proc1_20250628_233433_285594.csv
3489593,synthetic_3,104,1750889688.1394083,1751153673.2828658,263985.1434574127,1751153675.4579828,2.175117015838623,1751153683.8216188,263995.6822104454,False,False,False,False,consumer_pod0_proc1_20250628_233433_285594.csv
3489603,synthetic_3,102,1750889688.139603,1751153673.282873,263985.1432697773,1751153675.4579828,2.17510986328125,1751153683.8216188,263995.68201589584,False,False,False,False,consumer_pod0_proc1_20250628_233433_285594.csv
3489613,synthetic_3,81,1750889688.139806,1751153673.2828789,263985.14307284355,1751153675.4579828,2.1751039028167725,1751153683.8216188,263995.6818127632,False,False,False,False,consumer_pod0_proc1_20250628_233433_285594.csv
3489623,synthetic_3,98,1750889688.1400094,1751153673.2828853,263985.1428759098,1751153675.4579828,2.1750974655151367,1751153683.8216188,263995.68160939217,False,False,False,False,consumer_pod0_proc1_20250628_233433_285594.csv
3489633,synthetic_3,90,1750889688.1402087,1751153673.2828918,263985.1426830292,1751153675.4579828,2.175091028213501,1751153683.8216188,263995.68141007423,False,False,False,False,consumer_pod0_proc1_20250628_233433_285594.csv
3489643,synthetic_3,102,1750889688.140411,1751153673.282899,263985.1424880028,1751153675.4579828,2.175083875656128,1751153683.8216188,263995.6812078953,False,False,False,False,consumer_pod0_proc1_20250628_233433_285594.csv
3489653,synthetic_3,84,1750889688.1406376,1751153673.282905,263985.142267704,1751153675.4579828,2.1750776767730717,1751153683.8216188,263995.6809811592,False,False,False,False,consumer_pod0_proc1_20250628_233433_285594.csv
3489663,synthetic_3,90,1750889688.1408389,1751153673.2829118,263985.14207291603,1751153675.4579828,2.1750710010528564,1751153683.8216188,263995.68077993393,False,False,False,False,consumer_pod0_proc1_20250628_233433_285594.csv
3489673,synthetic_3,96,1750889688.1410575,1751153673.282918,263985.1418604851,1751153675.4579828,2.1750648021698,1751153683.8216188,263995.6805613041,False,False,False,False,consumer_pod0_proc1_20250628_233433_285594.csv
3489683,synthetic_3,96,1750889688.141267,1751153673.282925,263985.1416578293,1751153675.4579828,2.175057888031006,1751153683.8216188,263995.68035173416,False,False,False,False,consumer_pod0_proc1_20250628_233433_285594.csv
3489693,synthetic_3,97,1750889688.1414726,1751153673.282931,263985.1414585113,1751153675.4579828,2.175051689147949,1751153683.8216188,263995.68014621735,False,False,False,False,consumer_pod0_proc1_20250628_233433_285594.csv
3489703,synthetic_3,88,1750889688.1422915,1751153673.2829375,263985.14064598083,1751153675.4579828,2.175045251846313,1751153683.8216188,263995.6793272495,False,False,False,False,consumer_pod0_proc1_20250628_233433_285594.csv
3489713,synthetic_3,96,1750889688.14252,1751153673.2829435,263985.1404237747,1751153675.4579828,2.175039291381836,1751153683.8216188,263995.6790988445,False,False,False,False,consumer_pod0_proc1_20250628_233433_285594.csv
3489723,synthetic_3,104,1750889688.1427617,1751153673.2829502,263985.1401884556,1751153675.4579828,2.175032615661621,1751153683.8216188,263995.6788570881,False,False,False,False,consumer_pod0_proc1_20250628_233433_285594.csv
3489733,synthetic_3,104,1750889688.142981,1751153673.282957,263985.1399760246,1751153675.4579828,2.175025701522827,1751153683.8216188,263995.678637743,False,False,False,False,consumer_pod0_proc1_20250628_233433_285594.csv
3489743,synthetic_3,90,1750889688.1432316,1751153673.2829638,263985.1397321224,1751153675.4579828,2.1750190258026123,1751153683.8216188,263995.67838716507,False,False,False,False,consumer_pod0_proc1_20250628_233433_285594.csv
3489753,synthetic_3,90,1750889688.143477,1751153673.2829704,263985.1394934654,1751153675.4579828,2.175012350082397,1751153683.8216188,263995.67814183235,False,False,False,False,consumer_pod0_proc1_20250628_233433_285594.csv
3489763,synthetic_3,98,1750889688.1436875,1751153673.282977,263985.1392893791,1751153675.4579828,2.1750056743621826,1751153683.8216188,263995.67793130875,False,False,False,False,consumer_pod0_proc1_20250628_233433_285594.csv
3489773,synthetic_3,83,1750889688.143955,1751153673.2829835,263985.1390285492,1751153675.4579828,2.174999237060547,1751153683.8216188,263995.6776638031,False,False,False,False,consumer_pod0_proc1_20250628_233433_285594.csv
3489783,synthetic_3,84,1750889688.1441877,1751153673.28299,263985.13880229,1751153675.4579828,2.174992799758911,1751153683.8216188,263995.67743110657,False,False,False,False,consumer_pod0_proc1_20250628_233433_285594.csv
3489793,synthetic_3,95,1750889688.1444488,1751153673.2829962,263985.1385474205,1751153675.4579828,2.1749866008758545,1751153683.8216188,263995.6771700382,False,False,False,False,consumer_pod0_proc1_20250628_233433_285594.csv
3489803,synthetic_3,95,1750889688.217554,1751153673.2830029,263985.065448761,1751153675.4579828,2.17497992515564,1751153683.8216188,263995.604064703,False,False,False,False,consumer_pod0_proc1_20250628_233433_285594.csv
3489813,synthetic_3,104,1750889688.2179544,1751153673.2830093,263985.0650548935,1751153675.4579828,2.174973487854004,1751153683.8216188,263995.6036643982,False,False,False,False,consumer_pod0_proc1_20250628_233433_285594.csv
3489823,synthetic_3,102,1750889688.2183692,1751153673.283016,263985.0646467209,1751153675.4579828,2.174966812133789,1751153683.8216188,263995.60324954987,False,False,False,False,consumer_pod0_proc1_20250628_233433_285594.csv
3489833,synthetic_3,103,1750889688.218721,1751153673.2830229,263985.06430220604,1751153675.4579828,2.174959897994995,1751153683.8216188,263995.60289788246,False,False,False,False,consumer_pod0_proc1_20250628_233433_285594.csv
3489843,synthetic_3,97,1750889688.219252,1751153673.2830296,263985.06377744675,1751153675.4579828,2.1749532222747803,1751153683.8216188,263995.60236668587,False,False,False,False,consumer_pod0_proc1_20250628_233433_285594.csv
3489853,synthetic_3,83,1750889688.219607,1751153673.2830362,263985.0634291172,1751153675.4579828,2.174946546554565,1751153683.8216188,263995.6020116806,False,False,False,False,consumer_pod0_proc1_20250628_233433_285594.csv
3489863,synthetic_3,89,1750889688.219924,1751153673.2830422,263985.0631182194,1751153675.4579828,2.174940586090088,1751153683.8216188,263995.6016948223,False,False,False,False,consumer_pod0_proc1_20250628_233433_285594.csv
3489873,synthetic_3,95,1750889688.220344,1751153673.2830486,263985.06270456314,1751153675.4579828,2.174934148788452,1751153683.8216188,263995.6012747288,False,False,False,False,consumer_pod0_proc1_20250628_233433_285594.csv
3489883,synthetic_3,94,1750889688.220728,1751153673.2830555,263985.06232762337,1751153675.4579828,2.174927234649658,1751153683.8216188,263995.60089087486,False,False,False,False,consumer_pod0_proc1_20250628_233433_285594.csv
3489893,synthetic_3,96,1750889688.2209496,1751153673.2830622,263985.0621125698,1751153675.4579828,2.174920558929444,1751153683.8216188,263995.6006691456,False,False,False,False,consumer_pod0_proc1_20250628_233433_285594.csv
3489903,synthetic_3,96,1750889688.2212007,1751153673.283069,263985.06186795235,1751153675.4579828,2.1749138832092285,1751153683.8216188,263995.6004180908,False,False,False,False,consumer_pod0_proc1_20250628_233433_285594.csv
3489913,synthetic_3,84,1750889688.2214272,1751153673.2830756,263985.06164836884,1751153675.4579828,2.1749072074890137,1751153683.8216188,263995.60019159317,False,False,False,False,consumer_pod0_proc1_20250628_233433_285594.csv
3489923,synthetic_3,91,1750889688.2216766,1751153673.2830818,263985.0614051819,1751153675.4579828,2.174901008605957,1751153683.8216188,263995.59994220734,False,False,False,False,consumer_pod0_proc1_20250628_233433_285594.csv
3489933,synthetic_3,89,1750889688.2219272,1751153673.2830882,263985.06116104126,1751153675.4579828,2.1748945713043213,1751153683.8216188,263995.5996916294,False,False,False,False,consumer_pod0_proc1_20250628_233433_285594.csv
3489943,synthetic_3,105,1750889688.2221596,1751153673.2830946,263985.06093502045,1751153675.4579828,2.174888134002685,1751153683.8216188,263995.5994591713,False,False,False,False,consumer_pod0_proc1_20250628_233433_285594.csv
3489953,synthetic_3,91,1750889688.2223983,1751153673.283101,263985.06070280075,1751153675.4579828,2.17488169670105,1751153683.8216188,263995.5992205143,False,False,False,False,consumer_pod0_proc1_20250628_233433_285594.csv
3489963,synthetic_3,103,1750889688.222643,1751153673.2831075,263985.0604646206,1751153675.4579828,2.174875259399414,1751153683.8216188,263995.59897589684,False,False,False,False,consumer_pod0_proc1_20250628_233433_285594.csv
3489973,synthetic_3,90,1750889688.2228918,1751153673.2831142,263985.0602223873,1751153675.4579828,2.174868583679199,1751153683.8216188,263995.59872698784,False,False,False,False,consumer_pod0_proc1_20250628_233433_285594.csv
3489983,synthetic_3,97,1750889688.223119,1751153673.2831209,263985.0600018501,1751153675.4579828,2.1748619079589844,1751153683.8216188,263995.59849977493,False,False,False,False,consumer_pod0_proc1_20250628_233433_285594.csv
3489993,synthetic_3,104,1750889688.2233715,1751153673.2831273,263985.05975556374,1751153675.4579828,2.1748554706573486,1751153683.8216188,263995.59824728966,False,False,False,False,consumer_pod0_proc1_20250628_233433_285594.csv
3490003,synthetic_3,90,1750889688.223582,1751153673.283134,263985.05955195427,1751153675.4579828,2.174848794937134,1751153683.8216188,263995.59803676605,False,False,False,False,consumer_pod0_proc1_20250628_233433_285594.csv
3490013,synthetic_3,91,1750889688.2238157,1751153673.2831402,263985.05932450294,1751153675.4579828,2.174842596054077,1751153683.8216188,263995.59780311584,False,False,False,False,consumer_pod0_proc1_20250628_233433_285594.csv
3490023,synthetic_3,84,1750889688.2240543,1751153673.2831469,263985.05909252167,1751153675.4579828,2.1748359203338623,1751153683.8216188,263995.59756445885,False,False,False,False,consumer_pod0_proc1_20250628_233433_285594.csv
3490033,synthetic_3,102,1750889688.2243063,1751153673.283153,263985.0588467121,1751153675.4579828,2.1748297214508057,1751153683.8216188,263995.5973124504,False,False,False,False,consumer_pod0_proc1_20250628_233433_285594.csv
3490043,synthetic_3,91,1750889688.2245572,1751153673.28316,263985.0586028099,1751153675.4579828,2.174822807312012,1751153683.8216188,263995.59706163406,False,False,False,False,consumer_pod0_proc1_20250628_233433_285594.csv
3490053,synthetic_3,83,1750889688.224782,1751153673.2831662,263985.05838418007,1751153675.4579828,2.174816608428955,1751153683.8216188,263995.59683680534,False,False,False,False,consumer_pod0_proc1_20250628_233433_285594.csv
3490063,synthetic_3,105,1750889688.2252903,1751153673.2831726,263985.05788230896,1751153675.4579828,2.17481017112732,1751153683.8216188,263995.59632849693,False,False,False,False,consumer_pod0_proc1_20250628_233433_285594.csv
3490073,synthetic_3,97,1750889688.2255318,1751153673.2831793,263985.05764746666,1751153675.4579828,2.1748034954071045,1751153683.8216188,263995.5960869789,False,False,False,False,consumer_pod0_proc1_20250628_233433_285594.csv
3490083,synthetic_3,84,1750889688.2258303,1751153673.283186,263985.0573556423,1751153675.4579828,2.1747968196868896,1751153683.8216188,263995.59578847885,False,False,False,False,consumer_pod0_proc1_20250628_233433_285594.csv
3490093,synthetic_3,91,1750889688.2261038,1751153673.2831922,263985.0570883751,1751153675.4579828,2.174790620803833,1751153683.8216188,263995.59551501274,False,False,False,False,consumer_pod0_proc1_20250628_233433_285594.csv
3490103,synthetic_3,84,1750889688.3191545,1751153673.2831984,263984.96404385567,1751153675.4579828,2.1747844219207764,1751153683.8216188,263995.50246429443,False,False,False,False,consumer_pod0_proc1_20250628_233433_285594.csv
3490113,synthetic_3,83,1750889688.319367,1751153673.2832048,263984.963837862,1751153675.4579828,2.1747779846191406,1751153683.8216188,263995.5022518635,False,False,False,False,consumer_pod0_proc1_20250628_233433_285594.csv
3490123,synthetic_3,84,1750889688.319569,1751153673.2832112,263984.96364188194,1751153675.4579828,2.174771547317505,1751153683.8216188,263995.5020496845,False,False,False,False,consumer_pod0_proc1_20250628_233433_285594.csv
3490133,synthetic_3,98,1750889688.3197758,1751153673.2832177,263984.96344184875,1751153675.4579828,2.174765110015869,1751153683.8216188,263995.5018429756,False,False,False,False,consumer_pod0_proc1_20250628_233433_285594.csv
3490143,synthetic_3,83,1750889688.3199863,1751153673.2832243,263984.96323800087,1751153675.4579828,2.1747584342956543,1751153683.8216188,263995.501632452,False,False,False,False,consumer_pod0_proc1_20250628_233433_285594.csv
3490153,synthetic_3,90,1750889688.3202102,1751153673.283231,263984.96302080154,1751153675.4579828,2.1747517585754395,1751153683.8216188,263995.50140857697,False,False,False,False,consumer_pod0_proc1_20250628_233433_285594.csv
3490163,synthetic_3,102,1750889688.3204217,1751153673.2832372,263984.96281552315,1751153675.4579828,2.174745559692383,1751153683.8216188,263995.5011970997,False,False,False,False,consumer_pod0_proc1_20250628_233433_285594.csv
3490173,synthetic_3,103,1750889688.320663,1751153673.283244,263984.96258091927,1751153675.4579828,2.174738883972168,1751153683.8216188,263995.5009558201,False,False,False,False,consumer_pod0_proc1_20250628_233433_285594.csv
3490183,synthetic_3,83,1750889688.3208663,1751153673.2832503,263984.9623839855,1751153675.4579828,2.174732446670532,1751153683.8216188,263995.50075244904,False,False,False,False,consumer_pod0_proc1_20250628_233433_285594.csv
3490193,synthetic_3,83,1750889688.3210883,1751153673.283257,263984.96216869354,1751153675.4579828,2.1747257709503174,1751153683.8216188,263995.50053048134,False,False,False,False,consumer_pod0_proc1_20250628_233433_285594.csv
3490203,synthetic_3,97,1750889688.3213296,1751153673.2832634,263984.96193385124,1751153675.4579828,2.1747193336486816,1751153683.8216188,263995.50028920174,False,False,False,False,consumer_pod0_proc1_20250628_233433_285594.csv
3490213,synthetic_3,102,1750889688.3215656,1751153673.2832704,263984.961704731,1751153675.4579828,2.174712419509888,1751153683.8216188,263995.50005316734,False,False,False,False,consumer_pod0_proc1_20250628_233433_285594.csv
3490223,synthetic_3,96,1750889688.3217764,1751153673.283277,263984.9615006447,1751153675.4579828,2.174705743789673,1751153683.8216188,263995.4998424053,False,False,False,False,consumer_pod0_proc1_20250628_233433_285594.csv
3490233,synthetic_3,91,1750889688.321987,1751153673.2832837,263984.9612967968,1751153675.4579828,2.174699068069458,1751153683.8216188,263995.4996318817,False,False,False,False,consumer_pod0_proc1_20250628_233433_285594.csv
3490243,synthetic_3,90,1750889688.3222008,1751153673.28329,263984.9610891342,1751153675.4579828,2.1746928691864014,1751153683.8216188,263995.49941802025,False,False,False,False,consumer_pod0_proc1_20250628_233433_285594.csv
3490253,synthetic_3,103,1750889688.3224216,1751153673.2832966,263984.96087503433,1751153675.4579828,2.1746861934661865,1751153683.8216188,263995.49919724464,False,False,False,False,consumer_pod0_proc1_20250628_233433_285594.csv
3490263,synthetic_3,95,1750889688.322621,1751153673.2833033,263984.9606821537,1751153675.4579828,2.174679517745972,1751153683.8216188,263995.4989976883,False,False,False,False,consumer_pod0_proc1_20250628_233433_285594.csv
3490273,synthetic_3,105,1750889688.3228276,1751153673.2833102,263984.9604825973,1751153675.4579828,2.1746726036071777,1751153683.8216188,263995.4987912178,False,False,False,False,consumer_pod0_proc1_20250628_233433_285594.csv
3490283,synthetic_3,84,1750889688.3230343,1751153673.283317,263984.96028256416,1751153675.4579828,2.174665689468384,1751153683.8216188,263995.4985845089,False,False,False,False,consumer_pod0_proc1_20250628_233433_285594.csv
3490293,synthetic_3,103,1750889688.3232472,1751153673.2833233,263984.9600760937,1751153675.4579828,2.174659490585327,1751153683.8216188,263995.4983716011,False,False,False,False,consumer_pod0_proc1_20250628_233433_285594.csv
3490303,synthetic_3,96,1750889688.3234484,1751153673.2833302,263984.95988178253,1751153675.4579828,2.174652576446533,1751153683.8216188,263995.4981703758,False,False,False,False,consumer_pod0_proc1_20250628_233433_285594.csv
3490313,synthetic_3,104,1750889688.3236663,1751153673.2833369,263984.95967054367,1751153675.4579828,2.1746459007263184,1751153683.8216188,263995.49795246124,False,False,False,False,consumer_pod0_proc1_20250628_233433_285594.csv
3492493,synthetic_3,102,1750889689.21675,1751153673.283344,263984.0665938854,1751153675.4579828,2.1746387481689453,1751153683.8216188,263994.60486888885,False,False,False,False,consumer_pod0_proc1_20250628_233433_285594.csv
3492503,synthetic_3,104,1750889689.2170584,1751153673.2833512,263984.0662927628,1751153675.4579828,2.1746315956115723,1751153683.8216188,263994.6045603752,False,False,False,False,consumer_pod0_proc1_20250628_233433_285594.csv
3492513,synthetic_3,88,1750889689.217502,1751153673.283358,263984.0658559799,1751153675.4579828,2.1746246814727783,1751153683.8216188,263994.60411667824,False,False,False,False,consumer_pod0_proc1_20250628_233433_285594.csv
3492523,synthetic_3,105,1750889689.2179058,1751153673.283365,263984.0654592514,1751153675.4579828,2.1746177673339844,1751153683.8216188,263994.6037130356,False,False,False,False,consumer_pod0_proc1_20250628_233433_285594.csv
3492533,synthetic_3,84,1750889689.2182684,1751153673.283372,263984.0651035309,1751153675.4579828,2.1746108531951904,1751153683.8216188,263994.6033504009,False,False,False,False,consumer_pod0_proc1_20250628_233433_285594.csv
3492543,synthetic_3,84,1750889689.2186072,1751153673.2833784,263984.0647711754,1751153675.4579828,2.1746044158935547,1751153683.8216188,263994.6030116081,False,False,False,False,consumer_pod0_proc1_20250628_233433_285594.csv
3492553,synthetic_3,88,1750889689.2189524,1751153673.2833848,263984.0644323826,1751153675.4579828,2.174597978591919,1751153683.8216188,263994.602666378,False,False,False,False,consumer_pod0_proc1_20250628_233433_285594.csv
3492563,synthetic_3,83,1750889689.2193131,1751153673.283392,263984.06407880783,1751153675.4579828,2.174590826034546,1751153683.8216188,263994.6023056507,False,False,False,False,consumer_pod0_proc1_20250628_233433_285594.csv
3492573,synthetic_3,104,1750889689.2196674,1751153673.2833984,263984.0637309551,1751153675.4579828,2.17458438873291,1751153683.8216188,263994.6019513607,False,False,False,False,consumer_pod0_proc1_20250628_233433_285594.csv
3492583,synthetic_3,89,1750889689.21999,1751153673.283405,263984.0634150505,1751153675.4579828,2.1745777130126958,1751153683.8216188,263994.60162878036,False,False,False,False,consumer_pod0_proc1_20250628_233433_285594.csv
3492593,synthetic_3,88,1750889689.220386,1751153673.2834115,263984.06302547455,1751153675.4579828,2.17457127571106,1751153683.8216188,263994.6012327671,False,False,False,False,consumer_pod0_proc1_20250628_233433_285594.csv
3492603,synthetic_3,97,1750889689.220754,1751153673.283418,263984.0626637936,1751153675.4579828,2.174564838409424,1751153683.8216188,263994.60086488724,False,False,False,False,consumer_pod0_proc1_20250628_233433_285594.csv
3492613,synthetic_3,103,1750889689.221074,1751153673.2834246,263984.06235051155,1751153675.4579828,2.174558162689209,1751153683.8216188,263994.6005446911,False,False,False,False,consumer_pod0_proc1_20250628_233433_285594.csv
3492623,synthetic_3,84,1750889689.2214274,1751153673.2834315,263984.06200408936,1751153675.4579828,2.174551248550415,1751153683.8216188,263994.60019135475,False,False,False,False,consumer_pod0_proc1_20250628_233433_285594.csv
3492633,synthetic_3,91,1750889689.2217774,1751153673.2834375,263984.06166028976,1751153675.4579828,2.174545288085937,1751153683.8216188,263994.5998413563,False,False,False,False,consumer_pod0_proc1_20250628_233433_285594.csv
3492643,synthetic_3,89,1750889689.2221184,1751153673.2834444,263984.0613260269,1751153675.4579828,2.174538373947144,1751153683.8216188,263994.5995004177,False,False,False,False,consumer_pod0_proc1_20250628_233433_285594.csv
3492653,synthetic_3,101,1750889689.2224786,1751153673.2834508,263984.06097221375,1751153675.4579828,2.174531936645508,1751153683.8216188,263994.59914016724,False,False,False,False,consumer_pod0_proc1_20250628_233433_285594.csv
3492663,synthetic_3,103,1750889689.2228396,1751153673.2834578,263984.06061816216,1751153675.4579828,2.174525022506714,1751153683.8216188,263994.5987792015,False,False,False,False,consumer_pod0_proc1_20250628_233433_285594.csv
3492673,synthetic_3,103,1750889689.2232263,1751153673.283465,263984.06023836136,1751153675.4579828,2.174517869949341,1751153683.8216188,263994.5983924866,False,False,False,False,consumer_pod0_proc1_20250628_233433_285594.csv
3492683,synthetic_3,103,1750889689.223596,1751153673.2834716,263984.0598754883,1751153675.4579828,2.174511194229126,1751153683.8216188,263994.59802269936,False,False,False,False,consumer_pod0_proc1_20250628_233433_285594.csv
3492693,synthetic_3,84,1750889689.2239575,1751153673.2834785,263984.05952095985,1751153675.4579828,2.174504280090332,1751153683.8216188,263994.5976612568,False,False,False,False,consumer_pod0_proc1_20250628_233433_285594.csv
3492703,synthetic_3,103,1750889689.2243369,1751153673.283485,263984.0591480732,1751153675.4579828,2.1744978427886963,1751153683.8216188,263994.59728193283,False,False,False,False,consumer_pod0_proc1_20250628_233433_285594.csv
3492713,synthetic_3,83,1750889689.2247353,1751153673.2834916,263984.0587563515,1751153675.4579828,2.174491167068481,1751153683.8216188,263994.5968835354,False,False,False,False,consumer_pod0_proc1_20250628_233433_285594.csv
3492723,synthetic_3,91,1750889689.2250912,1751153673.2834983,263984.0584073067,1751153675.4579828,2.1744844913482666,1751153683.8216188,263994.59652757645,False,False,False,False,consumer_pod0_proc1_20250628_233433_285594.csv
3492733,synthetic_3,82,1750889689.225454,1751153673.283505,263984.0580508709,1751153675.4579828,2.174477815628052,1751153683.8216188,263994.59616470337,False,False,False,False,consumer_pod0_proc1_20250628_233433_285594.csv
3492743,synthetic_3,82,1750889689.225759,1751153673.2835114,263984.05775237083,1751153675.4579828,2.174471378326416,1751153683.8216188,263994.595859766,False,False,False,False,consumer_pod0_proc1_20250628_233433_285594.csv
3492753,synthetic_3,90,1750889689.2261355,1751153673.2835183,263984.0573825836,1751153675.4579828,2.174464464187622,1751153683.8216188,263994.59548330307,False,False,False,False,consumer_pod0_proc1_20250628_233433_285594.csv
3492763,synthetic_3,104,1750889689.2265134,1751153673.2835248,263984.0570113659,1751153675.4579828,2.1744580268859863,1751153683.8216188,263994.5951054096,False,False,False,False,consumer_pod0_proc1_20250628_233433_285594.csv
3492773,synthetic_3,82,1750889689.226825,1751153673.2835312,263984.0567061901,1751153675.4579828,2.1744515895843506,1751153683.8216188,263994.59479379654,False,False,False,False,consumer_pod0_proc1_20250628_233433_285594.csv
3492783,synthetic_3,84,1750889689.2270784,1751153673.2835376,263984.05645918846,1751153675.4579828,2.174445152282715,1751153683.8216188,263994.5945403576,False,False,False,False,consumer_pod0_proc1_20250628_233433_285594.csv
3492793,synthetic_3,98,1750889689.227249,1751153673.2835443,263984.0562956333,1751153675.4579828,2.1744384765625,1751153683.8216188,263994.5943698883,False,False,False,False,consumer_pod0_proc1_20250628_233433_285594.csv
3010834,synthetic_4,89,1750889586.5251205,1751153675.9417598,264089.416639328,1751153680.256511,4.314751148223877,1751153683.8216188,264097.29649829865,False,True,False,False,consumer_pod0_proc1_20250628_233435_946418.csv
3010844,synthetic_4,91,1750889586.5253294,1751153675.9418063,264089.4164769649,1751153680.256511,4.314704656600952,1751153683.8216188,264097.29628944397,False,False,False,False,consumer_pod0_proc1_20250628_233435_946418.csv
3010854,synthetic_4,104,1750889586.5255618,1751153675.941816,264089.416254282,1751153680.256511,4.314694881439209,1751153683.8216188,264097.29605698586,False,False,False,False,consumer_pod0_proc1_20250628_233435_946418.csv
3010864,synthetic_4,82,1750889586.616747,1751153675.941824,264089.3250772953,1751153680.256511,4.314687013626099,1751153683.8216188,264097.2048718929,False,False,False,False,consumer_pod0_proc1_20250628_233435_946418.csv
3010874,synthetic_4,84,1750889586.6169896,1751153675.9418309,264089.3248412609,1751153680.256511,4.314680099487305,1751153683.8216188,264097.2046291828,False,False,False,False,consumer_pod0_proc1_20250628_233435_946418.csv
3011684,synthetic_4,96,1750889586.8254702,1751153675.9418375,264089.1163673401,1751153680.256511,4.31467342376709,1751153683.8216188,264096.9961485863,False,False,False,False,consumer_pod0_proc1_20250628_233435_946418.csv
3011694,synthetic_4,101,1750889586.825698,1751153675.9418445,264089.1161465645,1751153680.256511,4.314666509628296,1751153683.8216188,264096.99592089653,False,False,False,False,consumer_pod0_proc1_20250628_233435_946418.csv
3011704,synthetic_4,84,1750889586.8259044,1751153675.9418514,264089.11594700813,1751153680.256511,4.314659595489502,1751153683.8216188,264096.99571442604,False,False,False,False,consumer_pod0_proc1_20250628_233435_946418.csv
3011714,synthetic_4,90,1750889586.8260877,1751153675.941858,264089.11577034,1751153680.256511,4.314652919769287,1751153683.8216188,264096.99553108215,False,False,False,False,consumer_pod0_proc1_20250628_233435_946418.csv
3011724,synthetic_4,97,1750889586.8262825,1751153675.941865,264089.1155824661,1751153680.256511,4.314646005630493,1751153683.8216188,264096.9953362942,False,False,False,False,consumer_pod0_proc1_20250628_233435_946418.csv
3011734,synthetic_4,104,1750889586.8264558,1751153675.9418716,264089.11541581154,1751153680.256511,4.314639329910278,1751153683.8216188,264096.99516296387,False,False,False,False,consumer_pod0_proc1_20250628_233435_946418.csv
3011744,synthetic_4,82,1750889586.8266673,1751153675.9418786,264089.1152112484,1751153680.256511,4.314632415771484,1751153683.8216188,264096.9949514866,False,False,False,False,consumer_pod0_proc1_20250628_233435_946418.csv
3011754,synthetic_4,102,1750889586.8268733,1751153675.941885,264089.11501169205,1751153680.256511,4.314625978469849,1751153683.8216188,264096.99474549294,False,False,False,False,consumer_pod0_proc1_20250628_233435_946418.csv
3011764,synthetic_4,103,1750889586.8270893,1751153675.941892,264089.1148025989,1751153680.256511,4.314619064331055,1751153683.8216188,264096.9945294857,False,False,False,False,consumer_pod0_proc1_20250628_233435_946418.csv
3011774,synthetic_4,91,1750889586.8272986,1751153675.9418986,264089.1145999432,1751153680.256511,4.31461238861084,1751153683.8216188,264096.9943201542,False,False,False,False,consumer_pod0_proc1_20250628_233435_946418.csv
3011784,synthetic_4,90,1750889586.8275251,1751153675.9419048,264089.1143796444,1751153680.256511,4.314606189727783,1751153683.8216188,264096.99409365654,False,False,False,False,consumer_pod0_proc1_20250628_233435_946418.csv
3011794,synthetic_4,97,1750889586.8277414,1751153675.9419112,264089.11416983604,1751153680.256511,4.314599752426148,1751153683.8216188,264096.9938774109,False,False,False,False,consumer_pod0_proc1_20250628_233435_946418.csv
3011804,synthetic_4,103,1750889586.8279626,1751153675.941918,264089.11395549774,1751153680.256511,4.314593076705933,1751153683.8216188,264096.99365615845,False,False,False,False,consumer_pod0_proc1_20250628_233435_946418.csv
3011814,synthetic_4,90,1750889586.828171,1751153675.9419248,264089.1137537956,1751153680.256511,4.314586162567139,1751153683.8216188,264096.9934477806,False,False,False,False,consumer_pod0_proc1_20250628_233435_946418.csv
3011824,synthetic_4,82,1750889586.828387,1751153675.9419315,264089.1135444641,1751153680.256511,4.314579486846924,1751153683.8216188,264096.9932317734,False,False,False,False,consumer_pod0_proc1_20250628_233435_946418.csv
3011834,synthetic_4,83,1750889587.018353,1751153675.941938,264088.92358493805,1751153680.256511,4.314573049545288,1751153683.8216188,264096.80326581,False,False,False,False,consumer_pod0_proc1_20250628_233435_946418.csv
3011844,synthetic_4,89,1750889587.018622,1751153675.9419444,264088.9233224392,1751153680.256511,4.314566612243652,1751153683.8216188,264096.80299687386,False,False,False,False,consumer_pod0_proc1_20250628_233435_946418.csv
3011854,synthetic_4,89,1750889587.018884,1751153675.9419508,264088.9230668545,1751153680.256511,4.314560174942017,1751153683.8216188,264096.80273485184,False,False,False,False,consumer_pod0_proc1_20250628_233435_946418.csv
3011864,synthetic_4,84,1750889587.0191443,1751153675.9419572,264088.9228129387,1751153680.256511,4.314553737640381,1751153683.8216188,264096.80247449875,False,False,False,False,consumer_pod0_proc1_20250628_233435_946418.csv
3011874,synthetic_4,91,1750889587.0193803,1751153675.9419634,264088.9225831032,1751153680.256511,4.314547538757324,1751153683.8216188,264096.80223846436,False,False,False,False,consumer_pod0_proc1_20250628_233435_946418.csv
3011884,synthetic_4,96,1750889587.0196283,1751153675.9419703,264088.922342062,1751153680.256511,4.31454062461853,1751153683.8216188,264096.80199050903,False,False,False,False,consumer_pod0_proc1_20250628_233435_946418.csv
3011894,synthetic_4,103,1750889587.0198753,1751153675.941977,264088.92210173607,1751153680.256511,4.314533948898315,1751153683.8216188,264096.8017435074,False,False,False,False,consumer_pod0_proc1_20250628_233435_946418.csv
3011904,synthetic_4,84,1750889587.0201216,1751153675.9419842,264088.92186260223,1751153680.256511,4.314526796340942,1751153683.8216188,264096.801497221,False,False,False,False,consumer_pod0_proc1_20250628_233435_946418.csv
3011914,synthetic_4,96,1750889587.0203822,1751153675.9419906,264088.921608448,1751153680.256511,4.314520359039307,1751153683.8216188,264096.8012366295,False,False,False,False,consumer_pod0_proc1_20250628_233435_946418.csv
3011924,synthetic_4,104,1750889587.0206609,1751153675.9419973,264088.92133641243,1751153680.256511,4.314513683319092,1751153683.8216188,264096.80095791817,False,False,False,False,consumer_pod0_proc1_20250628_233435_946418.csv
3011934,synthetic_4,96,1750889587.0209117,1751153675.942004,264088.9210922718,1751153680.256511,4.314507007598877,1751153683.8216188,264096.8007071018,False,False,False,False,consumer_pod0_proc1_20250628_233435_946418.csv
3011944,synthetic_4,102,1750889587.021155,1751153675.9420104,264088.92085528374,1751153680.256511,4.314500570297241,1751153683.8216188,264096.80046367645,False,False,False,False,consumer_pod0_proc1_20250628_233435_946418.csv
3011954,synthetic_4,83,1750889587.0214095,1751153675.9420168,264088.92060709,1751153680.256511,4.3144941329956055,1751153683.8216188,264096.8002092838,False,False,False,False,consumer_pod0_proc1_20250628_233435_946418.csv
3011964,synthetic_4,90,1750889587.021661,1751153675.9420235,264088.92036247253,1751153680.256511,4.314487457275391,1751153683.8216188,264096.7999577522,False,False,False,False,consumer_pod0_proc1_20250628_233435_946418.csv
3011974,synthetic_4,83,1750889587.0219092,1751153675.9420302,264088.9201209545,1751153680.256511,4.314480781555176,1751153683.8216188,264096.7997095585,False,False,False,False,consumer_pod0_proc1_20250628_233435_946418.csv
3011984,synthetic_4,84,1750889587.022153,1751153675.9420364,264088.919883728,1751153680.256511,4.314474582672119,1751153683.8216188,264096.7994658947,False,False,False,False,consumer_pod0_proc1_20250628_233435_946418.csv
3011994,synthetic_4,94,1750889587.022394,1751153675.9420428,264088.9196488857,1751153680.256511,4.314468145370483,1751153683.8216188,264096.7992248535,False,False,False,False,consumer_pod0_proc1_20250628_233435_946418.csv
3012004,synthetic_4,91,1750889587.0226436,1751153675.9420495,264088.9194059372,1751153680.256511,4.3144614696502686,1751153683.8216188,264096.79897522926,False,False,False,False,consumer_pod0_proc1_20250628_233435_946418.csv
3012014,synthetic_4,89,1750889587.022891,1751153675.942056,264088.919164896,1751153680.256511,4.314455032348633,1751153683.8216188,264096.7987277508,False,False,False,False,consumer_pod0_proc1_20250628_233435_946418.csv
3012024,synthetic_4,90,1750889587.023148,1751153675.9420624,264088.9189143181,1751153680.256511,4.314448595046997,1751153683.8216188,264096.79847073555,False,False,False,False,consumer_pod0_proc1_20250628_233435_946418.csv
3012034,synthetic_4,84,1750889587.0233953,1751153675.9420693,264088.91867399216,1751153680.256511,4.314441680908203,1751153683.8216188,264096.7982234955,False,False,False,False,consumer_pod0_proc1_20250628_233435_946418.csv
3012044,synthetic_4,84,1750889587.0236409,1751153675.942076,264088.91843509674,1751153680.256511,4.314435005187988,1751153683.8216188,264096.79797792435,False,False,False,False,consumer_pod0_proc1_20250628_233435_946418.csv
3012054,synthetic_4,98,1750889587.0238936,1751153675.9420826,264088.9181890488,1751153680.256511,4.314428329467773,1751153683.8216188,264096.79772520065,False,False,False,False,consumer_pod0_proc1_20250628_233435_946418.csv
3012064,synthetic_4,83,1750889587.0241392,1751153675.942089,264088.9179501533,1751153680.256511,4.314421892166138,1751153683.8216188,264096.7974796295,False,False,False,False,consumer_pod0_proc1_20250628_233435_946418.csv
3012074,synthetic_4,96,1750889587.0243905,1751153675.9420955,264088.91770505905,1751153680.256511,4.314415454864502,1751153683.8216188,264096.79722833633,False,False,False,False,consumer_pod0_proc1_20250628_233435_946418.csv
3012084,synthetic_4,102,1750889587.0246642,1751153675.9421022,264088.91743803024,1751153680.256511,4.314408779144287,1751153683.8216188,264096.7969546318,False,False,False,False,consumer_pod0_proc1_20250628_233435_946418.csv
3012094,synthetic_4,83,1750889587.0249028,1751153675.942109,264088.9172062874,1751153680.256511,4.314401865005493,1751153683.8216188,264096.7967159748,False,False,False,False,consumer_pod0_proc1_20250628_233435_946418.csv
3012104,synthetic_4,103,1750889587.025147,1751153675.9421155,264088.91696858406,1751153680.256511,4.314395427703857,1751153683.8216188,264096.7964718342,False,False,False,False,consumer_pod0_proc1_20250628_233435_946418.csv
3012114,synthetic_4,104,1750889587.025385,1751153675.9421225,264088.9167377949,1751153680.256511,4.314388513565064,1751153683.8216188,264096.79623389244,False,False,False,False,consumer_pod0_proc1_20250628_233435_946418.csv
3012494,synthetic_4,84,1750889587.3175988,1751153675.9421296,264088.62453079224,1751153680.256511,4.31438136100769,1751153683.8216188,264096.50401997566,False,False,False,False,consumer_pod0_proc1_20250628_233435_946418.csv
3012504,synthetic_4,104,1750889587.317942,1751153675.942137,264088.6241950989,1751153680.256511,4.314373970031738,1751153683.8216188,264096.5036768913,False,False,False,False,consumer_pod0_proc1_20250628_233435_946418.csv
3012514,synthetic_4,84,1750889587.3184102,1751153675.9421437,264088.6237335205,1751153680.256511,4.314367294311523,1751153683.8216188,264096.50320863724,False,False,False,False,consumer_pod0_proc1_20250628_233435_946418.csv
3012524,synthetic_4,83,1750889587.3188047,1751153675.9421504,264088.6233456135,1751153680.256511,4.314360618591309,1751153683.8216188,264096.5028140545,False,False,False,False,consumer_pod0_proc1_20250628_233435_946418.csv
3012534,synthetic_4,91,1750889587.3191755,1751153675.9421575,264088.62298202515,1751153680.256511,4.314353466033936,1751153683.8216188,264096.5024433136,False,False,False,False,consumer_pod0_proc1_20250628_233435_946418.csv
3012544,synthetic_4,97,1750889587.3195405,1751153675.942164,264088.622623682,1751153680.256511,4.3143470287323,1751153683.8216188,264096.50207829475,False,False,False,False,consumer_pod0_proc1_20250628_233435_946418.csv
3012554,synthetic_4,96,1750889587.3198729,1751153675.9421704,264088.6222975254,1751153680.256511,4.314340591430664,1751153683.8216188,264096.50174593925,False,False,False,False,consumer_pod0_proc1_20250628_233435_946418.csv
3012564,synthetic_4,97,1750889587.320242,1751153675.9421773,264088.6219353676,1751153680.256511,4.31433367729187,1751153683.8216188,264096.5013768673,False,False,False,False,consumer_pod0_proc1_20250628_233435_946418.csv
3012574,synthetic_4,88,1750889587.320599,1751153675.9421835,264088.62158465385,1751153680.256511,4.3143274784088135,1751153683.8216188,264096.50101971626,False,False,False,False,consumer_pod0_proc1_20250628_233435_946418.csv
3012584,synthetic_4,104,1750889587.3209732,1751153675.9421902,264088.6212170124,1751153680.256511,4.314320802688599,1751153683.8216188,264096.5006456375,False,False,False,False,consumer_pod0_proc1_20250628_233435_946418.csv
3012594,synthetic_4,83,1750889587.3213274,1751153675.9421968,264088.6208693981,1751153680.256511,4.314314126968384,1751153683.8216188,264096.5002913475,False,False,False,False,consumer_pod0_proc1_20250628_233435_946418.csv
3012604,synthetic_4,105,1750889587.3217516,1751153675.942203,264088.62045145035,1751153680.256511,4.314307928085327,1751153683.8216188,264096.49986720085,False,False,False,False,consumer_pod0_proc1_20250628_233435_946418.csv
3012614,synthetic_4,81,1750889587.322029,1751153675.94221,264088.62018084526,1751153680.256511,4.314301013946533,1751153683.8216188,264096.4995896816,False,False,False,False,consumer_pod0_proc1_20250628_233435_946418.csv
3012624,synthetic_4,97,1750889587.3222582,1751153675.9422164,264088.6199581623,1751153680.256511,4.3142945766448975,1751153683.8216188,264096.49936056137,False,False,False,False,consumer_pod0_proc1_20250628_233435_946418.csv
3012634,synthetic_4,84,1750889587.3224814,1751153675.9422228,264088.6197414398,1751153680.256511,4.314288139343262,1751153683.8216188,264096.4991374016,False,False,False,False,consumer_pod0_proc1_20250628_233435_946418.csv
3012644,synthetic_4,103,1750889587.32276,1751153675.9422293,264088.6194691658,1751153680.256511,4.314281702041626,1751153683.8216188,264096.49885869026,False,False,False,False,consumer_pod0_proc1_20250628_233435_946418.csv
3012654,synthetic_4,96,1750889587.3232296,1751153675.942236,264088.61900639534,1751153680.256511,4.314275026321411,1751153683.8216188,264096.4983892441,False,False,False,False,consumer_pod0_proc1_20250628_233435_946418.csv
3012664,synthetic_4,82,1750889587.3236167,1751153675.9422426,264088.6186258793,1751153680.256511,4.314268350601196,1751153683.8216188,264096.4980020523,False,False,False,False,consumer_pod0_proc1_20250628_233435_946418.csv
3012674,synthetic_4,97,1750889587.3240387,1751153675.9422493,264088.6182105541,1751153680.256511,4.314261674880981,1751153683.8216188,264096.4975800514,False,False,False,False,consumer_pod0_proc1_20250628_233435_946418.csv
3012684,synthetic_4,104,1750889587.324418,1751153675.9422555,264088.61783742905,1751153680.256511,4.314255475997925,1751153683.8216188,264096.49720072746,False,False,False,False,consumer_pod0_proc1_20250628_233435_946418.csv
3012694,synthetic_4,103,1750889587.41792,1751153675.9422622,264088.5243420601,1751153680.256511,4.31424880027771,1751153683.8216188,264096.4036986828,False,False,False,False,consumer_pod0_proc1_20250628_233435_946418.csv
3012704,synthetic_4,97,1750889587.4182036,1751153675.9422684,264088.5240647793,1751153680.256511,4.314242601394653,1751153683.8216188,264096.4034152031,False,False,False,False,consumer_pod0_proc1_20250628_233435_946418.csv
3012714,synthetic_4,91,1750889587.4185786,1751153675.9422748,264088.52369618416,1751153680.256511,4.314236164093018,1751153683.8216188,264096.40304017067,False,False,False,False,consumer_pod0_proc1_20250628_233435_946418.csv
3012724,synthetic_4,104,1750889587.4189656,1751153675.9422812,264088.5233156681,1751153680.256511,4.314229726791382,1751153683.8216188,264096.4026532173,False,False,False,False,consumer_pod0_proc1_20250628_233435_946418.csv
3012734,synthetic_4,98,1750889587.4192846,1751153675.9422882,264088.5230035782,1751153680.256511,4.314222812652588,1751153683.8216188,264096.40233421326,False,False,False,False,consumer_pod0_proc1_20250628_233435_946418.csv
3012744,synthetic_4,83,1750889587.4195971,1751153675.9422946,264088.5226974488,1751153680.256511,4.314216375350952,1751153683.8216188,264096.4020216465,False,False,False,False,consumer_pod0_proc1_20250628_233435_946418.csv
3012754,synthetic_4,104,1750889587.419958,1751153675.942301,264088.5223429203,1751153680.256511,4.314209938049316,1751153683.8216188,264096.40166068077,False,False,False,False,consumer_pod0_proc1_20250628_233435_946418.csv
3012764,synthetic_4,105,1750889587.4202793,1751153675.9423072,264088.52202796936,1751153680.256511,4.31420373916626,1751153683.8216188,264096.40133953094,False,False,False,False,consumer_pod0_proc1_20250628_233435_946418.csv
3012774,synthetic_4,102,1750889587.4205709,1751153675.942314,264088.5217430592,1751153680.256511,4.314197063446045,1751153683.8216188,264096.401047945,False,False,False,False,consumer_pod0_proc1_20250628_233435_946418.csv
3012784,synthetic_4,96,1750889587.4208157,1751153675.9423206,264088.5215051174,1751153680.256511,4.31419038772583,1751153683.8216188,264096.40080308914,False,False,False,False,consumer_pod0_proc1_20250628_233435_946418.csv
3012794,synthetic_4,83,1750889587.4210112,1751153675.9423275,264088.5213162899,1751153680.256511,4.314183473587036,1751153683.8216188,264096.4006075859,False,False,False,False,consumer_pod0_proc1_20250628_233435_946418.csv
3012804,synthetic_4,91,1750889587.421249,1751153675.942334,264088.5210852623,1751153680.256511,4.3141770362854,1751153683.8216188,264096.4003698826,False,False,False,False,consumer_pod0_proc1_20250628_233435_946418.csv
3012814,synthetic_4,83,1750889587.4214802,1751153675.9423404,264088.5208601952,1751153680.256511,4.314170598983765,1751153683.8216188,264096.40013861656,False,False,False,False,consumer_pod0_proc1_20250628_233435_946418.csv
3012824,synthetic_4,88,1750889587.4217036,1751153675.9423466,264088.52064299583,1751153680.256511,4.314164400100708,1751153683.8216188,264096.39991521835,False,False,False,False,consumer_pod0_proc1_20250628_233435_946418.csv
3012834,synthetic_4,88,1750889587.4219496,1751153675.9423523,264088.5204029083,1751153680.256511,4.31415867805481,1751153683.8216188,264096.3996691704,False,False,False,False,consumer_pod0_proc1_20250628_233435_946418.csv
3012844,synthetic_4,82,1750889587.4221847,1751153675.942359,264088.5201742649,1751153680.256511,4.314152002334595,1751153683.8216188,264096.39943408966,False,False,False,False,consumer_pod0_proc1_20250628_233435_946418.csv
3012854,synthetic_4,105,1750889587.4225376,1751153675.9423652,264088.5198276043,1751153680.256511,4.314145803451538,1751153683.8216188,264096.39908123016,False,False,False,False,consumer_pod0_proc1_20250628_233435_946418.csv
3012864,synthetic_4,104,1750889587.4229178,1751153675.9423716,264088.519453764,1751153680.256511,4.314139366149902,1751153683.8216188,264096.39870095253,False,False,False,False,consumer_pod0_proc1_20250628_233435_946418.csv
3012874,synthetic_4,84,1750889587.4232502,1751153675.9423783,264088.5191280842,1751153680.256511,4.314132690429688,1751153683.8216188,264096.39836859703,False,False,False,False,consumer_pod0_proc1_20250628_233435_946418.csv
3012884,synthetic_4,84,1750889587.4235332,1751153675.9423845,264088.5188512802,1751153680.256511,4.314126491546631,1751153683.8216188,264096.3980855942,False,False,False,False,consumer_pod0_proc1_20250628_233435_946418.csv
3012894,synthetic_4,90,1750889587.423833,1751153675.9423904,264088.51855778694,1751153680.256511,4.314120531082153,1751153683.8216188,264096.397785902,False,False,False,False,consumer_pod0_proc1_20250628_233435_946418.csv
3012904,synthetic_4,97,1750889587.4240682,1751153675.9423966,264088.51832842827,1751153680.256511,4.314114332199097,1751153683.8216188,264096.3975505829,False,False,False,False,consumer_pod0_proc1_20250628_233435_946418.csv
3012914,synthetic_4,91,1750889587.4243064,1751153675.9424036,264088.51809716225,1751153680.256511,4.314107418060303,1751153683.8216188,264096.3973124027,False,False,False,False,consumer_pod0_proc1_20250628_233435_946418.csv
3012924,synthetic_4,94,1750889587.42451,1751153675.94241,264088.5178999901,1751153680.256511,4.314100980758667,1751153683.8216188,264096.39710879326,False,False,False,False,consumer_pod0_proc1_20250628_233435_946418.csv
3012934,synthetic_4,91,1750889587.4247952,1751153675.9424162,264088.51762104034,1751153680.256511,4.31409478187561,1751153683.8216188,264096.39682364464,False,False,False,False,consumer_pod0_proc1_20250628_233435_946418.csv
3012944,synthetic_4,83,1750889587.4250505,1751153675.9424224,264088.51737213135,1751153680.256511,4.314088582992554,1751153683.8216188,264096.39656829834,False,False,False,False,consumer_pod0_proc1_20250628_233435_946418.csv
3012954,synthetic_4,90,1750889587.4252684,1751153675.9424286,264088.51716017723,1751153680.256511,4.314082384109497,1751153683.8216188,264096.39635038376,False,False,False,False,consumer_pod0_proc1_20250628_233435_946418.csv
3012964,synthetic_4,96,1750889587.425455,1751153675.9424348,264088.5169796944,1751153680.256511,4.31407618522644,1751153683.8216188,264096.396163702,False,False,False,False,consumer_pod0_proc1_20250628_233435_946418.csv
3012974,synthetic_4,91,1750889587.4257188,1751153675.9424417,264088.51672267914,1751153680.256511,4.314069271087647,1751153683.8216188,264096.39590001106,False,False,False,False,consumer_pod0_proc1_20250628_233435_946418.csv
3012984,synthetic_4,96,1750889587.4259188,1751153675.9424489,264088.5165300369,1751153680.256511,4.314062118530273,1751153683.8216188,264096.3956999779,False,False,False,False,consumer_pod0_proc1_20250628_233435_946418.csv
3012994,synthetic_4,102,1750889587.4261043,1751153675.9424562,264088.5163516998,1751153680.256511,4.314054727554321,1751153683.8216188,264096.3955144882,False,False,False,False,consumer_pod0_proc1_20250628_233435_946418.csv
3013004,synthetic_4,102,1750889587.4262812,1751153675.9424634,264088.5161821842,1751153680.256511,4.314047574996948,1751153683.8216188,264096.39533758163,False,False,False,False,consumer_pod0_proc1_20250628_233435_946418.csv
3013014,synthetic_4,97,1750889587.426433,1751153675.9424715,264088.51603865623,1751153680.256511,4.314039468765259,1751153683.8216188,264096.395185709,False,False,False,False,consumer_pod0_proc1_20250628_233435_946418.csv
3013024,synthetic_4,104,1750889587.4265893,1751153675.9424784,264088.5158891678,1751153680.256511,4.314032554626465,1751153683.8216188,264096.39502954483,False,False,False,False,consumer_pod0_proc1_20250628_233435_946418.csv
3013034,synthetic_4,82,1750889587.4267488,1751153675.9424846,264088.51573586464,1751153680.256511,4.314026355743408,1751153683.8216188,264096.3948700428,False,False,False,False,consumer_pod0_proc1_20250628_233435_946418.csv
3013044,synthetic_4,89,1750889587.426908,1751153675.9424908,264088.5155827999,1751153680.256511,4.314020156860352,1751153683.8216188,264096.3947107792,False,False,False,False,consumer_pod0_proc1_20250628_233435_946418.csv
3013054,synthetic_4,104,1750889587.4270704,1751153675.942497,264088.51542663574,1751153680.256511,4.314013957977295,1751153683.8216188,264096.39454841614,False,False,False,False,consumer_pod0_proc1_20250628_233435_946418.csv
3013064,synthetic_4,103,1750889587.4272294,1751153675.9425037,264088.51527404785,1751153680.256511,4.31400728225708,1751153683.8216188,264096.39438939095,False,False,False,False,consumer_pod0_proc1_20250628_233435_946418.csv
3013074,synthetic_4,90,1750889587.4273837,1751153675.9425104,264088.5151267052,1751153680.256511,4.314000606536865,1751153683.8216188,264096.3942351341,False,False,False,False,consumer_pod0_proc1_20250628_233435_946418.csv
3013084,synthetic_4,90,1750889587.427546,1751153675.9425168,264088.5149707794,1751153680.256511,4.3139941692352295,1751153683.8216188,264096.3940727711,False,False,False,False,consumer_pod0_proc1_20250628_233435_946418.csv
3013094,synthetic_4,90,1750889587.4277046,1751153675.9425228,264088.5148181915,1751153680.256511,4.313988208770752,1751153683.8216188,264096.3939142227,False,False,False,False,consumer_pod0_proc1_20250628_233435_946418.csv
3013104,synthetic_4,83,1750889587.4278626,1751153675.9425294,264088.51466679573,1751153680.256511,4.313981533050537,1751153683.8216188,264096.3937561512,False,False,False,False,consumer_pod0_proc1_20250628_233435_946418.csv
3013114,synthetic_4,96,1750889587.4280205,1751153675.942536,264088.51451539993,1751153680.256511,4.313974857330322,1751153683.8216188,264096.3935983181,False,False,False,False,consumer_pod0_proc1_20250628_233435_946418.csv
3013124,synthetic_4,83,1750889587.428183,1751153675.9425423,264088.51435923576,1751153680.256511,4.313968658447266,1751153683.8216188,264096.3934357166,False,False,False,False,consumer_pod0_proc1_20250628_233435_946418.csv
3013134,synthetic_4,98,1750889587.4283457,1751153675.9425485,264088.5142028332,1751153680.256511,4.313962459564209,1751153683.8216188,264096.39327311516,False,False,False,False,consumer_pod0_proc1_20250628_233435_946418.csv
3013934,synthetic_4,90,1750889587.7183237,1751153675.942555,264088.22423124313,1751153680.256511,4.313956022262573,1751153683.8216188,264096.1032950878,False,False,False,False,consumer_pod0_proc1_20250628_233435_946418.csv
3013944,synthetic_4,97,1750889587.8181906,1751153675.942562,264088.1243712902,1751153680.256511,4.3139488697052,1751153683.8216188,264096.00342822075,False,False,False,False,consumer_pod0_proc1_20250628_233435_946418.csv
3013954,synthetic_4,84,1750889587.8183734,1751153675.9425688,264088.1241953373,1751153680.256511,4.313942193984985,1751153683.8216188,264096.0032453537,False,False,False,False,consumer_pod0_proc1_20250628_233435_946418.csv
3013964,synthetic_4,102,1750889587.818554,1751153675.9425752,264088.12402129173,1751153680.256511,4.31393575668335,1751153683.8216188,264096.00306487083,False,False,False,False,consumer_pod0_proc1_20250628_233435_946418.csv
3013974,synthetic_4,84,1750889587.8188984,1751153675.9425817,264088.1236832142,1751153680.256511,4.313929319381714,1751153683.8216188,264096.002720356,False,False,False,False,consumer_pod0_proc1_20250628_233435_946418.csv
3013984,synthetic_4,95,1750889587.819106,1751153675.942588,264088.1234817505,1751153680.256511,4.313922882080078,1751153683.8216188,264096.0025126934,False,False,False,False,consumer_pod0_proc1_20250628_233435_946418.csv
3013994,synthetic_4,91,1750889587.8194664,1751153675.9425943,264088.1231279373,1751153680.256511,4.3139166831970215,1751153683.8216188,264096.00215244293,False,False,False,False,consumer_pod0_proc1_20250628_233435_946418.csv
3014004,synthetic_4,90,1750889587.8196795,1751153675.9426007,264088.1229212284,1751153680.256511,4.313910245895386,1751153683.8216188,264096.0019392967,False,False,False,False,consumer_pod0_proc1_20250628_233435_946418.csv
3014014,synthetic_4,101,1750889587.820093,1751153675.9426072,264088.1225142479,1751153680.256511,4.31390380859375,1751153683.8216188,264096.0015258789,False,False,False,False,consumer_pod0_proc1_20250628_233435_946418.csv
3014024,synthetic_4,83,1750889587.820385,1751153675.9426138,264088.12222886086,1751153680.256511,4.313897132873535,1751153683.8216188,264096.00123381615,False,False,False,False,consumer_pod0_proc1_20250628_233435_946418.csv
3014034,synthetic_4,105,1750889587.8209462,1751153675.9426198,264088.121673584,1751153680.256511,4.313891172409058,1751153683.8216188,264096.0006725788,False,False,False,False,consumer_pod0_proc1_20250628_233435_946418.csv
3014044,synthetic_4,90,1750889587.8213089,1751153675.9426262,264088.1213173866,1751153680.256511,4.313884735107422,1751153683.8216188,264096.00030994415,False,False,False,False,consumer_pod0_proc1_20250628_233435_946418.csv
3014054,synthetic_4,83,1750889587.8219364,1751153675.942633,264088.1206963062,1751153680.256511,4.313878059387207,1751153683.8216188,264095.99968242645,False,False,False,False,consumer_pod0_proc1_20250628_233435_946418.csv
3014064,synthetic_4,91,1750889587.8222628,1751153675.9426394,264088.1203765869,1751153680.256511,4.313871622085571,1751153683.8216188,264095.9993560314,False,False,False,False,consumer_pod0_proc1_20250628_233435_946418.csv
3014074,synthetic_4,91,1750889587.8225918,1751153675.9426455,264088.12005376816,1751153680.256511,4.313865423202515,1751153683.8216188,264095.9990270138,False,False,False,False,consumer_pod0_proc1_20250628_233435_946418.csv
3014084,synthetic_4,91,1750889587.822791,1751153675.942652,264088.1198606491,1751153680.256511,4.313858985900879,1751153683.8216188,264095.99882769585,False,False,False,False,consumer_pod0_proc1_20250628_233435_946418.csv
3014094,synthetic_4,105,1750889587.8232126,1751153675.942658,264088.11944532394,1751153680.256511,4.313853025436401,1751153683.8216188,264095.9984061718,False,False,False,False,consumer_pod0_proc1_20250628_233435_946418.csv
3014104,synthetic_4,87,1750889587.823646,1751153675.9426649,264088.1190187931,1751153680.256511,4.313846111297607,1751153683.8216188,264095.9979727268,False,False,False,False,consumer_pod0_proc1_20250628_233435_946418.csv
3014114,synthetic_4,104,1750889587.8240654,1751153675.9426713,264088.1186058521,1751153680.256511,4.313839673995972,1751153683.8216188,264095.99755334854,False,False,False,False,consumer_pod0_proc1_20250628_233435_946418.csv
3014124,synthetic_4,89,1750889587.8244658,1751153675.9426775,264088.11821198463,1751153680.256511,4.313833475112915,1751153683.8216188,264095.99715304375,False,False,False,False,consumer_pod0_proc1_20250628_233435_946418.csv
3014134,synthetic_4,94,1750889587.824856,1751153675.9426842,264088.1178281307,1751153680.256511,4.3138267993927,1751153683.8216188,264095.99676275253,False,False,False,False,consumer_pod0_proc1_20250628_233435_946418.csv
3014144,synthetic_4,84,1750889587.8250942,1751153675.9426908,264088.1175966263,1751153680.256511,4.313820123672485,1751153683.8216188,264095.9965245724,False,False,False,False,consumer_pod0_proc1_20250628_233435_946418.csv
3014154,synthetic_4,105,1750889587.8252947,1751153675.9426973,264088.1174025536,1751153680.256511,4.31381368637085,1751153683.8216188,264095.99632406235,False,False,False,False,consumer_pod0_proc1_20250628_233435_946418.csv
3014164,synthetic_4,105,1750889587.8255446,1751153675.942704,264088.1171593666,1751153680.256511,4.313807010650635,1751153683.8216188,264095.9960741997,False,False,False,False,consumer_pod0_proc1_20250628_233435_946418.csv
3014174,synthetic_4,105,1750889587.8257625,1751153675.9427102,264088.1169476509,1751153680.256511,4.313800811767578,1751153683.8216188,264095.9958562851,False,False,False,False,consumer_pod0_proc1_20250628_233435_946418.csv
3014184,synthetic_4,91,1750889587.8259842,1751153675.9427166,264088.11673235893,1751153680.256511,4.313794374465942,1751153683.8216188,264095.9956345558,False,False,False,False,consumer_pod0_proc1_20250628_233435_946418.csv
3014194,synthetic_4,104,1750889587.826146,1751153675.9427228,264088.1165766716,1751153680.256511,4.313788175582886,1751153683.8216188,264095.995472908,False,False,False,False,consumer_pod0_proc1_20250628_233435_946418.csv
3014204,synthetic_4,84,1750889587.8263023,1751153675.9427297,264088.11642718315,1751153680.256511,4.313781261444092,1751153683.8216188,264095.99531650543,False,False,False,False,consumer_pod0_proc1_20250628_233435_946418.csv
3014214,synthetic_4,83,1750889587.8264625,1751153675.9427357,264088.11627316475,1751153680.256511,4.313775300979614,1751153683.8216188,264095.99515628815,False,False,False,False,consumer_pod0_proc1_20250628_233435_946418.csv
3014224,synthetic_4,90,1750889587.8266196,1751153675.942742,264088.1161224842,1751153680.256511,4.3137688636779785,1751153683.8216188,264095.9949991703,False,False,False,False,consumer_pod0_proc1_20250628_233435_946418.csv
3014234,synthetic_4,82,1750889587.8267777,1751153675.942748,264088.11597037315,1751153680.256511,4.313762903213501,1751153683.8216188,264095.9948410988,False,False,False,False,consumer_pod0_proc1_20250628_233435_946418.csv
3014244,synthetic_4,82,1750889587.82694,1751153675.9427545,264088.1158144474,1751153680.256511,4.313756465911865,1751153683.8216188,264095.99467873573,False,False,False,False,consumer_pod0_proc1_20250628_233435_946418.csv
3014254,synthetic_4,105,1750889587.8271017,1751153675.9427605,264088.11565876007,1751153680.256511,4.313750505447388,1751153683.8216188,264095.99451708794,False,False,False,False,consumer_pod0_proc1_20250628_233435_946418.csv
3014264,synthetic_4,84,1750889587.8272624,1751153675.942767,264088.11550450325,1751153680.256511,4.313744068145752,1751153683.8216188,264095.9943563938,False,False,False,False,consumer_pod0_proc1_20250628_233435_946418.csv
3014274,synthetic_4,89,1750889587.827421,1751153675.942773,264088.1153523922,1751153680.256511,4.313737869262695,1751153683.8216188,264095.99419784546,False,False,False,False,consumer_pod0_proc1_20250628_233435_946418.csv
3014284,synthetic_4,91,1750889587.8275847,1751153675.9427793,264088.1151945591,1751153680.256511,4.313731670379639,1751153683.8216188,264095.9940340519,False,False,False,False,consumer_pod0_proc1_20250628_233435_946418.csv
3014294,synthetic_4,89,1750889587.8277447,1751153675.9427855,264088.11504101753,1751153680.256511,4.313725471496582,1751153683.8216188,264095.993874073,False,False,False,False,consumer_pod0_proc1_20250628_233435_946418.csv
3014304,synthetic_4,88,1750889587.8279018,1751153675.9427922,264088.114890337,1751153680.256511,4.313718795776367,1751153683.8216188,264095.9937169552,False,False,False,False,consumer_pod0_proc1_20250628_233435_946418.csv
3014314,synthetic_4,91,1750889587.8280642,1751153675.9427984,264088.1147341728,1751153680.256511,4.313712596893311,1751153683.8216188,264095.99355459213,False,False,False,False,consumer_pod0_proc1_20250628_233435_946418.csv
3014324,synthetic_4,84,1750889587.8282185,1751153675.9428048,264088.1145863533,1751153680.256511,4.313706159591675,1751153683.8216188,264095.9934003353,False,False,False,False,consumer_pod0_proc1_20250628_233435_946418.csv
3014334,synthetic_4,95,1750889587.8283763,1751153675.9428108,264088.11443448067,1751153680.256511,4.313700199127197,1751153683.8216188,264095.9932425022,False,False,False,False,consumer_pod0_proc1_20250628_233435_946418.csv
3014344,synthetic_4,98,1750889587.9183118,1751153675.9428174,264088.02450561523,1751153680.256511,4.313693523406982,1751153683.8216188,264095.90330696106,False,False,False,False,consumer_pod0_proc1_20250628_233435_946418.csv
3014354,synthetic_4,90,1750889587.919212,1751153675.942824,264088.0236120224,1751153680.256511,4.313687086105347,1751153683.8216188,264095.9024066925,False,False,False,False,consumer_pod0_proc1_20250628_233435_946418.csv
3014364,synthetic_4,83,1750889587.9201374,1751153675.9428303,264088.0226929188,1751153680.256511,4.313680648803711,1751153683.8216188,264095.90148139,False,False,False,False,consumer_pod0_proc1_20250628_233435_946418.csv
3014374,synthetic_4,83,1750889587.9206743,1751153675.9428368,264088.02216243744,1751153680.256511,4.313674211502075,1751153683.8216188,264095.90094447136,False,False,False,False,consumer_pod0_proc1_20250628_233435_946418.csv
3014384,synthetic_4,97,1750889587.9211397,1751153675.942843,264088.02170324326,1751153680.256511,4.3136680126190186,1751153683.8216188,264095.9004790783,False,False,False,False,consumer_pod0_proc1_20250628_233435_946418.csv
3014394,synthetic_4,83,1750889587.921614,1751153675.9428496,264088.0212357044,1751153680.256511,4.313661336898804,1751153683.8216188,264095.90000486374,False,False,False,False,consumer_pod0_proc1_20250628_233435_946418.csv
3014404,synthetic_4,105,1750889587.9220414,1751153675.942856,264088.0208146572,1751153680.256511,4.313654899597168,1751153683.8216188,264095.8995773792,False,False,False,False,consumer_pod0_proc1_20250628_233435_946418.csv
3014414,synthetic_4,96,1750889587.922467,1751153675.9428625,264088.0203955173,1751153680.256511,4.313648462295532,1751153683.8216188,264095.89915180206,False,False,False,False,consumer_pod0_proc1_20250628_233435_946418.csv
3014424,synthetic_4,96,1750889587.9229093,1751153675.942869,264088.0199596882,1751153680.256511,4.3136420249938965,1751153683.8216188,264095.8987095356,False,False,False,False,consumer_pod0_proc1_20250628_233435_946418.csv
3014434,synthetic_4,105,1750889587.9233162,1751153675.9428754,264088.019559145,1751153680.256511,4.313635587692261,1751153683.8216188,264095.8983025551,False,False,False,False,consumer_pod0_proc1_20250628_233435_946418.csv
3014444,synthetic_4,90,1750889587.923704,1751153675.9428823,264088.0191781521,1751153680.256511,4.313628673553467,1751153683.8216188,264095.8979148865,False,False,False,False,consumer_pod0_proc1_20250628_233435_946418.csv
3014454,synthetic_4,88,1750889587.924115,1751153675.9428887,264088.0187737942,1751153680.256511,4.313622236251831,1751153683.8216188,264095.89750385284,False,False,False,False,consumer_pod0_proc1_20250628_233435_946418.csv
3014464,synthetic_4,90,1750889588.0174258,1751153675.9428954,264087.9254696369,1751153680.256511,4.313615560531616,1751153683.8216188,264095.80419301987,False,False,False,False,consumer_pod0_proc1_20250628_233435_946418.csv
3014474,synthetic_4,98,1750889588.0193503,1751153675.9429023,264087.9235520363,1751153680.256511,4.313608646392822,1751153683.8216188,264095.8022685051,False,False,False,False,consumer_pod0_proc1_20250628_233435_946418.csv
3014484,synthetic_4,102,1750889588.019658,1751153675.9429088,264087.9232506752,1751153680.256511,4.3136022090911865,1751153683.8216188,264095.8019607067,False,False,False,False,consumer_pod0_proc1_20250628_233435_946418.csv
3014494,synthetic_4,105,1750889588.0200217,1751153675.9429154,264087.9228937626,1751153680.256511,4.313595533370972,1751153683.8216188,264095.8015971184,False,False,False,False,consumer_pod0_proc1_20250628_233435_946418.csv
3014504,synthetic_4,89,1750889588.0204186,1751153675.942922,264087.92250323296,1751153680.256511,4.313588857650757,1751153683.8216188,264095.80120015144,False,False,False,False,consumer_pod0_proc1_20250628_233435_946418.csv
3014514,synthetic_4,105,1750889588.0208073,1751153675.9429283,264087.922121048,1751153680.256511,4.3135826587677,1751153683.8216188,264095.80081152916,False,False,False,False,consumer_pod0_proc1_20250628_233435_946418.csv
3014524,synthetic_4,83,1750889588.0212252,1751153675.942935,264087.9217097759,1751153680.256511,4.313575983047485,1751153683.8216188,264095.8003935814,False,False,False,False,consumer_pod0_proc1_20250628_233435_946418.csv
3014534,synthetic_4,103,1750889588.0216217,1751153675.9429412,264087.9213194847,1751153680.256511,4.313569784164429,1751153683.8216188,264095.7999970913,False,False,False,False,consumer_pod0_proc1_20250628_233435_946418.csv
3014544,synthetic_4,80,1750889588.022003,1751153675.942948,264087.9209449291,1751153680.256511,4.313562870025635,1751153683.8216188,264095.79961586,False,False,False,False,consumer_pod0_proc1_20250628_233435_946418.csv
3014554,synthetic_4,90,1750889588.0224042,1751153675.9429543,264087.920550108,1751153680.256511,4.313556671142578,1751153683.8216188,264095.7992146015,False,False,False,False,consumer_pod0_proc1_20250628_233435_946418.csv
3014564,synthetic_4,91,1750889588.0228004,1751153675.9429607,264087.9201602936,1751153680.256511,4.313550233840942,1751153683.8216188,264095.79881834984,False,False,False,False,consumer_pod0_proc1_20250628_233435_946418.csv
3014574,synthetic_4,104,1750889588.023234,1751153675.9429674,264087.9197335243,1751153680.256511,4.313543558120728,1751153683.8216188,264095.79838490486,False,False,False,False,consumer_pod0_proc1_20250628_233435_946418.csv
3014584,synthetic_4,91,1750889588.0236983,1751153675.9429736,264087.9192752838,1751153680.256511,4.313537359237671,1751153683.8216188,264095.79792046547,False,False,False,False,consumer_pod0_proc1_20250628_233435_946418.csv
3014594,synthetic_4,90,1750889588.0241065,1751153675.94298,264087.9188737869,1751153680.256511,4.313530921936035,1751153683.8216188,264095.79751229286,False,False,False,False,consumer_pod0_proc1_20250628_233435_946418.csv
3014604,synthetic_4,90,1750889588.1168232,1751153675.9429865,264087.82616329193,1751153680.256511,4.313524484634399,1751153683.8216188,264095.704795599,False,False,False,False,consumer_pod0_proc1_20250628_233435_946418.csv
3014614,synthetic_4,83,1750889588.117486,1751153675.942993,264087.8255069256,1751153680.256511,4.313518047332764,1751153683.8216188,264095.70413279533,False,False,False,False,consumer_pod0_proc1_20250628_233435_946418.csv
3014624,synthetic_4,103,1750889588.1178284,1751153675.9429991,264087.8251707554,1751153680.256511,4.313511848449707,1751153683.8216188,264095.70379042625,False,False,False,False,consumer_pod0_proc1_20250628_233435_946418.csv
3014634,synthetic_4,93,1750889588.118224,1751153675.9430058,264087.82478165627,1751153680.256511,4.313505172729492,1751153683.8216188,264095.70339488983,False,False,False,False,consumer_pod0_proc1_20250628_233435_946418.csv
3014644,synthetic_4,91,1750889588.1186233,1751153675.943012,264087.82438874245,1751153680.256511,4.313498973846436,1751153683.8216188,264095.7029955387,False,False,False,False,consumer_pod0_proc1_20250628_233435_946418.csv
3014654,synthetic_4,91,1750889588.1191366,1751153675.943019,264087.82388210297,1751153680.256511,4.313492059707642,1751153683.8216188,264095.7024822235,False,False,False,False,consumer_pod0_proc1_20250628_233435_946418.csv
3015934,synthetic_4,104,1750889588.522175,1751153675.9430249,264087.4208498001,1751153680.256511,4.313486099243164,1751153683.8216188,264095.2994437218,False,False,False,False,consumer_pod0_proc1_20250628_233435_946418.csv
3015944,synthetic_4,83,1750889588.5227349,1751153675.9430313,264087.4202964306,1751153680.256511,4.313479661941528,1751153683.8216188,264095.29888391495,False,False,False,False,consumer_pod0_proc1_20250628_233435_946418.csv
3015954,synthetic_4,98,1750889588.523162,1751153675.943038,264087.4198758602,1751153680.256511,4.3134729862213135,1751153683.8216188,264095.2984569073,False,False,False,False,consumer_pod0_proc1_20250628_233435_946418.csv
3015964,synthetic_4,102,1750889588.52359,1751153675.943045,264087.4194545746,1751153680.256511,4.31346607208252,1751153683.8216188,264095.2980287075,False,False,False,False,consumer_pod0_proc1_20250628_233435_946418.csv
3015974,synthetic_4,84,1750889588.5240152,1751153675.943051,264087.4190359116,1751153680.256511,4.313459873199463,1751153683.8216188,264095.2976036072,False,False,False,False,consumer_pod0_proc1_20250628_233435_946418.csv
3015984,synthetic_4,98,1750889588.6165824,1751153675.9430568,264087.3264744282,1751153680.256511,4.3134541511535645,1751153683.8216188,264095.20503640175,False,False,False,False,consumer_pod0_proc1_20250628_233435_946418.csv
3015994,synthetic_4,83,1750889588.6192636,1751153675.9430635,264087.32379984856,1751153680.256511,4.31344747543335,1751153683.8216188,264095.2023551464,False,False,False,False,consumer_pod0_proc1_20250628_233435_946418.csv
3016004,synthetic_4,84,1750889588.6195729,1751153675.94307,264087.32349705696,1751153680.256511,4.313441038131714,1751153683.8216188,264095.2020459175,False,False,False,False,consumer_pod0_proc1_20250628_233435_946418.csv
3016014,synthetic_4,90,1750889588.619943,1751153675.9430764,264087.32313370705,1751153680.256511,4.313434600830078,1751153683.8216188,264095.2016758919,False,False,False,False,consumer_pod0_proc1_20250628_233435_946418.csv
3016024,synthetic_4,91,1750889588.6203203,1751153675.943083,264087.32276272774,1751153680.256511,4.313427925109863,1751153683.8216188,264095.20129847527,False,False,False,False,consumer_pod0_proc1_20250628_233435_946418.csv
3016034,synthetic_4,83,1750889588.620664,1751153675.9430895,264087.3224258423,1751153680.256511,4.313421487808228,1751153683.8216188,264095.2009549141,False,False,False,False,consumer_pod0_proc1_20250628_233435_946418.csv
3016044,synthetic_4,103,1750889588.621019,1751153675.9430962,264087.3220772743,1751153680.256511,4.313414812088013,1751153683.8216188,264095.2005999088,False,False,False,False,consumer_pod0_proc1_20250628_233435_946418.csv
3016054,synthetic_4,103,1750889588.6214612,1751153675.943103,264087.321641922,1751153680.256511,4.313407897949219,1751153683.8216188,264095.20015764236,False,False,False,False,consumer_pod0_proc1_20250628_233435_946418.csv
3016064,synthetic_4,90,1750889588.6218617,1751153675.9431093,264087.3212478161,1751153680.256511,4.313401699066162,1751153683.8216188,264095.19975709915,False,False,False,False,consumer_pod0_proc1_20250628_233435_946418.csv
3016074,synthetic_4,105,1750889588.6222546,1751153675.9431164,264087.3208618164,1751153680.256511,4.313394546508789,1751153683.8216188,264095.19936418533,False,False,False,False,consumer_pod0_proc1_20250628_233435_946418.csv
3016084,synthetic_4,104,1750889588.6226597,1751153675.943123,264087.32046341896,1751153680.256511,4.313387870788574,1751153683.8216188,264095.19895911217,False,False,False,False,consumer_pod0_proc1_20250628_233435_946418.csv
3016094,synthetic_4,83,1750889588.6230664,1751153675.94313,264087.320063591,1751153680.256511,4.31338095664978,1751153683.8216188,264095.1985523701,False,False,False,False,consumer_pod0_proc1_20250628_233435_946418.csv
3016104,synthetic_4,84,1750889588.623376,1751153675.9431365,264087.31976032257,1751153680.256511,4.3133745193481445,1751153683.8216188,264095.19824290276,False,False,False,False,consumer_pod0_proc1_20250628_233435_946418.csv
3016114,synthetic_4,102,1750889588.6236353,1751153675.943143,264087.3195075989,1751153680.256511,4.313368082046509,1751153683.8216188,264095.19798350334,False,False,False,False,consumer_pod0_proc1_20250628_233435_946418.csv
3016124,synthetic_4,82,1750889588.623894,1751153675.9431496,264087.31925559044,1751153680.256511,4.313361406326294,1751153683.8216188,264095.1977248192,False,False,False,False,consumer_pod0_proc1_20250628_233435_946418.csv
3016134,synthetic_4,86,1750889588.6241372,1751153675.9431562,264087.3190190792,1751153680.256511,4.313354730606079,1751153683.8216188,264095.19748163223,False,False,False,False,consumer_pod0_proc1_20250628_233435_946418.csv
3016144,synthetic_4,105,1750889588.6243606,1751153675.943163,264087.3188023567,1751153680.256511,4.313348054885864,1751153683.8216188,264095.197258234,False,False,False,False,consumer_pod0_proc1_20250628_233435_946418.csv
3016154,synthetic_4,83,1750889588.7177062,1751153675.9431696,264087.22546339035,1751153680.256511,4.313341379165649,1751153683.8216188,264095.10391259193,False,False,False,False,consumer_pod0_proc1_20250628_233435_946418.csv
3016164,synthetic_4,103,1750889588.7180707,1751153675.943176,264087.22510528564,1751153680.256511,4.313334941864014,1751153683.8216188,264095.1035480499,False,False,False,False,consumer_pod0_proc1_20250628_233435_946418.csv
3016174,synthetic_4,84,1750889588.7184048,1751153675.9431822,264087.2247774601,1751153680.256511,4.313328742980957,1751153683.8216188,264095.1032140255,False,False,False,False,consumer_pod0_proc1_20250628_233435_946418.csv
3016184,synthetic_4,98,1750889588.7188225,1751153675.943189,264087.22436618805,1751153680.256511,4.313322067260742,1751153683.8216188,264095.10279631615,False,False,False,False,consumer_pod0_proc1_20250628_233435_946418.csv
3016194,synthetic_4,81,1750889588.7191582,1751153675.943195,264087.224036932,1751153680.256511,4.3133158683776855,1751153683.8216188,264095.1024606228,False,False,False,False,consumer_pod0_proc1_20250628_233435_946418.csv
3016204,synthetic_4,84,1750889588.7195206,1751153675.9432015,264087.22368097305,1751153680.256511,4.31330943107605,1751153683.8216188,264095.10209822655,False,False,False,False,consumer_pod0_proc1_20250628_233435_946418.csv
3016214,synthetic_4,90,1750889588.7199197,1751153675.9432075,264087.22328805923,1751153680.256511,4.313303470611572,1751153683.8216188,264095.10169911385,False,False,False,False,consumer_pod0_proc1_20250628_233435_946418.csv
3016224,synthetic_4,83,1750889588.7202508,1751153675.943214,264087.2229630947,1751153680.256511,4.3132970333099365,1751153683.8216188,264095.10136795044,False,False,False,False,consumer_pod0_proc1_20250628_233435_946418.csv
3016234,synthetic_4,95,1750889588.720672,1751153675.94322,264087.2225482464,1751153680.256511,4.313291072845459,1751153683.8216188,264095.1009469032,False,False,False,False,consumer_pod0_proc1_20250628_233435_946418.csv
3016244,synthetic_4,88,1750889588.721004,1751153675.9432266,264087.2222225666,1751153680.256511,4.313284397125244,1751153683.8216188,264095.10061478615,False,False,False,False,consumer_pod0_proc1_20250628_233435_946418.csv
3016254,synthetic_4,98,1750889588.7213078,1751153675.943233,264087.22192525864,1751153680.256511,4.313277959823608,1751153683.8216188,264095.1003110409,False,False,False,False,consumer_pod0_proc1_20250628_233435_946418.csv
3016264,synthetic_4,97,1750889588.7216456,1751153675.9432397,264087.2215938568,1751153680.256511,4.3132712841033936,1751153683.8216188,264095.09997320175,False,False,False,False,consumer_pod0_proc1_20250628_233435_946418.csv
3016274,synthetic_4,84,1750889588.7219164,1751153675.943246,264087.2213294506,1751153680.256511,4.313265085220337,1751153683.8216188,264095.09970235825,False,False,False,False,consumer_pod0_proc1_20250628_233435_946418.csv
3162924,synthetic_4,96,1750889588.922111,1751153675.943252,264087.02114105225,1751153680.256511,4.31325888633728,1751153683.8216188,264094.899507761,False,False,False,False,consumer_pod0_proc1_20250628_233435_946418.csv
3162934,synthetic_4,84,1750889588.9222858,1751153675.9432583,264087.0209724903,1751153680.256511,4.313252687454224,1751153683.8216188,264094.8993330002,False,False,False,False,consumer_pod0_proc1_20250628_233435_946418.csv
3162944,synthetic_4,84,1750889588.9224834,1751153675.9432645,264087.0207810402,1751153680.256511,4.313246488571167,1751153683.8216188,264094.8991353512,False,False,False,False,consumer_pod0_proc1_20250628_233435_946418.csv
3162954,synthetic_4,104,1750889588.9226782,1751153675.943271,264087.0205926895,1751153680.256511,4.313240051269531,1751153683.8216188,264094.8989405632,False,False,False,False,consumer_pod0_proc1_20250628_233435_946418.csv
3162964,synthetic_4,83,1750889588.9228623,1751153675.9432776,264087.0204153061,1751153680.256511,4.313233375549316,1751153683.8216188,264094.89875650406,False,False,False,False,consumer_pod0_proc1_20250628_233435_946418.csv
3162974,synthetic_4,84,1750889588.9230847,1751153675.943284,264087.02019929886,1751153680.256511,4.313226938247681,1751153683.8216188,264094.8985340595,False,False,False,False,consumer_pod0_proc1_20250628_233435_946418.csv
3162984,synthetic_4,102,1750889588.9233174,1751153675.94329,264087.0199725628,1751153680.256511,4.313220977783203,1751153683.8216188,264094.898301363,False,False,False,False,consumer_pod0_proc1_20250628_233435_946418.csv
3162994,synthetic_4,90,1750889588.9235392,1751153675.943297,264087.01975750923,1751153680.256511,4.313214063644409,1751153683.8216188,264094.8980796337,False,False,False,False,consumer_pod0_proc1_20250628_233435_946418.csv
3163004,synthetic_4,97,1750889588.923711,1751153675.9433029,264087.0195918083,1751153680.256511,4.313208103179932,1751153683.8216188,264094.8979077339,False,False,False,False,consumer_pod0_proc1_20250628_233435_946418.csv
3163014,synthetic_4,98,1750889588.9239364,1751153675.9433093,264087.01937294006,1751153680.256511,4.313201665878296,1751153683.8216188,264094.89768242836,False,False,False,False,consumer_pod0_proc1_20250628_233435_946418.csv
3163024,synthetic_4,105,1750889588.9242916,1751153675.943316,264087.0190243721,1751153680.256511,4.313194990158081,1751153683.8216188,264094.8973271847,False,False,False,False,consumer_pod0_proc1_20250628_233435_946418.csv
3163034,synthetic_4,89,1750889588.9246397,1751153675.943323,264087.0186829567,1751153680.256511,4.313188076019287,1751153683.8216188,264094.89697909355,False,False,False,False,consumer_pod0_proc1_20250628_233435_946418.csv
3163044,synthetic_4,102,1750889588.9248655,1751153675.943329,264087.0184633732,1751153680.256511,4.313181877136231,1751153683.8216188,264094.89675331116,False,False,False,False,consumer_pod0_proc1_20250628_233435_946418.csv
3163054,synthetic_4,91,1750889588.9251113,1751153675.9433355,264087.0182242393,1751153680.256511,4.313175439834595,1751153683.8216188,264094.8965075016,False,False,False,False,consumer_pod0_proc1_20250628_233435_946418.csv
3163064,synthetic_4,104,1750889588.9253554,1751153675.9433415,264087.0179860592,1751153680.256511,4.313169479370117,1751153683.8216188,264094.896263361,False,False,False,False,consumer_pod0_proc1_20250628_233435_946418.csv
3163074,synthetic_4,98,1750889588.9255614,1751153675.9433482,264087.01778674126,1751153680.256511,4.313162803649902,1751153683.8216188,264094.8960573673,False,False,False,False,consumer_pod0_proc1_20250628_233435_946418.csv
3163084,synthetic_4,94,1750889588.9258325,1751153675.9433546,264087.01752209663,1751153680.256511,4.313156366348267,1751153683.8216188,264094.8957862854,False,False,False,False,consumer_pod0_proc1_20250628_233435_946418.csv
3163094,synthetic_4,102,1750889588.9260652,1751153675.943361,264087.0172958374,1751153680.256511,4.313149929046631,1751153683.8216188,264094.89555358887,False,False,False,False,consumer_pod0_proc1_20250628_233435_946418.csv
3163104,synthetic_4,104,1750889588.9262698,1751153675.9433675,264087.01709795,1751153680.256511,4.313143491744995,1751153683.8216188,264094.8953490257,False,False,False,False,consumer_pod0_proc1_20250628_233435_946418.csv
3163114,synthetic_4,94,1750889588.92648,1751153675.9433742,264087.0168941021,1751153680.256511,4.31313681602478,1751153683.8216188,264094.89513874054,False,False,False,False,consumer_pod0_proc1_20250628_233435_946418.csv
3163124,synthetic_4,102,1750889588.926673,1751153675.9433808,264087.0167078972,1751153680.256511,4.313130140304565,1751153683.8216188,264094.8949458599,False,False,False,False,consumer_pod0_proc1_20250628_233435_946418.csv
3163134,synthetic_4,82,1750889588.926889,1751153675.9433875,264087.0164988041,1751153680.256511,4.313123464584351,1751153683.8216188,264094.8947298527,False,False,False,False,consumer_pod0_proc1_20250628_233435_946418.csv
3163144,synthetic_4,83,1750889588.9270737,1751153675.9433937,264087.0163202286,1751153680.256511,4.313117265701294,1751153683.8216188,264094.8945450783,False,False,False,False,consumer_pod0_proc1_20250628_233435_946418.csv
3163154,synthetic_4,103,1750889588.9272296,1751153675.9434,264087.0161705017,1751153680.256511,4.313111066818237,1751153683.8216188,264094.8943891525,False,False,False,False,consumer_pod0_proc1_20250628_233435_946418.csv
3163164,synthetic_4,104,1750889588.927379,1751153675.9434066,264087.0160279274,1751153680.256511,4.313104391098023,1751153683.8216188,264094.8942399025,False,False,False,False,consumer_pod0_proc1_20250628_233435_946418.csv
3163174,synthetic_4,96,1750889588.927537,1751153675.9434147,264087.0158777237,1751153680.256511,4.313096284866333,1751153683.8216188,264094.894081831,False,False,False,False,consumer_pod0_proc1_20250628_233435_946418.csv
3163184,synthetic_4,97,1750889588.9276876,1751153675.9434223,264087.01573467255,1751153680.256511,4.313088655471802,1751153683.8216188,264094.89393115044,False,False,False,False,consumer_pod0_proc1_20250628_233435_946418.csv
3163194,synthetic_4,84,1750889588.9278364,1751153675.9434292,264087.0155928135,1751153680.256511,4.313081741333008,1751153683.8216188,264094.89378237724,False,False,False,False,consumer_pod0_proc1_20250628_233435_946418.csv
3163204,synthetic_4,104,1750889588.9279866,1751153675.9434369,264087.0154502392,1751153680.256511,4.313074111938477,1751153683.8216188,264094.89363217354,False,False,False,False,consumer_pod0_proc1_20250628_233435_946418.csv
3163214,synthetic_4,89,1750889588.92814,1751153675.9434438,264087.0153038502,1751153680.256511,4.313067197799683,1751153683.8216188,264094.8934788704,False,False,False,False,consumer_pod0_proc1_20250628_233435_946418.csv
3163224,synthetic_4,104,1750889588.9282918,1751153675.94345,264087.0151581764,1751153680.256511,4.313060998916626,1751153683.8216188,264094.89332699776,False,False,False,False,consumer_pod0_proc1_20250628_233435_946418.csv
3163234,synthetic_4,97,1750889588.92845,1751153675.9434564,264087.0150065422,1751153680.256511,4.31305456161499,1751153683.8216188,264094.8931686878,False,False,False,False,consumer_pod0_proc1_20250628_233435_946418.csv
3163244,synthetic_4,104,1750889589.0188603,1751153675.9434628,264086.92460250854,1751153680.256511,4.3130481243133545,1751153683.8216188,264094.8027584553,False,False,False,False,consumer_pod0_proc1_20250628_233435_946418.csv
3163254,synthetic_4,103,1750889589.019343,1751153675.9434695,264086.9241268635,1751153680.256511,4.31304144859314,1751153683.8216188,264094.8022758961,False,False,False,False,consumer_pod0_proc1_20250628_233435_946418.csv
3163264,synthetic_4,82,1750889589.019621,1751153675.9434762,264086.92385554314,1751153680.256511,4.313034772872925,1751153683.8216188,264094.8019979,False,False,False,False,consumer_pod0_proc1_20250628_233435_946418.csv
3163274,synthetic_4,82,1750889589.0198584,1751153675.9434826,264086.9236242771,1751153680.256511,4.313028335571289,1751153683.8216188,264094.8017604351,False,False,False,False,consumer_pod0_proc1_20250628_233435_946418.csv
3163284,synthetic_4,99,1750889589.0201185,1751153675.943489,264086.92337059975,1751153680.256511,4.313021898269653,1751153683.8216188,264094.80150032043,False,False,False,False,consumer_pod0_proc1_20250628_233435_946418.csv
3163294,synthetic_4,84,1750889589.0204062,1751153675.943496,264086.92308974266,1751153680.256511,4.313014984130859,1751153683.8216188,264094.8012125492,False,False,False,False,consumer_pod0_proc1_20250628_233435_946418.csv
3163304,synthetic_4,102,1750889589.0207565,1751153675.9435024,264086.92274594307,1751153680.256511,4.313008546829224,1751153683.8216188,264094.8008623123,False,False,False,False,consumer_pod0_proc1_20250628_233435_946418.csv
3163314,synthetic_4,84,1750889589.0210123,1751153675.9435086,264086.9224963188,1751153680.256511,4.313002347946167,1751153683.8216188,264094.8006064892,False,False,False,False,consumer_pod0_proc1_20250628_233435_946418.csv
3163324,synthetic_4,83,1750889589.0213032,1751153675.943515,264086.92221188545,1751153680.256511,4.312995910644531,1751153683.8216188,264094.8003156185,False,False,False,False,consumer_pod0_proc1_20250628_233435_946418.csv
3163334,synthetic_4,84,1750889589.0215502,1751153675.9435213,264086.9219710827,1751153680.256511,4.312989711761475,1751153683.8216188,264094.80006861687,False,False,False,False,consumer_pod0_proc1_20250628_233435_946418.csv
3163344,synthetic_4,101,1750889589.0220306,1751153675.9435277,264086.9214971065,1751153680.256511,4.312983274459839,1751153683.8216188,264094.79958820343,False,False,False,False,consumer_pod0_proc1_20250628_233435_946418.csv
3163354,synthetic_4,105,1750889589.0222845,1751153675.9435344,264086.9212498665,1751153680.256511,4.312976598739624,1751153683.8216188,264094.79933428764,False,False,False,False,consumer_pod0_proc1_20250628_233435_946418.csv
3163364,synthetic_4,84,1750889589.0225575,1751153675.9435408,264086.9209830761,1751153680.256511,4.312970161437988,1751153683.8216188,264094.79906129837,False,False,False,False,consumer_pod0_proc1_20250628_233435_946418.csv
3163374,synthetic_4,90,1750889589.022817,1751153675.9435472,264086.9207305908,1751153680.256511,4.3129637241363525,1751153683.8216188,264094.79880189896,False,False,False,False,consumer_pod0_proc1_20250628_233435_946418.csv
3163384,synthetic_4,84,1750889589.0230663,1751153675.9435532,264086.92048692703,1751153680.256511,4.312957763671875,1751153683.8216188,264094.7985525131,False,False,False,False,consumer_pod0_proc1_20250628_233435_946418.csv
3163394,synthetic_4,82,1750889589.023275,1751153675.9435596,264086.9202849865,1751153680.256511,4.312951326370239,1751153683.8216188,264094.79834389687,False,False,False,False,consumer_pod0_proc1_20250628_233435_946418.csv
3163404,synthetic_4,82,1750889589.0234754,1751153675.9435663,264086.9200909138,1751153680.256511,4.312944650650024,1751153683.8216188,264094.79814338684,False,False,False,False,consumer_pod0_proc1_20250628_233435_946418.csv
3163414,synthetic_4,83,1750889589.023649,1751153675.9435732,264086.9199242592,1751153680.256511,4.312937736511231,1751153683.8216188,264094.7979698181,False,False,False,False,consumer_pod0_proc1_20250628_233435_946418.csv
3163424,synthetic_4,98,1750889589.0239017,1751153675.9435797,264086.9196779728,1751153680.256511,4.312931299209595,1751153683.8216188,264094.7977170944,False,False,False,False,consumer_pod0_proc1_20250628_233435_946418.csv
3163434,synthetic_4,83,1750889589.0240974,1751153675.943586,264086.91948866844,1751153680.256511,4.312924861907959,1751153683.8216188,264094.79752135277,False,False,False,False,consumer_pod0_proc1_20250628_233435_946418.csv
3163444,synthetic_4,103,1750889589.024253,1751153675.9435923,264086.91933965683,1751153680.256511,4.312918663024902,1751153683.8216188,264094.79736590385,False,False,False,False,consumer_pod0_proc1_20250628_233435_946418.csv
3163454,synthetic_4,105,1750889589.0244029,1751153675.943599,264086.91919612885,1751153680.256511,4.312911987304688,1751153683.8216188,264094.79721593857,False,False,False,False,consumer_pod0_proc1_20250628_233435_946418.csv
3163464,synthetic_4,91,1750889589.0245707,1751153675.9436057,264086.9190349579,1751153680.256511,4.312905311584473,1751153683.8216188,264094.7970480919,False,False,False,False,consumer_pod0_proc1_20250628_233435_946418.csv
3163474,synthetic_4,91,1750889589.0247169,1751153675.9436123,264086.918895483,1751153680.256511,4.312898635864258,1751153683.8216188,264094.7969019413,False,False,False,False,consumer_pod0_proc1_20250628_233435_946418.csv
3163484,synthetic_4,102,1750889589.024861,1751153675.9436188,264086.91875743866,1751153680.256511,4.312892198562622,1751153683.8216188,264094.79675769806,False,False,False,False,consumer_pod0_proc1_20250628_233435_946418.csv
3163494,synthetic_4,103,1750889589.0250096,1751153675.9436257,264086.918615818,1751153680.256511,4.312885284423828,1751153683.8216188,264094.7966091633,False,False,False,False,consumer_pod0_proc1_20250628_233435_946418.csv
3163504,synthetic_4,104,1750889589.0251565,1751153675.943632,264086.9184753895,1751153680.256511,4.312879085540772,1751153683.8216188,264094.79646229744,False,False,False,False,consumer_pod0_proc1_20250628_233435_946418.csv
3163514,synthetic_4,105,1750889589.0253038,1751153675.9436386,264086.9183347225,1751153680.256511,4.312872409820557,1751153683.8216188,264094.79631495476,False,False,False,False,consumer_pod0_proc1_20250628_233435_946418.csv
3163524,synthetic_4,89,1750889589.0254478,1751153675.943645,264086.918197155,1751153680.256511,4.312865972518921,1751153683.8216188,264094.79617094994,False,False,False,False,consumer_pod0_proc1_20250628_233435_946418.csv
3163534,synthetic_4,91,1750889589.0255947,1751153675.9436514,264086.91805672646,1751153680.256511,4.312859535217285,1751153683.8216188,264094.7960240841,False,False,False,False,consumer_pod0_proc1_20250628_233435_946418.csv
3163544,synthetic_4,83,1750889589.0257423,1751153675.9436576,264086.9179151058,1751153680.256511,4.3128533363342285,1751153683.8216188,264094.795876503,False,False,False,False,consumer_pod0_proc1_20250628_233435_946418.csv
3163554,synthetic_4,87,1750889589.025894,1751153675.9436638,264086.9177699089,1751153680.256511,4.312847137451172,1751153683.8216188,264094.7957248688,False,False,False,False,consumer_pod0_proc1_20250628_233435_946418.csv
3163564,synthetic_4,97,1750889589.0260448,1751153675.9436705,264086.91762542725,1751153680.256511,4.312840461730957,1751153683.8216188,264094.7955739498,False,False,False,False,consumer_pod0_proc1_20250628_233435_946418.csv
3163574,synthetic_4,83,1750889589.026197,1751153675.9436767,264086.9174797535,1751153680.256511,4.3128342628479,1751153683.8216188,264094.79542183876,False,False,False,False,consumer_pod0_proc1_20250628_233435_946418.csv
3163584,synthetic_4,104,1750889589.0263498,1751153675.943683,264086.91733312607,1751153680.256511,4.312828063964844,1751153683.8216188,264094.79526901245,False,False,False,False,consumer_pod0_proc1_20250628_233435_946418.csv
3163594,synthetic_4,104,1750889589.0265005,1751153675.943689,264086.9171886444,1751153680.256511,4.312821865081787,1751153683.8216188,264094.7951183319,False,False,False,False,consumer_pod0_proc1_20250628_233435_946418.csv
3163604,synthetic_4,105,1750889589.0266562,1751153675.9436958,264086.9170396328,1751153680.256511,4.312815189361572,1751153683.8216188,264094.7949626446,False,False,False,False,consumer_pod0_proc1_20250628_233435_946418.csv
3163614,synthetic_4,88,1750889589.026801,1751153675.9437025,264086.91690135,1751153680.256511,4.312808513641357,1751153683.8216188,264094.7948176861,False,False,False,False,consumer_pod0_proc1_20250628_233435_946418.csv
3163624,synthetic_4,104,1750889589.026949,1751153675.943709,264086.9167599678,1751153680.256511,4.312802076339722,1751153683.8216188,264094.79466986656,False,False,False,False,consumer_pod0_proc1_20250628_233435_946418.csv
3163634,synthetic_4,96,1750889589.027099,1751153675.9437156,264086.91661691666,1751153680.256511,4.312795400619507,1751153683.8216188,264094.7945199013,False,False,False,False,consumer_pod0_proc1_20250628_233435_946418.csv
3163644,synthetic_4,103,1750889589.0272522,1751153675.9437222,264086.9164700508,1751153680.256511,4.312788724899292,1751153683.8216188,264094.79436659813,False,False,False,False,consumer_pod0_proc1_20250628_233435_946418.csv
3163654,synthetic_4,102,1750889589.027406,1751153675.943729,264086.91632294655,1751153680.256511,4.312782049179077,1751153683.8216188,264094.79421281815,False,False,False,False,consumer_pod0_proc1_20250628_233435_946418.csv
3163664,synthetic_4,105,1750889589.0275612,1751153675.9437356,264086.9161744118,1751153680.256511,4.312775373458862,1751153683.8216188,264094.79405760765,False,False,False,False,consumer_pod0_proc1_20250628_233435_946418.csv
3163674,synthetic_4,105,1750889589.0277123,1751153675.9437425,264086.9160299301,1751153680.256511,4.312768459320068,1751153683.8216188,264094.7939064503,False,False,False,False,consumer_pod0_proc1_20250628_233435_946418.csv
3163684,synthetic_4,83,1750889589.0278666,1751153675.9437487,264086.9158821106,1751153680.256511,4.312762260437012,1751153683.8216188,264094.79375219345,False,False,False,False,consumer_pod0_proc1_20250628_233435_946418.csv
3163694,synthetic_4,90,1750889589.0280175,1751153675.9437551,264086.91573762894,1751153680.256511,4.312755823135376,1751153683.8216188,264094.7936012745,False,False,False,False,consumer_pod0_proc1_20250628_233435_946418.csv
3163704,synthetic_4,91,1750889589.0281718,1751153675.9437616,264086.9155898094,1751153680.256511,4.31274938583374,1751153683.8216188,264094.79344701767,False,False,False,False,consumer_pod0_proc1_20250628_233435_946418.csv
3163714,synthetic_4,96,1750889589.0283237,1751153675.943768,264086.9154443741,1751153680.256511,4.3127429485321045,1751153683.8216188,264094.79329514503,False,False,False,False,consumer_pod0_proc1_20250628_233435_946418.csv
3163724,synthetic_4,95,1750889589.116568,1751153675.9437742,264086.8272061348,1751153680.256511,4.312736749649048,1751153683.8216188,264094.70505070686,False,False,False,False,consumer_pod0_proc1_20250628_233435_946418.csv
3163734,synthetic_4,97,1750889589.118297,1751153675.943781,264086.825483799,1751153680.256511,4.312730073928833,1751153683.8216188,264094.7033216953,False,False,False,False,consumer_pod0_proc1_20250628_233435_946418.csv
3163744,synthetic_4,103,1750889589.1185498,1751153675.943787,264086.82523727417,1751153680.256511,4.312723875045776,1751153683.8216188,264094.70306897163,False,False,False,False,consumer_pod0_proc1_20250628_233435_946418.csv
3163754,synthetic_4,104,1750889589.118787,1751153675.9437938,264086.8250067234,1751153680.256511,4.3127171993255615,1751153683.8216188,264094.70283174515,False,False,False,False,consumer_pod0_proc1_20250628_233435_946418.csv
3163764,synthetic_4,90,1750889589.119023,1751153675.9438,264086.8247766495,1751153680.256511,4.312711000442505,1751153683.8216188,264094.70259571075,False,False,False,False,consumer_pod0_proc1_20250628_233435_946418.csv
3163774,synthetic_4,84,1750889589.1192646,1751153675.9438064,264086.8245418072,1751153680.256511,4.312704563140869,1751153683.8216188,264094.70235419273,False,False,False,False,consumer_pod0_proc1_20250628_233435_946418.csv
3163784,synthetic_4,97,1750889589.1194942,1751153675.9438126,264086.82431840897,1751153680.256511,4.3126983642578125,1751153683.8216188,264094.70212459564,False,False,False,False,consumer_pod0_proc1_20250628_233435_946418.csv
3163794,synthetic_4,89,1750889589.119744,1751153675.9438193,264086.824075222,1751153680.256511,4.312691688537598,1751153683.8216188,264094.701874733,False,False,False,False,consumer_pod0_proc1_20250628_233435_946418.csv
3163804,synthetic_4,90,1750889589.120005,1751153675.9438255,264086.8238208294,1751153680.256511,4.312685489654541,1751153683.8216188,264094.70161390305,False,False,False,False,consumer_pod0_proc1_20250628_233435_946418.csv
3163814,synthetic_4,96,1750889589.1202495,1751153675.943832,264086.8235824108,1751153680.256511,4.312679052352905,1751153683.8216188,264094.7013692856,False,False,False,False,consumer_pod0_proc1_20250628_233435_946418.csv
3167794,synthetic_4,91,1750889590.2225485,1751153675.943838,264085.7212896347,1751153680.256511,4.312673091888428,1751153683.8216188,264093.5990703106,False,False,False,False,consumer_pod0_proc1_20250628_233435_946418.csv
3167804,synthetic_4,81,1750889590.222789,1751153675.9438446,264085.72105550766,1751153680.256511,4.312666416168213,1751153683.8216188,264093.59882974625,False,False,False,False,consumer_pod0_proc1_20250628_233435_946418.csv
3167814,synthetic_4,104,1750889590.2230227,1751153675.9438508,264085.72082805634,1751153680.256511,4.312660217285156,1751153683.8216188,264093.59859609604,False,False,False,False,consumer_pod0_proc1_20250628_233435_946418.csv
3167824,synthetic_4,83,1750889590.2232676,1751153675.9438574,264085.7205898762,1751153680.256511,4.312653541564941,1751153683.8216188,264093.59835124016,False,False,False,False,consumer_pod0_proc1_20250628_233435_946418.csv
3167834,synthetic_4,89,1750889590.22342,1751153675.9438636,264085.7204437256,1751153680.256511,4.312647342681885,1751153683.8216188,264093.5981988907,False,False,False,False,consumer_pod0_proc1_20250628_233435_946418.csv
3167844,synthetic_4,83,1750889590.2235827,1751153675.9438696,264085.72028684616,1751153680.256511,4.312641382217407,1751153683.8216188,264093.5980360508,False,False,False,False,consumer_pod0_proc1_20250628_233435_946418.csv
3167854,synthetic_4,98,1750889590.2237468,1751153675.943876,264085.7201292515,1751153680.256511,4.312634944915772,1751153683.8216188,264093.5978720188,False,False,False,False,consumer_pod0_proc1_20250628_233435_946418.csv
3167864,synthetic_4,84,1750889590.223915,1751153675.9438825,264085.71996712685,1751153680.256511,4.312628507614136,1751153683.8216188,264093.5977036953,False,False,False,False,consumer_pod0_proc1_20250628_233435_946418.csv
3167874,synthetic_4,80,1750889590.224065,1751153675.943889,264085.71982359886,1751153680.256511,4.3126220703125,1751153683.8216188,264093.59755373,False,False,False,False,consumer_pod0_proc1_20250628_233435_946418.csv
3167884,synthetic_4,83,1750889590.2242095,1751153675.943895,264085.7196857929,1751153680.256511,4.312615871429443,1751153683.8216188,264093.59740924835,False,False,False,False,consumer_pod0_proc1_20250628_233435_946418.csv
3167894,synthetic_4,91,1750889590.2243545,1751153675.9439015,264085.7195470333,1751153680.256511,4.312609434127808,1751153683.8216188,264093.59726428986,False,False,False,False,consumer_pod0_proc1_20250628_233435_946418.csv
3167904,synthetic_4,105,1750889590.2245193,1751153675.9439075,264085.7193884849,1751153680.256511,4.31260347366333,1751153683.8216188,264093.5970995426,False,False,False,False,consumer_pod0_proc1_20250628_233435_946418.csv
3167914,synthetic_4,103,1750889590.22467,1751153675.9439142,264085.7192442417,1751153680.256511,4.312596797943115,1751153683.8216188,264093.5969488621,False,False,False,False,consumer_pod0_proc1_20250628_233435_946418.csv
3167924,synthetic_4,97,1750889590.2248185,1751153675.9439206,264085.71910214424,1751153680.256511,4.31259036064148,1751153683.8216188,264093.5968003273,False,False,False,False,consumer_pod0_proc1_20250628_233435_946418.csv
3167934,synthetic_4,82,1750889590.2249577,1751153675.943927,264085.7189693451,1751153680.256511,4.312583923339844,1751153683.8216188,264093.59666109085,False,False,False,False,consumer_pod0_proc1_20250628_233435_946418.csv
3167944,synthetic_4,105,1750889590.2251034,1751153675.9439335,264085.71883010864,1751153680.256511,4.312577486038208,1751153683.8216188,264093.5965154171,False,False,False,False,consumer_pod0_proc1_20250628_233435_946418.csv
3167954,synthetic_4,89,1750889590.2252593,1751153675.94394,264085.7186806202,1751153680.256511,4.312571048736572,1751153683.8216188,264093.59635949135,False,False,False,False,consumer_pod0_proc1_20250628_233435_946418.csv
3167964,synthetic_4,97,1750889590.2254372,1751153675.943946,264085.7185089588,1751153680.256511,4.312565088272095,1751153683.8216188,264093.5961816311,False,False,False,False,consumer_pod0_proc1_20250628_233435_946418.csv
3167974,synthetic_4,84,1750889590.2256134,1751153675.9439526,264085.7183392048,1751153680.256511,4.31255841255188,1751153683.8216188,264093.59600543976,False,False,False,False,consumer_pod0_proc1_20250628_233435_946418.csv
3167984,synthetic_4,90,1750889590.2257907,1751153675.9439588,264085.71816802025,1751153680.256511,4.312552213668823,1751153683.8216188,264093.59582805634,False,False,False,False,consumer_pod0_proc1_20250628_233435_946418.csv
3167994,synthetic_4,83,1750889590.225957,1751153675.9439654,264085.71800875664,1751153680.256511,4.312545537948608,1751153683.8216188,264093.5956618786,False,False,False,False,consumer_pod0_proc1_20250628_233435_946418.csv
3168004,synthetic_4,82,1750889590.226143,1751153675.943972,264085.717828989,1751153680.256511,4.3125388622283936,1751153683.8216188,264093.5954759121,False,False,False,False,consumer_pod0_proc1_20250628_233435_946418.csv
3168014,synthetic_4,83,1750889590.2263155,1751153675.943978,264085.71766233444,1751153680.256511,4.312532901763916,1751153683.8216188,264093.59530329704,False,False,False,False,consumer_pod0_proc1_20250628_233435_946418.csv
3168024,synthetic_4,104,1750889590.2264633,1751153675.9439845,264085.7175209522,1751153680.256511,4.31252646446228,1751153683.8216188,264093.5951554775,False,False,False,False,consumer_pod0_proc1_20250628_233435_946418.csv
3168034,synthetic_4,88,1750889590.2266157,1751153675.943991,264085.7173752785,1751153680.256511,4.3125200271606445,1751153683.8216188,264093.59500312805,False,False,False,False,consumer_pod0_proc1_20250628_233435_946418.csv
3168044,synthetic_4,102,1750889590.2267606,1751153675.9439976,264085.7172369957,1751153680.256511,4.31251335144043,1751153683.8216188,264093.59485816956,False,False,False,False,consumer_pod0_proc1_20250628_233435_946418.csv
3168054,synthetic_4,97,1750889590.2269013,1751153675.944004,264085.71710276604,1751153680.256511,4.312506914138794,1751153683.8216188,264093.5947175026,False,False,False,False,consumer_pod0_proc1_20250628_233435_946418.csv
3168064,synthetic_4,83,1750889590.227045,1751153675.9440105,264085.71696543694,1751153680.256511,4.312500476837158,1751153683.8216188,264093.5945737362,False,False,False,False,consumer_pod0_proc1_20250628_233435_946418.csv
3168074,synthetic_4,89,1750889590.2271888,1751153675.944017,264085.71682810783,1751153680.256511,4.3124940395355225,1751153683.8216188,264093.5944299698,False,False,False,False,consumer_pod0_proc1_20250628_233435_946418.csv
3168084,synthetic_4,82,1750889590.2273338,1751153675.9440234,264085.71668958664,1751153680.256511,4.312487602233887,1751153683.8216188,264093.5942850113,False,False,False,False,consumer_pod0_proc1_20250628_233435_946418.csv
3168094,synthetic_4,91,1750889590.2274818,1751153675.944029,264085.7165474892,1751153680.256511,4.312481880187988,1751153683.8216188,264093.59413695335,False,False,False,False,consumer_pod0_proc1_20250628_233435_946418.csv
3168104,synthetic_4,90,1750889590.227629,1751153675.9440355,264085.7164065838,1751153680.256511,4.3124754428863525,1751153683.8216188,264093.5939898491,False,False,False,False,consumer_pod0_proc1_20250628_233435_946418.csv
3168114,synthetic_4,104,1750889590.2277763,1751153675.9440422,264085.7162659168,1751153680.256511,4.312468767166138,1751153683.8216188,264093.5938425064,False,False,False,False,consumer_pod0_proc1_20250628_233435_946418.csv
3168124,synthetic_4,102,1750889590.2279186,1751153675.944049,264085.71613025665,1751153680.256511,4.312462091445923,1751153683.8216188,264093.5937001705,False,False,False,False,consumer_pod0_proc1_20250628_233435_946418.csv
3168134,synthetic_4,83,1750889590.2280617,1751153675.9440553,264085.7159936428,1751153680.256511,4.312455654144287,1751153683.8216188,264093.59355711937,False,False,False,False,consumer_pod0_proc1_20250628_233435_946418.csv
3168144,synthetic_4,103,1750889590.2282083,1751153675.9440618,264085.7158534527,1751153680.256511,4.312449216842651,1751153683.8216188,264093.59341049194,False,False,False,False,consumer_pod0_proc1_20250628_233435_946418.csv
3168154,synthetic_4,90,1750889590.2283545,1751153675.9440682,264085.7157137394,1751153680.256511,4.312442779541016,1751153683.8216188,264093.59326434135,False,False,False,False,consumer_pod0_proc1_20250628_233435_946418.csv
3168164,synthetic_4,80,1750889590.317,1751153675.9440749,264085.6270749569,1751153680.256511,4.312436103820801,1751153683.8216188,264093.50461888313,False,False,False,False,consumer_pod0_proc1_20250628_233435_946418.csv
3168174,synthetic_4,105,1750889590.3176465,1751153675.944081,264085.6264345646,1751153680.256511,4.312429904937744,1751153683.8216188,264093.50397229195,False,False,False,False,consumer_pod0_proc1_20250628_233435_946418.csv
3168184,synthetic_4,96,1750889590.3178444,1751153675.9440875,264085.6262433529,1751153680.256511,4.312423467636108,1751153683.8216188,264093.5037744045,False,False,False,False,consumer_pod0_proc1_20250628_233435_946418.csv
3168194,synthetic_4,91,1750889590.3180578,1751153675.9440944,264085.626036644,1751153680.256511,4.3124165534973145,1751153683.8216188,264093.5035610199,False,False,False,False,consumer_pod0_proc1_20250628_233435_946418.csv
3168204,synthetic_4,98,1750889590.3183002,1751153675.9441009,264085.6258006096,1751153680.256511,4.312410116195679,1751153683.8216188,264093.5033185482,False,False,False,False,consumer_pod0_proc1_20250628_233435_946418.csv
3168214,synthetic_4,105,1750889590.3186324,1751153675.9441075,264085.6254751682,1751153680.256511,4.312403440475464,1751153683.8216188,264093.5029864311,False,False,False,False,consumer_pod0_proc1_20250628_233435_946418.csv
3168224,synthetic_4,83,1750889590.3188276,1751153675.944114,264085.6252863407,1751153680.256511,4.312397003173828,1751153683.8216188,264093.5027911663,False,False,False,False,consumer_pod0_proc1_20250628_233435_946418.csv
3168234,synthetic_4,97,1750889590.3190334,1751153675.944121,264085.6250874996,1751153680.256511,4.312390089035034,1751153683.8216188,264093.5025854111,False,False,False,False,consumer_pod0_proc1_20250628_233435_946418.csv
3168244,synthetic_4,96,1750889590.3193145,1751153675.9441276,264085.62481307983,1751153680.256511,4.312383413314819,1751153683.8216188,264093.50230431557,False,False,False,False,consumer_pod0_proc1_20250628_233435_946418.csv
3168254,synthetic_4,83,1750889590.319595,1751153675.944134,264085.62453889847,1751153680.256511,4.312376976013184,1751153683.8216188,264093.5020236969,False,False,False,False,consumer_pod0_proc1_20250628_233435_946418.csv
3168264,synthetic_4,90,1750889590.3199656,1751153675.94414,264085.62417435646,1751153680.256511,4.312371015548706,1751153683.8216188,264093.5016531944,False,False,False,False,consumer_pod0_proc1_20250628_233435_946418.csv
3168274,synthetic_4,90,1750889590.3202877,1751153675.9441464,264085.6238589287,1751153680.256511,4.31236457824707,1751153683.8216188,264093.5013310909,False,False,False,False,consumer_pod0_proc1_20250628_233435_946418.csv
3168284,synthetic_4,97,1750889590.3206189,1751153675.9441528,264085.62353396416,1751153680.256511,4.312358140945435,1751153683.8216188,264093.5009999275,False,False,False,False,consumer_pod0_proc1_20250628_233435_946418.csv
3168294,synthetic_4,91,1750889590.3209496,1751153675.944159,264085.6232094765,1751153680.256511,4.312351942062378,1751153683.8216188,264093.50066924095,False,False,False,False,consumer_pod0_proc1_20250628_233435_946418.csv
3168304,synthetic_4,104,1750889590.3212647,1751153675.9441657,264085.6229007244,1751153680.256511,4.312345266342163,1751153683.8216188,264093.5003540516,False,False,False,False,consumer_pod0_proc1_20250628_233435_946418.csv
3168314,synthetic_4,97,1750889590.3215785,1751153675.9441717,264085.62259316444,1751153680.256511,4.3123393058776855,1751153683.8216188,264093.50004029274,False,False,False,False,consumer_pod0_proc1_20250628_233435_946418.csv
3168324,synthetic_4,95,1750889590.322185,1751153675.9441783,264085.6219933033,1751153680.256511,4.312332630157471,1751153683.8216188,264093.4994337559,False,False,False,False,consumer_pod0_proc1_20250628_233435_946418.csv
3168334,synthetic_4,83,1750889590.3226056,1751153675.9441848,264085.6215791702,1751153680.256511,4.312326192855835,1751153683.8216188,264093.4990131855,False,False,False,False,consumer_pod0_proc1_20250628_233435_946418.csv
3168344,synthetic_4,90,1750889590.3230293,1751153675.944191,264085.6211616993,1751153680.256511,4.312319993972778,1751153683.8216188,264093.4985895157,False,False,False,False,consumer_pod0_proc1_20250628_233435_946418.csv
3168354,synthetic_4,96,1750889590.3233693,1751153675.9441972,264085.6208279133,1751153680.256511,4.312313795089722,1751153683.8216188,264093.4982495308,False,False,False,False,consumer_pod0_proc1_20250628_233435_946418.csv
3168364,synthetic_4,90,1750889590.323655,1751153675.944204,264085.62054896355,1751153680.256511,4.312306880950928,1751153683.8216188,264093.49796390533,False,False,False,False,consumer_pod0_proc1_20250628_233435_946418.csv
3168374,synthetic_4,90,1750889590.3240857,1751153675.9442103,264085.6201250553,1751153680.256511,4.312300682067871,1751153683.8216188,264093.49753308296,False,False,False,False,consumer_pod0_proc1_20250628_233435_946418.csv
3168384,synthetic_4,104,1750889590.3243744,1751153675.9442167,264085.6198422909,1751153680.256511,4.312294244766235,1751153683.8216188,264093.49724435806,False,False,False,False,consumer_pod0_proc1_20250628_233435_946418.csv
3168394,synthetic_4,103,1750889590.4205954,1751153675.9442236,264085.52362823486,1751153680.256511,4.312287330627441,1751153683.8216188,264093.4010233879,False,False,False,False,consumer_pod0_proc1_20250628_233435_946418.csv
3168404,synthetic_4,104,1750889590.4209268,1751153675.94423,264085.52330327034,1751153680.256511,4.312280893325806,1751153683.8216188,264093.4006919861,False,False,False,False,consumer_pod0_proc1_20250628_233435_946418.csv
3168414,synthetic_4,103,1750889590.4213445,1751153675.9442368,264085.5228924751,1751153680.256511,4.312274217605591,1751153683.8216188,264093.40027427673,False,False,False,False,consumer_pod0_proc1_20250628_233435_946418.csv
3168424,synthetic_4,83,1750889590.4219737,1751153675.9442434,264085.5222697258,1751153680.256511,4.312267541885376,1751153683.8216188,264093.3996450901,False,False,False,False,consumer_pod0_proc1_20250628_233435_946418.csv
3168434,synthetic_4,104,1750889590.4223533,1751153675.9442496,264085.5218963623,1751153680.256511,4.312261343002319,1751153683.8216188,264093.3992655277,False,False,False,False,consumer_pod0_proc1_20250628_233435_946418.csv
3022164,synthetic_4,84,1750889590.8212447,1751153675.9442563,264085.12301158905,1751153680.256511,4.3122546672821045,1751153683.8216188,264093.00037407875,False,True,False,False,consumer_pod0_proc1_20250628_233435_946418.csv
3022174,synthetic_4,84,1750889590.8216398,1751153675.9442625,264085.12262272835,1751153680.256511,4.312248468399048,1751153683.8216188,264092.99997901917,False,False,False,False,consumer_pod0_proc1_20250628_233435_946418.csv
3022184,synthetic_4,103,1750889590.8220627,1751153675.9442685,264085.12220573425,1751153680.256511,4.31224250793457,1751153683.8216188,264092.9995560646,False,False,False,False,consumer_pod0_proc1_20250628_233435_946418.csv
3022194,synthetic_4,90,1750889590.8224626,1751153675.9442751,264085.121812582,1751153680.256511,4.312235832214356,1751153683.8216188,264092.99915623665,False,False,False,False,consumer_pod0_proc1_20250628_233435_946418.csv
3022204,synthetic_4,93,1750889590.8228304,1751153675.9442816,264085.12145113945,1751153680.256511,4.31222939491272,1751153683.8216188,264092.9987883568,False,False,False,False,consumer_pod0_proc1_20250628_233435_946418.csv
3022214,synthetic_4,84,1750889590.8232248,1751153675.9442885,264085.12106347084,1751153680.256511,4.312222480773926,1751153683.8216188,264092.99839401245,False,False,False,False,consumer_pod0_proc1_20250628_233435_946418.csv
3022224,synthetic_4,104,1750889590.8236396,1751153675.9442945,264085.1206548214,1751153680.256511,4.312216520309448,1751153683.8216188,264092.9979791641,False,False,False,False,consumer_pod0_proc1_20250628_233435_946418.csv
3022234,synthetic_4,91,1750889590.8240602,1751153675.9443011,264085.12024092674,1751153680.256511,4.312209844589233,1751153683.8216188,264092.99755859375,False,False,False,False,consumer_pod0_proc1_20250628_233435_946418.csv
3022244,synthetic_4,90,1750889590.8245132,1751153675.9443076,264085.11979436874,1751153680.256511,4.312203407287598,1751153683.8216188,264092.99710559845,False,False,False,False,consumer_pod0_proc1_20250628_233435_946418.csv
3022254,synthetic_4,91,1750889590.8249288,1751153675.9443138,264085.11938500404,1751153680.256511,4.312197208404541,1751153683.8216188,264092.99669003487,False,False,False,False,consumer_pod0_proc1_20250628_233435_946418.csv
3022264,synthetic_4,89,1750889590.8253572,1751153675.94432,264085.11896276474,1751153680.256511,4.312191009521484,1751153683.8216188,264092.9962615967,False,False,False,False,consumer_pod0_proc1_20250628_233435_946418.csv
3022274,synthetic_4,87,1750889590.825803,1751153675.9443264,264085.1185233593,1751153680.256511,4.312184572219849,1751153683.8216188,264092.99581575394,False,False,False,False,consumer_pod0_proc1_20250628_233435_946418.csv
3022284,synthetic_4,103,1750889590.8261936,1751153675.9443328,264085.11813926697,1751153680.256511,4.312178134918213,1751153683.8216188,264092.9954252243,False,False,False,False,consumer_pod0_proc1_20250628_233435_946418.csv
3022294,synthetic_4,88,1750889590.826631,1751153675.9443395,264085.1177084446,1751153680.256511,4.312171459197998,1751153683.8216188,264092.9949877262,False,False,False,False,consumer_pod0_proc1_20250628_233435_946418.csv
3022304,synthetic_4,91,1750889590.8270173,1751153675.9443462,264085.1173288822,1751153680.256511,4.312164783477783,1751153683.8216188,264092.9946014881,False,False,False,False,consumer_pod0_proc1_20250628_233435_946418.csv
3022314,synthetic_4,90,1750889590.8273482,1751153675.944352,264085.1170039177,1751153680.256511,4.312159061431885,1751153683.8216188,264092.9942705631,False,False,False,False,consumer_pod0_proc1_20250628_233435_946418.csv
3022324,synthetic_4,105,1750889590.8276594,1751153675.9443586,264085.11669921875,1751153680.256511,4.31215238571167,1751153683.8216188,264092.9939594269,False,False,False,False,consumer_pod0_proc1_20250628_233435_946418.csv
3022334,synthetic_4,83,1750889590.827977,1751153675.9443653,264085.1163883209,1751153680.256511,4.312145709991455,1751153683.8216188,264092.99364185333,False,False,False,False,consumer_pod0_proc1_20250628_233435_946418.csv
3022344,synthetic_4,88,1750889590.828294,1751153675.9443717,264085.1160774231,1751153680.256511,4.312139272689819,1751153683.8216188,264092.9933247566,False,False,False,False,consumer_pod0_proc1_20250628_233435_946418.csv
3022354,synthetic_4,91,1750889590.9191265,1751153675.944378,264085.02525162697,1751153680.256511,4.312133073806763,1751153683.8216188,264092.9024922848,False,False,False,False,consumer_pod0_proc1_20250628_233435_946418.csv
3022364,synthetic_4,95,1750889590.921614,1751153675.9443846,264085.02277064323,1751153680.256511,4.312126398086548,1751153683.8216188,264092.90000486374,False,False,False,False,consumer_pod0_proc1_20250628_233435_946418.csv
3022374,synthetic_4,83,1750889590.922068,1751153675.944391,264085.02232289314,1751153680.256511,4.312119960784912,1751153683.8216188,264092.89955067635,False,False,False,False,consumer_pod0_proc1_20250628_233435_946418.csv
3022384,synthetic_4,102,1750889590.922541,1751153675.9443972,264085.021856308,1751153680.256511,4.312113761901856,1751153683.8216188,264092.8990778923,False,False,False,False,consumer_pod0_proc1_20250628_233435_946418.csv
3022394,synthetic_4,94,1750889590.923205,1751153675.944404,264085.0211992264,1751153680.256511,4.312107086181641,1751153683.8216188,264092.89841389656,False,False,False,False,consumer_pod0_proc1_20250628_233435_946418.csv
3022404,synthetic_4,95,1750889590.923676,1751153675.9444108,264085.020734787,1751153680.256511,4.312100172042847,1751153683.8216188,264092.89794278145,False,False,False,False,consumer_pod0_proc1_20250628_233435_946418.csv
3022414,synthetic_4,102,1750889590.9241917,1751153675.9444172,264085.0202255249,1751153680.256511,4.312093734741211,1751153683.8216188,264092.89742708206,False,False,False,False,consumer_pod0_proc1_20250628_233435_946418.csv
3169804,synthetic_4,89,1750889590.8233776,1751153675.9444242,264085.1210465431,1751153680.256511,4.312086820602417,1751153683.8216188,264092.99824118614,False,False,False,False,consumer_pod0_proc1_20250628_233435_946418.csv
3169814,synthetic_4,97,1750889590.8237069,1751153675.9444304,264085.12072348595,1751153680.256511,4.31208062171936,1751153683.8216188,264092.9979119301,False,False,False,False,consumer_pod0_proc1_20250628_233435_946418.csv
3169824,synthetic_4,84,1750889590.8240829,1751153675.944437,264085.1203541756,1751153680.256511,4.3120739459991455,1751153683.8216188,264092.997535944,False,False,False,False,consumer_pod0_proc1_20250628_233435_946418.csv
3169834,synthetic_4,95,1750889590.824459,1751153675.9444437,264085.1199846268,1751153680.256511,4.312067270278931,1751153683.8216188,264092.99715971947,False,False,False,False,consumer_pod0_proc1_20250628_233435_946418.csv
3169844,synthetic_4,84,1750889590.8248658,1751153675.9444504,264085.1195845604,1751153680.256511,4.312060594558716,1751153683.8216188,264092.9967529774,False,False,False,False,consumer_pod0_proc1_20250628_233435_946418.csv
3169854,synthetic_4,97,1750889590.8252482,1751153675.9444563,264085.11920809746,1751153680.256511,4.312054634094238,1751153683.8216188,264092.99637055397,False,False,False,False,consumer_pod0_proc1_20250628_233435_946418.csv
3169864,synthetic_4,90,1750889590.8256078,1751153675.944463,264085.118855238,1751153680.256511,4.312047958374023,1751153683.8216188,264092.99601101875,False,False,False,False,consumer_pod0_proc1_20250628_233435_946418.csv
3169874,synthetic_4,88,1750889590.8259995,1751153675.9444697,264085.11846995354,1751153680.256511,4.312041282653809,1751153683.8216188,264092.995619297,False,False,False,False,consumer_pod0_proc1_20250628_233435_946418.csv
3169884,synthetic_4,103,1750889590.8263495,1751153675.9444935,264085.1181437969,1751153680.256511,4.312017440795898,1751153683.8216188,264092.99526929855,False,False,False,False,consumer_pod0_proc1_20250628_233435_946418.csv
3169894,synthetic_4,83,1750889590.8267162,1751153675.9445004,264085.1177842617,1751153680.256511,4.3120105266571045,1751153683.8216188,264092.9949026108,False,False,False,False,consumer_pod0_proc1_20250628_233435_946418.csv
3169904,synthetic_4,94,1750889590.827011,1751153675.944507,264085.1174957752,1751153680.256511,4.312004089355469,1751153683.8216188,264092.994607687,False,False,False,False,consumer_pod0_proc1_20250628_233435_946418.csv
3169914,synthetic_4,97,1750889590.8272789,1751153675.9445136,264085.1172347069,1751153680.256511,4.311997413635254,1751153683.8216188,264092.99433994293,False,False,False,False,consumer_pod0_proc1_20250628_233435_946418.csv
3169924,synthetic_4,97,1750889590.827536,1751153675.9445205,264085.11698436737,1751153680.256511,4.31199049949646,1751153683.8216188,264092.9940826893,False,False,False,False,consumer_pod0_proc1_20250628_233435_946418.csv
3169934,synthetic_4,104,1750889590.8277836,1751153675.944527,264085.1167433262,1751153680.256511,4.311984062194824,1751153683.8216188,264092.9938352108,False,False,False,False,consumer_pod0_proc1_20250628_233435_946418.csv
3169944,synthetic_4,83,1750889590.8280303,1751153675.9445336,264085.1165032387,1751153680.256511,4.311977386474609,1751153683.8216188,264092.99358844757,False,False,False,False,consumer_pod0_proc1_20250628_233435_946418.csv
3169954,synthetic_4,97,1750889590.8282866,1751153675.9445398,264085.1162531376,1751153680.256511,4.311971187591553,1751153683.8216188,264092.9933321476,False,False,False,False,consumer_pod0_proc1_20250628_233435_946418.csv
3169964,synthetic_4,104,1750889590.9174013,1751153675.9445462,264085.0271449089,1751153680.256511,4.311964750289917,1751153683.8216188,264092.9042174816,False,False,False,False,consumer_pod0_proc1_20250628_233435_946418.csv
3169974,synthetic_4,102,1750889590.919668,1751153675.944553,264085.0248849392,1751153680.256511,4.311958074569702,1751153683.8216188,264092.9019508362,False,False,False,False,consumer_pod0_proc1_20250628_233435_946418.csv
3169984,synthetic_4,97,1750889590.920013,1751153675.9445598,264085.02454686165,1751153680.256511,4.311951160430908,1751153683.8216188,264092.9016058445,False,False,False,False,consumer_pod0_proc1_20250628_233435_946418.csv
3169994,synthetic_4,97,1750889590.9203722,1751153675.9445665,264085.02419424057,1751153680.256511,4.311944484710693,1751153683.8216188,264092.9012465477,False,False,False,False,consumer_pod0_proc1_20250628_233435_946418.csv
3170004,synthetic_4,104,1750889590.920765,1751153675.9445732,264085.0238082409,1751153680.256511,4.311937808990479,1751153683.8216188,264092.9008538723,False,False,False,False,consumer_pod0_proc1_20250628_233435_946418.csv
3170014,synthetic_4,88,1750889590.9211202,1751153675.9445796,264085.0234594345,1751153680.256511,4.311931371688843,1751153683.8216188,264092.9004986286,False,False,False,False,consumer_pod0_proc1_20250628_233435_946418.csv
3170024,synthetic_4,90,1750889590.9215271,1751153675.944586,264085.0230588913,1751153680.256511,4.311924934387207,1751153683.8216188,264092.9000916481,False,False,False,False,consumer_pod0_proc1_20250628_233435_946418.csv
3170034,synthetic_4,96,1750889590.9219725,1751153675.9445925,264085.0226199627,1751153680.256511,4.311918497085571,1751153683.8216188,264092.8996462822,False,False,False,False,consumer_pod0_proc1_20250628_233435_946418.csv
3170044,synthetic_4,96,1750889590.922383,1751153675.9445992,264085.0222160816,1751153680.256511,4.3119118213653564,1751153683.8216188,264092.8992357254,False,False,False,False,consumer_pod0_proc1_20250628_233435_946418.csv
3170054,synthetic_4,97,1750889590.9229977,1751153675.9446054,264085.0216078758,1751153680.256511,4.3119056224823,1751153683.8216188,264092.8986210823,False,False,False,False,consumer_pod0_proc1_20250628_233435_946418.csv
3170064,synthetic_4,104,1750889590.9234066,1751153675.9446125,264085.0212056637,1751153680.256511,4.311898469924927,1751153683.8216188,264092.89821219444,False,False,False,False,consumer_pod0_proc1_20250628_233435_946418.csv
3170074,synthetic_4,97,1750889590.9238236,1751153675.944619,264085.0207953453,1751153680.256511,4.311892032623291,1751153683.8216188,264092.89779520035,False,False,False,False,consumer_pod0_proc1_20250628_233435_946418.csv
3170084,synthetic_4,97,1750889590.9242437,1751153675.9446256,264085.0203819275,1751153680.256511,4.311885356903076,1751153683.8216188,264092.8973751068,False,False,False,False,consumer_pod0_proc1_20250628_233435_946418.csv
3170094,synthetic_4,97,1750889590.924815,1751153675.944632,264085.0198171139,1751153680.256511,4.31187891960144,1751153683.8216188,264092.8968038559,False,False,False,False,consumer_pod0_proc1_20250628_233435_946418.csv
3170104,synthetic_4,98,1750889590.9253192,1751153675.9446385,264085.01931905746,1751153680.256511,4.311872482299805,1751153683.8216188,264092.8962996006,False,False,False,False,consumer_pod0_proc1_20250628_233435_946418.csv
3170114,synthetic_4,103,1750889590.9256873,1751153675.9446447,264085.0189573765,1751153680.256511,4.311866283416748,1751153683.8216188,264092.8959314823,False,False,False,False,consumer_pod0_proc1_20250628_233435_946418.csv
3170124,synthetic_4,97,1750889590.9259748,1751153675.9446514,264085.0186765194,1751153680.256511,4.311859607696533,1751153683.8216188,264092.8956439495,False,False,False,False,consumer_pod0_proc1_20250628_233435_946418.csv
3170134,synthetic_4,96,1750889590.926263,1751153675.9446585,264085.01839494705,1751153680.256511,4.31185245513916,1751153683.8216188,264092.89535570145,False,False,False,False,consumer_pod0_proc1_20250628_233435_946418.csv
3022424,synthetic_4,89,1750889590.9246562,1751153675.9446645,264085.0200083256,1751153680.256511,4.311846494674683,1751153683.8216188,264092.89696264267,False,True,False,False,consumer_pod0_proc1_20250628_233435_946418.csv
3170144,synthetic_4,84,1750889590.9265058,1751153675.944671,264085.01816511154,1751153680.256511,4.311840057373047,1751153683.8216188,264092.89511299133,False,False,False,False,consumer_pod0_proc1_20250628_233435_946418.csv
3170154,synthetic_4,96,1750889590.9267638,1751153675.9446774,264085.01791357994,1751153680.256511,4.311833620071411,1751153683.8216188,264092.89485502243,False,False,False,False,consumer_pod0_proc1_20250628_233435_946418.csv
3170164,synthetic_4,84,1750889590.927024,1751153675.9446836,264085.01765942574,1751153680.256511,4.3118274211883545,1751153683.8216188,264092.89459490776,False,False,False,False,consumer_pod0_proc1_20250628_233435_946418.csv
3170174,synthetic_4,84,1750889590.9272923,1751153675.94469,264085.01739764214,1751153680.256511,4.311820983886719,1751153683.8216188,264092.89432644844,False,False,False,False,consumer_pod0_proc1_20250628_233435_946418.csv
3170184,synthetic_4,84,1750889590.927544,1751153675.944696,264085.017152071,1751153680.256511,4.311815023422241,1751153683.8216188,264092.8940746784,False,False,False,False,consumer_pod0_proc1_20250628_233435_946418.csv
3170194,synthetic_4,96,1750889590.9277885,1751153675.944702,264085.01691389084,1751153680.256511,4.311809062957764,1751153683.8216188,264092.8938302994,False,False,False,False,consumer_pod0_proc1_20250628_233435_946418.csv
3170204,synthetic_4,94,1750889590.928038,1751153675.9447086,264085.01667046547,1751153680.256511,4.311802387237549,1751153683.8216188,264092.89358091354,False,False,False,False,consumer_pod0_proc1_20250628_233435_946418.csv
3022434,synthetic_4,83,1750889590.9249933,1751153675.944715,264085.01972174644,1751153680.256511,4.311795949935913,1751153683.8216188,264092.8966255188,False,True,False,False,consumer_pod0_proc1_20250628_233435_946418.csv
3170214,synthetic_4,90,1750889590.92829,1751153675.9447212,264085.0164310932,1751153680.256511,4.311789751052856,1751153683.8216188,264092.8933289051,False,False,False,False,consumer_pod0_proc1_20250628_233435_946418.csv
3022444,synthetic_4,83,1750889590.925327,1751153675.9447272,264085.0194001198,1751153680.256511,4.311783790588379,1751153683.8216188,264092.8962917328,False,True,False,False,consumer_pod0_proc1_20250628_233435_946418.csv
3170224,synthetic_4,82,1750889591.016931,1751153675.9447334,264084.9278023243,1751153680.256511,4.311777591705322,1751153683.8216188,264092.8046877384,False,False,False,False,consumer_pod0_proc1_20250628_233435_946418.csv
3022454,synthetic_4,97,1750889590.9255948,1751153675.9447396,264085.0191447735,1751153680.256511,4.311771392822266,1751153683.8216188,264092.8960239887,False,True,False,False,consumer_pod0_proc1_20250628_233435_946418.csv
3170234,synthetic_4,83,1750889591.0197935,1751153675.9447465,264084.924952507,1751153680.256511,4.311764478683472,1751153683.8216188,264092.80182528496,False,False,False,False,consumer_pod0_proc1_20250628_233435_946418.csv
3170244,synthetic_4,91,1750889591.0202348,1751153675.9447527,264084.92451786995,1751153680.256511,4.311758279800415,1751153683.8216188,264092.80138397217,False,False,False,False,consumer_pod0_proc1_20250628_233435_946418.csv
3170254,synthetic_4,105,1750889591.0208955,1751153675.9447591,264084.9238634109,1751153680.256511,4.311751842498779,1751153683.8216188,264092.8007233143,False,False,False,False,consumer_pod0_proc1_20250628_233435_946418.csv
3170264,synthetic_4,97,1750889591.0212555,1751153675.944765,264084.9235095978,1751153680.256511,4.311745882034302,1751153683.8216188,264092.80036330223,False,False,False,False,consumer_pod0_proc1_20250628_233435_946418.csv
3022464,synthetic_4,82,1750889590.9258533,1751153675.9447718,264085.01891851425,1751153680.256511,4.311739206314087,1751153683.8216188,264092.895765543,False,True,False,False,consumer_pod0_proc1_20250628_233435_946418.csv
3170274,synthetic_4,82,1750889591.021667,1751153675.9447782,264084.92311120033,1751153680.256511,4.311732769012451,1751153683.8216188,264092.79995179176,False,False,False,False,consumer_pod0_proc1_20250628_233435_946418.csv
3022474,synthetic_4,83,1750889590.9261177,1751153675.944785,264085.0186674595,1751153680.256511,4.311725854873657,1751153683.8216188,264092.8955011368,False,True,False,False,consumer_pod0_proc1_20250628_233435_946418.csv
3022484,synthetic_4,89,1750889590.9263785,1751153675.9447916,264085.01841306686,1751153680.256511,4.3117194175720215,1751153683.8216188,264092.89524030685,False,False,False,False,consumer_pod0_proc1_20250628_233435_946418.csv
3170284,synthetic_4,84,1750889591.0220912,1751153675.9447982,264084.92270708084,1751153680.256511,4.311712741851807,1751153683.8216188,264092.7995276451,False,False,False,False,consumer_pod0_proc1_20250628_233435_946418.csv
3170294,synthetic_4,98,1750889591.0224962,1751153675.944805,264084.922308445,1751153680.256511,4.311706066131592,1751153683.8216188,264092.79912257195,False,False,False,False,consumer_pod0_proc1_20250628_233435_946418.csv
3170304,synthetic_4,98,1750889591.0228183,1751153675.944811,264084.9219930172,1751153680.256511,4.311699867248535,1751153683.8216188,264092.79880046844,False,False,False,False,consumer_pod0_proc1_20250628_233435_946418.csv
3022494,synthetic_4,90,1750889590.926646,1751153675.9448178,264085.01817178726,1751153680.256511,4.31169319152832,1751153683.8216188,264092.8949728012,False,True,False,False,consumer_pod0_proc1_20250628_233435_946418.csv
3022504,synthetic_4,84,1750889590.9269023,1751153675.944824,264085.0179216862,1751153680.256511,4.311686992645264,1751153683.8216188,264092.89471650124,False,False,False,False,consumer_pod0_proc1_20250628_233435_946418.csv
3022514,synthetic_4,97,1750889590.9271605,1751153675.9448304,264085.0176699161,1751153680.256511,4.311680555343628,1751153683.8216188,264092.8944582939,False,False,False,False,consumer_pod0_proc1_20250628_233435_946418.csv
3022524,synthetic_4,98,1750889590.9274185,1751153675.9448369,264085.0174183845,1751153680.256511,4.311674118041992,1751153683.8216188,264092.894200325,False,False,False,False,consumer_pod0_proc1_20250628_233435_946418.csv
3022534,synthetic_4,97,1750889590.9276774,1751153675.9448435,264085.0171661377,1751153680.256511,4.311667442321777,1751153683.8216188,264092.89394140244,False,False,False,False,consumer_pod0_proc1_20250628_233435_946418.csv
3022544,synthetic_4,83,1750889590.9279356,1751153675.94485,264085.0169143677,1751153680.256511,4.311661005020142,1751153683.8216188,264092.8936831951,False,False,False,False,consumer_pod0_proc1_20250628_233435_946418.csv
3170314,synthetic_4,90,1750889591.0231586,1751153675.9448564,264084.921697855,1751153680.256511,4.311654567718506,1751153683.8216188,264092.79846024513,False,False,False,False,consumer_pod0_proc1_20250628_233435_946418.csv
3022554,synthetic_4,90,1750889590.928191,1751153675.944863,264085.0166721344,1751153680.256511,4.311647891998291,1751153683.8216188,264092.8934278488,False,True,False,False,consumer_pod0_proc1_20250628_233435_946418.csv
3022564,synthetic_4,89,1750889590.92844,1751153675.944869,264085.01642894745,1751153680.256511,4.3116419315338135,1751153683.8216188,264092.8931787014,False,False,False,False,consumer_pod0_proc1_20250628_233435_946418.csv
3022574,synthetic_4,90,1750889590.9286346,1751153675.9448757,264085.0162408352,1751153680.256511,4.311635255813599,1751153683.8216188,264092.89298415184,False,False,False,False,consumer_pod0_proc1_20250628_233435_946418.csv
3022584,synthetic_4,83,1750889590.9287882,1751153675.944882,264085.0160937309,1751153680.256511,4.311629056930542,1751153683.8216188,264092.8928306103,False,False,False,False,consumer_pod0_proc1_20250628_233435_946418.csv
3022594,synthetic_4,104,1750889590.9289374,1751153675.9448884,264085.0159509182,1751153680.256511,4.311622619628906,1751153683.8216188,264092.89268136024,False,False,False,False,consumer_pod0_proc1_20250628_233435_946418.csv
3022604,synthetic_4,89,1750889590.929098,1751153675.9448953,264085.0157971382,1751153680.256511,4.311615705490112,1751153683.8216188,264092.89252090454,False,False,False,False,consumer_pod0_proc1_20250628_233435_946418.csv
3022614,synthetic_4,104,1750889590.9292502,1751153675.9449017,264085.01565146446,1751153680.256511,4.311609268188477,1751153683.8216188,264092.89236855507,False,False,False,False,consumer_pod0_proc1_20250628_233435_946418.csv
3022624,synthetic_4,84,1750889590.9294014,1751153675.9449084,264085.0155069828,1751153680.256511,4.311602592468262,1751153683.8216188,264092.8922173977,False,False,False,False,consumer_pod0_proc1_20250628_233435_946418.csv
3022634,synthetic_4,97,1750889590.929552,1751153675.9449146,264085.01536250114,1751153680.256511,4.311596393585205,1751153683.8216188,264092.89206671715,False,False,False,False,consumer_pod0_proc1_20250628_233435_946418.csv
3022644,synthetic_4,84,1750889590.9296927,1751153675.9449208,264085.01522803307,1751153680.256511,4.311590194702148,1751153683.8216188,264092.8919260502,False,False,False,False,consumer_pod0_proc1_20250628_233435_946418.csv
3022654,synthetic_4,105,1750889590.9298408,1751153675.9449272,264085.01508641243,1751153680.256511,4.311583757400513,1751153683.8216188,264092.89177799225,False,False,False,False,consumer_pod0_proc1_20250628_233435_946418.csv
3022664,synthetic_4,97,1750889590.9299924,1751153675.944934,264085.01494169235,1751153680.256511,4.311577081680298,1751153683.8216188,264092.89162635803,False,False,False,False,consumer_pod0_proc1_20250628_233435_946418.csv
3022674,synthetic_4,88,1750889590.9301474,1751153675.9449406,264085.0147931576,1751153680.256511,4.311570405960083,1751153683.8216188,264092.89147138596,False,False,False,False,consumer_pod0_proc1_20250628_233435_946418.csv
3022684,synthetic_4,90,1750889590.9302957,1751153675.944947,264085.0146512985,1751153680.256511,4.311563968658447,1751153683.8216188,264092.8913230896,False,False,False,False,consumer_pod0_proc1_20250628_233435_946418.csv
3022694,synthetic_4,98,1750889590.9304416,1751153675.9449534,264085.01451182365,1751153680.256511,4.311557531356812,1751153683.8216188,264092.89117717743,False,False,False,False,consumer_pod0_proc1_20250628_233435_946418.csv
3022704,synthetic_4,84,1750889590.930591,1751153675.9449596,264085.01436829567,1751153680.256511,4.311551332473755,1751153683.8216188,264092.891027689,False,False,False,False,consumer_pod0_proc1_20250628_233435_946418.csv
3022714,synthetic_4,91,1750889590.9307387,1751153675.9449658,264085.01422715187,1751153680.256511,4.311545133590698,1751153683.8216188,264092.8908801079,False,False,False,False,consumer_pod0_proc1_20250628_233435_946418.csv
3022724,synthetic_4,96,1750889590.9310637,1751153675.9449725,264085.01390862465,1751153680.256511,4.311538457870483,1751153683.8216188,264092.89055514336,False,False,False,False,consumer_pod0_proc1_20250628_233435_946418.csv
3022734,synthetic_4,83,1750889590.9312143,1751153675.9449787,264085.0137643814,1751153680.256511,4.311532258987427,1751153683.8216188,264092.8904044628,False,False,False,False,consumer_pod0_proc1_20250628_233435_946418.csv
3022744,synthetic_4,84,1750889590.9313595,1751153675.9449852,264085.0136256218,1751153680.256511,4.311525821685791,1751153683.8216188,264092.8902592659,False,False,False,False,consumer_pod0_proc1_20250628_233435_946418.csv
3022754,synthetic_4,97,1750889590.9315047,1751153675.9449914,264085.01348662376,1751153680.256511,4.311519622802734,1751153683.8216188,264092.890114069,False,False,False,False,consumer_pod0_proc1_20250628_233435_946418.csv
3022764,synthetic_4,104,1750889590.9316542,1751153675.9449973,264085.0133430958,1751153680.256511,4.311513662338257,1751153683.8216188,264092.88996458054,False,False,False,False,consumer_pod0_proc1_20250628_233435_946418.csv
3022774,synthetic_4,96,1750889590.9318004,1751153675.9450042,264085.01320385933,1751153680.256511,4.311506748199463,1751153683.8216188,264092.88981842995,False,False,False,False,consumer_pod0_proc1_20250628_233435_946418.csv
3022784,synthetic_4,103,1750889590.931954,1751153675.945011,264085.01305675507,1751153680.256511,4.311500072479248,1751153683.8216188,264092.8896648884,False,False,False,False,consumer_pod0_proc1_20250628_233435_946418.csv
3022794,synthetic_4,90,1750889590.932102,1751153675.945017,264085.01291537285,1751153680.256511,4.311493873596191,1751153683.8216188,264092.88951683044,False,False,False,False,consumer_pod0_proc1_20250628_233435_946418.csv
3022804,synthetic_4,103,1750889590.932257,1751153675.9450235,264085.01276659966,1751153680.256511,4.311487436294556,1751153683.8216188,264092.88936185837,False,False,False,False,consumer_pod0_proc1_20250628_233435_946418.csv
3022814,synthetic_4,105,1750889590.9324174,1751153675.9450302,264085.0126128197,1751153680.256511,4.311480760574341,1751153683.8216188,264092.88920140266,False,False,False,False,consumer_pod0_proc1_20250628_233435_946418.csv
3022824,synthetic_4,90,1750889591.0174503,1751153675.945037,264084.9275865555,1751153680.256511,4.311474084854126,1751153683.8216188,264092.80416846275,False,False,False,False,consumer_pod0_proc1_20250628_233435_946418.csv
3022834,synthetic_4,97,1750889591.0178404,1751153675.9450436,264084.9272031784,1751153680.256511,4.311467409133911,1751153683.8216188,264092.80377840996,False,False,False,False,consumer_pod0_proc1_20250628_233435_946418.csv
3022844,synthetic_4,84,1750889591.0182488,1751153675.94505,264084.9268012047,1751153680.256511,4.311460971832275,1751153683.8216188,264092.80336999893,False,False,False,False,consumer_pod0_proc1_20250628_233435_946418.csv
3022854,synthetic_4,90,1750889591.0185857,1751153675.945057,264084.9264709949,1751153680.256511,4.3114540576934814,1751153683.8216188,264092.8030331135,False,False,False,False,consumer_pod0_proc1_20250628_233435_946418.csv
3022864,synthetic_4,105,1750889591.0189714,1751153675.945063,264084.926091671,1751153680.256511,4.311447858810425,1751153683.8216188,264092.8026473522,False,False,False,False,consumer_pod0_proc1_20250628_233435_946418.csv
2719604,synthetic_4,84,1750889487.4197257,1751153680.3586266,264192.9389009476,1751153683.034392,2.6757655143737797,1751153683.8216188,264196.4018931389,True,True,False,False,consumer_pod0_proc1_20250628_233440_363302.csv
2719614,synthetic_4,91,1750889487.4199398,1751153680.3586886,264192.9387488365,1751153683.034392,2.675703525543213,1751153683.8216188,264196.401679039,True,False,False,False,consumer_pod0_proc1_20250628_233440_363302.csv
2719624,synthetic_4,84,1750889487.4201224,1751153680.358699,264192.9385769367,1751153683.034392,2.6756930351257324,1751153683.8216188,264196.40149641037,True,False,False,False,consumer_pod0_proc1_20250628_233440_363302.csv
2719634,synthetic_4,97,1750889487.4203207,1751153680.3587067,264192.93838596344,1751153683.034392,2.675685405731201,1751153683.8216188,264196.4012980461,True,False,False,False,consumer_pod0_proc1_20250628_233440_363302.csv
2719644,synthetic_4,97,1750889487.4205627,1751153680.358715,264192.93815231323,1751153683.034392,2.6756770610809326,1751153683.8216188,264196.40105605125,True,False,False,False,consumer_pod0_proc1_20250628_233440_363302.csv
2719654,synthetic_4,90,1750889487.420761,1751153680.3587234,264192.9379620552,1751153683.034392,2.675668716430664,1751153683.8216188,264196.400857687,True,False,False,False,consumer_pod0_proc1_20250628_233440_363302.csv
2719664,synthetic_4,90,1750889487.4209864,1751153680.358731,264192.93774461746,1751153683.034392,2.675661087036133,1751153683.8216188,264196.40063238144,True,False,False,False,consumer_pod0_proc1_20250628_233440_363302.csv
2719674,synthetic_4,105,1750889487.421199,1751153680.3587377,264192.9375383854,1751153683.034392,2.675654411315918,1751153683.8216188,264196.40041971207,True,False,False,False,consumer_pod0_proc1_20250628_233440_363302.csv
2719684,synthetic_4,105,1750889487.4214108,1751153680.358745,264192.9373345375,1751153683.034392,2.675647020339966,1751153683.8216188,264196.40020799637,True,False,False,False,consumer_pod0_proc1_20250628_233440_363302.csv
2719694,synthetic_4,84,1750889487.4216356,1751153680.3587527,264192.93711709976,1751153683.034392,2.6756393909454346,1751153683.8216188,264196.39998316765,True,False,False,False,consumer_pod0_proc1_20250628_233440_363302.csv
2719704,synthetic_4,88,1750889487.4218178,1751153680.3587594,264192.9369416237,1751153683.034392,2.67563271522522,1751153683.8216188,264196.39980101585,True,False,False,False,consumer_pod0_proc1_20250628_233440_363302.csv
2719714,synthetic_4,84,1750889487.4219909,1751153680.3587663,264192.93677544594,1751153683.034392,2.675625801086426,1751153683.8216188,264196.39962792397,True,False,False,False,consumer_pod0_proc1_20250628_233440_363302.csv
2719724,synthetic_4,96,1750889487.422167,1751153680.3587732,264192.93660616875,1751153683.034392,2.675618886947632,1751153683.8216188,264196.39945173264,True,False,False,False,consumer_pod0_proc1_20250628_233440_363302.csv
2719734,synthetic_4,84,1750889487.42233,1751153680.35878,264192.9364500046,1751153683.034392,2.675612211227417,1751153683.8216188,264196.39928889275,True,False,False,False,consumer_pod0_proc1_20250628_233440_363302.csv
2719744,synthetic_4,83,1750889487.4224975,1751153680.3587868,264192.93628907204,1751153683.034392,2.675605297088623,1751153683.8216188,264196.3991212845,True,False,False,False,consumer_pod0_proc1_20250628_233440_363302.csv
2719754,synthetic_4,82,1750889487.4226956,1751153680.3587935,264192.93609786034,1751153683.034392,2.675598621368408,1751153683.8216188,264196.39892315865,True,False,False,False,consumer_pod0_proc1_20250628_233440_363302.csv
2719764,synthetic_4,101,1750889487.422891,1751153680.3588002,264192.93590927124,1751153683.034392,2.6755919456481934,1751153683.8216188,264196.39872789383,True,False,False,False,consumer_pod0_proc1_20250628_233440_363302.csv
2719774,synthetic_4,96,1750889487.423091,1751153680.3588078,264192.93571686745,1751153683.034392,2.675584316253662,1751153683.8216188,264196.39852786064,True,False,False,False,consumer_pod0_proc1_20250628_233440_363302.csv
2719784,synthetic_4,101,1750889487.4232564,1751153680.3588145,264192.9355580807,1751153683.034392,2.6755776405334477,1751153683.8216188,264196.39836239815,True,False,False,False,consumer_pod0_proc1_20250628_233440_363302.csv
2719794,synthetic_4,84,1750889487.4234366,1751153680.358822,264192.9353852272,1751153683.034392,2.675570011138916,1751153683.8216188,264196.3981821537,True,False,False,False,consumer_pod0_proc1_20250628_233440_363302.csv
2719804,synthetic_4,89,1750889487.423621,1751153680.3588283,264192.93520736694,1751153683.034392,2.67556381225586,1751153683.8216188,264196.39799785614,True,False,False,False,consumer_pod0_proc1_20250628_233440_363302.csv
2719814,synthetic_4,97,1750889487.4240406,1751153680.3588347,264192.93479418755,1751153683.034392,2.675557374954224,1751153683.8216188,264196.39757823944,True,False,False,False,consumer_pod0_proc1_20250628_233440_363302.csv
2719824,synthetic_4,84,1750889487.4242184,1751153680.3588417,264192.9346232414,1751153683.034392,2.6755504608154297,1751153683.8216188,264196.3974003792,True,False,False,False,consumer_pod0_proc1_20250628_233440_363302.csv
2719834,synthetic_4,99,1750889487.42438,1751153680.3588483,264192.93446826935,1751153683.034392,2.675543785095215,1751153683.8216188,264196.3972387314,True,False,False,False,consumer_pod0_proc1_20250628_233440_363302.csv
2719844,synthetic_4,91,1750889487.4246285,1751153680.358855,264192.9342267513,1751153683.034392,2.675537109375,1751153683.8216188,264196.3969902992,True,False,False,False,consumer_pod0_proc1_20250628_233440_363302.csv
2719854,synthetic_4,103,1750889487.4248157,1751153680.358862,264192.93404626846,1751153683.034392,2.675530195236206,1751153683.8216188,264196.39680314064,True,False,False,False,consumer_pod0_proc1_20250628_233440_363302.csv
2719864,synthetic_4,91,1750889487.4250078,1751153680.358868,264192.933860302,1751153683.034392,2.6755242347717285,1751153683.8216188,264196.39661097527,True,False,False,False,consumer_pod0_proc1_20250628_233440_363302.csv
2719874,synthetic_4,90,1750889487.425216,1751153680.3588748,264192.9336588383,1751153683.034392,2.6755173206329346,1751153683.8216188,264196.39640283585,True,False,False,False,consumer_pod0_proc1_20250628_233440_363302.csv
2719884,synthetic_4,104,1750889487.425406,1751153680.3588812,264192.933475256,1751153683.034392,2.675510883331299,1751153683.8216188,264196.39621281624,True,False,False,False,consumer_pod0_proc1_20250628_233440_363302.csv
2719894,synthetic_4,84,1750889487.4255877,1751153680.358888,264192.9333002568,1751153683.034392,2.675504207611084,1751153683.8216188,264196.3960311413,True,False,False,False,consumer_pod0_proc1_20250628_233440_363302.csv
2719904,synthetic_4,103,1750889487.4257596,1751153680.3588948,264192.9331352711,1751153683.034392,2.67549729347229,1751153683.8216188,264196.3958592415,True,False,False,False,consumer_pod0_proc1_20250628_233440_363302.csv
2719914,synthetic_4,96,1750889487.4259422,1751153680.358902,264192.932959795,1751153683.034392,2.675490140914917,1751153683.8216188,264196.39567661285,True,False,False,False,consumer_pod0_proc1_20250628_233440_363302.csv
2719924,synthetic_4,104,1750889487.4261186,1751153680.358909,264192.9327902794,1751153683.034392,2.675483226776123,1751153683.8216188,264196.3955001831,True,False,False,False,consumer_pod0_proc1_20250628_233440_363302.csv
2719934,synthetic_4,96,1750889487.4263184,1751153680.358916,264192.9325976372,1751153683.034392,2.67547607421875,1751153683.8216188,264196.39530038834,True,False,False,False,consumer_pod0_proc1_20250628_233440_363302.csv
2719944,synthetic_4,102,1750889487.426508,1751153680.3589225,264192.9324145317,1751153683.034392,2.6754696369171143,1751153683.8216188,264196.39511084557,True,False,False,False,consumer_pod0_proc1_20250628_233440_363302.csv
2719954,synthetic_4,83,1750889487.4266934,1751153680.3589292,264192.9322357178,1751153683.034392,2.6754629611968994,1751153683.8216188,264196.3949253559,True,False,False,False,consumer_pod0_proc1_20250628_233440_363302.csv
2719964,synthetic_4,105,1750889487.427014,1751153680.3589354,264192.9319214821,1751153683.034392,2.6754567623138428,1751153683.8216188,264196.3946046829,True,False,False,False,consumer_pod0_proc1_20250628_233440_363302.csv
2719974,synthetic_4,103,1750889487.4271896,1751153680.3589425,264192.93175268173,1751153683.034392,2.6754496097564697,1751153683.8216188,264196.39442920685,True,False,False,False,consumer_pod0_proc1_20250628_233440_363302.csv
2719984,synthetic_4,103,1750889487.4273682,1751153680.358949,264192.93158078194,1751153683.034392,2.675443172454834,1751153683.8216188,264196.39425063133,True,False,False,False,consumer_pod0_proc1_20250628_233440_363302.csv
2719994,synthetic_4,96,1750889487.4275286,1751153680.3589556,264192.93142700195,1751153683.034392,2.675436496734619,1751153683.8216188,264196.3940901756,True,False,False,False,consumer_pod0_proc1_20250628_233440_363302.csv
2720004,synthetic_4,88,1750889487.4276986,1751153680.358962,264192.9312634468,1751153683.034392,2.6754300594329834,1751153683.8216188,264196.3939201832,True,False,False,False,consumer_pod0_proc1_20250628_233440_363302.csv
2720014,synthetic_4,91,1750889487.4278705,1751153680.3589697,264192.9310991764,1751153683.034392,2.675422430038452,1751153683.8216188,264196.3937482834,True,False,False,False,consumer_pod0_proc1_20250628_233440_363302.csv
2720024,synthetic_4,98,1750889487.4280367,1751153680.358976,264192.93093919754,1751153683.034392,2.6754162311553955,1751153683.8216188,264196.39358210564,True,False,False,False,consumer_pod0_proc1_20250628_233440_363302.csv
2720034,synthetic_4,96,1750889487.428209,1751153680.3589828,264192.93077373505,1751153683.034392,2.6754093170166016,1751153683.8216188,264196.393409729,True,False,False,False,consumer_pod0_proc1_20250628_233440_363302.csv
2720044,synthetic_4,105,1750889487.4283829,1751153680.3589904,264192.9306075573,1751153683.034392,2.6754016876220703,1751153683.8216188,264196.39323592186,True,False,False,False,consumer_pod0_proc1_20250628_233440_363302.csv
2720054,synthetic_4,105,1750889487.5196836,1751153680.358997,264192.8393135071,1751153683.034392,2.6753950119018555,1751153683.8216188,264196.3019351959,True,False,False,False,consumer_pod0_proc1_20250628_233440_363302.csv
2720064,synthetic_4,83,1750889487.519954,1751153680.359004,264192.8390500545,1751153683.034392,2.675388097763061,1751153683.8216188,264196.30166482925,True,False,False,False,consumer_pod0_proc1_20250628_233440_363302.csv
2720074,synthetic_4,81,1750889487.5201726,1751153680.3590102,264192.8388376236,1751153683.034392,2.675381898880005,1751153683.8216188,264196.3014461994,True,False,False,False,consumer_pod0_proc1_20250628_233440_363302.csv
2720084,synthetic_4,83,1750889487.5204198,1751153680.359017,264192.83859682083,1751153683.034392,2.67537522315979,1751153683.8216188,264196.30119895935,True,False,False,False,consumer_pod0_proc1_20250628_233440_363302.csv
2720094,synthetic_4,91,1750889487.5207074,1751153680.359023,264192.83831596375,1751153683.034392,2.6753690242767334,1751153683.8216188,264196.30091142654,True,False,False,False,consumer_pod0_proc1_20250628_233440_363302.csv
2720104,synthetic_4,96,1750889487.520881,1751153680.3590298,264192.8381488323,1751153683.034392,2.6753623485565186,1751153683.8216188,264196.3007378578,True,False,False,False,consumer_pod0_proc1_20250628_233440_363302.csv
2720114,synthetic_4,83,1750889487.5210686,1751153680.3590364,264192.8379678726,1751153683.034392,2.675355672836304,1751153683.8216188,264196.3005502224,True,False,False,False,consumer_pod0_proc1_20250628_233440_363302.csv
2720124,synthetic_4,89,1750889487.52124,1751153680.359043,264192.83780288696,1751153683.034392,2.675349235534668,1751153683.8216188,264196.30037879944,True,False,False,False,consumer_pod0_proc1_20250628_233440_363302.csv
2720134,synthetic_4,83,1750889487.521405,1751153680.359049,264192.8376443386,1751153683.034392,2.6753430366516118,1751153683.8216188,264196.3002138138,True,False,False,False,consumer_pod0_proc1_20250628_233440_363302.csv
2720144,synthetic_4,97,1750889487.521561,1751153680.3590553,264192.83749461174,1751153683.034392,2.6753368377685547,1751153683.8216188,264196.30005788803,True,False,False,False,consumer_pod0_proc1_20250628_233440_363302.csv
2720154,synthetic_4,91,1750889487.5217257,1751153680.3590617,264192.8373360634,1751153683.034392,2.675330400466919,1751153683.8216188,264196.2998931408,True,False,False,False,consumer_pod0_proc1_20250628_233440_363302.csv
2720164,synthetic_4,83,1750889487.521879,1751153680.359068,264192.8371889591,1751153683.034392,2.6753242015838623,1751153683.8216188,264196.29973983765,True,False,False,False,consumer_pod0_proc1_20250628_233440_363302.csv
2720174,synthetic_4,97,1750889487.522051,1751153680.3590744,264192.8370230198,1751153683.034392,2.6753177642822266,1751153683.8216188,264196.29956769943,True,False,False,False,consumer_pod0_proc1_20250628_233440_363302.csv
2720184,synthetic_4,104,1750889487.5222363,1751153680.359081,264192.8368446827,1751153683.034392,2.675311088562012,1751153683.8216188,264196.2993824482,True,False,False,False,consumer_pod0_proc1_20250628_233440_363302.csv
2720194,synthetic_4,105,1750889487.5224123,1751153680.3590877,264192.8366751671,1751153683.034392,2.675304412841797,1751153683.8216188,264196.2992064953,True,False,False,False,consumer_pod0_proc1_20250628_233440_363302.csv
2720204,synthetic_4,90,1750889487.5225887,1751153680.3590944,264192.8365056515,1751153683.034392,2.675297737121582,1751153683.8216188,264196.29903006554,True,False,False,False,consumer_pod0_proc1_20250628_233440_363302.csv
2720214,synthetic_4,89,1750889487.5227785,1751153680.3591008,264192.8363223076,1751153683.034392,2.6752912998199463,1751153683.8216188,264196.29884028435,True,False,False,False,consumer_pod0_proc1_20250628_233440_363302.csv
2720224,synthetic_4,103,1750889487.5229445,1751153680.359107,264192.83616256714,1751153683.034392,2.6752851009368896,1751153683.8216188,264196.298674345,True,False,False,False,consumer_pod0_proc1_20250628_233440_363302.csv
2720234,synthetic_4,97,1750889487.523116,1751153680.359114,264192.8359980583,1751153683.034392,2.675278186798096,1751153683.8216188,264196.29850268364,True,False,False,False,consumer_pod0_proc1_20250628_233440_363302.csv
2720244,synthetic_4,82,1750889487.523312,1751153680.3591204,264192.8358082772,1751153683.034392,2.67527174949646,1751153683.8216188,264196.29830670357,True,False,False,False,consumer_pod0_proc1_20250628_233440_363302.csv
2720254,synthetic_4,105,1750889487.5234747,1751153680.359127,264192.8356523514,1751153683.034392,2.675265073776245,1751153683.8216188,264196.2981441021,True,False,False,False,consumer_pod0_proc1_20250628_233440_363302.csv
2720264,synthetic_4,104,1750889487.5236647,1751153680.359134,264192.8354692459,1751153683.034392,2.675258159637451,1751153683.8216188,264196.2979540825,True,False,False,False,consumer_pod0_proc1_20250628_233440_363302.csv
2837794,synthetic_4,89,1750889487.622324,1751153680.3591409,264192.7368168831,1751153683.034392,2.675251245498657,1751153683.8216188,264196.1992948055,True,False,False,False,consumer_pod0_proc1_20250628_233440_363302.csv
2837804,synthetic_4,102,1750889487.6225965,1751153680.3591475,264192.7365510464,1751153683.034392,2.6752445697784424,1751153683.8216188,264196.1990222931,True,False,False,False,consumer_pod0_proc1_20250628_233440_363302.csv
2837814,synthetic_4,90,1750889487.622871,1751153680.3591542,264192.7362833023,1751153683.034392,2.6752378940582275,1751153683.8216188,264196.1987478733,True,False,False,False,consumer_pod0_proc1_20250628_233440_363302.csv
2837824,synthetic_4,104,1750889487.623098,1751153680.359161,264192.7360627651,1751153683.034392,2.6752312183380127,1751153683.8216188,264196.1985208988,True,False,False,False,consumer_pod0_proc1_20250628_233440_363302.csv
2837834,synthetic_4,81,1750889487.62338,1751153680.3591669,264192.7357869148,1751153683.034392,2.675225257873535,1751153683.8216188,264196.19823884964,True,False,False,False,consumer_pod0_proc1_20250628_233440_363302.csv
2837844,synthetic_4,97,1750889487.6236267,1751153680.3591733,264192.7355465889,1751153683.034392,2.6752188205718994,1751153683.8216188,264196.1979920864,True,False,False,False,consumer_pod0_proc1_20250628_233440_363302.csv
2837854,synthetic_4,97,1750889487.623837,1751153680.3591795,264192.735342741,1751153683.034392,2.6752126216888428,1751153683.8216188,264196.1977818012,True,False,False,False,consumer_pod0_proc1_20250628_233440_363302.csv
2837864,synthetic_4,84,1750889487.623989,1751153680.359186,264192.7351965904,1751153683.034392,2.675206184387207,1751153683.8216188,264196.19762969017,True,False,False,False,consumer_pod0_proc1_20250628_233440_363302.csv
2837874,synthetic_4,83,1750889487.6241455,1751153680.359192,264192.7350461483,1751153683.034392,2.675200223922729,1751153683.8216188,264196.1974732876,True,False,False,False,consumer_pod0_proc1_20250628_233440_363302.csv
2837884,synthetic_4,90,1750889487.624298,1751153680.359198,264192.7348997593,1751153683.034392,2.675194025039673,1751153683.8216188,264196.1973206997,True,False,False,False,consumer_pod0_proc1_20250628_233440_363302.csv
2837894,synthetic_4,94,1750889487.624444,1751153680.3592043,264192.73476052284,1751153683.034392,2.675187826156616,1751153683.8216188,264196.1971747875,True,False,False,False,consumer_pod0_proc1_20250628_233440_363302.csv
2837904,synthetic_4,90,1750889487.624611,1751153680.3592114,264192.7346007824,1751153683.034392,2.675180673599243,1751153683.8216188,264196.1970078945,True,False,False,False,consumer_pod0_proc1_20250628_233440_363302.csv
2837914,synthetic_4,105,1750889487.6247656,1751153680.359218,264192.73445248604,1751153683.034392,2.6751742362976074,1751153683.8216188,264196.19685316086,True,False,False,False,consumer_pod0_proc1_20250628_233440_363302.csv
2837924,synthetic_4,81,1750889487.624936,1751153680.3592246,264192.73428845406,1751153683.034392,2.6751675605773926,1751153683.8216188,264196.1966826916,True,False,False,False,consumer_pod0_proc1_20250628_233440_363302.csv
2837934,synthetic_4,84,1750889487.6250892,1751153680.3592308,264192.7341415882,1751153683.034392,2.675161361694336,1751153683.8216188,264196.19652962685,True,False,False,False,consumer_pod0_proc1_20250628_233440_363302.csv
2837944,synthetic_4,104,1750889487.625243,1751153680.3592372,264192.7339942456,1751153683.034392,2.6751549243927,1751153683.8216188,264196.19637584686,True,False,False,False,consumer_pod0_proc1_20250628_233440_363302.csv
2837954,synthetic_4,82,1750889487.6253986,1751153680.3592436,264192.7338449955,1751153683.034392,2.6751484870910645,1751153683.8216188,264196.19622015953,True,False,False,False,consumer_pod0_proc1_20250628_233440_363302.csv
2837964,synthetic_4,104,1750889487.6255531,1751153680.3592496,264192.7336964607,1751153683.034392,2.675142526626587,1751153683.8216188,264196.1960656643,True,False,False,False,consumer_pod0_proc1_20250628_233440_363302.csv
2837974,synthetic_4,90,1750889487.625708,1751153680.359256,264192.73354792595,1751153683.034392,2.675136089324951,1751153683.8216188,264196.1959106922,True,False,False,False,consumer_pod0_proc1_20250628_233440_363302.csv
2837984,synthetic_4,91,1750889487.625867,1751153680.3592625,264192.7333955765,1751153683.034392,2.6751296520233154,1751153683.8216188,264196.19575190544,True,False,False,False,consumer_pod0_proc1_20250628_233440_363302.csv
2837994,synthetic_4,90,1750889487.626026,1751153680.3592691,264192.733243227,1751153683.034392,2.6751229763031006,1751153683.8216188,264196.19559288025,True,False,False,False,consumer_pod0_proc1_20250628_233440_363302.csv
2838004,synthetic_4,104,1750889487.6261785,1751153680.359275,264192.733096838,1751153683.034392,2.675117015838623,1751153683.8216188,264196.19544029236,True,False,False,False,consumer_pod0_proc1_20250628_233440_363302.csv
2838014,synthetic_4,103,1750889487.626332,1751153680.359282,264192.7329499721,1751153683.034392,2.675110101699829,1751153683.8216188,264196.1952867508,True,False,False,False,consumer_pod0_proc1_20250628_233440_363302.csv
2838024,synthetic_4,102,1750889487.6264896,1751153680.359288,264192.73279833794,1751153683.034392,2.675104141235352,1751153683.8216188,264196.1951291561,True,False,False,False,consumer_pod0_proc1_20250628_233440_363302.csv
2838034,synthetic_4,97,1750889487.6266444,1751153680.359295,264192.73265028,1751153683.034392,2.6750972270965576,1751153683.8216188,264196.19497442245,True,False,False,False,consumer_pod0_proc1_20250628_233440_363302.csv
2838044,synthetic_4,84,1750889487.6267958,1751153680.359301,264192.7325053215,1751153683.034392,2.675091028213501,1751153683.8216188,264196.19482302666,True,False,False,False,consumer_pod0_proc1_20250628_233440_363302.csv
2838054,synthetic_4,83,1750889487.6269476,1751153680.3593073,264192.7323596477,1751153683.034392,2.6750848293304443,1751153683.8216188,264196.194671154,True,False,False,False,consumer_pod0_proc1_20250628_233440_363302.csv
2838064,synthetic_4,104,1750889487.6271012,1751153680.3593135,264192.73221230507,1751153683.034392,2.675078630447388,1751153683.8216188,264196.19451761246,True,False,False,False,consumer_pod0_proc1_20250628_233440_363302.csv
2838074,synthetic_4,98,1750889487.6272576,1751153680.3593202,264192.7320625782,1751153683.034392,2.675071954727173,1751153683.8216188,264196.19436120987,True,False,False,False,consumer_pod0_proc1_20250628_233440_363302.csv
2838084,synthetic_4,91,1750889487.6274338,1751153680.3593264,264192.7318925857,1751153683.034392,2.675065755844116,1751153683.8216188,264196.19418501854,True,False,False,False,consumer_pod0_proc1_20250628_233440_363302.csv
2838094,synthetic_4,98,1750889487.6275835,1751153680.3593326,264192.73174905777,1751153683.034392,2.67505955696106,1751153683.8216188,264196.1940352917,True,False,False,False,consumer_pod0_proc1_20250628_233440_363302.csv
2838104,synthetic_4,103,1750889487.627736,1751153680.3593392,264192.731603384,1751153683.034392,2.6750528812408447,1751153683.8216188,264196.1938827038,True,False,False,False,consumer_pod0_proc1_20250628_233440_363302.csv
2838114,synthetic_4,90,1750889487.6278834,1751153680.3593457,264192.7314622402,1751153683.034392,2.675046443939209,1751153683.8216188,264196.1937353611,True,False,False,False,consumer_pod0_proc1_20250628_233440_363302.csv
2838124,synthetic_4,82,1750889487.6280425,1751153680.359352,264192.7313094139,1751153683.034392,2.675040006637573,1751153683.8216188,264196.1935763359,True,False,False,False,consumer_pod0_proc1_20250628_233440_363302.csv
2838134,synthetic_4,90,1750889487.6281898,1751153680.3593578,264192.7311680317,1751153683.034392,2.675034284591675,1751153683.8216188,264196.1934289932,True,False,False,False,consumer_pod0_proc1_20250628_233440_363302.csv
2838144,synthetic_4,83,1750889487.628341,1751153680.359364,264192.7310230732,1751153683.034392,2.675028085708618,1751153683.8216188,264196.19327783585,True,False,False,False,consumer_pod0_proc1_20250628_233440_363302.csv
2838154,synthetic_4,104,1750889487.7180696,1751153680.3593702,264192.64130067825,1751153683.034392,2.675021886825561,1751153683.8216188,264196.103549242,True,False,False,False,consumer_pod0_proc1_20250628_233440_363302.csv
2838164,synthetic_4,84,1750889487.7190497,1751153680.359377,264192.6403272152,1751153683.034392,2.6750152111053467,1751153683.8216188,264196.10256910324,True,False,False,False,consumer_pod0_proc1_20250628_233440_363302.csv
2838174,synthetic_4,88,1750889487.719385,1751153680.3593829,264192.63999795914,1751153683.034392,2.675009250640869,1751153683.8216188,264196.1022338867,True,False,False,False,consumer_pod0_proc1_20250628_233440_363302.csv
2838184,synthetic_4,104,1750889487.7196045,1751153680.3593886,264192.6397840977,1751153683.034392,2.6750035285949707,1751153683.8216188,264196.1020143032,True,False,False,False,consumer_pod0_proc1_20250628_233440_363302.csv
2838194,synthetic_4,105,1750889487.7198846,1751153680.3593955,264192.63951087,1751153683.034392,2.6749966144561768,1751153683.8216188,264196.1017341614,True,False,False,False,consumer_pod0_proc1_20250628_233440_363302.csv
2838204,synthetic_4,96,1750889487.720139,1751153680.3594017,264192.63926267624,1751153683.034392,2.67499041557312,1751153683.8216188,264196.10147976875,True,False,False,False,consumer_pod0_proc1_20250628_233440_363302.csv
2838214,synthetic_4,97,1750889487.7204404,1751153680.359408,264192.63896775246,1751153683.034392,2.6749842166900635,1751153683.8216188,264196.10117840767,True,False,False,False,consumer_pod0_proc1_20250628_233440_363302.csv
2838224,synthetic_4,83,1750889487.7208133,1751153680.3594143,264192.6386010647,1751153683.034392,2.674977779388428,1751153683.8216188,264196.100805521,True,False,False,False,consumer_pod0_proc1_20250628_233440_363302.csv
2838234,synthetic_4,97,1750889487.7210414,1751153680.3594208,264192.6383793354,1751153683.034392,2.674971342086792,1751153683.8216188,264196.10057735443,True,False,False,False,consumer_pod0_proc1_20250628_233440_363302.csv
2838244,synthetic_4,103,1750889487.721294,1751153680.3594267,264192.6381328106,1751153683.034392,2.6749653816223145,1751153683.8216188,264196.10032486916,True,False,False,False,consumer_pod0_proc1_20250628_233440_363302.csv
2838254,synthetic_4,98,1750889487.7215452,1751153680.3594334,264192.6378881932,1751153683.034392,2.6749587059021,1751153683.8216188,264196.100073576,True,False,False,False,consumer_pod0_proc1_20250628_233440_363302.csv
2838264,synthetic_4,82,1750889487.7218685,1751153680.3594406,264192.6375720501,1751153683.034392,2.6749515533447266,1751153683.8216188,264196.0997502804,True,False,False,False,consumer_pod0_proc1_20250628_233440_363302.csv
2838274,synthetic_4,105,1750889487.7221532,1751153680.359447,264192.6372938156,1751153683.034392,2.674945116043091,1751153683.8216188,264196.0994656086,True,False,False,False,consumer_pod0_proc1_20250628_233440_363302.csv
2838284,synthetic_4,83,1750889487.820858,1751153680.3594534,264192.538595438,1751153683.034392,2.674938678741455,1751153683.8216188,264196.0007607937,True,False,False,False,consumer_pod0_proc1_20250628_233440_363302.csv
2838294,synthetic_4,98,1750889487.8211367,1751153680.35946,264192.5383234024,1751153683.034392,2.67493200302124,1751153683.8216188,264196.00048208237,True,False,False,False,consumer_pod0_proc1_20250628_233440_363302.csv
2838304,synthetic_4,89,1750889487.8214526,1751153680.3594666,264192.5380139351,1751153683.034392,2.6749255657196045,1751153683.8216188,264196.00016617775,True,False,False,False,consumer_pod0_proc1_20250628_233440_363302.csv
2838314,synthetic_4,97,1750889487.8217232,1751153680.359473,264192.5377497673,1751153683.034392,2.6749191284179688,1751153683.8216188,264195.99989557266,True,False,False,False,consumer_pod0_proc1_20250628_233440_363302.csv
2838324,synthetic_4,103,1750889487.82202,1751153680.3594792,264192.53745913506,1751153683.034392,2.674912929534912,1751153683.8216188,264195.99959874153,True,False,False,False,consumer_pod0_proc1_20250628_233440_363302.csv
2838334,synthetic_4,83,1750889487.822265,1751153680.3594854,264192.53722047806,1751153683.034392,2.6749067306518555,1751153683.8216188,264195.99935388565,True,False,False,False,consumer_pod0_proc1_20250628_233440_363302.csv
2839214,synthetic_4,96,1750889488.022549,1751153680.3594916,264192.3369426728,1751153683.034392,2.674900531768799,1751153683.8216188,264195.79906988144,True,False,False,False,consumer_pod0_proc1_20250628_233440_363302.csv
2839224,synthetic_4,104,1750889488.0227692,1751153680.3594978,264192.33672857285,1751153683.034392,2.674894332885742,1751153683.8216188,264195.7988495827,True,False,False,False,consumer_pod0_proc1_20250628_233440_363302.csv
2839234,synthetic_4,89,1750889488.0230207,1751153680.3595047,264192.3364839554,1751153683.034392,2.674887418746948,1751153683.8216188,264195.7985980511,True,False,False,False,consumer_pod0_proc1_20250628_233440_363302.csv
2839244,synthetic_4,84,1750889488.0232563,1751153680.359511,264192.3362543583,1751153683.034392,2.674881219863892,1751153683.8216188,264195.7983624935,True,False,False,False,consumer_pod0_proc1_20250628_233440_363302.csv
2839254,synthetic_4,104,1750889488.0234687,1751153680.3595166,264192.3360478878,1751153683.034392,2.674875497817993,1751153683.8216188,264195.79815006256,True,False,False,False,consumer_pod0_proc1_20250628_233440_363302.csv
2839264,synthetic_4,104,1750889488.0237758,1751153680.359523,264192.335747242,1751153683.034392,2.6748690605163574,1751153683.8216188,264195.79784297943,True,False,False,False,consumer_pod0_proc1_20250628_233440_363302.csv
2839274,synthetic_4,96,1750889488.024058,1751153680.3595295,264192.3354716301,1751153683.034392,2.6748626232147217,1751153683.8216188,264195.79756069183,True,False,False,False,consumer_pod0_proc1_20250628_233440_363302.csv
2839284,synthetic_4,83,1750889488.0243485,1751153680.3595362,264192.335187912,1751153683.034392,2.674855947494507,1751153683.8216188,264195.797270298,True,False,False,False,consumer_pod0_proc1_20250628_233440_363302.csv
2839294,synthetic_4,96,1750889488.1201394,1751153680.3595424,264192.2394030094,1751153683.034392,2.67484974861145,1751153683.8216188,264195.70147943497,True,False,False,False,consumer_pod0_proc1_20250628_233440_363302.csv
2839304,synthetic_4,91,1750889488.1210098,1751153680.3595493,264192.2385394573,1751153683.034392,2.674842834472656,1751153683.8216188,264195.70060896873,True,False,False,False,consumer_pod0_proc1_20250628_233440_363302.csv
2839314,synthetic_4,104,1750889488.121283,1751153680.3595552,264192.2382721901,1751153683.034392,2.6748368740081787,1751153683.8216188,264195.70033574104,True,False,False,False,consumer_pod0_proc1_20250628_233440_363302.csv
2839324,synthetic_4,91,1750889488.1216564,1751153680.3595617,264192.2379052639,1751153683.034392,2.674830436706543,1751153683.8216188,264195.69996237755,True,False,False,False,consumer_pod0_proc1_20250628_233440_363302.csv
2839334,synthetic_4,96,1750889488.1218455,1751153680.359568,264192.23772215843,1751153683.034392,2.6748239994049072,1751153683.8216188,264195.6997733116,True,False,False,False,consumer_pod0_proc1_20250628_233440_363302.csv
2839344,synthetic_4,104,1750889488.1220565,1751153680.3595746,264192.2375180721,1751153683.034392,2.6748175621032715,1751153683.8216188,264195.6995623112,True,False,False,False,consumer_pod0_proc1_20250628_233440_363302.csv
2839354,synthetic_4,90,1750889488.1222365,1751153680.359581,264192.2373445034,1751153683.034392,2.674811124801636,1751153683.8216188,264195.69938230515,True,False,False,False,consumer_pod0_proc1_20250628_233440_363302.csv
2839364,synthetic_4,104,1750889488.1224277,1751153680.3595874,264192.237159729,1751153683.034392,2.6748046875,1751153683.8216188,264195.69919109344,True,False,False,False,consumer_pod0_proc1_20250628_233440_363302.csv
2839374,synthetic_4,91,1750889488.1226778,1751153680.3595934,264192.2369155884,1751153683.034392,2.6747987270355225,1751153683.8216188,264195.69894099236,True,False,False,False,consumer_pod0_proc1_20250628_233440_363302.csv
2839384,synthetic_4,84,1750889488.1228628,1751153680.3595996,264192.23673677444,1751153683.034392,2.674792528152466,1751153683.8216188,264195.69875597954,True,False,False,False,consumer_pod0_proc1_20250628_233440_363302.csv
2839394,synthetic_4,94,1750889488.1230528,1751153680.3596058,264192.2365529537,1751153683.034392,2.674786329269409,1751153683.8216188,264195.69856595993,True,False,False,False,consumer_pod0_proc1_20250628_233440_363302.csv
2839404,synthetic_4,95,1750889488.12323,1751153680.359612,264192.2363820076,1751153683.034392,2.6747801303863525,1751153683.8216188,264195.6983888149,True,False,False,False,consumer_pod0_proc1_20250628_233440_363302.csv
2839414,synthetic_4,90,1750889488.123435,1751153680.359618,264192.2361829281,1751153683.034392,2.674774169921875,1751153683.8216188,264195.69818377495,True,False,False,False,consumer_pod0_proc1_20250628_233440_363302.csv
2839424,synthetic_4,104,1750889488.1238194,1751153680.3596244,264192.23580503464,1751153683.034392,2.6747677326202397,1751153683.8216188,264195.6977994442,True,False,False,False,consumer_pod0_proc1_20250628_233440_363302.csv
2839434,synthetic_4,103,1750889488.1240144,1751153680.359631,264192.235616684,1751153683.034392,2.6747610569000244,1751153683.8216188,264195.6976044178,True,False,False,False,consumer_pod0_proc1_20250628_233440_363302.csv
2839444,synthetic_4,103,1750889488.1242137,1751153680.3596375,264192.23542404175,1751153683.034392,2.6747546195983887,1751153683.8216188,264195.69740509987,True,False,False,False,consumer_pod0_proc1_20250628_233440_363302.csv
2839454,synthetic_4,105,1750889488.1245878,1751153680.3596442,264192.2350564003,1751153683.034392,2.674747943878174,1751153683.8216188,264195.6970310211,True,False,False,False,consumer_pod0_proc1_20250628_233440_363302.csv
2839464,synthetic_4,82,1750889488.124828,1751153680.359651,264192.2348232269,1751153683.034392,2.67474102973938,1751153683.8216188,264195.6967906952,True,False,False,False,consumer_pod0_proc1_20250628_233440_363302.csv
2839474,synthetic_4,105,1750889488.125008,1751153680.359657,264192.23464918137,1751153683.034392,2.6747350692749023,1751153683.8216188,264195.69661068916,True,False,False,False,consumer_pod0_proc1_20250628_233440_363302.csv
2839484,synthetic_4,96,1750889488.1251943,1751153680.3596635,264192.23446941376,1751153683.034392,2.6747286319732666,1751153683.8216188,264195.69642448425,True,False,False,False,consumer_pod0_proc1_20250628_233440_363302.csv
2839494,synthetic_4,90,1750889488.1253722,1751153680.3596702,264192.2342979908,1751153683.034392,2.674721956253052,1751153683.8216188,264195.696246624,True,False,False,False,consumer_pod0_proc1_20250628_233440_363302.csv
2839504,synthetic_4,98,1750889488.1256115,1751153680.3596764,264192.2340648174,1751153683.034392,2.674715757369995,1751153683.8216188,264195.69600725174,True,False,False,False,consumer_pod0_proc1_20250628_233440_363302.csv
2839514,synthetic_4,90,1750889488.125834,1751153680.3596823,264192.23384833336,1751153683.034392,2.6747097969055176,1751153683.8216188,264195.6957848072,True,False,False,False,consumer_pod0_proc1_20250628_233440_363302.csv
2839524,synthetic_4,90,1750889488.1260643,1751153680.3596883,264192.2336239815,1751153683.034392,2.67470383644104,1751153683.8216188,264195.69555449486,True,False,False,False,consumer_pod0_proc1_20250628_233440_363302.csv
2839534,synthetic_4,98,1750889488.1262937,1751153680.3596945,264192.2334008217,1751153683.034392,2.6746976375579834,1751153683.8216188,264195.6953251362,True,False,False,False,consumer_pod0_proc1_20250628_233440_363302.csv
2839544,synthetic_4,103,1750889488.1264803,1751153680.359701,264192.23322057724,1751153683.034392,2.674691200256348,1751153683.8216188,264195.69513845444,True,False,False,False,consumer_pod0_proc1_20250628_233440_363302.csv
2839554,synthetic_4,91,1750889488.1266823,1751153680.3597074,264192.2330248356,1751153683.034392,2.674684762954712,1751153683.8216188,264195.6949365139,True,False,False,False,consumer_pod0_proc1_20250628_233440_363302.csv
2839564,synthetic_4,84,1750889488.1268747,1751153680.3597138,264192.2328391075,1751153683.034392,2.674678325653076,1751153683.8216188,264195.6947441101,True,False,False,False,consumer_pod0_proc1_20250628_233440_363302.csv
2839574,synthetic_4,104,1750889488.1270642,1751153680.35972,264192.2326557636,1751153683.034392,2.6746721267700195,1751153683.8216188,264195.69455456734,True,False,False,False,consumer_pod0_proc1_20250628_233440_363302.csv
2839584,synthetic_4,82,1750889488.1273284,1751153680.3597264,264192.23239803314,1751153683.034392,2.674665689468384,1751153683.8216188,264195.69429039955,True,False,False,False,consumer_pod0_proc1_20250628_233440_363302.csv
2839594,synthetic_4,90,1750889488.1275318,1751153680.3597326,264192.232200861,1751153683.034392,2.674659490585327,1751153683.8216188,264195.6940870285,True,False,False,False,consumer_pod0_proc1_20250628_233440_363302.csv
2839604,synthetic_4,82,1750889488.1277316,1751153680.3597388,264192.2320072651,1751153683.034392,2.6746532917022705,1751153683.8216188,264195.69388723373,True,False,False,False,consumer_pod0_proc1_20250628_233440_363302.csv
2839614,synthetic_4,98,1750889488.1279714,1751153680.359745,264192.2317736149,1751153683.034392,2.674647092819214,1751153683.8216188,264195.69364738464,True,False,False,False,consumer_pod0_proc1_20250628_233440_363302.csv
2839624,synthetic_4,84,1750889488.1282043,1751153680.3597517,264192.23154711723,1751153683.034392,2.674640417098999,1751153683.8216188,264195.6934144497,True,False,False,False,consumer_pod0_proc1_20250628_233440_363302.csv
2839634,synthetic_4,91,1750889488.1283891,1751153680.3597577,264192.2313685417,1751153683.034392,2.674634456634521,1751153683.8216188,264195.6932296753,True,False,False,False,consumer_pod0_proc1_20250628_233440_363302.csv
2839644,synthetic_4,91,1750889488.2186236,1751153680.3597636,264192.14113998413,1751153683.034392,2.674628496170044,1751153683.8216188,264195.60299515724,True,False,False,False,consumer_pod0_proc1_20250628_233440_363302.csv
2839654,synthetic_4,84,1750889488.218819,1751153680.3597703,264192.14095163345,1751153683.034392,2.674621820449829,1751153683.8216188,264195.6027998924,True,False,False,False,consumer_pod0_proc1_20250628_233440_363302.csv
2839664,synthetic_4,98,1750889488.2189991,1751153680.359777,264192.1407778263,1751153683.034392,2.6746151447296143,1751153683.8216188,264195.602619648,True,False,False,False,consumer_pod0_proc1_20250628_233440_363302.csv
2839674,synthetic_4,91,1750889488.2191803,1751153680.359784,264192.1406035423,1751153683.034392,2.6746082305908203,1751153683.8216188,264195.60243844986,True,False,False,False,consumer_pod0_proc1_20250628_233440_363302.csv
2839684,synthetic_4,83,1750889488.219404,1751153680.3597906,264192.1403865814,1751153683.034392,2.674601554870605,1751153683.8216188,264195.60221481323,True,False,False,False,consumer_pod0_proc1_20250628_233440_363302.csv
2839694,synthetic_4,102,1750889488.219826,1751153680.3597968,264192.1399707794,1751153683.034392,2.674595355987549,1751153683.8216188,264195.60179281235,True,False,False,False,consumer_pod0_proc1_20250628_233440_363302.csv
2839704,synthetic_4,97,1750889488.2200031,1751153680.359804,264192.139800787,1751153683.034392,2.674588203430176,1751153683.8216188,264195.60161566734,True,False,False,False,consumer_pod0_proc1_20250628_233440_363302.csv
2839714,synthetic_4,97,1750889488.220189,1751153680.3598104,264192.13962101936,1751153683.034392,2.67458176612854,1751153683.8216188,264195.60142970085,True,False,False,False,consumer_pod0_proc1_20250628_233440_363302.csv
2839724,synthetic_4,83,1750889488.220384,1751153680.359817,264192.1394331455,1751153683.034392,2.674575090408325,1751153683.8216188,264195.6012349129,True,False,False,False,consumer_pod0_proc1_20250628_233440_363302.csv
2839734,synthetic_4,98,1750889488.2206087,1751153680.3598237,264192.1392147541,1751153683.034392,2.6745684146881104,1751153683.8216188,264195.60101008415,True,False,False,False,consumer_pod0_proc1_20250628_233440_363302.csv
2839744,synthetic_4,83,1750889488.2208018,1751153680.359831,264192.13902926445,1751153683.034392,2.674561023712158,1751153683.8216188,264195.6008169651,True,False,False,False,consumer_pod0_proc1_20250628_233440_363302.csv
2839754,synthetic_4,104,1750889488.2210546,1751153680.3598375,264192.13878297806,1751153683.034392,2.6745545864105225,1751153683.8216188,264195.6005642414,True,False,False,False,consumer_pod0_proc1_20250628_233440_363302.csv
2839764,synthetic_4,97,1750889488.2213016,1751153680.3598442,264192.13854265213,1751153683.034392,2.674547910690308,1751153683.8216188,264195.60031723976,True,False,False,False,consumer_pod0_proc1_20250628_233440_363302.csv
2839774,synthetic_4,83,1750889488.2215328,1751153680.3598506,264192.1383178234,1751153683.034392,2.674541473388672,1751153683.8216188,264195.60008597374,True,False,False,False,consumer_pod0_proc1_20250628_233440_363302.csv
2839784,synthetic_4,101,1750889488.22173,1751153680.3598568,264192.1381268501,1751153683.034392,2.6745352745056152,1751153683.8216188,264195.5998888016,True,False,False,False,consumer_pod0_proc1_20250628_233440_363302.csv
2839794,synthetic_4,103,1750889488.221938,1751153680.3598633,264192.137925148,1751153683.034392,2.6745288372039795,1751153683.8216188,264195.5996809006,True,False,False,False,consumer_pod0_proc1_20250628_233440_363302.csv
2839804,synthetic_4,103,1750889488.2221425,1751153680.3598697,264192.1377270222,1751153683.034392,2.674522399902344,1751153683.8216188,264195.59947633743,True,False,False,False,consumer_pod0_proc1_20250628_233440_363302.csv
2839814,synthetic_4,98,1750889488.2223394,1751153680.3598762,264192.13753676414,1751153683.034392,2.674515962600708,1751153683.8216188,264195.5992794037,True,False,False,False,consumer_pod0_proc1_20250628_233440_363302.csv
2839824,synthetic_4,89,1750889488.222531,1751153680.3598826,264192.1373515129,1751153683.034392,2.6745095252990723,1751153683.8216188,264195.59908771515,True,False,False,False,consumer_pod0_proc1_20250628_233440_363302.csv
2844534,synthetic_4,103,1750889489.2232983,1751153680.3598888,264191.1365902424,1751153683.034392,2.674503326416016,1751153683.8216188,264194.59832048416,True,False,False,False,consumer_pod0_proc1_20250628_233440_363302.csv
2844544,synthetic_4,90,1750889489.2235627,1751153680.3598957,264191.1363327503,1751153683.034392,2.6744964122772217,1751153683.8216188,264194.59805607796,True,False,False,False,consumer_pod0_proc1_20250628_233440_363302.csv
2844554,synthetic_4,98,1750889489.2238064,1751153680.359902,264191.13609552383,1751153683.034392,2.674490213394165,1751153683.8216188,264194.59781241417,True,False,False,False,consumer_pod0_proc1_20250628_233440_363302.csv
2844564,synthetic_4,98,1750889489.2240355,1751153680.359908,264191.13587236404,1751153683.034392,2.6744840145111084,1751153683.8216188,264194.5975832939,True,False,False,False,consumer_pod0_proc1_20250628_233440_363302.csv
2844574,synthetic_4,102,1750889489.2242916,1751153680.3599143,264191.1356227398,1751153683.034392,2.674477815628052,1751153683.8216188,264194.59732723236,True,False,False,False,consumer_pod0_proc1_20250628_233440_363302.csv
2844584,synthetic_4,91,1750889489.224548,1751153680.3599207,264191.1353728771,1751153683.034392,2.674471378326416,1751153683.8216188,264194.59707069397,True,False,False,False,consumer_pod0_proc1_20250628_233440_363302.csv
2844594,synthetic_4,88,1750889489.2249572,1751153680.3599267,264191.1349694729,1751153683.034392,2.6744654178619385,1751153683.8216188,264194.5966615677,True,False,False,False,consumer_pod0_proc1_20250628_233440_363302.csv
2844604,synthetic_4,90,1750889489.2252157,1751153680.3599331,264191.13471746445,1751153683.034392,2.6744589805603027,1751153683.8216188,264194.59640312195,True,False,False,False,consumer_pod0_proc1_20250628_233440_363302.csv
2844614,synthetic_4,89,1750889489.2254748,1751153680.359939,264191.1344642639,1751153683.034392,2.674453020095825,1751153683.8216188,264194.59614396095,True,False,False,False,consumer_pod0_proc1_20250628_233440_363302.csv
2844624,synthetic_4,82,1750889489.2257507,1751153680.3599453,264191.1341946125,1751153683.034392,2.674446821212769,1751153683.8216188,264194.59586811066,True,False,False,False,consumer_pod0_proc1_20250628_233440_363302.csv
2844634,synthetic_4,90,1750889489.226022,1751153680.359951,264191.1339290142,1751153683.034392,2.67444109916687,1751153683.8216188,264194.5955967903,True,False,False,False,consumer_pod0_proc1_20250628_233440_363302.csv
2844644,synthetic_4,104,1750889489.2262874,1751153680.3599572,264191.1336698532,1751153683.034392,2.674434900283813,1751153683.8216188,264194.59533143044,True,False,False,False,consumer_pod0_proc1_20250628_233440_363302.csv
2844654,synthetic_4,83,1750889489.226581,1751153680.3599637,264191.1333823204,1751153683.034392,2.6744284629821777,1751153683.8216188,264194.59503769875,True,False,False,False,consumer_pod0_proc1_20250628_233440_363302.csv
2844664,synthetic_4,84,1750889489.2268174,1751153680.35997,264191.1331524849,1751153683.034392,2.674422025680542,1751153683.8216188,264194.59480142593,True,False,False,False,consumer_pod0_proc1_20250628_233440_363302.csv
2844674,synthetic_4,90,1750889489.227064,1751153680.3599756,264191.1329114437,1751153683.034392,2.6744165420532227,1751153683.8216188,264194.5945549011,True,False,False,False,consumer_pod0_proc1_20250628_233440_363302.csv
2844684,synthetic_4,97,1750889489.2272348,1751153680.3599825,264191.1327474117,1751153683.034392,2.6744096279144287,1751153683.8216188,264194.594383955,True,False,False,False,consumer_pod0_proc1_20250628_233440_363302.csv
2844694,synthetic_4,90,1750889489.2274013,1751153680.3599887,264191.13258743286,1751153683.034392,2.674403429031372,1751153683.8216188,264194.59421753883,True,False,False,False,consumer_pod0_proc1_20250628_233440_363302.csv
2844704,synthetic_4,91,1750889489.2275617,1751153680.3599951,264191.13243341446,1751153683.034392,2.6743969917297363,1751153683.8216188,264194.59405708313,True,False,False,False,consumer_pod0_proc1_20250628_233440_363302.csv
2844714,synthetic_4,84,1750889489.2277148,1751153680.360001,264191.1322863102,1751153683.034392,2.674391031265259,1751153683.8216188,264194.5939040184,True,False,False,False,consumer_pod0_proc1_20250628_233440_363302.csv
2844724,synthetic_4,102,1750889489.227878,1751153680.3600073,264191.13212919235,1751153683.034392,2.674384832382202,1751153683.8216188,264194.5937407017,True,False,False,False,consumer_pod0_proc1_20250628_233440_363302.csv
2844734,synthetic_4,97,1750889489.2280395,1751153680.3600135,264191.13197398186,1751153683.034392,2.674378633499145,1751153683.8216188,264194.5935792923,True,False,False,False,consumer_pod0_proc1_20250628_233440_363302.csv
2844744,synthetic_4,103,1750889489.2281992,1751153680.36002,264191.1318206787,1751153683.034392,2.6743721961975098,1751153683.8216188,264194.59341955185,True,False,False,False,consumer_pod0_proc1_20250628_233440_363302.csv
2844754,synthetic_4,84,1750889489.2283576,1751153680.3600264,264191.1316688061,1751153683.034392,2.674365758895874,1751153683.8216188,264194.5932612419,True,False,False,False,consumer_pod0_proc1_20250628_233440_363302.csv
2844764,synthetic_4,105,1750889489.3166325,1751153680.3600323,264191.0434000492,1751153683.034392,2.6743597984313965,1751153683.8216188,264194.50498628616,True,False,False,False,consumer_pod0_proc1_20250628_233440_363302.csv
2844774,synthetic_4,90,1750889489.3169055,1751153680.3600388,264191.0431332588,1751153683.034392,2.6743533611297607,1751153683.8216188,264194.5047132969,True,False,False,False,consumer_pod0_proc1_20250628_233440_363302.csv
2844784,synthetic_4,103,1750889489.317199,1751153680.3600447,264191.042845726,1751153683.034392,2.674347400665283,1751153683.8216188,264194.5044198036,True,False,False,False,consumer_pod0_proc1_20250628_233440_363302.csv
2844794,synthetic_4,83,1750889489.3175733,1751153680.3600512,264191.04247784615,1751153683.034392,2.6743409633636475,1751153683.8216188,264194.50404548645,True,False,False,False,consumer_pod0_proc1_20250628_233440_363302.csv
2844804,synthetic_4,98,1750889489.317911,1751153680.3600574,264191.04214668274,1751153683.034392,2.674334764480591,1751153683.8216188,264194.50370788574,True,False,False,False,consumer_pod0_proc1_20250628_233440_363302.csv
2844814,synthetic_4,83,1750889489.3181655,1751153680.3600638,264191.0418982506,1751153683.034392,2.674328327178955,1751153683.8216188,264194.5034532547,True,False,False,False,consumer_pod0_proc1_20250628_233440_363302.csv
2844824,synthetic_4,83,1750889489.318517,1751153680.3600695,264191.04155254364,1751153683.034392,2.6743226051330566,1751153683.8216188,264194.5031018257,True,False,False,False,consumer_pod0_proc1_20250628_233440_363302.csv
2844834,synthetic_4,91,1750889489.3188553,1751153680.3600757,264191.04122018814,1751153683.034392,2.67431640625,1751153683.8216188,264194.50276350975,True,False,False,False,consumer_pod0_proc1_20250628_233440_363302.csv
2844844,synthetic_4,91,1750889489.3191435,1751153680.360082,264191.0409383774,1751153683.034392,2.674310207366944,1751153683.8216188,264194.5024752617,True,False,False,False,consumer_pod0_proc1_20250628_233440_363302.csv
2844854,synthetic_4,103,1750889489.3193767,1751153680.3600883,264191.0407116413,1751153683.034392,2.674303770065308,1751153683.8216188,264194.5022420883,True,False,False,False,consumer_pod0_proc1_20250628_233440_363302.csv
2844864,synthetic_4,91,1750889489.3196323,1751153680.3600948,264191.0404622555,1751153683.034392,2.674297332763672,1751153683.8216188,264194.5019865036,True,False,False,False,consumer_pod0_proc1_20250628_233440_363302.csv
2844874,synthetic_4,83,1750889489.319909,1751153680.3601005,264191.04019117355,1751153683.034392,2.674291610717773,1751153683.8216188,264194.50170969963,True,False,False,False,consumer_pod0_proc1_20250628_233440_363302.csv
2844884,synthetic_4,91,1750889489.3201528,1751153680.3601067,264191.03995394707,1751153683.034392,2.674285411834717,1751153683.8216188,264194.50146603584,True,False,False,False,consumer_pod0_proc1_20250628_233440_363302.csv
2844894,synthetic_4,103,1750889489.3203874,1751153680.3601131,264191.0397257805,1751153683.034392,2.674278974533081,1751153683.8216188,264194.50123143196,True,False,False,False,consumer_pod0_proc1_20250628_233440_363302.csv
2844904,synthetic_4,103,1750889489.3206224,1751153680.360119,264191.03949689865,1751153683.034392,2.6742730140686035,1751153683.8216188,264194.50099635124,True,False,False,False,consumer_pod0_proc1_20250628_233440_363302.csv
2844914,synthetic_4,82,1750889489.3208165,1751153680.3601255,264191.03930926323,1751153683.034392,2.674266576766968,1751153683.8216188,264194.5008022785,True,False,False,False,consumer_pod0_proc1_20250628_233440_363302.csv
2844924,synthetic_4,96,1750889489.3210037,1751153680.3601315,264191.0391278267,1751153683.034392,2.6742606163024902,1751153683.8216188,264194.50061511993,True,False,False,False,consumer_pod0_proc1_20250628_233440_363302.csv
2844934,synthetic_4,104,1750889489.3211944,1751153680.360138,264191.0389435291,1751153683.034392,2.6742541790008545,1751153683.8216188,264194.50042438507,True,False,False,False,consumer_pod0_proc1_20250628_233440_363302.csv
2844944,synthetic_4,96,1750889489.321378,1751153680.3601444,264191.0387663841,1751153683.034392,2.6742477416992188,1751153683.8216188,264194.50024080276,True,False,False,False,consumer_pod0_proc1_20250628_233440_363302.csv
2844954,synthetic_4,101,1750889489.3215666,1751153680.3601503,264191.0385837555,1751153683.034392,2.674241781234741,1751153683.8216188,264194.50005221367,True,False,False,False,consumer_pod0_proc1_20250628_233440_363302.csv
2844964,synthetic_4,98,1750889489.321745,1751153680.3601568,264191.0384120941,1751153683.034392,2.674235343933105,1751153683.8216188,264194.4998738766,True,False,False,False,consumer_pod0_proc1_20250628_233440_363302.csv
2844974,synthetic_4,96,1750889489.321934,1751153680.3601627,264191.0382287502,1751153683.034392,2.674229383468628,1751153683.8216188,264194.49968481064,True,False,False,False,consumer_pod0_proc1_20250628_233440_363302.csv
2844984,synthetic_4,96,1750889489.322118,1751153680.360169,264191.03805089,1751153683.034392,2.6742231845855717,1751153683.8216188,264194.4995007515,True,False,False,False,consumer_pod0_proc1_20250628_233440_363302.csv
2844994,synthetic_4,89,1750889489.322304,1751153680.3601751,264191.0378711224,1751153683.034392,2.674216985702514,1751153683.8216188,264194.499314785,True,False,False,False,consumer_pod0_proc1_20250628_233440_363302.csv
2845004,synthetic_4,98,1750889489.3224957,1751153680.360181,264191.0376856327,1751153683.034392,2.674211025238037,1751153683.8216188,264194.49912309647,True,False,False,False,consumer_pod0_proc1_20250628_233440_363302.csv
2845014,synthetic_4,105,1750889489.3226843,1751153680.3601873,264191.03750276566,1751153683.034392,2.6742048263549805,1751153683.8216188,264194.49893450737,True,False,False,False,consumer_pod0_proc1_20250628_233440_363302.csv
2845024,synthetic_4,91,1750889489.3228593,1751153680.3601935,264191.03733444214,1751153683.034392,2.674198627471924,1751153683.8216188,264194.49875950813,True,False,False,False,consumer_pod0_proc1_20250628_233440_363302.csv
2845034,synthetic_4,105,1750889489.323048,1751153680.3601997,264191.0371518135,1751153683.034392,2.674192428588867,1751153683.8216188,264194.4985706806,True,False,False,False,consumer_pod0_proc1_20250628_233440_363302.csv
2845044,synthetic_4,90,1750889489.3232288,1751153680.360206,264191.0369772911,1751153683.034392,2.6741862297058105,1751153683.8216188,264194.49838995934,True,False,False,False,consumer_pod0_proc1_20250628_233440_363302.csv
2845054,synthetic_4,105,1750889489.3234136,1751153680.3602123,264191.0367987156,1751153683.034392,2.674179792404175,1751153683.8216188,264194.49820518494,True,False,False,False,consumer_pod0_proc1_20250628_233440_363302.csv
2845064,synthetic_4,91,1750889489.3236058,1751153680.3602183,264191.0366127491,1751153683.034392,2.6741738319396973,1751153683.8216188,264194.49801301956,True,False,False,False,consumer_pod0_proc1_20250628_233440_363302.csv
2845074,synthetic_4,90,1750889489.3237894,1751153680.360225,264191.0364356041,1751153683.034392,2.6741671562194824,1751153683.8216188,264194.49782943726,True,False,False,False,consumer_pod0_proc1_20250628_233440_363302.csv
2845084,synthetic_4,98,1750889489.3239772,1751153680.360231,264191.0362536907,1751153683.034392,2.674161195755005,1751153683.8216188,264194.4976415634,True,False,False,False,consumer_pod0_proc1_20250628_233440_363302.csv
2845094,synthetic_4,89,1750889489.324157,1751153680.3602374,264191.0360803604,1751153683.034392,2.674154758453369,1751153683.8216188,264194.4974617958,True,False,False,False,consumer_pod0_proc1_20250628_233440_363302.csv
2845104,synthetic_4,90,1750889489.3243597,1751153680.3602438,264191.0358841419,1751153683.034392,2.6741483211517334,1751153683.8216188,264194.49725914,True,False,False,False,consumer_pod0_proc1_20250628_233440_363302.csv
2845114,synthetic_4,96,1750889489.324757,1751153680.3602498,264191.0354924202,1751153683.034392,2.674142360687256,1751153683.8216188,264194.49686169624,True,False,False,False,consumer_pod0_proc1_20250628_233440_363302.csv
2845124,synthetic_4,90,1750889489.3249254,1751153680.3602564,264191.0353310108,1751153683.034392,2.674135684967041,1751153683.8216188,264194.4966933727,True,False,False,False,consumer_pod0_proc1_20250628_233440_363302.csv
2845134,synthetic_4,94,1750889489.325112,1751153680.3602629,264191.0351507664,1751153683.034392,2.6741292476654053,1751153683.8216188,264194.496506691,True,False,False,False,consumer_pod0_proc1_20250628_233440_363302.csv
2845144,synthetic_4,104,1750889489.3253002,1751153680.3602693,264191.0349690914,1751153683.034392,2.674122810363769,1751153683.8216188,264194.4963185787,True,False,False,False,consumer_pod0_proc1_20250628_233440_363302.csv
2845154,synthetic_4,83,1750889489.3254695,1751153680.3602755,264191.0348060131,1751153683.034392,2.674116611480713,1751153683.8216188,264194.4961493015,True,False,False,False,consumer_pod0_proc1_20250628_233440_363302.csv
2845164,synthetic_4,80,1750889489.325626,1751153680.360282,264191.0346560478,1751153683.034392,2.674110174179077,1751153683.8216188,264194.49599289894,True,False,False,False,consumer_pod0_proc1_20250628_233440_363302.csv
2845174,synthetic_4,103,1750889489.3257816,1751153680.3602877,264191.03450608253,1751153683.034392,2.6741044521331787,1751153683.8216188,264194.4958372116,True,False,False,False,consumer_pod0_proc1_20250628_233440_363302.csv
2845184,synthetic_4,84,1750889489.3259313,1751153680.360294,264191.03436279297,1751153683.034392,2.674098014831543,1751153683.8216188,264194.49568748474,True,False,False,False,consumer_pod0_proc1_20250628_233440_363302.csv
2845194,synthetic_4,98,1750889489.3260822,1751153680.3603003,264191.0342183113,1751153683.034392,2.6740918159484863,1751153683.8216188,264194.4955365658,True,False,False,False,consumer_pod0_proc1_20250628_233440_363302.csv
2845204,synthetic_4,96,1750889489.3262355,1751153680.3603067,264191.03407120705,1751153683.034392,2.6740853786468506,1751153683.8216188,264194.49538326263,True,False,False,False,consumer_pod0_proc1_20250628_233440_363302.csv
2845214,synthetic_4,89,1750889489.3263862,1751153680.3603132,264191.0339269638,1751153683.034392,2.674078941345215,1751153683.8216188,264194.4952325821,True,False,False,False,consumer_pod0_proc1_20250628_233440_363302.csv
2845224,synthetic_4,84,1750889489.3265364,1751153680.3603194,264191.033782959,1751153683.034392,2.674072742462158,1751153683.8216188,264194.4950823784,True,False,False,False,consumer_pod0_proc1_20250628_233440_363302.csv
2845234,synthetic_4,104,1750889489.3266828,1751153680.360325,264191.03364253044,1751153683.034392,2.67406702041626,1751153683.8216188,264194.4949359894,True,False,False,False,consumer_pod0_proc1_20250628_233440_363302.csv
2845244,synthetic_4,89,1750889489.3268304,1751153680.3603318,264191.03350138664,1751153683.034392,2.674060344696045,1751153683.8216188,264194.4947884083,True,False,False,False,consumer_pod0_proc1_20250628_233440_363302.csv
2845254,synthetic_4,96,1750889489.32699,1751153680.360338,264191.0333480835,1751153683.034392,2.6740541458129883,1751153683.8216188,264194.49462890625,True,False,False,False,consumer_pod0_proc1_20250628_233440_363302.csv
2845264,synthetic_4,90,1750889489.32714,1751153680.3603442,264191.0332043171,1751153683.034392,2.674047946929932,1751153683.8216188,264194.49447870255,True,False,False,False,consumer_pod0_proc1_20250628_233440_363302.csv
2845274,synthetic_4,96,1750889489.3272908,1751153680.3603504,264191.033059597,1751153683.034392,2.674041748046875,1751153683.8216188,264194.494328022,True,False,False,False,consumer_pod0_proc1_20250628_233440_363302.csv
2845284,synthetic_4,97,1750889489.3274417,1751153680.3603568,264191.03291511536,1751153683.034392,2.6740353107452397,1751153683.8216188,264194.49417710304,True,False,False,False,consumer_pod0_proc1_20250628_233440_363302.csv
2845294,synthetic_4,97,1750889489.3275886,1751153680.360363,264191.0327744484,1751153683.034392,2.6740291118621826,1751153683.8216188,264194.4940302372,True,False,False,False,consumer_pod0_proc1_20250628_233440_363302.csv
2845304,synthetic_4,97,1750889489.327737,1751153680.3603692,264191.0326318741,1751153683.034392,2.674022912979126,1751153683.8216188,264194.4938817024,True,False,False,False,consumer_pod0_proc1_20250628_233440_363302.csv
2845314,synthetic_4,90,1750889489.3278892,1751153680.3603754,264191.03248620033,1751153683.034392,2.6740167140960693,1751153683.8216188,264194.49372959137,True,False,False,False,consumer_pod0_proc1_20250628_233440_363302.csv
2845324,synthetic_4,97,1750889489.3280418,1751153680.3603814,264191.0323395729,1751153683.034392,2.674010753631592,1751153683.8216188,264194.4935770035,True,False,False,False,consumer_pod0_proc1_20250628_233440_363302.csv
2845334,synthetic_4,96,1750889489.3281932,1751153680.3603878,264191.0321946144,1751153683.034392,2.674004316329956,1751153683.8216188,264194.4934256077,True,False,False,False,consumer_pod0_proc1_20250628_233440_363302.csv
2845344,synthetic_4,98,1750889489.3283448,1751153680.3603945,264191.0320496559,1751153683.034392,2.673997640609741,1751153683.8216188,264194.49327397346,True,False,False,False,consumer_pod0_proc1_20250628_233440_363302.csv
2845354,synthetic_4,83,1750889489.4166503,1751153680.360401,264190.94375038147,1751153683.034392,2.673991203308105,1751153683.8216188,264194.40496850014,True,False,False,False,consumer_pod0_proc1_20250628_233440_363302.csv
2845364,synthetic_4,90,1750889489.4169157,1751153680.3604069,264190.9434912205,1751153683.034392,2.673985242843628,1751153683.8216188,264194.40470314026,True,False,False,False,consumer_pod0_proc1_20250628_233440_363302.csv
2845374,synthetic_4,83,1750889489.4172597,1751153680.3604128,264190.94315338135,1751153683.034392,2.6739792823791504,1751153683.8216188,264194.40435910225,True,False,False,False,consumer_pod0_proc1_20250628_233440_363302.csv
2845384,synthetic_4,97,1750889489.417516,1751153680.3604193,264190.94290328026,1751153683.034392,2.673972845077514,1751153683.8216188,264194.4041028023,True,False,False,False,consumer_pod0_proc1_20250628_233440_363302.csv
2845394,synthetic_4,83,1750889489.417791,1751153680.3604257,264190.94263482094,1751153683.034392,2.673966407775879,1751153683.8216188,264194.40382790565,True,False,False,False,consumer_pod0_proc1_20250628_233440_363302.csv
2845404,synthetic_4,102,1750889489.418197,1751153680.360432,264190.942234993,1751153683.034392,2.6739602088928223,1751153683.8216188,264194.4034218788,True,False,False,False,consumer_pod0_proc1_20250628_233440_363302.csv
2845414,synthetic_4,104,1750889489.4184797,1751153680.3604383,264190.94195866585,1751153683.034392,2.6739537715911865,1751153683.8216188,264194.4031391144,True,False,False,False,consumer_pod0_proc1_20250628_233440_363302.csv
2845424,synthetic_4,97,1750889489.418745,1751153680.3604448,264190.94169974327,1751153683.034392,2.673947334289551,1751153683.8216188,264194.4028737545,True,False,False,False,consumer_pod0_proc1_20250628_233440_363302.csv
2845434,synthetic_4,97,1750889489.4190197,1751153680.360451,264190.94143128395,1751153683.034392,2.673941135406494,1751153683.8216188,264194.4025990963,True,False,False,False,consumer_pod0_proc1_20250628_233440_363302.csv
2845444,synthetic_4,83,1750889489.4193466,1751153680.3604572,264190.94111061096,1751153683.034392,2.673934936523437,1751153683.8216188,264194.4022722244,True,False,False,False,consumer_pod0_proc1_20250628_233440_363302.csv
2845454,synthetic_4,104,1750889489.419642,1751153680.3604631,264190.9408211708,1751153683.034392,2.67392897605896,1751153683.8216188,264194.4019768238,True,False,False,False,consumer_pod0_proc1_20250628_233440_363302.csv
2845464,synthetic_4,83,1750889489.419921,1751153680.3604696,264190.9405486584,1751153683.034392,2.673922538757324,1751153683.8216188,264194.40169787407,True,False,False,False,consumer_pod0_proc1_20250628_233440_363302.csv
2845474,synthetic_4,96,1750889489.420206,1751153680.3604958,264190.9402897358,1751153683.034392,2.673896312713623,1751153683.8216188,264194.40141272545,True,False,False,False,consumer_pod0_proc1_20250628_233440_363302.csv
2845484,synthetic_4,90,1750889489.4205155,1751153680.3605022,264190.9399867058,1751153683.034392,2.6738898754119877,1751153683.8216188,264194.40110325813,True,False,False,False,consumer_pod0_proc1_20250628_233440_363302.csv
2845494,synthetic_4,83,1750889489.420806,1751153680.360509,264190.9397029877,1751153683.034392,2.6738831996917725,1751153683.8216188,264194.4008128643,True,False,False,False,consumer_pod0_proc1_20250628_233440_363302.csv
2845504,synthetic_4,105,1750889489.4211652,1751153680.3605149,264190.93934965134,1751153683.034392,2.673877239227295,1751153683.8216188,264194.4004535675,True,False,False,False,consumer_pod0_proc1_20250628_233440_363302.csv
2845514,synthetic_4,91,1750889489.4214382,1751153680.360521,264190.93908286095,1751153683.034392,2.6738710403442383,1751153683.8216188,264194.40018057823,True,False,False,False,consumer_pod0_proc1_20250628_233440_363302.csv
2845524,synthetic_4,87,1750889489.421901,1751153680.360527,264190.93862605095,1751153683.034392,2.6738650798797607,1751153683.8216188,264194.39971780777,True,False,False,False,consumer_pod0_proc1_20250628_233440_363302.csv
2845534,synthetic_4,83,1750889489.4221957,1751153680.3605332,264190.93833756447,1751153683.034392,2.673858880996704,1751153683.8216188,264194.3994231224,True,False,False,False,consumer_pod0_proc1_20250628_233440_363302.csv
2845544,synthetic_4,95,1750889489.4224775,1751153680.3605392,264190.9380614757,1751153683.034392,2.6738529205322266,1751153683.8216188,264194.39914131165,True,False,False,False,consumer_pod0_proc1_20250628_233440_363302.csv
2845554,synthetic_4,83,1750889489.4227607,1751153680.3605454,264190.9377846718,1751153683.034392,2.67384672164917,1751153683.8216188,264194.3988580704,True,False,False,False,consumer_pod0_proc1_20250628_233440_363302.csv
2845564,synthetic_4,84,1750889489.4230974,1751153680.3605514,264190.9374539852,1751153683.034392,2.6738407611846924,1751153683.8216188,264194.39852142334,True,False,False,False,consumer_pod0_proc1_20250628_233440_363302.csv
2847004,synthetic_4,100,1750889489.82374,1751153680.3605576,264190.53681755066,1751153683.034392,2.673834562301636,1751153683.8216188,264193.9978787899,True,False,False,False,consumer_pod0_proc1_20250628_233440_363302.csv
2847014,synthetic_4,91,1750889489.8241158,1751153680.3605638,264190.53644800186,1751153683.034392,2.673828363418579,1751153683.8216188,264193.9975030422,True,False,False,False,consumer_pod0_proc1_20250628_233440_363302.csv
2847024,synthetic_4,84,1750889489.8244555,1751153680.36057,264190.53611421585,1751153683.034392,2.6738221645355225,1751153683.8216188,264193.99716329575,True,False,False,False,consumer_pod0_proc1_20250628_233440_363302.csv
2847034,synthetic_4,105,1750889489.8247845,1751153680.3605762,264190.53579187393,1751153683.034392,2.673815965652466,1751153683.8216188,264193.9968342781,True,False,False,False,consumer_pod0_proc1_20250628_233440_363302.csv
2847044,synthetic_4,95,1750889489.8251154,1751153680.360583,264190.53546762466,1751153683.034392,2.673809051513672,1751153683.8216188,264193.9965033531,True,False,False,False,consumer_pod0_proc1_20250628_233440_363302.csv
2847054,synthetic_4,89,1750889489.825445,1751153680.3605895,264190.5351448059,1751153683.034392,2.673802614212036,1751153683.8216188,264193.99617385864,True,False,False,False,consumer_pod0_proc1_20250628_233440_363302.csv
2847064,synthetic_4,91,1750889489.8259604,1751153680.3605962,264190.53463578224,1751153683.034392,2.6737959384918213,1751153683.8216188,264193.9956583977,True,False,False,False,consumer_pod0_proc1_20250628_233440_363302.csv
2847074,synthetic_4,89,1750889489.8262036,1751153680.3606024,264190.5343987942,1751153683.034392,2.6737897396087646,1751153683.8216188,264193.9954152107,True,False,False,False,consumer_pod0_proc1_20250628_233440_363302.csv
2847084,synthetic_4,105,1750889489.8264446,1751153680.3606086,264190.5341639519,1751153683.034392,2.673783540725708,1751153683.8216188,264193.99517416954,True,False,False,False,consumer_pod0_proc1_20250628_233440_363302.csv
2847094,synthetic_4,81,1750889489.826679,1751153680.3606153,264190.53393626213,1751153683.034392,2.673776865005493,1751153683.8216188,264193.9949398041,True,False,False,False,consumer_pod0_proc1_20250628_233440_363302.csv
2847104,synthetic_4,105,1750889489.8269222,1751153680.3606212,264190.53369903564,1751153683.034392,2.673770904541016,1751153683.8216188,264193.9946966171,True,False,False,False,consumer_pod0_proc1_20250628_233440_363302.csv
2847114,synthetic_4,96,1750889489.8271675,1751153680.360628,264190.5334601402,1751153683.034392,2.673764228820801,1751153683.8216188,264193.9944512844,True,False,False,False,consumer_pod0_proc1_20250628_233440_363302.csv
2847124,synthetic_4,82,1750889489.8273957,1751153680.3606343,264190.53323864937,1751153683.034392,2.673757791519165,1751153683.8216188,264193.9942231178,True,False,False,False,consumer_pod0_proc1_20250628_233440_363302.csv
2847134,synthetic_4,84,1750889489.8276267,1751153680.3606403,264190.53301382065,1751153683.034392,2.6737518310546875,1751153683.8216188,264193.9939920902,True,False,False,False,consumer_pod0_proc1_20250628_233440_363302.csv
2847144,synthetic_4,82,1750889489.827852,1751153680.3606465,264190.5327944756,1751153683.034392,2.673745632171631,1751153683.8216188,264193.99376678467,True,False,False,False,consumer_pod0_proc1_20250628_233440_363302.csv
2847154,synthetic_4,104,1750889489.8281026,1751153680.3606532,264190.53255057335,1751153683.034392,2.673738956451416,1751153683.8216188,264193.99351620674,True,False,False,False,consumer_pod0_proc1_20250628_233440_363302.csv
2847164,synthetic_4,105,1750889489.8283489,1751153680.3606594,264190.53231048584,1751153683.034392,2.67373275756836,1751153683.8216188,264193.99326992035,True,False,False,False,consumer_pod0_proc1_20250628_233440_363302.csv
2847174,synthetic_4,104,1750889489.8286142,1751153680.360666,264190.5320518017,1751153683.034392,2.6737260818481445,1751153683.8216188,264193.99300456047,True,False,False,False,consumer_pod0_proc1_20250628_233440_363302.csv
2847184,synthetic_4,89,1750889489.828872,1751153680.3606725,264190.5318005085,1751153683.034392,2.673719644546509,1751153683.8216188,264193.99274683,True,False,False,False,consumer_pod0_proc1_20250628_233440_363302.csv
2847194,synthetic_4,105,1750889489.8291326,1751153680.360679,264190.5315461159,1751153683.034392,2.673713207244873,1751153683.8216188,264193.9924862385,True,False,False,False,consumer_pod0_proc1_20250628_233440_363302.csv
2847204,synthetic_4,97,1750889489.8293805,1751153680.360685,264190.5313050747,1751153683.034392,2.6737070083618164,1751153683.8216188,264193.99223828316,True,False,False,False,consumer_pod0_proc1_20250628_233440_363302.csv
2847214,synthetic_4,82,1750889489.829642,1751153680.3606915,264190.53104949,1751153683.034392,2.6737005710601807,1751153683.8216188,264193.991976738,True,False,False,False,consumer_pod0_proc1_20250628_233440_363302.csv
2847224,synthetic_4,80,1750889489.829891,1751153680.3606975,264190.53080677986,1751153683.034392,2.673694610595703,1751153683.8216188,264193.991727829,True,False,False,False,consumer_pod0_proc1_20250628_233440_363302.csv
2847234,synthetic_4,103,1750889489.8301787,1751153680.360704,264190.5305252075,1751153683.034392,2.6736881732940674,1751153683.8216188,264193.99144005775,True,False,False,False,consumer_pod0_proc1_20250628_233440_363302.csv
2847244,synthetic_4,80,1750889489.83044,1751153680.3607104,264190.53027033806,1751153683.034392,2.673681735992432,1751153683.8216188,264193.991178751,True,False,False,False,consumer_pod0_proc1_20250628_233440_363302.csv
2847254,synthetic_4,100,1750889489.830682,1751153680.360716,264190.53003406525,1751153683.034392,2.673676013946533,1751153683.8216188,264193.99093675613,True,False,False,False,consumer_pod0_proc1_20250628_233440_363302.csv
2847264,synthetic_4,105,1750889489.8309667,1751153680.3607223,264190.5297558308,1751153683.034392,2.673669815063477,1751153683.8216188,264193.99065208435,True,False,False,False,consumer_pod0_proc1_20250628_233440_363302.csv
2847274,synthetic_4,90,1750889489.831224,1751153680.3607287,264190.529504776,1751153683.034392,2.673663377761841,1751153683.8216188,264193.9903948307,True,False,False,False,consumer_pod0_proc1_20250628_233440_363302.csv
2847284,synthetic_4,97,1750889489.8314831,1751153680.3607347,264190.52925157547,1751153683.034392,2.6736574172973637,1751153683.8216188,264193.9901356697,True,False,False,False,consumer_pod0_proc1_20250628_233440_363302.csv
2847294,synthetic_4,104,1750889489.8317273,1751153680.360741,264190.5290136337,1751153683.034392,2.673651218414306,1751153683.8216188,264193.9898915291,True,False,False,False,consumer_pod0_proc1_20250628_233440_363302.csv
2847304,synthetic_4,82,1750889489.8319557,1751153680.3607476,264190.52879190445,1751153683.034392,2.673644542694092,1751153683.8216188,264193.9896631241,True,False,False,False,consumer_pod0_proc1_20250628_233440_363302.csv
2847314,synthetic_4,104,1750889489.8321972,1751153680.3607538,264190.5285565853,1751153683.034392,2.673638343811035,1751153683.8216188,264193.98942160606,True,False,False,False,consumer_pod0_proc1_20250628_233440_363302.csv
2847324,synthetic_4,88,1750889489.832439,1751153680.3607595,264190.52832078934,1751153683.034392,2.6736326217651367,1751153683.8216188,264193.9891798496,True,False,False,False,consumer_pod0_proc1_20250628_233440_363302.csv
2729634,synthetic_4,84,1750889490.2324438,1751153680.360766,264190.1283221245,1751153683.034392,2.673626184463501,1751153683.8216188,264193.5891749859,True,True,False,False,consumer_pod0_proc1_20250628_233440_363302.csv
2729644,synthetic_4,100,1750889490.240864,1751153680.360772,264190.1199080944,1751153683.034392,2.6736202239990234,1751153683.8216188,264193.5807547569,True,False,False,False,consumer_pod0_proc1_20250628_233440_363302.csv
2729654,synthetic_4,84,1750889490.2410316,1751153680.3607786,264190.11974692345,1751153683.034392,2.6736135482788086,1751153683.8216188,264193.58058714867,True,False,False,False,consumer_pod0_proc1_20250628_233440_363302.csv
2729664,synthetic_4,102,1750889490.241189,1751153680.360785,264190.1195960045,1751153683.034392,2.673607110977173,1751153683.8216188,264193.5804297924,True,False,False,False,consumer_pod0_proc1_20250628_233440_363302.csv
2729674,synthetic_4,97,1750889490.2413616,1751153680.360791,264190.1194293499,1751153683.034392,2.6736011505126958,1751153683.8216188,264193.58025717735,True,False,False,False,consumer_pod0_proc1_20250628_233440_363302.csv
2729684,synthetic_4,105,1750889490.241542,1751153680.3607972,264190.11925530434,1751153683.034392,2.6735949516296387,1751153683.8216188,264193.5800766945,True,False,False,False,consumer_pod0_proc1_20250628_233440_363302.csv
2729694,synthetic_4,98,1750889490.2418473,1751153680.3608034,264190.118956089,1751153683.034392,2.673588752746582,1751153683.8216188,264193.5797715187,True,False,False,False,consumer_pod0_proc1_20250628_233440_363302.csv
2729704,synthetic_4,104,1750889490.2420394,1751153680.36081,264190.11877059937,1751153683.034392,2.673582077026367,1751153683.8216188,264193.57957935333,True,False,False,False,consumer_pod0_proc1_20250628_233440_363302.csv
2729714,synthetic_4,90,1750889490.242232,1751153680.3608162,264190.11858415604,1751153683.034392,2.6735758781433105,1751153683.8216188,264193.5793867111,True,False,False,False,consumer_pod0_proc1_20250628_233440_363302.csv
2729724,synthetic_4,97,1750889490.2424054,1751153680.3608222,264190.1184167862,1751153683.034392,2.673569917678833,1751153683.8216188,264193.5792133808,True,False,False,False,consumer_pod0_proc1_20250628_233440_363302.csv
2729734,synthetic_4,90,1750889490.2425897,1751153680.3608284,264190.1182386875,1751153683.034392,2.6735637187957764,1751153683.8216188,264193.57902908325,True,False,False,False,consumer_pod0_proc1_20250628_233440_363302.csv
2729744,synthetic_4,95,1750889490.2427566,1751153680.3608346,264190.1180779934,1751153683.034392,2.67355751991272,1751153683.8216188,264193.57886219025,True,False,False,False,consumer_pod0_proc1_20250628_233440_363302.csv
2729754,synthetic_4,96,1750889490.242937,1751153680.3608418,264190.11790442467,1751153683.034392,2.6735503673553467,1751153683.8216188,264193.5786817074,True,False,False,False,consumer_pod0_proc1_20250628_233440_363302.csv
2729764,synthetic_4,90,1750889490.2430997,1751153680.360848,264190.1177482605,1751153683.034392,2.67354416847229,1751153683.8216188,264193.5785191059,True,False,False,False,consumer_pod0_proc1_20250628_233440_363302.csv
2729774,synthetic_4,97,1750889490.2432668,1751153680.360854,264190.11758708954,1751153683.034392,2.6735382080078125,1751153683.8216188,264193.5783519745,True,False,False,False,consumer_pod0_proc1_20250628_233440_363302.csv
2729784,synthetic_4,84,1750889490.2434485,1751153680.36086,264190.11741161346,1751153683.034392,2.673532009124756,1751153683.8216188,264193.57817029953,True,False,False,False,consumer_pod0_proc1_20250628_233440_363302.csv
2729794,synthetic_4,105,1750889490.2436242,1751153680.3608663,264190.11724209785,1751153683.034392,2.673525810241699,1751153683.8216188,264193.57799458504,True,False,False,False,consumer_pod0_proc1_20250628_233440_363302.csv
2729804,synthetic_4,103,1750889490.2437973,1751153680.3608727,264190.11707544327,1751153683.034392,2.6735193729400635,1751153683.8216188,264193.57782149315,True,False,False,False,consumer_pod0_proc1_20250628_233440_363302.csv
2729814,synthetic_4,105,1750889490.2439806,1751153680.3608794,264190.1168987751,1751153683.034392,2.6735126972198486,1751153683.8216188,264193.57763814926,True,False,False,False,consumer_pod0_proc1_20250628_233440_363302.csv
2729824,synthetic_4,103,1750889490.244174,1751153680.360886,264190.1167120933,1751153683.034392,2.673506021499634,1751153683.8216188,264193.5774447918,True,False,False,False,consumer_pod0_proc1_20250628_233440_363302.csv
2729834,synthetic_4,96,1750889490.244383,1751153680.3608923,264190.11650919914,1751153683.034392,2.673499822616577,1751153683.8216188,264193.5772356987,True,False,False,False,consumer_pod0_proc1_20250628_233440_363302.csv
2729844,synthetic_4,103,1750889490.2446363,1751153680.360899,264190.11626267433,1751153683.034392,2.6734931468963623,1751153683.8216188,264193.57698249817,True,False,False,False,consumer_pod0_proc1_20250628_233440_363302.csv
2729854,synthetic_4,90,1750889490.2449603,1751153680.3609056,264190.1159451008,1751153683.034392,2.6734864711761475,1751153683.8216188,264193.5766584873,True,False,False,False,consumer_pod0_proc1_20250628_233440_363302.csv
2729864,synthetic_4,84,1750889490.2451286,1751153680.360912,264190.115783453,1751153683.034392,2.673480033874512,1751153683.8216188,264193.5764901638,True,False,False,False,consumer_pod0_proc1_20250628_233440_363302.csv
2729874,synthetic_4,103,1750889490.2453315,1751153680.3609183,264190.1155869961,1751153683.034392,2.673473834991455,1751153683.8216188,264193.5762872696,True,False,False,False,consumer_pod0_proc1_20250628_233440_363302.csv
2729884,synthetic_4,91,1750889490.2455115,1751153680.360925,264190.1154134273,1751153683.034392,2.67346715927124,1751153683.8216188,264193.57610726357,True,False,False,False,consumer_pod0_proc1_20250628_233440_363302.csv
2729894,synthetic_4,90,1750889490.245689,1751153680.3609312,264190.1152422428,1751153683.034392,2.673460960388184,1751153683.8216188,264193.57592988014,True,False,False,False,consumer_pod0_proc1_20250628_233440_363302.csv
2729904,synthetic_4,101,1750889490.24588,1751153680.360937,264190.11505723,1751153683.034392,2.673454999923706,1751153683.8216188,264193.57573890686,True,False,False,False,consumer_pod0_proc1_20250628_233440_363302.csv
2729914,synthetic_4,104,1750889490.2460785,1751153680.3609436,264190.11486530304,1751153683.034392,2.6734485626220703,1751153683.8216188,264193.5755403042,True,False,False,False,consumer_pod0_proc1_20250628_233440_363302.csv
2729924,synthetic_4,83,1750889490.246399,1751153680.3609502,264190.11455130577,1751153683.034392,2.6734418869018555,1751153683.8216188,264193.5752198696,True,False,False,False,consumer_pod0_proc1_20250628_233440_363302.csv
2729934,synthetic_4,90,1750889490.246557,1751153680.3609564,264190.11439943314,1751153683.034392,2.673435688018799,1751153683.8216188,264193.5750617981,True,False,False,False,consumer_pod0_proc1_20250628_233440_363302.csv
2729944,synthetic_4,104,1750889490.246729,1751153680.3609626,264190.11423397064,1751153683.034392,2.673429489135742,1751153683.8216188,264193.5748898983,True,False,False,False,consumer_pod0_proc1_20250628_233440_363302.csv
2729954,synthetic_4,96,1750889490.246891,1751153680.3609695,264190.1140785217,1751153683.034392,2.673422574996948,1751153683.8216188,264193.57472777367,True,False,False,False,consumer_pod0_proc1_20250628_233440_363302.csv
2729964,synthetic_4,90,1750889490.2470524,1751153680.360976,264190.11392354965,1751153683.034392,2.6734161376953125,1751153683.8216188,264193.5745663643,True,False,False,False,consumer_pod0_proc1_20250628_233440_363302.csv
2729974,synthetic_4,104,1750889490.2474697,1751153680.360982,264190.1135122776,1751153683.034392,2.673410177230835,1751153683.8216188,264193.5741491318,True,False,False,False,consumer_pod0_proc1_20250628_233440_363302.csv
2729984,synthetic_4,102,1750889490.247611,1751153680.3609889,264190.1133778095,1751153683.034392,2.673403263092041,1751153683.8216188,264193.57400774956,True,False,False,False,consumer_pod0_proc1_20250628_233440_363302.csv
2729994,synthetic_4,83,1750889490.247753,1751153680.3609955,264190.1132428646,1751153683.034392,2.673396587371826,1751153683.8216188,264193.5738658905,True,False,False,False,consumer_pod0_proc1_20250628_233440_363302.csv
2730004,synthetic_4,90,1750889490.2479043,1751153680.3610015,264190.11309719086,1751153683.034392,2.6733906269073486,1751153683.8216188,264193.5737144947,True,False,False,False,consumer_pod0_proc1_20250628_233440_363302.csv
2730014,synthetic_4,83,1750889490.2480483,1751153680.361008,264190.1129593849,1751153683.034392,2.673384189605713,1751153683.8216188,264193.5735704899,True,False,False,False,consumer_pod0_proc1_20250628_233440_363302.csv
2730024,synthetic_4,103,1750889490.2481909,1751153680.3610146,264190.11282372475,1751153683.034392,2.673377513885498,1751153683.8216188,264193.5734279156,True,False,False,False,consumer_pod0_proc1_20250628_233440_363302.csv
2730034,synthetic_4,98,1750889490.2483318,1751153680.361021,264190.11268925667,1751153683.034392,2.6733710765838623,1751153683.8216188,264193.5732870102,True,False,False,False,consumer_pod0_proc1_20250628_233440_363302.csv
2730044,synthetic_4,89,1750889490.316579,1751153680.3610277,264190.0444481373,1751153683.034392,2.6733644008636475,1751153683.8216188,264193.5050396919,True,False,False,False,consumer_pod0_proc1_20250628_233440_363302.csv
2730054,synthetic_4,84,1750889490.3183124,1751153680.3610337,264190.0427212715,1751153683.034392,2.67335844039917,1751153683.8216188,264193.50330638885,True,False,False,False,consumer_pod0_proc1_20250628_233440_363302.csv
2730064,synthetic_4,90,1750889490.318607,1751153680.36104,264190.04243278503,1751153683.034392,2.673352003097534,1751153683.8216188,264193.5030117035,True,False,False,False,consumer_pod0_proc1_20250628_233440_363302.csv
2730074,synthetic_4,89,1750889490.3188124,1751153680.361046,264190.0422337055,1751153683.034392,2.6733460426330566,1751153683.8216188,264193.5028064251,True,False,False,False,consumer_pod0_proc1_20250628_233440_363302.csv
2730084,synthetic_4,84,1750889490.3189895,1751153680.3610525,264190.0420627594,1751153683.034392,2.673339605331421,1751153683.8216188,264193.5026292801,True,False,False,False,consumer_pod0_proc1_20250628_233440_363302.csv
2730094,synthetic_4,84,1750889490.3191817,1751153680.3610592,264190.04187750816,1751153683.034392,2.673332929611206,1751153683.8216188,264193.5024371147,True,False,False,False,consumer_pod0_proc1_20250628_233440_363302.csv
2730104,synthetic_4,96,1750889490.319383,1751153680.3610654,264190.0416827202,1751153683.034392,2.6733267307281494,1751153683.8216188,264193.50223588943,True,False,False,False,consumer_pod0_proc1_20250628_233440_363302.csv
2730114,synthetic_4,83,1750889490.319582,1751153680.3610723,264190.0414903164,1751153683.034392,2.6733198165893555,1751153683.8216188,264193.5020368099,True,False,False,False,consumer_pod0_proc1_20250628_233440_363302.csv
2730124,synthetic_4,97,1750889490.3197737,1751153680.3610797,264190.04130601883,1751153683.034392,2.6733124256134038,1751153683.8216188,264193.5018451214,True,False,False,False,consumer_pod0_proc1_20250628_233440_363302.csv
2730134,synthetic_4,104,1750889490.3199663,1751153680.3610866,264190.0411202908,1751153683.034392,2.6733055114746094,1751153683.8216188,264193.5016524792,True,False,False,False,consumer_pod0_proc1_20250628_233440_363302.csv
2730144,synthetic_4,89,1750889490.3201456,1751153680.3610933,264190.0409476757,1751153683.034392,2.6732988357543945,1751153683.8216188,264193.5014731884,True,False,False,False,consumer_pod0_proc1_20250628_233440_363302.csv
2730154,synthetic_4,95,1750889490.3203423,1751153680.3611002,264190.0407576561,1751153683.034392,2.6732919216156006,1751153683.8216188,264193.5012764931,True,False,False,False,consumer_pod0_proc1_20250628_233440_363302.csv
2730164,synthetic_4,98,1750889490.3205955,1751153680.3611069,264190.0405111313,1751153683.034392,2.6732852458953857,1751153683.8216188,264193.50102329254,True,False,False,False,consumer_pod0_proc1_20250628_233440_363302.csv
2730174,synthetic_4,96,1750889490.320789,1751153680.3611138,264190.040324688,1751153683.034392,2.673278331756592,1751153683.8216188,264193.50082969666,True,False,False,False,consumer_pod0_proc1_20250628_233440_363302.csv
2730184,synthetic_4,97,1750889490.3209746,1751153680.3611205,264190.040145874,1751153683.034392,2.673271656036377,1751153683.8216188,264193.500644207,True,False,False,False,consumer_pod0_proc1_20250628_233440_363302.csv
2730194,synthetic_4,84,1750889490.3211772,1751153680.3611271,264190.03994989395,1751153683.034392,2.673264980316162,1751153683.8216188,264193.5004415512,True,False,False,False,consumer_pod0_proc1_20250628_233440_363302.csv
2730204,synthetic_4,83,1750889490.3213692,1751153680.3611338,264190.0397646427,1751153683.034392,2.6732583045959477,1751153683.8216188,264193.50024962425,True,False,False,False,consumer_pod0_proc1_20250628_233440_363302.csv
2730214,synthetic_4,82,1750889490.3215995,1751153680.36114,264190.03954052925,1751153683.034392,2.67325210571289,1751153683.8216188,264193.5000193119,True,False,False,False,consumer_pod0_proc1_20250628_233440_363302.csv
2730224,synthetic_4,105,1750889490.3218348,1751153680.3611465,264190.0393116474,1751153683.034392,2.673245668411255,1751153683.8216188,264193.49978399277,True,False,False,False,consumer_pod0_proc1_20250628_233440_363302.csv
2730234,synthetic_4,104,1750889490.322045,1751153680.3611534,264190.03910803795,1751153683.034392,2.673238754272461,1751153683.8216188,264193.4995737076,True,False,False,False,consumer_pod0_proc1_20250628_233440_363302.csv
2730244,synthetic_4,100,1750889490.3222337,1751153680.3611605,264190.0389268398,1751153683.034392,2.673231601715088,1751153683.8216188,264193.4993851185,True,False,False,False,consumer_pod0_proc1_20250628_233440_363302.csv
2730254,synthetic_4,82,1750889490.322438,1751153680.3611674,264190.03872942924,1751153683.034392,2.673224687576294,1751153683.8216188,264193.49918079376,True,False,False,False,consumer_pod0_proc1_20250628_233440_363302.csv
2730264,synthetic_4,90,1750889490.3226216,1751153680.361174,264190.03855228424,1751153683.034392,2.673218011856079,1751153683.8216188,264193.49899721146,True,False,False,False,consumer_pod0_proc1_20250628_233440_363302.csv
2730274,synthetic_4,95,1750889490.3228216,1751153680.3611798,264190.0383582115,1751153683.034392,2.6732122898101807,1751153683.8216188,264193.49879717827,True,False,False,False,consumer_pod0_proc1_20250628_233440_363302.csv
2730284,synthetic_4,89,1750889490.323015,1751153680.3611865,264190.03817152977,1751153683.034392,2.673205614089966,1751153683.8216188,264193.4986038208,True,False,False,False,consumer_pod0_proc1_20250628_233440_363302.csv
2730294,synthetic_4,91,1750889490.323203,1751153680.361193,264190.0379896164,1751153683.034392,2.67319917678833,1751153683.8216188,264193.49841570854,True,False,False,False,consumer_pod0_proc1_20250628_233440_363302.csv
2730304,synthetic_4,90,1750889490.323379,1751153680.3611996,264190.0378205776,1751153683.034392,2.6731925010681152,1751153683.8216188,264193.49823975563,True,False,False,False,consumer_pod0_proc1_20250628_233440_363302.csv
2730314,synthetic_4,82,1750889490.3235705,1751153680.361206,264190.0376358032,1751153683.034392,2.6731860637664795,1751153683.8216188,264193.4980483055,True,False,False,False,consumer_pod0_proc1_20250628_233440_363302.csv
2730324,synthetic_4,97,1750889490.323763,1751153680.3612125,264190.0374493599,1751153683.034392,2.673179626464844,1751153683.8216188,264193.4978559017,True,False,False,False,consumer_pod0_proc1_20250628_233440_363302.csv
2730334,synthetic_4,89,1750889490.323942,1751153680.3612185,264190.0372765064,1751153683.034392,2.673173666000366,1751153683.8216188,264193.49767684937,True,False,False,False,consumer_pod0_proc1_20250628_233440_363302.csv
2730344,synthetic_4,82,1750889490.3240943,1751153680.361225,264190.03713035583,1751153683.034392,2.6731672286987305,1751153683.8216188,264193.4975244999,True,False,False,False,consumer_pod0_proc1_20250628_233440_363302.csv
2730354,synthetic_4,98,1750889490.3242626,1751153680.361231,264190.03696870804,1751153683.034392,2.673161029815674,1751153683.8216188,264193.4973561764,True,False,False,False,consumer_pod0_proc1_20250628_233440_363302.csv
2730364,synthetic_4,91,1750889490.3244233,1751153680.3612378,264190.0368144512,1751153683.034392,2.673154354095459,1751153683.8216188,264193.49719548225,True,False,False,False,consumer_pod0_proc1_20250628_233440_363302.csv
2730374,synthetic_4,90,1750889490.4197986,1751153680.3612444,264189.9414458275,1751153683.034392,2.673147678375244,1751153683.8216188,264193.4018201828,True,False,False,False,consumer_pod0_proc1_20250628_233440_363302.csv
2730384,synthetic_4,102,1750889490.4199605,1751153680.3612509,264189.94129037857,1751153683.034392,2.6731412410736084,1751153683.8216188,264193.4016582966,True,False,False,False,consumer_pod0_proc1_20250628_233440_363302.csv
2730394,synthetic_4,103,1750889490.4201188,1751153680.3612576,264189.94113874435,1751153683.034392,2.6731345653533936,1751153683.8216188,264193.40149998665,True,False,False,False,consumer_pod0_proc1_20250628_233440_363302.csv
2730404,synthetic_4,105,1750889490.4203825,1751153680.3612645,264189.940882206,1751153683.034392,2.6731276512146,1751153683.8216188,264193.4012362957,True,False,False,False,consumer_pod0_proc1_20250628_233440_363302.csv
2730414,synthetic_4,104,1750889490.420608,1751153680.3612711,264189.9406630993,1751153683.034392,2.6731209754943848,1751153683.8216188,264193.4010107517,True,False,False,False,consumer_pod0_proc1_20250628_233440_363302.csv
2730424,synthetic_4,103,1750889490.4208698,1751153680.361277,264189.9404075146,1751153683.034392,2.6731150150299072,1751153683.8216188,264193.4007489681,True,False,False,False,consumer_pod0_proc1_20250628_233440_363302.csv
2730434,synthetic_4,83,1750889490.4210277,1751153680.3612845,264189.9402565956,1751153683.034392,2.673107624053955,1751153683.8216188,264193.400591135,True,False,False,False,consumer_pod0_proc1_20250628_233440_363302.csv
2730444,synthetic_4,84,1750889490.4212286,1751153680.361291,264189.94006228447,1751153683.034392,2.67310118675232,1751153683.8216188,264193.40039014816,True,False,False,False,consumer_pod0_proc1_20250628_233440_363302.csv
2730454,synthetic_4,97,1750889490.4214318,1751153680.3612974,264189.93986558914,1751153683.034392,2.673094749450684,1751153683.8216188,264193.40018701553,True,False,False,False,consumer_pod0_proc1_20250628_233440_363302.csv
2730464,synthetic_4,90,1750889490.421623,1751153680.361304,264189.9396810532,1751153683.034392,2.6730880737304688,1751153683.8216188,264193.39999580383,True,False,False,False,consumer_pod0_proc1_20250628_233440_363302.csv
2730474,synthetic_4,104,1750889490.4218028,1751153680.3613105,264189.93950772285,1751153683.034392,2.673081636428833,1751153683.8216188,264193.3998160362,True,False,False,False,consumer_pod0_proc1_20250628_233440_363302.csv
2730484,synthetic_4,96,1750889490.422024,1751153680.3613174,264189.9392933845,1751153683.034392,2.673074722290039,1751153683.8216188,264193.3995947838,True,False,False,False,consumer_pod0_proc1_20250628_233440_363302.csv
2730494,synthetic_4,98,1750889490.4222915,1751153680.3613248,264189.9390332699,1751153683.034392,2.673067331314087,1751153683.8216188,264193.39932727814,True,False,False,False,consumer_pod0_proc1_20250628_233440_363302.csv
2730504,synthetic_4,83,1750889490.4224927,1751153680.3613317,264189.9388387203,1751153683.034392,2.673060417175293,1751153683.8216188,264193.39912605286,True,False,False,False,consumer_pod0_proc1_20250628_233440_363302.csv
2730514,synthetic_4,88,1750889490.422704,1751153680.361338,264189.9386339188,1751153683.034392,2.6730542182922363,1751153683.8216188,264193.398914814,True,False,False,False,consumer_pod0_proc1_20250628_233440_363302.csv
2730524,synthetic_4,82,1750889490.422931,1751153680.361344,264189.9384131432,1751153683.034392,2.67304801940918,1751153683.8216188,264193.3986878395,True,False,False,False,consumer_pod0_proc1_20250628_233440_363302.csv
2730534,synthetic_4,104,1750889490.423144,1751153680.3613503,264189.93820643425,1751153683.034392,2.673041820526123,1751153683.8216188,264193.3984746933,True,False,False,False,consumer_pod0_proc1_20250628_233440_363302.csv
2730544,synthetic_4,103,1750889490.423387,1751153680.361357,264189.937969923,1751153683.034392,2.673035144805908,1751153683.8216188,264193.39823174477,True,False,False,False,consumer_pod0_proc1_20250628_233440_363302.csv
2730554,synthetic_4,105,1750889490.4236088,1751153680.3613636,264189.93775486946,1751153683.034392,2.6730284690856934,1751153683.8216188,264193.3980100155,True,False,False,False,consumer_pod0_proc1_20250628_233440_363302.csv
2730564,synthetic_4,84,1750889490.4238253,1751153680.3613703,264189.9375450611,1751153683.034392,2.6730217933654785,1751153683.8216188,264193.3977935314,True,False,False,False,consumer_pod0_proc1_20250628_233440_363302.csv
2730574,synthetic_4,98,1750889490.4240289,1751153680.3613768,264189.93734788895,1751153683.034392,2.6730153560638428,1751153683.8216188,264193.39758992195,True,False,False,False,consumer_pod0_proc1_20250628_233440_363302.csv
2730584,synthetic_4,91,1750889490.4242196,1751153680.3613832,264189.9371635914,1751153683.034392,2.673008918762207,1751153683.8216188,264193.3973991871,True,False,False,False,consumer_pod0_proc1_20250628_233440_363302.csv
2730594,synthetic_4,83,1750889490.4244058,1751153680.3613894,264189.93698358536,1751153683.034392,2.6730027198791504,1751153683.8216188,264193.3972129822,True,False,False,False,consumer_pod0_proc1_20250628_233440_363302.csv
2730604,synthetic_4,91,1750889490.4246662,1751153680.3613956,264189.93672943115,1751153683.034392,2.6729965209960938,1751153683.8216188,264193.3969526291,True,False,False,False,consumer_pod0_proc1_20250628_233440_363302.csv
2730614,synthetic_4,91,1750889490.4248743,1751153680.3614025,264189.93652772903,1751153683.034392,2.6729896068573,1751153683.8216188,264193.39674448967,True,False,False,False,consumer_pod0_proc1_20250628_233440_363302.csv
2730624,synthetic_4,105,1750889490.4251895,1751153680.3614085,264189.93621873856,1751153683.034392,2.6729836463928223,1751153683.8216188,264193.3964293003,True,False,False,False,consumer_pod0_proc1_20250628_233440_363302.csv
2730634,synthetic_4,89,1750889490.425454,1751153680.3614151,264189.9359610081,1751153683.034392,2.6729769706726074,1751153683.8216188,264193.3961648941,True,False,False,False,consumer_pod0_proc1_20250628_233440_363302.csv
2730644,synthetic_4,91,1750889490.4256396,1751153680.3614216,264189.9357819557,1751153683.034392,2.672970533370972,1751153683.8216188,264193.39597916603,True,False,False,False,consumer_pod0_proc1_20250628_233440_363302.csv
2730654,synthetic_4,103,1750889490.4258091,1751153680.3614285,264189.93561911583,1751153683.034392,2.6729636192321777,1751153683.8216188,264193.3958096504,True,False,False,False,consumer_pod0_proc1_20250628_233440_363302.csv
2730664,synthetic_4,84,1750889490.4259589,1751153680.3614352,264189.9354763031,1751153683.034392,2.672956943511963,1751153683.8216188,264193.39565992355,True,False,False,False,consumer_pod0_proc1_20250628_233440_363302.csv
2730674,synthetic_4,84,1750889490.4261048,1751153680.3614416,264189.93533682823,1751153683.034392,2.672950506210327,1751153683.8216188,264193.3955140114,True,False,False,False,consumer_pod0_proc1_20250628_233440_363302.csv
2730684,synthetic_4,97,1750889490.4262545,1751153680.3614476,264189.93519330025,1751153683.034392,2.6729445457458496,1751153683.8216188,264193.3953642845,True,False,False,False,consumer_pod0_proc1_20250628_233440_363302.csv
2730694,synthetic_4,91,1750889490.426396,1751153680.3614542,264189.9350581169,1751153683.034392,2.6729378700256348,1751153683.8216188,264193.3952229023,True,False,False,False,consumer_pod0_proc1_20250628_233440_363302.csv
2730704,synthetic_4,103,1750889490.4267223,1751153680.3614607,264189.9347383976,1751153683.034392,2.672931432723999,1751153683.8216188,264193.39489650726,True,False,False,False,consumer_pod0_proc1_20250628_233440_363302.csv
2730714,synthetic_4,105,1750889490.4268684,1751153680.3614674,264189.9345989228,1751153683.034392,2.672924757003784,1751153683.8216188,264193.3947503567,True,False,False,False,consumer_pod0_proc1_20250628_233440_363302.csv
2730724,synthetic_4,104,1750889490.4270155,1751153680.361474,264189.9344584942,1751153683.034392,2.6729180812835693,1751153683.8216188,264193.3946032524,True,False,False,False,consumer_pod0_proc1_20250628_233440_363302.csv
2730734,synthetic_4,84,1750889490.4271617,1751153680.3614805,264189.9343190193,1751153683.034392,2.6729116439819336,1751153683.8216188,264193.3944571018,True,False,False,False,consumer_pod0_proc1_20250628_233440_363302.csv
2730744,synthetic_4,100,1750889490.427304,1751153680.361487,264189.9341826439,1751153683.034392,2.672905206680298,1751153683.8216188,264193.39431476593,True,False,False,False,consumer_pod0_proc1_20250628_233440_363302.csv
2730754,synthetic_4,91,1750889490.4274478,1751153680.361493,264189.9340453148,1751153683.034392,2.672899007797241,1751153683.8216188,264193.3941709995,True,False,False,False,consumer_pod0_proc1_20250628_233440_363302.csv
2730764,synthetic_4,88,1750889490.427591,1751153680.3614993,264189.9339079857,1751153683.034392,2.672892808914185,1751153683.8216188,264193.39402770996,True,False,False,False,consumer_pod0_proc1_20250628_233440_363302.csv
2730774,synthetic_4,82,1750889490.42774,1751153680.3615055,264189.9337654114,1751153683.034392,2.672886610031128,1751153683.8216188,264193.39387869835,True,False,False,False,consumer_pod0_proc1_20250628_233440_363302.csv
2730784,synthetic_4,84,1750889490.4278872,1751153680.361512,264189.9336247444,1751153683.034392,2.672880172729492,1751153683.8216188,264193.3937315941,True,False,False,False,consumer_pod0_proc1_20250628_233440_363302.csv
2730794,synthetic_4,97,1750889490.4280317,1751153680.3615186,264189.9334869385,1751153683.034392,2.6728734970092773,1751153683.8216188,264193.3935871124,True,False,False,False,consumer_pod0_proc1_20250628_233440_363302.csv
2730804,synthetic_4,82,1750889490.4281845,1751153680.361525,264189.9333407879,1751153683.034392,2.6728670597076416,1751153683.8216188,264193.3934342861,True,False,False,False,consumer_pod0_proc1_20250628_233440_363302.csv
2730814,synthetic_4,95,1750889490.4283352,1751153680.3615315,264189.9331963062,1751153683.034392,2.672860622406006,1751153683.8216188,264193.3932836056,True,False,False,False,consumer_pod0_proc1_20250628_233440_363302.csv
2730824,synthetic_4,91,1750889490.5192523,1751153680.3615377,264189.84228539467,1751153683.034392,2.672854423522949,1751153683.8216188,264193.30236649513,True,False,False,False,consumer_pod0_proc1_20250628_233440_363302.csv
2730834,synthetic_4,103,1750889490.5199058,1751153680.361544,264189.84163832664,1751153683.034392,2.6728482246398926,1751153683.8216188,264193.3017129898,True,False,False,False,consumer_pod0_proc1_20250628_233440_363302.csv
2730844,synthetic_4,104,1750889490.520208,1751153680.3615506,264189.8413426876,1751153683.034392,2.6728415489196777,1751153683.8216188,264193.30141091347,True,False,False,False,consumer_pod0_proc1_20250628_233440_363302.csv
2730854,synthetic_4,83,1750889490.520574,1751153680.361557,264189.8409831524,1751153683.034392,2.672835111618042,1751153683.8216188,264193.30104470253,True,False,False,False,consumer_pod0_proc1_20250628_233440_363302.csv
2730864,synthetic_4,104,1750889490.5210297,1751153680.3615632,264189.8405334949,1751153683.034392,2.6728289127349854,1751153683.8216188,264193.3005890846,True,False,False,False,consumer_pod0_proc1_20250628_233440_363302.csv
2730874,synthetic_4,84,1750889490.5213895,1751153680.3615696,264189.8401801586,1751153683.034392,2.6728224754333496,1751153683.8216188,264193.300229311,True,False,False,False,consumer_pod0_proc1_20250628_233440_363302.csv
2730884,synthetic_4,83,1750889490.5217805,1751153680.3615758,264189.839795351,1751153683.034392,2.672816276550293,1751153683.8216188,264193.2998383045,True,False,False,False,consumer_pod0_proc1_20250628_233440_363302.csv
2730894,synthetic_4,97,1750889490.5221062,1751153680.3615825,264189.8394761085,1751153683.034392,2.672809600830078,1751153683.8216188,264193.29951262474,True,False,False,False,consumer_pod0_proc1_20250628_233440_363302.csv
2730904,synthetic_4,89,1750889490.5224578,1751153680.3615885,264189.83913064003,1751153683.034392,2.6728036403656006,1751153683.8216188,264193.29916095734,True,False,False,False,consumer_pod0_proc1_20250628_233440_363302.csv
2730914,synthetic_4,103,1750889490.5228186,1751153680.3615952,264189.83877658844,1751153683.034392,2.6727969646453857,1751153683.8216188,264193.29880023,True,False,False,False,consumer_pod0_proc1_20250628_233440_363302.csv
2730924,synthetic_4,80,1750889490.523195,1751153680.3616016,264189.8384065628,1751153683.034392,2.67279052734375,1751153683.8216188,264193.2984237671,True,False,False,False,consumer_pod0_proc1_20250628_233440_363302.csv
2730934,synthetic_4,105,1750889490.5235586,1751153680.361608,264189.8380494118,1751153683.034392,2.6727840900421143,1751153683.8216188,264193.29806017876,True,False,False,False,consumer_pod0_proc1_20250628_233440_363302.csv
2730944,synthetic_4,96,1750889490.523939,1751153680.361615,264189.8376760483,1751153683.034392,2.6727771759033203,1751153683.8216188,264193.2976799011,True,False,False,False,consumer_pod0_proc1_20250628_233440_363302.csv
2730954,synthetic_4,104,1750889490.5242462,1751153680.3616211,264189.8373749256,1751153683.034392,2.672770977020264,1751153683.8216188,264193.2973725796,True,False,False,False,consumer_pod0_proc1_20250628_233440_363302.csv
2730964,synthetic_4,83,1750889490.5246367,1751153680.3616278,264189.8369910717,1751153683.034392,2.672764301300049,1751153683.8216188,264193.29698204994,True,False,False,False,consumer_pod0_proc1_20250628_233440_363302.csv
2730974,synthetic_4,83,1750889490.5249972,1751153680.3616338,264189.8366365433,1751153683.034392,2.6727583408355717,1751153683.8216188,264193.29662156105,True,False,False,False,consumer_pod0_proc1_20250628_233440_363302.csv
2730984,synthetic_4,102,1750889490.5253854,1751153680.3616402,264189.8362548351,1751153683.034392,2.6727519035339355,1751153683.8216188,264193.2962334156,True,False,False,False,consumer_pod0_proc1_20250628_233440_363302.csv
2730994,synthetic_4,91,1750889490.5256736,1751153680.361647,264189.8359732628,1751153683.034392,2.6727452278137207,1751153683.8216188,264193.29594516754,True,False,False,False,consumer_pod0_proc1_20250628_233440_363302.csv
2731004,synthetic_4,91,1750889490.5259526,1751153680.361653,264189.83570075035,1751153683.034392,2.672739028930664,1751153683.8216188,264193.2956662178,True,False,False,False,consumer_pod0_proc1_20250628_233440_363302.csv
2731014,synthetic_4,90,1750889490.5261602,1751153680.3616598,264189.83549952507,1751153683.034392,2.672732353210449,1751153683.8216188,264193.2954585552,True,False,False,False,consumer_pod0_proc1_20250628_233440_363302.csv
2731024,synthetic_4,83,1750889490.526363,1751153680.3616655,264189.83530282974,1751153683.034392,2.672726631164551,1751153683.8216188,264193.29525589943,True,False,False,False,consumer_pod0_proc1_20250628_233440_363302.csv
2731034,synthetic_4,105,1750889490.5267465,1751153680.3616717,264189.83492541313,1751153683.034392,2.672720432281494,1751153683.8216188,264193.29487228394,True,False,False,False,consumer_pod0_proc1_20250628_233440_363302.csv
2731044,synthetic_4,97,1750889490.52695,1751153680.361678,264189.83472800255,1751153683.034392,2.672714233398437,1751153683.8216188,264193.2946689129,True,False,False,False,consumer_pod0_proc1_20250628_233440_363302.csv
2731054,synthetic_4,91,1750889490.5271506,1751153680.3616843,264189.8345336914,1751153683.034392,2.6727077960968018,1751153683.8216188,264193.29446816444,True,False,False,False,consumer_pod0_proc1_20250628_233440_363302.csv
2731064,synthetic_4,97,1750889490.527352,1751153680.361691,264189.8343389034,1751153683.034392,2.672701120376587,1751153683.8216188,264193.29426670074,True,False,False,False,consumer_pod0_proc1_20250628_233440_363302.csv
2731074,synthetic_4,96,1750889490.527598,1751153680.361697,264189.83409905434,1751153683.034392,2.6726951599121094,1751153683.8216188,264193.2940208912,True,False,False,False,consumer_pod0_proc1_20250628_233440_363302.csv
2731084,synthetic_4,104,1750889490.527805,1751153680.3617032,264189.8338980675,1751153683.034392,2.6726889610290527,1751153683.8216188,264193.29381370544,True,False,False,False,consumer_pod0_proc1_20250628_233440_363302.csv
2731094,synthetic_4,104,1750889490.5280044,1751153680.3617096,264189.83370518684,1751153683.034392,2.672682523727417,1751153683.8216188,264193.2936143875,True,False,False,False,consumer_pod0_proc1_20250628_233440_363302.csv
2731104,synthetic_4,104,1750889490.5282145,1751153680.3617165,264189.8335018158,1751153683.034392,2.672675609588623,1751153683.8216188,264193.29340434074,True,False,False,False,consumer_pod0_proc1_20250628_233440_363302.csv
2731114,synthetic_4,95,1750889490.528428,1751153680.3617227,264189.83329463005,1751153683.034392,2.6726694107055664,1751153683.8216188,264193.2931907177,True,False,False,False,consumer_pod0_proc1_20250628_233440_363302.csv
2731124,synthetic_4,83,1750889490.6184075,1751153680.361729,264189.7433214188,1751153683.034392,2.6726632118225098,1751153683.8216188,264193.2032113075,True,False,False,False,consumer_pod0_proc1_20250628_233440_363302.csv
2731134,synthetic_4,98,1750889490.6188192,1751153680.361735,264189.7429158688,1751153683.034392,2.672657012939453,1751153683.8216188,264193.20279955864,True,False,False,False,consumer_pod0_proc1_20250628_233440_363302.csv
2731144,synthetic_4,83,1750889490.6189904,1751153680.3617413,264189.7427508831,1751153683.034392,2.6726508140563965,1751153683.8216188,264193.2026283741,True,False,False,False,consumer_pod0_proc1_20250628_233440_363302.csv
2731154,synthetic_4,97,1750889490.619186,1751153680.3617475,264189.74256157875,1751153683.034392,2.67264461517334,1751153683.8216188,264193.20243287086,True,False,False,False,consumer_pod0_proc1_20250628_233440_363302.csv
2731164,synthetic_4,87,1750889490.61937,1751153680.3617542,264189.7423841953,1751153683.034392,2.672637939453125,1751153683.8216188,264193.2022488117,True,False,False,False,consumer_pod0_proc1_20250628_233440_363302.csv
2731174,synthetic_4,95,1750889490.619551,1751153680.36176,264189.7422091961,1751153683.034392,2.6726322174072266,1751153683.8216188,264193.202067852,True,False,False,False,consumer_pod0_proc1_20250628_233440_363302.csv
2731184,synthetic_4,96,1750889490.6197622,1751153680.3617663,264189.7420041561,1751153683.034392,2.672625780105591,1751153683.8216188,264193.20185661316,True,False,False,False,consumer_pod0_proc1_20250628_233440_363302.csv
2731194,synthetic_4,98,1750889490.6199565,1751153680.3617728,264189.7418162823,1751153683.034392,2.672619342803955,1751153683.8216188,264193.201662302,True,False,False,False,consumer_pod0_proc1_20250628_233440_363302.csv
2731204,synthetic_4,105,1750889490.6202755,1751153680.3617792,264189.7415037155,1751153683.034392,2.67261290550232,1751153683.8216188,264193.20134329796,True,False,False,False,consumer_pod0_proc1_20250628_233440_363302.csv
2731214,synthetic_4,96,1750889490.6205149,1751153680.3617857,264189.74127078056,1751153683.034392,2.672606468200684,1751153683.8216188,264193.2011039257,True,False,False,False,consumer_pod0_proc1_20250628_233440_363302.csv
2731224,synthetic_4,98,1750889490.6207547,1751153680.3617923,264189.7410376072,1751153683.034392,2.6725997924804688,1751153683.8216188,264193.2008640766,True,False,False,False,consumer_pod0_proc1_20250628_233440_363302.csv
2731234,synthetic_4,96,1750889490.620937,1751153680.3617988,264189.7408616543,1751153683.034392,2.672593355178833,1751153683.8216188,264193.2006816864,True,False,False,False,consumer_pod0_proc1_20250628_233440_363302.csv
2731244,synthetic_4,103,1750889490.6211455,1751153680.3618047,264189.7406592369,1751153683.034392,2.6725873947143555,1751153683.8216188,264193.20047330856,True,False,False,False,consumer_pod0_proc1_20250628_233440_363302.csv
2731254,synthetic_4,83,1750889490.6213248,1751153680.3618114,264189.74048662186,1751153683.034392,2.6725807189941406,1751153683.8216188,264193.2002940178,True,False,False,False,consumer_pod0_proc1_20250628_233440_363302.csv
2731264,synthetic_4,89,1750889490.6215358,1751153680.3618176,264189.7402818203,1751153683.034392,2.672574520111084,1751153683.8216188,264193.20008301735,True,False,False,False,consumer_pod0_proc1_20250628_233440_363302.csv
2731274,synthetic_4,89,1750889490.6217277,1751153680.361824,264189.74009656906,1751153683.034392,2.672568082809448,1751153683.8216188,264193.1998910904,True,False,False,False,consumer_pod0_proc1_20250628_233440_363302.csv
2731284,synthetic_4,81,1750889490.621903,1751153680.3618305,264189.7399275303,1751153683.034392,2.6725616455078125,1751153683.8216188,264193.19971585274,True,False,False,False,consumer_pod0_proc1_20250628_233440_363302.csv
2731294,synthetic_4,97,1750889490.6222565,1751153680.3618364,264189.7395801544,1751153683.034392,2.672555685043335,1751153683.8216188,264193.199362278,True,False,False,False,consumer_pod0_proc1_20250628_233440_363302.csv
2731304,synthetic_4,103,1750889490.6224692,1751153680.361843,264189.73937392235,1751153683.034392,2.67254900932312,1751153683.8216188,264193.1991496086,True,False,False,False,consumer_pod0_proc1_20250628_233440_363302.csv
2731314,synthetic_4,97,1750889490.6226652,1751153680.3618495,264189.7391843796,1751153683.034392,2.6725425720214844,1751153683.8216188,264193.19895362854,True,False,False,False,consumer_pod0_proc1_20250628_233440_363302.csv
2731324,synthetic_4,95,1750889490.622837,1751153680.361856,264189.7390189171,1751153683.034392,2.6725361347198486,1751153683.8216188,264193.19878172874,True,False,False,False,consumer_pod0_proc1_20250628_233440_363302.csv
2731334,synthetic_4,81,1750889490.6230214,1751153680.3618624,264189.7388410568,1751153683.034392,2.672529697418213,1751153683.8216188,264193.1985974312,True,False,False,False,consumer_pod0_proc1_20250628_233440_363302.csv
2731344,synthetic_4,97,1750889490.6231947,1751153680.3618686,264189.7386739254,1751153683.034392,2.672523498535156,1751153683.8216188,264193.1984241009,True,False,False,False,consumer_pod0_proc1_20250628_233440_363302.csv
2731354,synthetic_4,104,1750889490.6233437,1751153680.3618753,264189.7385318279,1751153683.034392,2.6725168228149414,1751153683.8216188,264193.19827508926,True,False,False,False,consumer_pod0_proc1_20250628_233440_363302.csv
2731364,synthetic_4,91,1750889490.6235633,1751153680.361882,264189.7383186817,1751153683.034392,2.6725101470947266,1751153683.8216188,264193.19805550575,True,False,False,False,consumer_pod0_proc1_20250628_233440_363302.csv
2849054,synthetic_4,84,1750889490.7175174,1751153680.3618882,264189.6443707943,1751153683.034392,2.67250394821167,1751153683.8216188,264193.10410141945,True,False,False,False,consumer_pod0_proc1_20250628_233440_363302.csv
2849064,synthetic_4,83,1750889490.7189417,1751153680.3618944,264189.642952919,1751153683.034392,2.6724977493286133,1751153683.8216188,264193.10267710686,True,False,False,False,consumer_pod0_proc1_20250628_233440_363302.csv
2731374,synthetic_4,105,1750889490.6237218,1751153680.3619008,264189.73817896843,1751153683.034392,2.672491312026977,1751153683.8216188,264193.1978969574,True,True,False,False,consumer_pod0_proc1_20250628_233440_363302.csv
2731384,synthetic_4,83,1750889490.623873,1751153680.3619075,264189.7380344868,1751153683.034392,2.6724846363067627,1751153683.8216188,264193.1977458,True,False,False,False,consumer_pod0_proc1_20250628_233440_363302.csv
2849074,synthetic_4,97,1750889490.7191305,1751153680.361914,264189.6427834034,1751153683.034392,2.672478199005127,1751153683.8216188,264193.10248827934,True,False,False,False,consumer_pod0_proc1_20250628_233440_363302.csv
